:0200000460009A
:100000004643464200000156000000000101020084
:1000100000000000000000000000000000000000E0
:1000200000000000000000000000000000000000D0
:1000300000000000000000000000000000000000C0
:1000400000000000010406010000000000000000A4
:100050000000800000000000000000000000000020
:100060000000000000000000000000000000000090
:100070000000000000000000000000000000000080
:10008000EB04180AFF1E04320126000000000000E5
:100090000000000000000000000000000000000060
:1000A0000000000000000000000000000000000050
:1000B0000000000000000000000000000000000040
:1000C0000000000000000000000000000000000030
:1000D0000000000000000000000000000000000020
:1000E0000000000000000000000000000000000010
:1000F0000000000000000000000000000000000000
:1001000000000000000000000000000000000000EF
:1001100000000000000000000000000000000000DF
:1001200000000000000000000000000000000000CF
:1001300000000000000000000000000000000000BF
:1001400000000000000000000000000000000000AF
:10015000000000000000000000000000000000009F
:10016000000000000000000000000000000000008F
:10017000000000000000000000000000000000007F
:10018000000000000000000000000000000000006F
:10019000000000000000000000000000000000005F
:1001A000000000000000000000000000000000004F
:1001B000000000000000000000000000000000003F
:1001C000000100000010000001000000000000001D
:1001D000000001000000000000000000000000001E
:1001E000000000000000000000000000000000000F
:1001F00000000000000000000000000000000000FF
:10020000FFFFFFFFFFFFFFFFFFFFFFFFFFFFFFFFFE
:10021000FFFFFFFFFFFFFFFFFFFFFFFFFFFFFFFFEE
:10022000FFFFFFFFFFFFFFFFFFFFFFFFFFFFFFFFDE
:10023000FFFFFFFFFFFFFFFFFFFFFFFFFFFFFFFFCE
:10024000FFFFFFFFFFFFFFFFFFFFFFFFFFFFFFFFBE
:10025000FFFFFFFFFFFFFFFFFFFFFFFFFFFFFFFFAE
:10026000FFFFFFFFFFFFFFFFFFFFFFFFFFFFFFFF9E
:10027000FFFFFFFFFFFFFFFFFFFFFFFFFFFFFFFF8E
:10028000FFFFFFFFFFFFFFFFFFFFFFFFFFFFFFFF7E
:10029000FFFFFFFFFFFFFFFFFFFFFFFFFFFFFFFF6E
:1002A000FFFFFFFFFFFFFFFFFFFFFFFFFFFFFFFF5E
:1002B000FFFFFFFFFFFFFFFFFFFFFFFFFFFFFFFF4E
:1002C000FFFFFFFFFFFFFFFFFFFFFFFFFFFFFFFF3E
:1002D000FFFFFFFFFFFFFFFFFFFFFFFFFFFFFFFF2E
:1002E000FFFFFFFFFFFFFFFFFFFFFFFFFFFFFFFF1E
:1002F000FFFFFFFFFFFFFFFFFFFFFFFFFFFFFFFF0E
:10030000FFFFFFFFFFFFFFFFFFFFFFFFFFFFFFFFFD
:10031000FFFFFFFFFFFFFFFFFFFFFFFFFFFFFFFFED
:10032000FFFFFFFFFFFFFFFFFFFFFFFFFFFFFFFFDD
:10033000FFFFFFFFFFFFFFFFFFFFFFFFFFFFFFFFCD
:10034000FFFFFFFFFFFFFFFFFFFFFFFFFFFFFFFFBD
:10035000FFFFFFFFFFFFFFFFFFFFFFFFFFFFFFFFAD
:10036000FFFFFFFFFFFFFFFFFFFFFFFFFFFFFFFF9D
:10037000FFFFFFFFFFFFFFFFFFFFFFFFFFFFFFFF8D
:10038000FFFFFFFFFFFFFFFFFFFFFFFFFFFFFFFF7D
:10039000FFFFFFFFFFFFFFFFFFFFFFFFFFFFFFFF6D
:1003A000FFFFFFFFFFFFFFFFFFFFFFFFFFFFFFFF5D
:1003B000FFFFFFFFFFFFFFFFFFFFFFFFFFFFFFFF4D
:1003C000FFFFFFFFFFFFFFFFFFFFFFFFFFFFFFFF3D
:1003D000FFFFFFFFFFFFFFFFFFFFFFFFFFFFFFFF2D
:1003E000FFFFFFFFFFFFFFFFFFFFFFFFFFFFFFFF1D
:1003F000FFFFFFFFFFFFFFFFFFFFFFFFFFFFFFFF0D
:10040000FFFFFFFFFFFFFFFFFFFFFFFFFFFFFFFFFC
:10041000FFFFFFFFFFFFFFFFFFFFFFFFFFFFFFFFEC
:10042000FFFFFFFFFFFFFFFFFFFFFFFFFFFFFFFFDC
:10043000FFFFFFFFFFFFFFFFFFFFFFFFFFFFFFFFCC
:10044000FFFFFFFFFFFFFFFFFFFFFFFFFFFFFFFFBC
:10045000FFFFFFFFFFFFFFFFFFFFFFFFFFFFFFFFAC
:10046000FFFFFFFFFFFFFFFFFFFFFFFFFFFFFFFF9C
:10047000FFFFFFFFFFFFFFFFFFFFFFFFFFFFFFFF8C
:10048000FFFFFFFFFFFFFFFFFFFFFFFFFFFFFFFF7C
:10049000FFFFFFFFFFFFFFFFFFFFFFFFFFFFFFFF6C
:1004A000FFFFFFFFFFFFFFFFFFFFFFFFFFFFFFFF5C
:1004B000FFFFFFFFFFFFFFFFFFFFFFFFFFFFFFFF4C
:1004C000FFFFFFFFFFFFFFFFFFFFFFFFFFFFFFFF3C
:1004D000FFFFFFFFFFFFFFFFFFFFFFFFFFFFFFFF2C
:1004E000FFFFFFFFFFFFFFFFFFFFFFFFFFFFFFFF1C
:1004F000FFFFFFFFFFFFFFFFFFFFFFFFFFFFFFFF0C
:10050000FFFFFFFFFFFFFFFFFFFFFFFFFFFFFFFFFB
:10051000FFFFFFFFFFFFFFFFFFFFFFFFFFFFFFFFEB
:10052000FFFFFFFFFFFFFFFFFFFFFFFFFFFFFFFFDB
:10053000FFFFFFFFFFFFFFFFFFFFFFFFFFFFFFFFCB
:10054000FFFFFFFFFFFFFFFFFFFFFFFFFFFFFFFFBB
:10055000FFFFFFFFFFFFFFFFFFFFFFFFFFFFFFFFAB
:10056000FFFFFFFFFFFFFFFFFFFFFFFFFFFFFFFF9B
:10057000FFFFFFFFFFFFFFFFFFFFFFFFFFFFFFFF8B
:10058000FFFFFFFFFFFFFFFFFFFFFFFFFFFFFFFF7B
:10059000FFFFFFFFFFFFFFFFFFFFFFFFFFFFFFFF6B
:1005A000FFFFFFFFFFFFFFFFFFFFFFFFFFFFFFFF5B
:1005B000FFFFFFFFFFFFFFFFFFFFFFFFFFFFFFFF4B
:1005C000FFFFFFFFFFFFFFFFFFFFFFFFFFFFFFFF3B
:1005D000FFFFFFFFFFFFFFFFFFFFFFFFFFFFFFFF2B
:1005E000FFFFFFFFFFFFFFFFFFFFFFFFFFFFFFFF1B
:1005F000FFFFFFFFFFFFFFFFFFFFFFFFFFFFFFFF0B
:10060000FFFFFFFFFFFFFFFFFFFFFFFFFFFFFFFFFA
:10061000FFFFFFFFFFFFFFFFFFFFFFFFFFFFFFFFEA
:10062000FFFFFFFFFFFFFFFFFFFFFFFFFFFFFFFFDA
:10063000FFFFFFFFFFFFFFFFFFFFFFFFFFFFFFFFCA
:10064000FFFFFFFFFFFFFFFFFFFFFFFFFFFFFFFFBA
:10065000FFFFFFFFFFFFFFFFFFFFFFFFFFFFFFFFAA
:10066000FFFFFFFFFFFFFFFFFFFFFFFFFFFFFFFF9A
:10067000FFFFFFFFFFFFFFFFFFFFFFFFFFFFFFFF8A
:10068000FFFFFFFFFFFFFFFFFFFFFFFFFFFFFFFF7A
:10069000FFFFFFFFFFFFFFFFFFFFFFFFFFFFFFFF6A
:1006A000FFFFFFFFFFFFFFFFFFFFFFFFFFFFFFFF5A
:1006B000FFFFFFFFFFFFFFFFFFFFFFFFFFFFFFFF4A
:1006C000FFFFFFFFFFFFFFFFFFFFFFFFFFFFFFFF3A
:1006D000FFFFFFFFFFFFFFFFFFFFFFFFFFFFFFFF2A
:1006E000FFFFFFFFFFFFFFFFFFFFFFFFFFFFFFFF1A
:1006F000FFFFFFFFFFFFFFFFFFFFFFFFFFFFFFFF0A
:10070000FFFFFFFFFFFFFFFFFFFFFFFFFFFFFFFFF9
:10071000FFFFFFFFFFFFFFFFFFFFFFFFFFFFFFFFE9
:10072000FFFFFFFFFFFFFFFFFFFFFFFFFFFFFFFFD9
:10073000FFFFFFFFFFFFFFFFFFFFFFFFFFFFFFFFC9
:10074000FFFFFFFFFFFFFFFFFFFFFFFFFFFFFFFFB9
:10075000FFFFFFFFFFFFFFFFFFFFFFFFFFFFFFFFA9
:10076000FFFFFFFFFFFFFFFFFFFFFFFFFFFFFFFF99
:10077000FFFFFFFFFFFFFFFFFFFFFFFFFFFFFFFF89
:10078000FFFFFFFFFFFFFFFFFFFFFFFFFFFFFFFF79
:10079000FFFFFFFFFFFFFFFFFFFFFFFFFFFFFFFF69
:1007A000FFFFFFFFFFFFFFFFFFFFFFFFFFFFFFFF59
:1007B000FFFFFFFFFFFFFFFFFFFFFFFFFFFFFFFF49
:1007C000FFFFFFFFFFFFFFFFFFFFFFFFFFFFFFFF39
:1007D000FFFFFFFFFFFFFFFFFFFFFFFFFFFFFFFF29
:1007E000FFFFFFFFFFFFFFFFFFFFFFFFFFFFFFFF19
:1007F000FFFFFFFFFFFFFFFFFFFFFFFFFFFFFFFF09
:10080000FFFFFFFFFFFFFFFFFFFFFFFFFFFFFFFFF8
:10081000FFFFFFFFFFFFFFFFFFFFFFFFFFFFFFFFE8
:10082000FFFFFFFFFFFFFFFFFFFFFFFFFFFFFFFFD8
:10083000FFFFFFFFFFFFFFFFFFFFFFFFFFFFFFFFC8
:10084000FFFFFFFFFFFFFFFFFFFFFFFFFFFFFFFFB8
:10085000FFFFFFFFFFFFFFFFFFFFFFFFFFFFFFFFA8
:10086000FFFFFFFFFFFFFFFFFFFFFFFFFFFFFFFF98
:10087000FFFFFFFFFFFFFFFFFFFFFFFFFFFFFFFF88
:10088000FFFFFFFFFFFFFFFFFFFFFFFFFFFFFFFF78
:10089000FFFFFFFFFFFFFFFFFFFFFFFFFFFFFFFF68
:1008A000FFFFFFFFFFFFFFFFFFFFFFFFFFFFFFFF58
:1008B000FFFFFFFFFFFFFFFFFFFFFFFFFFFFFFFF48
:1008C000FFFFFFFFFFFFFFFFFFFFFFFFFFFFFFFF38
:1008D000FFFFFFFFFFFFFFFFFFFFFFFFFFFFFFFF28
:1008E000FFFFFFFFFFFFFFFFFFFFFFFFFFFFFFFF18
:1008F000FFFFFFFFFFFFFFFFFFFFFFFFFFFFFFFF08
:10090000FFFFFFFFFFFFFFFFFFFFFFFFFFFFFFFFF7
:10091000FFFFFFFFFFFFFFFFFFFFFFFFFFFFFFFFE7
:10092000FFFFFFFFFFFFFFFFFFFFFFFFFFFFFFFFD7
:10093000FFFFFFFFFFFFFFFFFFFFFFFFFFFFFFFFC7
:10094000FFFFFFFFFFFFFFFFFFFFFFFFFFFFFFFFB7
:10095000FFFFFFFFFFFFFFFFFFFFFFFFFFFFFFFFA7
:10096000FFFFFFFFFFFFFFFFFFFFFFFFFFFFFFFF97
:10097000FFFFFFFFFFFFFFFFFFFFFFFFFFFFFFFF87
:10098000FFFFFFFFFFFFFFFFFFFFFFFFFFFFFFFF77
:10099000FFFFFFFFFFFFFFFFFFFFFFFFFFFFFFFF67
:1009A000FFFFFFFFFFFFFFFFFFFFFFFFFFFFFFFF57
:1009B000FFFFFFFFFFFFFFFFFFFFFFFFFFFFFFFF47
:1009C000FFFFFFFFFFFFFFFFFFFFFFFFFFFFFFFF37
:1009D000FFFFFFFFFFFFFFFFFFFFFFFFFFFFFFFF27
:1009E000FFFFFFFFFFFFFFFFFFFFFFFFFFFFFFFF17
:1009F000FFFFFFFFFFFFFFFFFFFFFFFFFFFFFFFF07
:100A0000FFFFFFFFFFFFFFFFFFFFFFFFFFFFFFFFF6
:100A1000FFFFFFFFFFFFFFFFFFFFFFFFFFFFFFFFE6
:100A2000FFFFFFFFFFFFFFFFFFFFFFFFFFFFFFFFD6
:100A3000FFFFFFFFFFFFFFFFFFFFFFFFFFFFFFFFC6
:100A4000FFFFFFFFFFFFFFFFFFFFFFFFFFFFFFFFB6
:100A5000FFFFFFFFFFFFFFFFFFFFFFFFFFFFFFFFA6
:100A6000FFFFFFFFFFFFFFFFFFFFFFFFFFFFFFFF96
:100A7000FFFFFFFFFFFFFFFFFFFFFFFFFFFFFFFF86
:100A8000FFFFFFFFFFFFFFFFFFFFFFFFFFFFFFFF76
:100A9000FFFFFFFFFFFFFFFFFFFFFFFFFFFFFFFF66
:100AA000FFFFFFFFFFFFFFFFFFFFFFFFFFFFFFFF56
:100AB000FFFFFFFFFFFFFFFFFFFFFFFFFFFFFFFF46
:100AC000FFFFFFFFFFFFFFFFFFFFFFFFFFFFFFFF36
:100AD000FFFFFFFFFFFFFFFFFFFFFFFFFFFFFFFF26
:100AE000FFFFFFFFFFFFFFFFFFFFFFFFFFFFFFFF16
:100AF000FFFFFFFFFFFFFFFFFFFFFFFFFFFFFFFF06
:100B0000FFFFFFFFFFFFFFFFFFFFFFFFFFFFFFFFF5
:100B1000FFFFFFFFFFFFFFFFFFFFFFFFFFFFFFFFE5
:100B2000FFFFFFFFFFFFFFFFFFFFFFFFFFFFFFFFD5
:100B3000FFFFFFFFFFFFFFFFFFFFFFFFFFFFFFFFC5
:100B4000FFFFFFFFFFFFFFFFFFFFFFFFFFFFFFFFB5
:100B5000FFFFFFFFFFFFFFFFFFFFFFFFFFFFFFFFA5
:100B6000FFFFFFFFFFFFFFFFFFFFFFFFFFFFFFFF95
:100B7000FFFFFFFFFFFFFFFFFFFFFFFFFFFFFFFF85
:100B8000FFFFFFFFFFFFFFFFFFFFFFFFFFFFFFFF75
:100B9000FFFFFFFFFFFFFFFFFFFFFFFFFFFFFFFF65
:100BA000FFFFFFFFFFFFFFFFFFFFFFFFFFFFFFFF55
:100BB000FFFFFFFFFFFFFFFFFFFFFFFFFFFFFFFF45
:100BC000FFFFFFFFFFFFFFFFFFFFFFFFFFFFFFFF35
:100BD000FFFFFFFFFFFFFFFFFFFFFFFFFFFFFFFF25
:100BE000FFFFFFFFFFFFFFFFFFFFFFFFFFFFFFFF15
:100BF000FFFFFFFFFFFFFFFFFFFFFFFFFFFFFFFF05
:100C0000FFFFFFFFFFFFFFFFFFFFFFFFFFFFFFFFF4
:100C1000FFFFFFFFFFFFFFFFFFFFFFFFFFFFFFFFE4
:100C2000FFFFFFFFFFFFFFFFFFFFFFFFFFFFFFFFD4
:100C3000FFFFFFFFFFFFFFFFFFFFFFFFFFFFFFFFC4
:100C4000FFFFFFFFFFFFFFFFFFFFFFFFFFFFFFFFB4
:100C5000FFFFFFFFFFFFFFFFFFFFFFFFFFFFFFFFA4
:100C6000FFFFFFFFFFFFFFFFFFFFFFFFFFFFFFFF94
:100C7000FFFFFFFFFFFFFFFFFFFFFFFFFFFFFFFF84
:100C8000FFFFFFFFFFFFFFFFFFFFFFFFFFFFFFFF74
:100C9000FFFFFFFFFFFFFFFFFFFFFFFFFFFFFFFF64
:100CA000FFFFFFFFFFFFFFFFFFFFFFFFFFFFFFFF54
:100CB000FFFFFFFFFFFFFFFFFFFFFFFFFFFFFFFF44
:100CC000FFFFFFFFFFFFFFFFFFFFFFFFFFFFFFFF34
:100CD000FFFFFFFFFFFFFFFFFFFFFFFFFFFFFFFF24
:100CE000FFFFFFFFFFFFFFFFFFFFFFFFFFFFFFFF14
:100CF000FFFFFFFFFFFFFFFFFFFFFFFFFFFFFFFF04
:100D0000FFFFFFFFFFFFFFFFFFFFFFFFFFFFFFFFF3
:100D1000FFFFFFFFFFFFFFFFFFFFFFFFFFFFFFFFE3
:100D2000FFFFFFFFFFFFFFFFFFFFFFFFFFFFFFFFD3
:100D3000FFFFFFFFFFFFFFFFFFFFFFFFFFFFFFFFC3
:100D4000FFFFFFFFFFFFFFFFFFFFFFFFFFFFFFFFB3
:100D5000FFFFFFFFFFFFFFFFFFFFFFFFFFFFFFFFA3
:100D6000FFFFFFFFFFFFFFFFFFFFFFFFFFFFFFFF93
:100D7000FFFFFFFFFFFFFFFFFFFFFFFFFFFFFFFF83
:100D8000FFFFFFFFFFFFFFFFFFFFFFFFFFFFFFFF73
:100D9000FFFFFFFFFFFFFFFFFFFFFFFFFFFFFFFF63
:100DA000FFFFFFFFFFFFFFFFFFFFFFFFFFFFFFFF53
:100DB000FFFFFFFFFFFFFFFFFFFFFFFFFFFFFFFF43
:100DC000FFFFFFFFFFFFFFFFFFFFFFFFFFFFFFFF33
:100DD000FFFFFFFFFFFFFFFFFFFFFFFFFFFFFFFF23
:100DE000FFFFFFFFFFFFFFFFFFFFFFFFFFFFFFFF13
:100DF000FFFFFFFFFFFFFFFFFFFFFFFFFFFFFFFF03
:100E0000FFFFFFFFFFFFFFFFFFFFFFFFFFFFFFFFF2
:100E1000FFFFFFFFFFFFFFFFFFFFFFFFFFFFFFFFE2
:100E2000FFFFFFFFFFFFFFFFFFFFFFFFFFFFFFFFD2
:100E3000FFFFFFFFFFFFFFFFFFFFFFFFFFFFFFFFC2
:100E4000FFFFFFFFFFFFFFFFFFFFFFFFFFFFFFFFB2
:100E5000FFFFFFFFFFFFFFFFFFFFFFFFFFFFFFFFA2
:100E6000FFFFFFFFFFFFFFFFFFFFFFFFFFFFFFFF92
:100E7000FFFFFFFFFFFFFFFFFFFFFFFFFFFFFFFF82
:100E8000FFFFFFFFFFFFFFFFFFFFFFFFFFFFFFFF72
:100E9000FFFFFFFFFFFFFFFFFFFFFFFFFFFFFFFF62
:100EA000FFFFFFFFFFFFFFFFFFFFFFFFFFFFFFFF52
:100EB000FFFFFFFFFFFFFFFFFFFFFFFFFFFFFFFF42
:100EC000FFFFFFFFFFFFFFFFFFFFFFFFFFFFFFFF32
:100ED000FFFFFFFFFFFFFFFFFFFFFFFFFFFFFFFF22
:100EE000FFFFFFFFFFFFFFFFFFFFFFFFFFFFFFFF12
:100EF000FFFFFFFFFFFFFFFFFFFFFFFFFFFFFFFF02
:100F0000FFFFFFFFFFFFFFFFFFFFFFFFFFFFFFFFF1
:100F1000FFFFFFFFFFFFFFFFFFFFFFFFFFFFFFFFE1
:100F2000FFFFFFFFFFFFFFFFFFFFFFFFFFFFFFFFD1
:100F3000FFFFFFFFFFFFFFFFFFFFFFFFFFFFFFFFC1
:100F4000FFFFFFFFFFFFFFFFFFFFFFFFFFFFFFFFB1
:100F5000FFFFFFFFFFFFFFFFFFFFFFFFFFFFFFFFA1
:100F6000FFFFFFFFFFFFFFFFFFFFFFFFFFFFFFFF91
:100F7000FFFFFFFFFFFFFFFFFFFFFFFFFFFFFFFF81
:100F8000FFFFFFFFFFFFFFFFFFFFFFFFFFFFFFFF71
:100F9000FFFFFFFFFFFFFFFFFFFFFFFFFFFFFFFF61
:100FA000FFFFFFFFFFFFFFFFFFFFFFFFFFFFFFFF51
:100FB000FFFFFFFFFFFFFFFFFFFFFFFFFFFFFFFF41
:100FC000FFFFFFFFFFFFFFFFFFFFFFFFFFFFFFFF31
:100FD000FFFFFFFFFFFFFFFFFFFFFFFFFFFFFFFF21
:100FE000FFFFFFFFFFFFFFFFFFFFFFFFFFFFFFFF11
:100FF000FFFFFFFFFFFFFFFFFFFFFFFFFFFFFFFF01
:10100000D1002043F1150060000000000000000046
:101010002010006000100060002C04600000000040
:10102000000000600038040000000000FFFFFFFF28
:10103000FFFFFFFFFFFFFFFFFFFFFFFFFFFFFFFFC0
:10104000FFFFFFFFFFFFFFFFFFFFFFFFFFFFFFFFB0
:10105000FFFFFFFFFFFFFFFFFFFFFFFFFFFFFFFFA0
:10106000FFFFFFFFFFFFFFFFFFFFFFFFFFFFFFFF90
:10107000FFFFFFFFFFFFFFFFFFFFFFFFFFFFFFFF80
:10108000FFFFFFFFFFFFFFFFFFFFFFFFFFFFFFFF70
:10109000FFFFFFFFFFFFFFFFFFFFFFFFFFFFFFFF60
:1010A000FFFFFFFFFFFFFFFFFFFFFFFFFFFFFFFF50
:1010B000FFFFFFFFFFFFFFFFFFFFFFFFFFFFFFFF40
:1010C000FFFFFFFFFFFFFFFFFFFFFFFFFFFFFFFF30
:1010D000FFFFFFFFFFFFFFFFFFFFFFFFFFFFFFFF20
:1010E000FFFFFFFFFFFFFFFFFFFFFFFFFFFFFFFF10
:1010F000FFFFFFFFFFFFFFFFFFFFFFFFFFFFFFFF00
:10110000FFFFFFFFFFFFFFFFFFFFFFFFFFFFFFFFEF
:10111000FFFFFFFFFFFFFFFFFFFFFFFFFFFFFFFFDF
:10112000FFFFFFFFFFFFFFFFFFFFFFFFFFFFFFFFCF
:10113000FFFFFFFFFFFFFFFFFFFFFFFFFFFFFFFFBF
:10114000FFFFFFFFFFFFFFFFFFFFFFFFFFFFFFFFAF
:10115000FFFFFFFFFFFFFFFFFFFFFFFFFFFFFFFF9F
:10116000FFFFFFFFFFFFFFFFFFFFFFFFFFFFFFFF8F
:10117000FFFFFFFFFFFFFFFFFFFFFFFFFFFFFFFF7F
:10118000FFFFFFFFFFFFFFFFFFFFFFFFFFFFFFFF6F
:10119000FFFFFFFFFFFFFFFFFFFFFFFFFFFFFFFF5F
:1011A000FFFFFFFFFFFFFFFFFFFFFFFFFFFFFFFF4F
:1011B000FFFFFFFFFFFFFFFFFFFFFFFFFFFFFFFF3F
:1011C000FFFFFFFFFFFFFFFFFFFFFFFFFFFFFFFF2F
:1011D000FFFFFFFFFFFFFFFFFFFFFFFFFFFFFFFF1F
:1011E000FFFFFFFFFFFFFFFFFFFFFFFFFFFFFFFF0F
:1011F000FFFFFFFFFFFFFFFFFFFFFFFFFFFFFFFFFF
:10120000FFFFFFFFFFFFFFFFFFFFFFFFFFFFFFFFEE
:10121000FFFFFFFFFFFFFFFFFFFFFFFFFFFFFFFFDE
:10122000FFFFFFFFFFFFFFFFFFFFFFFFFFFFFFFFCE
:10123000FFFFFFFFFFFFFFFFFFFFFFFFFFFFFFFFBE
:10124000FFFFFFFFFFFFFFFFFFFFFFFFFFFFFFFFAE
:10125000FFFFFFFFFFFFFFFFFFFFFFFFFFFFFFFF9E
:10126000FFFFFFFFFFFFFFFFFFFFFFFFFFFFFFFF8E
:10127000FFFFFFFFFFFFFFFFFFFFFFFFFFFFFFFF7E
:10128000FFFFFFFFFFFFFFFFFFFFFFFFFFFFFFFF6E
:10129000FFFFFFFFFFFFFFFFFFFFFFFFFFFFFFFF5E
:1012A000FFFFFFFFFFFFFFFFFFFFFFFFFFFFFFFF4E
:1012B000FFFFFFFFFFFFFFFFFFFFFFFFFFFFFFFF3E
:1012C000FFFFFFFFFFFFFFFFFFFFFFFFFFFFFFFF2E
:1012D000FFFFFFFFFFFFFFFFFFFFFFFFFFFFFFFF1E
:1012E000FFFFFFFFFFFFFFFFFFFFFFFFFFFFFFFF0E
:1012F000FFFFFFFFFFFFFFFFFFFFFFFFFFFFFFFFFE
:10130000FFFFFFFFFFFFFFFFFFFFFFFFFFFFFFFFED
:10131000FFFFFFFFFFFFFFFFFFFFFFFFFFFFFFFFDD
:10132000FFFFFFFFFFFFFFFFFFFFFFFFFFFFFFFFCD
:10133000FFFFFFFFFFFFFFFFFFFFFFFFFFFFFFFFBD
:10134000FFFFFFFFFFFFFFFFFFFFFFFFFFFFFFFFAD
:10135000FFFFFFFFFFFFFFFFFFFFFFFFFFFFFFFF9D
:10136000FFFFFFFFFFFFFFFFFFFFFFFFFFFFFFFF8D
:10137000FFFFFFFFFFFFFFFFFFFFFFFFFFFFFFFF7D
:10138000FFFFFFFFFFFFFFFFFFFFFFFFFFFFFFFF6D
:10139000FFFFFFFFFFFFFFFFFFFFFFFFFFFFFFFF5D
:1013A000FFFFFFFFFFFFFFFFFFFFFFFFFFFFFFFF4D
:1013B000FFFFFFFFFFFFFFFFFFFFFFFFFFFFFFFF3D
:1013C000FFFFFFFFFFFFFFFFFFFFFFFFFFFFFFFF2D
:1013D000FFFFFFFFFFFFFFFFFFFFFFFFFFFFFFFF1D
:1013E000FFFFFFFFFFFFFFFFFFFFFFFFFFFFFFFF0D
:1013F000FFFFFFFFFFFFFFFFFFFFFFFFFFFFFFFFFD
:10140000824205D051F8043B40F8043B8242F9D8AF
:10141000704700BF044A05494FF0000342F8043BFF
:101420009142FBD8704700BFC0960020E0CA002060
:1014300008B5BFF34F8F00F02FFA544C544B0820DF
:101440005449C3F85401544AC3F800115348C3F82F
:10145000F0405349FFF7D4FF524A53495348FFF72E
:10146000CFFF534CFFF7D6FF4FF470004FF0E02151
:101470000023504AC1F8880D44F823200133B02BD3
:10148000FAD14D4B80214D4A03F8011B9342FBD109
:101490004FF0E0254A4E4B4A4FF0FF31C5F8084D5A
:1014A000D5F8243D43F4E023C5F8243DF36923F047
:1014B0007F0343F04003F361736A23F07F0343F03B
:1014C000400373629166D1661167516700F0ECF9D1
:1014D0003D4A3E4BA2636322E36300246A61032317
:1014E0003B4AAC612B61C5F8202DD5F8FC2D394B5A
:1014F00042F080723849C5F8FC2D1A6842F00102AA
:101500001A605B680B6000F09FFB344800F020FD20
:10151000F16E334B334A41F44051F1661C60C3F81D
:101520000841C3F81841C3F82841C3F83841936B08
:10153000DB0708D442F615632B4951651365936B9D
:1015400043F001039363274A284C936843F0011347
:10155000936000F037FA00F01FF900F0F5FC00F09E
:10156000A5FB00F09BF92368132BFCD900F03AFC93
:101570002368B3F5967FFBD300F094F900F090F95F
:1015800000F0DAFC00F0E8FC30BFFDE70C0D1113B1
:1015900000800D401B10182038A70200000000003A
:1015A0002CEC0060C09600206893036000000020CF
:1015B00000940020751C020000E400E0A0E400E0BC
:1015C00000C00F4000C00A40A90B0200110C02002D
:1015D00000002020001000E044CA00200046C32381
:1015E0000040084000400D400000C05648CA00209E
:1015F000054B4FF42A01054A05485A641864054A08
:1016000099639546FFF714FF00C00A40FFAFAAAAEE
:101610000700200000000520044A936B43F04003BC
:101620009363BFF34F8F30BFFDE700BF00400D4015
:1016300008B5134B5A69520613D55A68114942F03E
:1016400000425A600B6803B198470F4B1B684BB1BF
:101650009847012806D020B9094AD36C43F4C02327
:10166000D36408BD064AD36C43F4C023D36472B676
:101670004FF0E0234FF48032C3F88422FFF7CCFF11
:1016800000400D4004A3002010A30020064B1B685F
:101690002BB1064AD36C43F4C023D3647047044B88
:1016A0001B68002BF5D1F9E704A3002000400D4092
:1016B00010A30020134A1449D36C43F4C023D3640D
:1016C0000860A0B14FF0E0234FF480320F4910487A
:1016D000C3F88422C1F800010E49FF2081F83000D0
:1016E000BFF34F8FC3F80421BFF34F8F70470A4BEE
:1016F0001B68002BF8D14FF0E0234FF48032C3F881
:101700008421F1E700400D4004A300200094002054
:101710003116006000E400E010A30020134A1449D1
:10172000D36C43F4C023D3640860A0B14FF0E0232E
:101730004FF480320F491048C3F88422C1F80001E9
:101740000E49FF2081F83000BFF34F8FC3F804210A
:10175000BFF34F8F70470A4B1B68002BF8D14FF037
:10176000E0234FF48032C3F88421F1E700400D40BC
:1017700010A30020009400203116006000E400E077
:1017800004A300204FF0E023024AC3F80C2D30BF21
:10179000FDE700BF0400FA050F4B40F2376C0F4A1B
:1017A000A020D96E41F44031D966D96E41F4407120
:1017B000D966C2F844C09064936C1B06FCD4084AF6
:1017C00040F23761A02351649364936C13F080035B
:1017D000FBD1044A1370704700C00F4000400C401A
:1017E00000800C40ABCA0020294A00210123C2F826
:1017F000A000C2F8A410C2F8B0305369D907FCD5D4
:1018000001234FF4803C22495361C2F8A000C2F882
:10181000A4C0C2F8B0304B69DB07FCD501234FF4FC
:10182000003C1B4A4B61C1F8A000C1F8A4C0C1F83C
:10183000B0305369D907FCD50123DFF858C01449EB
:101840005361C2F8A000C2F8A4C0C2F8B0304B691E
:10185000DB07FCD5D1F8003145F60D504FF0210CD7
:101860009AB2C1F814C0824210D045F69D518A4206
:101870000AD1C3F34253032B08D0A3F10403B3FAF4
:1018800083F35B09180170470020704708207047F8
:1018900000402A4004000300704700BF704700BFAB
:1018A000704700BF00BF70474FF0E02300214FF0AA
:1018B000100C3448C3F8941DC3F89CCD4FF0110CA4
:1018C000C3F8A00D3048C3F89CCD4FF0120CC3F8FC
:1018D000A00D2E48C3F89CCD2D4AC3F8A00DDFF80B
:1018E000D0C042F015022B48C3F89CCDC3F8A00D20
:1018F000DFF8C0C02848C3F89CCDC3F8A00DDFF8BE
:10190000B8C0C3F89C2D2548254AC3F8A0CDC3F81C
:101910009C0DC3F8A02D02F5A022DFF8A0C00C3268
:101920002048C3F89CCDC3F8A02D1F4AC3F89C0DD6
:10193000C3F8A02D02F14062DFF884C002321B48D8
:10194000C3F89CCDC3F8A02D0A32C3F89C0DC3F890
:10195000A02D00BF00BF00BF00BF00BF0122C3F821
:10196000942DBFF34F8FBFF36F8FC3F8501FBFF39A
:101970004F8FBFF36F8FD3F8142D42F44032C3F86A
:10198000142D70473F0000102500080709001000C3
:10199000E0CA0020210002072500081316002020BD
:1019A00027000B13180000602F000B071A0000809F
:1019B0001300200014000020090000101700004050
:1019C0001900007030B5864B85B0DFF874E218223C
:1019D000844D0120C3F85CE28349C3F86052A5F549
:1019E0008055DFF860C2814CC3F864E2C3F86852E6
:1019F0002125C3F86CC2C3F870C2C3F874C2C3F81F
:101A000078C248F20C7CDA661A675A679A67DA6716
:101A1000C3F88020C3F88420C3F88820C1F82C03C1
:101A2000734AC1F83003C1F83403C1F83803C1F870
:101A30003C03C1F85003A1696E4B0A406E486F49E0
:101A400013436F4AA361D4F8843043F00C03C4F805
:101A500084304FF0FF34036843F0020303600368EF
:101A600003EA0C031A43674B026044608A68664CC1
:101A70001340664A43F000538360C36823F0780341
:101A8000C360036A23401A43604B0262026A224029
:101A90005F4C1343002243628462C46240F20564D7
:101AA000D1F8B83023F03F0343F00103C0F8B83059
:101AB000D1F8BC30574923F03F0343F00103C0F88D
:101AC000BC3002610567C0F880404567C0F88440BB
:101AD0000224036823F00203036081614E4B4F49E7
:101AE000C46143F8042B8B42FBD1434C236843F081
:101AF00001032360256815F00105FBD1454802224A
:101B000040F2F561A06140F29940E26140F2664224
:101B1000C4F8001242F20141C4F81022404AC4F84D
:101B20002002C4F8302240F23542C4F834123D4855
:101B3000C4F840223C4AC4F850022846C4F8542253
:101B400042F201223949C4F86012C4F86422FFF756
:101B50004BFE0246002839D0810201234FF4802039
:101B600021662549C4F8A050C4F8A400C4F8B030D8
:101B70004B69D807FCD515050124039228464C6112
:101B8000FFF732FE039A2A4B0244D2B21A7080B198
:101B9000194980024FF4802348660846C1F8A050D6
:101BA000C1F8A430C1F8B0404369DB07FCD501237C
:101BB000436120490024204801230094401A00EB8F
:101BC00002521E4800F0BCF905B030BD1B4B18494D
:101BD00018600870D860C3E9010005B030BD00BFCF
:101BE00000801F40F910010000841F4000C00F401A
:101BF000FFFCFF1F0003008000402A4000802A40B5
:101C00001200FFFFFF37F70000FFF07C400000806C
:101C1000FF000F83F05AF05A00422A4000432A4046
:101C20009F041830EB06180A063201263806180AF7
:101C3000ACCA002000000070000000705CC70020EB
:101C4000F9B00100F970010010B5174A4FF4805443
:101C50004FF4005E4FF4404C4FF4803043F24201A9
:101C6000136913F0020F0DD113F4005F0FD013F4BA
:101C7000805F0FD0002BF3DA13F4803F0CD15B06AA
:101C80000ED510BDC2F818C050619161E8E7C2F8E6
:101C900014E0E5E75461E3E74FF480339361DFE755
:101CA00040235361DCE700BF00800D40414A032020
:101CB0004149F3EE095AD2F880309FED406A23F093
:101CC00001039FED3F5ADFF814C100B5C2F8803020
:101CD000C2F89000D1F8E010DFF804E1CBB2394847
:101CE000CEF8003007EE903A0B0DC1F30B21F8EE61
:101CF000E77A06EE903A07EE101A334BB8EEC77A41
:101D0000CCF80010F8EEE66A304937EEC66A37EED6
:101D1000C55A76EEC76A77EEE57A26EE266AC3EDF7
:101D2000006A25EE265AD2F8803067EEA64AC0ED4A
:101D3000007AC6EE275A264885EE276AC4EEA76ABF
:101D400075EE875AFCEEE55A36EE076A15EE90CA34
:101D5000BCEEC66A43EA0C5376EE877AC2F880304E
:101D600016EE103AD2F890C1FCEEE77A01EA034190
:101D700041EA0C014FF0000C17EE903AC2F89011B6
:101D8000C3F30B03D2F890110B431249C2F8903100
:101D9000D2F8803043F00203C2F880300E4B80F856
:101DA00040C0C1F840314FF0E0230122C3F80821C0
:101DB00000BD00BF00810D4000441F400000AA424A
:101DC0000000B4427CC9002080C900200000FF0F41
:101DD00000E400E000940020551E020074C90020B9
:101DE00078C90020314B40F6617210B5C3F820214C
:101DF00040F2044400F0B4F82D4A2E49D2F8803065
:101E00002D4843F00303C2F880302C4BC1F86041E9
:101E100002681A4203D1D1F8A8319A071BD0254A8B
:101E20004FF00041244B5963D2F8403143F0020394
:101E3000C2F84031D2F840319B07FBD44FF4003058
:101E40004FF0E0211C4B4FF00042C1F88C021920EA
:101E50009A6300F089F8184B0021164C4FF080422D
:101E60000A209A634FF420721960C4F8A80114483C
:101E700000F05EF84FF4800203464FF4810040F218
:101E800043111860C4F858311A640E4B0E4AC4F856
:101E90004811C3F804224FF0E0224FF4003101232F
:101EA000C2F80C11C4F8403110BD00BF00800D40D5
:101EB00000C00F4000002E4000900D40001C1E008E
:101EC00000000020009400205920020008B50E4BAD
:101ED0001B6E9B0700D4FBBE72B60C4B00200C4A55
:101EE000C3F8400103F160430A49A3F55F2311647D
:101EF0009D46BFF34F8F4FF40013074A0748DB6935
:101F000002609B68984700BF00441F4000002E40BD
:101F100000C00A4003002000000012EB00802020D7
:101F2000F8B500BFF8BC08BC9E4670470000000032
:101F30005FF800F0754602005FF800F0C548020047
:101F40005FF800F03D3202005FF800F0FD30020063
:101F50005FF800F0411102005FF800F0591A02002A
:101F60005FF800F0C52702005FF800F0551402008A
:101F700045000000ED6801001DA401002DFD0100D9
:101F8000A5FD0100710102007D040200E5040200CC
:081F90007D050200710E020044
:101F9800FFD8FFE000104A464946000101020076DA
:101FA80000760000FFDB0043000302020202020386
:101FB80002020203030303040604040404040806DB
:101FC80006050609080A0A090809090A0C0F0C0A75
:101FD8000B0E0B09090D110D0E0F101011100A0C24
:101FE80012131210130F101010FFDB00430103032C
:101FF8000304030408040408100B090B1010101044
:1020080010101010101010101010101010101010C8
:1020180010101010101010101010101010101010B8
:102028001010101010101010101010101010FFC009
:10203800001108002F004F030111000211010311C4
:1020480001FFC400190001010003010000000000A5
:10205800000000000000070805060904FFC4003D51
:10206800100001030302040401080709000000002E
:10207800000102030405061107120008132122318A
:1020880041514209143261718191A1152352627242
:1020980082C11724254353738492B1FFC4001B01E6
:1020A8000001050101000000000000000000000020
:1020B8000500010204060703FFC4003211000103F2
:1020C80002040306050501010000000000010002EA
:1020D8000304110521314112516106718191B1F05A
:1020E800132223A1C1071452D1F132E1FFDA000C07
:1020F80003010002110311003F00EA257AB94BB62B
:1021080068B3EE1ADCC6E253E9B19C9729F59F0B38
:102118004D3692A528FD801E124B99779EB5556EB7
:102128009AECFE662FD7261A7BF25D81A7D6A3927A
:102138009C6E3C92C2BBC99484286E8CC1214E7F90
:10214800ACFABA79D89571153B6C8E6AD76DEF6C7D
:1021580057D570D76B354AB6A9571D44A1D55A969D
:10216800BA2A9DC1695D21E13394149D8DEDDB1D73
:10217800251E1EA1486D27B2AE3976D01A3685C401
:102188008DA9BACD2A5562FD94932A25295214F0B7
:10219800A5EF04EE5EE514A9F393B9C56769242792
:1021A800272A21F13C6E930A1694DDFF00C46BE3E5
:1021B800CBC55DA3C3E6AE3F20B3799F79A46B8FEF
:1021C800994BA58715FA1E854C8ED83E1EB95BCA59
:1021D800C7D64148FCB8C9C9DB2AA7BBE946D03AEB
:1021E800DC9FC2D3D3F65E9C8FAAF24F4B0FED6BE8
:1021F800D139C3B9697240B86D3A74D8C3B28C3753
:1022080056C3807B8DC5493F97DBC7BD3F6BEA2F1F
:1022180069A30474B83F7BAB527636091BF464207B
:10222800F5B11F6B2D6356B4B2D2E69A993AFDD038
:102238005BBE7D16FA88DF5A7D11D9CE4644DC0C88
:1022480000E3617B5B70E004BC8CA147017FB49D17
:10225800750E254F88B38A139EE0EA3DF3593C4B2F
:1022680008ABC21E1B50DF94E84660F8FE0E6833C8
:102278004AAE89FA9F6D54F948D6395320D79A92B5
:10228800E2ECDA95494B4C9A5D61BDDFDC5E528E1B
:10229800ED8E1DC9009F894919CB78BFD10C3966CD
:1022A8001602C3ADDF9715817268E3D5AADD2AF55A
:1022B800D3E7655C76E6C9AEB72074158A9D38E128
:1022C8004376027AE84907C4D2C0EC71C249746BFC
:1022D800974D5C8DADBA4541BF12A6C4E7D9F9B593
:1022E8004DA4793535AF0BA00F404E169FDD5A78B7
:1022F800905122C514F3C5714EAD526D3D02A154E3
:10230800930A5EA0D4BFC4A513DA25262E1D92F227
:10231800FD9230147DD2DAC7AF0C53B79A8DDDAF7A
:10232800D2AA6F5675F9FA5A116BDA0B62D7D3AA8B
:1023380034946E69C92DA098BBD07B2D2C37BA6315
:10234800C3E379D40390A238652E8967924D1B5B4D
:102358008CCCE652FB6573E63929E6ADC13017141B
:10236800FCB2A575EA0BCFD250515A527F6BA8AF79
:102378003DA780F8E62830AA4328FF00B3937BF9ED
:10238800F70D55AA4A7FDD4A19B6E97AE6BAA04B95
:1023980094FA8C89935D51796E3CCC479F492D679F
:1023A800AA77A1252769041C138C11E98E3993702B
:1023B800CC46B41A9F86E771677E7D735B485F0CD5
:1023C8000032E05B6F447D7054E9A9611255518A6F
:1023D800969F4EE696A79294AC7BA493DF8A6C8A6C
:1023E8004E22DE1371AE5A2351BDADB711011F55F0
:1023F800E54698DB8EC490D3C84AD6D9536B0A01F8
:10240800693852723D411823D38F70C730D9C2C87A
:10241800B53BDAF1769BAD728F735CD67DCD0AE45D
:10242800B3A5BF1EAD05CEA30B6525448F890A4809
:10243800FA4850C8524F6233C12A19658656BE0BF6
:10244800F10D2DEFCD5FA8A7A6AAA7745576E03A9F
:10245800DF2EE37D8DF43CD32F321A7749E62347EC
:10246800A0734BA6F08C1BAE8D1C2EB91A3643AE4A
:102478002239C3BDC772F4729DE8579A9B18F44677
:102488003A7515536B606CCDDF5E8775C4F17C358A
:10249800F84563E924CEDA1E60E87DEE81EE2D482A
:1024A800762DEFA71CD4D310DA674E9086AE569AD5
:1024B80001285D5616C6E59C2700264C475B731E0F
:1024C800A56BE2D7543ADB2A7B95279AD23E6475EE
:1024D8002B40A33E9FD05564A2E7B706E251D150E6
:1024E8004A8047BE597909FF008E7870A273174554
:1024F800FCDD5F6E49D50D56B89978AD56ED169B43
:10250800605288F34BF3F7489A53FBDD043EDFF340
:10251800F0C538469AC369541DBCB4D395EB786CA2
:102528009341830A14B0318556AA6A43F2DD563FB7
:10253800612B693DFB84B78FAB849C735D0EB86DCE
:102548009A5D9F6B51AC3B75BF9A53A8D4B4C288AF
:10255800123BA1213B02BB79ABC3B89F524F1CDF92
:10256800B6B31755450EC1B7F33FF88EE0CD01AEAF
:102578007F5F445D746A5CCA7B36AD9155B1EA02EF
:102588005BC5D8D024D2A6A131196DA8E953AA52A7
:1025980017E4AC050696405648EE939C9A8BB51402
:1025A80072C05FC2E01805F2195F2E6ADB30890B32
:1025B800DCF6BC67CF539FBBA34AAC16D1226CE7AD
:1025C800A132DBF2E43AFA86C49290A56E2927F884
:1025D8008A9440ED959F3F3E3158956B6BAA9D3488
:1025E800570D3FD5AFE2B57410FC18DAD76640B284
:1025F8009DF512E6A26984C16AD8D6BC54D46AEFA4
:102608002A73CD32856C2EBAADBBCA5272B756A1A9
:10261800E9E78F5EDC10A4A79712FAB3BC90321CCE
:10262800FBBB8235434F153B488DA1A353DFCCAD8F
:102638007EE5A16AFDAF74D15177568502BC9751EA
:1026480030D1A2BDD39D0E2A9BDE97DE0DE52D0568
:1026580077474D6BEA0246500281269D4ECC29866B
:1026680046E4EDB9E7E8BD61969F17BC4071C5B96E
:1026780023E5241D33D7BC65C8AB47E4F6AEBB32AF
:1026880005F7684D3D68ADBD12A08697E24E5E4BDA
:102698008DBA083E7B8348CF04BB33212C9233D0BC
:1026A800F9FF008B2BFA8B4ED0EA7A81A90E6F9531
:1026B80088F52A4CD45B459B3D5AC5A5CC0260DA07
:1026C800B73C2A94049F81A53CE45FCD994C03FE56
:1026D800D8F6E34EB9B84B3735F72ACAACF2E9AFAA
:1026E8008C1097E6590F5265AC7F98B8CCAD9CAB6F
:1026F800DCFEB87E03849B985A2D624A751353E911
:10270800105E216DDEFAC53653C3D14CB6FC58CDE8
:102718008FB025D747DE78492DDB9770DEA573F596
:102728005BBAA427ACCC3AA576ACDEEEF80DA9517D
:10273800D9FC02D18FB070B748E415DBA951D49504
:10274800C79207856D96F3F5839FEBC739EDB40EF5
:102758006D4453EC411E20DFF28EE0CF05AE675B7F
:10276800A88F5259A69BC2A454D5389332417F2DC5
:10277800D3FBF84EDEA6E940F9F975CB7DFE82520F
:10278800AEFC0FA1E2FDA3ED7D1BFCB9F77A03D5E2
:102798006B22BDDBEFF1E8B2155BA2DAA5B944B64E
:1027A800A756A1C6A9D4E205C186B584AE42108158
:1027B800BCB6029492123CF0B501DBB9C8244B694F
:1027C800E6903E56B496B4E67977E9E8AF3278E316
:1027D800788DCEB38E839A31BAEC2B42A977BB762B
:1027E800B8F49953931D9696CA9F0111DC47D15AA4
:1027F8000A085038008C9EC7B8E0A9ADF8304715D4
:10280800382DCB32773BDBA22B4324BF3B642D39D9
:10281800E56FE3C8DF75ACCDA553E9AA92E438C1EA
:102828000ECA70BB21D5294B75E59EE54B5A8952D6
:10283800C9F724F1033C939E290DD1DA701A0002DE
:10284800C1577F2795B1218A35E7783CD292CCF9D8
:1028580071A9B1D67E2E8A54B731F7BC91F71E36CE
:102868009D998888DF29DC81E5FEAE79FA8954D7FD
:10287800490530D5A0B8F8D80F4530EA855A2DD784
:10288800235FF53A238174EAB5CD4BA0D39DF85E5A
:10289800225A9D247BFEAA1057D8B1C6997391B2CB
:1028A800CA6B1C17A672DFCB7D0D84154C7E0D619B
:1028B800F4A71DCB654850FBB1C2486A51F697D6BC
:1028C800831A87A4150797E162EE549593EEBA939D
:1028D8000493F97093A5DF93D9F48E666BC241FD1A
:1028E8006BD46AA633E655F3B64ABFAF0826768B93
:1028F800A3B70D19BAED2DD82A5042CF89A59F85C7
:1029080063C8FD9E87EA3C0DC630C6E2B4AE80E4DB
:102918007507911EEC7A2F6A4A934B2878D37EE587
:1029280032DF166D2DBACB322B3418E2A34B71F57A
:10293800B2A5B601429E46C71581D97B91DB2A070D
:10294800B7971C86665450BDF4F2DDA771DDA787E2
:102958002216F69266CAC0E8CDC147572D369D2487
:10296800B66453E33BF374A92CEF652A0D85001474
:102978001208EC0800103D87B7118E47B6FC248B6F
:10298800A2D1B1AFB170BA3EACB0C466D4D4761B94
:1029980069032425B4048FC0716038B8DDC6E8BD6A
:1029A8003B43459A2CB0B6C69EDCFA9D74C7B4ADBD
:1029B8004845F9720E5C7140F4A3359C29E755F03F
:1029C800A07E24E00C920704E82965AC904510CF5E
:1029D800D3A956EAB11830BA7353506C07993C879B
:1029E8005FF4AA5F98AD46B7F951D08A7E8D581228
:1029F80054EDD35984A8507A6075D0870912272DD1
:102A080023B85A94A506C7AAD4319083C750A5A75E
:102A1800651C2D859A0F775C4712AF9715AB7D5CC7
:102A2800DAB8F90D87805226BD527FB30B16C5E57B
:102A3800E2100BAE4242AE5B99B6D5BB1579A84AF7
:102A4800188C7DD4D30129FE707D78F754C679AAF5
:102A5800328165C2BAB9A8D3CD1E5329914BD20B86
:102A6800092C554254148131C8E10B19F2CEE7996B
:102A7800FBC1F6E1F751D9454A62AD6EB7439AA852
:102A8800CA43D45ABBEB1E349C29B71874791F70FB
:102A9800788A9266E51EA126DCE6EE9D2111D662B3
:102AA800546A154A72CA549EC9792EA91919CF6554
:102AB80025BE1F74C745D5307233C494161EE4B4BE
:102AC80068575C6F9BD62185948C36F20ED71BFB1A
:102AD800143FF0E47D5C0EC430AA5C4DBC350DB9E2
:102AE8001A1D08EE3F8D15BA5AD9A8DDC511F0D8C0
:102AF800A20B8B9665CD714AA45DA96D0A3D912AFA
:102B08002EE23F992A19FC38CA4BD8BB1BC3365D45
:102B180047E41FC2D2D3F6A7807D58BC8FF6B0B069
:102B28003939852E425DB9AF579D602BC4CC08A1B9
:102B3800A5287F1ACAB1FF005E3DE9FB1ED69BCFD0
:102B48002DC7416FB9BFA2B12F6CDCD6DA08B3E646
:102B58004DFEC2DEABD3ABFA93A77C9BD84CC1B376
:102B68002CE4C8AE56C3829D1467125D6C0DCF4A23
:102B78007D4771423703804A8E7090919235549404
:102B88007050B3E1C0DB0FB9EF2B2B5D8854E272B4
:102B98007C4A97DCEDC8770D945BA6B57ADD56E5DF
:102BA800B979AFD5F4AEE3976ECA6514D84EA8626A
:102BB8007D71E4A8C4688070D4761292E63200DA97
:102BC800809C9C8367AAAA79058CD29A4D7EAB7F9C
:102BD80057F986D5188E54E1DA19B9E7A54E365754
:102BE80052A92DD08871C2413B50A90A41248DA910
:102BF8004378F61C248F255E720366D5E45B575E26
:102C0800B8DE2E2645C17FD59D716E9209E8B4E2E3
:102C1800B76307C214F29CF0FA2508E1C28BB92FFA
:102C2800FFD90000FFD8FFE000104A4649460001DE
:102C38000102007600760000FFDB00430003020279
:102C4800020202030202020303030304060404044B
:102C58000404080606050609080A0A090809090AF3
:102C68000C0F0C0A0B0E0B09090D110D0E0F10108D
:102C780011100A0C12131210130F101010FFDB00A2
:102C8800430103030304030408040408100B090B9D
:102C9800101010101010101010101010101010102C
:102CA800101010101010101010101010101010101C
:102CB800101010101010101010101010101010100C
:102CC8001010FFC0001108002F005003011100026E
:102CD8001101031101FFC4001B00000203000300DF
:102CE80000000000000000000000070805060901B8
:102CF8000304FFC40039100002010302040207059F
:102D08000803010000000001020304050607110082
:102D180008121321410914222331325115616271BD
:102D28008116244243529192A125337283FFC40035
:102D3800170101010101000000000000000000006F
:102D4800000000020103FFC4001C1101010002037E
:102D58000101000000000000000000000111310224
:102D680021514161FFDA000C030100021103110037
:102D78003F00D48BB5D2DF63B5D5DEAED5494D451E
:102D88004303D4D44CE7658E3452CCC7EE001E03FF
:102D980034B50359EB73CC92E5CC366B3D62E374E2
:102DA800952F6CC271B150F125C658CEFDC98291DC
:102DB800BC29B8794FF1332C60EDBED19FAE98C7CE
:102DC800418DFB35CC6D57B6CDF30BB55DD7502F84
:102DD8008C9574B4D2B164B6ABEDDA95E21E1DD20F
:102DE80036EDC5B6C8BD2C46E54719969B3E5CF93D
:102DF80071B4E96D95B982E663258A9AE4BFF23128
:102E0800C778AEE882DDBFB426A8676D9A63BEFBBB
:102E18001F94FD5BE1527D45E5F23CBA89E979E50D
:102E28003B0BAE96DB8F4D926632C2C54CD69A00EC
:102E380094E48FE992764EA1F7804714943623E9FB
:102E480097E582FB5C94791E3D9A6371BB01EB3573
:102E580014315444BF7B766467DBF253C0133527C3
:102E68004F74A79CDC35B52340F54A9A4BE431856D
:102E78008EB6DB5EE219C81E1055C40868DBC8317F
:102E880050C3CC11E1C65996CB82CBA579A5DAC738
:102E980070BF72A9CC7BD7535A2F937620A9AD90D7
:102EA800B4B65B97F26A11D8F8C4CDD3E20EDE202F
:102EB800FC0B6F13CABBEC47E9FD2E6B68BE661CA2
:102EC800A965979ADA1BA554EF2D86A12A9D3B1771
:102ED8008814987A181FFAEA23DD3E87AA33C27845
:102EE8005F4EDF269AC157AABA490D1E4333B64B27
:102EF8008ACBF645D44A7DE3141EEE46DFC77651E9
:102F0800B13FD48DC5CB94729840F3BB94DC6A7101
:102F18006C7B4531DAC5A7B9EA15C452D44BD5B094
:102F280082DF16CF3C8DF45F977FC21B8CE5E37878
:102F3800FA4CA6B858EEF5577D5BAAA156C1F4F92C
:102F480022B061F6C9C7BBADAB1B9803AFF10F0741
:102F5800A99BEA4853F3712A5F794DC0AC3496FCBB
:102F68009B9C3D77ADDEC38C77EBE09AAC757AC558
:102F780052FB52546C7E62AC42A0F391BC3E51C6E7
:102F8800F19F59CAFC231CC87337AD1CF4EAC25A16
:102F9800E8D6AA1B0AD438B163B1CDD14D4702EEA9
:102FA8004D45431210B8405A495FD9500EC428E223
:102FB800D00A6A1E995EB4F27A29AA2BADF78B352E
:102FC800D51A4B65EED7234B435C10F4C82372AA7D
:102FD8007A91B756460181DBC3620908AC3B0DC83C
:102FE80033CBF418E635442A2AE60CECCF22C51474
:102FF8001128DDE6964621638D1412CEC400078998
:10300800E02FBA79A95AD5CA1EABADE717B954D87B
:10301800AFB6C910555297EBA5B8539D982C801E92
:1030280089E17520AB02410C194FC0F01ACF9253B9
:10303800E0FE90BE5AA875D74EADF1D16736585EFE
:103048002AAA2520C8B3C43AA6A173F16077EB89F0
:103058008F932FF5102794CAB8DC16DCCF2CB966ED
:10306800184E23ABF0CCF1E5D85D5C360BBCFE22E4
:10307800493B5BC94152DE7D5D29244C4F9C4BF591
:10308800E26ABF0CBE916514D82F3676BBD5B368FB
:1030980031AD70B043768A25F08E3AD910BB28FB43
:1030A800C4C92AFF00F5E2A755974AB73779DBCF9D
:1030B800AB1A857B86727F64F1FA4C4EDDB1F92A32
:1030C800EBF779D97F1083BEBFDB8CA4D049AC78ED
:1030D800FD6D0C9A65CB85823FDEE8A869AAABE353
:1030E8005FE65DEE455DBABEA52368507D003C6590
:1030F800F1B3D5C7D2C97C8745F964D36E5DF13980
:103108007D5E8AED55FBD84F033C1448A4F57D7AC3
:10311800E6955CFDEBC7473BDB3C340751ECB8C098
:10312800B8E1F766A0B535F2AE8EA21BD54C26489D
:1031380043D3BF5AD15728F69E8266E9EE85D882D6
:10314800A8C7A8295E009F64CDF2ECD751F26D188C
:10315800D67C0637B25D4C9586D36C44861B1845E1
:10316800774ABA399E4EC52C03BC677A8D9C488332
:1031780062583F0176D3DC5310D39A1ADC3B1CB754
:10318800C37BB1DEA8C8BCCF75A66A77BADB657009
:10319800AB5B561434B4B4E4EDEA54911EFCF374FA
:1031A8004A7C02AF001AE63A5C0712B2D2E92D96C1
:1031B800F55D945C2CD5E6A282B6E10A45558EDB16
:1031C800DD49FB226746613C8AEDD4E012913290DA
:1031D800BB167550647D0BBAA370B16B7E4DA512FA
:1031E800D4B9B6E53656B847096F656AE9586CC070
:1031F8007D4C52480FFE47D38027EBF6194D85EBDF
:1032080066B060F4112C76DBD5A3EDE82251B2A4A8
:103218008AD1556E0796C7BEA3EE63C73BB749A7C9
:103228007D4DEA7A5E5C743F54E2245661196D4D17
:10323800ACCA3E3DAEF77D57F20136FD78DF90FA15
:10324800AFE7572FDBAD439A9E43D6B96EA9540713
:10325800FC5142F1431FE804EFC66C8BBE94471E35
:10326800A57A41EBEEB381241417CB8D5C60F8800E
:1032780094A8F1C3FD8AC7B7E5C6CEEB2F515EF41B
:10328800E16375D25AF4AB2F4463474F3DCEDB2B35
:10329800792C922C32203F988DFF00C78B43303019
:1032A8002C1725D4BCBADB83E2141EB775BA4A635F
:1032B80086327A554052CEEC7C95515998F9053CA6
:1032C800039960B7C964C4AD180D2562DC69ED3493
:1032D80091CA2AAED4849929DA5EA8AAAB936EEF74
:1032E800A8894FEE36C3BBD448448EA1485E039CE0
:1032F800935774FB473269B4FB3CB3642F79BA0423
:103308009AB2E52D534757667AA5024BA4CC88C6D6
:10331800A6E661626354F734CAC22424F5BF00AA42
:103328006B2E8F641A4D7E8E2AE98DC6CF741DFBD5
:1033380065D5576150840631CABB9ED54207512CCA
:103348002C7A918F8EE082419FF43E6395F77E6ED2
:10335800E3BCD3C4C69AC58EDC2A6A1C0F051204C6
:103368008541FCCC9FEB80687980BC5365DAF3AD6E
:10337800196D23ABDBF14C55ACED283BA9A8904562
:103388004A177FAF5C92FF0081E22ED734AD5540DB
:103398005B90BB0D111BCD72D4190530F33EE5943B
:1033A800EDFA83C67C6FD0EB16BD05CC74FEE33313
:1033B8007845984955213F8AAA9C93FD8706D18371
:1033C800927A80DCE15D9A73BC93C578DB7F896E65
:1033D800E751FF0040F1BC769E5A385CE572ED4D2E
:1033E800CCEE81DFF4D51A28AF002DC6C75127824D
:1033F800C55F0EE63DCF92B82D1B1F20E4F971681A
:1034080062972F58EE07A7993EA959F5EF3FB8E9FB
:10341800964169C7EA6CD6C64A09A6AD86E924AAC8
:10342800ADD31C637F044752775F664DD4FC0F0110
:1034380027A9BCD7DBAA719A4B6E0CF5B5B97BF7F7
:103448001AF1964D46942B5752C3A0D7474EACED70
:10345800EB8D16D17AC3BEEAA18C691B3B31018E74
:10346800299958739B053E98EAA57FABC74A19313D
:10347800CC92405E4B448C49EC4E46ED251BB12462
:103488008F16898974F0EA56099CD72B181E98BEA6
:1034980082D36494F96565555475770969E75A9B31
:1034A8006DA650E5C4542CBECC93B13EF6A1770569
:1034B800768D7700920FF72AB88A720DCAF5CF5326
:1034C800B36A44A7D52D5044FB2AD528F7D474AA4B
:1034D800A7B3DC53E2A075995C1F331A7C41E32D36
:1034E800C364CAB9A994D3E96681D9F0EBBCACD955
:1034F8008EA656AE557EEE1DE586893ABD56393CF8
:10350800C177679483E7C45D2E77452B76266BDFFA
:1035180096DE5EBB24CE84E617B887898D65733244
:10352800871E47B6AE3F51F5E37C8CF6961BB587F0
:1035380020B2A53B1A3292DB2F15241EEA1D8831D2
:1035480011F03F553C4A858E5AEAAED61E6DACF74F
:10355800C8E91BD5AB6F5534F2ECEBB84A90EA3C9E
:1035680037F22EA7F4E366D974D57E3A3995DE6F23
:103578007D1FDA47CD7C46FF0056CF8C66D045DAF2
:1035880082FF004508633281ECC75316E04CA3C89C
:10359800EE180F81DBC380CC1D51F4527359A75527
:1035A80013496CB658328B623111D6D05D6280B245
:1035B800F9168EA0C6CA7EE1BFE7C040601E8CBE69
:1035C8006DF502B160A5C32D36BA7DC092AABAF9CD
:1035D8004BDB8C7D4889DDCFE8A7807334F3916D90
:1035E80021E45EC14BAC9AC04EA5E791C9D364B73C
:1035F800450F6AD94D560750601FE72BF1EE3FC3C0
:103608006F6537D8F196E1B265038A54E4BADBA94D
:10361800F7AD72D6F57B85930FA75B9D45BA175E0C
:10362800997DE74D2D0C49BECB1B4847513E1B06E3
:103638002492788DF757AEA22ECB8DE65AF9AD3588
:10364800BA87A9D4FDBB3C1DDBDDDC4532376ADF18
:103658004CBD5EAD0A06DFE5558D7F3DCF9F0C64FE
:10366800D4335C96DA2F3A9BAA39D731D96D2C70AE
:103678004D50E2D169A60E1852C3B2928BB1F0092F
:1036880012C483EBBB715C7794F2EBA7FFD90000FF
:10369800FFD8FFE000104A464946000101010096A4
:1036A80000960000FFDB004300030202030202034E
:1036B80003030304030304050805050404050A07B6
:1036C8000706080C0A0C0C0B0A0B0B0D0E12100D3A
:1036D8000E110E0B0B1016101113141515150C0FD7
:1036E800171816141812141514FFDB0043010304ED
:1036F8000405040509050509140D0B0D141414140B
:103708001414141414141414141414141414141471
:103718001414141414141414141414141414141461
:103728001414141414141414141414141414FFC0BA
:1037380000110800300029030122000211010311C1
:1037480001FFC4001F000001050101010101010082
:103758000000000000000001020304050607080934
:103768000A0BFFC400B5100002010303020403059D
:103778000504040000017D01020300041105122163
:1037880031410613516107227114328191A1082336
:1037980042B1C11552D1F02433627282090A161758
:1037A80018191A25262728292A3435363738393A58
:1037B800434445464748494A535455565758595A19
:1037C800636465666768696A737475767778797A09
:1037D800838485868788898A929394959697989901
:1037E8009AA2A3A4A5A6A7A8A9AAB2B3B4B5B6B726
:1037F800B8B9BAC2C3C4C5C6C7C8C9CAD2D3D4D552
:10380800D6D7D8D9DAE1E2E3E4E5E6E7E8E9EAF190
:10381800F2F3F4F5F6F7F8F9FAFFC4001F01000314
:103828000101010101010101010000000000000186
:1038380002030405060708090A0BFFC400B51100B6
:1038480002010204040304070504040001027700CE
:103858000102031104052131061241510761711358
:1038680022328108144291A1B1C109233352F015C3
:103878006272D10A162434E125F11718191A26277D
:1038880028292A35363738393A434445464748497E
:103898004A535455565758595A6364656667686958
:1038A8006A737475767778797A828384858687884F
:1038B800898A92939495969798999AA2A3A4A5A673
:1038C800A7A8A9AAB2B3B4B5B6B7B8B9BAC2C3C49F
:1038D800C5C6C7C8C9CAD2D3D4D5D6D7D8D9DAE2CB
:1038E800E3E4E5E6E7E8E9EAF2F3F4F5F6F7F8F9F0
:1038F800FAFFDA000C03010002110311003F00FB7C
:10390800B6B2BC45E23D3BC35A7BDCEA37B1592627
:10391800D6D8643CB3004E147735AB5E69FB40588B
:10392800D95DF806696E2D9E7BA8E455B578D492CA
:103938008EC464F1DB028038ED3AFBE2978E7C237B
:103948002496CF0C56B339922BA6220B8957764072
:103958005C741C7535DA7C39F8A4FE22D4A3F0ED2A
:10396800F699796BAB59C1B6EA593E650E9804933E
:10397800D467DFD6AE7817E24787AFBC2364EDA8DB
:10398800DB58C96D02C73DBCEE10C6CAB823079301
:10399800DFA5711E13F11CFAA7C5AD475FD364B547
:1039A800B6F0FDE37D9659AF2411B4CB1A02590144
:1039B800EA781F81E6A4A3DCE8DC3D6B2BC3DE2696
:1039C800D37C516B35C69970B730C52B42CC0606EF
:1039D800E1D7FF00D75ABB47A551272FE3BF885A25
:1039E8006FC3EB3B7B8D416590DC49B123857E62DB
:1039F8003B9CF4E2BC9BE2A7C76B7D4ACADACFC204
:103A0800F77710CDE60965B909B3231C28FC4E7F6A
:103A18000A4F8F7E3CD33C491DB78734E5F3EFA1AD
:103A2800BBC4B2347808DD02A9FA9E6BD4BC0BF093
:103A3800CF46F07E8F0C2B670DC5DB2033DD4A8126
:103A480099DBBFD05494786695AFF813506975DF49
:103A580010C5757DA9B4091CBA7F960249280019BA
:103A68000303DF1939EE4D6F784FC2BA3788BC614E
:103A7800A6E94D6E0786BC99752B08D9C97B92C5F6
:103A8800558364E7E52A46071F2FBD6E7C78F86BDF
:103A9800A67FC23B3F8834FB68ECEF2D595A611270
:103AA800E1654240C91EA091F866B37C2B6BE1FF2B
:103AB8000089DA3DAC76124DA6F8C34ED3D628DE7F
:103AC80036648E329C061838C12467EB480D1F1ED9
:103AD800787746F87FE2FF000B6A1A6DB4F024D7B6
:103AE800589F4FB1247981470E107A74AF5EFED388
:103AF800FF00A672FF00DF35C57857E16CBA36BF04
:103B080065AF6A3ADDDEABAA470345289C8642CCFE
:103B18003F8723200AF41DC7FBC3F2AA11F3FF0055
:103B2800C7CF02E97E1D8EDFC47A762DAFA7BBCC46
:103B3800C8CFFEB1BA8603D88AF4DF02FC4ED17C26
:103B48005DA2C137DB21B5BC54026B699C2B2B0EDF
:103B58000E33D455CF1D7C3ED33E205A5BDBEA5E44
:103B68006279126F492238600FDE1F88AF28F8A5E6
:103B7800F01E2B3B3B6BAF0A594F34E5F64D6C1FDB
:103B880076171C30FC696AB61EE6A7C78F899A6F3C
:103B9800FC23B3681A6DCC77977744099E16DCB17D
:103BA800A020E09F52463F3AE93E0EFC3FD27C35CA
:103BB800A0D86AD6FF00BFD46F6D54CD701F2B8676
:103BC800C1C0FA703F0AC2F0EFECF1A1C9E1581781
:103BD800545B94D5A78D5E5915F69858F25547E968
:103BE8005EA9A0E8B6BE1DD1ED74DB2431DADBA6F0
:103BF800C452727F1FC69EB7BB0E9A17C514514C8C
:103C080093FFD900FFD8FFE000104A46494600015B
:103C18000102003B003B0000FFDB004300030202FF
:103C2800020202030202020303030304060404045B
:103C38000404080606050609080A0A090809090A03
:103C48000C0F0C0A0B0E0B09090D110D0E0F10109D
:103C580011100A0C12131210130F101010FFDB00B2
:103C6800430103030304030408040408100B090BAD
:103C7800101010101010101010101010101010103C
:103C8800101010101010101010101010101010102C
:103C9800101010101010101010101010101010101C
:103CA8001010FFC0001108003300CD0301110002FD
:103CB8001101031101FFC4001D00010100020301ED
:103CC80001010000000000000000000705060203D3
:103CD80008010409FFC4003A1000010303020403A9
:103CE80005050607000000000001020304000506A0
:103CF8000711122131415161810813227191141564
:103D080042529223323382C1F0172472A1B1B2F128
:103D1800FFC40017010101010100000000000000BC
:103D2800000000000000020103FFC4001C11010193
:103D38000003010101010000000000000000000173
:103D480011213151124102FFDA000C030100021166
:103D58000311003F00FE97A9494A4A94A0001B920C
:103D68004EC00A0905EF57F25CBAF32312D13B3B68
:103D78003737E32BDDCCBDCAE50629EE127F19FEE5
:103D8800C03599F158F5D69D00BB648049D4CD5013
:103D9800BFDE1F5F354786EFD9A324F825201E5EB6
:103DA80082B31E99F1CD5ECAFA6281C505FBF4376C
:103DB800C74799B8AB8C1F1E62B7E61F55D0F60BE4
:103DC800AD3A743EDB81E6EBCAA033CD568BD00505
:103DD800D524766DDF1F51EB4DC332B6FD37D59B29
:103DE8002EA08916D5C57AD17F81F0CEB4CB1C2FF1
:103DF8003447529DF6E24F9FD692E59661BCD6B005
:103E0800A05028140A05061F2CCBAC184591FC833A
:103E180024B82224360753CD4B5764A53D54A3D864
:103E28000A70EA531EF1AD7AC3FE6B1C29C13187B3
:103E38007F852DF6FDE4F948FCC94FE107D3E66A12
:103E48007755A8FD69F65FC3A71F7F9564D935F636
:103E58004AB9ADD933CA413E400E5F5A7C9F4F8A5A
:103E6800F664C6EDA7ED18666393E3F293CD0B6293
:103E7800695A01F349DB7FAD30CFA7E57B2FD5ED3C
:103E88001E585EA0C7465D8C25412BBC416B8254F1
:103E980064FE675BEE3FBE2A6E75BABC57AC17FB73
:103EA8003E51698F7DB0CF6A641949E369D6CEE087
:103EB800F91F023B83CC552590A05028140A05020F
:103EC800823DABD7BBCE619340D12C4662E33D71B6
:103ED8006FED57C98D9E71617E507B157F503BD623
:103EE8005DE9535B52F15C56C78658E363D8F41416
:103EF8004587153B25291CD67BA947BA8F735BC418
:103F0800DDB2D40A0504BF58F4E255DDA6B3FC2897
:103F1800FD8F2FB08F7F19E686C65B69E6A657F935
:103F2800B71BEDBFCBA1ACB3F5B2FE368D35CE6174
:103F3800EA261D03278880D2DF496E4B3DD97D3C98
:103F4800968FAF4F22292E4B30DA2B585028140A5F
:103F58000E2EBAD30D2DF79C4A1B6D256B528EC1C0
:103F68002903724D043310B62F5E7347F513246D81
:103F78004E6276390A8D6080E0FD9C87127E290B9F
:103F88004F7E7FD0763BCCDED575A5D40000006C83
:103F9800072005524A0507171B6DE6D6CBCDA56D40
:103FA800AD252A4A86E140F504771410B95155EC3D
:103FB800FDA871665B8A918265B2431223EFBA2D20
:103FC800B315FBAB4F824FFC6FE02A78AEC5DBAF71
:103FD800306A925028140A05028235ECF89191DC77
:103FE800B34D4D9438DFBD5DD715851E7C3199DB07
:103FF8008523CB98FD22A67AABE2CB54928140A0D0
:104008005046F4A9B18A6B0E7F81B3F0427D4CDE35
:10401800E2363A23DE01C600F9A87D2B26AB6EE214
:10402800C95AC28140A0504DBDA22FF22C1A4D781A
:10403800542594C9B8FBBB73441E7BBCA093B7F24C
:10404800F1565E3675B76118E45C4B11B463911094
:104058001288111B68EC3AAF6DD47E65449F5AD81C
:10406800CEB3740A0502834DD62C619CBB4D2FF646
:10407800871B0A70435C860F74BAD8E3491EA9DB14
:10408800D6B2F1B354D1CC8DDCAF4C71DBDC859565
:10409800BEEC24B6F28F52E37BA147D4A77F5A4ED9
:1040A80017ADCAB585028140A06C4F41418BC7311D
:1040B8008B0E236D167C6ED8D40861C53A196C92A4
:1040C80038D5CD4799279D387594A05028140A08EB
:1040D800ECC22CBED4705F7BE16EFF008DAD86CF45
:1040E8006538D2C923E7B26A7F55F8B15524A05084
:1040F800281411CF68F22E51F0BC4DA3C4FDDF2463
:104108008DB2075286F7E23E9C42B2B62C7CBB5673
:10411800B0A05028141D52E389711F8AAE8F34A6AF
:10412800CFF3023FAD049FD97E47069ABB627794CE
:104138008B2DD66427907AA485F10FFB567F3C57C8
:10414800F5D576B525028140A0F35E476DC9B3FD6C
:104158005ACCD161BB4F6E2D9D50E270B32169409E
:104168005FBB5716C01DB7DC1DEA7B55C8F4A552C6
:104178004A05028140A094EBFE3D7555A2D5A8984A
:10418800DB25CBBE1B2C4F4A1239BB1F97BD47D02E
:1041980003F206B2FAD9E37EC4729B4E6B8EC1C994
:1041A800AC8F8722CE682C73E6857E242BC083B81B
:1041B8003F2AD972CBA6628140A0F8A525292A52A8
:1041C80080006E493B00282278B3FF00E2E6B5483C
:1041D800CD98DDCC6F0B6D702DAEFE091315FC4725
:1041E80013E200279F926A7B55C8B6D524A05028B1
:1041F800140A088B3253A3FADD31A9C7DCE35A80CD
:1042080043CCBC79371EE09EA927B716E7F50F0AFD
:104218009E55762DD54928140A0D6B51739B669DC2
:10422800E253726B92D24B28298CCEFF0013EF9188
:10423800F0200EFB9EBE40D65B86C996B9A0B88515
:10424800CB17C31574BFA4FDF791C95DD6E1C43E71
:1042580024A9CE6941F927B7624D216A915AC281D2
:1042680040A050283E29295A4A5490A4A86C411BC2
:10427800822822375C5730D12BECBCAF4DEDCE5E97
:104288003159EE17EE76041FDA465777638F0F2100
:10429800F2D88D889E2BBD6F9856B06019E329FB24
:1042A8009AFCC372FA39065283321B577050AEBE5D
:1042B8009B8AD972CB2C6E6398DC7315AC61F23C87
:1042C800C715C4A22A6E497F856F69037FDB3C024C
:1042D8008F904F527C80A64EA4374CB331D7C71766
:1042E8008D69F469764C416AE0B85FA43650E4A65B
:1042F800FBB6C24F3D8FFEEDD0CF78AC63AB062B3B
:104308008BD9B0CB0C4C6EC11047850D1C084F5291
:10431800A3DD4A3DD44F326AB89EB2D40A05028161
:1043280040A0D7F3AC1EC7A858E48C6EFCC9532F25
:104338007C4DBA9E4E30E8FDD7107B11FEFCC5655A
:104348009925C25D67D46CB3469E6B12D608D226F7
:1043580059D04356FC963B65C429BFC297C0E614A2
:10436800077EBF3EB599C7558CF15FB1E4D8F64DCD
:10437800153371FBDC2B832B1B8547792BFA81CCFA
:104388007AD5259251091C4A3B01DCF2A0D0F37D75
:104398006CC0707498F26EC8B8DCD5F0B36EB79084
:1043A800FBEE2FB2764F24FAD65B86C996A78BE030
:1043B800D976A6E4B1751756618850A02BDE5971DD
:1043C800EDF70C9ECEBDE2AE8763CFC76036ACC6B4
:1043D8007ADCE38B45524A05028140A05028141329
:1043E8005D59D30C02F966957DB962D0D7716D25F8
:1043F8004253614D384F8952082AF5DEB2C8D96B4D
:10440800C6175BD5F2D97372DD6FBF5D188C95F056
:10441800869135DE1DBF5545748F46680E9960B983
:10442800143FBF720C799B9CE46CA4B931C71E1B66
:10443800FF00A54A293F4AA9116BD14CB2CC76900E
:10444800C47690D34D8E142109094A478003A5529A
:104458005CE8140A05028140A050754B89127C77EC
:1044680021CE8CD4861D1C2B69D405A143C083C8DA
:10447800D0798FDA0B4EB0CC3B6BAE2B654DA64B8B
:1044880080A94B88FBAD0DFC9215C23D054D8A9560
:104498000DC72E776BFDD9AB75E2F57397194A09ED
:1044A8002D3935D208FD553155ED9D35D34C0F15B5
:1044B800B5C6B9D8718851A63A805524A4B8EEFE7D
:1044C8004B592A1E86AE445B96F55AC283FFD90023
:1044D800FFD8FFE000104A46494600010102007675
:1044E80000760000FFDB0043000302020202020321
:1044F8000202020303030304060404040404080676
:1045080006050609080A0A090809090A0C0F0C0A0F
:104518000B0E0B09090D110D0E0F101011100A0CBE
:1045280012131210130F101010FFDB0043010303C6
:104538000304030408040408100B090B10101010DE
:104548001010101010101010101010101010101063
:104558001010101010101010101010101010101053
:104568001010101010101010101010101010FFC0A4
:10457800001108002F00500301110002110103115E
:1045880001FFC4001A00000301010101000000003E
:1045980000000000000006070805090304FFC40026
:1045A8003B10000103030203070105040B00000090
:1045B8000000010203040506110007081221131464
:1045C800223141517161091523428132526291169B
:1045D80024334344828392A1A2C1FFC4001B01007B
:1045E80002020301000000000000000000000001BA
:1045F80002000305060704FFC40033110001020589
:104608000204030606030000000000000100020384
:10461800041121310541061251613271811323249D
:10462800C1D1E1144291A1B1F05262F1FFDA000C5C
:1046380003010002110311003F00EA2D72B54CB7C7
:1046480068F3ABD5998DC4814D8EE4B94FB8709697
:104658009A424A94A3F001D451731EFCDE6A8DEF8E
:104668005DA8F1277E3928D0D329DA6D856AB92962
:10467800C6999AB60E4BD210850CC667295BA7FB64
:10468800C74A5A1E149D564D6EAC02964BAAF5DFCA
:10469800785BF5C5DE777D5E755F72EB8B44D65A25
:1046A80092A52C5183982CBCB63F64CA50292CB1D2
:1046B8008E565250A292A29480510A86DA6DBBB1EE
:1046C800F871870F77788FA9CCAB5FD52067D26D4B
:1046D800B2F2A4488654721F792A560BE49C95B806
:1046E8007083D0732F241B36E564F4DD1E6B577F6F
:1046F8002C0146EE4D80FA9ECB66E3E3F2FC97254B
:104708007FD14B328D4E8DCC790CE75C92F63D33E0
:10471800CA529CFD06A1795BA4BF03CB35BF11101B
:1047280093DADF55E341E3F371A23E9371DA141A89
:104738008C6C82AEEAA763398F5C12549CFCE80744
:104748009DD3C7E07947B7DCC4703DE847C8ADCB17
:10475800DE89B67C66539EAC6DADD33ACFDCB88C9F
:1047680073F71932DC61335081D10EA50AE5713E29
:1047780081D6FC49E9CC08E9A6B3969BAA68535AA6
:1047880041E68A399870E18FB1F3487DAABC27D2F7
:10479800A6D7B84DE23D5508546AE4911989150722
:1047A8004ADEB7AAD9FC09085A8FF62B5149E60701
:1047B80097A820F2A95A03A1586229759DB7D4FB7E
:1047C800D61562F1E132EDABCEA7D664C975DA032E
:1047D800C898E35DD6BF1D054D25B585021996C855
:1047E80028F3C654DABCF507450F5570F05DBCB226
:1047F800F7736822B3703EE2AE4B59CFB9AAE1EC29
:10480800F6AB5207E13ABCF5CA903073D79D0BD38B
:1048180034D6C91C2886B8E2B8EA557A25ADB096D0
:10482800ED4530EA1B8B53ECA73E4F48B4B8FF0068
:104838008B21E5FF000009E63F4411EBA8E3B22D08
:104848001BA8E1CAD50EAF36B1BDEF52DB365D8489
:1048580023DB56151A4A029995290098885A3F323F
:104868005039E6BFE7CEB52504F5D2A6A6C111F0AA
:10487800F36DB56BDBB5BE2D77259555E5459AE407
:104888007B6189CAE6FBCAB4E295CF31CCF55250B8
:10489800A2A20FEF0511D529D4C5CAC9E91A69D54D
:1048A80066DB2C3C3971E8067D50D44A94CDC4DCD3
:1048B8007833AF8AAC898ED7AAF15AA8CB52F0B216
:1048C800DB8F210AE53E4901270900612001A4C9BF
:1048D8005D7DD0DBA7C9B992C000D69A0F2069E6E2
:1048E8009DD2F8528F35FDC19702A0D51A9745B8C9
:1048F80098A651E6D5652832230C2A42FC20A9E562
:1049080002B4B694F4CAB3D7234DC995AD33899C84
:10491800CFC3078E773985CE0D17AFE51D86E4DE48
:10492800C943BA5B6150DB7AC96DC75A7A9539F7C2
:10493800FEE791DF1879E9B11B2009250D28F2A1BE
:1049480044E01F7C8F3074A410B3DA66A0CD421DFA
:1049580040A385398508A13B5C0C7F6C84A9954AE6
:104968009512A316B1479CF429D09D0FC790C2F9A0
:104978005C65C1E4A49F7F4FA8E87A1D0C2C84587D
:104988004C8CC30E2B6A08A11D7B2A7B712CB81C8A
:1049980066EC40DC6A453986F736CF6951A5A184B3
:1049A80001DFD284F3A983EB87124B8DFEEAF29FD5
:1049B80023AB69CC171DD774A3A44D984DF03AEDDD
:1049C8003DBED8EEA67BD2EEAADE563D9BBD90E555
:1049D800388BC2CE971EDCACCA1D1D75C6076F4A40
:1049E80098BF5E72842DA513D4A9BEA72742B5BA75
:1049F800C3529654C6CF5D30EC6E2FE15569213114
:104A0800AD7DF6B7D9AE466927C0D4D71BED549F04
:104A180090F21F1FEA634458A045907F1717E38E52
:104A2800EEA6EB5CACBAA2AB5A8302C3A514ABAA40
:104A380024D472F4C527D95DDC293F0B3A072A0C28
:104A4800255EF25B33A255B6D7867B751FD6E8F094
:104A580022098D84E39EB955525C794B1EBD9A1488
:104A6800DA07A84A750A22F54FAE32A97036FE89D0
:104A7800B69B4140416A936FD29D75B4818E75A4EF
:104A8800A5AED0FF00113CEA3F551D07DACBA0F0D8
:104A98003416F2468E72481F3531B4F3915C44A641
:104AA8009650B6141D42879A5493CC0FC823498553
:104AB800BF72F30E5EB6F43956BDB02BB51B8A87AC
:104AC8006D2EAC24D61EB7E05E0FC28CA9027B7295
:104AD8001E94A75E5B0EADC117012E9096948FCCE5
:104AE800B392A39D5A3A2E6F32214382F8E1B467FC
:104AF8003BA18269CA406802A00E6C8A920F4443A7
:104B080079592DDED55BA29959D96B39EAD4781F2A
:104B18007AC582B71C44B9ACB815E26E5360250E4D
:104B280087414AD2138E720E4F367448AAF24A4E03
:104B3800991642890A61FC84D09B5011D5A76A62F4
:104B4800F8DB6502F2A93E1502143A2811820FA873
:104B580023DF3AA5753A01854FF00D5E930F726B0E
:104B6800B6E85931EA548EF253E9DA30E800FCE14C
:104B7800C234EC375A5F1BC06BE4E1C6A5C3A9E891
:104B880047D928B7DACC8B64EF46F76DFC06435457
:104B9800CAB5145CB15903096DC69E6A50200F62EC
:104BA800E4A03D82B1A245E8B9A0C557D2E571C8D5
:104BB8005B03B03BA6CA712EC7BBE4D216E63CD94C
:104BC800123B64A4FE808FD753A143721615C928DF
:104BD8006E0EE0C182B3CCD5F1BC331F7067F69975
:104BE8006DE623363E0216753251A50237D9542791
:104BF800733ED06AA57A51EDD9855DAD549255D4EE
:104C080072C50A8ECFF2CA08F81A22E54384DCFB83
:104C1800412DB95DF2D0BB508263F672696EA80E61
:104C28008959297100FC80AFE5A113AADFF81A6140
:104C3800BCB1A5CE6CEF91FD147AE27990A4820103
:104C4800524804EAB5D001DD5BB6DC099363DB5C4E
:104C5800435955C6D51DDB4635AF363A59CB905F1B
:104C68006B952A3CD9F0F893CBD474CA4FA8D59940
:104C7800B85CDE65E18E8BA44C36E2217B4FF903EC
:104C8800FDAFEA8DF6DEB759AD6E35B51E5B4FBC8C
:104C9800BA7522A6A72638A24AE2AD6CA5B4289E0A
:104CA800A70EA55827D88F31A6172B19A8C2870693
:104CB8004E2B9A45DCDB0D9D7A9A7959433BB94FC7
:104CC8006295BAB78D3A3279598F5E9C86C63C9206
:104CD8005E5280FF00B6AA228574CD2E2189230555
:104CE800EEC96B7F84F8E012DB932EFDB86EAECD73
:104CF8005DDA9B4B4C30AC742EBCE0563FDADE7468
:104D0800D0C5D6B1C6F30D6CAC3815B935F41FF55E
:104D18002FB7FAAF1EEBDFBDF7BC222D2B816959E7
:104D2800AAA11781F0F7A7571E3253F53DA2DE1F3F
:104D3800E43A272B9AE0008665324F0256CC1E5F74
:104D4800C7A86E43BDD87A9F094F4FD74364DF99F0
:104D580001EDC5652DDF5B473E42FC0D5E064B84C9
:104D6800FBAEA51C93A81429B7C073E0F15F58EDFA
:104D7800C8ED5FA7D6B973D4F3F7A4157FEE98658D
:104D88002BB0BA03BBFB6749DD9B0AA5665517D84C
:104D980099290E4591CB931A423AB6E81F43D08F12
:104DA80054950F5D31150BDDA56A1134B9B6CCC326
:104DB800DB23A8DC2E5EDEB655CBB7D72CCB52ED65
:104DC800A6AE154612B0A49FD8711F95D6D5E4A6F5
:104DD800D43A850F838208D504105768939C833F83
:104DE80005B312EEAB4FEDD88D885ABB75BB57BED5
:104DF800D6CA7DDB5AA6130E60299D4E949ED61CFA
:104E0800B4E30438D9F5C74E61850F8E9A2090A86F
:104E18009FD2E5B526B4466D48C11670F23D3B6198
:104E280054762F1B5B5D1234BAA5C3B7F368D5C798
:104E380098690F1A6B497D9961A490DA12A252A45D
:104E480025393849181927CF560882975A54EF0838
:104E58004EBDCD870A3073013E2B115C9C5C9ECA07
:104E680052799B9B76770E5AA8947766562E6A9B42
:104E7800F29B88CF88853AE15904F4012907AA8E64
:104E8800000093AAFC46CB796983A5C9B444751878
:104E9800C68BF90FE4F4CAAFEEAB92DBE07787A4D8
:104EA800D39A9B1665E7570E2A3247F8AA82D20290
:104EB800DEC79F60C8C753E6120742BD59E00B9092
:104EC8006B1A9BF589B318F8459A3A01F5C951EE62
:104ED800E2C57B6BB6068B6956DD5AAEEDCE9E9B5E
:104EE800C6BDDA9CBCCD3DBE6EE8873D799C716A33
:104EF8007483EA7E874A45A8B182E53529369B93B3
:104F08006470C3C3E98E93250A37AD75A073C8874B
:104F180056A7D217EC791247EBA6E8103B952AB9A9
:104F28002645122D1A5A472BD46ABC950EB9C29B36
:104F380071A747FCA34A9939385EB845B9C6251EFA
:104F48005B61418A956AA501413FB9283AA467E1A6
:104F58005C9A23281C2EAFE39860EAC55A0DDCBD85
:104F6800A1B0B762949A5DE9436E5F639EEF25072F
:104F7800B391189F56DC1D47C7507D41D02015902E
:104F8800D3F559AD2E27B4967D3A8D8F985325C306
:104F9800F67DAD5254E5A1B929430A3E06AA7079B7
:104FA8009691EDCEDA867E48D27B35B94BF1C55B5A
:104FB800EFE0D4F634FD885E740FB3DE6F794AAE45
:104FC8008DCA6047072A6E9B4F216AFA0538A207E7
:104FD800F2D4F67D5347E3A672FC3C135FF63F41DB
:104FE800F34C4BC276CB7041B78BB829B6DC893508
:104FF8003A9ABB94524972654A4005410E3E461B97
:105008006C6327C87B0274D66DC2D3F52D5E6F57CB
:1050180075661D6E82C07A28A2D9B9E76FB6E6D741
:10502800B7DB7C64AA7DB764466EAD51A7C707910C
:1050380048ED7921D3986FF2A16F1485A8F4C025A3
:1050480047C5D1726A563CD85164D19BADF115BDA4
:10505800750BFF00735659A330876E0AFA9A2142DE
:105068002D2222428C66119E63E10965200FCEA590
:105078001C75D0C95301549C113150DE2DD8BFF88E
:1050880098B8986DA53EE0A35262A4822232529548
:105098007669F608692CB63DCF39F5D337354AEB32
:1050A800597FFFD9FFD8FFE000104A464946000162
:1050B8000102007600760000FFDB004300030202D5
:1050C80002020203020202030303030406040404A7
:1050D8000404080606050609080A0A090809090A4F
:1050E8000C0F0C0A0B0E0B09090D110D0E0F1010E9
:1050F80011100A0C12131210130F101010FFDB00FE
:10510800430103030304030408040408100B090BF8
:105118001010101010101010101010101010101087
:105128001010101010101010101010101010101077
:105138001010101010101010101010101010101067
:105148001010FFC0001108003000500301110002C8
:105158001101031101FFC4001B000002020301003A
:105168000000000000000000000007080609020314
:105178000504FFC4003810000103030204030506F8
:1051880006030100000000010203040506110007E0
:105198000812132131415109223261621416237118
:1051A80081A115334243829118245292FFC40017FB
:1051B80001010101010000000000000000000000E2
:1051C8000001000203FFC4001E11010100020203D6
:1051D800010100000000000000000001021121315F
:1051E8001241513261FFDA000C0301000211031170
:1051F800003F00B48AAD520512992EB3559488D059
:10520800A0B0B9321E59C25B6D092A528FC8007509
:105218002568DFFBC932FDB96A7C445ECF4BFBB918
:105228000E4AE9964DB9D75B68A8BAD9CF51D09242
:1052380032CA3216E9FEA5292D838CE31BDF2E9294
:105248006B80C2BB79DDF49AD9BEAEFAA4AAA6E0F7
:1052580057149991587495269885805A756DF875E4
:1052680048C749AC6109E55119291A08F1B6D6D5DC
:1052780081C334089BC3C4BD6E6D56FAA98FB7D2DB
:105288006D94BA5F92C73770FBC9271D427BE564EE
:1052980004FCD5E0CE39ACDE788D3757B4D77065CD
:1052A800CA5A6CCB02874E8A14790CF71D92E91FF3
:1052B8003E52848FF475792F1616BFB4D771A1CAE0
:1052C80040BBEC2A0D4A2F30E7FB12DD8AE81F228B
:1052D800A2B4FEDABC97888374C6DA7E37A8AFDC3E
:1052E8001B4976CDB5B7220C7E75D3E448530A9294
:1052F800948F81C4A55CAB4F90751923B730C76DE7
:105308003FAE9738825B4D79D4A14AAF709FC44AAB
:10531800E6C5A656DF2C44933D654ED16ABFD975C4
:105328002A51FE5A95CBDC1C7707C14AD665F54D44
:10533800FB1CDDBC8D7A42A8DE3C2ADD1559D02B3A
:105348002B7DD934075125682C5663A494212A074C
:10535800F9721A053E8496CEA9F15FA78F839DE066
:1053680091BB5B411135C796AB8ADA5FF08AB0739F
:10537800F98A5A07E1B8AF3CA918CFD4956B72EEF9
:105388003194D54778DEBAAA4FDA76FECBDB92C3E2
:10539800155DC3A8A61BCE7363A301A214FAD5E8B2
:1053A8009F873F48568CBE1C7E9317E7D06B33AA65
:1053B800FBA9221257626DCB6D50AD3A6BC3F0E773
:1053C800CCEFD04A93FD5921729EF5CF29F886B3C8
:1053D800FD69EED97A73169DB1707171B9AC0AB4D2
:1053E8008873151ADA8B2FB8A8D65CC9EB2879A16F
:1053F800AEEAFCC1C7C3AA7D57E01572DCB746E127
:10540800DD12AE1B86749AAD66AD2399C715952D2E
:10541800C5A8E02520780F00123B018034764D9E08
:10542800C070896E375D8EEDF3782A3DF56FAA0559
:105438007DFB6D11B9DB6622DC494A5F52872A94ED
:10544800AF3093EEE4673AD4C59B530DF4E0297767
:105458006B171EE4EDF56D6BAF4C9F2268A3A99402
:10546800371D4D8511D2688F85581DB3D89F4D378C
:10547800113223547AC5D1B7D743356A4CA9747A07
:10548800E51A4E50B4E50EB0F20E0823F304107B73
:105498001EE0EB0D9E0BFAD7A471ADC3DC7DE3B61D
:1054A800A9ECC6DC6B5D9547A8B2C000CA2D0E6595
:1054B800B24789E649EA37E8494EB5FA8CFE6E8B61
:1054C8009DEB78D46EBB5ACADF186FA91765AB2D50
:1054D8009A1569F1D96EBD1C7520C957D4A6D0B4E8
:1054E80028F9967E7A3FA7F8667666E289B7FC5B6C
:1054F800B6E52F0C5B1BD74166BB0DB4F66D129C4D
:105508004174A479643A97D3FE635A9C517988AF61
:105518001777DADDDDABFEB6CBE4FDCFB762DAF4A0
:10552800EC1F8265432A7943EA0C17C7E8345ED436
:10553800E81EDE2A0CCA631B63C3A505BCCD8F0A0F
:105548003CFA8369FEED5EA452A3CDF34365940F44
:10555800419D17E19F444E3DA9D176EA89B5FB29C3
:1055680043F729740A3B9294076EABCA506CB87E15
:1055780064A1C57F99D397031E790FB85EDADBCA99
:10558800E38B736E3597426AA95BB798446A0B0F31
:105598002D0841A83A40EB02B21254CB654B009F4C
:1055A8008B97D3449ECDBE961BB4FB5D1765767D65
:1055B800AA4D72B265D4D2D99D5AAACB779897963C
:1055C800B0E3BEFABB86D273819C7627C49D6E4D2C
:1055D800316EE8896ACD8352A1B152A64D6664390D
:1055E8006A5BEC48655CC875B52894A92478820E76
:1055F80090AF7F68A6D1532DEBBE0EE9DB91D28622
:105608002B8A312AA96D38426625394AFD32B4837E
:105618009F9A7E7AC653DB78DF4F6FB31EE7951AE1
:10562800F9BBACE53AA316752DBA80467B075974C9
:10563800233FAA5DFD86AC56416711312D1DA9DEB9
:105648002DDDDB69B5BA6D2E0D6A2B558A7477E4AA
:1056580021BFC7EAB521094027C795C7D007A1C60A
:10566800AB0CA96395F5C4D8BE1F376D85FF00D96B
:10567800B4AE5934771E49F16448EAA067D3952A35
:105688001FAE8F4BDA357FD47EFDEE1C98CB573A90
:105698006EFDD27D0AFA9A614D32DFE80485EAAAE6
:1056A80026BB5CCB7B99ED089B52780723D3AB953F
:1056B800094807B8088885B6CFFA286FFD699D8B19
:1056C800C449FDA7B6BCB4576CABCD0D1315E89211
:1056D800298E2C0EC9710B0E241FCC2D5FFC9D59F1
:1056E8002C44FE01A810691B0316BAE4742D9AC550
:1056F8004E599D919C72AC21B5FE9CB8FD74E3D0C7
:10570800CBB17388A8F1697B117CCA555DF623FF7C
:105718000003949095B81682548212073027B92056
:1057280078F9E9BD09DB93C2736ED57874B14A2A5A
:10573800C3ECC8A5A1A52238C2B992A505254AF18E
:10574800041EC718D53A57B2D7C4AD4605C94EDFAF
:10575800CA1A054C22D59D40763A1FA817A336B31E
:10576800EEA8B2C9480D13939209CEB37DB53D009A
:10577800DC35710DB6FC2F3B75EE96E0CF783EED2B
:1057880028D2A8B4F8ACF55F9B2D6A0B384E4008B8
:10579800486D3CCA2401CC3C4903562B228B6FEF41
:1057A80026DBD76A5765E1BDB42A9DDB745CF12618
:1057B800AD735F6D0F74E73CA1D35A4A960A128401
:1057C800E718EE3000181DB576CCD095B3DC48DB71
:1057D800B23627FE36D41E9E2426F76AAD6DBAF37C
:1057E80040A1115C694DAD95AC2B215D4292918C25
:1057F8007BC7BF968B3832F22F5A35806F6DBB9EB0
:10580800FABB26F17252C9F554A8E49FDB596E8B96
:10581800BC11480F717D5979F3F88F315750CFFE7D
:105828008BA09FDB3A71ED9CBA3CDC426CE53B7C7B
:10583800F6C2A763CA710C4C5012A9B2543218961A
:105848008079147E9392957C9475AB36CCBA22DB22
:105858006BC56DF7C2A5AB51D8FBA36C9A9353A443
:10586800CD78B6654853411D4392149093CE927BF0
:10587800A540E083ACCBAE1AB37C855BBBC536ECE8
:105888006F25305BB5FA9B10684973A82990505072
:10589800D120E53CEA24A960790271F2D16ECC925C
:1058A80030D99E28F76F6363AA996855D87E90E32C
:1058B800A5E5D36735D56798F894F70A413E783A55
:1058C800A5B1592A737571013B7D61562C5B1F6622
:1058D800A342BC371A6434D6664396E3C66160FEB9
:1058E80018436AECDF86547380324FAEADED6B45DA
:1058F800B3DA43B34C6C55C9B6B6475D2FCF5DAC30
:10590800A9F537927DD725B929D0BE5FA5212840B2
:10591800F50907CF5B93518B775BB81EE1BB86BD5A
:10592800EDDA6DDBBB779EEDAA536AF65C0335842E
:10593800C57FA488513A4A57DACA794F57F1072FD9
:1059480027C876F7810827719D5C798D3D19D52583
:105958006D3A9536B4F620839047A1D48FD4AB5EC8
:10596800F5A2A69EF7DD5ACA1EA555E42C0305D05C
:1059780047296940FC3EA93AE4EA2F70C4DDC96DA5
:1059880071714CAD2EDDAAA204FAACD8AE3C61B858
:105998001096E425C092A38C019527C74CEC5E961F
:1059A80095AE8E6186F570E9B63BEF4F4B179D209B
:1059B800A2A0C20A22D56210DCA607A73608527335
:1059C800FD2A047A63459299744F6EAF663DEF1ACB
:1059D8005B8AB2F7128D3E293EE26A2CB91DD03D92
:1059E80009405A4FE7DB59F16BC985AFECC8BF6571
:1059F8004A41BC370E8902283EF880CBB25D23E5C8
:105A0800CE1091FBEAF15E462A9B606C9705363C06
:105A18008B9A936ED46AF5A7D05843E960C9A8CF8A
:105A28007719E9A0A538691E6700240F1C9C69D462
:105A3800C46EE4AA2E3786FE6FFDDAFEF4DC163D4E
:105A48006D74CA5474C271B669EEF42951CAD45A35
:105A58004774E79492ACA8F8AB24E32354BB566888
:105A68001BD9ADECB8B672CFDCDB460DA02A2DEE03
:105A78004DBA6DE7DE754B42A1A4AF9BAA9001E732
:105A8800382A1838F239ED83A65C8D8FD85DCADFC5
:105A98008DC2A558561DB53A5499B21099123A0AB2
:105AA8000C43679873BCF2F184212327BF8F80C908
:105AB800206A4FFFD9000000FFD8FFE000104A46D7
:105AC800494600010102007600760000FFDB004332
:105AD8000003020202020203020202030303030498
:105AE800060404040404080606050609080A0A0947
:105AF8000809090A0C0F0C0A0B0E0B09090D110DE8
:105B08000E0F101011100A0C12131210130F101090
:105B180010FFDB0043010303030403040804040823
:105B2800100B090B1010101010101010101010107E
:105B3800101010101010101010101010101010105D
:105B4800101010101010101010101010101010104D
:105B5800101010101010FFC0001108002F00500383
:105B6800011100021101031101FFC4001B00000212
:105B78000301010100000000000000000000070808
:105B8800050609020304FFC40038100001040102DD
:105B980004040405030207000000000102030405D1
:105BA80006071100081221133141510914227115F9
:105BB8002332618116426224334352828391A1C108
:105BC800FFC4001B010001050101000000000000E6
:105BD80000000000000500010203040706FFC400DE
:105BE800321100010303020502030803010000004B
:105BF8000000010002030411210531061241518100
:105C080061712291E1132332A1B1C1D1F014425242
:105C180062FFDA000C03010002110311003F00D4F7
:105C28005BCBAACC769E75F5CCC6E240AD8EE4B9C6
:105C38004FB8764B4D21254A51FB0078492CC7CFE8
:105C4800359AC737BDB1E64F3C7251A34CA76B706C
:105C58002C55C94E34CCD5B0772F484214378CCE4A
:105C6800E95BA7FE23A52D0FA5278AC9BE55805B32
:105C780008757F97E618F5E2F34CC2DE75BEA55DA0
:105C8800A913996A4952C5307362CBEB63F4994AF8
:105C980005259636E9653D0A292A28486F529F0846
:105CA800D78353E98F2A30E26AC732F6F3AEF51E7E
:105CB800CD3F88D3E28878C9950CA89224480A5722
:105CC8004878924F5B87A5049D8296090634AD0EED
:105CD800AF5575E2166F571DBEBEC1659EA590E013
:105CE8009513967C52B54A74C70617A7D8E53C4E5B
:105CF800A3D1F88BAECC7C8F4EAE928483FB0E3D45
:105D0800AC1C174AC6FDFC849F4161FBA1CED41E82
:105D18004FC21718AFC52755E0CB41CC700C6AE2CB
:105D280026E3AC4075E86F01FE2545683FCF0F3F7D
:105D38000552BC110C8E07D6C7F849BA83C6E114C0
:105D48002F6468EF3D75122EB49F2E9F886A7C08D9
:105D5800FD6E564B94E4754B6D236097508574BA6D
:105D680081E41F6F752371D436EDC78CD5742AADC5
:105D78002CDE61F09D9C36FA794420A964D81F2452
:105D88001AD2ACC2C2AA6DFF0029BCC7AAC21D3D67
:105D9800E491198913DD2B7B1EB7DFF224216A3FBA
:105DA800ECAD4527A81E9EE083D2A57014762B5132
:105DB80018B851DA7D5F9AC2B8CC794CCB6DE757E9
:105DC800DCC992EBB40F22638D7CADFC741534965C
:105DD800D61408665B20A3CF6DD4DABCF843B2476B
:105DE800BA78792ED6597AB9A41159C81F7159268B
:105DF8002CE7E0D6E1EDFC55A903F29D5EFDF752D4
:105E080006C77EFD685F1269BE141C2CAB5CF1648A
:105E18007656F498B68263B6298761A8B67E14E7E9
:105E2800C9ED16AE3FE6C8797FE0027A8FEC823D75
:105E3800784E3D13B47549C3B75476F36E75BDEA11
:105E4800B6CE178108F8D6054D25014CCA948DCCDD
:105E5800442D1FDC940EB9AFF9F52D49428EC78841
:105E6800A7F65EFA50DB5A6D845EF379A86C1B9B2B
:105E78004458390B0F8D395D7F895E38545735DDAD
:105E8800FBA90D1EA56FEAA0ADB6213B16D174B7CC
:105E98006AD5620386EE4F60A9AA9840CB84B3E422
:105EA800F935FE637F3F2BCAADE4595B59BC64CC1E
:105EB80096FABA96EACFA9DBC801D8246C12360044
:105EC80076E3B2C30474EC1142DE5036F6FEEEBC43
:105ED800F39C5E6E77473C2B965446A49B7F9AE4CE
:105EE800E9ACCAB1D34378EE22ED6A96B5564B9C1D
:105EF800D34854A7540210A58513E127A8A40D96EA
:105F0800013B00751AC73482381B763B9DBCF7EA03
:105F1800D69381FBFC969653802EE3916575CBB999
:105F28001CCAB2EC1323D65D379ACCF93FD497DB61
:105F3800E2ECC44B4510E3D8C869298C47652C2589
:105F4800BDC3640053B04F7001C50712C504ECA46B
:105F5800A9161CACF8B7C968391E77533485EC32DA
:105F680037B9C794AA505F5E627770724C72D24D8F
:105F780065B563E991125B0A28758753EA0FA7A8EC
:105F880029236237041048E3D4CB1327618A4008D9
:105F98002323A11FDCE3C2C6D7161B85A0792D15C4
:105FA800573D7CB931AAF45591E3EA7624D390ECB5
:105FB80023B036F9C5363ADC8FB79F4B883E2B3B6A
:105FC800FE95128DF624F1C775CD2CE9554621961C
:105FD800EED3E9F4D91FA59FED5809F2977CD32E8B
:105FE800B5CCB07C375B224A7119861D2E3E3973B9
:105FF800287675D7181E3D54C5FAF594216D289E4C
:10600800E54DF73B9E035EF95A76C266347B2987D5
:1060180083737F0AD6A426362FAED8FB37919A49C8
:10602800FA1A9AE37E2A93F70F21F1FF00736E1C88
:1060380060A6230A9FCDC678E3BAA9AAD92B2EA8B1
:10604800AB16A18181D514ABBA24D8EEF4C527D9F3
:106058005F2E149FB2CF0C77486C857ACB8CCE8B91
:106068006DA69CB3E3A8FF00594F022098D84EDDD7
:106078007796AA4ADE52BDCB6853681EC94F08A757
:106088001D4AB67C462242C11CD2CD14C7F76A9F6E
:1060980017C7DD90DA3C829D52D2D78AAFF2212B06
:1060A800513EEB3C748E0985AD8259FA9207819472
:1060B8001F5175DC1A803A13885AE4790CC9F40622
:1060C800AFF1DAE613FD3AC5A484C68D2ADD6B0963
:1060D8006901E70783E2B482B7D0DAC8EB5369D81D
:1060E8002BA483E97549DB1461925F94FE2B0B9016
:1060F800DEB819B1D891B79BAC7134B8DC6FD168F0
:10610800DE43A3F51A13CA14DC52D724538E437600
:106118000D9DEDD4C538F75BEAB28CF4A7BD565097
:106128000851091B9206FDD4A3BF3C8B507EA7AB38
:10613800895ADB0370D68B0C72901147C42380B444
:106148009F7F9A22F2B52EAECB4822DB5159B76316
:106158005B67757B3E14B690B425E61EB492EA14CC
:1061680012B0143B2F62081DC1E076B6D7B6B0B5A1
:10617800E2CE01808F50D00ECADA620B2E36B9FDFE
:10618800567373E78660D43ADD659069D48448AD68
:10619800B670A6DC44655F290EE87D4FB09740F0E5
:1061A800D4E29252EADB49250A27AB6EADB8E87C07
:1061B80031533CD44D8EA065BB5F72DE9E0640EE27
:1061C80085D635824BB5123E16594CB87A9798E168
:1061D800C5C598B654CCD8F46FF487987BA3AB6F39
:1061E800728736FE381BC6B007534731190E23E6AF
:1061F8003E8ADD39D6716A80D76C322E13AD1ADD2E
:10620800A7F0190D565B528C962B206C96DC69E62C
:10621800A50200F62E4A03D82B6E39A919B23436D6
:10622800BAFA5CBC721680E80EA9B29DA5E0F97CAA
:106238009A85B9B79B22478C949FE011FCF0BB1458
:10624800DD48505924A1A83A83060ACF5359C6B04D
:10625800CC7DC1BFEA65B7988CD8FB042CF0B72970
:10626800ED60AEFA2894EA67C41AD2FA49F1D985E2
:106278007B756482AEE3A63054764FF1BA08FB0E04
:106288001017299D86A90F8A9E23319C9F05CF1040
:10629800D28C5930A4D33AE01B84BC8712EA01FBA4
:1062A800A4AB6FB71D1B826A1A629A0273707C6C6A
:1062B800846A0D3CCD72AF727D8F55E27A4F2F56AE
:1062C800F2AA962F304B8BA918E6735B2D91223CCE
:1062D80078284B4A8965E1107B30EAD41C3B6E1B59
:1062E80073AC7E8E34EBF33E7AB14919E595A03D47
:1062F800846326FCCDBFFE85ADEA2CA14AD0D673B7
:106308009C8BE51C79B8D28C274FF96BCAEEF15DEE
:1063180040CAABEA64448CD41A6FEA05CBAB94A7A5
:106328001E6FC3690DBFD6A08237500DAD2004EF94
:10633800E5C03D0ABA5AAD4638E58DA4826EEE5BDB
:106348003860DCE2D9EF70569A98DAC8890E3F3582
:106358001FC97E9DDC6A8F2EB8F45B6D5FB7671529
:1063680086F4D86FE3D42135EB2B1214A5B72A6A2B
:10637800097D7D417BF4B65BFA5406E7CF8B388AFA
:10638800AD947A8BCB211CE6C799D9E832D1B63BBC
:106398009BA6A5619221777840AE6AABB10871756A
:1063A8008310C571955357E0D94E2EC40619B071A4
:1063B80071501D86E21DF0A31FA182AEC54A46E5B5
:1063C800646EA249DF837A23E671A796477317B2F2
:1063D8004B9B0BE08B5CEE6DD2FB7459E703E20D2F
:1063E80018042B4FC2C310992B3DCD33A5347E52D0
:1063F800BAA98AA42FD0BEF3BE2280FDC21B1FF902
:106408001C66E35A868823A70724DFC0C7E6A5A72A
:1064180036EE2E5E5AFD6F1F2BD7BD77CC222D2B63
:10642800818961AAA22F03F4FCD3AB8F1929FDCF70
:1064380088B787FD078E6C774636002ACCA649E4D4
:106448004B1983D3F9F61A90EFCB0F53F494F6FE59
:10645800786E8A5FECA87A717296F3AD239F217FDC
:1064680043598192E13EEBB28E49E1048A2DF21C38
:10647800FA4F35F6FF0030478AFD7DD74EE773D5D2
:10648800F3482AFF00EF126EEA2ED93D5CC3E89D5F
:106498003EBE696DAE9F59BE98B21F09915D3549E0
:1064A800EAF9498DEE5A776F51BEE950F54A943DA5
:1064B800B829A4EA2FD2AA5B50DC8D88EE0EFF0023
:1064C800CACF3C426616959938C6BDF301CA1C0C62
:1064D8009741DFC769623CB9CE4990D5B41327C349
:1064E8002E20216B6BB84BCCB8948209DC11F723B2
:1064F8008E933E9941AF3995E1E4E305A6DB77EA4F
:1065080008425B3494C0C67F3412BECFB32C9EA61B
:10651800063D75924E914F54B75CAEABF18885003D
:10652800B8A2A50619DFA5B1DC803BF48FA53B0E08
:10653800DC1A8A96185E668DA038EE6D936EE7F5C4
:10654800EEB397BDC3949C295D36D66D51D209AF81
:106558004ED38CDECA8D524A5525A65695B120A732
:10656800C8B8D2C142B61EBB6E3DF8AAB34FA5AF9C
:10657800686D4C61D6EFBF829D92BE3376957DB52E
:10658800D55D5AE65E72F4E6AB03C7A464999D9C98
:1065980039B6B369EB951E55BBB19050C392495AB1
:1065A8009B6DB692A254A4848DBBAB7F2E303686E9
:1065B800974767F9323DDC8C0400E370DBEF6EA689
:1065C800FB595DF6AFA83C8064A78EC67E29C81724
:1065D8002CB1F1A853A2CECC6C92EAD923B19B6816
:1065E800E2478920A4F70C3236F3F44253E6AE3979
:1065F8008EB3A9BF54AA74EEDB603B01B7D7D51898
:10660800A68442C0C4A56A2C57B4BB4069712BB795
:1066180056ACBB53A7A731BEF14EEF335EDF57CA66
:1066280021CF5EA71C5A9D20FA9FD8F022D8B2D05D
:10663800325152A713726C8E58797D31D264A147BA
:1066480035BD681DFA10EAD4FA42FD8F4248FE783B
:10665800976098F52955724C8A48B4D2D23A5EA60A
:10666800B792A1DF7D94DB8D3A3FF68E22A48C9CF5
:10667800AF64231CE7129E5B61418B2BAB280A0990
:10668800FF0092507548DFECAE8E1C6E98ECB57F1B
:1066980060A1B2B8B08BAAD0EB59797FD2CD76A7DA
:1066A8006EAB5131B6E6391F71127B2AF06644276A
:1066B800CCB4EA7B81EE93BA4FA83C10D3F55AAD1F
:1066C80029FCF4CFB771D0FB855490B25FC6126F26
:1066D800967C2A2519AA5E0DAC0DA6328FD0CDCD99
:1066E800615B891EC5C65437FBF4F1EBA0E3700566
:1066F800A7873E87F63B2C2ED3BFE5CB9C5BE151A9
:106708003BE710736D6167E592ADD6D53D594B8A6D
:10671800FB2DE5909FBF49E1E6E366F2FDCC39F534
:106728003FC24DD3B3F11474BA85A07C8269B39784
:1067380038E622EBB6568BF938EB3BBB3AD6400528
:10674800410EC823643600DC8EC91E89278F21A814
:10675800EAD53A9BB9EA1DB6C3A0F60B7C303221C4
:1067680066849AE33944ED76D4DBED77D7292AB0ED
:10677800C6F088ADDAD8D7B0094A9B2EF443AE618B
:10678800BFED42DE290A51EC402547EAEC2F73722F
:10679800B46C145533777CC56B5D867FA9AB2CD35D
:1067A8003087720BF53442845A88890A319846FD3D
:1067B80047E90965200FEF528EDDF86DCA5B04D2F8
:1067C8007244C586B16AC67FCCC644C36D29F70535
:1067D800354C549044464A52AF0D3EC10D2596C7DC
:1067E800B9EB3EBC49BBDD45D8C2FFD9FFD8FFE0B5
:1067F80000104A4649460001010200760076000072
:10680800FFDB00430003020202020203020202034A
:106818000303030406040404040408060605060921
:10682800080A0A090809090A0C0F0C0A0B0E0B09B9
:10683800090D110D0E0F101011100A0C1213121061
:10684800130F101010FFDB004301030303040304BC
:1068580008040408100B090B101010101010101069
:106868001010101010101010101010101010101020
:106878001010101010101010101010101010101010
:1068880010101010101010101010FFC00011080088
:106898002F004F03011100021101031101FFC40071
:1068A8001A000002030101000000000000000000BF
:1068B800000006070508090400FFC4003B1000019A
:1068C8000303020305040707050000000000010296
:1068D8000304050607001108122113143151610938
:1068E8002241711523243252819125334243627229
:1068F800A11663828392FFC4001701010101010000
:10690800000000000000000000000001000203FF7A
:10691800C4001E1100020202030101000000000071
:10692800000000000001112102311241516132FFC3
:10693800DA000C03010002110311003F00D46ADDE4
:10694800669B6ED1E757EB32D116053A3B92A4BC51
:10695800B3B25B6D092A513F903A88CCEBE732D449
:10696800AEEB867F11B7B3924D38C95D3EC4B6947D
:10697800F2D0D492D1FDFBC9491BB2D9214BFC6E90
:1069880028237D81DB0DF6748E85B55EECBCE85757
:1069980002AE3AE552755B25D75D4C84256A52D51F
:1069A8004B2E6DD99E41D0C9208E446DB360A7A7E8
:1069B80036C1208F2B11AC69C22C78F7D66D9F2E6B
:1069C800E8CA5351DEE25BAC48ED4D2C2FA85BEAD8
:1069D80051E54BA77DCA95B91FC20F53A75B32E596
:1069E800E88BB97DA5997EA12946D8B52DBA446D05
:1069F800FDC4BCDBB29CDBD545491FA246AE45C5EC
:106A08001D9687B4C7254094DA6F6B2A8757884844
:106A1800ED0C22E45780F424AD27F4D5C8B886D706
:106A2800C5B58EF8C9A14DBFB015DD3A857F446B59
:106A3800B6A8509F96A60CBD87F1202B942BE01D7D
:106A480046E93D02B63D43FAD17E7629715DCF3FD6
:106A5800245BB54E1333248950AB4D3EE3969D42DB
:106A6800A0A507E9D5546FF65714AEBC8E1DD23FCA
:106A7800B88F8A7615D31756881B0EB17CD76C5BF6
:106A88008F0EC8AB5569D79582F48AF5039242D028
:106A9800F7D49FB7423B1F7BDD4F6A91D7AB6AF3B0
:106AA800D0BC27E9A2BC3B6588F9A31250EF70A4BB
:106AB80009CE35DD6A4DA7F972DBF75C1B7C013B1B
:106AC800287A286B69CA30D4315DC6F5CD3A7D0283
:106AD800DAC21439E22CCBF6A1CB39EE6DBBBD314D
:106AE8008D96FB8AFE91D09F442B465E0E3E94D134
:106AF800FAC52AA0ED6336CA8094DAF6796ADCB161
:106B0800A96FA776DE92949EC4A927A283690A90EA
:106B1800EFE25AD20FDED67E9AF874E2F6158AF1C1
:106B2800F54B8A3BBDB13EE4AACC769F66B530737F
:106B3800F69395B97EA0B07EF06FAF2FF5FE5A950B
:106B4800593BA1271A1DE592AE870448B53B86BD7F
:106B580055794F381B429F7DF71477528EDB9FCFB4
:106B6800C068D88D08FC17F12D2184C818C65B6948
:106B780050DF6725308501EA0AFA69E2C39222D814
:106B8800E1733349948851A854B76438BECD0CA238
:106B9800B9094B52BF084877727D35432941459959
:106BA800C3AF1538E6AECE45B3ED47A3C9A12D6FE7
:106BB8007798B508EE01D9EFDA36A0970F30D810DC
:106BC800A41F1EA354345298F1CF164523895C257F
:106BD8004BE29F1B42EE376D2180E5663C6E8B735E
:106BE800B03F5A3A75ED1A23992AF128FCB4BB52E2
:106BF8000A9C08DAFE445B57B63CE26E9C84266C1D
:106C0800D7D11EE36D0364AEA1179112091E4FC7B9
:106C18005A16479AD7A27B18E8B41C2B486B14F174
:106C28001991306B0F7EC3ACA11725006FEE9694B7
:106C380012B013F369D48FFAB5A54E0CBB522CB819
:106C4800BBBE5C9395323D698794A36E51A0D9B4BD
:106C5800DD8FDC91377724A93EBD887D1FF21A1B92
:106C6800B15A15F976D798EDCD8D3867B786CF52DA
:106C780061436A6253E0AAB540A5D7D6AF3E54AD8A
:106C8800B4FA04687E0AF42CF681310ED2B92C3C91
:106C98005144476347B56DA6C476874054B71495E9
:106CA8002C8F321A4927CC9D391620CDF152AD7060
:106CB800EB8B6D2B36CD5AE95705F5484D7EBD59FE
:106CC80067DC94A8EE28866234E0EA84009255CA0C
:106CD8004124E8745B1BFC0B5C53AD9B1EF3BB7239
:106CE800F5E8ED3EC9AB06E0C2FA5262F6932365B9
:106CF8008794C731E63EEA82494F893E634E3F4357
:106D080022628B83383FA5D520DCD6BDB993EB4EE4
:106D1800C292DCB8A98B4F9AB69C5A14149D945A07
:106D28004EE3703F887CF4C22960B66BBAAA78B784
:106D380018556CBB42893F1B5BF724E915075AAA13
:106D4800CE122B75575DDB9D0DB2951EEECF400A16
:106D580094A076E9D49EA3A256C28F663D75C9F663
:106D6800EDF765CC1DAC365F8B310D2FAA7EB50BC8
:106D78006DC1B7910DA74E259153329D5EC0B12BC1
:106D8800993F0E2AEEA525749B99A95488C6524AA4
:106D980095CAB75A5213D76E6ECDD46E3FDBF4D670
:106DA8005A14C7C5DF7B49B2EA380339C7594C8939
:106DB800966BB4B94E0FE62A3B6B6BAF9FEF07E9B2
:106DC800A7565B9402DCD50FF5E64E8B19E3CE8B04
:106DD800B72A4971C1E3CCD36EB0D37FA079CFD79E
:106DE800416837C0894649E3EEB1714A01C6E0D42B
:106DF800EAD506F7EA025AE669AFD3746DF21A5576
:106E0800B074894F69C5A12E2DEB6A5F28654625A8
:106E1800429AE5356BDBA25D65C2B00FCD2EF4FE5C
:106E2800D3AB22C4B117CAF045030359F7B66AB504
:106E3800E91574D2A8B0D34E6A4C74B8FBAEA994C5
:106E480010D340F53B90371E1F13AD388B32A66820
:106E58005958D907015BF253963395E16FBD71AD6F
:106E68003FB1ADC8604A62DD863F76C32CB40A03E1
:106E7800BB6DCCADB7DFA68AEC5A7A44165AF693A6
:106E8800B2A8AF5230CDAEE21C50284D52A89002A5
:106E98003D50C83D4FF71FCB43CBC158FA524BB6B4
:106EA800F0B9EFAAEC8B96EEADCAAA54A52B7724BD
:106EB800485F32BE43E0903E00741AC9A0B6D3E2E0
:106EC800D2D8E19F0C644A15325545590AFA8820F0
:106ED800518C24A76A6B696DC4F7A75648E5F79DDE
:106EE8003CA13BAB746FD075D6F131915769194B02
:106EF8000F41B1EE1B66A18D65542A3588B19B629E
:106F0800A7216D2DF65F4B895BEF768473052CA462
:106F180081B1F051074C32943BACAE23E9996B0E2A
:106F2800E2EC072624D6EE5B23E94684A7794B32A8
:106F3800E338AED1B0820EFCE842483B8F86E09D34
:106F48001922C58C9B16B496EFAC6B50797D1ABB91
:106F5800152564FC0AA5B249FF00035936C7070185
:106F6800521278A7AF76E7775FA754F627E2AEF01C
:106F7800D93FE01D38EC32D1793880C3349CEB8D91
:106F88002A163D41686252B6934D96A4EFDDA520BE
:106F98001E4579F29DCA543F0A8EB4D4984E0C9F70
:106FA800CBEACBB46AD318FB2D4FAAAE4DAEDF7334
:106FB800871663854DB4C8E892D1F0520803650D71
:106FC800F71B75D7373D9D147400F8786A23DA8863
:106FD80039C3B876F1CD97945B42D082B595A82A8B
:106FE80064B524F63099DFDE75C57C0790F127A0DB
:106FF800D4949370273DA276151317F13D56B0AD82
:10700800E42841A352292C214AFBCE2BB9B6A5B8B6
:10701800AF5528A947E7AEAA8E4EC3BB0312F0AD01
:1070280053F6725E3986BF4CA9AF24D22AEAA5A2CC
:107038007A5D78763396B498ACA100F665A5347776
:1070480051209DF9BA8213A88AD3825C71ACAB43F4
:1070580071A5A90A1DE76293B11F66775116FE6DE7
:107068000AE3A07D1EFAA0943D49AB4858FAD41E05
:10707800A92D28781F3075C8EA38385172AF6F715A
:10708800674DA92211EE93EA13A1B84389E88792C4
:10709800E72F4DF7E87975A5B07A35335B3980B9B4
:1070A8005309E35CCF4A4D2B205B6CCE2D0223CADB
:1070B80041ECE4C727E2DBA3A8F97507E20E86A432
:1070C8005382AADCBECC1A1BF296EDA394E6C461E7
:1070D8004494B350A7A5F5247973A168DFFF003A5B
:1070E800CF11E4765A1ECC7B3E0CA6E45ED91AA5D5
:1070F800556904154683113142FD0AD4A59DBE4049
:107108001F5D3C4B90D0CA17A63EE0E31D3142C636
:10711800962302A7520B14F88D0E5438E24005E965
:107128002F28F32F6DC74DCA8F80D8750BAD125C11
:107138008C6AE2B6D0CB978DC154E20AF2067C5A2B
:10714800ACB6E24D9AA90D733727B3F75B0D85737B
:107158000472246DCA36006DAB16592816B4ACDD1E
:107168007751F07D7701458F4F36EDC15C8D5F9289
:10717800EADA5192990CB7C894A55CDB0411B120E6
:10718800A49DC788DCE9323C3D9E7C28DDDC43E5D4
:1071980064D6E3BED53ED8B75A7D7519EA7505C0E1
:1071A800E38CAD0D3686F7E624A94093B6C003D725
:1071B8007D86A23FFFD90000FFD8FFE000104A46B5
:1071C800494600010102007600760000FFDB00431B
:1071D8000003020202020203020202030303030481
:1071E800060404040404080606050609080A0A0930
:1071F8000809090A0C0F0C0A0B0E0B09090D110DD1
:107208000E0F101011100A0C12131210130F101079
:1072180010FFDB004301030303040304080404080C
:10722800100B090B10101010101010101010101067
:107238001010101010101010101010101010101046
:107248001010101010101010101010101010101036
:10725800101010101010FFC0001108002F0050036C
:10726800011100021101031101FFC4001B000003FA
:1072780000030101000000000000000000000607F4
:10728800080405090102FFC4003A100001030302C3
:1072980004040306040603000000000102030405B9
:1072A8000611000708122141131422313271911579
:1072B8002342516181174352A10916336272823405
:1072C80083B1FFC4001C0100010501010100000099
:1072D8000000000000000005000102060703080482
:1072E800FFC400351100010107020403060603016B
:1072F80000000000000102000304051121310641CD
:10730800071251611322718191A1B1C1D1141624C0
:107318003262E1152342F0FFDA000C03010002118A
:107328000311003F00EA2572B34CB768F36BD59997
:107338008DC4814E8EE4B92FACE12DB484952947D4
:10734800E401D2C326E63DF7BCD51BDEBD51E246BB
:10735800FC7257D8824BB4DB0AD572538D33394C43
:107368001C97A4250A198CC9295BA7F98EA92D0396
:10737800849D7326ADD00A32E6BD77DDD40ADB974B
:1073880095E1579D57DC9ADAD135A6A512A1470E8B
:10739800005A796C7C26528149658E5E565050A5FC
:1073A80024ACA4089A52A70CE698366A7B61F64684
:1073B800DFD956E26ECEFF004B9955BE671F3F4D91
:1073C800A138FADF720151E60FBE14AC2A41CE7221
:1073D800AE8827A655922B1A8B57CB34D22B16AAD8
:1073E800BC50A842727EDEA7E2C6A4F208E9E2BF5A
:1073F8004E9A2058A8D80FB9EC2FE8CD6AAF1417C9
:107408003BCF2BEC7A0D3A1B5938F30B5BCBFDF1D4
:1074180081F4D6491BC62982D4441B84A46DCD555A
:107428001F980D7D86E1DC225357EF54A3DA807C48
:107438005BE695C4FDD4CBA3ED8A0D36637F883017
:10744800A532BFD892A1A503C628F76A1F8C7295EA
:107458000ED549FA8678AE1E412D3FA77AA49FE43F
:10746800011F46D1EEE6D7597C52D31FAFEDE5CBCD
:1074780036D7DC08AC821B5CB7596E62523A21F4ED
:10748800215CAA03D83A8F527F1023A6B59D37AC4A
:10749800A5DAA524422B95E0CA0D398771D477184F
:1074A800DC06A0CE34EC6C8D557E9AA0FF00D0C7C8
:1074B800F47B169A36AEF09D4A995FE13F88F35007
:1074C8008947ADCAF2D1E4541D52DEB7EAFF00C8BD
:1074D8009085A8F5654A29390797D4140F2A95ABE2
:1074E800583B16067A86D66DFC0BDA0D62F0E13E43
:1074F800EBAB4DA7D624CA71DA03CDCC71AF2B5EA6
:107508008CD953410B0A04332D9CA319C654DABDF8
:10751800F4874673D435C5C176F2CBDDBDA18CC5E1
:10752800C0F38BB96D673EC6ABF8A7EF16A40FBAC8
:10753800757DF99481824FE242F5249AD9A0A1463B
:107548001AE38EE5A8D5A896B6C2DBD504C49FB8C1
:107558009520D4E7C9E91A96C7DE48757FEC01255E
:1075680047F46C8D25746748ADDA3676B343AC4C76
:10757800ACEF6C8A5A556658BE05B76251E48CB5B3
:107588002A52413152E24FC4940E79B23DF9D6A441
:1075980024FB9D470CEC6FC2AEDF96A354B89EDC6B
:1075A80036955592CCF719B75130F319F56528A9D6
:1075B800D9AE67AA8364A883EDCDCC47B0C567551B
:1075C800EA1469A962A372B3640EAA38AF6193FD85
:1075D800B1C90CA55398E4C3D6891751E8919F699E
:1075E800C0670AEDAAFDC4C26F0B92BF4F822AEF93
:1075F8002FC0915490A42A62D3F1148093848F6091
:107608004E00F61EDAF362E4D1F3777FE5A62F92F7
:107618008F149E553C510554C94D126C315341800D
:107628001B6444C21A5EB32E8374A597605421204C
:10763800F2838AD4E4E4E4D5BCFE16DE2FB28934A2
:107648009811AAACB8952D2BA74D6A405007048411
:107658008214707DFA74D32F44CD9690B85407A93C
:10766800209050B4AAB4B1B035B6F6F565F9925C7D
:1076780085143F59764679D2A4E6E2E453E3E8D983
:10768800B4ED91DCEA960A6D7763A0FE294F36D0F7
:10769800FA124FF6D7D707C39D4717887291D5447A
:1076A8000F8135F837CF11ABE4F0F51E3D7B24137D
:1076B800FD7C5B713F64B70EC9A5B978B53E134F21
:1076C800D28799222BCA2F3413EEA07001C771DC20
:1076D80067DFDB461FF0F67DA7A1CCD92F1214EB8C
:1076E800CDE551A80324580F51B861CEB574AA70DE
:1076F800FC4B8A1443CF2F980A5FA8FF00D7E8DA1B
:107708006DFCDA2A7714BB41FC41B769CDA2FF00B2
:10771800B6585B4B43431E7DB40E65C5577F50CAB0
:10772800DA27E151E5F651D6DDA43512753CAD11E5
:1077380066CF0795406CADC8EC45C7B9B34D432833
:107748003248D5381742BCC93DBBF7183EF6916F91
:107758004BBAAB7858F66EF4C294E26EFB3E547B9B
:1077680076B127243AF38C0F1E99315DF98A50B609
:10777800544F5E66BAFBEAD15DD825366A5F67EE7C
:1077880088762717F06AB4A2962D7DF5B7D9ADC6CD
:107798006D3FE9B735C4175491DB21E43C3FF6014E
:1077A800A90B1689BB07F1737E38FEE9EEA5CACB93
:1077B800D936B50A05894A20E79255432F4C527F9E
:1077C800250612A4F4FEAD32B2D24D832B378ED9E2
:1077D800A845AAEDAF0D56F3644BA44089E71B48B2
:1077E800C15D72AA52E3CA50EE5B429B47FC53A4A8
:1077F8006F60C8756B0B79E814DB028F656D8505C2
:107808001E152EDDA50432903E356420AC8EEA3874
:10781800528FEAA3AC0B8C918A3130F083F684A99D
:1078280054EE4D3E41B54E1DC3A7C07F134B920584
:107838007B018F7B31D522954CD88A154AA2D52B4E
:107848002D428C96975180663485A8E0FA07ABA83C
:10785800C8C8F9EADC5EC342E8D867F101164240BD
:107868002F11CE05736EE181074FA2353BE74E8A93
:10787800AEA51210BE4361D4F4608A3EE0B14398CD
:10788800CCFA4BF6332FB0CAE3B4B4D2A747296970
:107898006A0A527A023054339EA754D82D50EA5CB3
:1078A800F12F61950C0A4103FD6F51406E7008BFBE
:1078B8005A55AC715245C6BA2EA212FCA49048E79C
:1078C80074AB8140720E2C2F4625677BEE57A82D8E
:1078D800D4652ADD80F3D507A330B79B94B43ED393
:1078E80068195B684A4A8FA943DF1F5D585D7102BA
:1078F8003D7049887A5D20A96A4A490F28A09A5D97
:1079080020024F98D2F4F9B08568F831145D243C10
:1079180058080A34E4052546C092698E956C81772B
:10792800DE571DAD79C7AE4565D808A238EC696C3D
:10793800D39F8895B8A0429090EFA940019CE35D41
:10794800CCEE6D3596CC5DC6A41741C9295076A4F6
:107958000AD0D8735CDBE2DC4CB25F2F8D83543ADB
:10796800885F8802925695900508354D87A30C705C
:10797800BF5375AB8EAF470496A443449E5EC1685F
:107988005E33F456AADC1E8D52239FC257CAA4F355
:107998007B5273F1635C44864AA11CC41174A88AA3
:1079A800F623EE1A46DF4B2E3D91BCFBDD60539962
:1079B8000DD36AB45172C5640C25B75A75A9492903
:1079C8001DB057253F256BD03BD1B2805B21CADB68
:1079D8009076076077499FFCBB22EF95485389F75B
:1079E8002C26478A94FCB008F91D3F766DDB43725C
:1079F800CD4DFD7F4288EABC46EF5DE19B21EEBF9D
:107A08001B0D3AC466C7C8256A1FBE91BB2638D964
:107A180054B7B9DFE20953AF493E3B112BD5AA9AB7
:107A28000ABFA6302C307F6F411F21A6A554C8F984
:107A380043543C51521E4D4E875C09CB4EB2E4353F
:107A48002876503CE3EA09FA6B08E32402FC6868EC
:107A5800D02C4149F506BF225B52E1CC5A7C17F085
:107A6800B5B82143D0DBE618BE8B6BC3DC7D94A090
:107A7800D0D1537194B2CB0B714C729573B5CD962E
:107A8800CE7E039F72474D5BA024EE355E908584C1
:107A98004BCB009AF2D2B545472DF06BBD2CC023D5
:107AA800264F641A89FC4945C9552BD15BF7B6D5D1
:107AB800BB2A9CBB6AF467EB299D74D5A029B88FB3
:107AC800C1669D3663AFCAF343012E254940425330
:107AD800CC9F8B3F0E40CE759AAE77172F5C487FB0
:107AE80012B4512501DA94A52F9C7FD0F284815DD0
:107AF800EB8AD2AD774CB21E2C392E9CA57E64A899
:107B0800AD294A51C9920824A89A1F7E68C471AC4D
:107B18005DC2B8514E9AAA5542538884976056243C
:107B2800548C199114E0254D3A0025612B2A230025
:107B38001E550EBD700F3AD3D3B99A5D3E2E94A24E
:107B480011543D53CF0DE23981AA5592405548B0A2
:107B58003CA45EF401D5399541178EC2D2905442A7
:107B68009DA51E23B5530A1800914ADC8A8B8EA462
:107B780012AC55EDDEDFDD555AE56BCC4AA95191C3
:107B880015DE6756E6646140E14B393CC549C0EDF6
:107B980083A38FF4EFE599146C4C6BEE653C74127B
:107BA8006A49F30A8C9B9E624506CC2D13913D9A37
:107BB80042B8877744A1E150B016B6426C2801A9B3
:107BC800DD87385EA53CE572B15CE5FBA8F1511490
:107BD8001EC56B57311F44EAB9C1C815AE2A2234F5
:107BE800FED0909AF726BF20C6388B14130EE618DD
:107BF800E4A8AA9D85BEAD317101588B75EFD6FBFF
:107C0800DE115C0A816A59CAA11753F0F9A754C456
:107C180064A73F9F3ADD1FF43ADF0E496CA45986EA
:107C2800A5B3CDC0A5B104A72FD43721EF2E3B9F14
:107C38004941C7EFA7D990CB016DDD6129BD769683
:107C48006C857A5BBB9725793DDCA8C7C93F51A6EF
:107C5800DDA4CDBE039E078AFAAF8EAFBD7A0D6F45
:107C680019EEAF32927FFBA7172D1386E87EE259F3
:107C7800516FAB5E550A4A836E2F0E467719F09EF8
:107C88004FC2AF9763FA13A05A9E42EB51CB5E40A6
:107C9800BCB13749E8A183F7EC4B12924D5E4923FA
:107CA8001114EAE0588EA37FB8EE1A43948BBAC039
:107CB800AD3F4D5499D499F1D5EB4B2F29B0A1D9AB
:107CC800431D14923D8F5D795A21335D2D18A862AA
:107CD800A53A783342457A1B641C83BB6F0E4C046B
:107CE800EA192FD294BC7671500FB3B11B8EB862CB
:107CF8002B4F76AEC875EA67F982E1973696894DBB
:107D0800F986E5210F1F0F9B0AC1524918F7E87B36
:107D180068EC935CCC9D4739FC7BF2B72143982AE9
:107D28008AB56E6E091D6C6AC2665A6205E42BD16B
:107D380008E825E729A11517DB0697EEC77B85C458
:107D48003D56056E651ECC4405468EA0D89EB05D96
:107D58002E2B1EA2919E5E507A03DF07576D55C5E4
:107D6800389848C790728092949A739F354EF4DA87
:107D780095C67AB56641A19CBF854C44C39B99576B
:107D8800E5C53A577A90CAE935CBF7742AF1A93292
:107D9800AA132AD29E73EE23E425A41EEBE5002540
:107DA800200CE544741DF59B2E613DD65148855B3A
:107DB800C53D59361B0EF41614DCEC1AE8884956F2
:107DC8009C70A7E8425DA40B9A5CF6A9B9AEC37390
:107DD800B3323773726DEE11B644B51E5479375508
:107DE8004D2E229CD67AC89AA4FADF503D7C16867E
:107DF800093FED4A7DD5AF4D696D3EEB4CCB510641
:107E08008BAB2A3D5472476D8766C4E7936793B876
:107E1800D544AAC3091D13B7DCF768837122BDB521
:107E2800DB0745B4EB4EACDDBB9939378D7CBA72B4
:107E3800F334F6B9BC9B6E0F7E6716B5BC41EE4FA6
:107E480071AB11C309FDC59A949B51736470C7C384
:107E5800D960192DA8DEB5D68752DA1D5A9F485F1A
:107E6800E479138D3F40CDB55A575CA91448B469DD
:107E78007D52F51EAD21C4E0F50A6DC69D1FDD1AC1
:107E88008B4D9C5C2FDC42DAE30A8F2D01419A8DE1
:107E98006EA34F584FBF2CA0E147EC0F87A7196678
:107EA800561BABE53CE9E557F6D746E6C3B78D81E7
:107EB8006B5ED0D312E0A725D280434FA0F23AD709
:107EC800FC543A8F9751FA680CF34E4BB50BA0E669
:107ED80039DF31183850F43F7B31495CE6324CF3D6
:107EE800C4845D3A8C83EA193D54E165DF194687FD
:107EF8007724364E4225C6CA87FD907AFD359346CB
:107F0800F0741784C245797A2937F7834F835F2144
:107F1800788A0279625C5FF89B1F616F297C2C3C30
:107F28001E49AD5DADF85DD10E36158FC8159C0F95
:107F3800A6A507C1B573FEB62BCBD129FA92D28973
:107F4800E230A7E99C5FF92B1EC02ED9DBA17DED9D
:107F58007F089602AE13467E4CE9EE18B058402AC8
:107F6800913E4019095BC461B401D4938007B027DE
:107F78005AA48F4CCBB4DBA2EE05DD09CA8DD47DA3
:107F88004F4ED86A24D6751B3A781514AA81802CCE
:107F980091E83EB96842DBBA26EFB6E657B7D77C18
:107FA800642AA16DD9319BA9D420471E85A3C5E4B5
:107FB800894D8ED9F850B7B014A3D080A2A3EAD1C6
:107FC800D172C34D836AA88DD6F887DECA85FBB9FE
:107FD8006A2CD1E3A1EB86E02D10A116931121465E
:107FE8003328CF31F404349007E2528E3AE9B2CD07
:107FF80060D51F044CD4378B762FEE25EE38ED3242
:10800800B7969A35262A482223452925B48EC10DCC
:1080180025947EA79CF7D493735689B0A37FFFD984
:10802800FFD8FFE000104A464946000101020076E9
:1080380000760000FFDB0043000302020202020395
:1080480002020203030303040604040404040806EA
:1080580006050609080A0A090809090A0C0F0C0A84
:108068000B0E0B09090D110D0E0F101011100A0C33
:1080780012131210130F101010FFDB00430103033B
:108088000304030408040408100B090B1010101053
:1080980010101010101010101010101010101010D8
:1080A80010101010101010101010101010101010C8
:1080B8001010101010101010101010101010FFC019
:1080C80000110800300050030111000211010311D2
:1080D80001FFC4001B0000030101010101000000B1
:1080E8000000000000000607080905010204FFC49B
:1080F800003610000104010205010603080301000F
:1081080000000001020304050607110008121321EC
:10811800311422414251610915321623526271818C
:10812800829118337283FFC4001B0100010501010D
:10813800000000000000000000000001000203042D
:10814800050706FFC4002F110001030303030107FD
:1081580004030000000000000100021103042105CF
:10816800314112516113062223327181E14291A1FA
:10817800C1B1F0F1FFDA000C030100021103110094
:108188003F00D46BAB7AEA0A999776D2D1161406D7
:108198001C9325F59D92DB484952947EC00278498C
:1081A8002CC6CEB59EC33BC86CB992CE972CE38C37
:1081B800C972B304C6152DD619B0718F7BBAF842AF
:1081C80093BC66774BAF9F9DC525A0760788C9E508
:1081D8003C084B9BDCC32FA0B95677995C4EB5D4AD
:1081E8007BD2DD8466A495115085805990E33FA722
:1081F800DA149E92C31B74B48295A9254509E0122E
:108208008F94E6D3FA5D38E58E3C2D57E63ECA7565
:10821800EEA2D927F31A6C4D0F17E4C4EA2542548D
:10822800AEA57487544EFBAFC2373B052B7D9AEA47
:108238008CA5BEEB2354D6ADB4D1151D2E3C0DD55F
:108248000D8CEA87341ABF098B7D388DA6D8EC09C6
:1082580075706DDA6ED44C9B212CCB0E16D2B28E73
:1082680084F580D1DF6DC7BC36DF86B5F56A09684D
:1082780003EBF85468DE6A17803E8F434100899308
:108288008331DB385C7D43D76E65340222AEB54A54
:10829800AF4FF26AF6D86E438DD289709F0DAA4B04
:1082A8006C1E92E152770A7504EFB0D8F01F56ADF4
:1082B8002F9A0FD14377A8DF69CDEBB80C70F12066
:1082C800EF1BFDD0864634A39E3A5917BA4F95D86E
:1082D800621A9F5F1C2DCAC952DC8E65B681E10EF9
:1082E800A10AE87103D03EDFBC9F986DE048DA8DA3
:1082F800ADB6EB4F4CD6AD7511F0CC1E41DFF29206
:10830800FA4F9A4FAE997FCA87316E5845A6BE91EB
:10831800ECAC3F60F296FE3F6FB8EC4842D44FEEAB
:1083280094BE93B83D3B90A07A54AE1C27672D733A
:10833800DD73F4F20E6702E331E53F2BB79B5D6D09
:10834800324B8E503CDCC75AF66BE8C825AEDAC211
:10835800810CCB6429BDB7DB7520EDBF000E1199E8
:10836800CAB7B92CD6499AB3A411A3E42FB8BC93C1
:108378001677F27B60EEFDD5940FDD3ABDFCF5294A
:1083880003651F8AD0AE1ED32135C20A1FE7932684
:10839800B3B0C671AD0AC6A6A635AEA459A61C8749
:1083A80049F11EB99D9C90EAFE88006E4FF0A143EA
:1083B80080E3C20DEEA3476CF1EBCB2B9D5E7AB543
:1083C8002EE03A7088F8EE1953253BB5612C1262FD
:1083D80034E27E60485CD91FC44A527C1E1909EBFE
:1083E800DD2A8E9C4317BEE6C7511AFCEAC1AB05CD
:1083F800C3C5D89A4285A5FB9B95CB741FD4DB3B9C
:10840800957D3A86DF2F86BDE29B7A8ACBD63516D4
:10841800E996CEA9B9D80F29758562197F303A81B6
:108428006AFDB64C10F3AD3B6D7D7B6016F0619034
:10843800A092E14A77538B2B5A50DB49F24A92912A
:10844800B01E28869AA7277E5730B7A15B56B87307
:108458009EECEE5C78FF007681F45A4957A3B9BCCC
:10846800ED19C9311C3EE6C709B1B0ADADA8A39757
:10847800215D12DA8B0E3A10953C1A512C9755DD76
:10848800DC2495242FEBE38BE29B8B08185D0A9D77
:1084980095636AFA5489612000798688931B4E7C1B
:1084A800842B91F2EBA80BD05ADC073FC9ECB30937
:1084B800A2258C1B29B09B32654565E71A7E3A9A3E
:1084C80043CA0B9219763B7BA490B5254ADBD00EA4
:1084D80018683BD3E97192ABD5D36B9B36D1AEE22A
:1084E800F30413B9830411393040F2567EE578EE6F
:1084F80065A0FA891575F7A1AB08419B5A6B9AE5F7
:10850800292DC861CDCB4FB5D5B100ECA4A90A1E61
:108518000A54823C7150834DD85E06B52AFA5DC074
:10852800731D9C1046C41DBF23ECABFCE715A9E7DF
:108538006B9798FAC98D55B0CEA462CCAE2DA468BD
:10854800FB0F6C2C8EA763EDEA7A927BAC93FA4909
:10855800E9F43E2FD37FAAD9E5751D17526EA36E95
:10856800DAA7E6D88F2A75CDB2DB2CC309C2F5C2CB
:1085780014A5A32EC4A5B18EDD4A4EE1C79E8E9EDA
:10858800FD64D57C7A94D216D289F99AF3E7827B76
:10859800AD61E552BA3B9443C139BE876356131F98
:1085A80017D74A066F233493FBB6E6B88EEA923E95
:1085B800E9792F27FF00A0E1C374DDC216E6EB3D81
:1085C8005B9AB5A9B92B4F93FB198D43C2EA8A4E22
:1085D800E5136CC95CA5A3E8A11C2D3E3D3AB80E75
:1085E800C94E6EC947AC58FCDA86B4CB971C71A14A
:1085F800EDD5F5F166CF6D29203B796A52A255F584
:10860800EDB45A40FA24700F6080E51B73F15B0FDC
:108618004ED3A5FA21440B7538B63AB9213F075F06
:1086280071CEDA9D57F32BA1C24FD5678AB7472180
:10863800AB9F7B635DC6B53A3C013FBE3FA4BCE53A
:108648002B5069309CCACEAEEE642826EDA84A812C
:108658003272BA22A26C49497DA69F5EC7A1A77A49
:108668004A3ACF84A8A49F00F1151774BB2B1F4367
:10867800BAA76F54B1E626209DA410403E0C44F1E1
:10868800BABEB5575D31C384BA9C813231AA690537
:108698000AB7992E63214B8C140BB1A1861D52E5A4
:1086A8003CE805B496BDD01456543D0DE7D46C642F
:1086B800AF737B7F4DD40FA9EEB7924F1C8107246F
:1086C800ED8C2FBD3AD7AA64E9FC576B5A732489FD
:1086D8000DA220DA479F1D31DE60125AF6A5BCE2D2
:1086E800550DC427A52E07878292525636E132AC23
:1086F8008C275B6A0DF44103A8704111E2676EC6CE
:108708007B72B3C39A0CEE8F35CEEBE2E3F651ECF5
:108718006363D542BDD9D177EC4992B7DD90FA9819
:108728002402594ADE2842B61D5D3D5E878A355CC3
:108738001CEC2F03AD5D32E2B86D23D5D22278242C
:10874800924E7B09809EFF00860E51323E759961DC
:10875800A5C518D3EA58B308DFC25D65DED9207D08
:10876800D2EA41FE8389AD1C412D5B3EC75622AD3E
:108778004A138227EF31FDA08D6FC323609AC3ADE2
:108788009A7501A0DD6DA530C9A13207BADB8CBC92
:10879800D4B4F48FB072527FA2B6E2C9DD7435FA50
:1087A8001CBB76BF40B4135519F12B06CBE55429F1
:1087B800C1EA584C80EA527FB750FEFC1E11E571A1
:1087C8003359433FCEFD89C73AD19C6B0CA5BBF109
:1087D800EA6185B319B1FD025676E17296C8D34AAB
:1087E8005A6F543F10AB0B59043F1A0E456D3DBEEE
:1087F800AF23B70D2A659FF5D2823843740E02EC79
:108808007E27D8BCB6339C2F330DA8C59B54FD6278
:10881800960784BACBBDD09DFEE97147FC78AB764C
:108828003DE0573DF6C28BBD6A7540C111F706524F
:1088380007966D3EA3CF73A9AE64701BB1AFA0AC11
:108848005597E5EEA949666BEA79B61869D29F3D56
:108858009EE3C952C0D894A4A771BF10D1687BA069
:10886800AC4D16D59735C9A827A44C77320007C652
:1088780065684EA3F2F38FB7A78E377516BAFA0557
:108888007B20CDAC14D122B4DB03C38A82A61B4B58
:10889800B11C6C12B414A943DDD9615B93C5D7D15F
:1088A8006F4E57BCBAD3698A07AC07771D20639E01
:1088B8009812237FF32BDD27D04C58E0FB630B3451
:1088C8001452D4E0AC8ED57467572E3A5452DCB9A2
:1088D800CB90D2D529C776EE6CAD9012A09481B614
:1088E800E532888C6C95969D4FD18A7EEB4CC606F6
:1088F800477748C93BE702600505735FA6F4D826A9
:10890800615D63470615726E9B9899B02124A62B6A
:1089180013A2495477971D249E865DD92B08DF64DE
:1089280012A48F00714AAB035C3A795E1F5DB4658F
:10893800BD50E608EA990369062478272139FF0023
:108948000C0C6253F9CE6599F6C88B02A58AC0BD96
:10895800BC29D79DEE103EE12D249FFD0E25B512B2
:10896800E256BFB1D45CEAD52B46008FBCFE173F58
:1089780098AB38D937317ACF90C4712A8789E04FBC
:10898800D5BAE0F29321C4331D28DFEA56FA87F8F6
:108998001FA716CE4AE863601094A693FF00022A28
:1089A800639F2ECAD4977D9D27D4ECDA9276FEFC7D
:1089B8002E10FD482B4F2D92BCDF49253EE1D8668D
:1089C8002ECA73CFCCE58C7DCF0139357912784822
:1089D800E6C2D9E7D5BBAF42BA58DFD7A8C90491D8
:1089E800FECF05A729AED95B9CCCE87C5D77D2B9D0
:1089F800F87F71B62D58509D4F257E12CCB403D206
:108A080009F50858250AFB2B7F870AA53F51B0B204
:108A1800357D386A56AEA3CEE3C159558764996E41
:108A280080EA44B6AEB1BDA5C44BB537B4938ADA73
:108A38001223AC8EB694A4F94794A16DB89F45252E
:108A48002A1BF19CC2EA6ECAE6542BD5D2EE9DD4FD
:108A5800DEE083CF8FEC10AFCAAE6C5DC7F97EB88D
:108A6800D5409977ADB306BE452B168E2132BB9201
:108A78001D722AA3C87590039DA7E3B9BBA1214A1B
:108A8800494EFE4F16C5C7C32F5EE9BACFA364EBA4
:108A98009F980889DE492083DE08ED91BA286F98EF
:108AA80017B3BD11C5B51A0487F1E6EEA2584EB743
:108AB800318A1D7E335063BAB90DB0A701014A71DE
:108AC800B4A52E11B80ADF6DF879ABD4D0E1E7F878
:108AD8005646A46E2CA9D769E9EA0663C024C4FDEA
:108AE80037E167066F9965DCC267B530E8F1971220
:108AF800EAD945550D143529F532D15297D2A71523
:108B0800E5C714B5ADC75D57A92A27603C512F3575
:108B18004E02E7B73715755AED6526F86819C7DFAD
:108B2800F72568254B78BF223CB2172D64C597926C
:108B3800C8EA74B6956C2C6DDD4F8423E3DA6D209A
:108B48006EA3E88413EA40E3429B0526C72BA6E9F7
:108B58001A68D36D8511BEE7EAA3ACC0CFC1F97915
:108B68006E4E49216BCBF5A2DD37F61DCF0E26A23E
:108B780032D4B6CAC7A80F3EBEB1F6007C38270269
:108B880056B8C9C261D7E2EA9D8AF2CBA105857BB6
:108B98005DE59AF30B66B6DCA63ADD2B41207A0236
:108BA800DA54785E10E49534B5266D0318ED92E337
:108BB800BCDBB4970F3DEF36A494A9B798747A8FAD
:108BC800E43C04E4E5E556F3F6639C2AD7C2542254
:108BD800D8DB5A5695049290991DC2DEE76D80DC69
:108BE80023FDF09BBA04616AC11D43A4F12A8E25B6
:108BF80027F5DF95AD30D7C888772780E42BB611E5
:108C0800DB8D7507644A6D3F04AB7F75D46FF2A89E
:108C18001DBE0471154A4DA9BEEB2752D1EDB531E1
:108C2800F1443BB8DFF2A78BEE4B75A2A34BA6E944
:108C3800262D71875F5448F2C4E9CEC9852D922646
:108C4800894925094ADB510A2B4FD3A5C3F1DB8A91
:108C5800EEB77F4F4EEB12B68574CB536B44B4839B
:108C6800C990779FA7FD4418172C9AF3134CABF4BF
:108C780093239782D452C3ACB5AC5CD8AF4A9B312E
:108C8800C4D87FDCE049086C2923F4EFB8FAF0F681
:108C9800D1A91D27CFF2A5B5D2AF596CDB5A85A152
:108CA800A03848927DEDFB4230A4D3AE5F391AC29A
:108CB80064669303F2ADDF498C2C24203F6562E99A
:108CC8001B88F1D006CDA4EDE424048F054761C4C8
:108CD800ACA4DA590B5F4DD1ADB4D1F084BBB9DF88
:108CE800F0A419397DDF35DABB233CD5975FAAC0DC
:108CF80030F8EAB1B08CCF5A9B815C95FBB15BF838
:108D0800B926439D2D957EA51EAD80090383F319D1
:108D18005B31D22021D9CE641CD16B91B8BD80F5CE
:108D2800163AA1DC90A2C2931E8F1F889EA5241E0E
:108D38009E91D2D0DB61FA9C58D81E16E50380A913
:108D4800BE50E3BFAD5AFF0098F3072EA9C854944C
:108D58007191418D45711D22333D212DA120FA14B9
:108D68003091BEDF33AAE0B7265076042FFFD90032
:108D7800FFD8FFE000104A4649460001010200768C
:108D880000760000FFDB0043000302020202020338
:108D9800020202030303030406040404040408068D
:108DA80006050609080A0A090809090A0C0F0C0A27
:108DB8000B0E0B09090D110D0E0F101011100A0CD6
:108DC80012131210130F101010FFDB0043010303DE
:108DD8000304030408040408100B090B10101010F6
:108DE800101010101010101010101010101010107B
:108DF800101010101010101010101010101010106B
:108E08001010101010101010101010101010FFC0BB
:108E1800001108002F005003011100021101031175
:108E280001FFC40019000003010101000000000057
:108E3800000000000000060708090503FFC4003809
:108E480010000103020404030604050500000000E5
:108E5800000102030405060007111208213141131D
:108E680014710915222351613242628124337291AF
:108E7800A14344528283FFC4001C01000104030182
:108E880000000000000000000000000501020607C5
:108E980000030408FFC4003611000102040404049E
:108EA800040407010000000000010002030411216E
:108EB800051231410651617107228191131432C1A3
:108EC800426272A11623245282B1D1F0FFDA000C5B
:108ED80003010002110311003F00D44AE566996EB0
:108EE800D1E6D7AB331B8B029D1DC9725F59D12DBB
:108EF800B484952947D0038C58B31AFBCE7A8DEFEA
:108F08005EA871217E3B2BDC824BB4DB0AD6725300
:108F1800AD33354C9D7C69094286E8CCEA95BA7F29
:108F2800D47549681DA95635935BA7D364BAAEDDDD
:108F3800F77502B8ABD2EFABCEAB665569C44E69D4
:108F4800B9454AF7387342CBCB63F0996A05259641
:108F580036ED65050A292B29012A6A9C054D0A7BED
:108F6800E5CDA7977C2E40859BBC4AD566D5F302F4
:108F7800A43DE347B5D2F2A4CA885475121F4A9596
:108F8800A1789D495B876A0F4DCBE9CF1E6A0CA873
:108F9800AC437E4A45C3DC2B89713442D936010C77
:108FA80058BDD668E95DCF417ECBC2EAF696E65455
:108FB800B94B4D9B61D02951771285545D765BC5BD
:108FC8003F7D850907D30262633109258D002B6631
:108FD8004BC22C3A1B47CE4C3DCEFCA0347EF52B21
:108FE800C6DBF695E6A4394937558D6DD5A3120A27
:108FF800D30D6F44740EFA1515A75F5C633188AD05
:109008003E76823A6A9F37E11E1915BFD2C67B1D8C
:10901800D68E1F6A23AB917949C6FD35EA9E585D05
:10902800750B37346231BCD3E5CB718135B40FC2CF
:10903800E25B56D7503A079BF891F986982D2F395D
:109048000A6C794D08D8AAAB88F83713E1839E3BA0
:1090580073C23A3DB522BC8EED3DF5D8949ACABB91
:10906800C67D2E5D7B84FE23CD461D1AB92046623F
:109078004541D2B7ADEABEBF22421C513F256A29FD
:109088003A83B79820ED52B1D00EC5454DEE17334F
:109098002FE05EB06AF78709D75D5E6D3EB1265353
:1090A800AED01E44B75BF2B5F8C82A68216140F813
:1090B80032D9D51A6BA6AA6D5D7183915846EAE23A
:1090C800E0B73965E6DE514662E079C5DCB6B39EA5
:1090D800E6AB78C7E6AD481F29D5F7DCA40D144FD9
:1090E8005521587B4D6C9AE14286B8E3B92A156A36
:1090F80025AF90B6F5413127E6254BC39CFEBCA3AE
:1091080052E3FCC90EAFF40092A3F66C8C238D2CAD
:109118009028DDCACD0EB136B39DAFD2D2BB36C4CE
:109128000C5B76251E48D5A972D2098A95A4FE241F
:10913800A06E9B23AEF5A9093D4E113BB2EB6485A9
:10914800323D896857B8BDCCA8E6B3322CD722DAAD
:1091580091A692AF79D71D24AE5B9AF3525B515119
:10916800D7EA164684271CB333025E118875DBBA2A
:109178009170C602FE25C49922D346EAE3C9A353D7
:10918800DF61DD2820D5AA19A19AB4DA8E61D6A5A7
:109198004F7EE2AE436AA9354BD1C521D7D085842D
:1091A8009E88012ADA9006891A6839622F531A2094
:1091B800310D6A47EEBD3F120C3C1B0A7C3C3D81D9
:1091C800A21B1D94750D2457FB89373B92A839BC07
:1091D80017C6A849CCC9D4BAB316FD16817447A4DA
:1091E800D127D66528471101064ACED05521692ACC
:1091F80043684F2D55A8D770C77990A988F69A006B
:109208004004E94DFBF2A7350487E203E089286FA3
:109218006FC489121973DAC02A4D3C82E68D162470
:109228009E54D923F383286AB9555CF09D7D87E85D
:10923800B5190F9A1C9F3F1DF7E7C26D412996503B
:10924800C9212859D40274E7AA74D5271C71A03AF9
:1092580003B983A75EB4534C071E858D40B54446B9
:10926800819C652035C6F96A40351CBD74282A8F53
:1092780059AADBF55875DA154A440A8C0752FC4995
:1092880071D7B1C61C4F30A4ABFC1EC475D472C6CE
:1092980086B9CC21CD3708C4C4BC29A84E811DA1EC
:1092A800CD70A106E0D7FF007FC56D5D16F53F8E36
:1092B8000E1ED199749A730DE6959AD2E1541B61EA
:1092C800013E7C369DEA674FA38925C6BFE2BDC92A
:1092D800E8712C9499F9B859CFD42C579678CF8641
:1092E800FF008631332F0EF09FE667E92743D5A6A6
:1092F800DD6C7753BDEB77552F1B26CDCEA872D6E4
:109308009BBECF96C5B95892490EBAE303C7A5CC00
:109318005F7DE5085B2A279EE6B9F5D31D3D5453CA
:10932800A2A6727AE88762717D06A949DB1ED7CFAB
:109338005B799AE466D3AF86DCD7105D52076D433C
:10934800C9787FE8061C2C534DD0771717E2DFCD7C
:109358003CD5B9597B536B50605874A20F344AA856
:109368006AF4C527F50612B4FD7E2C23AE539B4044
:1093780012AF38EDBA844AAE5AF0D36F23F8BA3C2C
:10938800089E71B09FE6572AA52E3CA50EE5B6D4D7
:10939800DA3FA538422B60B01D4A67F1FB0A0E5F21
:1093A800D2B2AF262DF496A8F6FD21F90840E5BD06
:1093B800C052D070FEA3F3093F559C05C69FE663D3
:1093C8000752AF1F0824D820CD4E11725AD1D2D9D6
:1093D8008FBD9480CC8721BCDCC69C536E465879DF
:1093E8000B1C8A5483B811E85230101A5F95FD950A
:1093F800CA5A220CA77B7BD95FF69B55EAA5CB6F8F
:109408005AEBAC79AB85FB6A9D7C488115720541A6
:10941800A90F4B2F3EE45756E0880250E1086949EE
:10942800E8B59D4AB9938C6B9CF0DFC540EEB5AEAC
:10943800DB53A515113AE812F2D1A68332C1111FE8
:109448000438E5C946B32B43800625E82A41D86D80
:1094580064537EE5E3598358BBE935DC83B11DAF1E
:10946800C6A6FBE2153DC71C44D9EC3A143C46A6F7
:10947800360250F25D4942D013B77949DC776B8DDB
:10948800B160FC52E0E86336BD7BD46FCD0EC2F10B
:109498004385C3968B027A28845D91CE0065691452
:1094A800B163B56E535049AD2A2829459ABA2D3F64
:1094B8000AD2A0A1C8857507B83F7079623ABD1075
:1094C80028402157BECD5B965C1CD7B92D70B3E5FB
:1094D800AAB4312D48EDE2C779212AF5DAE9183125
:1094E800833C88CE66C457D5551E2E4A322E1706A1
:1094F8006A9E663E95E8E1FF004550A67A5991ECD0
:109508008CE7CEEB029CD06E9D54A28B9A23291A2D
:1095180025A71A75A94368EDA15C903ECAD3078EAA
:10952800B454003BAF772B6E41C81C81CD2647F160
:109538005645DF2692A70752C091E3253FD811E888
:1095480070BB552735C2B96626FEBFA144755E2299
:109558002F5CE09B21EEFBD969D623363D36A94323
:10956800F7C26A52847192A946677B416A75E927F6
:10957800C7661D7AB553415730511818EC9FDBE187
:1095880023D061C35486CD463ED37B56509F63DFBC
:10959800286C98DE14BA3BCBD39217A879B07D40DB
:1095A8005E9E98078CB0D5910E9A2BBBC1F9E6FC4C
:1095B80039A933F5795FE9F49FB2861D4EF6DC6C64
:1095C80072DC928D4F6279601ABA8115E8B51B87F3
:1095D8002B2E8F7CD7ED5E252897521C65CB162D38
:1095E800AAFD252C8DEC4B63687372F5E44141F8B4
:1095F80074D7983D08C49E52107B84C83F872D17A6
:109608009A78AF108F86C18FC391E15088EE8A1D7A
:109618005D5AEB8B75AEB5E899D5D5B4FE7ED9AC5D
:10962800C12152A2506ACED436F54455AE3A5ADD1D
:10963800A7653A9569AF5DA71D2FBCD369C8D7B593
:10964800A8A372D56E033062685F0C37F500ECD4BE
:10965800FF001D7D1651676D318A2E71DF54988881
:1096680009622DC7514349039049794A03F6DDA79A
:10967800ED88ACC0CB19E3A9FF006BD43C3D18CCF6
:1096880060F2B19DA986CAFB00A90F6695AB2E763C
:1096980064DD179168F94A551D14FDFA722FC874D4
:1096A8002B683FD0DEB82583C3262B9FB01455EF17
:1096B8008BB3CD87874094ADDEFAFA3452BEE68B81
:1096C800999FF598B75E7D67BDDF1541702D4B35C5
:1096D8005422EA7A192EA988C94EBF5DEB747FD04F
:1096E800E0F1D6AA831A21998C6BC0A5B10769F35A
:1096F800150CC77BCBA7B9F84A397EF85D926E8006
:10970800F2EEAE945E994D35F50296EEE5C970938A
:10971800DDCA8C7D49FEF8409E9B7C07BDAF15F5E0
:109728005320FCD7A0D6F4D7BABCD249C386A98E99
:10973800D15ED9E794546CEACB6AB5855773C033C8
:10974800109761CA09D5512520EAD3A3EBA1E447B4
:1097580074950EF8D733004CC330CA31C3B8DC5EF9
:109768001DC461CFC2BD0F986999A751EDA750B12B
:10977800FEFEB02EBCB2BAE6D977A525702A90179E
:10978800B5682094388D4EC75B5745B6A1CD2A1EC3
:1097980087982043E2427407E489A85EB2C331394E
:1097A8005C6255B3928ECD0DDEFD88D9C371EA3562
:1097B8005DECA2CF5CCAC91AB2EA56157CC76642EC
:1097C80082A5C0909F1A1CBD0683C46C9FC5A72D97
:1097D800E9215F7ED8D92F351A54F90FA6C87E39EA
:1097E800C3586F10C210A7D8096E8E068E6F63F625
:1097F800350AC2B0FDA1994ADB352B8AF2CB8A958E
:109808001AE79CD35E6DDA636994DD414D021B4F04
:1098180088A295A00D48014344EA4EB82F0B168440
:109828002AE7B7CDD154D89F8598ABF24BCA4C35AF
:10983800F01A4D331232575B52849B5C6AA2B79878
:10984800BB33A733E6B940A13D3ABB76D5A44C6AF1
:109858001303710A75D2BD353D1080402B3C804EF4
:10986800A701A8E998BE51727457133E5B87F0C6EA
:1098780088CECB0A0B002E3C9A29A6B73A017DA8C0
:10988800AF9A954AD9E02B86C6E8CD4C893AF6AC12
:10989800071C6B6FFBAA92D237BDCF9F80C2741A88
:1098A80091CC2523915E2552B2E2560866FBF75EFD
:1098B8005FE2AE2189C4F89BE71C0860B301D9A315
:1098C80041DCEA7A9526661C47F2B72128B6956DE1
:1098D800E5AAEECCC9C9BC6BE5D27C66A9ED6EF2EF
:1098E8006DB9DF738B5ADD20F7F4C6E366A8E8B9D3
:1098F800AA69D26D55CC93C3170F859064B6A37A25
:10990800D75AEA509756A7D217F43B124617420285
:109918004E654AEA952289128B2F9A5EA3D5A42C0C
:1099280073D48536E34E8FF2DE113D38F85EB88584
:10993800B7C61D1E6361419A956EA301613D76CA43
:109948000E293FB6BB318DD5348B2D602370D09E48
:1099580098DAB5A01CD9C8FCB6CE9A3228D7EDBC87
:10996800DCE2CEEF2B2D0A2D4A8A4F52D3A3E24FC9
:10997800DC1D527B838D11E5A14CB72C408CE0BCDB
:10998800438870F46F8D231295D41B87771A7DF95D
:10999800291EE8F663BCB96B72C6CD74A23A89D8A1
:1099A800C55E9DBD691AF42E34A1BBD4A70222E07E
:1099B800D7391FEE15AD25E3000D1F392B7DCB1DC3
:1099C800AFA387DE8BC6D9F66354552D0ABBF36661
:1099D8003A63255F1B749A610E287D02DD5109FEEA
:1099E800C7190F0671FA9F6E89D39E30C20DA4A4C1
:1099F800A9CDF9DD6F668BFBA7157E3644701D97E0
:109A08006E5C145B5DF9554AA2BC947715F36755F3
:109A180024685410E4823469B1A6A40D00EC951CA6
:109A280014812D0A547F2C5F9EEAAEC7B89B12E2C0
:109A38005881D3D12A068D1668EC3EE6A7AA8D2D4B
:109A4800CB9E7E7AE6657B3DB3CA42A7DB96447619
:109A5800AA751811C7C2A4177643A6C76FF2B6B77E
:109A6800880B51E5A05151F8B1B85CD4A054CB652E
:109A7800C9A2A2B7C44675D42FECCC5A99A3B08713
:109A8800EE1B80B4A0A116930D216633290771F847
:109A9800025A4803F32947BE135294D851545C1113
:109AA800313F38B35EFEE262E18ED34A7DC4D1A96C
:109AB800315241111A29492DA47608692CA3EE7751
:109AC8009E870E1735486C28BFFFD900FFD8FFE0E6
:109AD80000104A464946000101020076007600005F
:109AE800FFDB004300030202020202030202020338
:109AF800030303040604040404040806060506090F
:109B0800080A0A090809090A0C0F0C0A0B0E0B09A6
:109B1800090D110D0E0F101011100A0C121312104E
:109B2800130F101010FFDB004301030303040304A9
:109B380008040408100B090B101010101010101056
:109B4800101010101010101010101010101010100D
:109B580010101010101010101010101010101010FD
:109B680010101010101010101010FFC00011080075
:109B78005601C203011100021101031101FFC400C3
:109B88001D000002010501010000000000000000A6
:109B9800000007080600010405090302FFC4005C71
:109BA800100001030302040206030A0808080F0054
:109BB80000010203040506110007081221311341B0
:109BC8000914223251614271811516235262729131
:109BD800A1C1D217183357829296B135475373866D
:109BE800A3B2C22426344354A2A4D125273637551C
:109BF80063667475839394A5B3B4FFC4001C010015
:109C08000300020301000000000000000000000043
:109C18000102050603070804FFC4004311000201FE
:109C2800020303040F0801040203000000000102FC
:109C38000311042131050641125171D1071314157E
:109C480016223242536181919293A1445254628206
:109C5800B1C1E1F023334372A2D22434F1FFDA0018
:109C68000C03010002110311003F009B70FD69EF16
:109C7800D711756BD9A1C4EDE36F0B62A298E5B15A
:109C880025F91E28716F608C3C80803C2C63AF7F67
:109C98002C6A15D96EC8339E0B3789D4FE1F8CBB2E
:109CA800ED4A3F043D8FFF00AB4F92F9C5CA5CC631
:109CB800A6A7C3B71A3B74DAAADB65C4A4ABA5711F
:109CC800873A69B582A497BF25224175B24FCD481E
:109CD800FAC68B34174C9B70B9C56D4B75AB751DA7
:109CE800ABDD1B7D16F5FD444ACBAC250A69B96985
:109CF8006884BB86D4496DD4120A9192083CC9384D
:109D0800C80277C81AB0CB6A8915BE3FAD8DE0BAD4
:109D1800B6E6874FDAFA7D62A30854D4AAD43A4843
:109D2800529F75BF0FF024A11ED2DB0BC9206467B8
:109D3800909181D264546C157866A2DF56F6C559A5
:109D4800F46DC932BEF86340E592894E788F34824B
:109D5800E28B4DB8AC9CA92D16D27AE41183DB4D69
:109D68006827A84FD3115A00AD0056802B4015A084
:109D78000AD0056802B4015A00AD0056802B401580
:109D8800A008C6E7C7BB65EDCDCD1AC27FC1B8DD57
:109D9800A4CA4529C0A0929945A5787827A03CD89F
:109DA800C13D01C1D0C10ACFA3E6C5DEFB4A55E7D4
:109DB8002F726995FA551E6FABFABC6AD7881D7A5F
:109DC8006852CBAF212B2558E5290A5F651C77E53A
:109DD800CEA6372A561CDD51256802B4015A00ADBB
:109DE8000056802B4015A00AD00249C4ADCBBC3C1C
:109DF800366FA50377A1DE372D5F6E2B1393EBB477
:109E08007726B8E468CE1490FC60D925290A473330
:109E1800AD7C16952476198774EE5AB3561CCA156C
:109E2800729572D160DC3429CD4DA754A3B72A2C82
:109E3800868E50EB4B4852543EB046AC833F401A96
:109E48007BC2ECA158B6BD52F0B9A6A6252E911535
:109E5800C9729E3F450919C01E6A3D001DC9207977
:109E6800E8D035148E1513BDFBF1B8354DFABC6F2B
:109E78007B9693637DD179CA3DBEDD41C44694B0DB
:109E88004A52DF860E0B0D0C051ECB701F20ACC28C
:109E9800BB7729D96439FAB24AD00568039DBC74E6
:109EA80071535BAADDAADA2DB3B86640A7D05FC5A7
:109EB8005E753DF5B4ECB9C3A7ABA568215C8D13FD
:109EC80085007DA73A7D0198932E2B898F48BA2E5D
:109ED8000E126C48F7B6E55CF5AAFEEADD10D4AAC6
:109EE8000DB550AAC87A3D1622C60CA96D95905694
:109EF8007B729EB9F606087140D0350016E1DD2D5B
:109F0800EDBBEA959ABDF93D86DB4AAA77057E7CCA
:109F1800E75B894D8D9C175C08200FC56DA4005424
:109F280070948EE44E6CAD0D85F9BE528DB9FC1659
:109F38006D5D42B34CB35977C5952A5495FDD2AFA0
:109F480048181EB12979CA11EC8E48E8212818CE84
:109F58004F62E2B04AE183869B9F73217F09FBA38E
:109F680077D56DBDBA85978BEF551C8CBA9A527D03
:109F7800AE55A94034C0C614E9EFD423CD491B51CE
:109F88005CA93B2392952A988A8A8D18B949E4924C
:109F9800576DFA92D43B6E17A4036A36DE9AD59FA2
:109FA800B2F6DAEE4FB9CCA62C77F9951A9CCA52BC
:109FB80030909528171E031DC000F7E63AC3E276D5
:109FC800E52A7E2D15CA7EE5FD9DADB07B116D2C71
:109FD8007255B6A4D518FDDF2A7EED23ED6DFA85FE
:109FE80092F4E38388EBC9D70357B22DE8AB24A6D4
:109FF80035122A18E51F0F155CEE9FEB6B0D576B9A
:10A00800E2EAF9D6E8FF002E76A6CDEC69BB7B39EB
:10A018002BD0EDB2E79B6FE8AD1FA03E8DB89BDF5C
:10A028007A55DAA741BE6F9ADD4E49FC1C78D529CE
:10A038006FBCE1F9210A27F5635F2AAF88AB2B29AA
:10A0480049BE966C33D91B0F66D1752A50A54E0BA5
:10A0580056E30497B5A091F7738DBD96A7A2ECA817
:10A06800CADC5A452D85254B76A6552E223270031B
:10A07800A874AD2807B7B413F5EBEBE5ED1C22E5A2
:10A08800BE525EBCD1AD772EE46F1D4784A6A8CE24
:10A098006F846D197B1C792DFB2E323B7F74C5E3D1
:10A0A8009F6D66409970556C9DC7B552842A751688
:10A0B80073ECB0EA1CCF238594AC071A5292A0A483
:10A0C80013CC8527D95608CEC3B371DDDD06A59418
:10A0D80096BD67486FE6E6BDD2C5C65424E542A5DD
:10A0E800F92DEA9AD62F9ED74D3E2B85D3140DD540
:10A0F8006788AD96BADDB3AFABD2ED872900B91D3D
:10A10800F6EB92951E6339C07595F38E74FC47453E
:10A1180024F450075F7E68D1159E8187839E306B3B
:10A12800966DD28B03766E59952B6AB8F25B8D507B
:10A13800A8C953CBA5C951C0E671649F016480A02A
:10A148004E10AC2860156A93B09C6FA11AE33F6269
:10A158002A1B15B829B8ECE72644B46E871C7E1272
:10A1680063BEB4260CAF79D8DEC9184F5E76FF00FF
:10A1780024A923DCD26AC38BB92EE12373AADBA3FB
:10A18800675C9C2FDCF7A55204FAAC57275A558414
:10A19800CE751222CB6FF08A64380F39485243814A
:10A1A80039EA90F27B1034D3E026B8989C2AF11152
:10A1B800B93B71BF036DF78AECAD4C815292BA047A
:10A1C800B62AD39C9029D504B852D2D25C279417CA
:10A1D8000786A39C10E255E43427679834AD91D2E2
:10A1E800B1D756417D00259E8FE60C4DC2DF187D04
:10A1F8008335D6518FAA44D1A88EA54874F56495A5
:10A20800A0049776696D51BD231B6D50B7878732BF
:10A21800B14F69EA886FBAC06E5B4A52BEB69B48B6
:10A228003F248D43F28B5E48ECA7DD1F56AC834B71
:10A2380075DEF6758D0454EF3BA693438A428A5E19
:10A24800A84C6E3A55CA32794AC8C900F619D1A045
:10A258001B3813A1D4E0C7A953E421F8B29A43EC00
:10A26800BAD9CA5C6D40292A07CC1041FB74019108
:10A27800A00C4AB55E9541A73F57ADD4A2D3E0C51F
:10A288004788FC994F25A69A4FC54B510123EB3AB5
:10A29800000257F8F6E18A83355045FCBA92DB3C58
:10A2A800AB5D3A9EFBED83F9E12127EB048D4F2945
:10A2B80015C964A6C0E2C787EDCB98CD32D8DC9A21
:10A2C80077AFC83CAD449C170DD715E4940782427C
:10A2D800CFC9249D3BA62B34173BE988BE80233782
:10A2E8007EE66DF582E4462F4BD28D457A7AC222FE
:10A2F800B336621A71F2541239104F32BDA20640B9
:10A30800EE74AF60B5CD9DC372DBD69529EAEDD169
:10A318005C8149A747197654D90865A47C8A94407A
:10A32800CFCBB9D3D000FC8E3738608F2BD515BA78
:10A33800719641C171A812DC6FFAE968823E634BDD
:10A348009487C96106C2DE2DAEDD042D5605F74699
:10A35800ADADB1CCE33164A4BCD8F8A9A385A47C85
:10A36800C8D09DC1AB12C97322408CECD9D25A8F88
:10A378001D84171D75D58421091D4A94A3D001F1A8
:10A388003A620395EE32F868B765AE0CCDD6A6C82A
:10A3980079B514A84065F98907F3D94293FA0E975D
:10A3A800290F92C94EDE6FEECEEEB3EA8760EE0556
:10A3B8002AAB3129E630D2E16A4E31927C17025637
:10A3C80040F320634269834D040D311E1366C3A711
:10A3D800447675425331A33082E3AF3CE0421B48D8
:10A3E800EEA528F403E67401ACB5EF4B46F58F2AC9
:10A3F8005D9F72D32B4C429062487A04A43EDB6F77
:10A4080004A5450548247300A49C67CC68B81B774D
:10A418009E66332B9121D434D3492B5AD6A094A5C8
:10A428002064924F4000F3D0047ED0DC6B0F703D67
:10A438007CD9177D26BC9A63A9625AE9D292FA1A86
:10A448007149E64A4A9248C91D7A1D2BDC2C462FD1
:10A45800EE24763B6C67AA937AEE45260D41BF7EC3
:10A468001B6A54890D9F829B642949FE901A2E907D
:10A47800ECD9A2A1718FC34DC329B850B76694C354
:10A48800CEAB95227B6F43493F9CF2129FD7A39492
:10A498008392C30C499127C66A6C192D488EF20322
:10A4A8008D3AD2C2D0B49190A4A87420FC46988862
:10A4B8009EE06F1ED7ED632877702F8A4D10BA394A
:10A4C8009B6643E3C7707C50D272E287CC24E9369E
:10A4D80090D26C80D2F8D7E18EAD2C426774E147F8
:10A4E800714AE54AA6449319B27FCE38D848FB484A
:10A4F800D1CA41C961969557A557603355A254E210
:10A50800D421484F3B3262BC975A713F14AD248224
:10A518003EA3A6232F40119DC8DBDB6B74ECAAADCC
:10A52800897643F58A755582D2F1D16D2FBA1D6CA3
:10A53800FD15A1402927E23E1A1AB8276150E15EAD
:10A54800FEB976037367708FBB72BF05E3A9EB4E44
:10A55800A0B3869E4B84A836827A043BED2903E893
:10A56800B81C6FB903509DB265BCF31D4C8C67567F
:10A57800409BEF256AA7C5C6F2B3C3AD8F3DD6ECA5
:10A588005B4E4226DE9568EAC25E750AC08CDABC6C
:10A59800CA540A47C5CE6560867ACBCDD8A592B88D
:10A5A800DD5068548B628B0ADEA05399814EA73028
:10A5B80088D163329C21A69030948F900354499F90
:10A5C800A00AD000538B7DEF1B1FB453EB14D9089E
:10A5D80045C35826994549EE990B49E67B1F0690D5
:10A5E80014BF873040F3D293B21A576221C3B5AB78
:10A5F8006ED856BD538ABDD4866753A8324C6B5A61
:10A608009AFABDAACD6CE4859CF74B6AC92AFC600E
:10A61800B575F0F0617396F3C81BC189B8FC4C6E30
:10A62800D3CE499A89B5FAFBCB95366C95144583F8
:10A638001903DB7567FE6A3B28C003C80006547A15
:10A64800AD47A232374EF8B751019DA8DAC79D161B
:10A658004D1A478AE4D5A791EB867A472AAA0F8F25
:10A66800C5EE196CF442307DE2700227FC2FF0F53C
:10A6780040BBA04FDEBDE6929A5ED9DAFCCEBEA7FB
:10A68800C948AABC83D594E3A9682B09572F55A8B4
:10A6980086D3D4AB1339C6941D4A8EC91F560B05F1
:10A6A80088DA589860F09072A9376497F9A716F479
:10A6B8004B3669B88EE25EE1DF2AB26934E6DCA285
:10A6C80058F4B21BA4D0DAC211C881843AFA53EC08
:10A6D800A9780309F75B1D13D72A3A763F684F1B01
:10A6E8002B6905A2FE5FF991EA9DCCDC9C26EA6104
:10A6F800D4DDA78892F1A7CDF961CD1E77ACB579E5
:10A708005920B752758F378188E18B83DBA37D9CF5
:10A718006EE7AFBEFD0ACB6DC29334207AC540A464
:10A72800E1488C1431CA0820BA41483D0051071944
:10A738004D9FB2E78CF1E59439F9FA3ACEBADF5E6B
:10A74800C8385DD84F0B874AA627EEF9B0BE8E767B
:10A75800E3C54566F56D2B5FA47B6BB41B73B454DE
:10A7680074D16C0B5A1D2DA2901E7909E691208F89
:10A77800A4EBCACADC3F59C7C00D6D987C2D2C3498
:10A788007934A363CD9B676FED1DBF5BB7ED0AAE50
:10A798006F82E0BA22B25EC47BEEB3F4885B637664
:10A7A800CBAE36D2E9CCD0E72E525C03954D0617D6
:10A7B800CC083DF23A6AB12E2A8CDCB4B3FD88D8B5
:10A7C80070AB5369E1E143CB7385ADCFCA5613DF54
:10A7D800464583568D12EBDCA9ACB8D4398DC7A396
:10A7E800432A1D1E5344B8FA87C4254509CFC79884
:10A7F800791D60760519252ACF479759DC3D9A3689
:10A80800AD29CF0FB320EF28F2A72F55F28AF6AB68
:10A81800BE8B0D9EF0ECDD91BDD683F68DEB4EF12F
:10A828005B397224B6F024427B180EB2B3EEABE269
:10A838003B287450235B1B573A293B1C97DF2D8F0D
:10A84800BBF61EF47AD1BA990FC77429DA7545B4E4
:10A8580010C5423E71CE9CF650C80B41EA927CC1AD
:10A86800493C6D58E44EE34BC3ADF34BE29F646B38
:10A878003C2FEE45413F7C74C83E35BF517D597130
:10A88800C6DAC782BC9EA5C615CA9563AA9A57C9D7
:10A898004754B35625AB3B89BC59176ED55FADC934
:10A8A8006D0BA65C969D533C8AEECCB8EE60A4FC7A
:10A8B8005394907E293F3D495A8C271A56D52AEB46
:10A8C8008B66714165B059A4EE0C0691510D743137
:10A8D800AA4DA3A6481D145285209FC68E4F73A665
:10A8E800F9C51E61E4E15B770EF3ECB50AE99AF865
:10A8F80072AF15069957EBD7D719012A59FCF4F20C
:10A9080039FD3D5A774435661774C4261C1554A979
:10A91800547DDEDFD4542A7122037227903EFA1B3D
:10A928002A024CCCE0288CE32350B5653E0373F72C
:10A93800D96BF865EFBE2A5F227A957AE3581F6FC4
:10A9480036AC9067B93C5B6C26D84379CAC6E053ED
:10A95800AA135B4928A7521D4CD92B3F8B86C94A9D
:10A968003EB5A923E7A4DA4349B061C365837B6E8A
:10A9780086EF5638B5DD0A1BB443518DEA56A51D3E
:10A98800FCF8B1E114F287940E08CB7909C80545A3
:10A99800C755800A72966EEC6F2C90D8EA89120F10
:10A9A8004A45312F58F64560B692A8B539B1828824
:10A9B800EA03B1B9BBFD6D0FD1A891701C2B1181B1
:10A9C8001AC9A0461D9AA5C447E86503564199715E
:10A9D8005C147B528550B96E09CD42A6D2E3392E5C
:10A9E8005C870FB2D3484952947EC1DBB9EDA0050C
:10A9F800176F6D8ACF1C3714ADD2DD413A2ED6D2EF
:10AA0800A6AE3DB56B25D534DCF5B670A9324A48FB
:10AA18002BC76383EF73241012AE795E36A53F14FB
:10AA28006968BB67B776E4245368362D029F190915
:10AA3800080D47A6B284E3E784F5FB74EC4DC13EEC
:10AA4800F9F069B47BBD4594BA6DBF02D9B9020A61
:10AA5800A2D569D192D02E0EC1F69184BA827BE438
:10AA6800730EE950D0E298D49A045C1E6F9DFB6780
:10AA7800EE24DE1677B5F7D753A7ADC8F469329D33
:10AA88002B710B693CC63170F571B537F846567AAB
:10AA9800E072F505204A7C18DAE2876F5648887A12
:10AAA8004FA9498FFC1D5D91D252FB2F4F865C0345
:10AAB800A8E8CBA8FD6851D448B813EA2F0C9777BB
:10AAC80010D3A1EE671515B945B71097A9565D3192
:10AAD800F5331298D280203CB1ED29D50EAAE52194
:10AAE80059E85440E50ED7CD8AF6D02937C2270D4C
:10AAF8006DC3F514ECE5B85BC63996C294E7FF0060
:10AB080050AB9F3F3CE9F250AEC5838B0E1368DB18
:10AB180025446F7DF622754ADE7ADF94CAE5456AD8
:10AB280052DCF564AD61097D85A895A7956A485200
:10AB3800095254957960832D5B345277C99B3B3613
:10AB4800D2DEDE3B2140B9774EBAEDA7B651421BA3
:10AB58006A9B4BF6575A90DFB2EBC39860A79C28C4
:10AB6800732C14A4FB2849214BD19CB50CA3A0C17C
:10AB7800D07837E1AEDF82882CED3D1E694A025459
:10AB8800FD442E5BCB3F12B7147AFD581AAE4A2704
:10AB980094C1A6F9F02BB7332DB97766CC539EB480
:10ABA8006EEA334A9D0053E53A96643AD82A08E596
:10ABB8002A25A59C612B6CA70719046749C7986AC1
:10ABC8005CE11F83EDDEAAEF3EC7D2AE3B85E2F51E
:10ABD8006A03CED2AA4F10125E799C61D207652D06
:10ABE800B536A3E5CC55A7177426ACC95710D4665B
:10ABF800ABFB13B814A7901697ADBA81008C82A44A
:10AC0800B0A527F5A4687A02D406FA345A03612A53
:10AC1800B20003C6B9E51E9F28F1C694741CB51A84
:10AC2800BA9418F53A7C9A74A485332995B0E24809
:10AC3800CE52B49491FA0EA893987C21D037CEB70F
:10AC480026F9DA6DA8ABC7B729F324466ABF712C79
:10AC580012F531A654FB6111D20825E7473004608C
:10AC6800808CF327BEB8D5F44724AC38762F031C64
:10AC78003CD9F0528AA5A3F7D35157B5227D71D597
:10AC8800485BAB3EF2BC304369C9C9E89CFC49EF5C
:10AC9800AA5144F2999178F041C37DD94E7E2B3B5D
:10ACA8007EC50A4B8921B994675719C6CFC42412A7
:10ACB800DABEA5248D3E4A17298A1D8973F11DC362
:10ACC800CEE45D3C2B6DC2D15CA95424A58A319099
:10ACD8003F070B993E289AD21594212A615CCB4AEA
:10ACE800BD84A93CD851042A15D645E4F3192DB9D9
:10ACF800E02F6FA1AD774EF6D4A6EE1DDB3CF8D35E
:10AD0800E4CE94E88BE21EA4252085B801C8E6703D
:10AD18009CF92523A6A9479C972E608356E0FB86BD
:10AD2800BACC35437F68A851C1494876136B8AEA83
:10AD38007A770B6D4159D3B217298BE5976E567800
:10AD480034E286DEDB9A557A6CFDBADCC2A6A2C76D
:10AD580094BE631A5679539C613E225C2DA4AC01C3
:10AD6800CE8747302539D4F92CA7E321E51DB564F2
:10AD780017D0001F8B6E1DDBDF1B2113EDD098B79A
:10AD8800ADB7CD2E872D2AF0D6E28614A8C563B0BC
:10AD980059482957D070255D073653571A7617B585
:10ADA800F1AFB837B6D2533692D7A25413BCD5797F
:10ADB80066DC92A4B25B2C84FB2B9609E88754329C
:10ADC80008FF009B525C59C04A733CABAB15C9CC19
:10ADD8006B3876D8DA26C1EDCC4B46029A95527874
:10ADE800FAD562A0949E6992D40732B27AF2247B93
:10ADF8002807B2464F5249A4AC4B770A1A622B4037
:10AE0800163D3401CD1E2B2B75CE2538ABA6ECEDA7
:10AE1800A7214B8B45929A04650C9436F92173A4AB
:10AE280091F9012527E4C7CF5C6F3762D64AE0E382
:10AE38008A4DC0A5DC97853B6AB6F92A1656DDB35C
:10AE4800F7068B1D9F6BD6A42484BF2303DF5ADC2F
:10AE58001CA0F9F2E7E99D0D8D1BFDCD88DF0D5B88
:10AE68004D1F66E12DB4DFF7DC56AA17A4A460AE27
:10AE7800053CF5629895771CC725CC639B0AEE14B0
:10AE88009C0F2C8167983CE1EF65EA1BE5B8B1ADF2
:10AE980074C83068D0DB33EBB51242530E0A0FB6D4
:10AEA800AE63D02D5EEA73D892A3D1274BA4A49C9D
:10AEB8009A8C55DBD1135E27B7EE9FB87320EDA6A9
:10AEC800DA349A66DA5A01316910E382844C5B639A
:10AED80097D6543B91DFC3CF5C12B3ED2CE351DA24
:10AEE8007B41E2E7C88790B4F5FAFA8F52763DDCE9
:10AEF800A8EECE13BAB151FF00E4D45E37E45F7117
:10AF08007AFEF3E2F2D16606D628EC60EFC2470E6D
:10AF18006FEFE5F6A5D65B75AB4682A43D57752461
:10AF2800A4C851EA888850ECA5E09511EEA01EC58A
:10AF380049D64B66E05E36A78DE4AD7A8D0F7FB7B4
:10AF4800BE3BAB80B50CF1152EA0B9B9E6FD4B8719
:10AF58003CBD499D5EA6D36051E9F1A954A86CC4D3
:10AF6800870DA4311D865010DB4DA461284A474047
:10AF780000000035BAC62A2B92B43C9F5AB54C45FE
:10AF88004955AB26E526DB6F36DBD5B7CECC9D33EE
:10AF98008C15F1155ADA61B7353B4B7637058B625C
:10AFA800975B6D0D3CA4494A25BCC8712A5A1A46BC
:10AFB80014B5730494129492028E3AEBE2C74A874E
:10AFC8006974EBCB929FBCDA77470DB59ED1A78BFE
:10AFD800D938775674DB6B26E29D9A4DBC92B5EE54
:10AFE800AED68005FF00481EC56DBD1A159FB51B5E
:10AFF800775B9F4AA53423454210DC08E9427B72FF
:10B00800F8854E1CF72A52324924E49D631EDAC3A0
:10B01800508AA7420DA5EC37F87628DBDB62B4B17D
:10B028009B5B1318D49BBB79CE57F5DAD1F627650D
:10B03800A235907D27F4A5C909A96CDCE6A393D5B0
:10B0480071EB4DB8B03F354D241FEB0D42DE057C4A
:10B05800E9FD7FA3EBA9D852B28DE963537EB834DA
:10B06800BDEA4FF60A532E5D81E3B36E6A166D3E54
:10B07800AAA62AF19BF5A8ECCB643551A5C803090B
:10B088007D2824871193CAAE4514A924A49048C6E4
:10B098005B0D8EA18D5FE9BCF99EA75AEF16E86D8E
:10B0A8005DD79AEED8788F2538E717EABF07EA699F
:10B0B800339CEF31B85C39EEEA50EA0D36E9B3EA71
:10B0C80029713DFC3771D4107E932EB6AFB50BF8BD
:10B0D800EBE8D0D6F541778CEA4D06EF7AD1E24E0F
:10B0E800CA60228DB8D4F4A67363198F5361212BDB
:10B0F80042F1D9452394FC54C28F9E9BE714798969
:10B10800670B91D3BE5C356E5F0EF2D4976A74906C
:10B118002BD6F0575521C512A484FC078EDE0FC923
:10B12800F3F1D0B35613C9DCBFA367725CA0EE4D30
:10B138006F6C67B8A6E35CD0FD762B4BEE89B187C0
:10B14800B49F91534A567FCD0D38B091D21D5907FF
:10B1580039B637870DB8E223787799EBFD55529ABF
:10B168001DC8EFAA220C90C83E34A93CE544A4931C
:10B17800FC9A71DBCF5095D96DD92B0763E8E2E1D2
:10B18800B4B7C8215C60FE30ABAB3FECE3F569F2C5
:10B1980050B94CD0557D1B96253A4B157DB2DCAB8A
:10B1A8009EDBAA42703F11D90962621A753D52A00E
:10B1B8000250A183E7CDA3921CAE723E8E20788AFE
:10B1C800E152F3A7DABC49259BB6D0A92FC38D71EC
:10B1D800C46878C940F794952529E75241CA9A71FD
:10B1E8002178EA952877576B50B27A0ED53AA10A9A
:10B1F800AD4F8D55A6CA6E4C498CA244779B5732E9
:10B208001D6D690A4AD27CC104107E7AB2452BD2E0
:10B218006B143BB1D44938EACDCACA47F4A2C81A5C
:10B2280099151D46AEDA47876F53118C72C3607F3C
:10B23800AB4EA9122BDE91CBCAA148DA0A458D4A3A
:10B2480075489178D65B88E007DF65A1E2149F9185
:10B2580073C1CFCB532D0A8EA31FB7165D3B6EACBF
:10B268003A058F4A69088D44A7B30D3CA3DE5212F4
:10B2780002D67E6A573289F8A8EA912F3249A00A85
:10B28800D0021BC7FD246DDEEEED96F9D112199A96
:10B29800994966529031CEB86EB6EB655F125B5B2A
:10B2A800A8FA801A8964EE5C7987BD9750F34879CB
:10B2B800B5650B48524FC41EA35640A27A4B60A5F1
:10B2C800CDA7B52A58F6E2DD2CA01F805C77B3FE27
:10B2D800C8D4C8A88DCC624C76C9EE509FEED51262
:10B2E8007AE80045C5B32891C36EE1B6E24280A171
:10B2F800BEBC1F8A4A540FD8403A4F41AD4D77051E
:10B30800631C30585FFB93E7FED4F688E812D43705
:10B318006988B1008C1191A00517D1B8169DB4BDEC
:10B32800139FC18BBE4040F21F80673A98E854B51E
:10B33800198DC7604ADBEB9A29190F51A6B647D673
:10B34800C2C6A99285D7D1AA00E1D1C23BAAE19889
:10B358004FD7E1B1A98E854B51AC3AA244FF008189
:10B36800AA62295BABC40414240116E84B291F21E7
:10B3780022611FDFA98EACA968870754495A004D7E
:10B38800E7C3437E930A63E00CBB69978FCC88CEF2
:10B39800A3FB80D4F9C579A391AA24AD00287C70B9
:10B3A800A149DD4E1F1F6721DFBEC29491DFFE5108
:10B3B8000CEA65C0A8E8C6EC6A892FA001AF103B6B
:10B3C800DB40D87DBA9D79D5B9244C57FC1A950332
:10B3D8009B0A9B2D40F23631D79460A947C9293E74
:10B3E80078053761A5711FAB6CC7101B3B47A4716B
:10B3F80097226A655DABA8BD5AB8E90A6390C68B07
:10B4080020F5F1027E8A90A525D48EAD85A48F7192
:10B41800475166B32AE9E43F7B4FB9F6D6F0D874B2
:10B42800BBF6D57F9A2545BFC232A502E457D3D1D2
:10B43800C61C03B2D0AC83F11823A107569DC96A74
:10B44800C4BF4C45680229BAD7C45DB5DB7B92FC02
:10B458009653C943A6BF31095765BA949F0D1FD2A9
:10B46800594A7EDD0F20599CCED8EA8CCDBADAAD88
:10B47800CAE24AA6EA95704D26D4B7642C6546A55B
:10B4880033F092E424FE321042B3F250D71AC95C6A
:10B49800E479BB191C176DF50DEAFD7B7DAFB6F39A
:10B4A8006AED7C355495E2751227841534919F789E
:10B4B800A002BFCF535F1D0971097300CBFAF6AD27
:10B4C8006E35E75ABEEE370AEA15B96E4C786490C5
:10B4D800D83EEB69FC942025007C12349BB8F40E0E
:10B4E800F7FD4D5C3CEC7C0D8DA3ABD5EF2BEA3B17
:10B4F80055BBDDF41C391A2AD3FF0006A767B8F636
:10B508003AAC7C0AFC9CD60B6CE35D38F734357A90
:10B51800F4737B4EE8EC51BA8B1759EDDC5C6F186D
:10B528003B534F8C96B2FD3A2FCD9F9A2E3AD64F69
:10B53800419954BA6542B5538946A4C45CA9D3DF7E
:10B548006E2C661032A75D71412848FAD440D38C1E
:10B558005CDA8C7567157AF4F0D4A55AABB4629BA3
:10B568006F992576FDC764761768E97B27B6148B33
:10B57800120042E4476FC7A8C948FF00954D580517
:10B58800E70FCB3ECA7E094A4796B7DC1E1A384AEF
:10B598002A92F6F49E35DE9DBD577936A54C7D4D31
:10B5A8001E515F762BC95FCBF5B6C935EB7CDA5BEC
:10B5B800756F49BAEF5AF45A452A263C4912178141
:10B5C800CC7B2520755A8F9252093E435CD56B423D
:10B5D800841CEA3B2319B3B6662F6BE22384C1535C
:10B5E800739BD12FDDF049716F2420FBE5E911BA77
:10B5F800EE35C8A06CBC15DBF4D3941AC4B6D2B926
:10B60800EF0ED969B394300FC4F32FF34EB59C5E97
:10B61800DC9D4F170EACB9F8FF00477E6ECF623C39
:10B6280026114711B6A5DB27F713F1174BD65ECBCA
:10B638002E9142ABD62AD5FA93F5AAED525D4AA1CE
:10B6480025454F4B96FA9E79C3F94B5124FE9D60D0
:10B65800E5294DF2A4EECEE0C3E1E8E1292A142061
:10B66800A305A24924BD8B230F527316F11BEBF8D7
:10B678004474EFED0E9F5E8B8ECF98DBDAB74DC129
:10B6880064DC54FBB2D5AA3D4EAB52DE0FC592D155
:10B69800EA850F223B292474524F450241EFABA79C
:10B6A8005254A6AA41D9A3E3C76070FB4F0D3C26AC
:10B6B8002E0A54E6ACD3FF00326B54F54F3436DC17
:10B6C80049C7A1F133C3E51B89DB5A0351AE2B648B
:10B6D8000A6DD10D9EA50D7300B073D486D6B4B88B
:10B6E80083FE49E567B74DE309898E328AAAB5E337
:10B6F800D279077A777AAEEC6D39E02A3BC7584B96
:10B70800EF45E8FA783F5A609F67EA4BBFF60B733C
:10B718003652612EC9A34617D5BE9528650EC52099
:10B728004C6D3E6799A39C0FC659D7D2B4B1AE3CB5
:10B738009DCF5E04EF355A3C48DBCC17CA22DC4C5F
:10B74800C9A33DD7A28B8DF88D7FAC691FA744751F
:10B7580009687BEE9473C3A71A2F56A0A3C1834F21
:10B76800B8E357584A3212614A216EA07C8071F4BE
:10B778007D9A3460B3475690E15A42DAE552143262
:10B788009503904791D721C6267C023DEB1B93BEBB
:10B79800923FCA57DA57E99337511D4A9701D0D5D6
:10B7A800925680029C655AB4CBAB870BD1BA8B2DCD
:10B7B800A9CA54135788E28756A4472169527E04C0
:10B7C80080A41F92C8F3D296838EA637047539B524
:10B7D8004E18ACA767A96A5C7664C46D4A3925A679
:10B7E800A53A86FEC09481F50D11D025A901F496DD
:10B7F800F2FF0017FA767BFDF344C7FF006F234A78
:10B808005A0E3A8D15BC41A15388FF00A233FEC2DF
:10B8180075489130F491C9312B9B412E4122247AED
:10B82800ACA79C51EC395C884FFD5075122E23BA99
:10B83800821490A49041EA083DC6AC83EB4015A061
:10B8480004ABD26789F6E6DDDB71D3CF36A55D7C24
:10B858003081EF11E086FA7F49D40D4C8A88E6D30F
:10B86800E37A9C18F139B9BC0690D67E3CA903F658
:10B878006A89153F494B8846C8D0428E3FE35C43EE
:10B88800F608F209D4CB42A3A8D6C25A571195A0FC
:10B89800E52A6D241F9606A893DF40023E2D9411D9
:10B8A800C36EE193FF00A09F1FA70349E835A9AF26
:10B8B800E0B883C30D8247FD01D1FF006977447466
:10B8C800096A1B34C47CAD41092A3D8027400A37E8
:10B8D800A365CF136BAF03F1BBA42B3F5C764EA6D9
:10B8E8003A152D4682F6FF00C8EAEFFF000D95FFD6
:10B8F80000E956A99285BFD1B0903872247D2AFC00
:10B90800D27FA8C8FD9A98E854B51AA3AA24533838
:10B91800347C3DBD7C45A92461576255FEBE60FD5F
:10B928009A98EACA96886D354495A004EA7BE1CFD7
:10B93800496D35BFF2768291F6FABBAAFDBA9F38F7
:10B94800AF3471754495A005278D1752ADE5E1DE3A
:10B958003119FF008DA5647FF3E18D4C8A8E8C6DC3
:10B9680046A89316AF56A6D06972EB5589AD4383A6
:10B978000185C99321E572A1A69092A52D47C8001B
:10B9880009D00293B4F45A8716FBC4BE20EF282FBF
:10B99800236FAD290B8764D2A4A70994F215ED4C47
:10B9A800711E78500A3F96109C90D1CCACDDCA79B4
:10B9B8002B0DE498B1A6C67614B8ED3EC3E8536ED5
:10B9C800B4EA02D0E21430A4A927A10412083DF376
:10B9D800AA244763FAEF01FBF422B8E3AAD9DDC22F
:10B9E8007F2852B9969A4C81F1F305A0707F1D9279
:10B9F8000F5535A8F2597E521E465E6A4B2890C3F1
:10BA0800A871B7121685A141495248C8208EE08F07
:10BA18003D5907DE8014DF4915EDF7BFB2506D467A
:10BA28005F2876E7ABB4D3A907DE8D1C17DCFB399A
:10BA3800D2D0FB7532D0A8EA27FC40BE9B336CB647
:10BA48009F671A2942E9B4137556128CE4CEA8A848
:10BA5800AD2163F190D023EA56A594B9C276F734A4
:10BA6800762F835B0767D8FC0566FD7BEEED7424B3
:10BA7800E1450021E52143E4A5466FEA68E9BC9564
:10BA880084B37702FC30D994ABAF756355AE76F9C1
:10BA9800ADBB3623F74D6C900A4C68839D2839E876
:10BAA80079DDF0D38F319D71CE6A9C5CE5A2CCFA2A
:10BAB800F0785AB8EC453C2D1579CDA8AE96EC88AF
:10BAC80055F57955F70EF2ACDF15E70AE757263931
:10BAD80035D04F44731F65B1F242425007C1235A13
:10BAE800156AB2AF51D496ACF69ECBD9D476460A35
:10BAF800960682F169C5457AEDABE96EEDF49A2DAB
:10BB0800719F78D47A3D36B137A6EF48BEAA31BCCA
:10BB18004A75971C3ED73272954F7B990CFF00559A
:10BB280001D5FC8F21D6676261FB6D7ED8F48FEE5C
:10BB3800CEAAECB5B71ECED911C053769D7767FF54
:10BB48000048D9CBDEECBA2E747AEFBAE8962DAF5E
:10BB580054BBEE394235328F11C9929CC6486D09E3
:10BB6800C9C0F327B01E6481ADAEAD48D183A93DED
:10BB780011E70C0606BED3C553C1E195E736A29777
:10BB8800ADFF001CFEA390FBF9BF9786FEDE2E5C7E
:10BB980015F79C8B4B8CB52691494AC96A0B27F53A
:10BBA80029D50C73B9DC9E8309006B47C6E32A6369
:10BBB8006A72A5A705CDFD9EBCDD5DD5C1EEAE0DB3
:10BBC80061F0EAF51F973E327FC4579ABDAF36D869
:10BBD80031D7C66D07DB4D3B21D430C34B75D754E5
:10BBE80010DA1092A52D44E025207524920003A9AF
:10BBF8003A2D7C90A52504E5276487AB86CF47FBC3
:10BC08002FC68B7A6FD46732EA52EC6B692B29E521
:10BC180007A832D6939CFF00EA92463E9127291B3B
:10BC2800260362DD2A989F775F51D11BE3D95A51C9
:10BC380094B05B01E993ABFF00A27C3F33D7CD5CA6
:10BC480047529D61D9348A50A1D2AD1A344A7251F3
:10BC5800E188ACC0690D72FC39027075B0468D3848
:10BC6800C79318AB741D2B5B6A6371157B7D5AD221
:10BC780094F9DC9B7EFB9CC3E3976BED6DAEDED342
:10BC880012CF80C53E9D5CA63356F52613CAD467ED
:10BC980054E38DB8109FA29516F9824740547181DC
:10BCA8008034FDAF87861F116A6AC9ABD8F4FF00DC
:10BCB800632DB78ADB7B0F978C9394E9C9C394F5FE
:10BCC8006924D5DF16AF6BEAECAF99B9E036EB8A99
:10BCD800BBFEBBB33702BC5A0EE251E44275851F66
:10BCE80067D61B6D44119F35345E4FD89F86B9B611
:10BCF8001D7E457749E925F5462BB2EEC78E33639D
:10BD0800C768C578F464BE1964D7B25C97EF07BCFE
:10BD18003FA5FDBCE27EDFB62AE9E74A6BB22D4AB1
:10BD28008A17D9C69F2E43701FACAC1FB06B6A5AD6
:10BD38009E6B7A10AB42549DB7DDCA349528A1FB9F
:10BD48005EE6612B3DB1EAF2C255FA927486F41AA6
:10BD58001F49E5AA235F567DDA8682455E93269AB7
:10BD6800E280EEA61D0A4E7E7CB20FE8D548988C7C
:10BD7800D6D771196C3DB6768BB53900CC5D0A0201
:10BD8800A412BEA5D31D1CDFAF3A6992D01BF47272
:10BD98004812AECDE3919C97AA715CFB0BD30FEDD3
:10BDA800D289521E0D5905B2068014AE34F7919A05
:10BDB800FD213C346D7AD15EBD6F090DC197162205
:10BDC80082FD4A38505292EA8744295CA0107DD6F9
:10BDD800C2D4AC0C6664F81515C58C3ED16DFC5DFB
:10BDE800ABDB3B6F6FA23C1E4D0E9EDC671E1D9D9C
:10BDF8007BDE75C1F00A714B57DBA69584DDC5C79C
:10BE0800D26D2437B17458F9EAEDC8D1FEAC592780
:10BE18004A5A0E3A8D35A2E8916AD1DF1D9CA7C611
:10BE28005FE969275489175F4856D84CBF3643EFF6
:10BE38008A95156FCCB3E5FDD35A10095186A4161F
:10BE4800E4600FC5494B87E4D9D4C95D151D49BFC6
:10BE580008DBCB0779366A8F3972D0BAE51196E9D3
:10BE6800559679B2B4C86D2129748EFCAEA00583AD
:10BE7800DB2543BA4E9A774292B30D5A622C4E3460
:10BE880000953CE0E2938D58326923D6EC8DA048AA
:10BE98002ECA4FB4C489C970AB093D41E67D290358
:10BEA800E288CA3D88D46ACAD10EA8D592273E93A3
:10BEB800893C9B4F6AC4CFF2D7205E3F362BDFF711
:10BEC800EA6454751BDA57F83227F986FF00D91A45
:10BED80068932B4C00C7190F781C32EE02F3DE96DC
:10BEE8001BFEB3CDA7F6E93D06B531F82957370B48
:10BEF800D619F843903F44B78688E812D437E988C2
:10BF0800C3AC481129336528E0331DD709FA904F8F
:10BF1800ECD0028FE8C95F89B457439F8F72AD5F39
:10BF2800A62307531D0A96A343B90F88DB7B73C961
:10BF380027019A34E70FD8C2CEA99285CBD1A6E8BB
:10BF48005F0EF25BCF56AE29693F6B31D5FB753179
:10BF5800D0A96A35E7B7DA354489B70272FD777632
:10BF680077F648394BD71A5C07EB9537531D59526A
:10BF7800D10E56A892B400943B239BD278CB59F7A4
:10BF8800283E17FF008E52BF6EA7CE2BCD1D7D51C8
:10BF980025680131E356786F884E1FE3F37F235BF2
:10BFA8000F1FB66C34FECD4CB52A3A31CD1DB544C1
:10BFB80089DF1257A563882DDAA6F08DB755175972
:10BFC800A6A1E4CBBDAA51D590CB0D94AD4C647419
:10BFD800F63292A07BBAB6927DD50D4BCF2452CBC8
:10BFE80031B1B62DAA259D6F53AD6B729EDC2A65C3
:10BFF8002A337122C76C6036DA0600F99F324F5235
:10C008004927A9D5126D340108DE6DA8B7B7A76F07
:10C018002AB605C49096A737CF1A48482B89253DDC
:10C028005A7D19F34ABB8F349524F42749AB8D3BCD
:10C038000BE705BBB970D0AAB55E16375D6A66E82E
:10C04800B3D6E33495B8ACFACC46FA9652A3D55C8D
:10C0580089295B67E932A1F8874A2F80E4B88DD631
:10C06800A8939F1E9089122F9DF7DB8DA888E170F9
:10C078002D86505B1E4ECE9896BF4F2343F4EA257B
:10C088009B2E3A019DC469BDE5E32E5D01AE554185
:10C09800A85DF1E80C840F6530A33888F81F2F0DD0
:10C0A800959FB74B563D11BEF4835DFF007C7C43E2
:10C0B8004AA132E24C5B5A991698D253EEA56B4FBF
:10C0C8008EE74F8FE1503FA2344B508E8686CE02CA
:10C0D800C7E126F5BA414227EE0DC312D68CAFA6AA
:10C0E800214649912397F254A2507EA1AC56D8AB71
:10C0F800DAF0AE2BCE76FE59D95D8AB66AC76F0CD8
:10C108006B4965462E7EDF263F577F600F3D4E7593
:10C11800A81EA22DA00EAC7029B762C4E1FA913E08
:10C128004C7F0EA17538BAE482A4E15C8E612C0FB5
:10C13800A832841FAD475BA6C7A1DA70A9BD659F69
:10C1480057D0F29764EDAFDF4DE0A94E2EF0A36A09
:10C158006BA5795FF937EE3338E5875499C325DC49
:10C168009A6739F07D4DF9294F731D129A539F60D4
:10C178000327E40EAB6BA93C1CEDEAFDCE1EC67589
:10C188002953DE7C376DE3CA4BFECE124BA8E4E19F
:10C19800EFD75A49EB333E816FD72EAACC4B76DACC
:10C1A800A4CAA9D4E7B81B8D122B656EBAAF901E2E
:10C1B80043CC9C003A9206AA10954928415DB3E702
:10C1C800C5E2E86068CB13899A84239B6DD92FF365
:10C1D8009B57C0E94F0A5C18D2768111AFBDC26E79
:10C1E8003552F45279D96D38723D2723DD6CF65BF0
:10C1F800D8E8A77B0EA11D32A56DBB3765470B6A32
:10C2080095739FEDFDFACF34EFD7645ADBC0E58014
:10C21800D9EDC30DC784AA74F3479A3ED9679269CA
:10C2280075993AB4B1E83401C8AE30B70D9DC9E28A
:10C2380006E6AA417C3B4FA5388A243505652A4481
:10C248006CA56A07E05D2E91F2C6B47DA95FB7E2DE
:10C25800A4D68B2F77F67AF3B1F6C996C7DDFA1410
:10C26800AA2B4E779CBA659AF746C46F876A9BB427
:10C278007DFADBEA832A2929B8E13471E6971C0D97
:10C28800A87DA9591AE1C0CB9189A6FD68C8EF7DA0
:10C298001588D818DA6FD1CDFB95D7D5129DC56B07
:10C2A800D5F8D9A9A200C286E2C652027C966632A7
:10C2B800A38FE913ADEB89E36E040F7E5A440DEEAC
:10C2C800DC46E3FB2962E9AB1463CB129C2349EA01
:10C2D80035A0E5FA47D8FBA1B49B75702C65C4540A
:10C2E800CA33F27A1151FD6D8FD1AA9684C75128AD
:10C2F800A7EE05620408D05A7DD088CCA1A4804F4F
:10C308004094803FBB5250D76D1EC4F1BFB0F57A40
:10C31800DD576FEDBB4DDFBBCA47ADB536A2CBE9E4
:10C328005842D6A411ED20A4FE115E7E7F2D524DF9
:10C33800684DD30A2E5C9E923909F053B7DB791009
:10C348009E9E2FAC36AC7CF1EB07FBB4FC6178A762
:10C35800839B1BC6DEEA2044DD1DFCA6DAD4877267
:10C3680097E1DB8D10EA907BA496D2DE73DBAB8A73
:10C378001F23A2CD85D2D0346C7F0C9B5DB0B19CBD
:10C3880072D3A63B2EB3291C92EB35050765BC0F6B
:10C398005290A0006D04F5E54000F4CF3119D34A5E
:10C3A800C26EE1674C42D7C71EC8EE36F958B40BC7
:10C3B8007F6EE1C192FC1AAAE5C944A98238083106
:10C3C800DC6D2415020FB4BEDA992B951760F16362
:10C3D80053EA349B2E814BAC3686E7C3A5C4625220
:10C3E80010BE74A5E43294AC050EE3981EBE7AA282
:10C3F80059B9799664B2B8F21A438D389285A16911
:10C40800052A49182083DC11E5A004AEF4E13F7742
:10C41800363EFE91BAFC245559F024F37ADDB12555
:10C42800C48496C92A53280B210F339C94A14A4AE5
:10C43800D1F4147CA2D6D0ABA7A920A6F189BE94CA
:10C44800D6D14DBCB83EBD55544FB2A55310F16579
:10C45800C57C53CCD2B03FA6AFACE9F29F3059733C
:10C468009ED55AB7185C44C65DB54FB258D9AB567D
:10C4780070F0A754AA12BD62ACE327A290D369E575
:10C4880028241F820FE58D19B0C9078D9CD9DB338D
:10C49800642CB8D655970D4861B3E2C992EE0BF3F8
:10C4A8001F20053AEA801951C0000C048000000DD5
:10C4B80034AC26EE4E74C42CBC716C76E46F8DB12E
:10C4C8006BD236EE04194ED32A4F4A94254D4C7040
:10C4D80094A9928490540E7A93D3532572A2EC3285
:10C4E80054F65C8F063B0F63C46DA42158ED909001
:10C4F8000EA893234002CE27EC4BA7733632E7B140
:10C508006CC8D1DFABD59B8CDB0DBEF86504264B20
:10C518004B5E567A0F650AD26AE869D997E18AC2F2
:10C52800B9B6C762ED6B16F08F1D8ABD29A90892AE
:10C53800DB0F879092B92EB89C2C743ECAD3A164A5
:10C5480081E6C296988D35E70AA352B42B74EA3A6D
:10C5580010B9F2A9B2998A95AF912A794D2928057F
:10C568005E43988EBE5A0005703DB277FEC76DD502
:10C578006ADDDC2850E2CE9B58F5B651165A642481
:10C58800B5EACD3792A48001E642BA7CB531562A85
:10C598004EEC34EE651EAB70EDCDD340A1B4DB9507
:10C5A8001A9D166C388871C084A9E7185A100A8F2A
:10C5B800BA39943AF96A99280E7049B3BB83B25BC9
:10C5C8006756B4F70A0438B2E45697363A62CC4C48
:10C5D800849694C328C9291D0F336AE9A98AB152E0
:10C5E80069BC861C8C8D5122C7C1CEC4EE4ED05C6E
:10C5F8003B8F59DC1870238B9EA0CC884234D12005
:10C60800AD297642D4A5600E5FE593DFAF7D4A562B
:10C618002A4EE33BAA24B1D002B51361F74071CC8E
:10C62800FEFA49A7C016918EA611204E497F1F73A6
:10C638008303F058CFF2808FABAEA6D9DCABE561AF
:10C64800A6D5125680158E26B61773F73F7DF6CEFF
:10C65800F6B4E9F01FA1DAEEC7727B8FCE4B4E20FD
:10C66800A6721D5F2A08CABD8403D3CFA6A5A772E8
:10C6780093560F9BA2FDFD1EC1AC9DB0A7C5997432
:10C68800B91CB54C44A7D2D3287964243AA52BA663
:10C6980010095E3CCA40F3D37EA2501AE0C7878BCC
:10C6A8008B65E815FAFEE2B2C39795C93D4B94FA3B
:10C6B8002489244649CA01731D54B714E38AF892A1
:10C6C8009CF6D28AB15277190D51256802B400A69A
:10C6D800F163C386E55E1B9568EF2EC5B305ABA273
:10C6E80091EC4C5BF2D31828B2A0A8EE648F6FA22D
:10C6F8009C6D40F74103B6A5A77BA293E0C6968C34
:10C70800FD4A451E0C9AD416E14F76336B9519B73E
:10C71800038965E2905680B1EF04AB201F3C675453
:10C7280049CF3DCBA8B1707A47213AFA8AA2DBB348
:10C7380061B8AC9F7530A9EA94AFFAC09D43F28BFB
:10C748005E482EE09632AEAE2A2D4A84DFC22FC54F
:10C75800A8559C27AE5CF567559FEB3834A3A8E530
:10C76800A03BDF1B80DD7BD17CDC057CC99B70CEC8
:10C77800520E73F834BCA6D1FF005509D27A8D68E1
:10C788004FF79DC144D87D8CB2D08F0D4ED1EA377A
:10C798002C81E6B72649F6147FA09235AE6DE9F8EC
:10C7A800D4E9F4B3BF7B0BE0D46862F18F8CA31F8C
:10C7B800726DFEE8086B5F3BB8DD5936ACBBE6F13D
:10C7C800A1D97001F1EBB518F4F411F47C570254B7
:10C7D800AFB1249FB35C94A9BAD5234D71763E2D91
:10C7E800A58E86CCC1D5C6D4D29C652F72BFD5E4A0
:10C7F80076E6954D8746A644A453990D4482C371A5
:10C80800986C764368484A47D800D761462A094554
:10C81800688F10D7AD3C455956A8EF2936DF4B77BE
:10C828006555A954EAED2E5D16AF0DA97067B0E401
:10C83800692C3A32875A5A4A56850F30412344A206
:10C84800A69C65A30A15EA61AAC6B5176945A69A02
:10C85800D5359A629B37D1A7B3F22B0A970EF1BB55
:10C8680021D3D4BE61052EB0BE44FE225D5B65585F
:10C87800F204E4FCCEB08F60D072BA93B736476C3E
:10C88800D3ECC9B62147913A34E53FBD692F6B4ACD
:10C8980056F7597A83D6D2EC1ED66CA415C5B06D5E
:10C8A8008662C87D011267BCA2F4C903E0B755EDE2
:10C8B80063F24613F2D64F0D82A38456A51F6F1359
:10C8C80042DBDBD3B57792A29ED0AADA5A4565152A
:10C8D800D11597B5DDFAC21EBEA35E2B40013E2DD1
:10C8E800F7C19D91DA79D3E0494A2E3AD85D368866
:10C8F800DE7DA0F293EDBF8FC56924AF3DB9B907BE
:10C90800D2D63F6962D612836BCA792EBF61BAEE5E
:10C9180016ECCB7976B429D45FE8D3F1A7D0B48FDD
:10C928004C9E5D177C0E471249C952944F5254725F
:10C9380049F893E675A39EBB0ABC2C5B8E5CDC4071
:10C94800D94C7B298F4DA8A6B131C59C21B8F112CD
:10C958005F5A947C865091F5A86BEDD9B4DD5C5490
:10C9680012E0EFEECCD477EF1D0D9FBBB8BA927EE4
:10C97800545C174CFC5FE5BF61BFD9143FBCFC6534
:10C98800D26E069BE76EA37649B91CC8E8961A7161
:10C9980072139F9612D8FB46B7759B3C82F2409360
:10C9A800732AA2E4DC3BB6B6DAB98552B751909245
:10C9B8003CC3921C23F511A4343D5E9185085B238A
:10C9C80060525CFE57EEC34307BFE0E0B80FF78D37
:10C9D80054B4223A895D2F6FAAF3E99127351DC215
:10C9E800892C36EA481DC29208FEFD49773B112A78
:10C9F800F96A2920DAF72BB8FF00254A715A4EB593
:10CA0800BCD7EE3EE86CC73FF960BA668D6BBBA633
:10CA1800C35DEC4BD97F994174EA5E212F365EE302
:10CA2800E98EC394BFE7A5F31188E6F2476FFC5C73
:10CA38006E0ABF36DB78FEDD4BC52FB92F71CCB738
:10CA4800764FED347E6231D7BE11D1FE2BB7255F0C
:10CA58009B6C3C7F6EA7BAFF0024BE13916ECC9FDF
:10CA6800DAA87CD4782F7EA3A3FC536E791F116AB1
:10CA7800BC7F6E97767E497C2CB5BAD27F6BC3FC9F
:10CA8800D89E4AE2063A7BED06EA9FAAD378FEDDF5
:10CA98001DDABD1CBE1296EA49FDB30FF3A2799EBA
:10CAA80022230EFB35BB3F65A2F1FF007B4BBB97F2
:10CAB800A39FC25F82327F6DC3FCE8F51E6788D8EA
:10CAC800E9EFB2BBBBF65A0F1FF7B47772F473F8ED
:10CAD80047E0849FDB70DF3A3D47C2B8918E9CFFE8
:10CAE80000E2477808F88B3DEFDED2EEF5E8E7F094
:10CAF80095E074BF1D86F9CBA8F83C4AC503A6C7C4
:10CB0800EF17D42CE7BF7B4777AF473F847E06CB30
:10CB1800F1D86F9CBA8F95713311070763778C67CB
:10CB2800E1673BFBDA5DF05E8E7F08D6E5CDFDBBA5
:10CB38000DF39751F2789D863B6C66F21FAACE776B
:10CB4800F7F477C17A39FC23F02A7F8FC2FCE5D449
:10CB58007CAB8A1849F7B62F7947FA1CEFEFE977CB
:10CB6800C17A39FC252DC99BD31F85F9CBA8B7F10C
:10CB7800A481FCC6EF2FF639DFDFD1DF15E8E7F037
:10CB88008FC08A9F8EC2FCE5D47C9E296083D362C5
:10CB9800B798FF00A1CE7EFE8EF8AF473F843C08D1
:10CBA800A9F8FC2FCE5D457F1A685FCC4EF37F63F2
:10CBB800DCFDFD1DF15E8E7F08780F53F1F85F9C58
:10CBC800BA8B2B8A8808F7B62B7987FA1EE7EFE825
:10CBD800EF8AF473F846B71EA3FB7E17E72EA3E788
:10CBE800F8D5D37F98BDE6FEC739FBFA3BE2BD1CFA
:10CBF800FE10F01AA7E3F0BF397515FC6AE9BFCC3F
:10CC08005EF37F639CFDFD1DF15E8E7F08780D53FA
:10CC1800F1F85F9CBA8AFE3574DFE62F79BFB1CE92
:10CC28007EFE8EF8AF473F843C06A9F8FC2FCE5D08
:10CC380047D278A8A7AF3CBB15BCC71FFB1CE7EFC2
:10CC4800E8EF8AF473F841EE3D45F6FC2FCE5D45DA
:10CC5800FF008D342FE62779BFB1EE7EFE8EF8AF48
:10CC6800473F845E03D4FC7E17E72EA28714B049A1
:10CC7800EBB15BCC3E7F79EE7EFE8EF8AF473F840A
:10CC88003C08A9F8FC2FCE5D47D7F1A481FCC6EF7C
:10CC98002FF639DFDFD1DF15E8E7F08781153F1D73
:10CCA80085F9CBA8BA78A184AF7762F794FF00A181
:10CCB800CEFEFE8EF8AF473F844F7266B5C7E17E61
:10CCC80072EA3E8713B10F7D8CDE41F5D9CEFEFEA8
:10CCD8009F7C17A39FC227B953FC7E17E72EA3E9B1
:10CCE8003C4D4451C2763B78FF00B1CF7EF68EF8BA
:10CCF8002F473F8497B9735F6EC37CE5D47D8E253B
:10CD0800A3119FE03F7887FA1CF7EF69F77AF4736D
:10CD1800F845E06CBF1D86F9CBA8FA4F1251D583B0
:10CD2800FC08EF0007CCD9EF7EF68EEF5E8E7F0809
:10CD38009EE74BF1D86F9CBA8FB1C46C7576D95DFC
:10CD4800DDFB6D0787FBDA7DDCBD1CFE127C1092D3
:10CD5800FB6E1BE747A8F41C44463DB66B767EDBAA
:10CD680045E1FEF68EEE5E8E7F08BC1192FB6E1FCB
:10CD7800E747A8F44F1051D5DB67F7547D7693C386
:10CD8800F6E9F76AF472F8497BA725F6CC3FCE8F0F
:10CD980051EA8DFA8EB3FF009A6DD01F336A3C3F7B
:10CDA8006E8EECFC92F8487BAD25F6BC3FCD89EC45
:10CDB8008DF18EBFF15BB949FCEB61E1FB74FBAF10
:10CDC800F24BE121EECC97DAA87CD8990DEF2C77BD
:10CDD8003FC5BEE0A7F3ADB787EDD57752FB92F715
:10CDE8001C6F7764BED347E6232DADD561EED61D03
:10CDF800EE8FCFA0BA354B129F9B2F71C32D87287A
:10CE0800FDA297CC46C62DF8D4A200B56E76F3FEE7
:10CE18005692E27FBF54AB5FCD7EE3E79ECB70FFB7
:10CE280000969BE89A2431A40971D2F865D682C786
:10CE3800BAEA0A143EB07B6B953BAB98E9C3912ED6
:10CE48004DEFD072CEB3572BE2FF00756BBCF930B3
:10CE580023DDEB42BE05AA648653FDC351C47C0C96
:10CE68005E009D443E22E99216062350EA6B19FCA7
:10CE78009653FB33A23A84B417B9F2972E54A9CB30
:10CE88003953EEBAF93F12A5157EDD2186FE299F9A
:10CE98004A6ADB71476FA374BDB6B7D9481D815B79
:10CEA8006B70FE92AD6A9B7257C4A5CC97F27A67F5
:10CEB800B10D154F77E53FBD564FDCA2809EB0E718
:10CEC800690CD7A3E2C5FBEADFB45C4FB21716D3EF
:10CED800A73D3C950C8F5877F02C8FAF0B7543F31B
:10CEE8003597D8947B662796FCD57FE0EB1ECB3B25
:10CEF80053B87603C345F8D5A4A3FA578D2FD92F75
:10CF080069D44EDADC4F2E95A00AD0056802B40128
:10CF18001CDC0DC1B4B6C2D599795EB586A9D4C852
:10CF280049CA9C59CA9C59F75B6D3DD6B576091D0F
:10CF38004EB8AB57861E0EA547648C8ECAD938BD2D
:10CF4800B78B8E0B050729CBE8B8B6F825C5B39281
:10CF58001C426F8D777EF70E4DDF536D7129EC24DF
:10CF6800C5A453CAB2224507201F22E2CFB4B23B60
:10CF78009C01D1235A3E37172C6D5ED8F4E0B99145
:10CF8800EB8DD2DD9A1BABB3A383A4F95379CE5FA3
:10CF98007A5D4B48AE6CF56C19EBE4367192A25190
:10CFA8009CE1EB86BAA5FF00580A8B7A6ED46344DD
:10CFB800A04750E5762518E15224907A82E2718FD5
:10CFC8009299F89D6D5B1B06E8D3EDF3D65A747FF2
:10CFD800679C3B2AEF4C769E316C8C2CAF4E8BBCF9
:10CFE8009AE33D2DFA165D2DF31BEE0F688DEDB615
:10CFF800D2EE8F131556BC214BA43F45A1A88F79BB
:10D00800F201594FD6E98ED83F10B1ACD2CB33A834
:10D018005E6EC2CBB7F417EE8BEED9B65B05D76A56
:10D02800957830BE2545C7D0951FD049D228723D86
:10D038002857337F742C3B45B3EDC58F3EACEA4788
:10D04800C1450D37FEC39AA9131187DADE1E2DA636
:10D0580036CAD166A6C72CC6E8501320140C8744DC
:10D0680074057EBCEA9225B08E378F67CF6DD4B336
:10D078008F9FF8722FEFE8BA0CC9041B86DCA9A2AF
:10D088000BB4DAE5365A2A6D2DF82A624B6E094D33
:10D09800A31CCB688279D23993929C81919EFA32F3
:10D0A8000CCC97E6D3A2C88D124CB8ECBF316A6E8F
:10D0B800334E3894ADE525256A4A01EAA21295282F
:10D0C80081D8027B0D311A8ADDFF0060DB334536DB
:10D0D800E3BD6DFA4CB2D874479D52658739092073
:10D0E8002B956A070483D7B743F0D171E667D0EB75
:10D0F800F6FDCD04552DBADD3EAB0D4B53624C19F0
:10D10800287DA2A4F45279D048C8F319D01998758B
:10D11800EBEAC7B5A53706E6BC6874892F37E2B6CF
:10D12800CCEA832C2D68CE398256A048C8233DB25C
:10D13800340666C69756A4D6E03555A354A24F8444
:10D14800F82A6A4C5792EB4B00E094AD2483D41E26
:10D15800C74088E0DE1DA32A084EE95A054A212067
:10D168000ADC6C924E00F7FBE74AE87664A65CB8E6
:10D17800B022BD3A7496A3C68EDA9D79E75610861A
:10D18800D09195294A3D00001249E800D3118D2E0F
:10D19800BD42A7D1D5714FAD418D4A432242A73D2B
:10D1A80025088E1A2010B2E13CBCA7230738EA34C0
:10D1B800011DFE193683F9D6B3FA0CFF008762F613
:10D1C800FEBE95D0ECC9143AED0EA0B8EDC0ACC1C6
:10D1D80092B9717D763A59928597A3E40F19001F89
:10D1E8006919527DA1D3DA1D7AE988F68951A74FCA
:10D1F8005C96A0CF8F2170DE31E4A5A752B2CBA1F7
:10D208002145B5807D9572A92707AE140F9E803EF3
:10D21800913213B2DD80D4B657263A10E3ACA5C0DC
:10D228005C6D0B2A0852939C80AE45609EFCA71D3E
:10D238008E8035771DEB675A0842EEBBAA93474BA1
:10D24800A096FD7E6B6C73E3BF2F3919FB34019FE9
:10D2580048ABD26BF4D62B142AA44A8C0948F1188F
:10D268009511F4BCCBA9ED94AD24850E87A83A009E
:10D27800B55EB348A04076A95CAA44A7C36705C9B0
:10D28800129F4B4D2327032A5100649C68030EDD2F
:10D29800BC2D3BB9A75EB5AE4A6D590C10978C39B9
:10D2A800487BC227380B0924A49C1C6719D0079512
:10D2B80076FDB16D7969A7DCD7A50A93296D8752E8
:10D2C800C4EA8B2C38A41240504AD40F2E4119EDD1
:10D2D800D0E8B81B3A5D5A955C82D5528B528B3E8A
:10D2E8001BE096A4457D2EB4E007194AD2483D4775
:10D2F80091D00605C57A59F6821B72EBBAA9347427
:10D30800BA096CCF9ADB1CF8EFCBCE467ECD17B0AE
:10D3180019D48AC522E0A6B158A1552254604A4FB3
:10D328003B12A23E97997539C652B49214320F63D4
:10D33800E5A00BC7AA52E5CE954B8B528AF4C821BB
:10D34800B32A3B6F254EB01C04A39D20E53CC012B8
:10D3580032064038D005DFA953634D8D4D93508E6A
:10D36800D4B981C5468EB792971E0800ACA124E5B2
:10D378005CA08271DB233A00FB93361422C89931F2
:10D38800960C8752C321D7027C470E7084E4F5516E
:10D39800C1C01D7A1D006AEE3BDACEB40326EBBA93
:10D3A800A9347F59CF83EBD35B63C4C633CA16470E
:10D3B8003632338ED9D17033E9357A4D7A9CC55ED1
:10D3C8008753895183253CEC4A88FA5E69D4E7196A
:10D3D8004AD24850C823A1F2D007DD42A34FA4C2C5
:10D3E8007AA5559D1E1C48E9E779F90EA5B6DB4FCD
:10D3F800C54A51000F993A00D65BB7CD9976B8EB7C
:10D4080036BDD549AB38C00A7510E636F29B49ECF3
:10D41800549492403E44F4D006CD552A70A8A69064
:10D42800A9F184E5B2A9298A5D4F8A5A4A8254E053
:10D4380046798A429490558C0240F3D007D3D32181
:10D44800467E3C69129869E94A52186D6B0953AADD
:10D45800092A2100F5510949240F204F96803DB033
:10D468003E1A00D0DC97E58D6729B45DB77D128C34
:10D47800A793CEDA6A13DA8E569CE39805A8123E73
:10D488007DB45C799B3FBAD47E786D7DD387CF51CC
:10D498000550D3E32732404F392D8CFB784FB5D355
:10D4A8003D3AF6D023EE54DA7C25C76A64B8EC2EF0
:10D4B8005BBE0474BAE2525E77954AE4403EF2B924
:10D4C80052A381D70927C8E80284EA72A72E98993F
:10D4D80071CCC6DA4C85C70E27C54B4A2529594F4A
:10D4E800709252A00E304A48F2D0068266E7ED9557
:10D4F8003A73D4B9FB876C46991DC2CBD19EAB4712
:10D5080043ADB83A142925790A1F03D74AE3CC92C8
:10D51800B6E36F3487595A568580A4A9272083D843
:10D5280083E634C4720A5CF2ADF6DDA96A57B4FC2E
:10D538003BD120FCCB7206B8F89CBC0CCE0C25FA6B
:10D54800AF1054A682B065D26B3193F3260BAB03B0
:10D55800F4A342D452D00524154748F8B607EAD2B6
:10D56800186EE275A5AAE0B12A9DDAA96DD5B8FBB7
:10D578004AF22131D48563EA520EB52DB516B1575A
:10D58800E748F4EF625AB1A9BBBC95AC6A4D3FFCC1
:10D598005FF20735893B38E96FA39B6ED76CECFCCB
:10D5A800EBE26305126EFA829D6891D4C38F969A56
:10D5B800FB0AFC657D446B6DD8743B5D0751F9CF60
:10D5C800E8BFC6799FB2F6D758DDB10C0C1F8B4661
:10D5D800367FF6966FDCB9286C759B3A9CAD005681
:10D5E800802DDB4000FDFCE2E36C762D87A99225B7
:10D5F8008AEDD1CB96A8B05D056827B190BEA1840D
:10D60800FD7951F249D63B1BB4E8E0D59E72E65F3E
:10D61800CF31BC6EB6E16D4DE792AB15DAE8719C7F
:10D62800965FA56B27D1973B4734F7977CF7077C24
:10D63800EE2FBBD7BD5399A614AF51A747CA2241B5
:10D6480041EE1B413D544632B5654AF8E3006A583D
:10D65800AC655C64F9551F42E08F4BEEEEEC6CED67
:10D66800D8C3F68C0C337E549F952E97CDCC964B11
:10D67800A7307DAF94D8466B868E1AA055A98EEF39
:10D68800C6F872D1B6E2DF6CCF4A2582935628EAF3
:10D698003D93D4B19C0F8BAA2109C824EB35B3362E
:10D6A80063AED56ACBC45F5FEBF73A9BB217640AE7
:10D6B8007B169CB666CC95F12F2935A535FF00BFA2
:10D6C80032F37579D903EDD1BF6F2E2C37C230A351
:10D6D800D3D685D5243747B76987DD871798F205EC
:10D6E80063A038E675C3D875F248D6D3A9E6DF5BE0
:10D6F8000EBC6CD6A83B43B5363F0AF66490A6E14B
:10D70800B0D54AACB49C29C420ABC32BC1F79D7CCF
:10D71800B8F11F909F223552CB22639E60AF814B98
:10D728001DCBCF88DA0CB5B05C896D32FD6DF3E4A2
:10D7380095213E1B3FEB5D41FE89D28EA393B23704
:10D748009BE337F8C4F1AECDA54F74BF4E45621DBB
:10D75800B4D29279808F195994B18F2E6F583F5057
:10D768001A1E6C1648EA2251C89086C84A12309090
:10D7780006001E435C871832954CA68E21692D0A37
:10D788007C508FBCBA8FB2194E3FE5F13E5A5C47C8
:10D79800C0F0DC49CC5BFBB3B7F35AA1D4270669C8
:10D7A800B5D6D0C5362875690A10F27972309E98B8
:10D7B800CFC481E7A1EA0B4312BF74A6E2DD2DB204
:10D7C8006DCB66BF4C53355A92D0E5460F82859F84
:10D7D800B972472A55CC7DAC1271F04ABE1D4E2154
:10D7E800C0A957143A0EF45E01567D66B8B7A894DE
:10D7F8003528D3A026478785CEC05732860907A08B
:10D80800D1C438054A1486265262CE6296FD393252
:10D818005B4BDEAB2180CBAD150CF2AD03DD50F3D5
:10D8280019D31030B86B6E50B7D273ED59D58AF949
:10D838007ED18495229AC30E168266CAC7378AE2B9
:10D84800319E638C67B1CE31A5C47C0F4D8F9B4E42
:10D85800A8556F990DD25EB725CEAB353245B325A5
:10D8680080CC8A7A551D0D25F7509FC19548F056F2
:10D87800E733456838C73A9695E040CD6EC5DD1068
:10D888005DDBCB16DF5EDE5C042A951638A82A928B
:10D89800DFAA0E56BA385CE6CF21E5C8563AE41F2F
:10D8A8003D25A0324FBB35BA1BCF5176FEAF56810E
:10D8B8000D8AFBCA9151F5B908692AA6C72853E809
:10D8C8003CCA1CC1D5A99648F34BAB3E474DF30261
:10D8D80031367AB1415A2BFB5F12A34FA947B624C0
:10D8E80024C1F01E43E8552A4953915270481E1925
:10D8F8000EB18F83093E6342E607CE543A65307114
:10D90800075768408B855994ECA7C14F613E6796CD
:10D9180034710E064C98CCB5BFF4A71B6D29E5B33E
:10D9280027B4004E00489D13A0FF00BB4710E041FC
:10D9380062A256DFDDB7B6EDD29B5B94F6AE5763B5
:10D948005D511B4A945D8022C5299A948EEEC625A6
:10D9580044E0654CA9C1D4A1B016998F5C89AC4A42
:10D96800CC2A66E0DFB7520A24C562D7A34C0B6500
:10D978006141D691F745C1CAA1D0823B1F9E988CC0
:10D98800DDA3B6E9E2D5A7DE7516DA9F70DCB0D95B
:10D99800A9D4EA6EA02DD756F361CF0D2A3D52CBFC
:10D9A80061410DB63094A523A6492440C9B405D3D6
:10D9B800CB4A629AA8FE1C75A9A521829E56D60F4D
:10D9C800B49213D0104F51DFAE9881F5362B578E95
:10D9D800F157E4D71A4488B65B5062D2632F0A6DB8
:10D9E800A94FB45E7A5729E85C28534DA55DD294B7
:10D9F800AF971CEACAE23E07C6F2D3E1D099A56EFA
:10DA08008D39A11EB943AA53E3990D2405CA852669
:10DA18005B51DF8AE1FA68525D2A4839E57108509E
:10DA2800C11A1F382E630AB374DB56AEF656D75D9B
:10DA3800893DE32ED5A5147A9D1A54F56112E78223
:10DA480015E034BE5F78639B19EB8CE0E8BD985B0A
:10DA5800231B692A74914DBEB74A810C44B76AF3F7
:10DA6800153A2535080CB81716306E43AEB23F90FC
:10DA780079D5B6799B500B1C892B016A5240B9C1E4
:10DA8800F3124DA3B7A0AAD3A6DEB5365A9D715C92
:10DA9800B098A9D4AA4EA029D716F3697034851E68
:10DAA800A965B0A08436309094F6C951220649AAD7
:10DAB80035FB72D9B7AA55A7E54562994465E7A62B
:10DAC80029A29E5612D24ADC040E80819E9D0E4FDA
:10DAD800CF4C405A875CB72D1B86DCDC39371D10CC
:10DAE800D56ED96AA7DD0CB15065C5A5731C0610A3
:10DAF800385E562339E1C607AE10EA95D86A46491A
:10DB0800378AD55DDB7FD97120CDFB9F578706B358
:10DB1800328F5109C98535B110B6E63E920F542DA2
:10DB28001D96DAD693DF3A6C118F52BC05F348B2D2
:10DB3800A54EA78A7D629B7AC48158A72941460CC5
:10DB4800F69A77C46C1FA4820A56DAFE9B6B42874A
:10DB5800BDA2F7033AA6E55F6F771AB979D52CEA23
:10DB6800857E895E8F0DB454A971FD6E5D292CA345
:10DB78009151DC8E3F0AA609E6742990B3CCB5858D
:10DB8800207451340D498C0BFF006F3EF6E05C7138
:10DB98002EAA247A2CFE6F5492A94DB0CB8413CCB4
:10DBA80091CC53850214149E8A04104020E8B8884A
:10DBB800B2CD3B71376DA8926446A9DBF6DD0A1534
:10DBC8006A132950763499931E7D0DC9E84A5CF092
:10DBD8009B8C7C33D4053CA50EA1241C467B6FB5D9
:10DBE8002E3C5B2E5EE253D9698B86CD68D5A9D3CE
:10DBF80092395D4868853B1CA8752D3CD85B6B4104
:10DC0800CA485038E64A481F38223DB976B54EBF53
:10DC1800BBB4CA9DB0FB316E6A2DB126751DF78164
:10DC2800E42EA6632151DDC75F05E4294DB9DF0164
:10DC38004163DA424E86B305A19E6ED817ED6F6B2D
:10DC4800AE3831DD8CBFBB152665C27C61F8329BCE
:10DC5800A74A6DE8EE8F25B6B0A41F238C8C820EE0
:10DC68008D42C4AAEADD0B5A896FDC33E997051E99
:10DC7800A153A1D2E6D40D3DB9CDADD57ABB4A5A50
:10DC880092509573000A707A74CE8B858BEDDD9374
:10DC98004CA0D0599D2DA6A7D6EAAC3722AF54790F
:10DCA800B4A9F9AFAD00AD4A5119E40490840F65E9
:10DCB80009094A40034240C896ED545144DD1DAC61
:10DCC8009C9A54E9C1995574A5880C075DEB4F508F
:10DCD800C84E4741F5E8608F3BC6EB4DCB76EDC4A7
:10DCE800372D3B869DE0DD7E3A5EA840F05AC8A6F7
:10DCF800CE1CA15CC7DA3CDD07C8E8606E60A127CE
:10DD0800888AE3800E616552524E3AE3D7A7F9E854
:10DD1800E21C0895837F6DF5218BBE875569D9B3C1
:10DD2800C5DD5D0B811A8EFCB79D2A96B3CA128693
:10DD3800D41590479E3AF523070930689FECEDBB50
:10DD480051B5EC48F4DA8D37EE5F89366CC8F4CEFD
:10DD580074A853A33F29C7598B94929FC1B6B4A7FF
:10DD680009252920A524A403A6819CA69E148DFA22
:10DD7800BFA12BA2A548BB22E3E6A666607E90352C
:10DD8800C7C4E4E060F0D75A450F7EEC1A8BAB09A4
:10DD980069CADB111C3E5C9202983FA9DD0B507AE0
:10DDA80003C7E3AA1CA761B830A8EEAD9503E450F9
:10DDB800A293FDDA0069B72F6DAABB8DC23ED56F5D
:10DDC8000DB911C9D22D1A63F41AD36CA4ADC6E2E9
:10DDD80034FAD287703A94B6A41E6F825DCF604E33
:10DDE800B07B6F0B2A908D782D327D1FD1DC9D88FA
:10DDF800B78A8E0B135764E265C9555A942F92E57A
:10DE08002C9AE992B5B9DAB6AD011D9BDA8B937BF2
:10DE18002FCA7D8D6B32A5192B0B9B2D2399B831F9
:10DE280041FC23EB23A0007BA3E928A40EFAC061E0
:10DE380070D3C5D554E1EDF52E73BB378B6F61B741
:10DE48006B013C7629E9E4AE329708AFE7995DB3F8
:10DE5800B2B6C5B949B42DCA65AB418C23D3A91153
:10DE68001A8515A1F45A6D212907E2703A9F339D4E
:10DE78006FB4E11A50508E88F19E37195B68626A58
:10DE880062ABBBCE6DC9BF5B7766CF567CC7CB8E06
:10DE9800B6D214EB8B4A509054A528E0003CC9D167
:10DEA8007B0D2727640677338BFD85DB043AC54A4B
:10DEB800F58F57A9343FC1D452263E4FC14507C3F9
:10DEC8006FFA6A1AC7E2369E1B0F9395DF32CCDCD5
:10DED800F63763FDBFB6DA952A0E107E74FC55EC52
:10DEE800BE6FD898966F4F1F9BA5B88DBF45B11AC6
:10DEF800365515CCA14B8EF78951793F94F80034EB
:10DF08000FC1B00FE59D6BF8BDB35ABF8B4BC55F12
:10DF18005F7F51DD5BB9D8AB65EC86ABE3DF6FA8FB
:10DF2800B9D5A0BF4F9DFAB2FCA2BEEBAA5AD6FB48
:10DF3800EE952DD515AD6E2B256A3DC927A927E28B
:10DF48007A9D61DBE2CED18C525C98AD0286D970A5
:10DF5800C9BDBBB2A69EB56C698D53DD23FF000910
:10DF6800D48187100F885AC657FD04AB5F661F67B8
:10DF7800E2313E4472E7792356DB5BE9B0F60DE304
:10DF88008BAE9CD79B1F1A5EE592FD4D0E46D7704F
:10DF98002FB51B3B4E7370B7C2E1875F7692DFAD3A
:10DFA800BC9923C0A44309EA54A4ABDA7B1D3DFC09
:10DFB80024FE2671AD8309B16951F1EB3E53FA7F16
:10DFC8007FE6474A6F2F658DA1B5232C36CB8F6826
:10DFD800A6F2BDEF51AE9D23FA73FCC2C7C58F15DB
:10DFE80013F7DAB08B66D60F53EC5A43A0C28A53A4
:10DFF800E1AE7389E8243A9F2007F26DFD10727D27
:10E00800A384E61BE0754E6DDDEA14F837B2ADCD9A
:10E0180096DB5AEF169B9E80CB2DC57235BECABFC4
:10E028009471B27954B6C1EEE3EBC348FC90A3D91E
:10E0380059D359664BCF24295B8D7ED7F746F8AC68
:10E048005FB733BCF51ACC92FAD20929651D9B65D6
:10E0580019FA28404A07C939F3D4EA568359C3FC48
:10E06800C6B869E152EADFAA8250DDC77C3A299630
:10E07800D36E01CCA4A39D0D2C7E4F3979E3F14BCF
:10E0880049F88D52C95C979BB18BE8DBDB97AE1DD5
:10E09800CCAE6E8D450B758B6E21891DE59EAB9DB3
:10E0A8002B3CEACF990D05E7FCE8D11412674835F7
:10E0B80064101934D94BDF6A755C16BD5DAB4A6CC8
:10E0C80062398F395AE6C650E98C63083D73DF1D03
:10E0D80034B88F817B9E9D2DFDDEB1EA2D29AF5787
:10E0E8008B4DADA1E4A9479895889CB818C11EC965
:10E0F800CE48F2EFA388702F7CD2A4CCDC1DB79E4B
:10E10800C168354EABCF75E0A510A2154C92D8E585
:10E1180000609CA87723A7E8D000E6FBDD146CF626
:10E12800F1DC1509F4355499B828D490CF8520210D
:10E138004D98EB9615CC0A08C1F153820F91EDE684
:10E1480068C35411F68F7459DD5A34EABB1465D389
:10E15800910E5FAA842DF0E95FB09573642463DEA5
:10E16800C63AF6D09DC1E44077437318DA6DE65598
:10E178006EA34872A11EAD6C4588CA597821687192
:10E18800A97216AE60538E521C4E0839E87A79E8A7
:10E19800D182CD139B0E9D57AD56266EA579A83119
:10E1A8005EAB52E341810623AB743111B538E853B5
:10E1B800AEA928E7716B749C0404A02401CC4A948E
:10E1C80045CE003EC1E26A2EDFEDFD0ECF9966BB5B
:10E1D8002A5D069AD4175C6E780DB8B691CA4A497A
:10E1E8006F3824798CE92761B570C9655BF12F2BED
:10E1F80082E5BE6E9A64098A9525AA6535879A4B89
:10E20800E22C28E807195A7A2D6F3AFAD58F2F0C85
:10E2180064F2E988F5B96D7896BDE9695DD6B53ED1
:10E228000412A96E512A6CB2CA591221C949524F17
:10E23800B09EAB6DF69A5273F454E8C8E6EA0193BF
:10E2480012952C6FB552B854D7AB3968D3E2A53CB8
:10E25800C79F9D3365A892318C6149EB9EF9E9A36C
:10E2680088702A4D3A62F7D29F550A6BD55BB4A6DF
:10E27800C729E63CFE22A6C75038C631841EB9CE4F
:10E288007CB4710E0646DD53A446997AAA6784A425
:10E29800CCB9A43CD8492AFC198F1D202B2075F62F
:10E2A8004F4EA3420668F6DB6F5FB2EF0BBA82EB04
:10E2B800F1E55BAED3E9CD51A32B2A722C3E7984CC
:10E2C800C45E460B68538B4B7D4E1B2949F70122D0
:10E2D80040C89DC1BA69E16E874EB52F184FD72D3A
:10E2E800F61063D1264158F5D44446036C486D7C3A
:10E2F800A82A6D3840752BF6C2412949CE55EC162F
:10E30800B928E1C6AB0EE7B2EA97BD362AA343BAED
:10E318002E1A8D5A3B4E63C5436E38123C4C740B13
:10E32800F60920123AF73A6819E3B9F547B666AD27
:10E3380051DE88CCA265165C58D12E1A78572BE589
:10E348004DAD496254724149580E29B5B6A290A400
:10E358008410A4946143CB3059E46B6D2BF22712DF
:10E36800D2A2C9A1C7914DB4EDDA8C79D39A98009D
:10E37800975096D10E476B91054843287025D52BA9
:10E38800994A529B427091924D41AB136A743989F4
:10E39800DE8AFD416B6FD55CB6692C2121479F9DB4
:10E3A80032A729448C63185A71D7E3DBCCE21C0CE2
:10E3B8007896EAA83BAD533152C1A35E54B32E6C94
:10E3C800524F4A8462DB4A78271CA43AC3ADA1673E
:10E3D800BE584743927471007D5CDD44F0B94AA68B
:10E3E800D977843915DA13482C5066C258F5C443D6
:10E3F80046036C486D7CA82A6D3840752BF6D29080
:10E408004A1273957B05AE6058EE237168F4D622E4
:10E41800446E3D06F7BD2A370CE65F214E3B0E3FA2
:10E428002BA98EB4849492E3C8679C648E40A1950E
:10E438006742CC7A065B876BEC7B8A8551A14AB62A
:10E44800A98CB7528CEC55BCCC2690EB7CE9239D6B
:10E458000A09CA569242811D4100F969D89B90CB9E
:10E4680045CB8EBF57DB3AEDC0F45727C5A1D6235D
:10E47800D49C6D6A21E92954568B881CA3A294DA8E
:10E48800D5838C7301D7421991B87B7CFAF706D6ED
:10E49800BE6812A3C6F16AF0D9AEC65A48131A6903
:10E4A8002F7ABBA9207479B52D48C9F79B70827D56
:10E4B80084606811A0DCEE2BED5DAABDE658D5EBB3
:10E4C80062AD29F8ECB0F34FC45B4A42C38807A891
:10E4D80051494904E3A737C7E5A4DDB204AE4BF6BA
:10E4E800D2CE8732DF995EB8E914A79574D51DB8E6
:10E4F800DB86190F350C3EDB694A52A5A4656528F1
:10E508000B5A824656B5F71D4B481989B96CCCDBB6
:10E5180079BFC31DBED46721D2695F73AB74A512DE
:10E52800D091010E171A5B0A48212F32B5B9CA9546
:10E538000E55A5D582524254079660B3C88ADBFBB4
:10E54800A34AE28DB76D8B6204BA6DBB0DD8D22B8E
:10E55800CBA884A64CA682F9D315A436A52421C538
:10E5680020071C52F211CC909CAB992AF70B58212A
:10E57800394F96ADE98F53E66BD59BB5DE631CC763
:10E588009F9D531B56718C6309F8FD9A7C44696BF7
:10E598009B7F2A9FBCB6D5E544951D9A6542648742
:10E5A800AB10565595CD4D3DE69A94D60602CB470D
:10E5B800C3701C7306D93DD0725B31F02732ACCBE7
:10E5C800525C69F11DB7A9E115461E8D2CB71D08CF
:10E5D80053CDBA921C4A94900FB409CF5D3B080AF8
:10E5E8005737B9FE1BA3D2EC3DC58722E069B8C9ED
:10E5F8006E9754A7AD3EB1222A3D86FD69A73952D0
:10E60800974252029485A82C8E6C233CA26F61DA43
:10E61800E4A175177702E6DA3BF60C74C588F7DDD6
:10E62800396B61E732E250EC15252060609CE33DD0
:10E63800BEDD30247B934F9532B7B7CEC42D25303D
:10E64800EEA4C87B9D4412DFDCF9A8C2700E4E56BA
:10E658003A1C74CF5D0C11E70E972D3BE957AC952A
:10E6680035EACE5A54D8A94F31E7F11132628923DD
:10E6780018C6163AE739CF4D1C43817DA0A74CA692
:10E68800D3AE56A6ADB578B76D6E435E1AC901B75D
:10E6980025AD69072060F5EA3B67CCE840C9E1EDA4
:10E6A800A6239457E6DC5728BC51D69F53F0151E75
:10E6B80075DB392809757CDE1C971C4E08E4C03CC4
:10E6C800AEF5EA75C7C4E44F20274FA5D62DB9F09B
:10E6D8002AAD3D1FC7A63EC4A6CA5C57BED292B19A
:10E6E800F47E291A43D4DDDF1694D7771EE8830D0C
:10E6F8005192115A9BCA14B500029E5280E893DBCE
:10E708009B1A00E837A3D2356A95B3F58B6AB0A88F
:10E71800AE22156DD76329A714B01B79A6D4A4908F
:10E72800A48C7B6147FA5AB8E84379DD1327AC5EBD
:10E73800242D395397B6AF6CAC3892DD2EB83EF71E
:10E74800264171D3D705CF05D585ABAF73AC7BA375
:10E758008BA6DF69E425D0D7ECCDE63B4F76F1F008
:10E7680082DA6B1529455BFDC84D2E8E545597A846
:10E778008D546ADC71254596EB5B3ACA87D2446AA8
:10E7880081FF00681D70CA5B474BC3EA64A951DC6E
:10E7980067E338625FB69FF0466A142E3EEE22A801
:10E7A800AD6F2D874B42FA7FC021A9B23EA52A3210
:10E7B800943F4EB8A50DA73CBB645747FF0086524F
:10E7C800962B70309693C1569FFDA49FD1544885CF
:10E7D8005C5C11714FB8202AFBDFEA7D51B575F0FA
:10E7E800A4CF9CF363EA6F9528FD5AF9EA6C9C6DF7
:10E7F8007FF72ADFDACCDE13B256EAEC9FFE86CF2B
:10E80800707CEA34D3F7DDBFA9874BF460DCAA2912
:10E818004D5B776951D03B889477178FAB99D48F2C
:10E82800D5A98EEFCFCEA8BDDFD9CB5FB35E197F58
:10E83800B383937EB9A5FB4593EB63D1A5B5901C33
:10E848000BBA6FAB96B453DDB603309B57D7CA9556
:10E858002FF42B5F553D83463E5C9BFA180C6F6680
:10E868005DAB555B0B429D3E9BC9FD5A5F40EB611A
:10E8780070CBB15B6CB449B5B6DA90DCC6C0C4C91C
:10E888006D9972411E61C78A9493F9B8D6468ECFA6
:10E89800C350CE1057F7FEE68BB537CF6EED94E335
:10E8A8008BC4C9C5F9A9F263EE8D93F6DC25C87946
:10E8B8001163B92169252D214B2077C019E9AFB023
:10E8C800D5CE5A7129BE3B9BC42548404BB168F64A
:10E8D8007C477C48548449592EA8767A4A8230E38A
:10E8E8009F04FBA8F2C9CA8F1B773912B101D94D11
:10E8F800899DBA1BAB40B12A3518D1614F90553567
:10E90800D6DC595FABB692E3A947B3EFA92929042E
:10E91800F404E7CB492B837641678B2B96EDDD1BFF
:10E92800CFF82EB619A7D16CBB09F5D2A9B4DF1957
:10E93800680B7991E1179612823A005084E4F2A7A5
:10E9480027BA8E9BCDD85120DB57C25DDB7F5E9402
:10E958007A0D4AB747894D99252263ACBEEA9E4C89
:10E968007482A73C305A039CA5240C900120F968B6
:10E97800B0EE48F8C6AD572F1DC536351A343A5D86
:10E98800A5B768343A45392EA804F8612971D2022E
:10E9980048C9E54A475E8940F327430590F2F08964
:10E9A800B61176AF622DCA5A16D3B36AEC0AD541AE
:10E9B800E6F3CAE3F2121781900E128F0D03F33EAD
:10E9C8007AB4AC886EEC336988FFD9006CC00F400C
:10E9D800030000000E0D0000FDA401002A3600000F
:10E9E800140000001300000001000000F4841F4020
:10E9F8002B3200001400000013000000010000008A
:10EA0800F8841F402D31000014000000130000009E
:10EA180001000000F0841F402CFFFF0014000000DC
:10EA280000000000000000000100000000000000DD
:10EA3800EC841F4000000000000000006CC00F4084
:10EA480030000000100F0000FDA4010001270000A5
:10EA580017000000120000000001000014851F408C
:10EA68001AFF000012000000000000000100000072
:10EA780018851F401BFF0000120000000000000066
:10EA88000100000010851F400026FF00170000004D
:10EA98001200000000000000010100000100000059
:10EAA8000C851F400C851F40000000006CC00F4003
:10EAB800C0000000504F0000D1A501000CFF00006D
:10EAC80013000000000000000000000024851F4023
:10EAD8000BFF000013000000000000000000000011
:10EAE80028851F400DFF00001300000000000000F3
:10EAF8000000000020851F400A25240013000000A4
:10EB080012000000120000000102030000000000D3
:10EB1800000000000000000000000000160355007F
:10EB28005300420020005300650072006900610034
:10EB38006C00000018035400650065006E00730047
:10EB480079006400750069006E006F000403090411
:10EB580009026200030100C032080B000202020130
:10EB6800000904000001020201000524001001054B
:10EB78002401010104240206052406000107058278
:10EB88000310001009040100020A00000007050331
:10EB98000240000007058402400000090402000248
:10EBA800FF6AFF00070581024000010705010240D6
:10EBB8000001000009026200030100C032080B00D6
:10EBC80002020201000904000001020201000524FA
:10EBD8000010010524010101042402060524060091
:10EBE800010705820310000509040100020A00005C
:10EBF800000705030200020007058402000200095D
:10EC080004020002FF6AC70007058102000201072B
:10EC180005010200020100000A060002EF0201409D
:04EC280001000000E7
:10EC2C0000000000000000000000000000000000D8
:10EC3C0000000000000000000000000000000000C8
:10EC4C000548064B1B1AD90F01EBA301491002D042
:10EC5C00034B03B118477047C0960020C0960020A4
:10EC6C000000000008B5054B1BB105490548AFF382
:10EC7C000080BDE80840FFF7E3BF00BF00000000C4
:10EC8C00CCC7002000380460B2F1000C1E4A10B54D
:10EC9C0092F800E008BF4FF47A7C86450FD072B62C
:10ECAC0010705180C2F804C082ED020A1373029BEB
:10ECBC001361039B5361049B936162B610BDB2F860
:10ECCC0002E01FFA8EFE8E45E9D1D2F804E0E6454B
:10ECDC00E5D1D2ED027AF4EE407AF1EE10FADED103
:10ECEC0092F80CE09E45DAD1D2F810E0029CA645D1
:10ECFC00D5D1D2F814E0039CA645D0D1D2F818E0B7
:10ED0C00049CA645CBD110BD008F0020314B324A5C
:10ED1C001B889BB207EE903A10B41278F8EE677A23
:10ED2C002E4C012AC4ED007A34D0D1B202291DD068
:10ED3C00002944D12A4C07212A4AD4ED007A3324E5
:10ED4C009FED297AF8EE677A284B116066222849E4
:10ED5C0067EE877A1A60274B40221A609622264B60
:10ED6C000C601A60C0ED007A10BC70471C4C072177
:10ED7C001C4AD4ED007A33241C4BF8EE677A1160F0
:10ED8C009FED197A66221A491A6067EE877A194B39
:10ED9C008522E2E713498124144BA8220C609324AA
:10EDAC001A6063221249134B1A60B322124BDFED27
:10EDBC00137A0C601A60C0ED007A10BC70470949D8
:10EDCC0081240A4BA8220C6093241A60B9220849AA
:10EDDC00084BE9E792CA0020A5CA00207CCA002093
:10EDEC0000A30020DC9100206F12833AE0910020F8
:10EDFC00E4910020909300209493002000000000E8
:10EE0C00036818470B680360704700BF0B6803600A
:10EE1C00704700BF704700BF08B5836803B19847BF
:10EE2C00034AD38843F48043D380BFF34F8F08BD8C
:10EE3C0000800B4008B5836803B19847034A1378E8
:10EE4C0003F0F7031370BFF34F8F08BD00400B4066
:10EE5C0000B583B0019020F0D9FD019803B000BD3E
:10EE6C008B4A8C4B8C491B681068F0B51A1A0C68CD
:10EE7C0083B08A4D944260D0894C0A60217801F0AD
:10EE8C00FF06D1B94FF0FF32334631468548067044
:10EE9C008548864E0360864B1A6033889BB28B4242
:10EEAC0050D0844B9B68DB0753D4834A01232B70CF
:10EEBC0013680133136003B0F0BD8049097801F089
:10EECC00FF0600295DD1217B00296BD133462178C7
:10EEDC00012971D02178022900F08680616894EDB7
:10EEEC00017ADFED776AB8EE477A0193B2FBF1F065
:10EEFC0001FB102207EE902A6288F8EE677A97B22F
:10EF0C0087EE870A20EE260A22F0EAFF07EE907AB7
:10EF1C00B6EE007A4FF0FF32F8EEE77AF7EE006AC1
:10EF2C0067EE877A30EE260AA7EE807ABCEEC77AB7
:10EF3C0017EE103A99B2019BA8E72C78002C9BD1C4
:10EF4C0003B0F0BD2B78002BB5D05A4B9B68DB0778
:10EF5C00ABD500225B48019120F058FB63883288C6
:10EF6C00C3F34E03019992B29A4210D3328892B2F3
:10EF7C009A4201D3994210D3002331802B7003B0F5
:10EF8C00F0BD00234FF0FF321E4619467EE7994232
:10EF9C0041D2328892B29342EED84B4A1368013375
:10EFAC001360E9E72169D4F814C09142D4F818E051
:10EFBC0007D90144CB1A8AE761884FF0FF3289B236
:10EFCC0064E76144914208D88E4496454FD9C01AE3
:10EFDC00521A022600EB0E0379E7C91A4FF0FF32E2
:10EFEC0001260B18002151E76068D4ED017A94EDED
:10EFFC00027AF8EE677AB2FBF0F167EE877A00FBE3
:10F00C001122FCEEE77A17EE901A8A422BD3616834
:10F01C008A1A00213AE72D4A2D4C136801910133CD
:10F02C00136021F07DF823680199D3B12368DFF8D0
:10F03C00B0E0C31ADFF8ACC0DEF80020254F1A444C
:10F04C00CEF80020DCF800200132CCF800203A6821
:10F05C009A4200D93B60204AD2F800C09C4500D2AD
:10F06C001360206088E78A1A618889B20EE71B4911
:10F07C008A4207D801314FF0FF3203260144CB1AE4
:10F08C00002103E733464FF0FF3203261946FDE615
:10F09C0034C7002048CA0020608F00209ECA002080
:10F0AC00008F0020A5CA002000A3002092CA0020D7
:10F0BC00FC8E002000400042DCA200209BCA0020F5
:10F0CC00DB0FC940A4C700206CA3002074A3002050
:10F0DC00FCA20020F48E0020C4A20020FF5B2605B9
:10F0EC00C8A2002070A3002008B521F09DFB0021D0
:10F0FC0008BD00BF831EFDEEC07A70B50DB204468C
:10F10C00D6B21D4819B24FF410632A462DED028B6E
:10F11C0084B0B0EE678ACDED017A009333468DED65
:10F12C00030A18F027FB154B2A4621B2124801930B
:10F13C0000230093334618F0CBFAB8EEC87A9DED55
:10F14C00030AF6EE007ADFED0E6A04F1080130EEE8
:10F15C00470A022433462A4609B20748E0EE267ACB
:10F16C000094FDEEE77ACDED017A18F003FB04B0C4
:10F17C00BDEC028B70BD00BF209D002060140020F0
:10F18C000000C8422DE9F04385B0984681460D46F3
:10F19C009DF83030A021234816469DF838400D9F2D
:10F1AC00039317F001FE09211E4818F0A7F9002C53
:10F1BC0032D003991B4817F07FFD1B4919481FFAE1
:10F1CC0089F417F0B3FD0023ADB2214600932A4613
:10F1DC00144818F00DFC002305EB0802A11900934C
:10F1EC0092B2104889B218F003FCFF230D481A465E
:10F1FC00194618F0FBF94FF4C06005EB68021B23AD
:10F20C0004EB660112B209B2CDE90C07054805B052
:10F21C00BDE8F04318F05CBA2146024817F04CFDEB
:10F22C000249CBE7209D0020D9D9D900EEEEEE00A3
:10F23C00194A1A49138812889BB292B207EE903A77
:10F24C00F8EE677AC1ED007AA2B1154B8220154A0F
:10F25C001B68DFF860C00233A2FB031222F001012D
:10F26C0001EB52029B1A5CF823200F490F4B0860EC
:10F27C001A6070470E4B9F200A4A1B68DFF838C093
:10F28C000233A2FB031222F0010101EB52029B1A82
:10F29C005CF82320E9E700BF92CA00207CCA00205A
:10F2AC0074A30020ABAAAAAA9493002090930020E8
:10F2BC006CA3002034260020402600202C4B1B7809
:10F2CC0043B12C4A2C4B1268A3FB0232C2F34013FD
:10F2DC00920600D5704700B585B02848039317F007
:10F2EC00B3FC0399254817F0E7FCFF21234818F0DD
:10F2FC0069F82349214817F019FDA0211F4817F080
:10F30C0053FD09211D4818F0F9F8039BF4224621FE
:10F31C001A48009318F06CFB039B4FF487724FF460
:10F32C00CD711648009318F063FBFF2313481A465F
:10F33C00194618F05BF9134B1B78013BDBB2042B1D
:10F34C0013D8114A52F823C04FF4C0601B2340F26B
:10F35C000112F021CDE9000C084818F0B9F9074862
:10F36C0005B05DF804EB17F037BCDFF820C0EBE715
:10F37C00A0CA002048CA0020D34D6210209D002056
:10F38C002417BD009ACA00205C0400200C13002036
:10F39C00214B944640F6C3121B889BB207EE903A61
:10F3AC00F8EE677A30B51D4CDFF880E0C4ED007ADA
:10F3BC001B4CDEF8003025685B1B934214D90368A4
:10F3CC00032B09D8DFE803F019200211154B9A2200
:10F3DC001A60154B196003680133042BA8BF002376
:10F3EC000360DEF80030236030BD0E4BCE221A6075
:10F3FC000D4BC3F800C00368EEE70A4B34221A60C9
:10F40C00094B19600368E7E7064B68221A60064B44
:10F41C00C3F800C00368DFE792CA00207CCA002052
:10F42C003CC70020909300209493002048CA0020F1
:10F43C000A4B186880B10368094A1B6893420CD1C7
:10F44C00836810B503B19847064AD38843F48043C8
:10F45C00D380BFF34F8F10BD704718471CA30020FB
:10F46C00F901000000800B4010B5242184B01F4826
:10F47C0022F032FB1E4820F06DFB1E4820F0C6FA2D
:10F48C000023B6EE000A4FF47A7219461846009320
:10F49C00194CCDE90133FFF7F7FB0A46174820F06A
:10F4AC00B5F82378DBB116490022164816F072FE27
:10F4BC002378C3B114490022124816F06BFE23784E
:10F4CC007BB1124900220F4816F064FE642020F034
:10F4DC00D1FD642004B0BDE8104020F0CBBD0C4938
:10F4EC00E2E70C49EEE70C49E5E700BF70040020A9
:10F4FC00E08E002038920020ADCA0020A4C7002066
:10F50C0094203000209D002070203000D42030004A
:10F51C0090241000C42410006C24100000B585B099
:10F52C0022F056FB234B1B78002B40D0224B1B7830
:10F53C00DB073CD5214B224A1B6812689B1A0E2B09
:10F54C0035D922F0D3FAFF2831DD1E4B1A78C52AA3
:10F55C0009D032211C4822F0BFFA1C4805B05DF8D6
:10F56C0004EB20F0F7BAB6EE007AD3ED017AF4EEA4
:10F57C00C77AF1EE10FAECDDB0EE007AF4EEC77A51
:10F58C00F1EE10FAE5D593ED036AB7EEE75A93ED79
:10F59C00027AB7EEC66A0E49B7EEC77A0B4853EC3F
:10F5AC00152B8DED026B8DED007B20F0EDFA05B087
:10F5BC0000BD00BFB9CA0020B8CA002048CA00204C
:10F5CC0070CA00201C8F002098040020E08E0020C0
:10F5DC00CC0400202DE9F043002491B081460F4665
:10F5EC0090462546504E56F824003946033423F0F5
:10F5FC00B7FF002861D001350C2DF4D14B4BD3F85B
:10F60C008024EAB10023114602A83A4602931BF06B
:10F61C000DFD04464946464817F09AFEFCB10022FF
:10F62C0008F1FF31424818F02BFA002239464048C5
:10F63C0019F0C0FCB8F1000F39D011B0BDE8F0835F
:10F64C00D3F8841439B113460E9202A83A461AF034
:10F65C00DBFB002863D14946354817F079FE382189
:10F66C00344822F039FA384624F03AF90146384643
:10F67C0022F032FA304820F06DFA304A00212C4842
:10F68C0013780133137017F073FF012303212848FB
:10F69C001A4617F079F8012200232548CDE90022FB
:10F6AC0019461A4617F0A6F8B8F1000FC5D1204834
:10F6BC0011B0BDE8F04317F08FBA1C4A05EB4505B5
:10F6CC00D2F8803406EB8506E3B119460290034666
:10F6DC003A4602A81BF0AAFC4946154817F038FE1A
:10F6EC0008F1FF310022124818F0CAF91048D6E987
:10F6FC00011217F0B3F91249B3683A460E4820F0DC
:10F70C0043FA97E7D2F8841421B13A4602A80E9333
:10F71C001AF07AFB4946064817F01AFEE0E749460C
:10F72C00034817F015FE7AE798220020849D0020EC
:10F73C00209D002018050020E08E0020B1CA00207A
:10F74C00FC040020184B1A787AB172B600224FF0E4
:10F75C007C514FF47A701A705A80586099601A7301
:10F76C001A615A619A6162B670475A8892B2002A3D
:10F77C00EBD15A68B2F57A7FE7D1F6EE007A93EDC9
:10F78C00027AB4EE677AF1EE10FADED11A7B002A17
:10F79C00DBD11A69002AD8D15A69002AD5D19A69C5
:10F7AC00002AD2D1E0E700BF008F002010B58446BC
:10F7BC0084B0334BF6EE007A04AC9FED327ADFF86E
:10F7CC00E4E093E807000DEB8C03DEF800E004E9BD
:10F7DC000700D3ED016A0CF101012B4AE6EE877AA2
:10F7EC002A4B11702A492B4AC1F800E0002102EB88
:10F7FC008C022948FCEEE77A11600021274AD0F8E8
:10F80C0000E022F81C1017EE902A1978244892B2C6
:10F81C000129C0F800E014D072B64FF0010C0021A1
:10F82C004FF07E5083F800C04FF47A7C5A80C3F8B6
:10F83C0004C09860197319615961996162B604B07A
:10F84C0010BD598889B28A42E6D15968B1F57A7FE0
:10F85C00E2D1F7EE007A93ED027AB4EE677AF1EE2C
:10F86C0010FAD9D1197B0029D6D119690029D3D125
:10F87C0059690029D0D199690029CDD1DFE700BFA2
:10F88C005004002000F07F459FCA0020008F00200C
:10F89C0068A3002090A30020F4A2002050A3002015
:10F8AC00F8A2002048CA002070B507E022F0F0F85A
:10F8BC00C4B2204622F0FCF8542C04D022F0A2F85A
:10F8CC000A28F3DC70BD00260A25344622F0E0F845
:10F8DC00C2B23038A100C0B2303AB300092841EAB4
:10F8EC00967107D89B1944EB0104DB186441D618B8
:10F8FC0044EBE274013DE9D1304621461EF09CFFF9
:10F90C00DCE700BF2DE9F04F0120ADF5477D1FF07E
:10F91C00E5FE02201FF0D8FEB74BB84C40F2EE26A5
:10F92C00B74F1D68DFF8DC8222F052F92378002BE8
:10F93C0000F02C843B78DA0740F12884AE4B1B682E
:10F94C00D8F800209B1A0E2B40F22084AC4DAD4E03
:10F95C0022F03EF92378002B00F025842B78DB076E
:10F96C0040F12184A44B1B6832689B1A0E2B40F289
:10F97C001A84A5481EF0B0FFFFF796FF642020F014
:10F98C0079FB1FF099FE002800F0238418219F4872
:10F99C0022F0A2F89E4820F0DDF89E4829F0D0FC19
:10F9AC001E219D4822F098F89C4C994820F0D2F8E2
:10F9BC00002020F097FC0A212060994818F030FCB8
:10F9CC002568002D00F03684964B012494481C6069
:10F9DC0017F03AF9224694490020FFF7FBFD00226C
:10F9EC0092492046FFF7F6FD002291490220FFF7CD
:10F9FC00F1FD00228F490320FFF7ECFD00228E4918
:10FA0C000420FFF7E7FD00228C490520FFF7E2FDFB
:10FA1C0000228B490620FFF7DDFD002289490720D3
:10FA2C00FFF7D8FD002288490820FFF7D3FD0022FC
:10FA3C0086490920FFF7CEFD002285490A20FFF7F1
:10FA4C00C9FD844B1A78002A40F03784092182487A
:10FA5C001FF032FD0022804811461FF0D7FD0A200E
:10FA6C0020F00AF9102020F03BF900210E2020F0A4
:10FA7C00A3FB7A4B402118681971A0B1784B794AD5
:10FA8C00C31879481B11D154537811788B4228BF75
:10FA9C000B469178D2788B4228BF0B46934228BFF5
:10FAAC00134680F87A30714B76AD714A3EA93C937F
:10FABC0078A82B6000263E923CACFFF7A3F941F2EC
:10FACC006F72294665481FF01DFF2B6878A8694F97
:10FADC00DB68984723683EA8DB689847664A674806
:10FAEC00136C674943F4001313647A6F866042F415
:10FAFC004032644B7A67086040F21450624A6349A2
:10FB0C00C2F8B01146F2A0121A8041F210321A80DB
:10FB1C0044F20A02DA801A8842F06C021A804FF022
:10FB2C0080521E814FF0E023C3F808210122584B6C
:10FB3C001A6020F0D7FBB12800F0B483B2464FF620
:10FB4C00FF764FF0C40940F2F44748464FF00808DE
:10FB5C0020F0C8FB4640B6B206F00103B8F101082C
:10FB6C0003EB830203EB423383EA5606B6B2F3D1BE
:10FB7C0009F10109B945E8D10DF10E073E80BAF142
:10FB8C00000F40F074834FF4A0720021284623F03C
:10FB9C0081FB4FF47A7347A90022AB60AB64C5F8C4
:10FBAC008830C5F8C830C5F8083110AB43F82C2C98
:10FBBC002C3343F8542C8B42F8D1642020F092FB68
:10FBCC00FF28814600F07F8322213248A3460DF2A4
:10FBDC00D71AC4F1C40621F07FFF0D481FF0BAFFFD
:10FBEC000BEB060020F07EFB0BF8010BD345F7D195
:10FBFC0005AEC6F59A7A4FE048CA0020B9CA002073
:10FC0C00B8CA002070CA0020C904000054050020A6
:10FC1C00E08E0020490800008005002014C7002059
:10FC2C00209D002030C70020A0050020BC0500202E
:10FC3C00D8050020F005002008060020240600202E
:10FC4C003C060020540600206406002074060020A8
:10FC5C0088060020B1CA0020A4C7002038920020DA
:10FC6C0000BFF7BF388F002000E400E04C260020D6
:10FC7C004102000000C00F4000C00A4080CA0020B2
:10FC8C001CA3002000800B400094002011080000F1
:10FC9C0070C700205007002006EB0A0020F022FB62
:10FCAC0006F8010BA642F7D12E46C5F56D7A06EB88
:10FCBC000A0020F017FBC6AB06F8010B9E42F6D1EA
:10FCCC000DF23D1A234605E05E2900F28B829A451F
:10FCDC0000F088821A780133A2F12001002AF3D1B6
:10FCEC0004F14C0304F1990605E05E2900F28382CD
:10FCFC00B34200F0808213F8012FA2F12001002AF8
:10FD0C00F3D104F1E60105E05E2A00F27D82B142F6
:10FD1C0000F07A8216F8013FA3F12002002BF3D1F8
:10FD2C00B9F1FF0F00F07D82642020F0DBFA009027
:10FD3C00702020F0D7FA83467C2020F0D3FA81463D
:10FD4C00882020F0CFFA8246942020F0CBFA064689
:10FD5C00B82020F0C7FA5B46012B38BF0123B9F15C
:10FD6C00010F38BF4FF00109BAF1010F38BF4FF046
:10FD7C00010A012E38BF0126012838BF0120834615
:10FD8C002046E7224FF4AF61019320F065FC05A8F3
:10FD9C00DC2240F25F6120F05FFC4FF4A07240F275
:10FDAC003B71284620F058FC0099642020F0B4FBED
:10FDBC00002140F2165020F0AFFB019B042240F2D0
:10FDCC001C5104A8049320F047FC04224FF4A461B6
:10FDDC0004A8CDF8109020F03FFC042240F22451EE
:10FDEC0004A8CDF810A020F037FC04224FF4A56134
:10FDFC0004A8049620F030FC0126042240F22C5179
:10FE0C0004A8CDF810B020F027FC04224FF4A66112
:10FE1C0004A8049620F020FC042240F2345104A8DB
:10FE2C000496002620F018FC04224FF4A76104A8C5
:10FE3C00049620F011FC04A8042240F23C510496D4
:10FE4C0020F00AFC022238464FF4A36120F004FC97
:10FE5C00022140F2155020F05FFBB12140F214500A
:10FE6C0020F05AFB642040F21C5A20F03BFA2C463E
:10FE7C00B14B186050460AF1010A20F033FA04F82D
:10FE8C00010BBAF5A46FF5D12B682C46AB4F40F2A1
:10FE9C0024563B6050460AF1010A20F023FA04F87C
:10FEAC00010BB245F6D12B682C46A54E336050465B
:10FEBC000AF1010A20F016FA04F8010BBAF5A56F45
:10FECC00F5D12B68AB469F4A40F22C591360504633
:10FEDC000AF1010A20F006FA0BF8010BCA45F6D11B
:10FEEC002B6840F23454984AA946136020460134DA
:10FEFC0020F0F8F909F8010BB4F5A76FF6D12A68D0
:10FF0C00A946924B1A6050460AF1010A20F0EAF910
:10FF1C0009F8010BBAF5A66FF5D12A68AB468C4BE4
:10FF2C0040F234591A6050460AF1010A20F0DAF90D
:10FF3C000BF8010BCA45F6D12A68AA46854B40F24C
:10FF4C003C591A602046013420F0CCF90AF8010B18
:10FF5C004C45F7D12A68A9467F4B1A6020460134DC
:10FF6C0020F0C0F909F8010BB4F5A86FF6D17B4C61
:10FF7C002B687B4A04F1E709C4F5AF65136060197F
:10FF8C0020F0B0F904F8010B4C45F8D1754D40F256
:10FF9C003B74AA46641B05F5A0790AEB040020F01B
:10FFAC00A1F90AF8010BCA45F7D16F4C40F6980B32
:10FFBC0004F10A0AABEB040B04EB0B00DFF8A8917D
:10FFCC0020F090F904F8010B5445F5D19FED677AB8
:10FFDC0040F2B6306649DFF8A4E1DFF8A4C139F885
:10FFEC00022BA2F132039BB2834200F2E88007EEAF
:04FFFC00902AF8EE61
:02000004600199
:10000000E77AC7EE876AF6EE007AE6EE877AFCEECC
:10001000E77A17EE903A9BB2323B8EFB0342DB1736
:10002000C3EB2213C3EB0343ACFB03429B1A02EB6B
:1000300053031B0908F1100841F8043BB8F1500FB5
:10004000D3D1DFF84C8140F6FC0AC146AAEB080A7E
:1000500008F1100509EB0A0020F04AF909F8010B34
:10006000A945F7D198F80030C52B00F0F3804FF088
:100070007E53C8F804300023C8F80830C8F80C30A4
:10008000002388F80030DFF80C8140F25F69FFF749
:100090004BFAA9EB080908F1DC0508EB090020F090
:1000A00027F908F8010BA845F7D1264B344D1B68FA
:1000B0002A689A4241D0083B362B3CD8DFE813F03F
:1000C00040013B003B003B003B003B003B00440148
:1000D0003B003B003B003B003B003B0021013B0061
:1000E0003B003B003B003B003B0026013B003B004C
:1000F0003B003B003B003B003B003B003B003B0028
:100100003B003B003B003B003B003B003B003B0017
:100110003B003B003B0037003B003B002B013B001A
:100120003B003B003B003B003B003B004F010B4AC8
:10013000144B12681A601E232B600DF5477DBDE835
:10014000F08F00BF38C8002004920020EC910020FE
:10015000FC91002020920020149200200C9200209C
:10016000F49100205CCA00208492002060CA002024
:10017000F88C002018C7002000007A4420CA002014
:1001800034C80020089200201F85EB51CB6B28AFAC
:100190001C8F002098C80020744B1B6822785B1BC2
:1001A0007AB1B3F5FA6F3FF6D7AB21F017FDFFF741
:1001B000C1BB6E4B1B68B3F57A6FFFF4CFABFFF793
:1001C000DEBBB342F1D9FFF7C7BB45F2D70345F613
:1001D000506455F82820012A18BF23462AE70E212B
:1001E000634821F07FFC63481FF0BAFCFFF7DBBBDC
:1001F0004C226149204623F0D3F8002384F84C3088
:1002000074E550464C225D4923F0CAF8002384F877
:1002100099307CE54C225A490DF5C57023F0C0F8A1
:100220000023B9F1FF0F84F8E6307FF483AD4FF07F
:10023000010B00235E460093DA46D9465B46A5E5EE
:10024000504817F0A3FD0A212846216020F06AF9E2
:10025000FFF7C0BBB6EE007AD8ED017AF4EEC77AAC
:10026000F1EE10FA7FF703AFB0EE007AF4EEC77A42
:10027000F1EE10FA3FF507AFF9E64FF000094FF441
:10028000A36020F035F860F3070940F2195020F020
:100290002FF860F30F291FFA89F9B1453FF4E8AD53
:1002A0004921394821F01EFC32481FF059FC70E406
:1002B00040F2155020F01CF8A0F1020ABAFA8AFAAE
:1002C0004FEA5A1A41E431492A481FF063FCFFF70C
:1002D000C3BB2A212E4821F005FC26481FF040FC14
:1002E000E7220021204622F0DBFF4FF4A07200211C
:1002F000284622F0D5FFDC22002105A822F0D0FFFD
:10030000E4E4244A244B12681A6014E7234A244B7D
:1003100012681A600FE7234A144B234910680968D2
:10032000224A1B6811601B1A214A40F216501360C2
:100330001FF0DEFF04281F4B16DD00221A60FAE6CC
:100340001D4B3A681A60F6E61C4A084B10681B6899
:100350001B4A31681B1A1160154A1360EBE6194AF3
:10036000194B12681A60E6E61860E4E648CA0020F5
:1003700070050020E08E0020740700207C0700201C
:1003800084070020209D0020D8060020A806002019
:1003900024070020FC910020F891002020920020EA
:1003A0001C92002060CA0020F4910020F0910020EF
:1003B00034C70020C8C70020009200205CCA00207B
:1003C000E89100201492002010920020F0B52C4CEF
:1003D00085B000252B4F20461C2617F0BBFDFF23C0
:1003E00020461A46194616F061FD204616F0C2FB5B
:1003F000204617F0AFFD0121204617F085F82B4667
:100400002D220F212046009517F0F8FA204616F00D
:1004100021FCFF2320461A46194617F0EDF81A4929
:10042000204617F00FF80121204616F04BFC3B88C0
:10043000164AD721204600960392C722CDE90153E0
:100440000125372316F0C0FD3723C722D7212046C8
:10045000CDE9006516F06AFD204616F0C3FB204684
:1004600017F082FA237C2BB1638A4FF6FF72934216
:100470003B6001D005B0F0BD054B1D6005B0F0BD7F
:10048000209D002064CA0020A9A9A9008C07002093
:1004900034C80020F0B5CE4883B017F05BFDCD4DD9
:1004A000CB4815F0BDFE32201FF0EAFD2B68142B5F
:1004B00009D80024012001341FF0E2FD2B68142B21
:1004C00001D8192CF6D1C24C00254FF4C066204645
:1004D00015F06EFEFA2320461A46194616F0E6FC81
:1004E000204616F047FB4FF4B461204616F0A0FCFE
:1004F0000221204617F008F85A21204616F068FF1E
:10050000D92320461A46194617F076F82B462A4674
:10051000F0212046009517F071FA4FF4F061204663
:1005200016F086FCFF21204616F052FFDE232046FF
:100530001A46194617F060F84FF491722B46F021D5
:100540002046009517F05AFA0921204616F0DCFFE4
:10055000F22320461A46194617F04EF8C3222B46BE
:1005600029462046009517F049FA4FF482722B462F
:100570004FF4F0712046009517F040FA7723792266
:100580007C21204617F038F8934A1F23F02120469B
:10059000CDE90062262217F0A1F8904A1F23F0212E
:1005A0002046CDE900628E4E522217F097F833684C
:1005B000002B40F08F8100251A2306220421844855
:1005C000CDE9005517F0DCF831681A23062280487F
:1005D000CDE900510E2117F0D3F882490025824E53
:1005E0001A2306227A48CDE90051172117F076F830
:1005F00031681A230622092900F365811C217448F9
:10060000CDE9005517F0BCF831681A23062270486E
:10061000CDE90051252117F0B3F81EF071F820B193
:10062000724B1968002900F06481714800211A2377
:100630000622CDE900102B21654817F04FF86D4DCB
:100640002968092900F3358100261A2306224B2147
:100650005F48CDE9006617F093F829681A2306224F
:100660005B48CDE90061552117F08AF8624E0025FC
:10067000624F1A2306225D215548CDE9005617F036
:100680002DF83A681A23092A00F30B810622632108
:100690004F48CDE9005517F073F83A681A236B21DB
:1006A0004B48CDE90052062217F06AF800251A23BC
:1006B000062273214648CDE9005617F00FF850493D
:1006C0001A23062209684248CDE90051792117F022
:1006D00057F8FF233E481A46194616F08DFF0521AC
:1006E0003B4816F0EFFA0121394816F00DFF0323BD
:1006F000CD221F213648009517F080F90221344899
:1007000016F0E0FA0123CD2274213148009517F04C
:1007100075F903212E4816F0D5FA0223CD22C921FE
:100720002B48009517F06AF90821294816F0CAFAF3
:100730000623CD224FF48F712548009517F05EF9FE
:10074000C821234816F0BEFA0A23CD2240F27311C5
:100750001F48009517F052F9FF211D4816F038FE8A
:10076000A0211B4816F026FB0921194816F0CCFEE3
:10077000D721174816F0A6FA2249154816F0DCFAD8
:1007800080222B4640F2A7111148009517F036F948
:100790009E222B464FF4EF710D48009517F02EF96D
:1007A000FF230B481A46194616F026FF16494FF448
:1007B000C0621B230648CDE900218E2240F2BF1102
:1007C00016F08CFFFF21024816F002FEA0211DE06A
:1007D000209D0020FC8E002094070020A007002010
:1007E00080C70020AC07002090C7002010C7002061
:1007F000B80700202CC70020C0070020A0C7002099
:100800008CCA0020D9D9D900C40700204D4816F061
:10081000D1FA09214B4816F077FE4A21494816F0D3
:1008200051FA4949474816F087FA80222B46294653
:100830004448009517F0E2F89E222B4637214148A4
:10084000009517F0DBF8FF233E481A46194616F0CC
:10085000D3FE01213B4816F057FE082378220B21D6
:100860003848009517F0CAF8364817F07DF894F824
:100870002030082B0AD8012B11D9023B062B0ED8A9
:10088000DFE803F04B500D550D0D4600C82B53D03B
:10089000D72B38D04A2B02D12C4B1F221A6003B021
:1008A000F0BDCDE9005261210622264816F068FF0E
:1008B000FCE600201A230622CDE900014B21214845
:1008C00016F05EFFD2E6CDE900511E481B2116F05E
:1008D00057FFA2E61DF0F4FE092830607FF76BAEEB
:1008E0001A2306220421CDE90050204616F048FFC5
:1008F00073E617481A230622CDE900102B21114870
:1009000016F0ECFE9BE6114B37221A6003B0F0BDE7
:100910000E4B17221A6003B0F0BD0C4B02221A6076
:1009200003B0F0BD094B09221A6003B0F0BD074BBC
:1009300010221A6003B0F0BD044B38221A6003B0D5
:10094000F0BD00BF209D0020D9D9D90034C80020B7
:10095000B0070020F0B5CF4883B017F0FBFACE4DBA
:10096000CC4815F05DFC32201FF08AFB2B68142B5D
:1009700009D80024012001341FF082FB2B68142BBE
:1009800001D8192CF6D1C34C00254FF4C06620467F
:1009900015F00EFCFA2320461A46194616F086FA80
:1009A000204616F0E7F84FF4B461204616F040FAFE
:1009B0000221204616F0A8FD5A21204616F008FD17
:1009C000D92320461A46194616F016FE2B462A460B
:1009D000F0212046009517F011F84FF4F061204601
:1009E00016F026FAFF21204616F0F2FCDE23204600
:1009F0001A46194616F000FE4FF491722B46F0216C
:100A00002046009516F0FAFF0921204616F07CFDDD
:100A1000F22320461A46194616F0EEFDC3222B4655
:100A200029462046009516F0E9FF4FF482722B46C6
:100A30004FF4F0712046009516F0E0FF77237922FD
:100A40007C21204616F0D8FD944A1F23F021204631
:100A5000CDE90062262216F041FE914A1F23F021C3
:100A60002046CDE900628F4E522216F037FE3368E1
:100A7000002B40F04B8100251A23062204218548D3
:100A8000CDE9005516F07CFE31681A230622814814
:100A9000CDE900510E2116F073FE83490025834EE7
:100AA0001A2306227B48CDE90051172116F016FEC5
:100AB00031681A230622092900F321811C21754877
:100AC000CDE9005516F05CFE31681A230622714804
:100AD000CDE90051252116F053FE1DF011FE20B185
:100AE000734B1968002900F03981724800211A23DC
:100AF0000622CDE900102B21664816F0EFFD6E4D61
:100B00002968092900F3198100261A2306224B219E
:100B10006048CDE9006616F033FE29681A230622E4
:100B20005C48CDE90061552116F02AFE634E002590
:100B3000634F1A2306225D215648CDE9005616F070
:100B4000CDFD3A681A23092A00F3EF8006226321BB
:100B50005048CDE9005516F013FE3A681A236B2170
:100B60004C48CDE90052062216F00AFE00251A2351
:100B7000062273214748CDE9005616F0AFFD5149D2
:100B80001A23062209684348CDE90051792116F05D
:100B9000F7FDFF233F481A46194616F02DFD0721A1
:100BA0003C4816F08FF80523CD221F2139480095C7
:100BB00016F024FF0421374816F084F80923CD22CB
:100BC00074213448009516F019FFFF21314816F0C2
:100BD000FFFBA0212F4816F0EDF809212D4816F053
:100BE00093FCD8212B4816F06DF83749294816F0A8
:100BF000A3F880222B4629462648009516F0FEFED3
:100C00009E222B4637212348009516F0F7FEFF233E
:100C100020481A46194616F0EFFC2C494FF4C062E2
:100C20001B231C48CDE900218E221D2116F056FD04
:100C3000FF21184816F0CCFBA021164816F0BAF890
:100C40000921144816F060FC4A21124816F03AF8BF
:100C50001D49104816F070F880222B4640F2A7116B
:100C60000C48009516F0CAFE9E222B464FF4EF71F9
:100C70000848009516F0C2FEFF2306481A4619469A
:100C800016F0BAFC0121034816F03EFC0823782236
:100C90001EE000BF209D0020FC8E00209407002055
:100CA000A007002080C70020AC07002090C70020CC
:100CB00010C70020B80700202CC70020C007002064
:100CC000A0C700208CCA0020D9D9D900CC070020A9
:100CD0004FF4D5712B48009516F090FE294816F078
:100CE00043FE94F820304A2B47D030D8042B3FD015
:100CF000072B02D1244B2D221A6003B0F0BDCDE9A1
:100D0000005120481B2116F03BFDE6E61DF0D8FC03
:100D1000092830607FF7AFAE1A2306220421CDE9FF
:100D20000050204616F02CFDB7E6CDE900526121B7
:100D30000622144816F024FD18E700201A23062284
:100D4000CDE900014B210F4816F01AFDEEE6D82B35
:100D5000D3D10D4B01221A6003B0F0BD0B481A230A
:100D60000622CDE900102B21064816F0B7FCC6E696
:100D7000054B22221A6003B0F0BD034B1F221A60FC
:100D800003B0F0BD209D002034C80020B007002033
:100D9000F0B5CF4883B017F0DDF8CE4DCC4815F054
:100DA0003FFA32201FF06CF92B68142B09D800246D
:100DB000013401201FF064F92B68192C01D0142B89
:100DC000F6D9C34C00264FF4C065204615F0F0F963
:100DD000FF2320461A46194616F068F8204615F0FB
:100DE000C9FE4FF4AA61204616F022F802212046DF
:100DF00016F08AFB5A21204616F0EAFAD92320463B
:100E00001A46194616F0F8FB33463246F0212046C2
:100E1000009616F0F3FDFF21204616F0D9FA77234D
:100E200079227C21204616F0E7FBAB4A1E23F021F5
:100E30002046CDE90052202216F050FCA74A1E237E
:100E4000F0212046CDE900523F2216F047FC7723DF
:100E500079227C21204616F0CFFBA14A172394214A
:100E60002046CDE90052732216F038FC9D4A1B2320
:100E70004FF487712046CDE90052732216F02EFC04
:100E8000994A1B23F0212046CDE900528C2216F00E
:100E900025FC964A1B23F0212046CDE90052A522CD
:100EA00016F01CFC924A1B23F0212046CDE900528B
:100EB000904DBE2216F012FC2B68002B40F07F8173
:100EC00000261A23062204218148CDE9006616F087
:100ED00057FC29681A2306227D48CDE900610E21BE
:100EE00016F04EFC84490025844E1A2306227848C9
:100EF000CDE90051172116F0F1FB31681A230622C3
:100F0000092900F355811C217148CDE9005516F0DF
:100F100037FC31681A2306226D48CDE9005125219E
:100F200016F02EFC1DF0ECFB20B1754B1968002962
:100F300000F06B81734800211A230622CDE90010CE
:100F40002B21634816F0CAFB6F4D2968092900F36D
:100F50004D8100261A2306224B215D48CDE900660B
:100F600016F00EFC29681A2306225948CDE90061C3
:100F7000552116F005FC654E0025654F1A23062203
:100F80005D215348CDE9005616F0A8FB3A681A23B4
:100F9000092A00F32381062263214D48CDE900553B
:100FA00016F0EEFB3A681A236B214948CDE900524E
:100FB000062216F0E5FB00251A2306227321444879
:100FC000CDE9005616F08AFB52491A230622096819
:100FD0004FF4C0663E48CDE90051792116F0D0FBB0
:100FE000FF233B481A46194616F006FB01213848F4
:100FF00016F08AFA01232A464FF4C8713448009546
:1010000016F0FCFCFF21324816F0E2F9A02130482E
:1010100015F0D0FE09212E4816F076FA0A212C4848
:1010200015F050FE3C492A4815F086FE80222B46DA
:1010300029462748009516F0E1FC9E222B463721D1
:101040002348009516F0DAFCFF2321481A4619467A
:1010500016F0D2FA314A1B231D211D48CDE900624A
:101060008E2216F03BFBFF21194816F0B1F9A021A2
:10107000174815F09FFE0921154816F045FA092179
:10108000134815F01FFE2449114815F055FE802223
:101090002B4640F2A7110E48009516F0AFFC9E2299
:1010A0002B464FF4EF710A48009516F0A7FCFF237A
:1010B00007481A46194616F09FFA194A1B2340F2B0
:1010C000BF110348CDE900628E2216F007FB29E02C
:1010D000209D0020FC8E0020D4070020E407002083
:1010E000F4070020FC07002014080020300800202E
:1010F0005008002080C70020AC07002090C70020C7
:1011000010C70020B80700202CC70020C00700200F
:10111000A0C700208CCA0020D9D9D900CC07002054
:10112000C4070020FF21404816F052F9A0213E4894
:1011300015F040FE09213C4816F0E6F9DE233A4856
:101140001A46194616F058FA0B21374815F0BAFD21
:101150004FF47071344815F06BFE0221324816F0DE
:10116000D3F94FF491722B46F0212F48009516F0D9
:1011700045FCFF232C481A46194616F03DFA2B4928
:101180001B23FF222848CDE90061F02116F0A6FAC2
:10119000254816F0E9FB94F820300A2B3FD00B2BA2
:1011A0002ED0092B02D1224B04221A6003B0F0BDCD
:1011B000CDE900511C481B2116F0E2FAB2E61DF001
:1011C0007FFA092828607FF77BAE1A2306220421C4
:1011D000CDE90060204616F0D3FA83E6CDE900524F
:1011E00061210622104816F0CBFAE4E600201A230B
:1011F0000622CDE900014B210B4816F0C1FABAE6F0
:101200000B4B03221A6003B0F0BD0A481A230622D2
:10121000CDE900102B21044816F060FA94E6044B47
:1012200001221A6003B0F0BD209D0020700800204C
:1012300034C80020B0070020F0B5C84883B016F0CD
:1012400089FEC74DC54814F0EBFF32201EF018FF91
:101250002B68142B09D80024013401201EF010FF44
:101260002B68192C01D0142BF6D9BC4C00264FF456
:10127000C065204614F09CFFFF2320461A461946FD
:1012800015F014FE204615F075FC4FF4A0712046B1
:1012900015F090FD0921204616F036F9B149204697
:1012A00015F04AFD46225D2133462046009616F091
:1012B000A5FBEB22334640F283112046009616F040
:1012C0009DFB772379227C21204616F095F9A64ACA
:1012D0001B23F0212046CDE90052532216F0FEF9DF
:1012E000A24A1B23F0212046CDE900526E2216F0BF
:1012F000F5F99F4A1B23F0212046CDE900528722B1
:1013000016F0ECF99B4A1B23F0212046CDE9005250
:10131000A02216F0E3F9984A1B23F0212046CDE9DC
:101320000052B92216F0DAF9944A1B23F021204624
:10133000CDE90052D22216F0D1F9914A1B23F021B7
:101340002046CDE900528F4DEB2216F0C7F92B68ED
:10135000002B40F0F38000261A23062204217F4848
:10136000CDE9006616F00CFA29681A2306227B489C
:10137000CDE900610E2116F003FA83490025834E62
:101380001A2306227548CDE90051172116F0A6F957
:1013900031681A230622092900F3C9801C216F48ED
:1013A000CDE9005516F0ECF931681A2306226B4896
:1013B000CDE90051252116F0E3F91DF0A1F920B186
:1013C000734B1968002900F0F580724800211A2338
:1013D0000622CDE900102B21604816F07FF96E4DF2
:1013E0002968092900F3998000261A2306224B2137
:1013F0005A48CDE9006616F0C3F929681A23062277
:101400005648CDE90061552116F0BAF9634E002522
:10141000634F1A2306225D215048CDE9005616F08D
:101420005DF93A681A23092A6FDC062263214B48CA
:10143000CDE9005516F0A4F93A681A236B21474804
:10144000CDE90052062216F09BF900251A23062248
:1014500073214248CDE9005616F040F951491A234C
:10146000062209683D48CDE90051792116F088F936
:10147000FF233A481A46194616F0BEF801213748AC
:1014800016F042F801232A464FF4C87133480095FC
:1014900016F0B4FAA021314815F08CFC09212F4830
:1014A00016F032F80D212D4815F00CFC3E492B4862
:1014B00015F042FC80222B4629462848009516F05C
:1014C0009DFA9E222B4637212448009516F096FA65
:1014D000FF2322481A46194616F08EF833484FF477
:1014E000C0611B238E22CDE900101D211B4816F080
:1014F000F5F81A4816F038FA94F820300D2B02D17E
:101500002B4B02221A6003B0F0BDCDE900526121DD
:101510000622124816F034F997E700201A23062213
:10152000CDE900014B210D4816F02AF96EE7CDE90F
:1015300000510A481B2116F023F93EE71DF0C0F8C0
:10154000092828607FF707AF1A2306220421CDE976
:101550000060204616F014F90FE700BF209D002020
:10156000FC8E0020F2F2F20078080020A008002093
:10157000CC080020F808002020090020480900209D
:101580007009002080C70020AC07002090C7002011
:1015900010C70020B80700202CC70020C00700207B
:1015A000A0C700208CCA0020D9D9D900CC070020C0
:1015B00034C8002004481A230622CDE900102B214C
:1015C000024816F08BF80AE7B0070020209D0020A3
:1015D000F0B5CA4883B016F0BDFCC94DC74814F039
:1015E0001FFE32201EF04CFD2B68142B09D800245E
:1015F000013401201EF044FD2B68192C01D0142B5E
:10160000F6D9BE4EBF4C304614F0D2FDFF23304613
:101610001A46194615F04AFC304615F0ABFA772306
:1016200079227C21304615F0E7FF2368002B40F03B
:10163000538200251A23FC2240F24311AF48CDE922
:10164000005516F09DF821681A23FC22AB48CDE91D
:1016500000514FF4A67116F093F8AB490024AB4D3E
:101660001A23FC22A548CDE9004140F2551116F09D
:1016700035F829681A23FC22092900F3258240F253
:1016800059119E48CDE9004416F07AF829681A23CA
:10169000FC229A48CDE900414FF4B17116F070F880
:1016A0001DF02EF820B19A4B1968002900F0258210
:1016B000984800211A23FC22CDE9001040F269115C
:1016C0008E4816F00BF8944C2168092900F3F1813B
:1016D00000251A23FC2240F28B118848CDE90055E1
:1016E00016F04EF821681A23FC228448CDE90051F7
:1016F00040F2931116F044F8884D0024884F1A23C5
:10170000FC2240F29B117D48CDE9004515F0E6FF33
:101710003A681A23092A00F3C381FC2240F2A1117E
:101720007648CDE9004416F02BF83A681A2340F2C7
:10173000A9117248CDE90042FC2216F021F80024DC
:101740001A23FC2240F2B1116C48CDE9004515F096
:10175000C5FF74491A23FC2209684FF4C065674825
:10176000CDE9004140F2B71116F00AF8FF236348B3
:101770001A46194615F040FF0121604815F0C4FED5
:10178000224601234FF4C8715C48009416F036F9E4
:101790004FF4A071594815F00DFB0921574815F079
:1017A000B3FE6149554815F0C7FA50222346534805
:1017B0001146009416F022F92346C822EB214F4827
:1017C000009416F01BF9772379227C214B4815F001
:1017D00013FF564A18239B214848CDE90052532253
:1017E00015F07CFF524A1B23A4214448CDE9005246
:1017F000732215F073FF4F4A1B23A4213F48CDE904
:1018000000528C2215F06AFF4B4A182383213B4873
:10181000CDE90052AC2215F061FF4849374815F078
:101820008BFA474A1B238F213448CDE90052CC2242
:1018300015F054FF772379227C21304815F0DCFE27
:10184000404A1B234FF4B8712C48CDE900525A226C
:1018500015F044FF3C49294815F06EFA102127483D
:1018600015F030FA4FF43471244815F0E1FA0221F2
:10187000224815F049FE2346A3224FF49F711F48CA
:10188000009416F0BBF8FF231C481A46194615F0C1
:10189000B3FE2E4A1B234FF49F711848CDE9005226
:1018A0008E2215F01BFF2A4A1B234FF49F71134809
:1018B000CDE90052A12215F011FF264A1B234FF457
:1018C0009F710E48CDE90052B42215F007FF1E4962
:1018D0000A4815F031FA1121084815F0F3F94FF4D0
:1018E0003471064815F0A4FA0221044815F00CFEE4
:1018F0002346A32240F29F112EE000BF209D00202E
:10190000FC8E002080C70020AC07002090C700207C
:1019100010C70020B80700202CC70020C0070020F7
:10192000A0C700208CCA0020F2F2F200800900203B
:101930008C0900209C090020B009002058D75A00CB
:10194000B8090020C4090020D9D9D900DC09002039
:10195000E4090020EC0900207748009416F04EF8C6
:10196000FF2375481A46194615F046FE734A1B2395
:1019700040F29F117048CDE90052932215F0AEFE5F
:101980006F4A1B2340F29F116B48CDE90052AA22F7
:1019900015F0A4FEA021684815F00CFA092166484C
:1019A00015F0B2FD0D21644815F08CF965496248C7
:1019B00015F0C2F9042223465F481146009416F040
:1019C0001DF82346232237215B48009416F016F8B1
:1019D000FF2359481A46194615F00EFE5A4A1B2392
:1019E0001F215548CDE90052142215F077FEA021A1
:1019F000514815F0DFF909214F4815F085FD1721F1
:101A00004D4815F05FF94F494B4815F095F92346BD
:101A1000EB2204214848009415F0F0FF23464FF4D0
:101A2000857237214448009415F0E8FFFF234248AF
:101A30001A46194615F0E0FD444A1B231E213E4874
:101A4000CDE90052F02215F049FE414A1B231E2128
:101A50003948CDE9005240F2011215F03FFE3648F8
:101A600015F082FF3B483C49012204600C600024D1
:101A70003A4996F820300C6039480D3B39490260EC
:101A80000A600A2B0AD8DFE803F00609094D480965
:101A9000090909094300344B02221A6003B0F0BD62
:101AA000CDE9004240F29F11FC22234815F068FE68
:101AB00045E600201A23FC22CDE9000140F28911FD
:101AC0001D4815F05DFE17E6CDE900411A4840F2C9
:101AD000591115F055FEE3E51CF0F2FD09282060D0
:101AE0007FF7A7AD00211A23FC22CDE900104FF4A7
:101AF000A171304615F044FEAFE51C481A23FC22C4
:101B0000CDE9001040F269110B4815F0E7FDDAE568
:101B1000154B01221A6003B0F0BD134B06221A6068
:101B200003B0F0BD124A0520124B0F49126808603D
:101B30001A6003B0F0BD00BF209D0020F80900200E
:101B4000000A0020D9D9D900CC0700200C0A0020B7
:101B5000140A002040C800203CC800207CCA002095
:101B600038CA002040CA002034C80020B007002036
:101B700048CA002044C70020F0B5B54883B016F02D
:101B8000E9F9B44DB24814F04BFB32201EF078FA5C
:101B90002B68142B09D80024013401201EF070FAA0
:101BA0002B68192C01D0142BF6D9A94DAA4C284624
:101BB00014F0FEFAFF2328461A46194615F076F966
:101BC000284614F0D7FF772379227C21284615F088
:101BD00013FD2368002B40F0218100261A230622E2
:101BE00004219B48CDE9006615F0CAFD21681A233F
:101BF00006229748CDE900610E2115F0C1FD9749F5
:101C00000024974E1A2306229148CDE9004117215E
:101C100015F064FD31681A230622092900F3F780C4
:101C20001C218B48CDE9004415F0AAFD31681A2328
:101C300006228748CDE90041252115F0A1FD1CF0C1
:101C40005FFD20B1874B1968002900F0F7808648B6
:101C500000211A230622CDE900102B217C4815F023
:101C60003DFD824C2168092900F3C78000261A2314
:101C700006224B217648CDE9006615F081FD2168EA
:101C80001A2306227248CDE90061552115F078FD2E
:101C9000774E0024774F1A2306225D216C48CDE948
:101CA000004615F01BFD3A681A23092A00F39D80AF
:101CB000062263216648CDE9004415F061FD3A68CB
:101CC0001A236B216248CDE90042062215F058FD27
:101CD00000241A23062273215D48CDE9004615F041
:101CE000FDFC65491A23062209684FF4C06658486E
:101CF000CDE90041792115F043FD4FF4A07154481E
:101D000015F058F80921524815F0FEFB5B49504880
:101D100015F012F86422234650214D48009415F026
:101D20006DFE962223464FF4C8714948009415F081
:101D300065FEFF2346481A46194615F05DFC012151
:101D4000434815F0E1FB012322464FF4C871404897
:101D5000009415F053FE772379227C213C4815F03E
:101D60004BFC474A1D23F0213948CDE900627D2212
:101D700015F0B4FC4FF4A071354815F01BF809219B
:101D8000334815F0C1FB1421314814F09BFF3D4945
:101D90002F4814F0D1FFD1222346D2212C480094A1
:101DA00015F02CFED42223464FF487712848009466
:101DB00015F024FEFF2326481A46194615F01CFC90
:101DC00031491B23D3222248CDE90061F02115F0CF
:101DD00085FC1F4815F0C8FD95F82030142B02D162
:101DE0002A4B08221A6003B0F0BDCDE90042612100
:101DF0000622174815F0C4FC6AE700201A230622C1
:101E0000CDE900014B21124815F0BAFC40E7CDE9BD
:101E100000410F481B2115F0B3FC10E71CF050FCEB
:101E2000092820607FF7D9AE00211A230622CDE9C8
:101E300000100421284615F0A3FCE0E614481A23FC
:101E40000622CDE900102B21014815F047FC08E7D8
:101E5000209D0020FC8E002080C70020AC070020C1
:101E600090C7002010C70020B80700202CC7002012
:101E7000C0070020A0C700208CCA0020F2F2F200A8
:101E80001C0A0020D9D9D900400A002034C80020FB
:101E9000B0070020F0B5CF4883B016F05BF8CE4D08
:101EA000CC4814F0BDF932201EF0EAF82B68142B50
:101EB00009D80024013401201EF0E2F82B68192C07
:101EC00001D0142BF6D9C34C00264FF4C065C34F84
:101ED000204614F06DF9FF2320461A46194614F0E7
:101EE000E5FF204614F046FE4FF4AA61204614F0A8
:101EF0009FFF0221204615F007FB5A21204615F0CE
:101F000067FAD92320461A46194615F075FB334661
:101F10003246F0212046009615F070FDFF21204644
:101F200015F056FA772379227C21204615F064FBC0
:101F30001E23AB4AF0212046CDE900521A4615F087
:101F4000CDFB1E234122F0212046CDE9005715F09C
:101F5000C5FB772379227C21204615F04DFB172302
:101F600073227D212046CDE9005715F0B7FB9D4A2D
:101F70001B2340F211112046CDE90052732215F0C7
:101F8000ADFB994A1B23F0212046CDE900528C225B
:101F900015F0A4FB954A1B23F0212046CDE9005201
:101FA000A52215F09BFB924A1B23F0212046CDE988
:101FB0000052904DBE2215F091FB2B68002B40F093
:101FC000718100261A23062204218248CDE9006689
:101FD00015F0D6FB29681A2306227E48CDE9006158
:101FE0000E2115F0CDFB84490025844E1A230622CC
:101FF0007848CDE90051172115F070FB31681A239C
:102000000622092900F347811C217248CDE90055B9
:1020100015F0B6FB31681A2306226E48CDE900514F
:10202000252115F0ADFB1CF06BFB20B1744B19683A
:10203000002900F05D81734800211A230622CDE9B2
:1020400000102B21634815F049FB6F4D29680929C1
:1020500000F33F8100261A2306224B215D48CDE97B
:10206000006615F08DFB29681A2306225948CDE930
:102070000061552115F084FB644E0025644F1A233E
:1020800006225D215348CDE9005615F027FB3A683A
:102090001A23092A00F31581062263214D48CDE950
:1020A000005515F06DFB3A681A236B214948CDE9BC
:1020B0000052062215F064FB00251A230622732124
:1020C0004448CDE9005615F009FB52491A2306226F
:1020D00009684FF4C0663F48CDE90051792115F0F9
:1020E0004FFBFF233B481A46194615F085FA01219C
:1020F000384815F009FA02232A464FF4C8713548CA
:10210000009515F07BFCFF21324815F061F9A02104
:10211000304814F04FFE09212E4815F0F5F918212A
:102120002C4814F0CFFD3C492A4814F005FE8022CB
:102130002B4640F2A7112748009515F05FFC9E2220
:102140002B464FF4EF712348009515F057FCFF2301
:1021500020481A46194615F04FFA304A1B2340F220
:10216000BF111C48CDE900628E2215F0B7FAFF219D
:10217000184815F02DF9A021164814F01BFE09216E
:10218000144815F0C1F91921124814F09BFD224999
:10219000104814F0D1FD80222B4629460D480095A9
:1021A00015F02CFC9E222B4637210A48009515F08D
:1021B00025FCFF2307481A46194615F01DFA184A50
:1021C0001B231D210348CDE900628E2215F086FAFB
:1021D000DE2327E0209D0020FC8E00204C0A0020FA
:1021E000D4070020540A0020780A0020980A002012
:1021F000BC0A002080C70020AC07002090C7002048
:1022000010C70020B80700202CC70020C0070020FE
:10221000A0C700208CCA0020D9D9D900C40700204B
:10222000CC0700203A481A46194615F0E5F91A215C
:10223000374814F047FD4FF47071354814F0F8FD3D
:102240000221334815F060F94FF491722B46F021CA
:102250002F48009515F0D2FBFF232D481A4619464A
:1022600015F0CAF92B491B23FF222948CDE900614B
:10227000F02115F033FA264815F076FB94F820305B
:10228000192B3FD01A2B2ED0182B02D1224B0B2208
:102290001A6003B0F0BDCDE900511D481B2115F0B7
:1022A0006FFAC0E61CF00CFA092828607FF789AEA7
:1022B0001A2306220421CDE90060204615F060FAB9
:1022C00091E6CDE9005261210622114815F058FA35
:1022D000F2E600201A230622CDE900014B210C482A
:1022E00015F04EFAC8E60C4B0A221A6003B0F0BD96
:1022F0000A481A230622CDE900102B21044815F0C4
:10230000EDF9A2E6044B01221A6003B0F0BD00BF54
:10231000209D00207008002034C80020B007002055
:10232000F0B5CC4883B015F015FECB4DC94813F07D
:1023300077FF32201DF0A4FE2B68142B09D800244F
:10234000013401201DF09CFE2B68192C01D0142BA8
:10235000F6D9C04C00264FF4C065204613F028FF84
:10236000FF2320461A46194614F0A0FD204614F01B
:1023700001FC4FF4A071204614F01CFD09212046F9
:1023800015F0C2F8B549204614F0D6FC41225F2171
:1023900033462046009615F031FBEB22334640F2DF
:1023A00081112046009615F029FB772379227C21A4
:1023B000204615F021F9AA4A1B23F0212046CDE939
:1023C0000052412215F08AF9A64A1B23F02120462B
:1023D000CDE900525C2215F081F9A34A1B23F021BC
:1023E0002046CDE90052752215F078F99F4A1B234B
:1023F000F0212046CDE900528E2215F06FF99C4A5B
:102400001B23F0212046CDE90052A72215F066F9E2
:10241000984A1B23F0212046CDE90052C02215F036
:102420005DF9954A1B23F0212046CDE90052D922BF
:1024300015F054F9914A1B23F0212046CDE90052B2
:102440008F4DF22215F04AF92B68002B40F0F380F3
:1024500000261A23062204217E48CDE9006615F0E5
:102460008FF929681A2306227A48CDE900610E21E6
:1024700015F086F983490025834E1A2306227548F4
:10248000CDE90051172115F029F931681A230622E8
:10249000092900F3C9801C216E48CDE9005515F0CB
:1024A0006FF931681A2306226A48CDE900512521C7
:1024B00015F066F91CF024F920B1744B1968002955
:1024C00000F0F680724800211A230622CDE90010A0
:1024D0002B21604815F002F96E4D2968092900F397
:1024E000998000261A2306224B215A48CDE900661E
:1024F00015F046F929681A2306225648CDE90061ED
:10250000552115F03DF9644E0025644F1A2306222B
:102510005D215048CDE9005615F0E0F83A681A23DD
:10252000092A6FDC062263214A48CDE9005515F0DF
:1025300027F93A681A236B214648CDE90052062252
:1025400015F01EF900251A23062273214148CDE912
:10255000005615F0C3F852491A23062209683D486F
:10256000CDE90051792115F00BF9FF2339481A46BE
:10257000194615F041F80121364814F0C5FF022331
:102580002A464FF4C8713348009515F037FAA02158
:10259000304814F00FFC09212E4814F0B5FF1C211F
:1025A0002C4814F08FFB3F492A4814F0C5FB8022C9
:1025B0002B4629462748009515F020FA9E222B46E7
:1025C00037212448009515F019FAFF2321481A46AF
:1025D000194615F011F834484FF4C0611B238E22C0
:1025E000CDE900101D211B4815F078F8194815F0A9
:1025F000BBF994F820301C2B02D12C4B09221A6015
:1026000003B0F0BDCDE9005261210622114815F05A
:10261000B7F897E700201A230622CDE900014B21E5
:102620000C4815F0ADF86EE7CDE9005109481B21C3
:1026300015F0A6F83EE71CF043F8092828607FF75C
:1026400007AF1A2306220421CDE90060204615F0C9
:1026500097F80FE7209D0020FC8E0020F2F2F20098
:10266000D40A0020FC0A0020240B0020500B00207C
:10267000740B00209C0B0020C40B0020E40B0020F6
:1026800080C70020AC07002090C7002010C70020A2
:10269000B80700202CC70020C0070020A0C70020DA
:1026A0008CCA0020D9D9D900CC07002034C800201A
:1026B00004481A230622CDE900102B21024815F008
:1026C0000DF809E7B0070020209D0020F0B5C948AB
:1026D00083B015F03FFCC84DC64813F0A1FD322071
:1026E0001DF0CEFC2B68142B09D8002401340120E6
:1026F0001DF0C6FC2B68192C01D0142BF6D9BD4E49
:10270000BE4C304613F054FDFF2330461A4619469E
:1027100014F0CCFB304614F02DFA772379227C217B
:10272000304614F069FF2368002B40F088820025B2
:102730001A23FC2240F24311AE48CDE9005515F0B2
:102740001FF821681A23FC22AA48CDE900514FF452
:10275000A67115F015F8AA490024AA4D1A23FC22E7
:10276000A448CDE9004140F2551114F0B7FF2968A3
:102770001A23FC22092900F35A8240F259119D487C
:10278000CDE9004414F0FCFF29681A23FC22994883
:10279000CDE900414FF4B17114F0F2FF1BF0B0FF2E
:1027A00020B1994B1968002900F05A8297480021FE
:1027B0001A23FC22CDE9001040F269118D4814F073
:1027C0008DFF934C2168092900F3268200251A23E6
:1027D000FC2240F28B118748CDE9005514F0D0FF60
:1027E00021681A23FC228348CDE9005140F293115D
:1027F00014F0C6FF874D0024874F1A23FC2240F2B5
:102800009B117C48CDE9004514F068FF3A681A2313
:10281000092A00F3F881FC2240F2A1117548CDE9A4
:10282000004414F0ADFF3A681A2340F2A911714830
:10283000CDE90042FC2214F0A3FF00241A23FC225D
:1028400040F2B1116B48CDE9004514F047FF7349E0
:102850001A23FC2209684FF4C0656648CDE900419F
:1028600040F2B71114F08CFFFF2362481A46194654
:1028700014F0C2FE01215F4814F046FE22460223F6
:102880004FF4C8715B48009415F0B8F84FF4A0718C
:10289000584814F08FFA0921564814F035FE604963
:1028A000544814F049FA23465022412151480094DB
:1028B00015F0A4F82346C822F7214E48009415F0DD
:1028C0009DF8772379227C214A4814F095FE554AD9
:1028D00018239B214748CDE90052532214F0FEFEF5
:1028E000514A1B23A4214348CDE90052732214F01E
:1028F000F5FE4E4A1B23A4213E48CDE900528C220E
:1029000014F0ECFE4A4A182383213A48CDE90052DC
:10291000AC2214F0E3FE4749364814F00DFA464A5B
:102920001A2347213348CDE90052CC2214F0D6FEB9
:102930004249304814F000FA414A1A2375212D48C3
:10294000CDE90052CC2214F0C9FE3A49294814F0CE
:10295000F3F93C4A1A23A8212648CDE90052CC229B
:1029600014F0BCFE3549234814F0E6F9364A1A2320
:10297000E4212048CDE90052CC2214F0AFFE7723A9
:1029800079227C211B4814F037FE304A1B234FF478
:10299000B8711848CDE90052642214F09FFE2C490A
:1029A000144814F0C9F91F21124814F08BF94FF4A0
:1029B0003471104814F03CFA02210E4814F0A4FDC2
:1029C0002346A3224FF49F710A48009415F016F88D
:1029D000FF2308481A46194614F00EFE1D4A1B2311
:1029E0004FF49F710348CDE900528E2214F076FE19
:1029F00032E000BF209D0020FC8E002080C7002018
:102A0000AC07002090C7002010C70020B8070020A6
:102A10002CC70020C0070020A0C700208CCA0020BF
:102A2000F2F2F200800900208C0900209C090020AD
:102A3000B009002058D75A000C0C0020585FD7006E
:102A4000140C0020200C0020280C0020C4090020B9
:102A5000D9D9D900DC090020904A1B234FF49F717B
:102A60008F48CDE90052A12214F038FE8D4A1B2375
:102A70004FF49F718A48CDE90052B42214F02EFE23
:102A80008949874814F058F92021854814F01AF92B
:102A90004FF43471824814F0CBF90221804814F0CD
:102AA00033FD2346A32240F29F117D48009414F089
:102AB000A5FFFF237A481A46194614F09DFD7B4A6C
:102AC0001B2340F29F117648CDE90052932214F067
:102AD00005FE774A1B2340F29F117148CDE9005251
:102AE000AA2214F0FBFDA0216D4814F063F909211E
:102AF0006B4814F009FD1C21694814F0E3F86A4999
:102B0000674814F019F904222346654811460094D9
:102B100014F074FF2346232237216148009414F0F7
:102B20006DFFFF235E481A46194614F065FD614AA1
:102B30001B231F215A48CDE90052142214F0CEFD68
:102B4000A021574814F036F90921554814F0DCFC4F
:102B50001721534814F0B6F85349514814F0ECF8D3
:102B60002346EB2204214E48009414F047FF2346ED
:102B70004FF4857237214A48009414F03FFFFF2339
:102B800047481A46194614F037FD4B491B23F022DB
:102B900043484A4CCDE900511E2114F09FFD48499D
:102BA0001B2340F201123E48CDE900511E2114F0D2
:102BB00095FD3B4814F0D8FE42490020012296F8CA
:102BC000203008604049173B226007240A606621D4
:102BD0003E4A3F48116040213E4A04603324116060
:102BE00096213D483D4A04601160092B09D8DFE871
:102BF00003F050080808080508084742384B092226
:102C00001A6003B0F0BDCDE9004240F29F11FC22F2
:102C1000234814F0B5FD10E600201A23FC22CDE96C
:102C2000000140F289111E4814F0AAFDE2E5CDE949
:102C300000411B4840F2591114F0A2FDAEE51BF013
:102C40003FFD092820607FF772AD00211A23FC2286
:102C5000CDE900104FF4A171304614F091FD7AE5F2
:102C600020481A23FC22CDE9001040F269110C48DB
:102C700014F034FDA5E51A4B0D221A6003B0F0BD27
:102C8000194A0C20194B1649126808601A6003B0E3
:102C9000F0BD134B01221A6003B0F0BDE40900201F
:102CA000209D0020EC090020D9D9D900F809002086
:102CB000000A0020CC0700200C0A002038CA00209F
:102CC000140A00207CCA002040CA0020E0910020A5
:102CD000DC91002090930020E49100209493002048
:102CE00034C80020B007002048CA002044C7002094
:102CF000F0B5B54883B015F02DF9B44DB24813F0D6
:102D00008FFA32201DF0BCF92B68142B09D800244F
:102D1000013401201DF0B4F92B68192C01D0142BBB
:102D2000F6D9A94DAA4C284613F042FAFF232846AB
:102D30001A46194614F0BAF8284613F01BFF7723F9
:102D400079227C21284614F057FC2368002B40F0A0
:102D5000218100261A23062204219B48CDE9006622
:102D600014F00EFD21681A2306229748CDE9006170
:102D70000E2114F005FD97490024974E1A230622D0
:102D80009148CDE90041172114F0A8FC31681A23BD
:102D90000622092900F3F7801C218B48CDE9004465
:102DA00014F0EEFC31681A2306228748CDE9004171
:102DB000252114F0E5FC1BF0A3FC20B1874B19681A
:102DC000002900F0F780864800211A230622CDE969
:102DD00000102B217C4814F081FC824C21680929C9
:102DE00000F3C78000261A2306224B217648CDE93E
:102DF000006614F0C5FC21681A2306227248CDE94A
:102E00000061552114F0BCFC774E0024774F1A2343
:102E100006225D216C48CDE9004614F05FFC3A685B
:102E20001A23092A00F39D80062263216648CDE912
:102E3000004414F0A5FC3A681A236B216248CDE9DE
:102E40000042062214F09CFC00241A23062273215F
:102E50005D48CDE9004614F041FC65491A2306227D
:102E600009684FF4C0665848CDE90041792114F053
:102E700087FC4FF4A071544813F09CFF092152487D
:102E800014F042FB5B49504813F056FF642223467E
:102E900050214D48009414F0B1FD962223464FF482
:102EA000C8714948009414F0A9FD772379227C2148
:102EB000454814F0A1FB504A1D23F0214248CDE9BA
:102EC00000627D2214F00AFCFF233F481A4619468F
:102ED00014F092FB01213C4814F016FB0223224619
:102EE0004FF4C8713848009414F088FD4FF4A07175
:102EF000354813F05FFF0921334814F005FB232107
:102F0000314813F0DFFE3D492F4813F015FFD12261
:102F10002346D2212C48009414F070FDD42223467D
:102F20004FF487712848009414F068FDFF23264869
:102F30001A46194614F060FB31491B23D32222485C
:102F4000CDE90061F02114F0C9FB1F4814F00CFD1D
:102F500095F82030232B02D12A4B0F221A6003B0A0
:102F6000F0BDCDE9004261210622174814F008FCAB
:102F70006AE700201A230622CDE900014B211248FE
:102F800014F0FEFB40E7CDE900410F481B2114F08F
:102F9000F7FB10E71BF094FB092820607FF7D9AE00
:102FA00000211A230622CDE900100421284614F03E
:102FB000E7FBE0E614481A230622CDE900102B2196
:102FC000014814F08BFB08E7209D0020FC8E0020B8
:102FD00080C70020AC07002090C7002010C7002049
:102FE000B80700202CC70020C0070020A0C7002081
:102FF0008CCA0020F2F2F2001C0A0020D9D9D900B4
:10300000400A002034C80020B0070020F0B5CF48A7
:1030100083B014F09FFFCE4DCC4813F001F932205D
:103020001DF02EF82B68142B09D800240134012040
:103030001DF026F82B68192C01D0142BF6D9C34C9F
:1030400000264FF4C065C34F204613F0B1F8FF23AC
:1030500020461A46194613F029FF204613F08AFD30
:103060004FF4AA61204613F0E3FE0221204614F03B
:103070004BFA5A21204614F0ABF9D92320461A46C0
:10308000194614F0B9FA33463246F021204600962C
:1030900014F0B4FCFF21204614F09AF9772379222A
:1030A0007C21204614F0A8FA1E23AB4AF0212046CA
:1030B000CDE900521A4614F011FB1E234122F021E3
:1030C0002046CDE9005714F009FB772379227C21B3
:1030D000204614F091FA172373229B212046CDE954
:1030E000005714F0FBFA9D4A1B234FF487712046CA
:1030F000CDE90052732214F0F1FA994A1B23F02112
:103100002046CDE900528C2214F0E8FA954A1B23A0
:10311000F0212046CDE90052A52214F0DFFA924AB0
:103120001B23F0212046CDE90052904DBE2214F021
:10313000D5FA2B68002B40F0718100261A23062255
:1031400004218248CDE9006614F01AFB29681A238D
:1031500006227E48CDE900610E2114F011FB84495E
:103160000025844E1A2306227848CDE90051172104
:1031700014F0B4FA31681A230622092900F34781B2
:103180001C217248CDE9005514F0FAFA31681A236F
:1031900006226E48CDE90051252114F0F1FA1BF00A
:1031A000AFFA20B1744B1968002900F05D817348B3
:1031B00000211A230622CDE900102B21634814F0C8
:1031C0008DFA6F4D2968092900F33F8100261A23E3
:1031D00006224B215D48CDE9006614F0D1FA29683A
:1031E0001A2306225948CDE90061552114F0C8FA86
:1031F000644E0025644F1A2306225D215348CDE911
:10320000005614F06BFA3A681A23092A00F3158164
:10321000062263214D48CDE9005514F0B1FA3A6811
:103220001A236B214948CDE90052062214F0A8FA6E
:1032300000251A23062273214448CDE9005614F0D4
:103240004DFA52491A23062209684FF4C0663F48D6
:10325000CDE90051792114F093FAFF233B481A4637
:10326000194614F0C9F90121384814F04DF9032327
:103270002A464FF4C8713548009514F0BFFBFF2172
:10328000324814F0A5F8A021304813F093FD09212D
:103290002E4814F039F927212C4813F013FD3C492E
:1032A0002A4813F049FD80222B46294627480095DD
:1032B00014F0A4FB9E222B4637212448009514F0DD
:1032C0009DFBFF2321481A46194614F095F9314A0F
:1032D0001B231D211D48CDE900628E2214F0FEF94A
:1032E000FF211A4814F074F8A021184813F062FD69
:1032F0000921164814F008F92621144813F0E2FCBD
:103300002349124813F018FD80222B4640F2A711E2
:103310000E48009514F072FB9E222B464FF4EF717D
:103320000A48009514F06AFBFF2308481A4619461C
:1033300014F062F9184A1B2340F2BF110348CDE98B
:1033400000628E2214F0CAF9DE2327E0209D0020BF
:10335000FC8E0020340C0020D4070020FC07002045
:103360003C0C0020680C0020880C002080C7002046
:10337000AC07002090C7002010C70020B80700202D
:103380002CC70020C0070020A0C700208CCA002046
:10339000D9D9D900CC070020C40700203A481A46E2
:1033A000194614F029F92821374813F08BFC4FF403
:1033B0007071354813F03CFD0221334814F0A4F835
:1033C0004FF491722B46F0212F48009514F016FB14
:1033D000FF232D481A46194614F00EF92B491B23DA
:1033E000FF222948CDE90061F02114F077F9264841
:1033F00014F0BAFA94F82030272B3FD0282B2ED087
:10340000262B02D1224B12221A6003B0F0BDCDE967
:1034100000511D481B2114F0B3F9C0E61BF050F910
:10342000092828607FF789AE1A2306220421CDE9F6
:103430000060204614F0A4F991E6CDE90052612124
:103440000622114814F09CF9F2E600201A23062205
:10345000CDE900014B210C4814F092F9C8E60C4B61
:1034600011221A6003B0F0BD0A481A230622CDE9E2
:1034700000102B21044814F031F9A2E6044B01227C
:103480001A6003B0F0BD00BF209D0020700800202E
:1034900034C80020B0070020F0B5C84883B014F04D
:1034A00059FDC74DC54812F0BBFE32201CF0E8FDA7
:1034B0002B68142B09D80024013401201CF0E0FDF6
:1034C0002B68192C01D0142BF6D9BC4C00264FF4D4
:1034D000C065204612F06CFEFF2320461A461946AE
:1034E00013F0E4FC204613F045FB4FF4A071204696
:1034F00013F060FC0921204614F006F8B14920467B
:1035000013F01AFC41225F2133462046009614F046
:1035100075FADC22334640F281112046009614F001
:103520006DFA772379227C21204614F065F8A64AAB
:103530001B23F0212046CDE90052452214F0CEF89D
:10354000A24A1B23F0212046CDE900525B2214F051
:10355000C5F89F4A1B23F0212046CDE90052722274
:1035600014F0BCF89B4A1B23F0212046CDE9005201
:10357000892214F0B3F8984A1B23F0212046CDE9A4
:1035800000529F2214F0AAF8944A1B23F0212046EF
:10359000CDE90052B32214F0A1F8914A1B23F02187
:1035A0002046CDE900528F4DC92214F097F82B68C0
:1035B000002B40F0F38000261A23062204217F48C6
:1035C000CDE9006614F0DCF829681A2306227B484E
:1035D000CDE900610E2114F0D3F883490025834E14
:1035E0001A2306227548CDE90051172114F076F808
:1035F00031681A230622092900F3C9801C216F486B
:10360000CDE9005514F0BCF831681A2306226B4846
:10361000CDE90051252114F0B3F81BF071F820B169
:10362000734B1968002900F0F580724800211A23B5
:103630000622CDE900102B21604814F04FF86E4DA2
:103640002968092900F3998000261A2306224B21B4
:103650005A48CDE9006614F093F829681A23062227
:103660005648CDE90061552114F08AF8634E0025D3
:10367000634F1A2306225D215048CDE9005614F00D
:103680002DF83A681A23092A6FDC062263214B4879
:10369000CDE9005514F074F83A681A236B214748B5
:1036A000CDE90052062214F06BF800251A230622F9
:1036B00073214248CDE9005614F010F851491A23FD
:1036C000062209683D48CDE90051792114F058F8E7
:1036D000FF233A481A46194613F08EFF0121374856
:1036E00013F012FF03232A464FF4C87133480095A4
:1036F00014F084F9A021314813F05CFB09212F4814
:1037000013F002FF2A212D4813F0DCFA3E492B4822
:1037100013F012FB80222B4629462848009514F00E
:103720006DF99E222B4637212448009514F066F946
:10373000FF2322481A46194613F05EFF33484FF420
:10374000C0611B238E22CDE900101D211B4813F000
:10375000C5FF1A4814F008F994F820302A2B02D13A
:103760002B4B10221A6003B0F0BDCDE9005261214D
:103770000622124814F004F897E700201A230622C4
:10378000CDE900014B210D4813F0FAFF6EE7CDE9BA
:1037900000510A481B2113F0F3FF3EE71AF090FF97
:1037A000092828607FF707AF1A2306220421CDE9F4
:1037B0000060204613F0E4FF0FE700BF209D0020CB
:1037C000FC8E0020F2F2F2009C0C0020C80C0020BD
:1037D000EC0C0020100D0020340D0020580D0020AE
:1037E000800D002080C70020AC07002090C700207B
:1037F00010C70020B80700202CC70020C0070020F9
:10380000A0C700208CCA0020D9D9D900CC0700203D
:1038100034C8002004481A230622CDE900102B21C9
:10382000024813F05BFF0AE7B0070020209D00204C
:10383000F0B5CA4883B014F08DFBC94DC74812F0EB
:10384000EFFC32201CF01CFC2B68142B09D8002440
:10385000013401201CF014FC2B68192C01D0142B0E
:10386000F6D9BE4EBF4C304612F0A2FCFF233046C4
:103870001A46194613F01AFB304613F07BF97723EA
:1038800079227C21304613F0B7FE2368002B40F0EC
:103890004B8200251A23FC2240F24311AF48CDE9A8
:1038A000005513F06DFF21681A23FC22AB48CDE9C7
:1038B00000514FF4A67113F063FFAB490024AB4DE8
:1038C0001A23FC22A548CDE9004140F2551113F01E
:1038D00005FF29681A23FC22092900F31D8240F202
:1038E00059119E48CDE9004413F04AFF29681A2374
:1038F000FC229A48CDE900414FF4B17113F040FF2A
:103900001AF0FEFE20B19A4B1968002900F01D82C2
:10391000984800211A23FC22CDE9001040F26911D9
:103920008E4813F0DBFE944C2168092900F3E981ED
:1039300000251A23FC2240F28B118848CDE900555E
:1039400013F01EFF21681A23FC228448CDE90051A0
:1039500040F2931113F014FF884D0024884F1A236E
:10396000FC2240F29B117D48CDE9004513F0B6FEE4
:103970003A681A23092A00F3BB81FC2240F2A11104
:103980007648CDE9004413F0FBFE3A681A2340F272
:10399000A9117248CDE90042FC2213F0F1FE002487
:1039A0001A23FC2240F2B1116C48CDE9004513F016
:1039B00095FE74491A23FC2209684FF4C0656748D4
:1039C000CDE9004140F2B71113F0DAFE4FF4A071D7
:1039D000624813F0EFF90921604813F095FD6A4938
:1039E0005E4813F0A9F9502223465C481146009422
:1039F00014F004F82346C822EB215848009413F031
:103A0000FDFFFF2355481A46194613F0F5FD012125
:103A1000524813F079FD224603234FF4C8714F48F2
:103A2000009413F0EBFF772379227C214B4813F0AD
:103A3000E3FD564A18239B214848CDE90052532202
:103A400013F04CFE524A1B23A4214448CDE90052F6
:103A5000732213F043FE4F4A182383213F48CDE9D8
:103A60000052AC2213F03AFE4B493C4813F064F983
:103A70004A4A1B238F213948CDE90052CC2213F04A
:103A80002DFE772379227C21344813F0B5FD444A7A
:103A90001B234FF4B8713148CDE900525A2213F07C
:103AA0001DFE40492D4813F047F92D212B4813F0F6
:103AB00009F94FF43471294813F0BAF90221274863
:103AC00013F022FD2346A3224FF49F712348009454
:103AD00013F094FFFF2321481A46194613F08CFD7A
:103AE000314A1B234FF49F711C48CDE900528E22AE
:103AF00013F0F4FD2D4A1B234FF49F711748CDE9B5
:103B00000052A12213F0EAFD294A1B234FF49F71B2
:103B10001248CDE90052B42213F0E0FD21490F48CC
:103B200013F00AF92E210D4813F0CCF84FF434713C
:103B30000A4813F07DF90221084813F0E5FC2346FA
:103B4000A32240F29F110548009413F057FFFF2372
:103B500002481A46194613F04FFD2BE0209D002025
:103B6000FC8E002080C70020AC07002090C70020FA
:103B700010C70020B80700202CC70020C007002075
:103B8000A0C700208CCA0020F2F2F20080090020B9
:103B9000A80D0020B009002058D75A00B80900200D
:103BA000C4090020D9D9D900DC090020E40900208B
:103BB000EC090020744A1B2340F29F117348CDE9A1
:103BC0000052932213F08AFD714A1B2340F29F1189
:103BD0006E48CDE90052AA2213F080FDA0216B4867
:103BE00013F0E8F80921694813F08EFC2A21674890
:103BF00013F068F86749654813F09EF804222346DD
:103C000062481146009413F0F9FE2346232237211F
:103C10005E48009413F0F2FEFF235C481A461946F2
:103C200013F0EAFC5C4A1B231F215848CDE90052DF
:103C3000142213F053FDA021544813F0BBF80921BE
:103C4000524813F061FC1721504813F03BF85149DA
:103C50004E4813F071F82346EB2204214B480094A0
:103C600013F0CCFE23464FF4857237214748009469
:103C700013F0C4FEFF2345481A46194613F0BCFC56
:103C8000464A1B231E214148CDE90052F02213F081
:103C900025FD434A1B231E213C48CDE9005240F23A
:103CA000011213F01BFD394813F05EFE3D483E49FA
:103CB00001220460002496F820300C603B48173B3A
:103CC0003B4902600A60172B10D8DFE803F0570F5A
:103CD0000F0F0F0F0F0F0F0F0F0F0F0F0F0F0F0FF4
:103CE0000F0C0F0F4E49334B10221A6003B0F0BD7A
:103CF000CDE9004240F29F11FC22244813F040FD20
:103D00004DE600201A23FC22CDE9000140F2891182
:103D10001E4813F035FD1FE6CDE900411B4840F277
:103D2000591113F02DFDEBE51AF0CAFC09282060AB
:103D30007FF7AFAD00211A23FC22CDE900104FF42C
:103D4000A171304613F01CFDB7E51B481A23FC2275
:103D5000CDE9001040F269110C4813F0BFFCE2E518
:103D6000144B14221A6003B0F0BD144A1320144BF4
:103D70001049126808601A6003B0F0BD0D4B0122B3
:103D80001A6003B0F0BD00BFF8090020209D00209C
:103D9000000A0020D9D9D900CC0700200C0A002045
:103DA000140A002048C800207CCA002038CA00201D
:103DB00040CA002034C80020B007002048CA0020B4
:103DC00044C70020F0B5B54883B014F0C3F8B44D33
:103DD000B24812F025FA32201CF052F92B68142B4D
:103DE00009D80024013401201CF04AF92B68192C51
:103DF00001D0142BF6D9A94DAA4C284612F0D8F9B7
:103E0000FF2328461A46194613F050F8284612F0A8
:103E1000B1FE772379227C21284613F0EDFB23683D
:103E2000002B40F0218100261A23062204219B4802
:103E3000CDE9006613F0A4FC21681A2306229748F6
:103E4000CDE900610E2113F09BFC97490024974EA9
:103E50001A2306229148CDE90041172113F03EFCB8
:103E600031681A230622092900F3F7801C218B48A8
:103E7000CDE9004413F084FC31681A2306228748F8
:103E8000CDE90041252113F07BFC1AF039FC20B16B
:103E9000874B1968002900F0F780864800211A2313
:103EA0000622CDE900102B217C4813F017FC824C30
:103EB0002168092900F3C78000261A2306224B2116
:103EC0007648CDE9006613F05BFC21681A230622D0
:103ED0007248CDE90061552113F052FC774E002461
:103EE000774F1A2306225D216C48CDE9004613F076
:103EF000F5FB3A681A23092A00F39D800622632104
:103F00006648CDE9004413F03BFC3A681A236B2164
:103F10006248CDE90042062213F032FC00241A2345
:103F2000062273215D48CDE9004613F0D7FB6549B1
:103F30001A23062209684FF4C0665848CDE90041AB
:103F4000792113F01DFC4FF4A071544812F032FF98
:103F50000921524813F0D8FA5B49504812F0ECFEA0
:103F60006422234650214D48009413F047FD9622C9
:103F700023464FF4C8714948009413F03FFD77235E
:103F800079227C21454813F037FB504A1D23F0214C
:103F90004248CDE900627D2213F0A0FBFF233F4899
:103FA0001A46194613F028FB01213C4813F0ACFADD
:103FB000032322464FF4C8713848009413F01EFDC5
:103FC0004FF4A071354812F0F5FE0921334813F083
:103FD0009BFAA421314812F075FE3D492F4812F09A
:103FE000ABFED1222346D2212C48009413F006FDCB
:103FF000D42223464FF487712848009413F0FEFC26
:10400000FF2326481A46194613F0F6FA31491B23B6
:10401000D3222248CDE90061F02113F05FFB1F4855
:1040200013F0A2FC95F82030A42B02D12A4B1622C3
:104030001A6003B0F0BDCDE90042612106221748A5
:1040400013F09EFB6AE700201A230622CDE9000147
:104050004B21124813F094FB40E7CDE900410F4893
:104060001B2113F08DFB10E71AF02AFB09282060B2
:104070007FF7D9AE00211A230622CDE900100421D2
:10408000284613F07DFBE0E614481A230622CDE90A
:1040900000102B21014813F021FB08E7209D002090
:1040A000FC8E002080C70020AC07002090C70020B5
:1040B00010C70020B80700202CC70020C007002030
:1040C000A0C700208CCA0020F2F2F2001C0A0020D7
:1040D000D9D9D900400A002034C80020B0070020F8
:1040E000F0B5CF4883B013F035FFCE4DCC4812F079
:1040F00097F832201BF0C4FF2B68142B09D800243A
:10410000013401201BF0BCFF2B68192C01D0142BAB
:10411000F6D9C34C00264FF4C065C34F204612F0B9
:1041200047F8FF2320461A46194612F0BFFE2046E4
:1041300012F020FD4FF4AA61204612F079FE022110
:10414000204613F0E1F95A21204613F041F9D92312
:1041500020461A46194613F04FFA33463246F021EC
:104160002046009613F04AFCFF21204613F030F958
:10417000772379227C21204613F03EFA1E23AB4A96
:10418000F0212046CDE900521A4613F0A7FA1E236B
:104190004122F0212046CDE9005713F09FFA772302
:1041A00079227C21204613F027FA172373227B21E2
:1041B0002046CDE9005713F091FA9D4A1B234FF496
:1041C00087712046CDE90052732213F087FA994A8D
:1041D0001B23F0212046CDE900528C2213F07EFAF9
:1041E000954A1B23F0212046CDE90052934DA5228C
:1041F00013F074FA2B68002B40F0808100261A23FC
:10420000062204218648CDE9006613F0B9FA296830
:104210001A2306228248CDE900610E2113F0B0FA7C
:1042200087490025874E1A2306227D48CDE9005193
:10423000172113F053FA31681A230622092900F3D3
:1042400056811C217648CDE9005513F099FA316862
:104250001A2306227248CDE90051252113F090FA65
:104260001AF04EFA20B1784B1968002900F06C81E1
:10427000764800211A230622CDE900102B21684838
:1042800013F02CFA724D2968092900F34E8100269B
:104290001A2306224B216248CDE9006613F070FA1A
:1042A00029681A2306225E48CDE90061552113F0E2
:1042B00067FA684E0025684F1A2306225D21584888
:1042C000CDE9005613F00AFA3A681A23092A00F3D6
:1042D0002481062263215248CDE9005513F050FA9B
:1042E0003A681A236B214E48CDE90052062213F09A
:1042F00047FA00251A23062273214948CDE90056C2
:1043000013F0ECF955491A23062209684FF4C066E8
:104310004348CDE90051792113F032FAFF23404898
:104320001A46194613F068F901213D4813F0ECF8DC
:1043300006232A464FF4C8713948009513F05EFBF6
:10434000FF21374813F044F8A021354812F032FD20
:104350000921334813F0D8F8A821314812F0B2FCF3
:104360003F492F4812F0E8FC80222B4629462C4872
:10437000009513F043FB9E222B46372128480095D9
:1043800013F03CFBFF2326481A46194613F034F974
:10439000344A1B231D212248CDE900628E2213F0EE
:1043A0009DF9FF211E4813F013F8A0211C4812F0BC
:1043B00001FD09211A4813F0A7F8A721184812F0A7
:1043C00081FC2749164812F0B7FC80222B4640F2A8
:1043D000A7111348009513F011FB9E222B464FF4B2
:1043E000EF710F48009513F009FBFF230C481A46A4
:1043F000194613F001F91C4A1B2340F2BF1108486B
:10440000CDE900628E2213F069F9FF21044812F011
:10441000DFFFA021024812F0CDFC092126E000BFF9
:10442000209D0020FC8E0020BC0D0020D407002021
:10443000C40D0020E80D00205008002080C7002097
:10444000AC07002090C7002010C70020B80700204C
:104450002CC70020C0070020A0C700208CCA002065
:10446000D9D9D900CC070020C40700203E4813F05A
:104470004BF8DE233C481A46194613F0BDF8A92133
:10448000394812F01FFC4FF47071374812F0D0FC1D
:104490000221354813F038F84FF491722B46F02181
:1044A0003148009513F0AAFAFF232F481A461946FF
:1044B00013F0A2F82D491B23FF222B48CDE9006100
:1044C000F02113F00BF9284813F04EFA94F820303D
:1044D000A82B43D0A92B32D0A72B06D1244A1920D0
:1044E000244B2549126808601A6003B0F0BDCDE97D
:1044F00000511D481B2113F043F9B1E61AF0E0F812
:10450000092828607FF77AAE1A2306220421CDE914
:104510000060204613F034F982E6CDE900526121B3
:104520000622114813F02CF9E3E600201A23062294
:10453000CDE900014B210C4813F022F9B9E60E4BEE
:1045400018221A6003B0F0BD0C481A230622CDE9E8
:1045500000102B21044813F0C1F893E6064B01220A
:104560001A6003B0F0BD00BF209D0020700800203D
:1045700048CA002044C7002034C80020B0070020EB
:10458000F0B5C84883B013F0E5FCC74DC54811F03D
:1045900047FE32201BF074FD2B68142B09D8002431
:1045A000013401201BF06CFD2B68192C01D0142B59
:1045B000F6D9BC4C00264FF4C065204611F0F8FD3A
:1045C000FF2320461A46194612F070FC204612F0CE
:1045D000D1FA4FF4A071204612F0ECFB09212046DD
:1045E00012F092FFB149204612F0A6FB46225D214F
:1045F00033462046009613F001FAEB22334640F290
:1046000083112046009613F0F9F9772379227C2153
:10461000204612F0F1FFA64A1B23F0212046CDE9E7
:104620000052532213F05AF8A24A1B23F0212046CD
:10463000CDE900526E2213F051F89F4A1B23F0215E
:104640002046CDE90052872213F048F89B4A1B23ED
:10465000F0212046CDE90052A02213F03FF8984AFD
:104660001B23F0212046CDE90052B92213F036F881
:10467000944A1B23F0212046CDE90052D22213F0A8
:104680002DF8914A1B23F0212046CDE900528F4D91
:10469000EB2213F023F82B68002B40F0F380002668
:1046A0001A23062204217F48CDE9006613F068F83A
:1046B00029681A2306227B48CDE900610E2113F0F8
:1046C0005FF883490025834E1A2306227548CDE9F9
:1046D0000051172113F002F831681A230622092924
:1046E00000F3C9801C216F48CDE9005513F048F84C
:1046F00031681A2306226B48CDE90051252113F0B9
:104700003FF819F0FDFF20B1734B1968002900F044
:10471000F580724800211A230622CDE900102B21D2
:10472000604812F0DBFF6E4D2968092900F399807B
:1047300000261A2306224B215A48CDE9006613F0C1
:104740001FF829681A2306225648CDE90061552131
:1047500013F016F8634E0025634F1A2306225D21DD
:104760005048CDE9005612F0B9FF3A681A23092AD9
:104770006FDC062263214B48CDE9005513F000F8A9
:104780003A681A236B214748CDE90052062212F0FD
:10479000F7FF00251A23062273214248CDE900566F
:1047A00012F09CFF51491A23062209683D48CDE9C1
:1047B0000051792112F0E4FFFF233A481A461946C6
:1047C00012F01AFF0121374812F09EFE06232A46F6
:1047D0004FF4C8713348009513F010F9A021314807
:1047E00012F0E8FA09212F4812F08EFEAB212D4875
:1047F00012F068FA3E492B4812F09EFA80222B46AE
:1048000029462848009513F0F9F89E222B463721B7
:104810002448009513F0F2F8FF2322481A4619465F
:1048200012F0EAFE33484FF4C0611B238E22CDE91B
:1048300000101D211B4812F051FF1A4813F094F884
:1048400094F82030AB2B02D12B4B17221A6003B007
:10485000F0BDCDE9005261210622124812F090FF0E
:1048600097E700201A230622CDE900014B210D48CD
:1048700012F086FF6EE7CDE900510A481B2112F0C5
:104880007FFF3EE719F01CFF092828607FF707AF7C
:104890001A2306220421CDE90060204612F070FFA1
:1048A0000FE700BF209D0020FC8E0020F2F2F200F6
:1048B00078080020100E00203C0E0020600E002022
:1048C000840E0020AC0E0020D80E002080C70020EF
:1048D000AC07002090C7002010C70020B8070020B8
:1048E0002CC70020C0070020A0C700208CCA0020D1
:1048F000D9D9D900CC07002034C8002004481A2395
:104900000622CDE900102B21024812F0E7FE0AE74B
:10491000B0070020209D0020F0B5CA4883B013F0F6
:1049200019FBC94DC74811F07BFC32201BF0A8FBD6
:104930002B68142B09D80024013401201BF0A0FBA4
:104940002B68192C01D0142BF6D9BE4EBF4C304623
:1049500011F02EFCFF2330461A46194612F0A6FA33
:10496000304612F007F9772379227C21304612F085
:1049700043FE2368002B40F03B8200251A23FC22D3
:1049800040F24311AF48CDE9005512F0F9FE21681D
:104990001A23FC22AB48CDE900514FF4A67112F066
:1049A000EFFEAB490024AB4D1A23FC22A548CDE90C
:1049B000004140F2551112F091FE29681A23FC22A1
:1049C000092900F30D8240F259119E48CDE90044B7
:1049D00012F0D6FE29681A23FC229A48CDE900413C
:1049E0004FF4B17112F0CCFE19F08AFE20B19A4B4F
:1049F0001968002900F02882984800211A23FC2217
:104A0000CDE9001040F269118E4812F067FE944C17
:104A10002168092900F3068200251A23FC2240F2AE
:104A20008B118848CDE9005512F0AAFE21681A239F
:104A3000FC228448CDE9005140F2931112F0A0FE0F
:104A4000884D0024884F1A23FC2240F29B117D4898
:104A5000CDE9004512F042FE3A681A23092A00F314
:104A6000D881FC2240F2A1117648CDE9004412F031
:104A700087FE3A681A2340F2A9117248CDE9004234
:104A8000FC2212F07DFE00241A23FC2240F2B11118
:104A90006C48CDE9004512F021FE74491A23FC222E
:104AA00009684FF4C0656748CDE9004140F2B7118D
:104AB00012F066FEFF2363481A46194612F09CFD69
:104AC0000121604812F020FD224606234FF4C871F0
:104AD0005C48009412F092FF4FF4A071594812F014
:104AE00069F90921574812F00FFD6149554812F044
:104AF00023F95022234653481146009412F07EFFBA
:104B00002346C822EB214F48009412F077FF772309
:104B100079227C214B4812F06FFD564A18239B21C5
:104B20004848CDE90052532212F0D8FD524A1B23C7
:104B3000A4214448CDE90052732212F0CFFD4F4A20
:104B40001B23A4213F48CDE900528C2212F0C6FD60
:104B50004B4A182383213B48CDE90052AC2212F086
:104B6000BDFD4849374812F0E7F8474A1B238F211B
:104B70003448CDE90052CC2212F0B0FD77237922DF
:104B80007C21304812F038FD404A1B234FF4B871A5
:104B90002C48CDE900525A2212F0A0FD3C49294888
:104BA00012F0CAF83B21274812F08CF84FF4347108
:104BB000244812F03DF90221224812F0A5FC2346B8
:104BC000A3224FF49F711F48009412F017FFFF2398
:104BD0001C481A46194612F00FFD2E4A1B234FF4AB
:104BE0009F711848CDE900528E2212F077FD2A4AB3
:104BF0001B234FF49F711348CDE90052A12212F0FC
:104C00006DFD264A1B234FF49F710E48CDE90052DB
:104C1000B42212F063FD1E490A4812F08DF83C21BF
:104C2000084812F04FF84FF43471064812F000F9BA
:104C30000221044812F068FC2346A32240F29F118F
:104C40002EE000BF209D0020FC8E002080C70020A9
:104C5000AC07002090C7002010C70020B807002034
:104C60002CC70020C0070020A0C700208CCA00204D
:104C7000F2F2F200800900208C0900209C0900203B
:104C8000B009002058D75A00B8090020C4090020F4
:104C9000D9D9D900DC090020E4090020EC09002062
:104CA0007348009412F0AAFEFF2371481A46194671
:104CB00012F0A2FC6F4A1B2340F29F116C48CDE911
:104CC0000052932212F00AFD6B4A1B2340F29F11FF
:104CD0006748CDE90052AA2212F000FDA0216448E5
:104CE00012F068F80921624812F00EFCAB2160480E
:104CF00011F0E8FF61495E4812F01EF804222346D5
:104D00005B481146009412F079FE23462322372196
:104D10005748009412F072FEFF2355481A46194670
:104D200012F06AFC564A1B231F215148CDE900525C
:104D3000142212F0D3FCA0214D4812F03BF80921B7
:104D40004B4812F0E1FB1721494811F0BBFF4B49DA
:104D5000474811F0F1FF2346EB2204214448009418
:104D600012F04CFE23464FF48572372140480094E0
:104D700012F044FEFF233E481A46194612F03CFC4E
:104D8000404A1B231E213A48CDE90052F02212F07E
:104D9000A5FC3D4A1B231E213548CDE9005240F2B7
:104DA000011212F09BFC324812F0DEFD3748384900
:104DB000012304600C600024364996F820200C6022
:104DC00035483C2A354903600B604CD035D8172A4A
:104DD00045D03B2A02D1324B1A221A6003B0F0BDF3
:104DE000CDE90041224840F2591112F0C9FCFBE51F
:104DF00019F066FC092820607FF7BFAD00211A2357
:104E0000FC22CDE900104FF4A171304612F0B8FC3D
:104E1000C7E5CDE9004240F29F11FC22144812F090
:104E2000AFFC30E600201A23FC22CDE9000140F25D
:104E300089110F4812F0A4FC02E6AB2ACED1184B20
:104E400017221A6003B0F0BD16481A23FC22CDE9E0
:104E5000001040F26911064812F040FCD7E5104AF4
:104E6000136003B0F0BD0E4B1B221A6003B0F0BDFF
:104E7000209D0020F8090020000A0020D9D9D9007F
:104E8000CC0700200C0A0020140A002040C8002093
:104E90003CC800207CCA002038CA002040CA00203C
:104EA00034C80020B0070020F0B5B54883B013F037
:104EB00051F8B44DB24811F0B3F932201BF0E0F8CC
:104EC0002B68142B09D80024013401201BF0D8F8DA
:104ED0002B68192C01D0142BF6D9A94DAA4C2846C1
:104EE00011F066F9FF2328461A46194611F0DEFF35
:104EF000284611F03FFE772379227C21284612F0C4
:104F00007BFB2368002B40F0218100261A23062218
:104F100004219B48CDE9006612F032FC21681A2377
:104F200006229748CDE900610E2112F029FC97492D
:104F30000024974E1A2306229148CDE900411721FB
:104F400012F0CCFB31681A230622092900F3F780FE
:104F50001C218B48CDE9004412F012FC31681A2361
:104F600006228748CDE90041252112F009FC19F0FD
:104F7000C7FB20B1874B1968002900F0F7808648ED
:104F800000211A230622CDE900102B217C4812F0C3
:104F9000A5FB824C2168092900F3C78000261A234B
:104FA00006224B217648CDE9006612F0E9FB216824
:104FB0001A2306227248CDE90061552112F0E0FB68
:104FC000774E0024774F1A2306225D216C48CDE9E5
:104FD000004612F083FB3A681A23092A00F39D80E9
:104FE000062263216648CDE9004412F0C9FB3A6805
:104FF0001A236B216248CDE90042062212F0C0FB61
:1050000000241A23062273215D48CDE9004612F0E0
:1050100065FB65491A23062209684FF4C0665848A3
:10502000CDE90041792112F0ABFB4FF4A071544857
:1050300011F0C0FE0921524812F066FA5B4950484F
:1050400011F07AFE6422234650214D48009412F05C
:10505000D5FC962223464FF4C8714948009412F0BB
:10506000CDFCFF2346481A46194612F0C5FA012125
:10507000434812F049FA062322464FF4C8714048CB
:10508000009412F0BBFC772379227C213C4812F07B
:10509000B3FA474A1D23F0213948CDE900627D2249
:1050A00012F01CFB4FF4A071354811F083FE09216A
:1050B000334812F029FA3F21314811F003FE3D49EF
:1050C0002F4811F039FED1222346D2212C480094DA
:1050D00012F094FCD42223464FF4877128480094A0
:1050E00012F08CFCFF2326481A46194612F084FA67
:1050F00031491B23D3222248CDE90061F02112F06F
:10510000EDFA1F4812F030FC95F820303F2B02D109
:105110002A4B1D221A6003B0F0BDCDE90042612187
:105120000622174812F02CFB6AE700201A230622F9
:10513000CDE900014B21124812F022FB40E7CDE9F6
:1051400000410F481B2112F01BFB10E719F0B8FAC1
:10515000092820607FF7D9AE00211A230622CDE965
:1051600000100421284612F00BFBE0E614481A2335
:105170000622CDE900102B21014812F0AFFA08E712
:10518000209D0020FC8E002080C70020AC0700205E
:1051900090C7002010C70020B80700202CC70020AF
:1051A000C0070020A0C700208CCA0020F2F2F20045
:1051B0001C0A0020D9D9D900400A002034C8002098
:1051C000B0070020F0B5CF4883B012F0C3FECE4D3B
:1051D000CC4811F025F832201AF052FF2B68142B1E
:1051E00009D80024013401201AF04AFF2B68192C39
:1051F00001D0142BF6D9C34C00264FF4C065C34F21
:10520000204610F0D5FFFF2320461A46194611F01C
:105210004DFE204611F0AEFC4FF4AA61204611F07D
:1052200007FE0221204612F06FF95A21204612F0A3
:10523000CFF8D92320461A46194612F0DDF9334635
:105240003246F0212046009612F0D8FBFF2120467E
:1052500012F0BEF8772379227C21204612F0CCF997
:105260001E23AB4AF0212046CDE900521A4612F027
:1052700035FA1E234122F0212046CDE9005712F0D5
:105280002DFA772379227C21204612F0B5F91723D5
:1052900073227B212046CDE9005712F01FFA9D4A68
:1052A0001B234FF487712046CDE90052732212F080
:1052B00015FA994A1B23F0212046CDE900528C2291
:1052C00012F00CFA954A1B23F0212046CDE900523A
:1052D000934DA52212F002FA2B68002B40F0748146
:1052E00000261A23062204218648CDE9006612F022
:1052F00047FA29681A2306228248CDE900610E2167
:1053000012F03EFA87490025874E1A2306227D486F
:10531000CDE90051172112F0E1F931681A23062274
:10532000092900F34A811C217648CDE9005512F085
:1053300027FA31681A2306227248CDE90051252147
:1053400012F01EFA19F0DCF920B1784B1968002927
:1053500000F04E81764800211A230622CDE9001084
:105360002B21684812F0BAF9724D2968092900F317
:105370001A8100261A2306224B216248CDE90066D5
:1053800012F0FEF929681A2306225E48CDE9006171
:10539000552112F0F5F9684E0025684F1A230622B0
:1053A0005D215848CDE9005612F098F93A681A2361
:1053B000092A00F3F080062263215248CDE9005506
:1053C00012F0DEF93A681A236B214E48CDE90052FB
:1053D000062212F0D5F900251A2306227321494826
:1053E000CDE9005612F07AF955491A2306220968C8
:1053F0004FF4C0664348CDE90051792112F0C0F95D
:10540000FF2340481A46194612F0F6F801213D489C
:1054100012F07AF80A232A464FF4C87139480095E9
:1054200012F0ECFAFF21374811F0D2FFA0213548E5
:1054300011F0C0FC0921334812F066F8DE23314830
:105440001A46194612F0D8F84FF470712D4811F031
:10545000EFFC02212B4812F057F84FF491722B46C3
:10546000F0212848009512F0C9FAFF21254811F0D3
:10547000AFFFA021234811F09DFC0921214812F023
:1054800043F8CA211F4811F01DFC2E491D4811F098
:1054900053FC80222B4629461A48009512F0AEFA9A
:1054A0009E222B4637211748009512F0A7FAFF23BA
:1054B00014481A46194612F09FF8234A1B231D214F
:1054C0001048CDE900628E2212F008F9FF210D4844
:1054D00011F07EFFA0210B4811F06CFC0921094856
:1054E00012F012F8C921074811F0ECFB15490548E4
:1054F00011F022FC80222B4640F2A71101480095B2
:1055000024E000BF209D0020FC8E0020F00E002033
:10551000D4070020C40D0020F80E0020200F00202A
:1055200080C70020AC07002090C7002010C70020D3
:10553000B80700202CC70020C0070020A0C700200B
:105540008CCA0020D9D9D900CC07002012F056FA15
:105550009E222B464FF4EF712F48009512F04EFA21
:10556000FF232D481A46194612F046F82B491B23F3
:105570008E222948CDE9006140F2BF1112F0AEF849
:10558000254812F0F1F994F82030C92B3AD0CA2BF3
:1055900029D003B0F0BDCDE90052612106221E489A
:1055A00012F0EEF817E700201A230622CDE90001D9
:1055B0004B21194812F0E4F8EDE6CDE90051164808
:1055C0001B2112F0DDF8BDE619F07AF809282860F1
:1055D0007FF786AE1A2306220421CDE9006020461B
:1055E00012F0CEF88EE60E4B01221A6003B0F0BD29
:1055F0000C481A230622CDE900102B21064812F090
:105600006DF8B1E6084A3A20084B0549126808606F
:105610001A6003B0F0BD00BF209D0020C407002029
:1056200034C80020B007002048CA002044C700202A
:10563000F0B5CA4883B012F08DFCC94DC74810F0D0
:10564000EFFD32201AF01CFD2B68142B09D8002422
:10565000013401201AF014FD2B68192C01D0142BF1
:10566000F6D9BE4EBF4C304610F0A2FDFF233046A7
:105670001A46194611F01AFC304611F07BFA7723CE
:1056800079227C21304611F0B7FF2368002B40F0CF
:105690003B8200251A23FC2240F24311AF48CDE99A
:1056A000005512F06DF821681A23FC22AB48CDE9B1
:1056B00000514FF4A67112F063F8AB490024AB4DD2
:1056C0001A23FC22A548CDE9004140F2551112F001
:1056D00005F829681A23FC22092900F30D8240F2FB
:1056E00059119E48CDE9004412F04AF829681A235E
:1056F000FC229A48CDE900414FF4B17112F040F814
:1057000018F0FEFF20B19A4B1968002900F028829A
:10571000984800211A23FC22CDE9001040F26911BB
:105720008E4811F0DBFF944C2168092900F30682B2
:1057300000251A23FC2240F28B118848CDE9005540
:1057400012F01EF821681A23FC228448CDE900518A
:1057500040F2931112F014F8884D0024884F1A2358
:10576000FC2240F29B117D48CDE9004511F0B6FFC7
:105770003A681A23092A00F3D881FC2240F2A111C9
:105780007648CDE9004411F0FBFF3A681A2340F255
:10579000A9117248CDE90042FC2211F0F1FF00246A
:1057A0001A23FC2240F2B1116C48CDE9004511F0FA
:1057B00095FF74491A23FC2209684FF4C0656748B5
:1057C000CDE9004140F2B71111F0DAFFFF23634841
:1057D0001A46194611F010FF0121604811F094FE9D
:1057E00022460A234FF4C8715C48009412F006F96F
:1057F0004FF4A071594811F0DDFA0921574811F012
:1058000083FE6149554811F097FA502223465348C8
:105810001146009412F0F2F82346C822EB214F48BB
:10582000009412F0EBF8772379227C214B4811F099
:10583000E3FE564A18239B214848CDE900525322E3
:1058400011F04CFF524A1B23A4214448CDE90052D9
:10585000732211F043FF4F4A1B23A4213F48CDE997
:1058600000528C2211F03AFF4B4A182383213B4807
:10587000CDE90052AC2211F031FF4849374811F010
:105880005BFA474A1B238F213448CDE90052CC22D2
:1058900011F024FF772379227C21304811F0ACFEEF
:1058A000404A1B234FF4B8712C48CDE900525A22CC
:1058B00011F014FF3C49294811F03EFAD021274845
:1058C00011F000FA4FF43471244811F0B1FA0221BA
:1058D000224811F019FE2346A3224FF49F711F485E
:1058E000009412F08BF8FF231C481A46194611F059
:1058F00083FE2E4A1B234FF49F711848CDE90052B6
:105900008E2211F0EBFE2A4A1B234FF49F7113489D
:10591000CDE90052A12211F0E1FE264A1B234FF4EB
:105920009F710E48CDE90052B42211F0D7FE1E49F6
:105930000A4811F001FAD121084811F0C3F94FF4D7
:105940003471064811F074FA0221044811F0DCFDAC
:105950002346A32240F29F112EE000BF209D00208D
:10596000FC8E002080C70020AC07002090C70020DC
:1059700010C70020B80700202CC70020C007002057
:10598000A0C700208CCA0020F2F2F200800900209B
:105990008C0900209C090020B009002058D75A002B
:1059A000B8090020C4090020D9D9D900DC09002099
:1059B000E4090020EC0900207348009412F01EF85E
:1059C000FF2371481A46194611F016FE6F4A1B2331
:1059D00040F29F116C48CDE90052932211F07EFEF7
:1059E0006B4A1B2340F29F116748CDE90052AA225F
:1059F00011F074FEA021644811F0DCF9092162481D
:105A000011F082FDCD21604811F05CF961495E48DA
:105A100011F092F9042223465B481146009411F0DC
:105A2000EDFF2346232237215748009411F0E6FF6B
:105A3000FF2355481A46194611F0DEFD564A1B232E
:105A40001F215148CDE90052142211F047FEA02138
:105A50004D4811F0AFF909214B4811F055FD1721C0
:105A6000494811F02FF94B49474811F065F9234691
:105A7000EB2204214448009411F0C0FF23464FF468
:105A8000857237214048009411F0B8FFFF233E484B
:105A90001A46194611F0B0FD404A1B231E213A4810
:105AA000CDE90052F02211F019FE3D4A1B231E21C0
:105AB0003548CDE9005240F2011211F00FFE324894
:105AC00011F052FF37483849012304600C6000246C
:105AD000364996F820200C603548D02A35490360B5
:105AE0000B604CD035D8172A45D0CD2A02D1324B85
:105AF00038221A6003B0F0BDCDE90041224840F2DF
:105B0000591111F03DFEFBE518F0DAFD092820607F
:105B10007FF7BFAD00211A23FC22CDE900104FF41E
:105B2000A171304611F02CFEC7E5CDE9004240F2EC
:105B30009F11FC22144811F023FE30E600201A23A6
:105B4000FC22CDE9000140F289110F4811F018FE46
:105B500002E6D12ACED1184B3C221A6003B0F0BD28
:105B600016481A23FC22CDE9001040F269110648BC
:105B700011F0B4FDD7E5104A136003B0F0BD0E4B31
:105B80003B221A6003B0F0BD209D0020F8090020E0
:105B9000000A0020D9D9D900CC0700200C0A002027
:105BA000140A002040C800203CC800207CCA002005
:105BB00038CA002040CA002034C80020B0070020A6
:105BC000F0B5B54883B012F0C5F9B44DB24810F045
:105BD00027FB32201AF054FA2B68142B09D8002422
:105BE000013401201AF04CFA2B68192C01D0142B27
:105BF000F6D9A94DAA4C284610F0DAFAFF23284618
:105C00001A46194611F052F9284610F0B3FF7723CF
:105C100079227C21284611F0EFFC2368002B40F00C
:105C2000218100261A23062204219B48CDE9006623
:105C300011F0A6FD21681A2306229748CDE90061DC
:105C40000E2111F09DFD97490024974E1A2306223C
:105C50009148CDE90041172111F040FD31681A2328
:105C60000622092900F3F7801C218B48CDE9004466
:105C700011F086FD31681A2306228748CDE90041DC
:105C8000252111F07DFD18F03BFD20B1874B1968EF
:105C9000002900F0F780864800211A230622CDE96A
:105CA00000102B217C4811F019FD824C2168092934
:105CB00000F3C78000261A2306224B217648CDE93F
:105CC000006611F05DFD21681A2306227248CDE9B5
:105CD0000061552111F054FD774E0024774F1A23AF
:105CE00006225D216C48CDE9004611F0F7FC3A68C8
:105CF0001A23092A00F39D80062263216648CDE914
:105D0000004411F03DFD3A681A236B216248CDE949
:105D10000042062211F034FD00241A2306227321CA
:105D20005D48CDE9004611F0D9FC65491A230622E9
:105D300009684FF4C0665848CDE90041792111F057
:105D40001FFD4FF4A071544811F034F80921524856
:105D500011F0DAFB5B49504810F0EEFF6422234655
:105D600050214D48009411F049FE962223464FF4ED
:105D7000C8714948009411F041FEFF2346481A4675
:105D8000194611F039FC0121434811F0BDFB0A23EB
:105D900022464FF4C8714048009411F02FFE77233B
:105DA00079227C213C4811F027FC474A1D23F02131
:105DB0003948CDE900627D2211F090FC4FF4A071CA
:105DC000354810F0F7FF0921334811F09DFBD4212D
:105DD000314810F077FF3D492F4810F0ADFFD12238
:105DE0002346D2212C48009411F008FED4222346E9
:105DF0004FF487712848009411F000FEFF232648D5
:105E00001A46194611F0F8FB31491B23D3222248C8
:105E1000CDE90061F02111F061FC1F4811F0A4FDF3
:105E200095F82030D42B02D12A4B3E221A6003B0C1
:105E3000F0BDCDE9004261210622174811F0A0FC17
:105E40006AE700201A230622CDE900014B211248FF
:105E500011F096FC40E7CDE900410F481B2111F0FD
:105E60008FFC10E718F02CFC092820607FF7D9AED2
:105E700000211A230622CDE900100421284611F042
:105E80007FFCE0E614481A230622CDE900102B21FE
:105E9000014811F023FC08E7209D0020FC8E002023
:105EA00080C70020AC07002090C7002010C700204A
:105EB000B80700202CC70020C0070020A0C7002082
:105EC0008CCA0020F2F2F2001C0A0020D9D9D900B5
:105ED000400A002034C80020B0070020F0B5CF48A9
:105EE00083B012F037F8CE4DCC4810F099F932203B
:105EF0001AF0C6F82B68142B09D8002401340120AD
:105F00001AF0BEF82B68192C01D0142BF6D9C34C0B
:105F100000264FF4C065204610F04AF9FF232046C2
:105F20001A46194610F0C2FF204610F023FE4FF427
:105F3000AA61204610F07CFF0221204611F0E4FA0D
:105F40005A21204611F044FAD92320461A46194610
:105F500011F052FB33463246F0212046009611F0F4
:105F60004DFDFF21204611F033FA772379227C2161
:105F7000204611F041FB1E23AA4AF0212046CDE91C
:105F800000521A4611F0AAFBA74A1E23F021204610
:105F9000CDE90052412211F0A1FB772379227C2127
:105FA000204611F029FBA14A17239B212046CDE969
:105FB0000052732211F092FB9D4A1B234FF487710C
:105FC0002046CDE90052732211F088FB994A1B2329
:105FD000F0212046CDE900528C2211F07FFB964A39
:105FE0001B23F0212046CDE90052A52211F076FBBB
:105FF000924A1B23F0212046CDE90052904DBE224B
:1060000011F06CFB2B68002B40F0738100261A23E3
:10601000062204218148CDE9006611F0B1FB296810
:106020001A2306227D48CDE900610E2111F0A8FB5C
:1060300084490025844E1A2306227848CDE9005170
:10604000172111F04BFB31681A230622092900F3AE
:1060500049811C217148CDE9005511F091FB31684F
:106060001A2306226D48CDE90051252111F088FB45
:1060700018F046FB20B1754B1968002900F05F81CC
:10608000734800211A230622CDE900102B21634812
:1060900011F024FB6F4D2968092900F34181002686
:1060A0001A2306224B215D48CDE9006611F068FBFA
:1060B00029681A2306225948CDE90061552111F0BB
:1060C0005FFB654E0025654F1A2306225D2153486C
:1060D000CDE9005611F002FB3A681A23092A00F3B1
:1060E0001781062263214D48CDE9005511F048FB88
:1060F0003A681A236B214948CDE90052062211F073
:106100003FFB00251A23062273214448CDE900569F
:1061100011F0E4FA52491A23062209684FF4C066C6
:106120003E48CDE90051792111F02AFBFF233B487D
:106130001A46194611F060FA0121384811F0E4F9C5
:1061400005232A464FF4C8713448009511F056FCD7
:10615000FF21324811F03CF9A021304810F02AFE0E
:1061600009212E4811F0D0F983212C4810F0AAFD06
:106170003C492A4810F0E0FD80222B46294627485A
:10618000009511F03BFC9E222B46372123480095B9
:1061900011F034FCFF2321481A46194611F02CFA5D
:1061A000314A1B231D211D48CDE900628E2211F0CA
:1061B00095FAFF21194811F00BF9A021174810F0AA
:1061C000F9FD0921154811F09FF98221134810F0BB
:1061D00079FD2449114810F0AFFD80222B4640F292
:1061E000A7110E48009511F009FC9E222B464FF492
:1061F000EF710A48009511F001FCFF2307481A4689
:10620000194611F0F9F9194A1B2340F2BF1103484E
:10621000CDE900628E2211F061FA29E0209D002074
:10622000FC8E0020D4070020380F0020400F0020F3
:10623000FC070020480F0020680C0020880C00207C
:1062400080C70020AC07002090C7002010C70020A6
:10625000B80700202CC70020C0070020A0C70020DE
:106260008CCA0020D9D9D900CC070020C40700204F
:10627000DE233A481A46194611F0BEF98421374800
:1062800010F020FD4FF47071344810F0D1FD022160
:10629000324811F039F94FF491722B46F0212F4812
:1062A000009511F0ABFBFF232C481A46194611F05C
:1062B000A3F92B491B23FF222848CDE90061F021D7
:1062C00011F00CFA254811F04FFB94F82030832B85
:1062D0003FD0842B2ED0822B02D1224B2F221A604A
:1062E00003B0F0BDCDE900511C481B2111F048FA64
:1062F000BEE618F0E5F9092828607FF787AE1A2373
:1063000006220421CDE90060204611F039FA8FE61B
:10631000CDE9005261210622104811F031FAF0E671
:1063200000201A230622CDE900014B210B4811F071
:1063300027FAC6E60B4B2E221A6003B0F0BD0A48BE
:106340001A230622CDE900102B21044811F0C6F9CA
:10635000A0E6044B01221A6003B0F0BD209D00208E
:106360007008002034C80020B0070020F0B5C848ED
:1063700083B011F0EFFDC74DC5480FF051FF32203B
:1063800019F07EFE2B68142B09D80024013401205B
:1063900019F076FE2B68192C01D0142BF6D9BC4CC1
:1063A00000264FF4C06520460FF002FFFF23204671
:1063B0001A46194610F07AFD204610F0DBFB4FF428
:1063C000A071204610F0F6FC0921204611F09CF83F
:1063D000B149204610F0B0FC41225F2133462046EF
:1063E000009611F00BFBDC22334640F2811120466F
:1063F000009611F003FB772379227C21204611F0CF
:10640000FBF8A64A1B23F0212046CDE90052452285
:1064100011F064F9A24A1B23F0212046CDE9005275
:106420005D2211F05BF99F4A1B23F0212046CDE944
:106430000052762211F052F99B4A1B23F02120468C
:10644000CDE900528F2211F049F9984A1B23F0211F
:106450002046CDE90052A72211F040F9944A1B23AF
:10646000F0212046CDE90052BD2211F037F9914AC2
:106470001B23F0212046CDE900528F4DD52211F08B
:106480002DF92B68002B40F0F38000261A230622FA
:1064900004217F48CDE9006611F072F929681A23BA
:1064A00006227B48CDE900610E2111F069F983498C
:1064B0000025834E1A2306227548CDE90051172185
:1064C00011F00CF931681A230622092900F3C9805A
:1064D0001C216F48CDE9005511F052F931681A239B
:1064E00006226B48CDE90051252111F049F918F039
:1064F00007F920B1734B1968002900F0F580724844
:1065000000211A230622CDE900102B21604811F04A
:10651000E5F86E4D2968092900F3998000261A23B1
:1065200006224B215A48CDE9006611F029F9296865
:106530001A2306225648CDE90061552111F020F9B1
:10654000634E0025634F1A2306225D215048CDE992
:10655000005611F0C3F83A681A23092A6FDC0622A4
:1065600063214B48CDE9005511F00AF93A681A2326
:106570006B214748CDE90052062211F001F90025B0
:106580001A23062273214248CDE9005611F0A6F8DD
:1065900051491A23062209683D48CDE90051792165
:1065A00011F0EEF8FF233A481A46194611F024F884
:1065B0000121374810F0A8FF05232A464FF4C8717F
:1065C0003348009511F01AFAA021314810F0F2FB7F
:1065D00009212F4810F098FF86212D4810F072FBFA
:1065E0003E492B4810F0A8FB80222B46294628481C
:1065F000009511F003FA9E222B463721244800957E
:1066000011F0FCF9FF2322481A46194610F0F4FF56
:1066100033484FF4C0611B238E22CDE900101D21A9
:106620001B4811F05BF81A4811F09EF994F82030DD
:10663000862B02D12B4B37221A6003B0F0BDCDE977
:10664000005261210622124811F09AF897E70020C3
:106650001A230622CDE900014B210D4811F090F8D4
:106660006EE7CDE900510A481B2111F089F83EE799
:1066700018F026F8092828607FF707AF1A230622AA
:106680000421CDE90060204611F07AF80FE700BF41
:10669000209D0020FC8E0020F2F2F2009C0C0020D5
:1066A000600F00208C0F0020B40F0020DC0F0020B2
:1066B000FC0F00202410002080C70020AC07002021
:1066C00090C7002010C70020B80700202CC700206A
:1066D000C0070020A0C700208CCA0020D9D9D9004B
:1066E000CC07002034C8002004481A230622CDE934
:1066F00000102B21024810F0F1FF0AE7B00700203C
:10670000209D0020F0B5CA4883B011F023FCC94D8C
:10671000C7480FF085FD322019F0B2FC2B68142B0E
:1067200009D800240134012019F0AAFC2B68192C87
:1067300001D0142BF6D9BE4EBF4C30460FF038FDB9
:10674000FF2330461A46194610F0B0FB304610F0D1
:1067500011FA772379227C21304610F04DFF23680F
:10676000002B40F02D8200251A23FC2240F2431119
:10677000AF48CDE9005511F003F821681A23FC2237
:10678000AB48CDE900514FF4A67110F0F9FFAB49C9
:106790000024AB4D1A23FC22A548CDE9004140F26C
:1067A000551110F09BFF29681A23FC22092900F3D8
:1067B000FF8140F259119E48CDE9004410F0E0FFFE
:1067C00029681A23FC229A48CDE900414FF4B1719F
:1067D00010F0D6FF17F094FF20B19A4B19680029EA
:1067E00000F01A82984800211A23FC22CDE90010FB
:1067F00040F269118E4810F071FF944C216809290C
:1068000000F3F88100251A23FC2240F28B118848FE
:10681000CDE9005510F0B4FF21681A23FC2284480A
:10682000CDE9005140F2931110F0AAFF884D0024E9
:10683000884F1A23FC2240F29B117D48CDE9004588
:1068400010F04CFF3A681A23092A00F3CA81FC228F
:1068500040F2A1117648CDE9004410F091FF3A686A
:106860001A2340F2A9117248CDE90042FC2210F02F
:1068700087FF00241A23FC2240F2B1116C48CDE9B5
:10688000004510F02BFF74491A23FC2209684FF4CD
:10689000C0656748CDE9004140F2B71110F070FFC4
:1068A0004FF4A071624810F085FA0921604810F099
:1068B0002BFE6A495E4810F03FFA502223465C489E
:1068C0001146009411F09AF82346C822EB2158484B
:1068D000009411F093F8FF2355481A46194610F01A
:1068E0008BFE0121524810F00FFE224605234FF483
:1068F000C8714F48009411F081F8772379227C21E8
:106900004B4810F079FE564A18239B214848CDE9A0
:106910000052532210F0E2FE524A1B23A4214448A5
:10692000CDE90052732210F0D9FE4F4A182383217B
:106930003F48CDE90052AC2210F0D0FE4B493C4814
:1069400010F0FAF94A4A1B238F213948CDE9005249
:10695000CC2210F0C3FE772379227C21344810F03A
:106960004BFE444A1B234FF4B8713148CDE9005225
:106970005A2210F0B3FE40492D4810F0DDF989216C
:106980002B4810F09FF94FF43471294810F050FA59
:106990000221274810F0B8FD2346A3224FF49F712F
:1069A0002348009411F02AF8FF2321481A4619467B
:1069B00010F022FE314A1B234FF49F711C48CDE991
:1069C00000528E2210F08AFE2D4A1B234FF49F7135
:1069D0001748CDE90052A12210F080FE294A1B235E
:1069E0004FF49F711248CDE90052B42210F076FEA8
:1069F00021490F4810F0A0F98A210D4810F062F9E2
:106A00004FF434710A4810F013FA0221084810F0CC
:106A10007BFD2346A32240F29F110548009410F00D
:106A2000EDFFFF2302481A46194610F0E5FD2BE062
:106A3000209D0020FC8E002080C70020AC07002095
:106A400090C7002010C70020B80700202CC70020E6
:106A5000C0070020A0C700208CCA0020F2F2F2007C
:106A60008009002048100020B009002058D75A00A3
:106A7000B8090020C4090020D9D9D900DC090020B8
:106A8000E4090020EC0900206F4A1B2340F29F110B
:106A90006E48CDE90052932210F020FE6C4A1B2371
:106AA00040F29F116948CDE90052AA2210F016FE6B
:106AB000A021664810F07EF90921644810F024FDF9
:106AC0008621624810F0FEF86249604810F034F9FF
:106AD000042223465D481146009410F08FFF2346A0
:106AE000232237215948009410F088FFFF2357488C
:106AF0001A46194610F080FD574A1B231F215348A0
:106B0000CDE90052142210F0E9FDA0214F4810F009
:106B100051F909214D4810F0F7FC17214B4810F0AE
:106B2000D1F84C49494810F007F92346EB220421DB
:106B30004648009410F062FF23464FF485723721D7
:106B40004248009410F05AFFFF2340481A46194665
:106B500010F052FD414A1B231E213C48CDE9005252
:106B6000F02210F0BBFD3E4A1B231E213748CDE921
:106B7000005240F2011210F0B1FD344810F0F4FE62
:106B80003848394901230460002496F820200C601D
:106B90003648892A364903600B604CD035D8172A0D
:106BA00045D0862A02D1334B2D221A6003B0F0BDA6
:106BB000CDE90041254840F2591110F0E1FD09E608
:106BC00017F07EFD092820607FF7CDAD00211A2344
:106BD000FC22CDE900104FF4A171304610F0D0FD39
:106BE000D5E5CDE9004240F29F11FC22174810F094
:106BF000C7FD3EE600201A23FC22CDE9000140F249
:106C00008911124810F0BCFD10E68A2ACED1194B2A
:106C100031221A6003B0F0BD17481A23FC22CDE9D7
:106C2000001040F26911094810F058FDE5E5114ADD
:106C3000136003B0F0BD114A3020114B0D491268AA
:106C400008601A6003B0F0BDF8090020209D002004
:106C5000000A0020D9D9D900CC0700200C0A002056
:106C6000140A00204CC800207CCA002038CA00202A
:106C700040CA002034C80020B007002048CA0020C5
:106C800044C70020F0B5B54883B011F063F9B44DA6
:106C9000B2480FF0C5FA322019F0F2F92B68142B24
:106CA00009D800240134012019F0EAF92B68192CC5
:106CB00001D0142BF6D9A94DAA4C28460FF078FA2A
:106CC000FF2328461A46194610F0F0F828460FF020
:106CD00051FF772379227C21284610F08DFC236810
:106CE000002B40F0218100261A23062204219B4814
:106CF000CDE9006610F044FD21681A23062297486A
:106D0000CDE900610E2110F03BFD97490024974E1C
:106D10001A2306229148CDE90041172110F0DEFC2C
:106D200031681A230622092900F3F7801C218B48B9
:106D3000CDE9004410F024FD31681A23062287486B
:106D4000CDE90041252110F01BFD17F0D9FC20B141
:106D5000874B1968002900F0F780864800211A2324
:106D60000622CDE900102B217C4810F0B7FC824CA4
:106D70002168092900F3C78000261A2306224B2127
:106D80007648CDE9006610F0FBFC21681A23062244
:106D90007248CDE90061552110F0F2FC774E0024D5
:106DA000774F1A2306225D216C48CDE9004610F08A
:106DB00095FC3A681A23092A00F39D800622632174
:106DC0006648CDE9004410F0DBFC3A681A236B21D9
:106DD0006248CDE90042062210F0D2FC00241A23BA
:106DE000062273215D48CDE9004610F077FC654925
:106DF0001A23062209684FF4C0665848CDE90041BD
:106E0000792110F0BDFC4FF4A07154480FF0D2FF6F
:106E10000921524810F078FB5B4950480FF08CFF75
:106E20006422234650214D48009410F0E7FD96223D
:106E300023464FF4C8714948009410F0DFFD7723D2
:106E400079227C21454810F0D7FB504A1D23F021C0
:106E50004248CDE900627D2210F040FCFF233F480C
:106E60001A46194610F0C8FB01213C4810F04CFBB3
:106E7000052322464FF4C8713848009410F0BEFD37
:106E80004FF4A07135480FF095FF0921334810F0F9
:106E90003BFB8D2131480FF015FF3D492F480FF086
:106EA0004BFFD1222346D2212C48009410F0A6FD9E
:106EB000D42223464FF487712848009410F09EFD99
:106EC000FF2326481A46194610F096FB31491B232A
:106ED000D3222248CDE90061F02110F0FFFB1F48CA
:106EE00010F042FD95F820308D2B02D12A4B332231
:106EF0001A6003B0F0BDCDE90042612106221748B7
:106F000010F03EFC6AE700201A230622CDE90001BA
:106F10004B21124810F034FC40E7CDE900410F4806
:106F20001B2110F02DFC10E717F0CAFB0928206088
:106F30007FF7D9AE00211A230622CDE900100421E3
:106F4000284610F01DFCE0E614481A230622CDE97D
:106F500000102B21014810F0C1FB08E7209D002004
:106F6000FC8E002080C70020AC07002090C70020C6
:106F700010C70020B80700202CC70020C007002041
:106F8000A0C700208CCA0020F2F2F2001C0A0020E8
:106F9000D9D9D900400A002034C80020B007002009
:106FA000F0B5CE4883B010F0D5FFCD4DCB480FF0F3
:106FB00037F9322019F064F82B68142B09D8002413
:106FC0000134012019F05CF82B68192C01D0142B26
:106FD000F6D9C24C00264FF4C06520460FF0E8F801
:106FE000FF2320461A4619460FF060FF20460FF097
:106FF000C1FD4FF4AA6120460FF01AFF022120467E
:1070000010F082FA5A21204610F0E2F9D9232046E6
:107010001A46194610F0F0FA33463246F02120465F
:10702000009610F0EBFCFF21204610F0D1F97723F9
:1070300079227C21204610F0DFFA1E23A94AF02194
:107040002046CDE900521A4610F048FBA64A1E23FE
:10705000F0212046CDE90052412210F03FFB77237A
:1070600079227C21204610F0C7FAA04A1B23F42184
:107070002046CDE90052822210F030FB9C4A1B23AF
:10708000EF212046CDE900529A4D9B2210F026FBBD
:107090002B68002B40F0728100261A23062204215F
:1070A0008E48CDE9006610F06BFB29681A23062292
:1070B0008A48CDE900610E2110F062FB8E4900255F
:1070C0008E4E1A2306228548CDE90051172110F073
:1070D00005FB31681A230622092900F348811C2187
:1070E0007E48CDE9005510F04BFB31681A2306228B
:1070F0007A48CDE90051252110F042FB17F000FB42
:1071000020B17F4B1968002900F04C817D48002197
:107110001A230622CDE900102B21704810F0DEFA68
:10712000794D2968092900F3188100261A230622BF
:107130004B216A48CDE9006610F022FB29681A232A
:1071400006226648CDE90061552110F019FB6F4E0B
:1071500000256F4F1A2306225D216048CDE90056B5
:1071600010F0BCFA3A681A23092A00F3EE800622CE
:1071700063215A48CDE9005510F002FB3A681A2302
:107180006B215648CDE90052062210F0F9FA00258D
:107190001A23062273215148CDE9005610F09EFAB9
:1071A0005C491A23062209684FF4C0664B48CDE9B2
:1071B0000051792110F0E4FAFF2348481A46194695
:1071C00010F01AFA0121454810F09EF909232A46C9
:1071D0004FF4C8714148009510F010FCFF213F4862
:1071E00010F0F6F8A0213D480FF0E4FD09213B48DE
:1071F00010F08AF9DE2339481A46194610F0FCF9D6
:107200004FF4707135480FF013FE0221334810F02F
:107210007BF94FF491722B46F0213048009510F025
:10722000EDFBFF212D4810F0D3F8A0212B480FF0E3
:10723000C1FD0921294810F067F95E2127480FF0A8
:1072400041FD354925480FF077FD80222B46294620
:107250002248009510F0D2FB9E222B4637211F4872
:10726000009510F0CBFBFF231C481A46194610F07E
:10727000C3F92A4A1B231D211848CDE900628E223A
:1072800010F02CFAFF21154810F0A2F8A0211348A5
:107290000FF090FD0921114810F036F959210F48DF
:1072A0000FF010FD1C490D480FF046FD80222B46C3
:1072B00040F2A7110948009510F0A0FB9E222B4632
:1072C0004FF4EF710548009510F098FBFF23034839
:1072D0001A46194610F090F922E000BF209D0020C8
:1072E000FC8E0020D40700205C10002064100020D9
:1072F0008810002080C70020AC07002090C7002025
:1073000010C70020B80700202CC70020C0070020AD
:10731000A0C700208CCA0020D9D9D900CC070020F2
:1073200028491B238E222848CDE9006140F2BF1175
:1073300010F0D4F9244810F017FB94F82030592BA2
:107340003AD05E2B29D003B0F0BDCDE900526121C7
:1073500006221D4810F014FA19E700201A2306220D
:10736000CDE900014B21184810F00AFAEFE6CDE90B
:10737000005115481B2110F003FABFE617F0A0F9E1
:10738000092828607FF788AE1A2306220421CDE958
:107390000060204610F0F4F990E60C4B37221A609A
:1073A00003B0F0BD0A481A230622CDE900102B21B4
:1073B000054810F093F9B3E6044B23221A6003B09A
:1073C000F0BD00BFC4070020209D002034C800206D
:1073D000B0070020F0B5CC4883B010F0BBFDCB4D1A
:1073E000C9480EF01DFF322018F04AFE2B68142BFE
:1073F00009D800240120013418F042FE2B68142B18
:1074000001D8192CF6D1C04EC14C30460EF0D0FE3A
:10741000FF2330461A4619460FF048FD30460FF05C
:10742000A9FB772379227C21304610F0E5F8236808
:10743000002B40F0E98200251A23FC2240F2431180
:10744000B148CDE9005510F09BF921681A23FC22C0
:10745000AD48CDE900514FF4A67110F091F9AD4956
:107460000024AD4D1A23FC22A748CDE9004140F28B
:10747000551110F033F929681A23FC22092900F369
:10748000BB8240F25911A048CDE9004410F078F9D0
:1074900029681A23FC229C48CDE900414FF4B171C0
:1074A00010F06EF917F02CF920B19C4B19680029E7
:1074B00000F0D1829A4800211A23FC22CDE9001065
:1074C00040F26911904810F009F9964C2168092999
:1074D00000F3B48200251A23FC2240F28B118A4863
:1074E000CDE9005510F04CF921681A23FC2286489A
:1074F000CDE9005140F2931110F042F98A4D002479
:107500008A4F1A23FC2240F29B117F48CDE90045A7
:1075100010F0E4F83A681A23092A00F38682FC2264
:1075200040F2A1117848CDE9004410F029F93A68F9
:107530001A2340F2A9117448CDE90042FC2210F050
:107540001FF900241A23FC2240F2B1116E48784F33
:10755000CDE9004510F0C2F876491A23FC220968EB
:107560004FF4C0656848CDE9004140F2B71110F012
:1075700007F9FF2364481A46194610F03DF8012127
:1075800061480FF0C1FF092322464FF4C8715E48DD
:10759000009410F033FA772379227C215A4810F0B6
:1075A0002BF8654A1E23F0215748CDE900521A22D4
:1075B00010F094F81E235A22D2215348CDE90057E7
:1075C00010F08CF807F14D039622D2214E489A37DD
:1075D000CDE900531E2310F081F8D2221E234A4821
:1075E0001146CDE9005710F079F8D92346481A46DC
:1075F000194610F001F8B22143480FF063FB4FF435
:10760000A07141480FF014FC02213F480FF07CFFAD
:107610005A22234664213C48009410F0EFF9D92304
:1076200039481A4619460FF0E7FFB32136480FF0E4
:1076300049FB4FF4A07134480FF0FAFB02213248A5
:107640000FF062FF9622234664212F48009410F029
:10765000D5F9D9232C481A4619460FF0CDFFB4218D
:1076600029480FF02FFB4FF4A07127480FF0E0FBE3
:10767000022125480FF048FFD222234664212248E8
:10768000009410F0BBF92D491F480FF055FBB821AD
:107690001D480FF017FB4FF4A0711B480FF08AFB39
:1076A000032119480FF030FF5A2223464FF4A071EE
:1076B0001548009410F0A2F95A2223464FF4AA71FB
:1076C0001148009410F09AF9FF231D4F1A461946ED
:1076D0000D480FF091FF1B235A224FF4A5710A4861
:1076E000CDE900570FF0FAFF144907480FF024FBCB
:1076F000B92105480FF0E6FA4FF4A07102480FF0E7
:1077000059FB03211EE000BF209D0020FC8E0020BD
:1077100080C70020AC07002090C7002010C70020C1
:10772000B80700202CC70020C0070020A0C70020F9
:10773000849200208CCA0020B4100020D9D9D9002E
:10774000C8100020C9480FF0DFFE234696224FF4F0
:10775000A071C648009410F051F9234696224FF4C8
:10776000AA71C248009410F049F9FF23BF481A4695
:1077700019460FF041FF1B2396224FF4A571BB4819
:10778000CDE900570FF0AAFFB949B8480FF0D4FA75
:10779000BA21B6480FF096FA4FF4A071B3480FF033
:1077A00009FB0321B1480FF0AFFE2346D2224FF46C
:1077B000A071AE48009410F021F92346D2224FF474
:1077C000AA71AA48009410F019F9FF23A7481A4695
:1077D00019460FF011FF1B23D2224FF4A571A348C5
:1077E000CDE900570FF07AFFA149A0480FF0A4FAA5
:1077F000BD219E480FF066FA4FF4A0719B480FF030
:10780000D9FA032199480FF07FFE5A2223464FF4FC
:10781000C3719648009410F0F1F85A2223464FF4B1
:10782000CD719248009410F0E9F8FF23914F1A4669
:1078300019468E480FF0E0FE1B235A224FF4C87100
:107840008A48CDE900570FF049FF894987480FF072
:1078500073FABE2185480FF035FA4FF4A0718348C2
:107860000FF0A8FA032181480FF04EFE234696221E
:107870004FF4C3717D48009410F0C0F8234696225F
:107880004FF4CD717948009410F0B8F8FF23774891
:107890001A4619460FF0B0FE1B2396224FF4C8710A
:1078A0007248CDE900570FF019FF71496F480FF08A
:1078B00043FABF216D480FF005FA4FF4A0716B48F1
:1078C0000FF078FA032169480FF01EFE2346D222FA
:1078D0004FF4C3716548009410F090F82346D2220B
:1078E0004FF4CD716148009410F088F8FF235F4891
:1078F0001A4619460FF080FE1B23D2224FF4C8719E
:107900005A48CDE900570FF0E9FEA02157480FF083
:1079100051FA092155480FF0F7FD5F2153480FF048
:10792000D1F9534951480FF007FA042223464F4832
:107930001146009410F062F82322234637214B4869
:10794000009410F05BF8FF2348481A4619460FF0E0
:1079500053FE494A1B231F214448CDE900521422FB
:107960000FF0BCFEA02141480FF024FA09213F4846
:107970000FF0CAFD17213D480FF0A4F93C493B48E0
:107980000FF0DAF9EB22234604213848009410F076
:1079900035F84FF48572234637213448009410F0AF
:1079A0002DF8FF2331481A4619460FF025FE334AB9
:1079B0001B231E212D48CDE90052F0220FF08EFE30
:1079C0002F4A1B231E212948CDE9005240F2011203
:1079D0000FF084FE25480FF0C7FF96F82030B32B38
:1079E00056D0B42B35D0B22B54D126492922264B60
:1079F0000C601A6003B0F0BDCDE900411B4840F2B5
:107A000059110FF0BDFE4DE516F05AFE0928206011
:107A10007FF711AD00211A23FC22CDE900104FF4AD
:107A2000A17130460FF0ACFE19E5CDE9004240F2FD
:107A30009F11FC220D480FF0A3FE82E500201A23BF
:107A4000FC22CDE9000140F2891108480FF098FEB0
:107A500054E50224C9E70D481A23FC22CDE90010A1
:107A600040F2691101480FF039FE2EE5209D0020FB
:107A7000D9D9D900D0100020CC0700200C0A002052
:107A8000140A0020C8C7002034C80020B007002016
:107A90000124AAE7B92B0CD0BA2B13D0B82B1BD1D9
:107AA000234A01202349244B14602A2208701A60BB
:107AB000A0E701231F4C1E482A211F4A23700360A0
:107AC000116097E71A4A02211A4801241A4B1160E3
:107AD0002A2204701A608DE7BE2B0AD0BF2B10D06B
:107AE000BD2B16D112492422134B0C601A6003B02F
:107AF000F0BD0F490120104B242208601A6003B02A
:107B0000F0BD0B4902200C4B242208601A6003B020
:107B1000F0BD172B07D05F2B7FF46CAF064B2222F2
:107B20001A6003B0F0BD044B01221A6062E700BF87
:107B3000C8C70020BCCA002034C800202DE9F04F7F
:107B4000C14889B010F006FAC04DBF480EF068FB7E
:107B5000322018F095FA2B68142B0AD8002401E083
:107B6000192C06D00120013418F08AFA2B68142B46
:107B7000F6D9B54800240EF01BFBFF23B2481A4685
:107B800019460FF093F9B0480EF0F4FFFF23AE480A
:107B90001A4619460FF030FD0121AB480FF0B4FC36
:107BA00009234FF4C8712246A74800940FF026FF1E
:107BB000772379227C21A4480FF01EFDA44B1B786B
:107BC000002B40F0B180A34BDFF8D0920793A24B7B
:107BD000DFF8C4820493A14B0593A14B06939A4D01
:107BE0000024A049282628461B270FF02BFC9521AE
:107BF00028464FF04D0A0FF065F89B4BE7222146CF
:107C00002846039302944223CDE900670FF034FA2B
:107C1000972128460FF056F8944BBC2240F2B11140
:107C20002846039300962F23CDE901740FF024FA20
:107C3000962128460FF046F88D4BE7224FF4CF717E
:107C40002846039300964223CDE901740FF014FAFD
:107C5000772379227C2128460FF0CEFC0094D9F8B6
:107C6000003014227D2128460AFB038301931F2341
:107C70000FF034FDFF2328461A4619460FF0BCFCCE
:107C8000079B662221461B682846CDE90243CDE9C1
:107C900000674FF4F0730FF049FA049B91222146DC
:107CA0001B682846CDE90243CDE900674FF4F07325
:107CB0000FF03CFA059BBC2221461B682846CDE903
:107CC0000243CDE900674FF4D7730FF02FFA069BFC
:107CD000E72245212846CDE900671B68CDE902432C
:107CE0004FF4AB730FF022FA28460FF03DFE502000
:107CF00018F0C6F995F82030A3F130020A2A03D90A
:107D0000A3F16102192A4BD85A4A13705A4A1168D2
:107D1000092940DCD9F800004C1C0AFB00804354C0
:107D2000146009B0BDE8F08F4A4A2026534BDFF8B3
:107D30006C9113604D23D9F80050474903FB05F5BA
:107D40004F4B07920B60454A4E4BDFF84C81136056
:107D500005924D4B424ADFF848B1136008F1FF33FA
:107D6000DFF82CA15F19049145440692CBF800403E
:107D700006E017F8013FCBF800400AF8013B3E70DF
:107D800028461BF0B3FDA04204F10104F1D8002302
:107D90002F4A137023E70A23136009B0BDE8F08F60
:107DA000972B10D134494D20D9F800200B6800FBE7
:107DB0000282013B54BF1C4623460C602021D15453
:107DC00009B0BDE8F08F952B2ED1D9F800302027CF
:107DD0002E4E294A0AFB03880AFB036614603546C7
:107DE00001E005F8017F40461BF080FDA04204F150
:107DF0000104F6D8264D0024DFF8A4B0202704E0C3
:107E00002B7805F8017B06F8013F2148CBF80040AC
:107E10001BF06CFDA04204F10104F1D81D4B23229C
:107E20001A6009B0BDE8F08F962B7FF47AAF124B41
:107E3000E7224FF4AF6118481C6018F013FC154B93
:107E400023221A60EDE700BF209D0020FC8E002059
:107E5000BCCA002064C8002058C800205CC80020AC
:107E600060C80020A9A9A900001100200811002065
:107E700010110020B0CA002088C70020D4100020B4
:107E8000E0100020EC100020F81000208392002069
:107E9000E4C7002034C8002084920020C8C7002016
:107EA0008CC70020F0B5C84883B010F053F8C74D18
:107EB000C5480EF0B5F9322018F0E2F82B68142B03
:107EC00009D800240134012018F0DAF82B68192CA5
:107ED00001D0142BF6D9BC4DBD4C28460EF068F9E4
:107EE000FF2328461A4619460EF0E0FF28460EF0FA
:107EF00041FE772379227C2128460FF07DFB236801
:107F0000002B40F0928100261A23FC2240F24311FC
:107F1000AD48CDE900660FF033FC21681A23FC223E
:107F2000A948CDE900614FF4A6710FF029FCA949D9
:107F30000024A94E1A23FC22A348CDE9004140F2B7
:107F400055110FF0CBFB31681A23FC22092900F3ED
:107F5000648140F259119C48CDE900440FF010FCB7
:107F600031681A23FC229848CDE900414FF4B171E1
:107F70000FF006FC16F0C4FB20B1984B19680029DD
:107F800000F08381964800211A23FC22CDE90010DD
:107F900040F269118C480FF0A1FB924C216809292D
:107FA00000F35D8100261A23FC2240F28B118648E3
:107FB000CDE900660FF0E4FB21681A23FC22824819
:107FC000CDE9006140F293110FF0DAFB864E0024F8
:107FD000864F1A23FC2240F29B117B48CDE90046D4
:107FE0000FF07CFB3A681A23092A00F32F81FC2248
:107FF00040F2A1117448CDE900440FF0C1FB3A688A
:108000001A2340F2A9117048CDE90042FC220FF07A
:10801000B7FB00241A23FC2240F2B1116A48CDE9D3
:1080200000460FF05BFB72491A23FC2209684FF4EB
:10803000C0666548CDE9004140F2B7110FF0A0FBE2
:10804000FF2361481A4619460FF0D6FA01215E480F
:108050000FF05AFA092322464FF4C8715A48009487
:108060000FF0CCFC4FF4A07157480EF0A3FE09218D
:1080700055480FF049FA5F4953480EF05DFE502213
:1080800023465D21504800940FF0B8FCDC222346C3
:1080900040F283114C4800940FF0B0FC7723792212
:1080A0007C2149480FF0A8FA534A1C23F021464886
:1080B000CDE900625A220FF011FB504942480EF000
:1080C0003BFEC42140480EF0FDFD4FF45C713E487C
:1080D0000EF0AEFE02213C480FF016FAAA2223460B
:1080E0003948114600940FF089FCFF2336481A46A0
:1080F00019460FF081FAAA2241491B233248CDE9E3
:10810000006111460FF0EAFA3C492F480EF014FEC8
:10811000C5212D480EF0D6FD4FF45C712A480EF0B3
:1081200087FE022128480FF0EFF9AA2223464FF4D8
:108130009B71254800940FF061FCFF2322481A46EA
:1081400019460FF059FA2F4A1B234FF49B711E4812
:10815000CDE90062AA220FF0C1FAA0211A480EF060
:1081600029FE092118480FF0CFF9602116480EF0BA
:10817000A9FD224914480EF0DFFD042223461248CF
:10818000114600940FF03AFC2322234637210E4873
:1081900000940FF033FCFF230B481A4619460FF0EA
:1081A0002BFA194A1B231F210748CDE9006214222C
:1081B0000FF094FA04480FF0D7FB95F82030C42B49
:1081C0006ED0C52B56D021E0209D0020FC8E0020D3
:1081D00080C70020AC07002090C7002010C70020F7
:1081E000B80700202CC70020C0070020A0C700202F
:1081F0008CCA0020F2F2F20014110020D9D9D90063
:108200002811002034110020CC070020602B02D15F
:10821000284B23221A6003B0F0BDCDE90041264867
:1082200040F259110FF0ACFAA4E616F049FA092809
:1082300020607FF768AE00211A23FC22CDE90010F0
:108240004FF4A17128460FF09BFA70E6CDE9004289
:1082500040F29F11FC2218480FF092FAD9E6002054
:108260001A23FC22CDE9000140F2891112480FF0D7
:1082700087FAABE6114B0121114A25241B680D48F2
:108280009B010460D15003B0F0BD0E481A23FC22BC
:10829000CDE9001040F2691107480FF01FFA7CE6A3
:1082A000064B2520064A1B6802499B010860D450F2
:1082B00003B0F0BD34C80020209D0020C8C70020B6
:1082C000F88C0020B00700202DE9F043A54885B0C8
:1082D0000FF040FEA44DA3480DF0A2FF322017F08E
:1082E000CFFE2B68142B09D800240134012017F08D
:1082F000C7FE2B68192C01D0142BF6D9994C4FF4DA
:10830000C0654FF00009994E2046994F0DF050FF7F
:10831000FF2320461A4619460EF0C8FD20460EF0EF
:1083200029FC772379227C2120460FF065F99149B9
:108330001E2314222046CDE90051F0210FF0CEF982
:108340008D491E2337222046CDE90051F1210FF03F
:10835000C5F9FF2320461A4619460FF04DF90121B1
:1083600020460FF0D1F809234A464FF4C871204641
:10837000CDF800900FF042FB33689B0157F8038063
:10838000B8F1000F00F01081B8F1010F00F01E826B
:10839000A02174480EF00EFD0921724800250FF04F
:1083A000B3F85A216F484FF4C0680EF08BFC734944
:1083B0006C480EF0C1FC2B46EB2240F2A911694833
:1083C00000950FF01BFB2B464FF485724FF4EE71B6
:1083D000644800950FF012FBFF2362481A461946C5
:1083E0000FF00AF9664BFA2240F2C1115D48019381
:1083F0001B23CDF800800FF071F9A02159480EF031
:10840000D9FC092157480FF07FF8AE2155480EF0EE
:1084100059FC5A4953480EF08FFC04222B46514810
:10842000114600950FF0EAFA2B46232237214D48DA
:1084300000950FF0E3FAFF234A481A4619460FF059
:10844000DBF8504A1B231F21464801921422CDF825
:1084500000800FF043F943480FF086FA237CC62BC7
:1084600000F04F81C72B66D0A22B0BD133689A0145
:10847000BA58002A40F09181434A2C2101FB032382
:1084800000221A6094F82030AE2B64D05A2B65D1AC
:1084900032683E48910130F8124007EB821C7B584D
:1084A000A4F1320080B2002B40F03C81364D2C26E6
:1084B0009FED376A06FB0256DFED366A9FED367A8E
:1084C000D6ED005AC5EE867A67EEA67AF8FE677A90
:1084D00067EE877AF5EE407ACCED017AF1EE10FA8C
:1084E0000BD0B7EE006ADFED2D6A86EE277A67EED5
:1084F000267AFDEEE77A17EE903A39448B602C230A
:1085000003FB0255AB68264D03EB83035B00A5FB21
:108510000353DB0B03EB83035B0007EE903A40F25F
:10852000B633F8EEE77A9842C1ED037A40F2028161
:1085300045F650631FE133689A01BA58002A40F0AB
:108540002381114A2C2101FB0323628A9A6094F84B
:108550002030AE2B9AD1134B24221A6005B0BDE80F
:10856000F08300BF209D0020FC8E0020C8C70020A3
:10857000F88C00208009002040110020D9D9D900B2
:10858000C4070020CC07002098C8002018C700208E
:1085900000FF7F4700007042CDCC4C3D00007A4484
:1085A0000180008034C800202046772379227C2176
:1085B0000FF022F8B64B20460095019369221D2347
:1085C00078210FF08BF8B34B204600950193B6222B
:1085D0001D2378210FF082F84FF02C0933685C21BD
:1085E000AD4A4FF49B70DFEDAD6A09FB03239FEDAD
:1085F000AC7A9FEDAC0A1D2293ED006AC6EE267A96
:1086000067EE877AF8FE677A27EE800AF6F778FD3C
:108610003368A14A204640F23B1109FB0323A24ADA
:108620009B68009503EB83035B00A2FB0323B62248
:10863000DB0B03EB83035B0001931D230FF0A0F81A
:108640009A4B20460095019369221D2340F26D113B
:108650000FF044F8964BB622204600954FF4B471C3
:1086600001931D230FF03AF82046C6210B250EF08A
:1086700029FB20468F490EF0E5FE3368864A4FF607
:10868000FF7109FB032303913921D3ED007A4FF4E5
:10869000AA73CDF80480FCEEE77A009517EE900AF5
:1086A00082B22046029282220EF0FAFDC623822276
:1086B0002046019339214FF4AA7300950EF036FC41
:1086C0002046C7210EF0FEFA4FF6FF71724A20468F
:1086D00003913921336809FB0323CF221B890095BD
:1086E000CDE901834FF4AA730EF0DAFDC7224FF4EF
:1086F000AA73392101922046CF2200950EF016FC74
:1087000046E633689A01BA58002A55D1618A624A0E
:1087100007EE901A2C21F8EE677A01FB0323C3EDD4
:10872000007AAFE6012B00F0D18040F2B6339842D8
:108730003FF6FEAE07EE904A9FED5F7A5F48B8EED7
:10874000E76A5F49F6EE007AC6EE076AE6EE877AD8
:10875000FCEEE77A17EE903A9BB2323B80FB034087
:10876000DB17C3EB2013C3EB0343A1FB03015B1A2D
:1087700001EB53031B09534C3F20534944F822306B
:10878000086005B0BDE8F083012A7FF47BAE424A61
:108790002C2101FB03239D6074E6012A7FF472AE55
:1087A000618A3D4A07EE901A2C21F8EE677A01FBA8
:1087B0000323C3ED017A65E6012A7FF463AE364AEE
:1087C0002C2101FB032300225A605BE6204677231D
:1087D00079227C210EF010FF2D4B2046009501934D
:1087E00091221D2378210EF079FF4FF02C08336879
:1087F0008421294A4FF49B70DFED286A08FB03238C
:108800009FED277A9FED270A1D2293ED016AC6EEA0
:10881000267A67EE877AF8FE677A27EE800AF6F7FF
:108820006FFC224B91222046009540F26D1101937E
:108830001D230EF053FF2046A2210B250EF042FA15
:1088400020461C490EF0FEFD3368134A20463921AC
:1088500008FB03284FF6FF7303934FF4AA73D8ED78
:10886000017ACDF80490FCEEE77A009517EE902A95
:1088700092B20292AA220EF013FDA2224FF4AA7322
:10888000392101922046AA2200950EF04FFB7FE588
:108890004C1100205811002098C8002000FF7F478D
:1088A00000007042CDCC4C3D01800080581000206B
:1088B00064110020A9A9A90000007A441F85EB518A
:1088C000CB6B28AF20CA002034C800201A4B2C25BF
:1088D0009FED1A6A05FB0233DFED196A9FED197AE5
:1088E000D3ED015AC5EE867A67EEA67AF8FE677A6E
:1088F00067EE877AF5EE407ACCED017AF1EE10FA68
:1089000017D0B7EE006ADFED106A86EE277A67EEC1
:10891000267AFDEEE77A17EE903A0F44BB600B4BD8
:10892000FB6040F2B63398427FF604AF45F2D703BE
:1089300021E70023F1E700BF98C8002000FF7F4730
:1089400000007042CDCC4C3D00007A44000048420B
:108950002DE9F043A94885B00FF0FCFAA84DA748CF
:108960000DF05EFC322017F08BFB2B68142B09D81E
:1089700000240120013417F083FB2B68142B01D84D
:10898000192CF6D19D4800250DF012FCFF239B48C1
:108990004FF4C0681A4619460EF088FA97480EF050
:1089A000E9F8772379227C2194484FF00B090EF0E7
:1089B00023FE944C4FF4C0601E232022F021924EDF
:1089C000924FCDE900048D480EF088FEFF238B48BE
:1089D0001A4619460EF010FE012188480EF094FD4B
:1089E000002209234FF4C871844800920FF006F862
:1089F000772379227C2181480EF0FEFD3368844A7A
:108A000037219B017D4CD3582046012B4FF01D038D
:108A10000CBF804A804ACDE9005261220EF05EFE12
:108A200033687E481D2257F8231047F6FF739FEDE9
:108A30007C0A01EBC10C01EB4C01CB186221A0FBBD
:108A400003034FF49670DB0B013303EB830303EB5B
:108A500083035B009BB207EE903AF8EEE77A87EE6D
:108A6000800AF6F74DFB6F4B62224FF4AF71204640
:108A7000CDE900531D230EF031FE6B4BE122F021B6
:108A800020460193CDF800801A230EF027FEDB214B
:108A900020460EF017F9654920460EF0D3FC4FF63C
:108AA000FF739622392103932046336837F8233029
:108AB000CDF80090CDE901534FF4AA730EF0F0FB0E
:108AC000DB239622392120460193CDF800904FF404
:108AD000AA730EF02BFAA02120460EF06BF90921A3
:108AE00020460EF011FDD92120460EF0EBF850493A
:108AF00020460EF021F92B46EB2240F2A911204628
:108B000000950EF07BFF2B464FF485724FF4EE710B
:108B1000204600950EF072FFFF2320461A461946A4
:108B20000EF06AFD434BFA2240F2C1112046019338
:108B3000CDF800801B230EF0D1FDA02120460EF0C1
:108B400039F9092120460EF0DFFCDA2120460EF02B
:108B5000B9F8374920460EF0EFF804222B4620469C
:108B6000114600950EF04AFF2B462322372120465E
:108B700000950EF043FFFF2320461A4619460EF0DB
:108B80003BFD2D4A1B231F2120460192CDF800807A
:108B900014220EF0A3FD20460EF0E6FE237CDB2B14
:108BA00003D13368628A47F8232094F82030DA2B07
:108BB0001ED0D92B19D131682626204D47F6FF73D8
:108BC00057F821202E6002EBC20514481C4C02EB22
:108BD0004502D318A0FB0303DB0B013303EB830334
:108BE00003EB83035B0024F8113005B0BDE8F0838C
:108BF000124B25221A6005B0BDE8F083209D0020AD
:108C0000FC8E00207C110020C8C7002020CA002054
:108C1000F88C002068110020701100200180008075
:108C200000007A449411002098110020A9A9A900FD
:108C3000D9D9D900C4070020CC07002034C80020AF
:108C400018C700202DE9F04F06467748774D2DEDE7
:108C5000028B95B00FF07EF973480DF0E1FA3220E7
:108C600017F00EFA2B68142B09D8002401200134C8
:108C700017F006FA2B68142B01D8192CF6D16C4F7B
:108C800069480DF095FA3878431EDBB2022B50D8B4
:108C9000684ADFF8D4B11168DBF80020521AB2F547
:108CA0007A6F46D364490D6864490C68A54217D0B1
:108CB0000D60634901EB8305D5ED007A002E40F08D
:108CC0000083604D95ED007A77EE877A01EB8301A2
:108CD0005D4DC1ED007A35F81310013125F8131000
:108CE00041F26F718A4224D9574A32F81320002A80
:108CF00000F08E8607EE902A514A02EB8302F8EECE
:108D0000E77AD2ED006A9A0086EEA77ADFF85C81F6
:108D100008EB020181ED007A002E40F06F85DFF84C
:108D20005091022B4A4482ED007A00F0A580F6F7BC
:108D300043FDFF233C481A4619460EF0B7F83A485F
:108D40000DF018FF772379227C2137480EF054FC70
:108D5000002E00F006813D4D334C4FF4C0683C4B73
:108D60001622F021204601931E23CDF800800EF03C
:108D7000B5FC002120460DF0A5FF97F80090B9F151
:108D8000000F00F0C383B9F1030F00F28582314B6D
:108D90005A22F0212046CDF800804FF0000A0193BE
:108DA0001D230EF09BFC2C4B8C22AA212046019304
:108DB000CDF800A01B230EF091FCCDF800A03B786D
:108DC0008C22E621204601931B230EF0D9FC234B75
:108DD00005EB89098C22FA21204601931B23DFF839
:108DE0009480CDF800A00EF079FC19ED010A1B2249
:108DF0008C214FF4BA70F6F783F91B238C2240F2D2
:108E00008B112046CDE900A80EF068FC144A1B2304
:108E1000AA2101922046AF22CDF800A00EF05EFC00
:108E2000104B93ED000A0EE2209D0020FC8E0020E6
:108E30009FCA002068A30020F4A20020F8A200200E
:108E400090A30020B0A2002050A300202C8F00206F
:108E5000F41400200815002018150020201500200B
:108E60003015002080A3002048CA002084A30020E1
:108E7000B4A2002094110020F6F76AFC0423DFF866
:108E8000308309F10C00B34D32463B700123DFED16
:108E9000B26A294688F800304B46F3EC017AB1EC0F
:108EA000017A77EEC77AF0EEE77AF4EEE67AF1EE41
:108EB00010FAC8BF42F001029842EED112B100236D
:108EC00088F8003018F08AFEA44B1B78002B39D0AC
:108ED000A34B1B78DB0735D5A24ADBF800301268BC
:108EE0009B1A0E2B2ED918F007FEFF282ADD99EDCC
:108EF000023A99ED014A99ED005AB7EEC33A95ED61
:108F0000026AB7EEC44A95ED017AB7EEC55AD5EDBF
:108F1000002AB7EEC66AB7EEC77A98F80040B7EEF7
:108F2000E22A914991480A9453EC122B8DED083BAB
:108F30008DED064B8DED045B8DED026B8DED007BB1
:108F400016F028FEFF238A481A4619460DF0AEFF98
:108F500087480DF00FFE772379227C2184480EF09C
:108F60004BFB834C4FF4C065824B1622F021204608
:108F7000CDE900531E230EF0B1FB002120460DF079
:108F8000A1FE97F80080B8F1000F00F06C82B8F1F4
:108F9000030F40F21181784B3C2278212046CDE925
:108FA00000531A230EF09AFB744A1A23DC21019213
:108FB00020463C2200950EF091FB714B4FF4C065AA
:108FC0003C224FF4A0716A48A346DFF888916D4CAB
:108FD000DFF8E0A1CDE900531A230EF07FFB6A4AC7
:108FE0000095552501921A233C224FF4CD7160481B
:108FF0000EF074FBB9EC010A1A222946822005F111
:109000000808F6F77DF8B4EC010A1A222946E62092
:109010000FFA88F8F6F774F8002E00F0EA815B4B3F
:109020001A2214ED017A2946D3ED007A4FF4A57087
:10903000574B93ED000AA7EE270AF6F761F8554B58
:1090400001934FF4C0631A35424600934FF4CD713B
:109050001A2347480EF042FBA32D0AF1040AC9D196
:109060005C46002E40F01983DFF8448198F8003008
:10907000002B00F0108348493D480DF05DFE98F844
:109080000030002B00F00583444B4FF4C065019382
:10909000B9221C23F021364800950EF01FFB98F8EA
:1090A0000030002B00F0B98401223D4BE821BE20A6
:1090B000CDE90132E1221E2300926422F6F768F81E
:1090C000A0212B480DF076FE0921294800250EF03D
:1090D0001BFAE22126480DF0F5FD324924480DF037
:1090E0002BFE04222B462248114600950EF086FCEA
:1090F0002B46232237211E4800950EF07FFCFF23CC
:109100001B481A4619460EF077FA274A4FF4C063F7
:109110001F211748CDE900321B2314220EF0DEFA7E
:1091200013480EF021FC214A94F82030117899421E
:1091300000F0FE80A3F1E1011370072900F2F8802E
:10914000DFE811F0FB00EF00D400410130011B010A
:109150000601C3002C8F0020CDCC4C3DB9CA0020A5
:10916000B8CA002070CA002010130020E08E002032
:10917000209D002064140020D01000204C130020FB
:109180000C12002084A300205C130020F08E00202D
:10919000ECA200200C130020327D2E00881200204B
:1091A00084130020D9D9D900CC070020A9CA0020F7
:1091B000A4CA0020B4A20020B54A1D23F0212046F5
:1091C0000095002501925A220EF088FAB14B8C22AC
:1091D000AA212046019300951B230EF07FFA0095EB
:1091E0003B788C22E621204601931B230EF0C8FA1F
:1091F000A94B8C22FA212046019300951B230EF0E7
:109200006DFAA64B1B228C2103EB8803DFF8F88252
:109210004FF4BA7013ED010AF5F772FF1B238C228D
:1092200040F28B112046CDE900580EF057FA9C4AC7
:109230001B23AA2101922046AF2200950EF04EFA80
:10924000984B93ED000A00251B22AF214FF4A1702B
:10925000F5F756FF1B23AF2240F259119248CDE992
:1092600000580EF03BFA41F27072904B9049019514
:109270001B68039209688C485B1A0C219342009189
:109280004FF05A0128BF13469AB24FF496730292D8
:10929000D7220DF0A5FF13E7864B3C22782120460C
:1092A000CDE900831A230EF019FA834A1A23DC2130
:1092B000019220463C22CDF800800EF00FFA7F4B41
:1092C0007CE67F4D95ED007AFEE4744B9FED7D7A50
:1092D000D3ED027AF4EEC77AF1EE10FA28D59FEDBD
:1092E0007A7A77EE877AC3ED027A21E03B78042B15
:1092F0001ED1EEB1754B1B78D3B17549754B7648CD
:10930000764A09681B68416011681022C360C52352
:10931000816040F6FC01037017F0A4F9F6F704F938
:1093200001E0F6F715FA00216D4B1F2239701A6023
:1093300015B0BDEC028BBDE8F08F3B7813F0FB005D
:10934000F6D115B0BDEC028BBDE8F04FF6F734BA9C
:10935000524BDFED646AD3ED017A93ED027A77EE3A
:10936000A67AB4EEE77AF1EE10FAE1DDDFED567A97
:1093700037EE677A83ED027ADAE7484BDFED596A18
:10938000D3ED027A93ED017A77EEE67AB4EEE77ADE
:10939000F1EE10FACCD5DFED4C7A37EE277A83ED7B
:1093A000017AC5E73D4B9FED4F7AD3ED017AF4EE9C
:1093B000C77AF1EE10FABBDD9FED437A77EEC77AFC
:1093C000C3ED017AB4E7444900234FF07E520024F4
:1093D0008B600846CB604A6010220C7040F6FC019E
:1093E00017F040F9F6F7A0F83D4B1F223C701A60C9
:1093F0009EE79AED000A59ED017A30EE670AB5EE64
:10940000C00AF1EE10FA00F133811A2229464FF416
:10941000A570F5F775FEDAED006A59ED017ADFED1A
:10942000325A36EEE77AB0EEC76AB4EEE56AF1EE8C
:1094300010FA16D99FED2D6AF4EEC67AF1EE10FA05
:1094400007DDDFED2B7AF4EEE76AF1EE10FA00F1BA
:10945000F282B5EEC07AF1EE10FA00F1E982254B06
:10946000EEE5254BECE5254B3722F0212046CDE9F2
:1094700000531A230EF032F9214A1A23F0210192E7
:1094800020464C2200950EF029F901221D4B0DE6D5
:109490000815002018150020201500202C8F002012
:1094A00030150020B0A20020209D002048CA0020D6
:1094B00068A30020D01000205813002004120020C0
:1094C00080A30020A4707D3F0AD7233CA4CA0020BB
:1094D000F08E0020D8A200201C8F0020ECA20020DB
:1094E00034C80020AE47E13DCDCC4C3DCDCCCC3D89
:1094F0008FC2F53C2012002010110020E413002040
:10950000281400204413002094110020A24B37227D
:10951000F0212046CDF800804FF4806901931A2392
:109520000EF0DCF89D4B4C22F0212046CDF8008057
:1095300001931A230EF0D2F8994A1A23F0212046FB
:10954000CDF80080019264220EF0C8F877237922CA
:109550007C2120464FF001080EF04EF8914B8722F7
:10956000962120460193CDF800901B230EF0B6F80B
:1095700095ED010A1B227F2140F20910DFF840A27D
:10958000F5F7BEFD884B87224FF496712046019374
:10959000CDF800901B230EF0A1F8E52324227D21B5
:1095A00040F24F100093CDF808801623CDF804A0A8
:1095B000F5F7EEFD7D4AE6237D214FF4BE70019262
:1095C000009324221623CDF80880F5F7E1FD7723D8
:1095D00079227C2120460EF00FF8754BAF229621A0
:1095E00020460193CDF800901B230EF077F895EDFF
:1095F000020A1B22A72140F20910F5F781FD6A4BF0
:10960000AF224FF496712046CDE900931B230EF054
:1096100065F8E7232422A52140F24F10009316237A
:10962000CDE901A8F5F7B4FDE823604AA5214FF480
:10963000BE70CDF80880CDE9003216232422F5F75C
:10964000A7FD772379227C2120460DF0D5FF594BC9
:109650001A78C52A00F0F681574B4FF4C062F0210A
:109660005648CDE900231A23D4220EF037F80CE730
:10967000534B2AB24FF49771504801931A23009626
:109680008DED130A0EF02AF89DED130AB1EE400A93
:10969000BBE64C4BF9E44C49EEE44C4B0025AA22C6
:1096A0003C214648CDE900531A230EF017F8484BE9
:1096B0001A22AA2193ED000A8220F5F721FD454BDD
:1096C000AA223E48CDE9005311461A230EF006F8AF
:1096D000414B93ED000AB5EEC00AF1EE10FA00F12D
:1096E000E3811A22AA21FA20DFF80C81F5F708FDA0
:1096F0003A4A00234FF491713048CDE900321A23E1
:10970000AA220DF0EBFF364B1A22AA2193ED000A94
:1097100040F28110F5F7F4FC98F80030002B00F0CF
:109720008F81304925480DF007FB98F80030002B59
:1097300000F084812C4B01934FF4C063C622F021CA
:1097400000931C231D4801250DF0C8FF274B642200
:10975000E8210193E1233C20029500931E23F5F7B5
:1097600017FD98F800306422E8210293BE20204BB8
:109770000193E32300931E23F5F70AFD1D4BE4221A
:10978000E8214FF4A07000926422CDE901351E2338
:10979000F5F7FEFC94E400BFE413002074140020ED
:1097A000AC140020E014002094110020E8140020E4
:1097B000EC1400201C8F0020DC110020209D0020D4
:1097C00064130020A01200202417BD00681300209D
:1097D000F08E002070130020ECA2002078130020EF
:1097E000D8A20020327D2E002812002084130020F1
:1097F0008C13002094130020A4CA0020B5490D78D2
:10980000C52D00F03381B449022B0A4482ED007A61
:109810007FF48DAAF5F79CFFB04A9FEDB17A04233F
:10982000D8ED006A1546D2ED007A114676EE876AC9
:10983000D8ED014A77EE877A92ED015AD8ED025AB7
:1098400076EEA46A92ED026A77EE857AA548F0EE8C
:10985000084A3B7076EEA56A804677EE867A00F17C
:109860000C0CF0EE475A034686EEA45A87EEA46A23
:10987000F3EC017AF1EC016A634577EEC57A76EE96
:10988000C66AA7EEA77AE7EEA65AF1D1DFED967A7F
:10989000B4EEE77AF1EE10FA40F31881C5EE876A6C
:1098A000DFED8F7A914BDFF890A2DFF89092B0EE67
:1098B000467AC3ED006A8E490023C9ED007AA5EE11
:1098C000667AB0EE675A8AED007AB0EE476AF0EC3D
:1098D000015AF2EC017AA6EEA56A77EEC67AF0EEAE
:1098E000E77AF4EEC57AF1EE10FA02DDB0EE675ACF
:1098F00033469142E9D10BB189ED005ADFED7D7A13
:10990000F4EEE76AF1EE10FA40F3DE80F7EE047A47
:10991000F4EEE76AF1EE10FA40F1D680B0EEC77AC5
:10992000DFED757AB4EEE77AF1EE10FA40F1CC8013
:1099300099ED007ADFED717AB4EEE77AF1EE10FA84
:1099400094BF012200226E4C227018F047F96D4A34
:109950001278002A4BD06C4A1278D20747D56B494F
:10996000DBF800200968521A0E2A40D918F0C4F812
:10997000FF283CDD9AED001A5C4BB7EEC11A99ED59
:10998000000A93ED002A95ED023AB7EEC00A95ED74
:10999000014AB7EEC22A95ED005AB7EEC33A98EDE8
:1099A000026AB7EEC44A98ED017AB7EEC55A98ED4F
:1099B000008AB7EEC66A2378B7EEC77A5449109387
:1099C00054488DED0C1BB7EEC81A8DED0E0B53EC01
:1099D000112B8DED0A2B8DED083B8DED064B8DED9A
:1099E000045B8DED026B8DED007B16F0D3F8FF2349
:1099F00049481A4619460DF059FA47480DF0BAF889
:109A0000772379227C2144480DF0F6FDFFF7A4B9B5
:109A10009FED337A9A00FFF779B9404A1A23F02173
:109A20003D480192D22200950DF058FEFFF73CBB55
:109A30003B4BFFF705BB3B4BFFF702BB3A4B7AE6CC
:109A40003A496FE6B6EE007AD3ED017AF4EEC77AC2
:109A5000F1EE10FA7FF700AEB0EE007AF4EEC77ABE
:109A6000F1EE10FA7FF5F8AD314BF6E5F6EE006A4F
:109A7000D1ED017AF4EEE67AF1EE10FA7FF7C3AE9B
:109A8000F0EE006AF4EEE67AF1EE10FA7FF5BBAE86
:109A9000D1ED026A022B1049E7EE276A0A44C2EDB3
:109AA000006A7FF444A9B5E6224A1A23DE211A4847
:109AB0000192AA2200958DED130A0DF00FFE9DED87
:109AC000130AB1EE400A0CE600223CE7DFED046A1F
:109AD000E6E600BF1C8F0020B4A200202C8F0020DF
:109AE0000000000084A30020BD378635F08E0020E2
:109AF000388F0020CDCC4C3FCDCCCC3D0AD7A33CF9
:109B0000A4CA0020B9CA0020B8CA002070CA002028
:109B1000B8120020E08E0020209D00209C13002021
:109B20001C12002014120020541200202417BD0023
:109B3000C811002064130020ECA20020D8A200204D
:109B4000F0B5B44883B00EF005FAB34DB1480CF04F
:109B500067FB322016F094FA2B68142B09D80024E6
:109B60000120013416F08CFA2B68142B01D8192C23
:109B7000F6D1A84C00264FF4C065A84F20460CF043
:109B800017FBFF2320461A4619460DF08FF9204691
:109B90000CF0F0FFA24920460DF0CEF84FF4A07172
:109BA00020460DF007F9092120460DF0ADFC3222C8
:109BB0003D213346204600960DF020FFE622334635
:109BC0004FF4D271204600960DF018FF77237922CA
:109BD0007C2120460DF010FD924A1D23F0212046E5
:109BE000CDE900523E220DF079FD8F4A1B23F02172
:109BF0002046CDE900525F220DF070FD8B4A1B23F9
:109C0000F0212046CDE9005276220DF067FD884A0A
:109C10001B23F0212046CDE900528D220DF05EFD80
:109C20003B78002B00F0928032463346C821204614
:109C30000DF0E2FC7F4A1B23F02120464FF4C06662
:109C4000CDE90052A42200250DF048FDFF23714804
:109C50001A4619460DF0D0FC4FF4A0716D480DF076
:109C6000A9F809216B480DF04FFCDD2169480DF082
:109C700029F8CD22A5212B46664800950DF0BEFEA1
:109C8000D0222B46D721634800950DF0B7FE7723ED
:109C900079227C215F480DF0AFFC674BD022BC21BC
:109CA0005C48CDE900631C230DF018FDFF235948E3
:109CB0001A4619460DF0A0FC4FF4A07155480DF05E
:109CC00079F8092153480DF01FFCDE2151480CF0B2
:109CD000F9FF2B46CD2240F213114E4800950DF0AE
:109CE0008DFE2B46D02240F245114A4800950DF0DA
:109CF00085FE772379227C2146480DF07DFC4F4B71
:109D0000D0224FF495714348CDE900631C230DF038
:109D1000E5FC40480DF028FE94F82030DE2B10D0F2
:109D2000DD2B11D1464B1B7893B9012335214548D2
:109D30003B7017F0D7FE444803B0BDE8F04015F083
:109D40000FBF424B1F221A6003B0F0BD404A72E7BA
:109D5000272240493C4817F087FB3B4815F000FF9D
:109D600017F0EEFE3C4815F057FEF5F7F1FC2A46D9
:109D700029463A4815F050FC26480EF0EBF8FF2330
:109D800024481A4619460DF091F822480CF0F2FECC
:109D9000772379227C211F480DF02EFC30481E23AA
:109DA0005022F021CDE900601A480DF097FC2D48B3
:109DB0001B237D22F021CDE9006016480DF08EFCBA
:109DC00029481B239622F021CDE9006011480DF0AF
:109DD00085FC26481A23BE22F021CDE900600D48FB
:109DE0000DF07CFC22481A23D422F021CDE900603A
:109DF00008480DF073FC07480DF0B6FD05480DF05E
:109E0000BDFF04480CF00CFAC82016F039F91FF019
:109E1000A1FA00BF209D0020FC8E0020AECA0020C9
:109E2000F2F2F20040150020501500207C150020B1
:109E3000AC150020D8150020301600203416002064
:109E4000B9CA00203C160020E08E002034C8002053
:109E5000FC1500207416002038920020A4C70020B2
:109E60009C160020B0160020D816002000170020F5
:109E7000341700202DE9F04FDC4885B00EF06AF869
:109E8000DB4DDA480CF0CCF9322016F0F9F82B68EB
:109E9000142B09D800240134012016F0F1F82B68A6
:109EA000192C01D0142BF6D9D04C0025DFF8609383
:109EB0004FF6FF7A2046DFF85C830CF079F9FF2338
:109EC0002046CC4F1A4619460CF0F0FF20460CF005
:109ED00051FE772379227C212046C74E0DF08CFB62
:109EE000C6491E23202201914FF4C06120464FF045
:109EF000A00B0091F0210DF0F1FB4FF47F412046C3
:109F00000DF0A0FAFF2320461A4619460DF074FB07
:109F1000012120460DF0F8FA09232A464FF4C871B2
:109F2000204600950DF06AFD772379227C2120469A
:109F30000DF062FB1B232F223C212046CDE9005966
:109F40000DF0CCFB18233F2240F259112046CDE9F9
:109F500000580DF0C3FB1823592240F25911204636
:109F6000019700950DF0BAFB1B232F224FF48C7143
:109F70002046019600950DF0B1FBA14B7B223C21C0
:109F80002046019300951B230DF0A8FB18238B227C
:109F900040F259112046CDE900580DF09FFB1823DF
:109FA000A62240F259112046CDE900570DF096FB4C
:109FB0001B237B224FF48C712046CDE900560DF017
:109FC0008DFB1B23C8223C212046CDE900590DF012
:109FD00085FB1823D32240F2591120464FF02C095B
:109FE000CDE900580DF07AFB1823ED2240F259110B
:109FF000204601970095834F0DF070FBC8221B236C
:10A000004FF48C712046DFF81082CDE900560DF038
:10A0100065FB7D4E3B68FD21204609FB0363DB6841
:10A02000009503EB4303DB00A8FB03233222DB0B89
:10A0300001931B230DF0A4FB3B68322209FB036351
:10A0400019691B230095C1EB0110C1EB8001A8FB2E
:10A0500001012046C90B019140F223110DF090FB44
:10A060003B68FD21204609FB0363DB69009503EB98
:10A070004303DB00A8FB03237B22DB0B01931B23A1
:10A080000DF07EFB3B687B2209FB0363196A1B23EF
:10A090000095C1EB0110C1EB8001A8FB0101204636
:10A0A000C90B019140F223110DF06AFB3B68FD21C1
:10A0B000204609FB03635B69009503EB4303DB0068
:10A0C000A8FB0323C822DB0B01931B230DF058FBD5
:10A0D0003B68C82209FB036399691B230095C1EB08
:10A0E0000110C1EB80012046A8FB01814FF0080858
:10A0F000C90B019140F223110DF042FB7B21204658
:10A100000CF0E0FD414920460DF09CF93B68CDF88C
:10A110000CA04C2209FB0363362120469B89CDF815
:10A120000080CDE901534FF48C730DF0B9F87B2317
:10A130004C22362120460193CDF800804FF48C73D9
:10A140000CF0F4FE7C2120460CF0BCFDCDF80CA0F8
:10A150003B6868223621204609FB03631B8ACDF841
:10A160000080CDE901534FF48C730DF099F87C23F6
:10A170006822362120460193CDF800804FF48C737D
:10A180000CF0D4FE7D2120460CF09CFD1F4920469A
:10A190000DF058F9CDF80CA03B68982236212046E6
:10A1A00009FB03639B8BCDF80080CDE901534FF48D
:10A1B0008C730DF075F87D2398223621204601938B
:10A1C000CDF800804FF48C730CF0B0FE7E21204659
:10A1D0000CF078FDCDF80CA03B68B2223621204669
:10A1E00009FB03631B8CCDF8008017E0209D002045
:10A1F000FC8E002078170020AC070020601700209C
:10A200007C170020C8C7002098C80020A9A9A90071
:10A2100074170020741C002001800080CDE90153D8
:10A220004FF48C730DF03CF87E23B2223621204689
:10A230000193CDF800804FF48C730CF077FEA021D1
:10A2400020460CF03FFDCDF80CA03B68E122362102
:10A25000204609FB03639B8ACDF80080CDE90153BA
:10A260004FF48C730DF01CF84FF48C73E1223621FF
:10A270002046CDF80080CDF804B00CF057FEA121A7
:10A2800020460CF01FFDCDF80CA03B68FB223621C8
:10A29000204609FB03631B8BCDF80080CDE90153F9
:10A2A0004FF48C730CF0FCFFA123FB2236212046D7
:10A2B0000193CDF800804FF48C730CF037FE5946B3
:10A2C00020460CF077FD092120460DF01DF95C2198
:10A2D00020460CF0F7FC8F4920460CF02DFD2B4654
:10A2E000EB2240F2A911204600950DF087FB2B468A
:10A2F0004FF485724FF4EE71204600950DF07EFB11
:10A30000FF2320461A4619460DF076F94FF4C06136
:10A31000814BFA2220460091019340F2C1111B2388
:10A320000DF0DCF9594620460CF044FD0921204689
:10A330000DF0EAF8B02120460CF0C4FC7549204627
:10A340000CF0FAFC04222B462046114600950DF035
:10A3500055FB2B4623223721204600950DF04EFB5E
:10A36000FF2320461A4619460DF046F96B4A4FF472
:10A37000C0611B2320460192009114221F210DF081
:10A38000ADF920460DF0F0FA237C7B3B262B1BD841
:10A39000DFE803F09DA4ABB21A1A1A1A1A1A1A1A95
:10A3A0001A1A1A1A1A1A1A1A1A1A1A1A1A1A1A1A0D
:10A3B0001A1A1A1A1A1A1A1A1A14B9002C223B68F5
:10A3C00002FB0363628A5A6194F820305C2B04D04C
:10A3D000B02B76D005B0BDE8F08F39682C27DFF8B8
:10A3E000508101FB07F7DFF84CA13E440AEB8111D5
:10A3F000F368306903EB430E7569C0EB0014326AF1
:10A400004FEACE0EC0EB840CA8FB0E3EB369A8FB4E
:10A410000C0C05EB4505C3EB0310ED00C3EB80040A
:10A42000F069A8FB05354FEADC3CA8FB043400EBDF
:10A430004000C2EB0213C000C2EB8303E40BA8FB95
:10A440000323CCEB0C12A8FB0080C4EB0419DB0B3C
:10A450004FF46168C00B4FEADE3EED0B92004FEA0D
:10A46000890908FB0E2208FB05990A614A44C1F8D4
:10A470001C90C1E90B03C3EB03139B0008FB0033E3
:10A48000486B02448B621344254A9342C1E905ECB0
:10A49000C1E9085415D9234B012218371A6000234B
:10A4A000214AB818C6E90333C6E90533D3514360DE
:10A4B0000B63C1E90433C1E90633C1E90833C1E9DB
:10A4C0000A331A4B26221A6005B0BDE8F08F2C2201
:10A4D0003B6802FB0363628ADA6075E72C223B6803
:10A4E00002FB0363628A1A616EE72C223B6802FB5F
:10A4F0000363628ADA6167E72C223B6802FB03632D
:10A50000628A1A6260E72C223B6802FB0363628A5C
:10A510009A6159E7D9D9D900C4070020CC07002097
:10A520008051010024C700209CC8002034C80020AE
:10A5300001800080F88C00202DE9F04FAE4885B0F6
:10A540000DF008FDAD4DAC480BF06AFE322015F061
:10A5500097FD2B68142B09D800240120013415F035
:10A560008FFD2B68142B01D8192CF6D1A24C4FF477
:10A57000C069A34F4FF02C082046A24E0BF018FEE6
:10A58000FF232046DFF8A8A21A4619460CF08EFCDD
:10A5900020460CF0EFFA772379227C212046002513
:10A5A0000DF02AF8984920221E2320464FF6FF7B03
:10A5B000CDE90091F0210DF091F84FF47F41204654
:10A5C0000CF040FF3B6840F20911204608FB036392
:10A5D0005B6A009503EB4303DB00AAFB03236222C3
:10A5E000DB0B01931D230DF0CBF83B68622208FBC7
:10A5F0000363996A1D230095C1EB0110C1EB800133
:10A600002046AAFB01A14FF00B0AC90B01914FF4A0
:10A610009B710DF0B5F87D4B62224FF49571204689
:10A62000019300951D230DF059F8794B61223721D4
:10A630002046019300951D230DF050F8754B7822AC
:10A6400040F263112046019300951D230DF046F85A
:10A65000714BB22240F263112046019300951D23F5
:10A660000DF03CF8802120460CF02CFB6B49204675
:10A670000CF0E8FE3B68CDF80CB0822208FB0363C7
:10A68000392120469B8CCDF800A0CDE901534FF431
:10A690008C730CF005FE8023822239212046019321
:10A6A000CDF800A04FF48C730CF040FC81212046C3
:10A6B0000CF008FBCDF80CB03B68BE2236212046DA
:10A6C00008FB03631B8DCDF800A0CDE901534FF4C7
:10A6D0008C730CF0E5FD8123BE22362120460193C8
:10A6E000CDF800A04FF48C730CF020FCFF23204623
:10A6F0001A4619460CF080FF012120460CF004FF99
:10A7000009232A464FF4C871204600950DF076F9CA
:10A71000A02120460CF04EFB092120460CF0F4FE4F
:10A720005D2120460CF0CEFA3D4920460CF004FB9A
:10A730002B46EB2240F2A911204600950DF05EF960
:10A740002B464FF485724FF4EE71204600950DF0C4
:10A7500055F9FF2320461A4619460CF04DFF314BA0
:10A76000FA2240F2C11120460193CDF800901B233C
:10A770000CF0B4FFA02120460CF01CFB0921204660
:10A780000CF0C2FEB12120460CF09CFA2449204670
:10A790000CF0D2FA04222B462046114600950DF00B
:10A7A0002DF92B4623223721204600950DF026F95E
:10A7B000FF2320461A4619460CF01EFF1A4A1B2397
:10A7C0001F2120460192CDF8009014220CF086FF44
:10A7D00020460DF0C9F8237C802B70D0812B29D026
:10A7E00094F820305D2B2ED0B12B02D10F4B2622B6
:10A7F0001A6005B0BDE8F08F209D0020FC8E00207F
:10A80000C8C7002098C8002080170020AC0700208F
:10A810008C170020941700209C170020A9A9A900DC
:10A82000D9D9D900C4070020CC07002034C80020A3
:10A83000018000803B68628A08FB03639A6294F897
:10A8400020305D2BD0D138682C21204C4FF461672B
:10A8500000FB01F10E44D6E909231D4E02EB420232
:10A86000D200A4FB0252C3EB0315C3EB8503D20B4A
:10A87000A4FB0343174C8501DB0B04EB8010C0E9FC
:10A880000E23C3EB03139B0007FB0233C769026966
:10A8900043633A44876A3A441344B342A6D9002337
:10A8A0000D4A2031303504340C4E012737605350A7
:10A8B00011442A194B6063515360C36396E73B68A8
:10A8C000628A08FB03635A628AE700BF0180008046
:10A8D00080510100F88C00209CC8002024C7002073
:10A8E000F0B5C94883B00DF035FBC84DC6480BF034
:10A8F00097FC322015F0C4FB2B68142B09D80024D8
:10A900000134012015F0BCFB2B68192C01D0142B4D
:10A91000F6D9BD4EBE4C30460BF04AFCFF23304604
:10A920001A4619460CF0C2FA30460CF023F9772388
:10A9300079227C2130460CF05FFE2368002B40F02A
:10A94000B28100251A23FC2240F24311AE48CDE922
:10A9500000550CF015FF21681A23FC22AA48CDE906
:10A9600000514FF4A6710CF00BFFAA490024AA4D28
:10A970001A23FC22A448CDE9004140F255110CF005
:10A98000ADFE29681A23FC22092900F3848140F2D4
:10A9900059119D48CDE900440CF0F2FE29681A23B4
:10A9A000FC229948CDE900414FF4B1710CF0E8FE6A
:10A9B00013F0A6FE20B1994B1968002900F09D8183
:10A9C000974800211A23FC22CDE9001040F26911BA
:10A9D0008D480CF083FE934C2168092900F37D819A
:10A9E00000251A23FC2240F28B118748CDE900553F
:10A9F0000CF0C6FE21681A23FC228348CDE90051E1
:10AA000040F293110CF0BCFE874D0024874F1A23AF
:10AA1000FC2240F29B117C48CDE900450CF05EFE23
:10AA20003A681A23092A00F34F81FC2240F2A1114F
:10AA30007548CDE900440CF0A3FE3A681A2340F2B1
:10AA4000A9117148CDE90042FC220CF099FE0024C6
:10AA50001A23FC2240F2B1116B48CDE900450CF0FD
:10AA60003DFE73491A23FC2209684FF4C06566480D
:10AA7000CDE9004140F2B7110CF082FEFF2362489D
:10AA80001A4619460CF0B8FD01215F480CF03CFD58
:10AA9000092322464FF4C8715B4800940CF0AEFFC6
:10AAA0004FF4A07158480CF085F9092156480CF074
:10AAB0002BFD604954480CF03FF9502223465D219C
:10AAC000514800940CF09AFFDC22234640F2831197
:10AAD0004D4800940CF092FF772379227C214A485C
:10AAE0000CF08AFD544A1C23F0214748CDE900525E
:10AAF0005A220CF0F3FD514943480CF01DF99821FE
:10AB000041480CF0DFF84FF45C713F480CF090F9CD
:10AB100002213D480CF0F8FCAA2223463A4811468F
:10AB200000940CF06BFFFF2337481A4619460CF0CF
:10AB300063FD434A1B23AA213348CDE900529622E4
:10AB40000CF0CCFDAA223F491B232F48CDE9005130
:10AB500011460CF0C3FD3C4A1B23AA212A48CDE92B
:10AB60000052BE220CF0BAFD344927480CF0E4F83C
:10AB7000992125480CF0A6F84FF45C7122480CF09E
:10AB800057F9022120480CF0BFFCAA2223464FF4BB
:10AB90009B711D4800940CF031FFFF231A481A46A0
:10ABA00019460CF029FD294A1B234FF49B711648C6
:10ABB000CDE900529C220CF091FD254A1B234FF455
:10ABC0009B711148CDE90052B8220CF087FDA021FD
:10ABD0000D480CF0EFF809210B480CF095FC922180
:10ABE00009480CF06FF8154907480CF0A5F8042245
:10ABF00023460548114600940CF000FF232223460B
:10AC000037210148009425E0209D0020FC8E002083
:10AC100080C70020AC07002090C7002010C700208C
:10AC2000B80700202CC70020C0070020A0C70020C4
:10AC30008CCA0020F2F2F200C4090020D9D9D90050
:10AC4000DC090020E4090020EC090020F8090020BC
:10AC5000000A00200CF0D2FEFF2332481A461946A3
:10AC60000CF0CAFC30491B2314222E48CDE90051B8
:10AC70001F210CF033FD2B480CF076FE96F82030A7
:10AC8000982B45D0992B33D0922B02D1274B2922D8
:10AC90001A6003B0F0BDCDE90041224840F25911DD
:10ACA0000CF06EFD84E613F00BFD092820607FF7A1
:10ACB00048AE00211A23FC22CDE900104FF4A17107
:10ACC00030460CF05DFD50E6CDE9004240F29F11A8
:10ACD000FC2214480CF054FDB9E600201A23FC2293
:10ACE000CDE9000140F289110E480CF049FD8BE6D8
:10ACF0000E4B34221A6003B0F0BD0D481A23FC221B
:10AD0000CDE9001040F2691106480CF0E7FC62E65C
:10AD1000084A2C20084B0549126808601A6003B0E5
:10AD2000F0BD00BF209D0020CC07002034C80020CB
:10AD3000B007002048CA002044C70020F0B5B5483D
:10AD400083B00DF007F9B44DB2480BF069FA322028
:10AD500015F096F92B68142B09D800240134012032
:10AD600015F08EF92B68192C01D0142BF6D9A94DAA
:10AD7000AA4C28460BF01CFAFF2328461A4619460F
:10AD80000CF094F828460BF0F5FE772379227C210D
:10AD900028460CF031FC2368002B40F0218100266E
:10ADA0001A23062204219B48CDE900660CF0E8FC3A
:10ADB00021681A2306229748CDE900610E210CF084
:10ADC000DFFC97490024974E1A2306229148CDE9CB
:10ADD000004117210CF082FC31681A230622092950
:10ADE00000F3F7801C218B48CDE900440CF0C8FC2F
:10ADF00031681A2306228748CDE9004125210CF04D
:10AE0000BFFC13F07DFC20B1874B1968002900F0CE
:10AE1000F780864800211A230622CDE900102B2155
:10AE20007C480CF05BFC824C2168092900F3C78048
:10AE300000261A2306224B217648CDE900660CF045
:10AE40009FFC21681A2306227248CDE90061552132
:10AE50000CF096FC774E0024774F1A2306225D21D2
:10AE60006C48CDE900460CF039FC3A681A23092AEF
:10AE700000F39D80062263216648CDE900440CF072
:10AE80007FFC3A681A236B216248CDE90042062212
:10AE90000CF076FC00241A23062273215D48CDE9CC
:10AEA00000460CF01BFC65491A23062209684FF482
:10AEB000C0665848CDE9004179210CF061FC4FF49F
:10AEC000A07154480BF076FF092152480CF01CFB8E
:10AED0005B4950480BF030FF6422234650214D4817
:10AEE00000940CF08BFD962223464FF4C87149481C
:10AEF00000940CF083FD772379227C2145480CF0E7
:10AF00007BFB504A1D23F0214248CDE900627D229F
:10AF10000CF0E4FBFF233F481A4619460CF06CFB8B
:10AF200001213C480CF0F0FA092322464FF4C87185
:10AF3000384800940CF062FD4FF4A07135480BF0D6
:10AF400039FF092133480CF0DFFA9B2131480BF01F
:10AF5000B9FE3D492F480BF0EFFED1222346D22106
:10AF60002C4800940CF04AFDD42223464FF48771FC
:10AF7000284800940CF042FDFF2326481A46194643
:10AF80000CF03AFB31491B23D3222248CDE9006162
:10AF9000F0210CF0A3FB1F480CF0E6FC95F82030E4
:10AFA0009B2B02D12A4B36221A6003B0F0BDCDE9AB
:10AFB00000426121062217480CF0E2FB6AE70020FC
:10AFC0001A230622CDE900014B2112480CF0D8FBD0
:10AFD00040E7CDE900410F481B210CF0D1FB10E701
:10AFE00013F06EFB092820607FF7D9AE00211A23E9
:10AFF0000622CDE90010042128460CF0C1FBE0E652
:10B0000014481A230622CDE900102B2101480CF028
:10B0100065FB08E7209D0020FC8E002080C70020F3
:10B02000AC07002090C7002010C70020B807002000
:10B030002CC70020C0070020A0C700208CCA002019
:10B04000F2F2F2001C0A0020D9D9D900400A0020EF
:10B0500034C80020B007002070B5584C82B00025DD
:10B06000574920464FF4C0660BF066FE0921204682
:10B070000CF04AFA462251212B46204600950CF04E
:10B08000BDFCE6222B464FF4C871204600950CF01B
:10B09000B5FC772379227C2120460CF0ADFA494A91
:10B0A0001C23F3212046CDE900625F220CF016FB41
:10B0B000454A1B2396212046CDE900527D220CF003
:10B0C0000DFB424A1B237B212046CDE900529B22E7
:10B0D0000CF004FBFF2320461A4619460CF08CFAAC
:10B0E0004FF4A07120460BF065FE092120460CF0BC
:10B0F0000BFA422120460BF0E5FDCD222B46A5217F
:10B10000204600950CF07AFCD0222B46D721204611
:10B1100000950CF073FC772379227C2120460CF0FB
:10B120006BFA2B4A1C23BC212046CDE90062D022B9
:10B130000CF0D4FAFF2320461A4619460CF05CFAAC
:10B140004FF4A07120460BF035FE092120460CF08B
:10B15000DBF9432120460BF0B5FDCD222B4640F212
:10B160001311204600950CF049FCD0222B4640F2EA
:10B170004511204600950CF041FC772379227C2173
:10B1800020460CF039FA134A1C234FF495712046DF
:10B19000CDE90062D0220CF0A1FA94F82030422BC5
:10B1A00007D0432B03D10C4A0C4B15601D6002B035
:10B1B00070BD094B01221A6002B070BD209D0020B5
:10B1C000F2F2F200A4170020C8170020E4170020B4
:10B1D000081800200C18002034CA002038CA0020AB
:10B1E0002DE9F041B34882B00CF0B4FEB24DB14845
:10B1F0000BF016F8322014F043FF2B68142B09D8FB
:10B2000000240134012014F03BFF2B68192C01D0DD
:10B21000142BF6D9A74C00254FF4C066DFF8D48272
:10B2200020460AF0C5FFFF2320461A4619460BF0B8
:10B230003DFE20460BF09EFC772379227C212046A0
:10B240000CF0DAF94FF4A07120460BF0B3FD0921A0
:10B2500020460CF059F9994920460BF06DFD642207
:10B260005A212B46204600950CF0C8FB96222B460F
:10B270004FF4C371204600950CF0C0FBFF2320461D
:10B280001A4619460CF0B8F9012120460CF03CF999
:10B2900001232A464FF4C871204600950CF0AEFBFE
:10B2A000A02120460BF086FD092120460CF02CF948
:10B2B0000F2120460BF006FD814920460BF03CFD96
:10B2C00004222B462046114600950CF097FB2322C2
:10B2D0002B463721204600950CF090FBFF2320469B
:10B2E0001A4619460CF088F9764A1B231F2120467E
:10B2F000CDE9006214220CF0F1F9FFF7ADFED8F8A9
:10B300000070012F33D0704B1B6813B96F4B0422B0
:10B310001A6068480CF028FB94F820300F2B20D0DE
:10B32000122B02D002B0BDE8F0810020684A412112
:10B33000684BC8F800008220116067491D680860EA
:10B340001A681C681968654B65481A60654A05608B
:10B350005E4B65481160082204601A6002B0BDE8C7
:10B36000F0815A4B04221A6002B0BDE8F081FF233D
:10B3700020461A4619460BF099FD20460BF0FAFBC1
:10B3800020464FF4A0710BF015FD204609210CF06A
:10B39000BBF8204649490BF0CFFC2B4620466422DF
:10B3A0005A2100950CF02AFB2B46204696224FF49A
:10B3B000C37100950CF022FBFF2320461A46194664
:10B3C0000CF01AF9394620460CF09EF83B462A4606
:10B3D00020464FF4C87100950CF010FB2046A021C8
:10B3E0000BF0E8FC204609210CF08EF820460F21D6
:10B3F0000BF068FC204632490BF09EFC04222B46E1
:10B400002046114600950CF0F9FA2B4620462322DF
:10B41000372100950CF0F2FAFF2320461A46194610
:10B420000CF0EAF8274B2046142201931F211B231E
:10B4300000960CF053F92046772379227C210CF0FA
:10B44000DBF82A4B7D222046F021CDE900631D2345
:10B450000CF044F920464FF4A0710BF0ABFC2046F1
:10B4600009210CF051F8204612210BF02BFC20464C
:10B4700013490BF061FC2B462046D122D7210095C1
:10B480000CF0BCFA2B462046D42240F2091100955C
:10B490000CF0B4FAFF2320461A4619460CF0ACF81B
:10B4A000134A1B23F0212046CDE90062D3220CF081
:10B4B00015F928E7209D0020FC8E0020F2F2F20012
:10B4C000D9D9D900CC07002038CA002034C80020C0
:10B4D0009093002048CA00209493002038C7002091
:10B4E00034C7002040C700203CC7002010180020AF
:10B4F0004413002034CA0020F0B57B4883B00CF020
:10B5000029FD7A4D78480AF08BFE322014F0B8FD00
:10B510002B68142B09D800240134012014F0B0FD4D
:10B520002B68192C01D0142BF6D96F4C00254FF441
:10B53000C0666F4F20460AF03BFEFF2320461A46A6
:10B5400019460BF0B3FC20460BF014FB4FF4A0712E
:10B5500020460BF02FFC092120460BF0D5FF654952
:10B5600020460BF0E9FB64225A212B462046009529
:10B570000CF044FA96222B464FF4C37120460095F6
:10B580000CF03CFA772379227C2120460CF034F829
:10B59000594A1D23F0212046CDE900627D220CF09E
:10B5A0009DF8FF2320461A4619460CF025F8012184
:10B5B00020460BF0A9FF02232A464FF4C87120460B
:10B5C00000950CF01BFA4FF4A07120460BF0F2FB33
:10B5D000092120460BF098FF212120460BF072FB39
:10B5E000464920460BF0A8FB2B46D122D721204606
:10B5F00000950CF003FA2B46D42240F209112046A4
:10B6000000950CF0FBF9FF2320461A4619460BF073
:10B61000F3FF3B4BD322F0212046019300961B23DE
:10B620000CF05CF8A02120460BF0C4FB0921204659
:10B630000BF06AFF1E2120460BF044FB2F492046E9
:10B640000BF07AFB04222B462046114600950CF0A5
:10B65000D5F92B4623223721204600950CF0CEF950
:10B66000FF2320461A4619460BF0C6FF254B14222D
:10B670001F212046019300961B230CF02FF8FFF7A3
:10B68000EBFC3B68012B51D017480CF06DF91E4BB9
:10B690001B6813B91D4B0B221A6094F820301E2B27
:10B6A0001DD0212B01D003B0F0BD0020184A40214D
:10B6B000184B38609620116017491D6808601A6899
:10B6C0001C681968154B16481A60164A05600F4B1E
:10B6D000154811600F2204601A6003B0F0BD0B4BD7
:10B6E0000B221A6003B0F0BD209D0020FC8E0020CC
:10B6F00034CA0020F2F2F20010180020D9D9D90083
:10B7000044130020CC07002038CA002034C8002091
:10B710009093002048CA00209493002040C7002046
:10B7200034C700203CC7002038C70020FF23204634
:10B730001A4619460BF0BAFB20460BF01BFA77238A
:10B74000792220467C210BF057FF20464FF4A07150
:10B750000BF030FB204609210BF0D6FE2046554960
:10B760000BF0EAFA2B46204664225A2100950CF091
:10B7700045F92B46962220464FF4C37100950CF0F4
:10B780003DF92046A0210BF015FB204609210BF0C6
:10B79000BBFE204648490BF0CFFA2B462046042238
:10B7A00040F2A71100950CF029F92B4620462322E0
:10B7B0004FF4EF7100950CF021F9FF2320461A4653
:10B7C00019460BF019FF3D4B1422204601934FF40C
:10B7D000E0711B2300960BF081FF2046A0210BF0A7
:10B7E000E9FA204609210BF08FFE20461E210BF0BE
:10B7F00069FA204632490BF09FFA04222B46204674
:10B80000114600950CF0FAF82B46204623223721EA
:10B8100000950CF0F3F8FF2320461A4619460BF06A
:10B82000EBFE284B204614221F21CDE900631B2389
:10B830000BF054FF2046772379227C210BF0DCFEAD
:10B84000214B7D222046F021CDE900631D230BF022
:10B8500045FF20464FF4A0710BF0ACFA20460921B9
:10B860000BF052FE204621210BF02CFA2046144901
:10B870000BF062FA2B462046D122D72100950CF01E
:10B88000BDF82B462046D42240F2091100950CF059
:10B89000B5F8FF2320461A4619460BF0ADFE0B4AB9
:10B8A0001B23F0212046CDE90062D3220BF016FFC6
:10B8B000EAE600BFF2F2F20033660700301800201B
:10B8C000D9D9D900CC07002010180020441300203B
:10B8D0002DE9F041CF4882B00CF03CFBCE4DCD4875
:10B8E0000AF09EFC322014F0CBFB2B68142B09D8F5
:10B8F00000240134012014F0C3FB2B68192C01D063
:10B90000142BF6D9C34C00254FF4C066C34F204614
:10B910000AF04EFCFF2320461A4619460BF0C6FAE1
:10B9200020460BF027F94FF4A07120460BF042FAA5
:10B93000092120460BF0E8FDB94920460BF0FCF93F
:10B9400064225A212B46204600950CF057F8962287
:10B950002B464FF4C371204600950CF04FF8772327
:10B9600079227C2120460BF047FEAE4A1D23F021B0
:10B970002046CDE900627D220BF0B0FEFF23204679
:10B980001A4619460BF038FE012120460BF0BCFD8B
:10B9900003232A464FF4C871204600950CF02EF878
:10B9A0004FF4A07120460BF005FA092120460BF058
:10B9B000ABFD2F2120460BF085F99B4920460BF06B
:10B9C000BBF92B46D122D721204600950CF016F862
:10B9D0002B46D42240F20911204600950CF00EF8B7
:10B9E000FF2320461A4619460BF006FE8F4BD32242
:10B9F000F0212046019300961B230BF06FFEA0213F
:10BA000020460BF0D7F9092120460BF07DFD2C21B3
:10BA100020460BF057F9844920460BF08DF904229B
:10BA20002B462046114600950BF0E8FF2B462322BB
:10BA30003721204600950BF0E1FFFF2320461A46F0
:10BA400019460BF0D9FD7A4B14221F212046019391
:10BA500000961B230BF042FEFFF7FEFAD7F800809A
:10BA6000B8F1010F32D0734B1B6813B9724B12221D
:10BA70001A6068480BF078FF94F820302C2B1FD008
:10BA80002F2B02D002B0BDE8F08100206B4A342198
:10BA90006B4B38606E2011606A491D6808601A6837
:10BAA0001C681968684B69481A60694A0560624BEE
:10BAB00068481160162204601A6002B0BDE8F08187
:10BAC0005D4B12221A6002B0BDE8F081FF232046D0
:10BAD0001A4619460BF0EAF920460BF04BF82046BF
:10BAE0004FF4A0710BF066F9204609210BF00CFD14
:10BAF00020464B490BF020F92B46204664225A2160
:10BB000000950BF07BFF2B46204696224FF4C37125
:10BB100000950BF073FFFF2320461A4619460BF0E1
:10BB20006BFD414620460BF0EFFC2A4603232046DE
:10BB30004FF4C87100950BF061FF2046A0210BF077
:10BB400039F9204609210BF0DFFC20462C210BF0AF
:10BB5000B9F8204634490BF0EFF804222B46204672
:10BB6000114600950BF04AFF2B4620462322372131
:10BB700000950BF043FFFF2320461A4619460BF0B1
:10BB80003BFD2B4B204614221F21CDE900631B23D4
:10BB90000BF0A4FD2046772379227C210BF02CFDAD
:10BBA000204B7D222046F021CDE900631D230BF0C0
:10BBB00095FD20464FF4A0710BF0FCF820460921BA
:10BBC0000BF0A2FC20462F210BF07CF820461649F2
:10BBD0000BF0B2F82B462046D122D72100950BF06E
:10BBE0000DFF2B462046D42240F2091100950BF0A0
:10BBF00005FFFF2320461A4619460BF0FDFC0B4AB1
:10BC00001B23F0212046CDE90062D3220BF066FD14
:10BC100029E700BF209D0020FC8E002034CA0020B0
:10BC2000F2F2F20010180020D9D9D90044130020F4
:10BC3000CC07002038CA002034C800209093002090
:10BC400048CA00209493002038C7002034C7002041
:10BC500040C700203CC700202DE9F041B34882B026
:10BC60000CF078F9B24DB1480AF0DAFA322014F04B
:10BC700007FA2B68142B09D800240134012014F092
:10BC8000FFF92B68192C01D0142BF6D9A74C0025ED
:10BC90004FF4C066A74F20460AF08AFAFF232046D9
:10BCA0001A4619460BF002F920460AF063FF772383
:10BCB00079227C2120460BF09FFC4FF4A071204696
:10BCC0000BF078F8092120460BF01EFC9A4920461B
:10BCD0000BF032F864225A212B46204600950BF0D7
:10BCE0008DFE96222B464FF4C371204600950BF033
:10BCF00085FEFF2320461A4619460BF07DFC0121E4
:10BD000020460BF001FC06232A464FF4C87120465A
:10BD100000950BF073FEA02120460BF04BF8092193
:10BD200020460BF0F1FBAD2120460AF0CBFF834902
:10BD300020460BF001F804222B46204611460095C0
:10BD40000BF05CFE23222B463721204600950BF09A
:10BD500055FEFF2320461A4619460BF04DFC784A43
:10BD60001B231F212046CDE9006214220BF0B6FCF4
:10BD7000FFF772F9D7F80080B8F1010F32D0714B9C
:10BD80001B6813B9704B19221A6068480BF0ECFD60
:10BD900094F820303D2B0AD0AD2B02D002B0BDE884
:10BDA000F081694B19221A6002B0BDE8F0810020D1
:10BDB000664A4121664B38608220116065491D68E2
:10BDC00008601A681C681968634B64481A60644A02
:10BDD00005605D4B634811601D2204601A6002B06B
:10BDE000BDE8F081FF2320461A4619460BF05EF8A5
:10BDF00020460AF0BFFE20464FF4A0710AF0DAFF99
:10BE0000204609210BF080FB20464B490AF094FFA5
:10BE10002B46204664225A2100950BF0EFFD2B465D
:10BE2000204696224FF4C37100950BF0E7FDFF23E7
:10BE300020461A4619460BF0DFFB414620460BF020
:10BE400063FB2A46062320464FF4C87100950BF089
:10BE5000D5FD2046A0210AF0ADFF204609210BF0B8
:10BE600053FB2046AD210AF02DFF204633490AF04E
:10BE700063FF04222B462046114600950BF0BEFDC1
:10BE80002B4620462322372100950BF0B7FDFF23D8
:10BE900020461A4619460BF0AFFB294B20461422C8
:10BEA00001931F211B2300960BF018FC20467723DB
:10BEB00079227C210BF0A0FB2B4B7D222046F02128
:10BEC000CDE900631D230BF009FC20464FF4A0715F
:10BED0000AF070FF204609210BF016FB20463D2199
:10BEE0000AF0F0FE204615490AF026FF2B462046B0
:10BEF000D122D72100950BF081FD2B462046D4227C
:10BF000040F2091100950BF079FDFF2320461A46F7
:10BF100019460BF071FB154A1B23F0212046CDE991
:10BF20000062D3220BF0DAFB29E700BF209D00203E
:10BF3000FC8E002034CA0020F2F2F200D9D9D900D8
:10BF4000CC07002038CA002034C80020909300207D
:10BF500048CA00209493002038C7002034C700202E
:10BF600040C700203CC700201018002044130020C8
:10BF70002DE9F041B34882B00BF0ECFFB24DB1486F
:10BF80000AF04EF9322014F07BF82B68142B09D8F4
:10BF900000240134012014F073F82B68192C01D00F
:10BFA000142BF6D9A74C00254FF4C066A74F2046A6
:10BFB0000AF0FEF8FF2320461A4619460AF076FFDB
:10BFC00020460AF0D7FD772379227C2120460BF00A
:10BFD00013FB4FF4A07120460AF0ECFE0921204625
:10BFE0000BF092FA9A4920460AF0A6FE64225A21E2
:10BFF0002B46204600950BF001FD96222B464FF470
:10C00000C371204600950BF0F9FCFF2320461A4629
:10C0100019460BF0F1FA012120460BF075FA0A23BC
:10C020002A464FF4C871204600950BF0E7FCA0218A
:10C0300020460AF0BFFE092120460BF065FACF2109
:10C0400020460AF03FFE834920460AF075FE04228E
:10C050002B462046114600950BF0D0FC23222B46A0
:10C060003721204600950BF0C9FCFF2320461A46D5
:10C0700019460BF0C1FA784A1B231F212046CDE94F
:10C08000006214220BF02AFBFEF7E6FFD7F80080CF
:10C09000B8F1010F32D0714B1B6813B9704B3A22C3
:10C0A0001A6068480BF060FC94F82030CF2B1FD04A
:10C0B000D22B02D002B0BDE8F0810020694A4121B4
:10C0C000694B38608220116068491D6808601A68F1
:10C0D0001C681968664B67481A60674A0560604BC0
:10C0E000664811603E2204601A6002B0BDE8F0812B
:10C0F0005B4B3A221A6002B0BDE8F081FF23204674
:10C100001A4619460AF0D2FE20460AF033FD2046B0
:10C110004FF4A0710AF04EFE204609210BF0F4F90D
:10C1200020464B490AF008FE2B46204664225A213D
:10C1300000950BF063FC2B46204696224FF4C3710A
:10C1400000950BF05BFCFF2320461A4619460BF0C6
:10C1500053FA414620460BF0D7F92A460A232046D7
:10C160004FF4C87100950BF049FC2046A0210AF05D
:10C1700021FE204609210BF0C7F92046CF210AF005
:10C18000A1FD204633490AF0D7FD04222B46204664
:10C19000114600950BF032FC2B4620462322372116
:10C1A00000950BF02BFCFF2320461A4619460BF096
:10C1B00023FA294B2046142201931F211B230096AA
:10C1C0000BF08CFA2046772379227C210BF014FAAD
:10C1D0002B4B7D222046F021CDE900631D230BF07F
:10C1E0007DFA20464FF4A0710AF0E4FD20460921B3
:10C1F0000BF08AF92046D2210AF064FD2046154949
:10C200000AF09AFD2B462046D122D72100950BF04B
:10C21000F5FB2B462046D42240F2091100950BF085
:10C22000EDFBFF2320461A4619460BF0E5F9154AA7
:10C230001B23F0212046CDE90062D3220BF04EFAF9
:10C2400029E700BF209D0020FC8E002034CA00207A
:10C25000F2F2F200D9D9D900CC07002038CA002068
:10C2600034C800209093002048CA002094930020F6
:10C2700038C7002034C7002040C700203CC700203A
:10C2800010180020441300202DE9F041CF4882B05F
:10C290000BF060FECE4DCD4809F0C2FF322013F006
:10C2A000EFFE2B68142B09D800240134012013F071
:10C2B000E7FE2B68192C01D0142BF6D9C34C0025AE
:10C2C0004FF4C066C34F204609F072FFFF2320469B
:10C2D0001A4619460AF0EAFD20460AF04BFC4FF4D4
:10C2E000A07120460AF066FD092120460BF00CF9EA
:10C2F000B94920460AF020FD64225A212B462046E7
:10C3000000950BF07BFB96222B464FF4C371204621
:10C3100000950BF073FB772379227C2120460BF0EC
:10C320006BF9AE4A1D23F0212046CDE900627D2243
:10C330000BF0D4F9FF2320461A4619460BF05CF99E
:10C34000012120460BF0E0F805232A464FF4C8717E
:10C35000204600950BF052FB4FF4A07120460AF0E6
:10C3600029FD092120460BF0CFF88B2120460AF049
:10C37000A9FC9B4920460AF0DFFC2B46D122D7219D
:10C38000204600950BF03AFB2B46D42240F20911CF
:10C39000204600950BF032FBFF2320461A46194633
:10C3A0000BF02AF98F4BD322F021204601930096FF
:10C3B0001B230BF093F9A02120460AF0FBFC092176
:10C3C00020460BF0A1F8882120460AF07BFC844926
:10C3D00020460AF0B1FC04222B4620461146009567
:10C3E0000BF00CFB2B4623223721204600950BF047
:10C3F00005FBFF2320461A4619460BF0FDF87A4B41
:10C4000014221F212046019300961B230BF066F98E
:10C41000FEF722FED7F80080B8F1010F32D0734B3F
:10C420001B6813B9724B2F221A6068480BF09CFAF4
:10C4300094F82030882B1FD08B2B02D002B0BDE89F
:10C44000F08100206B4A34216B4B38606E20116004
:10C450006A491D6808601A681C681968684B694851
:10C460001A60694A0560624B6848116033220460B3
:10C470001A6002B0BDE8F0815D4B2F221A6002B055
:10C48000BDE8F081FF2320461A4619460AF00EFD4A
:10C4900020460AF06FFB20464FF4A0710AF08AFC98
:10C4A000204609210BF030F820464B490AF044FCA5
:10C4B0002B46204664225A2100950BF09FFA2B460A
:10C4C000204696224FF4C37100950BF097FAFF2394
:10C4D00020461A4619460BF08FF8414620460BF0CD
:10C4E00013F82A46052320464FF4C87100950BF037
:10C4F00085FA2046A0210AF05DFC204609210BF0B8
:10C5000003F8204688210AF0DDFB204634490AF072
:10C5100013FC04222B462046114600950BF06EFAC0
:10C520002B4620462322372100950BF067FAFF2384
:10C5300020461A4619460BF05FF82B4B2046142272
:10C540001F21CDE900631B230BF0C8F82046772399
:10C5500079227C210BF050F8204B7D222046F021DF
:10C56000CDE900631D230BF0B9F820464FF4A0710C
:10C570000AF020FC204609210AF0C6FF20468B2144
:10C580000AF0A0FB204616490AF0D6FB2B462046AF
:10C59000D122D72100950BF031FA2B462046D42228
:10C5A00040F2091100950BF029FAFF2320461A46A4
:10C5B00019460BF021F80B4A1B23F0212046CDE948
:10C5C0000062D3220BF08AF829E700BF209D0020EB
:10C5D000FC8E002034CA0020F2F2F2001018002075
:10C5E000D9D9D90044130020CC07002038CA002034
:10C5F00034C800209093002048CA00209493002063
:10C6000038C7002034C7002040C700203CC70020A6
:10C610002DE9F041824882B00BF09CFC814D8048AE
:10C6200009F0FEFD322013F02BFD2B68142B09D8E6
:10C6300000240134012013F023FD2B68192C01D0B4
:10C64000142BF6D9764C00254FF4C066764F204661
:10C6500009F0AEFDFF2320461A4619460AF026FCD3
:10C6600020460AF087FA4FF4A07120460AF0A2FB98
:10C67000092120460AF048FF6C4920460AF05CFB7D
:10C6800064225A212B46204600950BF0B7F99622DA
:10C690002B464FF4C371204600950BF0AFF977237A
:10C6A00079227C2120460AF0A7FF614A1D23F02150
:10C6B0002046CDE900627D220BF010F8FF232046D2
:10C6C0001A4619460AF098FF012120460AF01CFF7D
:10C6D00009232A464FF4C871204600950BF08EF9C5
:10C6E0004FF4A07120460AF065FB092120460AF0AC
:10C6F0000BFF9A2120460AF0E5FA4E4920460AF03F
:10C700001BFB2B46D122D721204600950BF076F952
:10C710002B46D42240F20911204600950BF06EF909
:10C72000FF2320461A4619460AF066FF424BD322E1
:10C73000F0212046019300961B230AF0CFFFA02191
:10C7400020460AF037FB092120460AF0DDFE94213D
:10C7500020460AF0B7FA374920460AF0EDFA0422DB
:10C760002B462046114600950BF048F92B46232214
:10C770003721204600950BF041F9FF2320461A4649
:10C7800019460AF039FF2D4B14221F212046019330
:10C7900000961B230AF0A2FFFEF75EFCD7F800808C
:10C7A000B8F1010F62D0264B1B6813B9254B292223
:10C7B0001A601B480BF0D8F894F82030942B29D03D
:10C7C0009A2B02D002B0BDE8F0811F4B1F4A1B68B4
:10C7D0009B01D358002B00F0EC80012B05D11C49A4
:10C7E00034201C4B802208601A601B4B00201B4920
:10C7F0001C681B4A0C6019681C6811601968194A8A
:10C80000104B38601160362217481A60046002B07D
:10C81000BDE8F0810B4B2B221A6002B0BDE8F0811D
:10C82000209D0020FC8E002034CA0020F2F2F2008D
:10C8300010180020D9D9D90044130020CC070020BB
:10C8400038CA002034C80020C8C70020F88C002057
:10C85000909300209493002048CA002034C7002001
:10C8600040C700203CC7002038C70020FF232046D7
:10C870001A4619460AF01AFB20460AF07BF92046B0
:10C880004FF4A0710AF096FA204609210AF03CFE06
:10C8900020464B490AF050FA2B46204664225A2182
:10C8A00000950BF0ABF82B46204696224FF4C3714F
:10C8B00000950BF0A3F8FF2320461A4619460AF00C
:10C8C0009BFE414620460AF01FFE2A4609232046C9
:10C8D0004FF4C87100950BF091F82046A0210AF0A2
:10C8E00069FA204609210AF00FFE204694210AF039
:10C8F000E9F9204633490AF01FFA04222B46204664
:10C90000114600950BF07AF82B462046232237215A
:10C9100000950BF073F8FF2320461A4619460AF0DB
:10C920006BFE294B204614221F21CDE900631B23F7
:10C930000AF0D4FE2046772379227C210AF05CFE9F
:10C94000224B7D222046F021CDE900631D230AF011
:10C95000C5FE20464FF4A0710AF02CFA20460921AA
:10C960000AF0D2FD20469A210AF0ACF9204615497A
:10C970000AF0E2F92B462046D122D72100950BF090
:10C980003DF82B462046D42240F2091100950BF0C9
:10C9900035F8FF2320461A4619460AF02DFE0C4AA8
:10C9A0001B23F0212046CDE90062D3220AF096FE37
:10C9B000F9E608494020084B962208601A6014E7FF
:10C9C000F2F2F200D9D9D900CC07002010180020CB
:10C9D00044130020909300209493002070B5B04839
:10C9E00084B00BF0B7FAAF4DAD4809F019FC322016
:10C9F00013F046FB2B68142B09D8002401200134C6
:10CA000013F03EFB2B68142B01D8192CF6D1A44C43
:10CA100000254FF4C066204609F0CAFBFF232046DC
:10CA20001A4619460AF042FA20460AF0A3F89E492F
:10CA300020460AF081F94FF4A07120460AF0BAF9B5
:10CA4000092120460AF060FD32223D212B46204676
:10CA500000950AF0D3FFE6222B464FF4D271204610
:10CA600000950AF0CBFF772379227C2120460AF03B
:10CA7000C3FD8E4A1D23F3212046CDE900623C22EE
:10CA80000AF02CFE8A4A1C23F0212046CDE90062E0
:10CA900069220AF023FE874A1B2396212046CDE90E
:10CAA00000527D220AF01AFE834A1B23962120465B
:10CAB000CDE900529B220AF011FEFF2320461A46C0
:10CAC00019460AF099FD4FF4A07120460AF072F958
:10CAD000092120460AF018FD482120460AF0F2F804
:10CAE000CD222B46A521204600950AF087FFD022B3
:10CAF0002B46D721204600950AF080FF7723792224
:10CB00007C2120460AF078FD6C4A1C23BC2120467B
:10CB1000CDE90062D0220AF0E1FDFF2320461A464B
:10CB200019460AF069FD4FF4A07120460AF042F957
:10CB3000092120460AF0E8FC492120460AF0C2F803
:10CB4000CD222B4640F21311204600950AF056FFE5
:10CB5000D0222B4640F24511204600950AF04EFFA8
:10CB6000772379227C2120460AF046FD544A1C2373
:10CB70004FF495712046CDE90062D0220AF0AEFD57
:10CB800020460AF0F1FE94F82030482B5FD0492B64
:10CB90005BD14C4C2368083B362B4ED8DFE813F0B2
:10CBA00073004D004D004D004D004D004D00AC0098
:10CBB0004D004D004D004D004D004D00C3004D0097
:10CBC0004D004D004D004D004D00D0004D004D007A
:10CBD0004D004D004D004D004D004D004D004D00ED
:10CBE0004D004D004D004D004D004D004D004D00DD
:10CBF0004D004D004D00DD004D004D0037004D0053
:10CC00004D004D004D004D004D004D0066000125CA
:10CC100004224FF4A66103A80026039513F022FD19
:10CC2000042203A840F23C51039613F01BFD264B4F
:10CC3000264A1D60264B15601E600021642013F0FB
:10CC400071FC0023234A2360136004B070BD224BA3
:10CC5000012422491D600968214B1A4A19602148A4
:10CC600012681C4B04601A6004B070BD01250422D8
:10CC700040F2345103A8039513F0F4FC1A4A1B4BFD
:10CC800015601D60D9E70125042240F21C5103A85C
:10CC9000039513F0E7FC164A164B15601D60CCE7B0
:10CCA000209D0020FC8E0020F2F2F2003C180020B3
:10CCB000481800207018002088180020081800204C
:10CCC0000C18002038C80020F0910020F4910020BA
:10CCD00060CA002034C800203CCA002048CA002096
:10CCE00040C7002040CA002014920020109200206B
:10CCF0000492002000920020012504224FF4A46138
:10CD000003A80026039513F0ADFC042203A84FF4FA
:10CD1000A761039613F0A6FC164B174A1D60174B2C
:10CD200015601E6089E70125042240F2245103A802
:10CD3000039513F097FC124A124B15601D607CE7B7
:10CD4000012504224FF4A56103A8039513F08AFC82
:10CD50000D4A0E4B15601D606FE70125042240F25D
:10CD60002C5103A8039513F07DFC094A094B15606B
:10CD70001D6062E7E8910020EC9100205CCA002071
:10CD8000FC910020F8910020209200201C920020AD
:10CD90000C9200200892002070B5584C82B00025FB
:10CDA000574920464FF4C06609F0C6FF09212046C6
:10CDB0000AF0AAFB462251212B46204600950AF094
:10CDC0001DFEE6222B464FF4C871204600950AF05E
:10CDD00015FE772379227C2120460AF00DFC494A72
:10CDE0001C23F3212046CDE900625F220AF076FC85
:10CDF000454A1B23AA212046CDE900527D220AF094
:10CE00006DFC424A1B238C212046CDE900529B2217
:10CE10000AF064FCFF2320461A4619460AF0ECFB90
:10CE20004FF4A071204609F0C5FF092120460AF001
:10CE30006BFB4421204609F045FFCD222B46A5215E
:10CE4000204600950AF0DAFDD0222B46D721204655
:10CE500000950AF0D3FD772379227C2120460AF041
:10CE6000CBFB2B4A1C23BC212046CDE90062D022FB
:10CE70000AF034FCFF2320461A4619460AF0BCFB90
:10CE80004FF4A071204609F095FF092120460AF0D1
:10CE90003BFB4521204609F015FFCD222B4640F2F1
:10CEA0001311204600950AF0A9FDD0222B4640F22E
:10CEB0004511204600950AF0A1FD772379227C21B7
:10CEC00020460AF099FB134A1C234FF49571204623
:10CED000CDE90062D0220AF001FC94F82030442B06
:10CEE00008D0452B04D10C4901220C4B0D601A606F
:10CEF00002B070BD094B1D6002B070BD209D0020C6
:10CF0000F2F2F200A4170020A0180020B8180020A8
:10CF1000081800200C1800206CC7002070C70020E3
:10CF200070B5584C82B00025574920464FF4C06672
:10CF300009F002FF092120460AF0E6FA46225121B3
:10CF40002B46204600950AF059FDE6222B464FF469
:10CF5000C871204600950AF051FD772379227C2183
:10CF600020460AF049FB494A1C23F3212046CDE91B
:10CF700000625F220AF0B2FB454A1B23AA21204629
:10CF8000CDE900527D220AF0A9FB424A1B23AA21C7
:10CF90002046CDE900529B220AF0A0FBFF23204649
:10CFA0001A4619460AF028FB4FF4A071204609F0F2
:10CFB00001FF092120460AF0A7FA4621204609F080
:10CFC00081FECD222B46A521204600950AF016FDB4
:10CFD000D0222B46D721204600950AF00FFD77235B
:10CFE00079227C2120460AF007FB2B4A1C23BC2116
:10CFF0002046CDE90062D0220AF070FBFF232046D4
:10D000001A4619460AF0F8FA4FF4A071204609F0C2
:10D01000D1FE092120460AF077FA4721204609F07F
:10D0200051FECD222B4640F21311204600950AF006
:10D03000E5FCD0222B4640F24511204600950AF02F
:10D04000DDFC772379227C2120460AF0D5FA134AA9
:10D050001C234FF495712046CDE90062D0220AF0DE
:10D060003DFB94F82030462B08D0472B04D10C49C7
:10D0700001220C4B0D601A6002B070BD094B1D609F
:10D0800002B070BD209D0020F2F2F200A417002033
:10D09000A0180020D8180020081800200C18002024
:10D0A0003CCA002040CA002070B53C4C82B000252C
:10D0B0003B4920464FF4C06609F03EFE0921204658
:10D0C0000AF022FA462251212B46204600950AF00A
:10D0D00095FCE6222B464FF4C871204600950AF0D5
:10D0E0008DFC772379227C2120460AF085FA2D4A8F
:10D0F0001C23F0212046CDE900625F220AF0EEFAFF
:10D10000294A1B236E212046CDE900527D220AF0D8
:10D11000E5FA264A1B23B4212046CDE9005291228C
:10D120000AF0DCFAFF2320461A4619460AF064FA90
:10D130004FF4A071204609F03DFE092120460AF077
:10D14000E3F99E21204609F0BDFDCD222B46DC21CE
:10D15000204600950AF052FCD0222B464FF48771EE
:10D16000204600950AF04AFC772379227C2120464C
:10D170000AF042FA0E4A1C23F5212046CDE900624E
:10D18000CF220AF0ABFA94F820309E2B04D1094943
:10D190002622094B0D601A6002B070BD209D002050
:10D1A000F2F2F200F01800201019002034190020CB
:10D1B0004419002024C7002034C8002030B5AC48F2
:10D1C00083B00AF0C7FEAB4DA94809F029F8322018
:10D1D00012F056FF2B68142B09D8002401200134CB
:10D1E00012F04EFF2B68142B01D8192CF6D1A04851
:10D1F0004FF4C06508F0DCFFFF239D4800241A4669
:10D20000194609F053FE9A4809F0B4FC77237922B5
:10D210007C2197480AF0F0F997481E232022F0213C
:10D22000CDE9005092480AF059FA4FF47F419048F6
:10D230000AF008F9FF238E481A4619460AF0DCF96D
:10D2400001218B480AF060F9092322464FF4C87186
:10D25000874800940AF0D2FB8849854809F06CFDA4
:10D26000C021834809F02EFD4FF48C71804809F0ED
:10D27000A1FD03217E480AF047F96C2223466E2166
:10D280007B4800940AF0BAFB6C2223464FF4B97134
:10D29000774800940AF0B2FBFF2375481A461946F6
:10D2A0000AF0AAF976491B236C227148CDE9005196
:10D2B000FA210AF013FA71496D4809F03DFDC321C6
:10D2C0006B4809F0FFFC4FF48C71694809F072FD5E
:10D2D000032167480AF018F9B42223467D216448E7
:10D2E00000940AF08BFBB422234640F2631160489D
:10D2F00000940AF083FBFF235D481A4619460AF0A2
:10D300007BF960491B23B4225948CDE90051F12132
:10D310000AF0E4F9A021564809F04CFD09215448CF
:10D320000AF0F2F85B21524809F0CCFC534950480E
:10D3300009F002FDEB22234640F2A9114C4800946B
:10D340000AF05CFB4FF4857223464FF4EE714848B7
:10D3500000940AF053FBFF2345481A4619460AF089
:10D360004BF949491B23FA224148CDE9005140F2CB
:10D37000C1110AF0B3F9A0213D4809F01BFD0921B4
:10D380003B480AF0C1F8AF21394809F09BFC3B4902
:10D39000374809F0D1FC0422234635481146009451
:10D3A0000AF02CFB232223463721314800940AF04F
:10D3B00025FBFF232E481A4619460AF01DF933486B
:10D3C0001B2314221F21CDE9005029480AF086F9B9
:10D3D0002F4B1B68012B15D0254C20460AF0C4FAB0
:10D3E00094F82030C22B06D8BF2B0ED9294B272208
:10D3F0001A6003B030BDC32BFBD1264B28221A6024
:10D4000003B030BDFFF750FEE6E75B2B29D1224B7E
:10D41000224A1B68224902EB83121369D469906A7D
:10D420002344526B034413448B4202D81D4B012208
:10D430001A604FF4A07240F23B71184813F012F9D1
:10D44000DC2240F25F61184813F00CF90A2240F622
:10D450009801164813F006F90E4B29221A6003B002
:10D4600030BDAF2BC5D10B4B3F221A6003B030BD8E
:10D47000209D0020FC8E0020B0090020D9D9D900C1
:10D480004C1900208C170020C4070020CC07002076
:10D4900024C7002034C80020C8C70020F88C002012
:10D4A0007F51010028C7002098C8002018C700201D
:10D4B00070B53C4C82B000253B4920464FF4C06615
:10D4C00009F03AFC092120460AF01EF846222821DC
:10D4D0002B46204600950AF091FADC222B464FF4A9
:10D4E000DC71204600950AF089FA772379227C21A5
:10D4F00020460AF081F82D4A1C23F0212046CDE970
:10D5000000624B220AF0EAF8294A1B236E212046CA
:10D51000CDE9005269220AF0E1F8264A1B23B42122
:10D520002046CDE9005282220AF0D8F8FF23204697
:10D530001A4619460AF060F84FF4A071204609F027
:10D5400039FC0921204609F0DFFF9F21204609F020
:10D55000B9FBB9222B46DC21204600950AF04EFA91
:10D56000BC222B464FF48771204600950AF046FAFC
:10D57000772379227C2120460AF03EF80E4A1C23AC
:10D58000F5212046CDE90062BB220AF0A7F894F805
:10D5900020309F2B04D109492622094B0D601A60C7
:10D5A00002B070BD209D0020F2F2F2005C19002054
:10D5B00010190020341900204419002028C7002029
:10D5C00034C800202DE9F047704882B00AF0C2FC50
:10D5D0006F4D6E4808F024FE322012F051FD2B688A
:10D5E000142B09D800240120013412F049FD2B68C6
:10D5F000142B01D8192CF6D1644D0024654E4FF43C
:10D60000C0682846644F08F0D3FDFF2328461A4619
:10D61000194609F04BFC284609F0ACFA7723792229
:10D620007C21284609F0E8FFFF2328461A461946C0
:10D6300009F0E2FF0121284609F066FF224609238E
:10D640004FF4C871284600940AF0D8F94FF4A0713D
:10D65000284609F0AFFB0921284609F055FF4F493C
:10D66000284609F069FB23464622322128460094C9
:10D670000AF0C4F92346C82240F2AD1128460094AE
:10D680000AF0BCF9772379227C21284609F0B4FFFF
:10D6900032684D21424B284601FB02331A22F02109
:10D6A000CDE900831E230AF019F83E4B49225F2181
:10D6B0002846CDE9008318230AF010F83A4B692276
:10D6C00068212846CDE900831B230AF007F8336858
:10D6D0001B225F2107EB8313A32093ED010AF1F7CF
:10D6E0000FFD324A1B2300940192C3215F2228467A
:10D6F00009F0F4FF33689B01FC58002C62D12C4ADE
:10D700001A235021284601927D22CDF8008009F08D
:10D71000E5FF33687422642107EB83132846D3EDB9
:10D72000037A1A230094FCEEE77ACDED017A0AF031
:10D7300027F8204A1A237B2128460192009474225C
:10D7400009F0CCFF1C4B316840F2B63033F8113091
:10D75000A3F1320292B2824200F2208307EE903AA5
:10D760009FED167AF8EEE77A87EE870A1A2274217F
:10D77000AA20F1F7C5FC124A0023C8210348CDE9CD
:10D7800000321A23742209F0A9FF48E0209D0020EE
:10D79000FC8E0020C8C70020F88C0020F2F2F200B6
:10D7A0008492002080090020841900205810002055
:10D7B000901900209819002018C7002000007A4412
:10D7C00094110020CD4A1B236821284601927D2216
:10D7D000CDF8008009F082FFC94B316840F2B630C5
:10D7E00033F81130A3F1320292B2824200F2DD82AC
:10D7F00007EE903A9FEDC37AF8EEE77A87EE870A54
:10D800001B227321AA20F1F77BFCBF4A0023C82109
:10D81000BE48CDE900321B23732209F05FFFBC4AEA
:10D820004FF4C0634C21B9480024DFF8F8A2DFF8B8
:10D83000F892DFF8F882CDE9003218239D2209F032
:10D840004DFFB24809F006FA332366220721AF489C
:10D8500009F0D2FE1023B6224221AC48CDE9004A9D
:10D8600009F03CFFA94809F0F5F9332366220721A6
:10D87000A64809F0C1FE1223B1227F21A3480094DB
:10D88000CDF8049009F02AFF1223B2229C219F4870
:10D890000094CDF8048009F021FF9C4809F0A2F91A
:10D8A0003368B6226C2107EB831398485B69CDE996
:10D8B0000043102309F064FF3368B6228C2107EB84
:10D8C000831392489B69CDE90043102309F058FF68
:10D8D0008E4809F087F98D4809F0BCF956231722C4
:10D8E000BD218A4809F088FE8A4BC422422187481C
:10D8F00001931023009409F0F1FE1223BF227F212F
:10D900008248CDE9004909F0E9FE1223C2229C2198
:10D910007E48CDE9004809F0E1FE3368C4226C215D
:10D9200007EB83137948DB6ACDE90043102309F044
:10D9300027FF3368C4228C2107EB831373481B6BCA
:10D94000CDE90043102309F01BFF704809F04AF9A4
:10D950006E4809F07FF93323662207216B4809F0EE
:10D960004BFE1023D22242216848CDE9004A09F03B
:10D97000B5FE1223CD227F216448CDE9004909F08C
:10D98000ADFE1223CE229C216048CDE9004809F06B
:10D99000A5FE3368D2226C2107EB83135B481B6A18
:10D9A000CDE90043102309F0EBFE3368D2228C212D
:10D9B00007EB831355485B6ACDE90043102309F058
:10D9C000DFFE524809F00EF9504809F043F9772379
:10D9D00079227C214D4809F00FFE4F4BC422AF2124
:10D9E0004A4801931023009409F078FE1223BF22C5
:10D9F000EA214648CDE9004909F070FE1223C2220F
:10DA000040F209114148CDF80480009409F066FE07
:10DA10003368C422D72107EB83133C489B6BCDE9C5
:10DA20000043102309F0ACFE3368C422F72107EB52
:10DA300083133648DB6BCDE90043102309F0A0FEC9
:10DA4000324809F0CFF833689B01FE58002E00F0F1
:10DA5000C480012E10D1FF232C481A46194609F024
:10DA6000CBFD3146294809F04FFD07236222F02102
:10DA70002648009409F0C2FFA021244809F09AF931
:10DA800009212248002409F03FFD90211F484FF44E
:10DA9000C06609F017F921491C4809F04DF9EB223D
:10DAA00040F2A91123461948009409F0A7FF4FF44A
:10DAB000857223464FF4EE711448009409F09EFFDE
:10DAC000FF2312481A46194609F096FD144A1B23F3
:10DAD00040F2C1110D48CDE90062FA2209F0FEFDC5
:10DAE000A0210A4809F066F90921084809F00CFD4F
:10DAF0009121064809F0E6F81AE000BF9C190020C1
:10DB000018C7002000007A4494110020209D0020B6
:10DB1000B0090020B01900208C170020D9D9D900F5
:10DB2000C4070020A8190020741C0020AC19002094
:10DB3000A449A54809F000F904222346A248114649
:10DB4000009409F05BFF2322234637219E4800946E
:10DB500009F054FFFF239C481A46194609F04CFD72
:10DB60009A491B2314229848CDE900611F2109F02E
:10DB7000B5FD974B1B68012B00F00D8192480024E6
:10DB800009F0F2FE9349944801230C600024934964
:10DB90000460072492480C60662492490460332490
:10DBA00091480C60402491490460962495F8202007
:10DBB0000C608F48912A8F4903600B6007D0902A30
:10DBC00002D18D4B2B221A6002B0BDE8F0878A4B40
:10DBD00023221A6002B0BDE8F087772379227C21E6
:10DBE000794809F009FD1021774809F0E3F804218C
:10DBF000754809F089FC33469222FA217248009652
:10DC000009F0FCFE3346922240F209116E4800965C
:10DC100009F0F4FE33466B2240F209116A4800967F
:10DC200009F0ECFE33466B224FF48771664800968C
:10DC300009F0E4FE334692224FF487716248009661
:10DC400009F0DCFE3346922240F213115E48009642
:10DC500009F0D4FE33466B2240F213115A48009665
:10DC600009F0CCFE33466B224FF48C715648009677
:10DC700009F0C4FE334692224FF48C71524800964C
:10DC800009F0BCFE3346922240F21D114E48009628
:10DC900009F0B4FE33466B2240F21D114A4800964B
:10DCA00009F0ACFE33466B224FF491714648009662
:10DCB00009F0A4FE334692224FF491714248009637
:10DCC00009F09CFE3346922240F24F113E480096E6
:10DCD00009F094FE33466B2240F24F113A48009609
:10DCE00009F08CFE33466B224FF4AA713648009639
:10DCF00009F084FE334692224FF4AA71324800960E
:10DD000009F07CFE3346922240F259112E480096CB
:10DD100009F074FE33466B2240F259112A480096EE
:10DD200009F06CFE33466B224FF4AF712648009623
:10DD300009F064FE334692224FF4AF7122480096F8
:10DD400009F05CFE3346922240F263111E480096B1
:10DD500009F054FE33466B2240F263111A480096D4
:10DD600009F04CFE33466B224FF4B471164800960E
:10DD700009F044FE334692224FF4B47112480096E3
:10DD800009F03CFE922233464FF4D9710E480096BA
:10DD900009F034FE70E6FFF78BFBEFE689017B5854
:10DDA000012B09D09FED150AE0E489017B58012B76
:10DDB00005D09FED120A23E59FED110AD6E49FEDF1
:10DDC000100A1DE5D9D9D900209D0020CC070020DC
:10DDD00028C7002044C800207CCA0020DC91002015
:10DDE000E0910020E4910020909300209493002083
:10DDF00038CA002040CA002034C80020CDCCCC3E18
:10DE00003333B33E2F49304A0B6812682F489B1AB0
:10DE1000834202D92E4B002018602C4BD1F800C051
:10DE2000D3182C482C4AA3EB0C032C4907EE103ACC
:10DE30002B4B9FED226BB8EE477B0360137827EEE8
:10DE4000067B012BBCEEC77B81ED007A14D072B645
:10DE50004FF0010C40F2995000234FF07E5182F8B0
:10DE600000C050804FF47A7050609160137313615A
:10DE70005361936162B67047538840F299519BB2E7
:10DE80008B42E4D15368B3F57A7FE0D1F7EE007AA4
:10DE900092ED027AB4EE677AF1EE10FAD7D1137BE5
:10DEA000002BD4D11369002BD1D15369002BCED1D3
:10DEB0009369002BCBD1DEE7AFF30080FCA9F1D250
:10DEC0004D62503F48CA002044C7002040771B00E5
:10DED000749300207CCA0020008F00207C920020D8
:10DEE0000020B344F0B5C14883B00AF033F8C04D08
:10DEF000BE4808F095F9322012F0C2F82B68142BB6
:10DF000009D800240134012012F0BAF82B68192C2A
:10DF100001D0142BF6D9B54DB64C284608F048F977
:10DF2000FF2328461A46194608F0C0FF284608F085
:10DF300021FE772379227C21284609F05DFB2368A6
:10DF4000002B40F0B48100261A23FC2240F243113A
:10DF5000A648CDE9006609F013FC21681A23FC22CB
:10DF6000A248CDE900614FF4A67109F009FCA2496D
:10DF70000024A24E1A23FC229C48CDE9004140F225
:10DF8000551109F0ABFB31681A23FC22092900F373
:10DF9000868140F259119548CDE9004409F0F0FB23
:10DFA00031681A23FC229148CDE900414FF4B17148
:10DFB00009F0E6FB10F0A4FB20B1914B1968002991
:10DFC00000F086818F4800211A23FC22CDE9001041
:10DFD00040F26911854809F081FB8B4C21680929C1
:10DFE00000F3528100261A23FC2240F28B117F4855
:10DFF000CDE9006609F0C4FB21681A23FC227B48A6
:10E00000CDE9006140F2931109F0BAFB7F4E002484
:10E010007F4F1A23FC2240F29B117448CDE9004641
:10E0200009F05CFB3A681A23092A00F32481FC22D8
:10E0300040F2A1116D48CDE9004409F0A1FB3A6816
:10E040001A2340F2A9116948CDE90042FC2209F0E7
:10E0500097FB00241A23FC2240F2B11163486D4F54
:10E06000CDE9004609F03AFB6B491A23FC22096806
:10E070004FF4C0665D48CDE9004140F2B71109F0A8
:10E080007FFBFF2359481A46194609F0B5FA0121CA
:10E09000564809F039FA224601234FF4C871534813
:10E0A000009409F0ABFC4FF4A071504808F082FED8
:10E0B00009214E4809F028FA58494C4808F03CFE1E
:10E0C0002346642282214948009409F097FC2346A4
:10E0D000D2224FF4AF714548009409F08FFC3A68A2
:10E0E0004F4977234148A1FB02127C2152093A6033
:10E0F000792209F081FA4B4B8722F0213B48CDE988
:10E1000000631F2309F0EAFABE22474B1146374845
:10E11000CDE90063172309F0E1FA3B68BE22F5213F
:10E120003248CDE900631C2309F02AFB3F4BBE2295
:10E1300040F227112D48CDE90063172309F0CEFAEC
:10E14000A0212A4808F036FE0921284809F0DCF908
:10E150000F21264808F0B6FD3549244808F0ECFDAB
:10E160000422234621481146009409F047FC234627
:10E17000232237211D48009409F040FCFF231B484F
:10E180001A46194609F038FA2A4A2B4C1B231F213C
:10E190001648CDE90062142209F0A0FA2368012B89
:10E1A00000F0A180114809F0DFFBFFF72BFE95F886
:10E1B00020300F2B01D101232360204A13687BB943
:10E1C00001201F49236010604FF4E16009681D4A77
:10E1D0001D4B116000211D4A3860116004221A6035
:10E1E0001B4B1A68002A44D134E000BF209D002058
:10E1F000FC8E002080C70020AC07002090C70020C4
:10E2000010C70020B80700202CC70020C00700203E
:10E21000A0C700207C9200208CCA0020F2F2F200FD
:10E2200089888888B8190020C4190020D0190020D6
:10E23000D9D9D900CC0700206CC7002070C70020B6
:10E2400048CA002044C7002034C800207CCA0020EF
:10E250007493002025490120254A096818604FF46D
:10E26000E16011600021234A234B116004223860D1
:10E270001A6003B0F0BDCDE9004240F29F11FC22CC
:10E280001E4809F07DFAE4E600201A23FC22CDE9BD
:10E29000000140F28911194809F072FAB6E6CDE999
:10E2A0000041164840F2591109F06AFA82E610F06E
:10E2B00007FA092820607FF746AE00211A23FC22C6
:10E2C000CDE900104FF4A171284609F059FA4EE645
:10E2D0000B481A23FC22CDE9001040F269110748CF
:10E2E00009F0FCF979E6FEF757FD5BE748CA002024
:10E2F00044C700207CCA002034C80020209D002094
:10E30000B0070020F0B5C04883B009F023FEBF4D30
:10E31000BD4807F085FF322011F0B2FE2B68142BA8
:10E3200009D800240134012011F0AAFE2B68192C11
:10E3300001D0142BF6D9B44DB54C284607F038FF60
:10E34000FF2328461A46194608F0B0FD284608F073
:10E3500011FC772379227C21284609F04DF92368A6
:10E36000002B40F0AD8100261A23FC2240F243111D
:10E37000A548CDE9006609F003FA21681A23FC22BA
:10E38000A148CDE900614FF4A67109F0F9F9A1495E
:10E390000024A14E1A23FC229B48CDE9004140F203
:10E3A000551109F09BF931681A23FC22092900F361
:10E3B0007F8140F259119448CDE9004409F0E0F919
:10E3C00031681A23FC229048CDE900414FF4B17125
:10E3D00009F0D6F910F094F920B1904B1968002992
:10E3E00000F07F818E4800211A23FC22CDE9001025
:10E3F00040F26911844809F071F98A4C21680929B1
:10E4000000F34B8100261A23FC2240F28B117E4838
:10E41000CDE9006609F0B4F921681A23FC227A4894
:10E42000CDE9006140F2931109F0AAF97E4E002473
:10E430007E4F1A23FC2240F29B117348CDE900461F
:10E4400009F04CF93A681A23092A00F31D81FC22CD
:10E4500040F2A1116C48CDE9004409F091F93A6805
:10E460001A2340F2A9116848CDE90042FC2209F0C4
:10E4700087F900241A23FC2240F2B11162486C4F44
:10E48000CDE9004609F02AF96A491A23FC220968F5
:10E490004FF4C0665C48CDE9004140F2B71109F085
:10E4A0006FF94FF4A071584808F084FC09215648D0
:10E4B00009F02AF86049544808F03EFC23466422DB
:10E4C00082215148009409F099FA2346D2224FF450
:10E4D000AF714D48009409F091FA3A685749772393
:10E4E0004948A1FB02127C2152093A60792209F0C5
:10E4F00083F8534B8722F0214348CDE900631F2363
:10E5000009F0ECF8BE224F4B11463F48CDE90063BD
:10E51000172309F0E3F83B68BE22F5213A48CDE91C
:10E5200000631C2309F02CF9474BBE2240F227114F
:10E530003548CDE90063172309F0D0F8FF233248AE
:10E540001A46194609F058F801212F4808F0DCFF57
:10E55000224602234FF4C8712B48009409F04EFA6A
:10E56000A021294808F026FC0921274808F0CCFF03
:10E570001E21254808F0A6FB3449234808F0DCFB9F
:10E580000422234620481146009409F037FA234616
:10E59000232237211C48009409F030FAFF231A483F
:10E5A0001A46194609F028F8294A1B231F21164844
:10E5B000284CCDE900621422274E09F08FF8012380
:10E5C00023603368012B00F097800F4809F0CCF9E5
:10E5D000FFF718FC95F820301E2B01D10123336082
:10E5E000236863B91D4A01213360216011681C4A08
:10E5F0001C4B11604FF4E1610B2239601A601A4B19
:10E600001A68002A3ED131E0209D0020FC8E0020B7
:10E6100080C70020AC07002090C7002010C7002052
:10E62000B80700202CC70020C0070020A0C700208A
:10E630007C9200208CCA0020F2F2F200898888883F
:10E64000B8190020C4190020D0190020D9D9D90048
:10E65000CC07002070C700206CC7002048CA0020EB
:10E6600044C7002034C800207493002024490120AE
:10E67000244A0968186011604FF4E161224B0B22B3
:10E6800039601A6003B0F0BDCDE9004240F29F113D
:10E69000FC221E4809F074F8EBE600201A23FC2245
:10E6A000CDE9000140F28911184809F069F8BDE68A
:10E6B000CDE90041154840F2591109F061F889E6A9
:10E6C0000FF0FEFF092820607FF74DAE00211A23CE
:10E6D000FC22CDE900104FF4A171284609F050F852
:10E6E00055E60B481A23FC22CDE9001040F26911CF
:10E6F000064808F0F3FF80E6FEF74EFB65E700BF33
:10E7000048CA002044C7002034C80020209D0020B3
:10E71000B0070020F0B5C14883B009F01BFCC04D24
:10E72000BE4807F07DFD322011F0AAFC2B68142BA7
:10E7300009D800240134012011F0A2FC2B68192C07
:10E7400001D0142BF6D9B54DB64C284607F030FD54
:10E75000FF2328461A46194608F0A8FB284608F069
:10E7600009FA772379227C21284608F045FF23689F
:10E77000002B40F0B48100261A23FC2240F2431102
:10E78000A648CDE9006608F0FBFF21681A23FC22A9
:10E79000A248CDE900614FF4A67108F0F1FFA2494B
:10E7A0000024A24E1A23FC229C48CDE9004140F2ED
:10E7B000551108F093FF31681A23FC22092900F350
:10E7C000868140F259119548CDE9004408F0D8FF00
:10E7D00031681A23FC229148CDE900414FF4B17110
:10E7E00008F0CEFF0FF08CFF20B1914B1968002983
:10E7F00000F086818F4800211A23FC22CDE9001009
:10E8000040F26911854808F069FF8B4C216809299D
:10E8100000F3528100261A23FC2240F28B117F481C
:10E82000CDE9006608F0ACFF21681A23FC227B4882
:10E83000CDE9006140F2931108F0A2FF7F4E002461
:10E840007F4F1A23FC2240F29B117448CDE9004609
:10E8500008F044FF3A681A23092A00F32481FC22B5
:10E8600040F2A1116D48CDE9004408F089FF3A68F3
:10E870001A2340F2A9116948CDE90042FC2208F0B0
:10E880007FFF00241A23FC2240F2B11163486D4F30
:10E89000CDE9004608F022FF6B491A23FC220968E3
:10E8A0004FF4C0665D48CDE9004140F2B71108F071
:10E8B00067FFFF2359481A46194608F09DFE0121BB
:10E8C000564808F021FE224603234FF4C8715348EE
:10E8D000009409F093F84FF4A071504808F06AFAD8
:10E8E00009214E4808F010FE58494C4808F024FA17
:10E8F0002346642282214948009409F07FF8234688
:10E90000D2224FF4AF714548009409F077F83A6885
:10E910004F4977234148A1FB02127C2152093A60FA
:10E92000792208F069FE4B4B8722F0213B48CDE964
:10E9300000631F2308F0D2FEBE22474B1146374822
:10E94000CDE90063172308F0C9FE3B68BE22F5211C
:10E950003248CDE900631C2308F012FF3F4BBE2272
:10E9600040F227112D48CDE90063172308F0B6FEC9
:10E97000A0212A4808F01EFA0921284808F0C4FD01
:10E980002C21264808F09EF93549244808F0D4F98E
:10E990000422234621481146009409F02FF823460B
:10E9A000232237211D48009409F028F8FF231B4833
:10E9B0001A46194608F020FE2A4A2B4C1B231F2119
:10E9C0001648CDE90062142208F088FE2368012B66
:10E9D00000F0A180114808F0C7FFFFF713FA95F87F
:10E9E00020302C2B01D101232360204A13687BB9EE
:10E9F00001201F49236010604FF4E16009681D4A3F
:10EA00001D4B116012211D4A3860116000221A60EE
:10EA10001B4B1A68002A44D134E000BF209D00201F
:10EA2000FC8E002080C70020AC07002090C700208B
:10EA300010C70020B80700202CC70020C007002006
:10EA4000A0C700207C9200208CCA0020F2F2F200C5
:10EA500089888888B8190020C4190020D01900209E
:10EA6000D9D9D900CC0700206CC7002070C700207E
:10EA700048CA002044C700207CCA002034C80020B7
:10EA80007493002025490120254A096818604FF435
:10EA9000E16011600021234A234B1160122238608B
:10EAA0001A6003B0F0BDCDE9004240F29F11FC2294
:10EAB0001E4808F065FEE4E600201A23FC22CDE99A
:10EAC000000140F28911194808F05AFEB6E6CDE976
:10EAD0000041164840F2591108F052FE82E60FF04C
:10EAE000EFFD092820607FF746AE00211A23FC22A3
:10EAF000CDE900104FF4A171284608F041FE4EE622
:10EB00000B481A23FC22CDE9001040F26911074896
:10EB100008F0E4FD79E6FEF73FF95BE748CA00201C
:10EB200044C700207CCA002034C80020209D00205B
:10EB3000B0070020F0B5C04883B009F00BFABF4D14
:10EB4000BD4807F06DFB322011F09AFA2B68142BA8
:10EB500009D800240134012011F092FA2B68192CF5
:10EB600001D0142BF6D9B44DB54C284607F020FB44
:10EB7000FF2328461A46194608F098F9284607F058
:10EB8000F9FF772379227C21284608F035FD236898
:10EB9000002B40F0AD8100261A23FC2240F24311E5
:10EBA000A548CDE9006608F0EBFD21681A23FC2298
:10EBB000A148CDE900614FF4A67108F0E1FDA1493B
:10EBC0000024A14E1A23FC229B48CDE9004140F2CB
:10EBD000551108F083FD31681A23FC22092900F33E
:10EBE0007F8140F259119448CDE9004408F0C8FDF6
:10EBF00031681A23FC229048CDE900414FF4B171ED
:10EC000008F0BEFD0FF07CFD20B1904B1968002983
:10EC100000F07F818E4800211A23FC22CDE90010EC
:10EC200040F26911844808F059FD8A4C216809298D
:10EC300000F34B8100261A23FC2240F28B117E4800
:10EC4000CDE9006608F09CFD21681A23FC227A4871
:10EC5000CDE9006140F2931108F092FD7E4E002450
:10EC60007E4F1A23FC2240F29B117348CDE90046E7
:10EC700008F034FD3A681A23092A00F31D81FC22AA
:10EC800040F2A1116C48CDE9004408F079FD3A68E2
:10EC90001A2340F2A9116848CDE90042FC2208F08D
:10ECA0006FFD00241A23FC2240F2B11162486C4F20
:10ECB000CDE9004608F012FD6A491A23FC220968D2
:10ECC0004FF4C0665C48CDE9004140F2B71108F04E
:10ECD00057FDFF2358481A46194608F08DFC0121BC
:10ECE000554808F011FC224606234FF4C8715248DB
:10ECF000009408F083FE4FF4A0714F4808F05AF8D2
:10ED000009214D4808F000FC57494B4808F014F819
:10ED10002346642282214848009408F06FFE23466F
:10ED2000D2224FF4AF714448009408F067FE3A686D
:10ED30004E4977234048A1FB02127C2152093A60D8
:10ED4000792208F059FC4A4B8722F0213A48CDE954
:10ED500000631F2308F0C2FCBE22464B1146364812
:10ED6000CDE90063172308F0B9FC3B68BE22F5210A
:10ED70003148CDE900631C2308F002FD3E4BBE2262
:10ED800040F227112C48CDE90063172308F0A6FCB8
:10ED9000A021294808F00EF80921274808F0B4FB03
:10EDA000AD21254807F08EFF3449234807F0C4FF02
:10EDB0000422234620481146009408F01FFE2346F3
:10EDC000232237211C48009408F018FEFF231A481C
:10EDD0001A46194608F010FC294A1B231F21164821
:10EDE000284CCDE900621422274E08F077FC01235D
:10EDF00023603368012B00F097800F4808F0B4FDC2
:10EE0000FFF700F895F82030AD2B01D101233360D6
:10EE1000236863B91D4A01213360216011681C4ACF
:10EE20001C4B11604FF4E161192239601A601A4BD2
:10EE30001A68002A3ED131E0209D0020FC8E00207F
:10EE400080C70020AC07002090C7002010C700201A
:10EE5000B80700202CC70020C0070020A0C7002052
:10EE60007C9200208CCA0020F2F2F2008988888807
:10EE7000B8190020C4190020D0190020D9D9D90010
:10EE8000CC07002070C700206CC7002048CA0020B3
:10EE900044C7002034C80020749300202449012076
:10EEA000244A0968186011604FF4E161224B19226D
:10EEB00039601A6003B0F0BDCDE9004240F29F1105
:10EEC000FC221E4808F05CFCEBE600201A23FC2222
:10EED000CDE9000140F28911184808F051FCBDE667
:10EEE000CDE90041154840F2591108F049FC89E686
:10EEF0000FF0E6FB092820607FF74DAE00211A23B2
:10EF0000FC22CDE900104FF4A171284608F038FC2E
:10EF100055E60B481A23FC22CDE9001040F2691196
:10EF2000064808F0DBFB80E6FDF736FF65E700BF2B
:10EF300048CA002044C7002034C80020209D00207B
:10EF4000B0070020F0B5C04883B009F003F8BF4D0A
:10EF5000BD4807F065F9322011F092F82B68142BA8
:10EF600009D800240134012011F08AF82B68192CEB
:10EF700001D0142BF6D9B44DB54C284607F018F93A
:10EF8000FF2328461A46194607F090FF284607F047
:10EF9000F1FD772379227C21284608F02DFB236898
:10EFA000002B40F0AD8100261A23FC2240F24311D1
:10EFB000A548CDE9006608F0E3FB21681A23FC228E
:10EFC000A148CDE900614FF4A67108F0D9FBA14931
:10EFD0000024A14E1A23FC229B48CDE9004140F2B7
:10EFE000551108F07BFB31681A23FC22092900F334
:10EFF0007F8140F259119448CDE9004408F0C0FBEC
:10F0000031681A23FC229048CDE900414FF4B171D8
:10F0100008F0B6FB0FF074FB20B1904B1968002983
:10F0200000F07F818E4800211A23FC22CDE90010D8
:10F0300040F26911844808F051FB8A4C2168092983
:10F0400000F34B8100261A23FC2240F28B117E48EC
:10F05000CDE9006608F094FB21681A23FC227A4867
:10F06000CDE9006140F2931108F08AFB7E4E002446
:10F070007E4F1A23FC2240F29B117348CDE90046D3
:10F0800008F02CFB3A681A23092A00F31D81FC22A0
:10F0900040F2A1116C48CDE9004408F071FB3A68D8
:10F0A0001A2340F2A9116848CDE90042FC2208F079
:10F0B00067FB00241A23FC2240F2B11162486C4F16
:10F0C000CDE9004608F00AFB6A491A23FC220968C8
:10F0D0004FF4C0665C48CDE9004140F2B71108F03A
:10F0E0004FFBFF2358481A46194608F085FA0121BC
:10F0F000554808F009FA22460A234FF4C8715248CD
:10F10000009408F07BFC4FF4A0714F4807F052FECA
:10F1100009214D4808F0F8F957494B4807F00CFE13
:10F120002346642282214848009408F067FC234665
:10F13000D2224FF4AF714448009408F05FFC3A6863
:10F140004E4977234048A1FB02127C2152093A60C4
:10F15000792208F051FA4A4B8722F0213A48CDE94A
:10F1600000631F2308F0BAFABE22464B1146364808
:10F17000CDE90063172308F0B1FA3B68BE22F52100
:10F180003148CDE900631C2308F0FAFA3E4BBE2259
:10F1900040F227112C48CDE90063172308F09EFAAE
:10F1A000A021294807F006FE0921274808F0ACF9FC
:10F1B000CF21254807F086FD3449234807F0BCFDE0
:10F1C0000422234620481146009408F017FC2346E9
:10F1D000232237211C48009408F010FCFF231A4812
:10F1E0001A46194608F008FA294A1B231F21164817
:10F1F000284CCDE900621422274E08F06FFA012353
:10F2000023603368012B00F097800F4808F0ACFBB7
:10F21000FEF7F8FD95F82030CF2B01D101233360A4
:10F22000236863B91D4A01213360216011681C4ABB
:10F230001C4B11604FF4E1613A2239601A601A4B9D
:10F240001A68002A3ED131E0209D0020FC8E00206B
:10F2500080C70020AC07002090C7002010C7002006
:10F26000B80700202CC70020C0070020A0C700203E
:10F270007C9200208CCA0020F2F2F20089888888F3
:10F28000B8190020C4190020D0190020D9D9D900FC
:10F29000CC07002070C700206CC7002048CA00209F
:10F2A00044C7002034C80020749300202449012062
:10F2B000244A0968186011604FF4E161224B3A2238
:10F2C00039601A6003B0F0BDCDE9004240F29F11F1
:10F2D000FC221E4808F054FAEBE600201A23FC2218
:10F2E000CDE9000140F28911184808F049FABDE65D
:10F2F000CDE90041154840F2591108F041FA89E67C
:10F300000FF0DEF9092820607FF74DAE00211A23A7
:10F31000FC22CDE900104FF4A171284608F030FA24
:10F3200055E60B481A23FC22CDE9001040F2691182
:10F33000064808F0D3F980E6FDF72EFD65E700BF2B
:10F3400048CA002044C7002034C80020209D002067
:10F35000B0070020F0B5C14883B008F0FBFDC04DF8
:10F36000BE4806F05DFF322010F08AFE2B68142B99
:10F3700009D800240134012010F082FE2B68192CDA
:10F3800001D0142BF6D9B54DB64C284606F010FF27
:10F39000FF2328461A46194607F088FD284607F03D
:10F3A000E9FB772379227C21284608F025F9236898
:10F3B000002B40F0B48100261A23FC2240F24311B6
:10F3C000A648CDE9006608F0DBF921681A23FC2283
:10F3D000A248CDE900614FF4A67108F0D1F9A24925
:10F3E0000024A24E1A23FC229C48CDE9004140F2A1
:10F3F000551108F073F931681A23FC22092900F32A
:10F40000868140F259119548CDE9004408F0B8F9D9
:10F4100031681A23FC229148CDE900414FF4B171C3
:10F4200008F0AEF90FF06CF920B1914B1968002982
:10F4300000F086818F4800211A23FC22CDE90010BC
:10F4400040F26911854808F049F98B4C2168092977
:10F4500000F3528100261A23FC2240F28B117F48D0
:10F46000CDE9006608F08CF921681A23FC227B485C
:10F47000CDE9006140F2931108F082F97F4E00243B
:10F480007F4F1A23FC2240F29B117448CDE90046BD
:10F4900008F024F93A681A23092A00F32481FC228F
:10F4A00040F2A1116D48CDE9004408F069F93A68CD
:10F4B0001A2340F2A9116948CDE90042FC2208F064
:10F4C0005FF900241A23FC2240F2B11163486D4F0A
:10F4D000CDE9004608F002F96B491A23FC220968BD
:10F4E0004FF4C0665D48CDE9004140F2B71108F025
:10F4F00047F9FF2359481A46194608F07DF80121BB
:10F50000564808F001F8224605234FF4C8715348C5
:10F51000009408F073FA4FF4A071504807F04AFCC9
:10F5200009214E4807F0F0FF58494C4807F004FC09
:10F530002346642282214948009408F05FFA23465A
:10F54000D2224FF4AF714548009408F057FA3A6858
:10F550004F4977234148A1FB02127C2152093A60AE
:10F56000792208F049F84B4B8722F0213B48CDE93E
:10F5700000631F2308F0B2F8BE22474B11463748FC
:10F58000CDE90063172308F0A9F83B68BE22F521F6
:10F590003248CDE900631C2308F0F2F83F4BBE224D
:10F5A00040F227112D48CDE90063172308F096F8A3
:10F5B000A0212A4807F0FEFB0921284807F0A4FFF4
:10F5C0008821264807F07EFB3549244807F0B4FB24
:10F5D0000422234621481146009408F00FFA2346DE
:10F5E000232237211D48009408F008FAFF231B4806
:10F5F0001A46194608F000F82A4A2B4C1B231F21F3
:10F600001648CDE90062142208F068F82368012B3F
:10F6100000F0A180114808F0A7F9FEF7F3FB95F878
:10F620002030882B01D101232360204A13687BB945
:10F6300001201F49236010604FF4E16009681D4AF2
:10F640001D4B11602F211D4A3860116000221A6085
:10F650001B4B1A68002A44D134E000BF209D0020D3
:10F66000FC8E002080C70020AC07002090C700203F
:10F6700010C70020B80700202CC70020C0070020BA
:10F68000A0C700207C9200208CCA0020F2F2F20079
:10F6900089888888B8190020C4190020D019002052
:10F6A000D9D9D900CC0700206CC7002070C7002032
:10F6B00048CA002044C700207CCA002034C800206B
:10F6C0007493002025490120254A096818604FF4E9
:10F6D000E16011600021234A234B11602F22386022
:10F6E0001A6003B0F0BDCDE9004240F29F11FC2248
:10F6F0001E4808F045F8E4E600201A23FC22CDE974
:10F70000000140F28911194808F03AF8B6E6CDE94F
:10F710000041164840F2591108F032F882E60EF026
:10F72000CFFF092820607FF746AE00211A23FC2274
:10F73000CDE900104FF4A171284608F021F84EE6FB
:10F740000B481A23FC22CDE9001040F2691107484A
:10F7500007F0C4FF79E6FDF71FFB5BE748CA00200E
:10F7600044C700207CCA002034C80020209D00200F
:10F77000B0070020F0B5C14883B008F0EBFBC04DE6
:10F78000BE4806F04DFD322010F07AFC2B68142B99
:10F7900009D800240134012010F072FC2B68192CC8
:10F7A00001D0142BF6D9B54DB64C284606F000FD15
:10F7B000FF2328461A46194607F078FB284607F02B
:10F7C000D9F9772379227C21284607F015FF236891
:10F7D000002B40F0B48100261A23FC2240F2431192
:10F7E000A648CDE9006607F0CBFF21681A23FC226A
:10F7F000A248CDE900614FF4A67107F0C1FFA2490C
:10F800000024A24E1A23FC229C48CDE9004140F27C
:10F81000551107F063FF31681A23FC22092900F310
:10F82000868140F259119548CDE9004407F0A8FFC0
:10F8300031681A23FC229148CDE900414FF4B1719F
:10F8400007F09EFF0EF05CFF20B1914B1968002974
:10F8500000F086818F4800211A23FC22CDE9001098
:10F8600040F26911854807F039FF8B4C216809295E
:10F8700000F3528100261A23FC2240F28B117F48AC
:10F88000CDE9006607F07CFF21681A23FC227B4843
:10F89000CDE9006140F2931107F072FF7F4E002422
:10F8A0007F4F1A23FC2240F29B117448CDE9004699
:10F8B00007F014FF3A681A23092A00F32481FC2276
:10F8C00040F2A1116D48CDE9004407F059FF3A68B4
:10F8D0001A2340F2A9116948CDE90042FC2207F041
:10F8E0004FFF00241A23FC2240F2B11163486D4FF0
:10F8F000CDE9004607F0F2FE6B491A23FC220968A5
:10F900004FF4C0665D48CDE9004140F2B71107F001
:10F9100037FFFF2359481A46194607F06DFE0121AB
:10F92000564807F0F1FD224609234FF4C8715348A9
:10F93000009408F063F84FF4A071504807F03AFAC9
:10F9400009214E4807F0E0FD58494C4807F0F4F90A
:10F950002346642282214948009408F04FF8234648
:10F96000D2224FF4AF714548009408F047F83A6846
:10F970004F4977234148A1FB02127C2152093A608A
:10F98000792207F039FE4B4B8722F0213B48CDE925
:10F9900000631F2307F0A2FEBE22474B11463748E3
:10F9A000CDE90063172307F099FE3B68BE22F521DD
:10F9B0003248CDE900631C2307F0E2FE3F4BBE2234
:10F9C00040F227112D48CDE90063172307F086FE8A
:10F9D000A0212A4807F0EEF90921284807F094FDF4
:10F9E0009321264807F06EF93549244807F0A4F919
:10F9F0000422234621481146009407F0FFFF2346C6
:10FA0000232237211D48009407F0F8FFFF231B48ED
:10FA10001A46194607F0F0FD2A4A2B4C1B231F21DA
:10FA20001648CDE90062142207F058FE2368012B26
:10FA300000F0A180114807F097FFFEF7E3F995F871
:10FA40002030932B01D101232360204A13687BB916
:10FA500001201F49236010604FF4E16009681D4ACE
:10FA60001D4B116000211D4A3860116029221A6067
:10FA70001B4B1A68002A44D134E000BF209D0020AF
:10FA8000FC8E002080C70020AC07002090C700201B
:10FA900010C70020B80700202CC70020C007002096
:10FAA000A0C700207C9200208CCA0020F2F2F20055
:10FAB00089888888B8190020C4190020D01900202E
:10FAC000D9D9D900CC0700206CC7002070C700200E
:10FAD00048CA002044C7002034C800207CCA002047
:10FAE0007493002025490120254A096818604FF4C5
:10FAF000E16011600021234A234B11602922386004
:10FB00001A6003B0F0BDCDE9004240F29F11FC2223
:10FB10001E4807F035FEE4E600201A23FC22CDE95A
:10FB2000000140F28911194807F02AFEB6E6CDE936
:10FB30000041164840F2591107F022FE82E60EF00D
:10FB4000BFFD092820607FF746AE00211A23FC2262
:10FB5000CDE900104FF4A171284607F011FE4EE6E2
:10FB60000B481A23FC22CDE9001040F26911074826
:10FB700007F0B4FD79E6FDF70FF95BE748CA00200E
:10FB800044C700207CCA002034C80020209D0020EB
:10FB9000B007002030B52E4B87B02E4C1A68206875
:10FBA0002D49121A8A4218D82C4D1A682968521AFF
:10FBB0002B498A421FD80023B6EE000A4FF47A720E
:10FBC0004FF4806102200093CDE90133EFF762F832
:10FBD00007B0BDE83040EFF731BB1A68214822601A
:10FBE0000268196801321D4D02601A682960521AB4
:10FBF0001B498A42DFD91B4B40F21C5105A81A68E9
:10FC00000592042210F02EFD114B1A682A6011F0A3
:10FC1000E5FF154A1278002ACDD0144A1278D3078E
:10FC2000C9D513490A4B1A680968521A0E2AC2D953
:10FC300011F062FFFF28064BBDDD1868094A2368F2
:10FC40001268C31A0B490C480FF0A4FFB3E700BFBA
:10FC500048CA002034C70020005C260540C70020A9
:10FC6000E093040000920020B9CA0020B8CA002026
:10FC700070CA0020DC190020E08E00202DE9F04140
:10FC8000C64884B008F066F9C54DC44806F0C8FA05
:10FC9000322010F0F5F92B68142B09D80024013418
:10FCA000012010F0EDF92B68192C01D0142BF6D996
:10FCB000BA4EBC4C304606F07BFAFF2330461A465B
:10FCC000194607F0F3F8304606F054FF77237922FF
:10FCD0007C21304607F090FC2368002B40F08082A6
:10FCE00000251A2306220421AC48CDE9005507F06F
:10FCF00047FD21681A230622A848CDE900510E21AC
:10FD000007F03EFDA8490024A84D1A230622A34867
:10FD1000CDE90041172107F0E1FC29681A230622EA
:10FD2000092900F356821C219C48CDE9004407F0C4
:10FD300027FD29681A2306229848CDE9004125218C
:10FD400007F01EFD0EF0DCFC20B1994B196800296C
:10FD500000F05682974800211A230622CDE90010B0
:10FD60002B218E4807F0BAFC934C2168092900F337
:10FD7000268200251A2306224B218848CDE900550A
:10FD800007F0FEFC21681A2306228448CDE90051C1
:10FD9000552107F0F5FC894D0024894F1A230622CE
:10FDA0005D217E48CDE9004507F098FC3A681A23AA
:10FDB000092A00F3FC81062263217848CDE900443A
:10FDC00007F0DEFC3A681A236B217448CDE9004243
:10FDD000062207F0D5FC00241A23062273216F485F
:10FDE000784FDFF80C82CDE9004507F077FC7649C3
:10FDF0001A23062209684FF4C0656848CDE900411E
:10FE0000792107F0BDFC772379227C21634807F034
:10FE1000F3FB6E4A172340F263116048CDE90052AC
:10FE2000492207F05BFC6A4A1A234FF4B6715B481B
:10FE3000CDE90052642207F051FC664A1A234FF4C0
:10FE4000B6715648CDE900527D2207F047FC624A60
:10FE5000172340F24F115148CDE90052952207F087
:10FE60003DFC5E494D4806F067FF5D4A1A234FF49A
:10FE7000AD714A48CDE90052AD2207F02FFC4FF496
:10FE8000A071464806F096FF0921444807F03CFB64
:10FE90005449424806F050FF4122234628213F485A
:10FEA000009407F0ABFDB9222346D2213B480094D1
:10FEB00007F0A4FD772379227C21384807F09CFBCA
:10FEC000494A1C2330213548CDE90052502207F021
:10FED00005FC00953B6850224C21304801931C23BF
:10FEE00007F04EFC414B50229A212C48CDE900539B
:10FEF0001C2307F0F3FB772379227C21274807F0A6
:10FF00007BFB1021254806F055FF0421234807F00C
:10FF1000FBFA2346AE2224212048009407F06EFD10
:10FF20002346AE2233211D48009407F067FD234687
:10FF3000912233211948009407F060FD2346912255
:10FF400051211648009407F059FD2346AE22512155
:10FF50001248009407F052FD2346AE226F210F484D
:10FF6000009407F04BFD234691226F210B4800942B
:10FF700007F044FD234691228D210848009407F0A4
:10FF80003DFD2346AE228D210448009407F036FD46
:10FF90002346AE22AB21014800942BE0209D002097
:10FFA000FC8E002080C70020AC07002090C70020F6
:10FFB00010C70020B80700202CC70020C007002071
:10FFC000A0C70020009200208CCA002080090020D9
:10FFD0008C0900209C090020B009002058D75A0045
:10FFE000B8090020F2F2F200141A0020181A0020BA
:10FFF0003CCA002007F002FD23469122AB219D4818
:02000004600298
:10000000009407F0FBFC23469122C92199480094F3
:1000100007F0F4FC2346AE22C9219648009407F06D
:10002000EDFC2346AE22D8219248009407F0E6FC6E
:100030009149904806F080FE98218E4806F0F8FE1F
:1000400002218C4807F060FA8C4B00941A888C4B84
:1000500088481988234607F0D1FCFF2385481A46B3
:10006000194607F0C9FA0121824807F04DFA012329
:1000700022464FF4C8717F48009407F0BFFC4FF44C
:10008000A0717C4806F096FE09217A4807F03CFAF8
:100090001521784806F016FE7A49764806F04CFE9F
:1000A0002346D72240F213117248009407F0A6FCB1
:1000B0002346DA2240F245116E48009407F09EFC78
:1000C000FF236C481A46194607F096FA6E4BD82261
:1000D0004FF495716748CDE900531C2307F0FEFAF1
:1000E0004FF4A071634806F065FE0921614807F0EE
:1000F0000BFA16215F4806F0E5FD62495D4806F0FF
:100100001BFE2346D72240F281115A48009407F083
:1001100075FC2346DA2240F2B3115648009407F0EA
:100120006DFCFF2353481A46194607F065FA574AF3
:100130001C2340F29B114F48CDE90052D82207F012
:10014000CDFAD8F80030012B00F09180EFF7BCF821
:10015000484807F009FCFFF71DFD96F82030162BE4
:1001600002D10123C8F80030494B4A4D1C682A6867
:10017000A24207D02C60E4B26420214610F0D2F9EC
:10018000434B2C60444A1468002C43D096F820203E
:10019000152A09D100224148414C02600020414902
:1001A0002260072208601A6004B0BDE8F081CDE942
:1001B0000042612106222F4807F0E2FA0BE60020F8
:1001C0001A230622CDE900014B212A4807F0D8FA6C
:1001D000E1E5CDE9004127481B2107F0D1FAB1E55F
:1001E0000EF06EFA092820607FF77AAD00211A23FD
:1001F0000622CDE900100421304607F0C1FA81E55E
:1002000029481A230622CDE900102B21194807F0AE
:1002100065FAA9E52549C8F800404FF001080868CB
:10022000C2F80080224AC7F8008010600868214A9E
:1002300010600868204A0968106064201F4A116035
:100240000021174A1460154A1460164A11602146AD
:1002500010F068F9042240F21C5103A82C60CDF87C
:100260000C8010F0FFF90422094B1A608EE7FCF7AE
:1002700057FE6BE7209D00202417BD0094930020BB
:1002800090930020D9D9D900281A0020301A0020D4
:1002900034C8002038C8002040CA002040C80020D0
:1002A0003CC800207CCA0020B007002048CA0020BB
:1002B00034C7002038C700203CC7002040C70020BA
:1002C00070B5334C86B0334D23682968324A5B1AC7
:1002D00093421BD8314E236832689B1A304A9342AE
:1002E00022D83048B6EE000A2F4C012300904FF47C
:1002F0007A7240F26661CDE901400220EEF7CAFC55
:100300002A4806B0BDE87040EEF706BD28492068CF
:100310000B6822680133214E28600B60236832602D
:100320009B1A1F4A9342DCD9214B04224FF4A4614B
:1003300005A81B68059310F095F92A6805A823689D
:100340004FF4A7619B1A0422059310F08BF92368E0
:10035000336011F043FC174B1B78002BC1D0164BB8
:100360001B78DB07BDD5154A236812689B1A0E2B34
:10037000B7D911F0C1FBFF28B3DD20682B680C4A08
:10038000C31A0F4912680F480FF004FCA9E700BF19
:1003900048CA002034C70020005C260540C7002062
:1003A000E093040000DD6D0000BADB006C930020D8
:1003B000E8910020B9CA0020B8CA002070CA002005
:1003C000381A0020E08E0020000000002DE9F04FD8
:1003D000CA4885B007F0BEFDC94DC84805F020FFEA
:1003E00032200FF04DFE2B68142B09D80024013465
:1003F00001200FF045FE2B68192C01D0142BF6D9E3
:10040000BE4EC04C304605F0D3FEFF2330461A46A0
:10041000194606F04BFD304606F0ACFB77237922F7
:100420007C21304607F0E8F82368002B40F08B83EE
:1004300000251A2306220421B048CDE9005507F013
:100440009FF921681A230622AC48CDE900510E21FC
:1004500007F096F9AC490024AC4D1A230622A748B0
:10046000CDE90041172107F039F929681A2306223E
:10047000092900F361831C21A048CDE9004407F05D
:100480007FF929681A2306229C48CDE900412521DD
:1004900007F076F90EF034F920B19D4B1968002968
:1004A00000F061839B4800211A230622CDE9001049
:1004B0002B21924807F012F9974C2168092900F383
:1004C000318300251A2306224B218C48CDE90055A3
:1004D00007F056F921681A2306228848CDE9005111
:1004E000552107F04DF98D4D00248D4F1A2306221A
:1004F0005D218248CDE9004507F0F0F83A681A23FB
:10050000092A00F30783062263217C48CDE90044D1
:1005100007F036F93A681A236B217848CDE9004292
:10052000062207F02DF900241A23062273217348AE
:10053000DFF83492DFF834827A4FDFF834A2DFF844
:1005400034B2CDE9004507F0C9F877491A230622ED
:1005500009684FF4C0656948CDE90041792107F089
:100560000FF9772379227C21644807F045F86F4A18
:10057000182340F263116148CDE90052492207F087
:10058000ADF86B4A1B234FF4B6715C48CDE90052BD
:10059000642207F0A3F8674A1B234FF4B67157484B
:1005A000CDE900527D2207F099F8634A182340F202
:1005B0004F115248CDE90052952207F08FF85F495C
:1005C0004E4806F0B9FB5E4A1A234FF48A714B4835
:1005D000CDE90052AD2207F081F85A49474806F0AC
:1005E000ABFB594A1A234FF4A1714448CDE900529C
:1005F000AD2207F073F85149404806F09DFB534A7D
:100600001A234FF4BA713D48CDE90052AD2207F0EC
:1006100065F84C49394806F08FFB4D4A1A234FF4D0
:10062000D8713648CDE90052AD2207F057F84FF4A3
:10063000A071324806F0BEFB0921304806F064FF85
:1006400044492E4806F078FB4122234624212B48BA
:10065000009407F0D3F9B9222346E62127480094F5
:1006600007F0CCF93C4B9FED3D7A7922D3ED007A2F
:100670007C2177232148B7EEE73AC7EE876A9FEDE2
:100680001B4B9FED1C5B83EE047BFDEEE66AB8EE30
:10069000E66AC9ED006AB7EEC66A37EE467B27EE1A
:1006A000057BBDEEC77B88ED007A06F0A5FF2C4BDD
:1006B00050223621114801931C23009507F00EF8B3
:1006C000009538681C235022522101900B4807F0F6
:1006D00057F8244B5022A021084801931C23009571
:1006E00006F0FCFF48E000BFAFF300800000000010
:1006F0000020AC400000000000004E40209D002083
:10070000FC8E002080C70020AC07002090C700208E
:1007100010C70020B80700202CC70020C007002009
:10072000A0C70020E89100208CCA0020800900208A
:100730008C0900209C090020B009002058D75A00DD
:100740000C0C0020585FD700140C0020200C002057
:10075000280C0020F2F2F2006C93002000006145AA
:10076000141A0020181A002078C7002094C700200F
:10077000E0910020DC910020C54B75224821C5483E
:1007800001931B23009506F0A9FFD9F800307522CC
:100790008121C048DFF81C93CDE900531B2306F0EC
:1007A000EFFFBD4B7522A221BA4801931B23009590
:1007B00006F094FFD8F800307522C521B548DFF85F
:1007C000F882CDE900531B2306F0DAFFB34B752204
:1007D000E321B048CDE900531B2306F07FFF7723C8
:1007E00079227C21AB4806F007FF1021A94806F0CA
:1007F000E1FA0421A74806F087FE2346C2222421FD
:10080000A448009407F0FAF82346C2223321A148F5
:10081000009407F0F3F82346A52233219D48009465
:1008200007F0ECF82346A52238219A48009407F0F7
:10083000E5F82346C22238219648009407F0DEF8F6
:100840002346C2223D219348009407F0D7F823465F
:10085000A5223D218F48009407F0D0F82346A52219
:1008600042218C48009407F0C9F82346C222422155
:100870008848009407F0C2F82346C22247218548E1
:10088000009407F0BBF82346A52247218148009435
:1008900007F0B4F82346A5224C217E48009407F0C7
:1008A000ADF82346C2224C217A48009407F0A6F8FE
:1008B0002346C22279217748009407F09FF8234607
:1008C000A52279217348009407F098F82346A522C1
:1008D0007E217048009407F091F82346C2227E21C1
:1008E0006C48009407F08AF82346C22283216948A5
:1008F000009407F083F82346A522832165480094DD
:1009000007F07CF82346A52288216248009407F06E
:1009100075F82346C22288215E48009407F06EF8DD
:100920002346C2228D215B48009407F067F82346D6
:10093000A5228D215748009407F060F82346A52290
:1009400092215448009407F059F82346C22292217C
:100950005048009407F052F82346C222DC214D484B
:10096000009407F04BF899F800309AF800204948B5
:100970009BF8001006F040FE9821464806F058FA11
:100980000221444806F0C0FD454A464923460094EA
:1009900040481288098807F031F8FF233D481A467D
:1009A000194606F029FE01213A4806F0ADFD022362
:1009B00022464FF4C8713748009407F01FF84FF4EF
:1009C000A071344806F0F6F90921324806F09CFD82
:1009D0002421304806F076F933492E4806F0ACF968
:1009E0002346D72240F213112A48009407F006F854
:1009F0002346DA2240F245112648009406F0FEFF15
:100A0000FF2324481A46194606F0F6FD274BD82244
:100A10004FF495711F4801931C23009506F05EFE6C
:100A20004FF4A0711B4806F0C5F90921194806F0DA
:100A30006BFD2521174806F045F91B49154806F0BE
:100A40007BF92346D72240F281111248009406F028
:100A5000D5FF2346DA2240F2B3110E48009406F087
:100A6000CDFFFF230B481A46194606F0C5FD104B73
:100A7000D82240F29B1101931C230648009506F0F2
:100A80002DFED8F80030012B00F0B08016E000BF3A
:100A9000741A0020209D0020841A0020781700205E
:100AA0009493002090930020D9D9D900281A0020CF
:100AB000301A0020E49100203CCA0020EEF704FC2C
:100AC0004C4806F051FFFFF7FBFB96F82030252B32
:100AD00002D10123C8F80030474B484D1C682868F4
:100AE000A04207D02C60E4B2642021460FF01AFD2A
:100AF000414B2C6042490C68002C3ED096F82020D7
:100B0000242A04D13F4900200E2208601A6005B053
:100B1000BDE8F08FCDE9004261210622354806F09C
:100B20002FFE00E500201A230622CDE900014B210B
:100B3000304806F025FED6E4CDE900412D481B21C2
:100B400006F01EFEA6E40DF0BBFD092820607FF72D
:100B50006FAC00211A230622CDE900100421304693
:100B600006F00EFE76E428481A230622CDE900108E
:100B70002B21204806F0B2FD9EE4244A0120244B9C
:100B80000860386023491068C8F8004008601068A1
:100B90001168214A10606420204A11600722002158
:100BA000CBF800206622CAF800203322C9F80020C2
:100BB00040221A6096221A4B1A60124A116021468E
:100BC0000FF0B0FC3A684FF4A46103A8039204222A
:100BD0002C600FF047FD042203A84FF4A761039493
:100BE0000FF040FD0B22044B1A6087E7FCF798F9E1
:100BF00064E700BF209D002034C8002038C80020D2
:100C000040CA00207CCA0020B007002048CA00204B
:100C10009093002034C7002038C700203CC7002034
:100C20009493002030B52F4B87B02F4C1A68206862
:100C30002E49121A8A421BD82D4D1A682968521A59
:100C40002C498A4222D80023B6EE000A41F28832AB
:100C500040F2995103200093CDE90133EEF71AF8E1
:100C6000BE226E21244807B0BDE83040EEF796BBA7
:100C70001A68224822600268196801321C4D02601D
:100C80001A682960521A1B498A42DCD91B4B40F270
:100C9000245105A81A68059204220FF0E3FC114BB9
:100CA0001A682A6010F09AFF154A1278002ACAD0F2
:100CB000144A1278D307C6D513490A4B1A68096833
:100CC000521A0E2ABFD910F017FFFF28054BBADDC4
:100CD00018680A4A23681268C31A0C490C480EF0B7
:100CE00059FFB0E748CA002034C70020005C260541
:100CF00040C70020E093040048C80020F89100207D
:100D0000B9CA0020B8CA002070CA00208C1A00207E
:100D1000E08E00202DE9F041C94884B007F01AF9AF
:100D2000C84DC74805F07CFA32200FF0A9F92B68AE
:100D3000142B09D80024013401200FF0A1F92B68ED
:100D4000192C01D0142BF6D9BD4EBF4C304605F0FE
:100D50002FFAFF2330461A46194606F0A7F8304608
:100D600005F008FF772379227C21304606F044FC09
:100D70002368002B40F0148200251A23FC224FF434
:100D8000AD71AF48CDE9005506F0FAFC21681A2391
:100D9000FC22AB48CDE900514FF4B27106F0F0FCF3
:100DA000AA490024AA4D1A23FC22A548CDE90041F6
:100DB0004FF4B77106F092FC29681A23FC22092926
:100DC00000F3E68140F273119D48CDE9004406F03E
:100DD000D7FC29681A23FC229948CDE900414FF439
:100DE000BE7106F0CDFC9B4C2168092900F3C5813A
:100DF00000251A23FC224FF4C6719148CDE9005515
:100E000006F0BEFC21681A23FC228D48CDE9005172
:100E10004FF4CB7106F0B4FC8F4D00248F4F1A2392
:100E2000FC224FF4CF718648CDE9004506F056FC10
:100E30003A681A23092A00F39781FC224FF4D271F1
:100E40007F48CDE9004406F09BFC3A681A234FF432
:100E5000D6717B48CDE90042FC2206F091FC0024CB
:100E60001A23FC224FF4DA7175487D4FDFF82C828B
:100E7000CDE9004506F032FC7A491A23FC220968C4
:100E80004FF4C0656E48CDE900414FF4DD7106F0C6
:100E900077FC772379227C21694806F0ADFB724A02
:100EA000172340F263116648CDE90052492206F04B
:100EB00015FC6E4A1A234FF4B6716148CDE9005211
:100EC000642206F00BFC6A4A172340F24F115C487B
:100ED000CDE90052952206F001FC6649584805F01C
:100EE0002BFF654A1A234FF4AD715548CDE90052E6
:100EF000AD2206F0F3FB4FF4A071514805F05AFF04
:100F000009214F4806F000FB5C494D4805F014FFED
:100F10004122234623214A48009406F06FFDBE2259
:100F20002346E0214648009406F068FD77237922A5
:100F30007C21434806F060FB514A1C233021404885
:100F4000CDE90052502206F0C9FB00953B685022C3
:100F50004C213B4801931C2306F012FC494B5022C4
:100F60009A213748CDE900531C2306F0B7FBFF2335
:100F700033481A46194606F03FFB0121304806F077
:100F8000C3FA07237D221B212D48009406F036FD6D
:100F90003D492B4805F0D0FE9821294805F048FF2F
:100FA0000221274806F0B0FA384B00941A88384BD3
:100FB00023481988234606F021FDFF2320481A46BE
:100FC000194606F019FB01211D4806F09DFA03237E
:100FD00022464FF4C8711A48009406F00FFD4FF4F2
:100FE000A071174805F0E6FE0921154806F08CFAB5
:100FF000A521134805F066FE2649114805F09CFE20
:101000002346D72240F213110D48009406F0F6FC57
:101010002346DA2240F245110948009406F0EEFC1E
:10102000FF2307481A46194606F0E6FA1A4BD8225B
:101030004FF495710248CDE900531C2330E000BF06
:10104000209D0020FC8E002080C70020AC070020DF
:1010500090C700202CC70020C0070020A0C7002098
:10106000F89100208CCA002080090020A80D0020E3
:10107000B009002058D75A00B8090020F2F2F20057
:10108000141A0020181A00200092F30094930020F4
:1010900090930020D9D9D900281A00203CCA0020FA
:1010A00006F01CFB4FF4A0715F4805F083FE092198
:1010B0005D4806F029FAA6215B4805F003FE5B496E
:1010C000594805F039FE2346D72240F2811156488F
:1010D000009406F093FC2346DA2240F2B311524802
:1010E000009406F08BFCFF234F481A46194606F081
:1010F00083FA4F4A1C2340F29B114B48CDE9005222
:10110000D82206F0EBFAD8F80030012B00F08880E6
:10111000EEF7DAF8444806F027FCFFF783FD96F86F
:101120002030A62B02D10123C8F80030414B424D9C
:101130001C682A68A24207D02C60E4B264202146D1
:101140000FF0F0F93B4B2C603C4A1468002C38D06F
:1011500096F82020A52A04D13949002015220860DC
:101160001A6004B0BDE8F081CDE900424FF4D171BE
:10117000FC222D4806F004FB71E600201A23FC2215
:10118000CDE900014FF4C671274806F0F9FA43E6AD
:10119000CDE90041244840F2731106F0F1FA22E64D
:1011A0000DF08EFA092820607FF7E6AD00211A23A2
:1011B000FC22CDE9001040F25B11304606F0E0FA67
:1011C000EEE52049C8F800404FF001081E48C7F876
:1011D00000800F68D1F800C007600F6808681B49DD
:1011E000C2F800800022C1F800C019490F601949F7
:1011F0000860642018490C6018490A6010490A60A8
:1012000021460FF08FF9042240F2245103A82C60EC
:10121000CDF80C800FF026FA1222064B1A6097E7E1
:10122000FBF77EFE74E700BF209D0020D9D9D900CE
:10123000301A002034C8002038C8002040CA0020DE
:101240007CCA002048CA002034C7002038C70020CC
:101250003CC7002040C7002048C8002054CA0020D6
:1012600030B52E4B87B02E4C1A6820682D49121AC3
:101270008A4218D82C4D1A682968521A2B498A427A
:101280001FD80023B6EE000A4FF47A7240F299514B
:1012900002200093CDE90133EDF7FCFC07B0BDE877
:1012A0003040EDF7CBBF1A68214822600268196808
:1012B00001321D4D02601A682960521A1B498A4288
:1012C000DFD91B4B4FF4A56105A81A6805920422CB
:1012D0000FF0C8F9114B1A682A6010F07FFC154A0C
:1012E0001278002ACDD0144A1278D307C9D51349F1
:1012F0000A4B1A680968521A0E2AC2D910F0FCFB70
:10130000FF28064BBDDD1868094A23681268C31A16
:101310000B490C480EF03EFCB3E700BF48CA002062
:1013200034C70020005C260540C70020E09304007D
:101330001C920020B9CA0020B8CA002070CA002040
:10134000C41A0020E08E00202DE9F041C64884B088
:1013500006F000FEC54DC44804F062FF32200EF0D6
:101360008FFE2B68142B09D80024013401200EF0C5
:1013700087FE2B68192C01D0142BF6D9BA4EBC4C21
:10138000304604F015FFFF2330461A46194605F093
:101390008DFD304605F0EEFB772379227C21304627
:1013A00006F02AF92368002B40F0808200251A23DA
:1013B00006220421AC48CDE9005506F0E1F9216888
:1013C0001A230622A848CDE900510E2106F0D8F9CB
:1013D000A8490024A84D1A230622A348CDE90041BC
:1013E000172106F07BF929681A230622092900F340
:1013F00056821C219C48CDE9004406F0C1F92968B9
:101400001A2306229848CDE90041252106F0B8F9B3
:101410000DF076F920B1994B1968002900F0568239
:10142000974800211A230622CDE900102B218E486F
:1014300006F054F9934C2168092900F3268200250F
:101440001A2306224B218848CDE9005506F098F969
:1014500021681A2306228448CDE90051552106F05F
:101460008FF9894D0024894F1A2306225D217E4879
:10147000CDE9004506F032F93A681A23092A00F34B
:10148000FC81062263217848CDE9004406F078F912
:101490003A681A236B217448CDE90042062206F00F
:1014A0006FF900241A23062273216F48784FDFF862
:1014B0000C82CDE9004506F011F976491A2306227F
:1014C00009684FF4C0656848CDE90041792106F00C
:1014D00057F9772379227C21634806F08DF86E4A0C
:1014E000172340F263116048CDE90052492206F00B
:1014F000F5F86A4A1A234FF4B6715B48CDE90052F9
:10150000642206F0EBF8664A1A234FF4B671564887
:10151000CDE900527D2206F0E1F8624A172340F23D
:101520004F115148CDE90052952206F0D7F85E4997
:101530004D4805F001FC5D4A1A234FF4AD714A484D
:10154000CDE90052AD2206F0C9F84FF4A07146482B
:1015500005F030FC0921444805F0D6FF54494248C3
:1015600005F0EAFB4122234628213F48009406F07B
:1015700045FAB9222346D2213B48009406F03EFAB0
:10158000772379227C21384806F036F8494A1C2313
:1015900030213548CDE90052502206F09FF80095E1
:1015A0003B6850224C21304801931C2306F0E8F898
:1015B000414B50229A212C48CDE900531C2306F0C0
:1015C0008DF8772379227C21274806F015F8102121
:1015D000254805F0EFFB0421234805F095FF23463D
:1015E000AE2224212048009406F008FA2346AE22B9
:1015F00033211D48009406F001FA2346912233213D
:101600001948009406F0FAF9234691225121164810
:10161000009406F0F3F92346AE22512112480094BB
:1016200006F0ECF92346AE226F210F48009406F035
:10163000E5F9234691226F210B48009406F0DEF96C
:10164000234691228D210848009406F0D7F92346BD
:10165000AE228D210448009406F0D0F92346AE2234
:10166000AB21014800942BE0209D0020FC8E00203F
:1016700080C70020AC07002090C7002010C70020C2
:10168000B80700202CC70020C0070020A0C70020FA
:101690001C9200208CCA0020800900208C090020A8
:1016A0009C090020B009002058D75A00B809002032
:1016B000F2F2F200141A0020181A00203CCA00208E
:1016C00006F09CF923469122AB219D48009406F038
:1016D00095F923469122C9219948009406F08EF984
:1016E0002346AE22C9219648009406F087F9234686
:1016F000AE22D8219248009406F080F99149904892
:1017000005F01AFB98218E4805F092FB02218C48C7
:1017100005F0FAFE8C4B00941A888C4B8848198887
:10172000234606F06BF9FF2385481A46194605F053
:1017300063FF0121824805F0E7FE062322464FF4AD
:10174000C8717F48009406F059F94FF4A0717C48A5
:1017500005F030FB09217A4805F0D6FE4021784893
:1017600005F0B0FA7A49764805F0E6FA2346D72222
:1017700040F213117248009406F040F92346DA2231
:1017800040F245116E48009406F038F9FF236C488A
:101790001A46194605F030FF6E4BD8224FF495716A
:1017A0006748CDE900531C2305F098FF4FF4A07162
:1017B000634805F0FFFA0921614805F0A5FE4121C3
:1017C0005F4805F07FFA62495D4805F0B5FA2346A7
:1017D000D72240F281115A48009406F00FF92346AF
:1017E000DA2240F2B3115648009406F007F9FF23BD
:1017F00053481A46194605F0FFFE574A1C2340F28B
:101800009B114F48CDE90052D82205F067FFD8F868
:101810000030012B00F09180EDF756FD484806F0AE
:10182000A3F8FFF71DFD96F82030412B02D10123CC
:10183000C8F80030494B4A4D1C682A68A24207D0BC
:101840002C60E4B2642021460EF06CFE434B2C6009
:10185000444A1468002C43D096F82020402A09D12D
:1018600000224148414C02600020414922601C2274
:1018700008601A6004B0BDE8F081CDE90042612142
:1018800006222F4805F07CFF0BE600201A230622D3
:10189000CDE900014B212A4805F072FFE1E5CDE9D1
:1018A000004127481B2105F06BFFB1E50CF008FF54
:1018B000092820607FF77AAD00211A230622CDE99E
:1018C00000100421304605F05BFF81E529481A230A
:1018D0000622CDE900102B21194805F0FFFEA9E5ED
:1018E0002549C8F800404FF001080868C2F8008098
:1018F000224AC7F8008010600868214A1060086812
:10190000204A0968106064201F4A11600021174AAC
:101910001460154A1460164A116021460EF002FE4A
:1019200004224FF4A56103A82C60CDF80C800EF0C2
:1019300099FE1922094B1A608EE7FBF7F1FA6BE763
:10194000209D00206246AC009493002090930020DC
:10195000D9D9D900281A0020301A002034C8002014
:1019600038C8002040CA002040C800203CC80020E1
:101970007CCA0020B007002048CA002034C70020DD
:1019800038C700203CC7002040C7002030B52E4B90
:1019900087B02E4C1A6820682D49121A8A4218D82E
:1019A0002C4D1A682968521A2B498A421FD80023E5
:1019B000B6EE000A4FF47A7240F6333102200093FB
:1019C000CDE90133EDF766F907B0BDE83040EDF73A
:1019D00035BC1A68214822600268196801321D4D21
:1019E00002601A682960521A1B498A42DFD91B4BD0
:1019F00040F2345105A81A68059204220EF032FE16
:101A0000114B1A682A6010F0E9F8154A1278002A7A
:101A1000CDD0144A1278D307C9D513490A4B1A6896
:101A20000968521A0E2AC2D910F066F8FF28064B30
:101A3000BDDD1868094A23681268C31A0B490C48AF
:101A40000EF0A8F8B3E700BF48CA002034C7002052
:101A5000005C260540C70020E0930400109200209F
:101A6000B9CA0020B8CA002070CA0020FC1A0020A1
:101A7000E08E00202DE9F041C64884B006F06AFAF5
:101A8000C54DC44804F0CCFB32200EF0F9FA2B68A7
:101A9000142B09D80024013401200EF0F1FA2B6830
:101AA000192C01D0142BF6D9BA4EBC4C304604F098
:101AB0007FFBFF2330461A46194605F0F7F93046FA
:101AC00005F058F8772379227C21304605F094FD03
:101AD0002368002B40F0808200251A23062204216F
:101AE000AC48CDE9005505F04BFE21681A230622CB
:101AF000A848CDE900510E2105F042FEA849002476
:101B0000A84D1A230622A348CDE90041172105F06C
:101B1000E5FD29681A230622092900F356821C21B3
:101B20009C48CDE9004405F02BFE29681A230622C3
:101B30009848CDE90041252105F022FE0CF0E0FD9A
:101B400020B1994B1968002900F05682974800216E
:101B50001A230622CDE900102B218E4805F0BEFD88
:101B6000934C2168092900F3268200251A230622B6
:101B70004B218848CDE9005505F002FE21681A2363
:101B800006228448CDE90051552105F0F9FD894D23
:101B90000024894F1A2306225D217E48CDE90045A5
:101BA00005F09CFD3A681A23092A00F3FC810622FD
:101BB00063217848CDE9004405F0E2FD3A681A2334
:101BC0006B217448CDE90042062205F0D9FD0024BE
:101BD0001A23062273216F48784FDFF80C82CDE973
:101BE000004505F07BFD76491A23062209684FF46B
:101BF000C0656848CDE90041792105F0C1FD772332
:101C000079227C21634805F0F7FC6E4A172340F2E5
:101C100063116048CDE90052492205F05FFD6A4A30
:101C20001A234FF4B6715B48CDE90052642205F0E7
:101C300055FD664A1A234FF4B6715648CDE9005255
:101C40007D2205F04BFD624A172340F24F115148A7
:101C5000CDE90052952205F041FD5E494D4805F061
:101C60006BF85D4A1A234FF4AD714A48CDE9005232
:101C7000AD2205F033FD4FF4A071464805F09AF807
:101C80000921444805F040FC5449424805F054F805
:101C90004122234628213F48009405F0AFFEB92297
:101CA0002346D2213B48009405F0A8FE77237922F1
:101CB0007C21384805F0A0FC494A1C2330213548D6
:101CC000CDE90052502205F009FD00953B685022F5
:101CD0004C21304801931C2305F052FD414B50220A
:101CE0009A212C48CDE900531C2305F0F7FC7723FB
:101CF00079227C21274805F07FFC1021254805F03A
:101D000059F80421234805F0FFFB2346AE22242185
:101D10002048009405F072FE2346AE2233211D4870
:101D2000009405F06BFE234691223321194800945C
:101D300005F064FE2346912251211648009405F0D7
:101D40005DFE2346AE2251211248009405F056FE56
:101D50002346AE226F210F48009405F04FFE234624
:101D600091226F210B48009405F048FE23469122F2
:101D70008D210848009405F041FE2346AE228D21B6
:101D80000448009405F03AFE2346AE22AB210148F8
:101D900000942BE0209D0020FC8E002080C70020B6
:101DA000AC07002090C7002010C70020B807002013
:101DB0002CC70020C0070020A0C7002010920020E0
:101DC0008CCA0020800900208C0900209C0900207A
:101DD000B009002058D75A00B8090020F2F2F200EA
:101DE000141A0020181A00203CCA002005F006FE34
:101DF00023469122AB219D48009405F0FFFD234628
:101E00009122C9219948009405F0F8FD2346AE229D
:101E1000C9219648009405F0F1FD2346AE22D82151
:101E20009248009405F0EAFD9149904804F084FF3F
:101E300098218E4804F0FCFF02218C4805F064FBD9
:101E40008C4B00941A888C4B88481988234605F0DF
:101E5000D5FDFF2385481A46194605F0CDFB012123
:101E6000824805F051FB0A2322464FF4C8717F488F
:101E7000009405F0C3FD4FF4A0717C4804F09AFF74
:101E800009217A4805F040FBD521784804F01AFF73
:101E90007A49764804F050FF2346D72240F21311C6
:101EA0007248009405F0AAFD2346DA2240F245115B
:101EB0006E48009405F0A2FDFF236C481A461946AF
:101EC00005F09AFB6E4BD8224FF495716748CDE927
:101ED00000531C2305F002FC4FF4A071634804F08A
:101EE00069FF0921614805F00FFBD6215F4804F026
:101EF000E9FE62495D4804F01FFF2346D72240F205
:101F000081115A48009405F079FD2346DA2240F207
:101F1000B3115648009405F071FDFF2353481A464B
:101F2000194605F069FB574A1C2340F29B114F48A4
:101F3000CDE90052D82205F0D1FBD8F80030012BB2
:101F400000F09180EDF7C0F9484805F00DFDFFF76E
:101F50001DFD96F82030D62B02D10123C8F80030A1
:101F6000494B4A4D1C682A68A24207D02C60E4B253
:101F7000642021460EF0D6FA434B2C60444A146884
:101F8000002C43D096F82020D52A09D100224148C0
:101F9000414C02600020414922603D2208601A60E5
:101FA00004B0BDE8F081CDE90042612106222F484E
:101FB00005F0E6FB0BE600201A230622CDE900011E
:101FC0004B212A4805F0DCFBE1E5CDE9004127483B
:101FD0001B2105F0D5FBB1E50CF072FB0928206050
:101FE0007FF77AAD00211A230622CDE900100421E3
:101FF000304605F0C5FB81E529481A230622CDE9C4
:1020000000102B21194805F069FBA9E52549C8F8FE
:1020100000404FF001080868C2F80080224AC7F863
:10202000008010600868214A10600868204A09682A
:10203000106064201F4A11600021174A1460154A7D
:102040001460164A116021460EF06CFA042240F228
:10205000345103A82C60CDF80C800EF003FB3A221B
:10206000094B1A608EE7FAF75BFF6BE7209D0020B3
:102070005090D3009493002090930020D9D9D90098
:10208000281A0020301A002034C8002038C8002048
:1020900040CA002040C800203CC800207CCA002064
:1020A000B007002048CA002034C7002038C70020ED
:1020B0003CC7002040C7002030B52F4B87B02F4CC5
:1020C0001A6820682E49121A8A421BD82D4D1A68A8
:1020D0002968521A2C498A4222D80023B6EE000AF7
:1020E00040F6A66240F2995103200093CDE90133F6
:1020F000ECF7D0FDBE226E21244807B0BDE8304089
:10210000EDF74CB91A68224822600268196801325A
:102110001C4D02601A682960521A1B498A42DCD998
:102120001B4B40F22C5105A81A68059204220EF0B0
:1021300099FA114B1A682A600FF050FD154A12786F
:10214000002ACAD0144A1278D307C6D513490A4BBD
:102150001A680968521A0E2ABFD90FF0CDFCFF2861
:10216000054BBADD18680A4A23681268C31A0C497D
:102170000C480DF00FFDB0E748CA002034C700201E
:10218000005C260540C70020E09304004CC80020F6
:1021900008920020B9CA0020B8CA002070CA0020E6
:1021A000381B0020E08E00202DE9F041C94884B0A2
:1021B00005F0D0FEC84DC74804F032F832200DF0CB
:1021C0005FFF2B68142B09D80024013401200DF087
:1021D00057FF2B68192C01D0142BF6D9BD4EBF4CDC
:1021E000304603F0E5FFFF2330461A46194604F057
:1021F0005DFE304604F0BEFC772379227C21304618
:1022000005F0FAF92368002B40F0148200251A2308
:10221000FC224FF4AD71AF48CDE9005505F0B0FA9E
:1022200021681A23FC22AB48CDE900514FF4B2716A
:1022300005F0A6FAAA490024AA4D1A23FC22A548B3
:10224000CDE900414FF4B77105F048FA29681A2327
:10225000FC22092900F3E68140F273119D48CDE983
:10226000004405F08DFA29681A23FC229948CDE92B
:1022700000414FF4BE7105F083FA9B4C2168092997
:1022800000F3C58100251A23FC224FF4C671914842
:10229000CDE9005505F074FA21681A23FC228D4817
:1022A000CDE900514FF4CB7105F06AFA8F4D00244F
:1022B0008F4F1A23FC224FF4CF718648CDE9004599
:1022C00005F00CFA3A681A23092A00F39781FC22D8
:1022D0004FF4D2717F48CDE9004405F051FA3A68D5
:1022E0001A234FF4D6717B48CDE90042FC2205F059
:1022F00047FA00241A23FC224FF4DA7175487D4F07
:10230000DFF82C82CDE9004505F0E8F97A491A2377
:10231000FC2209684FF4C0656E48CDE900414FF4D6
:10232000DD7105F02DFA772379227C21694805F0CB
:1023300063F9724A172340F263116648CDE90052EF
:10234000492205F0CBF96E4A1A234FF4B671614861
:10235000CDE90052642205F0C1F96A4A172340F220
:102360004F115C48CDE90052952205F0B7F9664956
:10237000584804F0E1FC654A1A234FF4AD71554802
:10238000CDE90052AD2205F0A9F94FF4A0715148F2
:1023900004F010FD09214F4805F0B6F85C494D489E
:1023A00004F0CAFC4122234623214A48009405F048
:1023B00025FBBE222346E0214648009405F01EFB83
:1023C000772379227C21434805F016F9514A1C23D2
:1023D00030214048CDE90052502205F07FF90095A8
:1023E0003B6850224C213B4801931C2305F0C8F95F
:1023F000494B50229A213748CDE900531C2305F060
:102400006DF9FF2333481A46194605F0F5F8012106
:10241000304805F079F807237D221B212D480094D0
:1024200005F0ECFA3D492B4804F086FC9821294838
:1024300004F0FEFC0221274805F066F8384B0094B2
:102440001A88384B23481988234605F0D7FAFF230A
:1024500020481A46194605F0CFF801211D4805F01D
:1024600053F8052322464FF4C8711A48009405F02A
:10247000C5FA4FF4A071174804F09CFC09211548D7
:1024800005F042F88E21134804F01CFC264911483F
:1024900004F052FC2346D72240F213110D48009459
:1024A00005F0ACFA2346DA2240F2451109480094BF
:1024B00005F0A4FAFF2307481A46194605F09CF8D0
:1024C0001A4BD8224FF495710248CDE900531C23D2
:1024D00030E000BF209D0020FC8E002080C700203F
:1024E000AC07002090C700202CC70020C0070020A8
:1024F000A0C70020089200208CCA0020800900207C
:1025000048100020B009002058D75A00B809002010
:10251000F2F2F200141A0020181A00208B34260060
:102520009493002090930020D9D9D900281A002034
:102530003CCA002005F0D2F84FF4A0715F4804F0C7
:1025400039FC09215D4804F0DFFF8F215B4804F06E
:10255000B9FB5B49594804F0EFFB2346D72240F210
:1025600081115648009405F049FA2346DA2240F2D8
:10257000B3115248009405F041FAFF234F481A4620
:10258000194605F039F84F4A1C2340F29B114B487D
:10259000CDE90052D82205F0A1F8D8F80030012B7F
:1025A00000F08980ECF790FE444805F0DDF9FFF774
:1025B00083FD96F820308F2B02D10123C8F800301C
:1025C000414B424D1C682A68A24207D02C60E4B2FD
:1025D000642021460DF0A6FF3B4B2C603C4A14685A
:1025E000002C38D096F820208E2A04D139490020BA
:1025F000322208601A6004B0BDE8F081CDE90042E3
:102600004FF4D171FC222D4805F0BAF871E6002094
:102610001A23FC22CDE900014FF4C671274805F0CA
:10262000AFF843E6CDE90041244840F2731105F0CC
:10263000A7F822E60CF044F8092820607FF7E6AD01
:1026400000211A23FC22CDE9001040F25B11304634
:1026500005F096F8EEE520490120C8F80040D1F8D1
:1026600000C01060002238601C48D1F800E0C0F8BB
:1026700000C0D1F800C008681949C1F800E0194944
:10268000C1F800C018490860642018490C60184956
:102690000A6010490A6021460DF044FF38680422A0
:1026A00040F22C51039003A82C600DF0DBFF2F2289
:1026B000054B1A6096E7FAF733FC73E7209D00207C
:1026C000D9D9D900301A002034C8002038C80020D9
:1026D00040CA00207CCA002048CA002034C700201D
:1026E00038C700203CC7002040C700204CC800204D
:1026F00058CA002070B5504C86B0504D23682968E8
:102700004F4A5B1A93424DD84E4E236832689B1A4B
:102710004D4A934254D84D4A4FF47A714C4812684E
:102720004C4B30F812E0950103EB821CAEF1320203
:10273000DCF81040DCF8280092B2DCF81C6001FBE9
:1027400004F401FB00F001FB06FC40F2B6318A42C2
:1027500069D807EE90EADFED405ADFED406AB8EE47
:10276000E77AF6EE007A87EE256AE6EE267AFCEE48
:10277000E77A17EE902A91B22B44DFED397A93ED88
:10278000030A9A68012380EE270A0190CDF808C059
:1027900002200094ECF77EFA324806B0BDE87040A3
:1027A000ECF7BABA304920680B6822680133254E2D
:1027B00028600B60236832609B1A234A9342AAD98F
:1027C000294B04224FF4A66105A81B6805930DF060
:1027D00049FF2A6805A8236840F23C519B1A04224D
:1027E00005930DF03FFF236833600FF0F7F91F4B9F
:1027F0001B78002B8FD01E4B1B78DB078BD51D4A17
:10280000236812689B1A0E2B85D90FF075F9FF28E3
:1028100081DD20682B68144AC31A174912681748CB
:102820000DF0B8F977E75A5940F2666140F29956CF
:10283000012A08BF31469FE748CA002034C700205C
:10284000005C260540C70020E0930400C8C70020B4
:1028500018C70020F88C002000007A4400F07F4563
:102860000000C84270930020F0910020B9CA0020F7
:10287000B8CA002070CA0020701B0020E08E002023
:1028800070B5644C86B0644D23682968634A5B1A4E
:10289000934271D8624E236832689B1A614A934210
:1028A00078D8614B4FF47A72604D19689FED607A69
:1028B00005EB81138E01D3ED017A1869F4EEC77A26
:1028C0009C6ADB6902FB00F002FB04FCF1EE10FAEB
:1028D00002FB03F30DDDF7EE005ADFED566A85EEDD
:1028E000A76AF6EE007AE6EE267AFCEEE77A17EEB5
:1028F000902A514C34F811E040F2B634AEF1320176
:1029000089B2A1427DD807EE90EADFED4A5ADFEDA9
:102910004B6AB8EEE77AF6EE007A87EE256AE6EEC5
:10292000267AFCEEE77A17EE901A89B20293B6EE99
:10293000000A0123CDE9000C0320ECF7ABF9404B72
:102940001A782AB11B78022B02D0DFED3E7A08E01C
:102950003D4B9FED377AD3ED007AF8EE677A67EE5C
:10296000877A3A4BD02280213948C3ED007A06B0ED
:10297000BDE87040ECF712BD364920680B6822684C
:102980000133274E28600B60236832609B1A254A6A
:10299000934286D92F4B04224FF4A66105A81B68E9
:1029A00005930DF05FFE2A6805A8236840F23C51AC
:1029B0009B1A042205930DF055FE236833600FF037
:1029C0000DF9254B1B78002B3FF46BAF234B1B7885
:1029D000DB077FF566AF224A236812689B1A0E2B2D
:1029E0007FF65FAF0FF088F8FF287FF75AAF2068B7
:1029F0002B68184AC31A1B4912681B480DF0CAF805
:102A00004FE7AD5940F2666140F29954012D08BF7D
:102A100021468BE748CA002034C70020005C260509
:102A200040C70020E0930400C8C70020F88C0020B5
:102A30006F12833A00007A4418C7002000F07F45E7
:102A4000A5CA00200000000000A300207093002011
:102A500044C80020F0910020B9CA0020B8CA002064
:102A600070CA0020701B0020E08E00202DE9F04F7E
:102A7000B34885B005F06EFAB24DB14803F0D0FB13
:102A800032200DF0FDFA2B68142B09D800240134F4
:102A900001200DF0F5FA2B68192C01D0142BF6D972
:102AA000DFF89C82A84C404603F082FBFF2340469F
:102AB0001A46194604F0FAF9404604F05BF8772309
:102AC00079227C21404604F097FD2368002B40F0DA
:102AD000268100251A23062204219948CDE90055B4
:102AE00004F04EFE21681A2306229548CDE90051D4
:102AF0000E2104F045FE95490024954D1A23062227
:102B00008F48CDE90041172104F0E8FD29681A2318
:102B10000622092900F3FC801C218948CDE90044E4
:102B200004F02EFE29681A2306228548CDE90041CB
:102B3000252104F025FE0BF0E3FD20B1854B19683B
:102B4000002900F05184844800211A230622CDE98F
:102B500000102B217A4804F0C1FD804C216809291E
:102B600000F3378400251A2306224B217448CDE94F
:102B7000005504F005FE21681A2306227048CDE9AD
:102B80000051552104F0FCFD754D0024754E1A23AB
:102B900006225D216A48CDE9004504F09FFD3268B8
:102BA0001A23092A00F30C84062263216448CDE924
:102BB000004404F0E5FD32681A236B216048CDE93A
:102BC0000042062204F0DCFD00241A2306227321B1
:102BD0005B48654ECDE9004504F080FD6349644DD6
:102BE0001A23096806225648CDE9004179214FF49D
:102BF000C06404F0C5FD772379227C21504804F09D
:102C0000FBFC2B684D215B4A4D4801FB03221E2330
:102C1000F021CDE900421A2204F060FD564A182343
:102C200040F259114648CDE90042492204F056FDD0
:102C3000524A1B234FF4B1714148CDE9004264224E
:102C400004F04CFD2B681B225A2106EB83134FF432
:102C5000CD7093ED010AECF753FA494B642240F230
:102C6000B3113748CDE900431B2304F037FD2B682F
:102C70009B01F758002F40F08F80424A1A234FF4EF
:102C8000A5712F4801927D22009404F027FD2B6846
:102C900074224FF4AF7106EB83132948D3ED037A06
:102CA0001A230097FCEEE77ACDED017A04F068FD77
:102CB000354A1A2340F27511214801927422009777
:102CC00004F00CFD314B296840F2B63033F8113076
:102CD000A3F1320292B2824200F2CA8407EE903A25
:102CE0009FED2B7AF8EEE77A87EE870A1A22742195
:102CF0004FF4D270ECF704FA264A00234FF4E17146
:102D00000F48CDE900321A23742204F0E7FC72E088
:102D1000CDE900410A481B2104F032FD0BE70BF01E
:102D2000CFFC092820607FF7D4AE00211A230622A9
:102D3000CDE900100421404604F022FDDBE600BF8F
:102D4000209D0020FC8E002080C70020AC070020C2
:102D500090C7002010C70020B80700202CC7002013
:102D6000C0070020A0C70020F88C00208CCA0020DB
:102D7000C8C7002084920020800900208419002008
:102D800098090020901900209819002018C70020E9
:102D900000007A4494110020D04A1B234FF4B171F3
:102DA000CF4801927D22009404F098FCCD4B296815
:102DB00040F2B63033F81130A3F1320292B28242BF
:102DC00000F25E8407EE903A9FEDC77AF8EEE77A5C
:102DD00087EE870A1B2273214FF4D270ECF790F92B
:102DE000C24A00234FF4E171BD48CDE900321B23F4
:102DF000732204F073FC4FF4C06ABD4B952240F27D
:102E00004511B7480024DFF80CB3DFF80C93B94F35
:102E1000CDE900A3182304F061FCB14803F01AFFC8
:102E2000332366220721AE4804F0E6FB1023AB22D1
:102E300040F21311AA480094CDF804B004F04EFCFF
:102E40002B68AB224FF49D7106EB8313A4485B699A
:102E5000CDE90043102304F093FC2B68AB2240F231
:102E60005B1106EB83139E489B69CDE90043102359
:102E700004F086FC9A4803F0B5FE994803F0EAFE98
:102E8000332366220721964804F0B6FB1223A622BC
:102E900040F24D1192480094CDF8049004F01EFCCD
:102EA0001223A72240F26B118D480094019704F081
:102EB00015FC8B4803F096FE894803F0CBFE5623A1
:102EC0001722BD21864804F097FB8B4BB92240F2B4
:102ED0001311834800940193102304F0FFFB2B6827
:102EE000B9224FF49D7106EB83137D48DB6ACDE96F
:102EF0000043102304F044FC2B68B92240F25B111C
:102F000006EB831376481B6BCDE90043102304F0D6
:102F100037FC1223B42240F24D117148CDE900492B
:102F200004F0DCFB1223B52240F26B116C48CDE9B2
:102F3000004704F0D3FB6A4803F054FE684803F0EE
:102F400089FE332366220721654804F055FB1023D0
:102F5000C72240F213116248CDE9004B04F0BEFBDA
:102F60002B68C7224FF49D7106EB83135C481B6AE4
:102F7000CDE90043102304F003FC2B68C72240F284
:102F80005B1106EB831356485B6ACDE900431023BF
:102F900004F0F6FB1223C22240F24D115048CDE955
:102FA000004904F09BFB1223C32240F26B114C48F2
:102FB000CDE9004704F092FB494803F013FE772364
:102FC00079227C21464804F017FB4C4BB9224FF480
:102FD000BB71434800940193102304F07FFB4048E9
:102FE00003F038FE2B68B9224FF4CE7106EB831341
:102FF0003B489B6BCDE90043102304F0C1FB2B68D9
:10300000B9224FF4DE7106EB83133548DB6BCDE953
:103010000043102304F0B4FB314803F0E3FD3048D3
:1030200003F018FE1223B4224FF4D7712C48CDE9D7
:10303000004904F053FB1223B52240F2CD11284879
:10304000DFF8D890CDE9004704F048FB244803F0AE
:10305000C9FD4FF4A071224803F0ACFE09212048BD
:1030600004F052FA26491E4803F066FE2346412228
:1030700024211B48009404F0C1FC2346CD22E62104
:103080001748009404F0BAFC1E4B9FED1F7A79227A
:10309000D3ED007A7C211D4F7723B7EEE73A1C4C25
:1030A000C7EE876A0E489FED094B9FED0A5B83EEE2
:1030B000047BFDEEE66AB8EEE66AC7ED006AB7EE9D
:1030C000C66A37EE467B27EE057B29E0000000004C
:1030D0000020AC400000000000004E409C19002081
:1030E000209D002018C7002000007A449411002081
:1030F000B0090020AC190020B01900208C17002066
:10310000F2F2F20070930020000061457CC70020BD
:1031100098C70020A8190020741C0020F0910020FE
:10312000BDEEC77B84ED007A04F066FABC4B462204
:103130003621BC4801931C23CDF800A004F0CEFA40
:10314000CDF800A0D9F800001C234622522101909E
:10315000B44804F015FBB44B4622A02101931C2374
:10316000B048CDF800A004F0B9FA2B68AF4A06EBDE
:1031700083131969914200F04281DB69934200F0A8
:103180003E81AB4B6B224821A64801931B23CDF80F
:1031900000A004F0A3FA3B686B228121A148CDE98D
:1031A00000A31B2304F0ECFAA24B6B22A2219D4842
:1031B00001931B23CDF800A004F090FA23686B2242
:1031C000C5219848CDE900A31B2304F0D9FA9A4AF7
:1031D0001B23E32101926B229248CDF800A004F05A
:1031E0007DFA772379227C218E4804F005FA2B683A
:1031F0009B01F458002C00F03B81012C11D1FF23DE
:1032000088481A46194604F0F7F92146854804F023
:103210007BF900238F221B2100930723814804F0B0
:10322000EDFB00237F480024DFF83CA21A46194634
:1032300004F0E2F998217B484FF4C06703F0F8FDF1
:103240000221784804F060F97C4A009423461288F1
:10325000BAF80010734804F0D1FBFF2371481A46F6
:10326000194604F0C9F901216E4804F04DF909230B
:1032700022464FF4C8716B48009404F0BFFB4FF432
:10328000A071684803F096FD0921664804F03CF9F6
:103290009C21644803F016FD6949624803F04CFD27
:1032A0002346EB224FF48C715E48009404F0A6FB99
:1032B0002346EE224FF4A5715A48009404F09EFB79
:1032C000FF2358481A46194604F096F95D4BEC2244
:1032D00040F22F11534801931C23009704F0FEF98C
:1032E0004FF4A0714F4803F065FD09214D4804F0EB
:1032F0000BF99D214B4803F0E5FC5149494803F087
:103300001BFD2346EB224FF4C3714648009404F0A2
:1033100075FB2346EE224FF4DC714248009404F022
:103320006DFBFF233F481A46194604F065F9464BEA
:10333000DFF838B1EC2201934FF4D0711C233948E7
:10334000009704F0CBF9DBF80030012B00F08D8101
:10335000EBF7BAFF334804F007FB2B689B01F358E7
:10336000002B00F07F81012B00F0928198F8203033
:103370009D2B02D10123CBF80030344E344F3468FA
:103380003A68A2420BD03C60E4B2642021460DF0C2
:10339000C9F8297840F216503C600DF0C3F82D4A68
:1033A0001468002C00F0238198F820309C2B04D165
:1033B000294A002135231160336005B0BDE8F08F44
:1033C000CDE9004261210622164804F0D9F9FFF741
:1033D000FBBB00201A230622CDE900014B21114836
:1033E00004F0CEF9FFF7D0BB1C481A230622CDE922
:1033F00000102B210B4804F071F9FFF7AEBB184900
:10340000084803F099FC174B6B22482101934FF4B5
:10341000C063044800931A2304F060F9E1E600BF9A
:10342000141A0020209D0020181A0020805101004D
:10343000741A0020841A002078170020949300202A
:10344000D9D9D900281A0020301A002034C8002009
:1034500038C8002040CA00207CCA0020B0070020E5
:1034600058D75A00B8090020909300203CCA002089
:1034700010218D4803F09EFC04218B4804F044F891
:103480002346C22224218848009404F0B7FA234638
:10349000C22233218448009404F0B0FA2346A522C6
:1034A00033218148009404F0A9FA2346A52238214B
:1034B0007D48009404F0A2FA2346C22238217A48BB
:1034C000009404F09BFA2346C2223D2176480094E2
:1034D00004F094FA2346A5223D217348009404F099
:1034E0008DFA2346A52242216F48009404F086FA03
:1034F0002346C22242216C48009404F07FFA2346FE
:10350000C22247216848009404F078FA2346A52295
:1035100047216548009404F071FA2346A5224C2106
:103520006148009404F06AFA2346C2224C215E48A6
:10353000009404F063FA2346C22279215A48009489
:1035400004F05CFA2346A52279215748009404F040
:1035500055FA2346A5227E215348009404F04EFAE2
:103560002346C2227E215048009404F047FA2346A5
:10357000C22283214C48009404F040FA2346A5223D
:1035800083214948009404F039FA2346A522882172
:103590004548009404F032FA2346C222882142486A
:1035A000009404F02BFA2346C2228D213E48009459
:1035B00004F024FA2346A5228D213B48009404F010
:1035C0001DFA2346A52292213748009404F016FAEA
:1035D0002346C22292213448009404F00FFA234675
:1035E000C222DC213048009404F008FA19E62F4981
:1035F0000120CBF800400B68106000220D68C9F86C
:10360000000008682A490B602A492B4B0D602B49A2
:10361000086064202A490C602A490C602A490C6021
:103620003421CAF800108021196028490A6028490D
:103630000C6028490A6021460CF074FFD9F800207C
:103640004FF4A66103A8039204223C600DF00AF82F
:10365000042203A840F23C5103940DF003F82923FF
:103660003360A1E6FFF746F880E6F9F759FC6FE60C
:1036700089017358012B0ED09FED170AFFF736BB57
:1036800089017358012B0AD09FED130AFFF7A2BBE3
:10369000FFF7F6F86AE69FED110AFFF727BB9FEDEB
:1036A0000F0AFFF797BB00BF209D002048CA0020EB
:1036B00034C7002038C70020949300203CC7002066
:1036C000DC910020E0910020E49100207CCA0020E1
:1036D00044C8002050CA0020CDCCCC3E3333B33E8A
:1036E000F0B5CD4883B004F035FCCC4DCA4802F0AB
:1036F00097FD32200CF0C4FC2B68142B09D8002451
:10370000013401200CF0BCFC2B68192C01D0142BC7
:10371000F6D9C14EC24C304602F04AFDFF23304676
:1037200019461A4603F0C2FB304603F023FA21681B
:10373000092900F3EC8100251A23FC224FF4AD7116
:103740003046CDE9005504F01BF821681A23FC220D
:103750003046CDE9005140F2651104F011F8B1494D
:103760000024B14D1A23FC22AB48CDE900414FF4AF
:10377000B77103F0B3FF29681A23FC22092900F36B
:10378000E58140F27311A448CDE9004403F0F8FF4D
:1037900029681A23FC22A048CDE900414FF4BE71EC
:1037A00003F0EEFFA14C2168092900F3C481002534
:1037B0001A23FC2240F283119748CDE9005503F00B
:1037C000DFFF21681A23FC229348CDE900514FF412
:1037D000CB7103F0D5FF964D0024964F1A23FC229F
:1037E0004FF4CF718C48CDE9004503F077FF3A687C
:1037F0001A23092A00F39681FC224FF4D2718648DD
:10380000CDE9004403F0BCFF3A681A234FF4D671A7
:103810008148CDE90042FC2203F0B2FF00241A23C4
:10382000FC224FF4DA717C48CDE9004503F056FFE5
:1038300081491A23FC2209684FF4C0657648CDE916
:1038400000414FF4DD7103F09BFF4FF4A07172480B
:1038500003F0B0FA0921704803F056FE77496E482C
:1038600003F06AFA4622234614216B48009404F0C0
:10387000C5F8E62223464FF4E6716748009404F049
:10388000BDF8772379227C21634803F0B5FE6C4AAA
:103890001B23F0216048CDE90052532203F01EFFA4
:1038A000684A1B23F0215C48CDE900526E2203F0E8
:1038B00015FF6549584803F03FFA4FF42071564808
:1038C00003F0B6FA0221544803F01EFE4C21524880
:1038D00003F0F8F9B92223463C214F48009404F044
:1038E0008DF8BC214C4803F0EDF9B922234696210E
:1038F0004948009404F082F8DF21474803F0E2F9D8
:10390000B9222346F0214448009404F077F8E021DE
:10391000414803F0D7F9B92223464FF4A5713E4838
:10392000009404F06BF8DC213B4803F0CBF9B9229A
:1039300023464FF4D2713848009404F05FF8FF2317
:1039400035481A46194603F057FE4C21324803F019
:10395000B9F93E491A23B9222F48CDE900513C213B
:1039600003F0BCFEBC212C4803F0ACF938491A2303
:10397000B9222948CDE90051962103F0AFFEDF219D
:10398000254803F09FF933491A23B0222248CDE994
:103990000051F02103F0A2FE2F491A23C4221E4831
:1039A000CDE90051F02103F099FEE0211A4803F01F
:1039B00089F92A491A23B0221748CDE900514FF45A
:1039C000A57103F08BFE26491A23C4221248CDE9C3
:1039D00000514FF4A57103F081FEDC210E4803F085
:1039E00071F920491A23B0220B48CDE900514FF458
:1039F000D27103F073FE1C491A23C4220648CDE994
:103A000000514FF4D27103F069FE772379227C21B3
:103A1000014803F0F1FD29E0209D0020FC8E0020EC
:103A200080C70020AC07002090C700202CC70020D2
:103A3000C0070020A0C700208CCA0020F2F2F200CC
:103A4000D81B0020F01B0020D9D9D900081C002069
:103A5000141C0020201C00202C1C0020341C0020E2
:103A6000401C0020481C0020541C00205E4B1A788B
:103A7000C52A00F085805D494FF4C0651A2387226E
:103A80005B480024CDE90051F02103F027FEA0217E
:103A9000574803F08FF90921554803F035FD4B21B4
:103AA000534803F00FF95349514803F045F90422F4
:103AB00023464F481146009403F0A0FF23222346DB
:103AC00037214B48009403F099FFFF2348481A46DA
:103AD000194603F091FD484A1B231F214448CDE9B4
:103AE0000052142203F0FAFD414803F03DFF96F81E
:103AF0002030DC2B70D031D84C2B68D0BC2B61D05F
:103B00004B2B02D13D4B01221A6003B0F0BD0020C7
:103B10001A23FC22CDE9000140F25B11304603F08C
:103B20002FFE1CE6CDE900424FF4D171FC22304853
:103B300003F026FE72E600201A23FC22CDE90001E4
:103B40004FF4C6712A4803F01BFE44E6CDE900415C
:103B5000274840F2731103F013FE23E6DF2B23D036
:103B6000E02BD2D1264B00222649274D27480C7046
:103B700042211A60214A5D609860116003B0F0BD77
:103B8000B6EE007AD3ED017AF4EEC77AF1EE10FAD0
:103B90007FF771AFB0EE007AF4EEC77AF1EE10FA6B
:103BA0007FF569AF1A4967E7154B00221549164D95
:103BB00016480C7041211A60104A5D6098601160CF
:103BC00003B0F0BD0D4B21221A6003B0F0BD0B4BCA
:103BD00020221A6003B0F0BD0E494022074B0C7042
:103BE0001A6003B0F0BD00BF1C8F0020C01B002076
:103BF000209D0020D9D9D900CC07002034C800204E
:103C00002C8F00209FCA00203333B33E3333333F21
:103C1000AC1B0020AECA002070B5424C82B0FF2120
:103C2000002520464FF4C06603F0D2FBA0212046B9
:103C300003F0C0F80921204603F066FC5821204615
:103C400003F040F83849204603F076F880222046F9
:103C50002B462946009503F0D1FE9E222B463721A4
:103C60002046009503F0CAFEFF2320461A46194657
:103C700003F0C2FC2D4A1B231D212046CDE9006222
:103C80008E2203F02BFDFF21204603F0A1FBA02193
:103C9000204603F08FF80921204603F035FC572118
:103CA000204603F00FF82049204603F045F8802213
:103CB0002B4640F2A7112046009503F09FFE9E225E
:103CC0002B464FF4EF712046009503F097FEFF233B
:103CD00020461A46194603F08FFC154A1B2340F272
:103CE000BF112046CDE900628E2203F0F7FC94F864
:103CF0002030572B09D0582B05D10E4A1368002BC2
:103D00000CDD013B136002B070BD0A4A13680B2B37
:103D1000CCBF0C230133136002B070BD156002B03C
:103D200070BD00BF209D0020D9D9D90064130020A8
:103D3000E814002084C7002070B5424C82B0FF21F7
:103D4000002520464FF4C06603F042FBA021204628
:103D500003F030F80921204603F0D6FB5821204615
:103D600002F0B0FF3849204602F0E6FF80222046EC
:103D70002B462946009503F041FE9E222B46372113
:103D80002046009503F03AFEFF2320461A461946C6
:103D900003F032FC2D4A1B231D212046CDE9006291
:103DA0008E2203F09BFCFF21204603F011FBA02193
:103DB000204602F0FFFF0921204603F0A5FB572112
:103DC000204602F07FFF2049204602F0B5FF802206
:103DD0002B4640F2A7112046009503F00FFE9E22CD
:103DE0002B464FF4EF712046009503F007FEFF23AA
:103DF00020461A46194603F0FFFB154A1B2340F2E2
:103E0000BF112046CDE900628E2203F067FC94F8D2
:103E10002030572B09D0582B05D10E4A1368002BA0
:103E20000CDD013B136002B070BD0A4A13683A2BE7
:103E3000CCBF3B230133136002B070BD156002B0EC
:103E400070BD00BF209D0020D9D9D9006413002087
:103E5000E81400209CC7002070B5414C82B0FF21BF
:103E6000002520464FF4C06603F0B2FAA021204698
:103E700002F0A0FF0921204603F046FB582120460E
:103E800002F020FF3749204602F056FF80222046EC
:103E90002B462946009503F0B1FD9E222B46372183
:103EA0002046009503F0AAFDFF2320461A46194636
:103EB00003F0A2FB2C4A1B231D212046CDE9006202
:103EC0008E2203F00BFCFF21204603F081FAA02193
:103ED000204602F06FFF0921204603F015FB572111
:103EE000204602F0EFFE1F49204602F025FF802207
:103EF0002B4640F2A7112046009503F07FFD9E223D
:103F00002B464FF4EF712046009503F077FDFF2319
:103F100020461A46194603F06FFB14491B238E22D4
:103F20002046CDE9006140F2BF1103F0D7FB94F8C1
:103F30002030572B0BD0582B07D10D4A1368012B7B
:103F4000D4BF012303F1FF33136002B070BD084AF0
:103F500013681E2BCCBF1F230133136002B070BD4A
:103F6000209D0020D9D9D90064130020E814002036
:103F70001892002070B5414C82B0FF2100252046E8
:103F80004FF4C06603F024FAA021204602F012FF8D
:103F90000921204603F0B8FA5821204602F092FE8B
:103FA0003749204602F0C8FE802220462B4629468B
:103FB000009503F023FD9E222B46372120460095D5
:103FC00003F01CFDFF2320461A46194603F014FB9C
:103FD0002C4A1B231D212046CDE900628E2203F0CE
:103FE0007DFBFF21204603F0F3F9A021204602F0DB
:103FF000E1FE0921204603F087FA5721204602F00E
:1040000061FE1F49204602F097FE80222B4640F2B7
:10401000A7112046009503F0F1FC9E222B464FF499
:10402000EF712046009503F0E9FCFF2320461A4675
:10403000194603F0E1FA14491B238E222046CDE9EC
:10404000006140F2BF1103F049FB94F82030572B78
:104050000BD0582B07D10D4A1368012BD4BF012375
:1040600003F1FF33136002B070BD084A13680B2BD5
:10407000CCBF0C230133136002B070BD209D002023
:10408000D9D9D90064130020E814002080920020C0
:1040900070B5414C82B0FF21002520464FF4C06628
:1040A00003F096F9A021204602F084FE0921204663
:1040B00003F02AFA5821204602F004FE3749204630
:1040C00002F03AFE802220462B462946009503F056
:1040D00095FC9E222B4637212046009503F08EFC4E
:1040E000FF2320461A46194603F086FA2C4A1B2362
:1040F0001D212046CDE900628E2203F0EFFAFF2158
:10410000204603F065F9A021204602F053FE092164
:10411000204603F0F9F95721204602F0D3FD1F494C
:10412000204602F009FE80222B4640F2A7112046CD
:10413000009503F063FC9E222B464FF4EF7120465E
:10414000009503F05BFCFF2320461A46194603F056
:1041500053FA14491B238E222046CDE9006140F218
:10416000BF1103F0BBFA94F82030572B0DD0582B19
:1041700009D10D4A1368B3F5FD6FB4BF40F2E77380
:1041800003F1FF33136002B070BD074A13680133B7
:10419000136002B070BD00BF209D0020D9D9D900A6
:1041A00064130020E8140020989300202DE9F04FBC
:1041B000D44883B003F0CEFED34DD24802F030F89D
:1041C00032200BF05DFF2B68142B09D8002401204E
:1041D00001340BF055FF2B68142B01D8192CF6D1A4
:1041E000C84C00264FF4C065C84F2046DFF8449302
:1041F00001F0DEFFFF2320461A46194602F056FE64
:10420000204602F0B7FC4FF4A071204602F0D2FD28
:104210000921204603F078F9BD49204602F08CFDC3
:104220004622672133462046009603F0E7FBC8226A
:10423000334640F279112046009603F0DFFB7723E6
:1042400079227C21204603F0D7F9B24A1823F021C5
:104250002046CDE900524E2203F040FA1823A02256
:10426000BE212046CDE9005703F038FA1823A022DA
:104270004FF491712046CDE9005703F02FFAA6497B
:10428000204602F059FD5121204602F01BFD4FF45B
:104290000C71204602F0CCFD0221204603F034F9D7
:1042A000A02233468C212046009603F0A7FB7723FB
:1042B00079227C21204603F09FF9984A1A238C2109
:1042C0002046CDE90052732203F008FA77237922C1
:1042D0007C21204603F090F9914A1A23F0212046D0
:1042E000CDE90052732203F0F9F9772379227C217A
:1042F000204603F081F98B4A1A234FF4AA71204615
:10430000CDE90052732203F0E9F9D9F80030092B06
:1043100000F33381FF2320461A46194603F06CF957
:104320001B23A02287212046CDE9005603F028FA5E
:10433000D9F800201B2391212046CDE90052A0226C
:1043400003F01EFA744900256E4802F0F5FC522174
:104350006C4802F0B7FC4FF40C716A4802F068FD3B
:10436000DFF8D4A10221674803F0CEF82B46A02243
:10437000F0216448009503F041FBDAF80030092B86
:104380004FF0FF0300F31A814FF4C0661A46194636
:104390005C4803F031F91B23A022EB215948CDE9F9
:1043A000006503F0EDF9DAF800201B23F5210192F6
:1043B000A0225448009603F0E3F9574900255148DC
:1043C00002F0BAFC53214F4802F07CFC4FF40C7110
:1043D0004C4802F02DFDDFF864B10221494803F09A
:1043E00093F82B46A0224FF4AA714648009503F09B
:1043F00005FBDBF800304348092B4FF0FF031A465A
:10440000194600F3CB8003F0F7F801954FF4C0652F
:104410001B23A02240F24F113A48009503F0B0F957
:104420000095DBF800201B2340F25911354801921A
:10443000A02203F0A5F9A021324802F0BBFC09211B
:104440003048002503F060F854212E484FF4C06630
:1044500002F038FC30492B4802F06EFC2B46EB2270
:1044600040F2A7112748009503F0C8FA2B464FF4F5
:1044700085724FF4EF712348009503F0BFFAFF23D4
:1044800020481A46194603F0B7F8274BF72240F2A6
:10449000BF111C4801931B23009603F01FF9A021B4
:1044A000184802F087FC0921164803F02DF8562120
:1044B000144802F007FC1849124802F03DFC04229F
:1044C0002B4610481146009503F098FA2B462322FC
:1044D00037210C48009503F091FAFF2309481A464A
:1044E000194603F089F8114B00961422104E1F2133
:1044F00001931B23034803F0F1F83368DFF8408091
:10450000012B1FE0209D0020FC8E0020C007002012
:10451000F2F2F2005C1C0020D9D9D900141A002054
:10452000701C0020781C0020801C0020CC0700207C
:104530000CCA00201892002080920020989300203E
:1045400018CA00206DD0504FD8F80030012B62D02F
:104550003B68012B58D04D4803F006FA94F8203000
:10456000512B48D0522B3BD10023012233603B60BA
:10457000C8F8002003B0BDE8F08FFF2320461A469C
:10458000194603F039F8D9F800201B238C21204666
:10459000CDE90052A02203F0F3F8D3E603F02CF8A3
:1045A000DBF80030A0224FF4AA7101934FF4C063EE
:1045B000364800931B2303F0E3F83CE71A461946FC
:1045C000324803F019F8DAF800204FF4C063F02104
:1045D0000192A02200931B232C4803F0D1F8ECE6B3
:1045E000532B25D1002301223360C8F800303A60F4
:1045F00003B0BDE8F08F00230122C8F800303B6013
:10460000326003B0BDE8F08F00233360C8F800309B
:10461000FFF73EFD9FE7002333603B60FFF7AAFCF6
:1046200096E7194FC8F800503D60FFF715FC8BE77F
:10463000542B20D1DBF80030154A01931549DAF8E4
:10464000003015480093D9F80030126809680068F6
:104650000AF016F964200BF013FD09F0CFFF0CF0FF
:10466000FBF800220D493260C8F800203A601F2292
:1046700094F820300A60562B7FF47CAF074B1F2242
:104680001A6003B0BDE8F08F1CCA0020209D0020F6
:1046900088C9002090C7002080C7002034C80020AF
:1046A00010B5124C82B023681BB1012B10D002B0A0
:1046B00010BD0F484FF4C0611B239B22CDE90010B1
:1046C0004FF4AD710B4803F009F82368012BEED1CC
:1046D000094C4FF4C0601B239B224FF4AD71CDE910
:1046E0000004044802F0FAFF02B010BD10C7002019
:1046F000881C0020209D0020901C00202DE9F04304
:10470000CA4883B003F026FCC94DC84801F088FDB3
:1047100032200BF0B5FC2B68142B09D800240120A3
:1047200001340BF0ADFC2B68142B01D8192CF6D1F9
:10473000BE4C00254FF4C066BE4F204601F038FD48
:10474000FF2320461A46194602F0B0FB204602F02D
:1047500011FA4FF4A071204602F02CFB09212046EB
:1047600002F0D2FEB449204602F0E6FA4622672162
:104770002B462046009503F041F9C8222B4640F213
:1047800079112046009503F039F9772379227C21AD
:10479000204602F031FFA94A1823F0212046CDE936
:1047A0000062532202F09AFFA54A1823D321204623
:1047B000CDE900629B2202F091FFA249204602F05F
:1047C000BBFA4E21204602F07DFA4FF420712046BC
:1047D00002F02EFB0221204602F096FE2B469B2281
:1047E000A0212046009503F009F93B68092B00F34E
:1047F000FA80FF2320461A46194602F0FDFE9B224E
:104800001B2320461146CDE9006502F0B9FF3A6846
:104810001B23A5212046CDE900629B2202F0B0FFB8
:1048200088490025814802F087FA4F217F4802F02D
:1048300049FA4FF420717D4802F0FAFADFF8149239
:1048400002217A4802F060FE2B469B224FF48271CF
:104850007648009503F0D2F8D9F80030092B4FF0D4
:10486000FF0300F3D0804FF4C0661A4619466F4824
:1048700002F0C2FE1B239B22FF216C48CDE900659C
:1048800002F07EFFD9F800201B2340F209110192AB
:104890009B226648009602F073FFA021634802F055
:1048A00089FA09216148002502F02EFE50215F4857
:1048B0004FF4C06602F006FA62495C4802F03CFA26
:1048C0002B46912240F245115848009503F096F886
:1048D0002B46A52240F26D115448009503F08EF846
:1048E000FF2352481A46194602F086FEDFF8688117
:1048F000FFF7D6FEA0214D4802F05CFA09214B4893
:1049000002F002FE5421494802F0DCF94D494748C3
:1049100002F012FA2B46EB2240F2A7114348009511
:1049200003F06CF82B464FF485724FF4EF713F485B
:10493000009503F063F8FF233C481A46194602F03D
:104940005BFE414BF72240F2BF11384801931B2315
:10495000009602F0C3FEA021344802F02BFA092190
:10496000324802F0D1FD5521304802F0ABF935490B
:104970002E4802F0E1F904222B462C4811460095FE
:1049800003F03CF82B46232237212848009503F0FA
:1049900035F8FF2325481A46194602F02DFE2B4A0A
:1049A00000961B232A4E1F21019214221F4802F059
:1049B00095FE3368012B00F09580D8F80030012B6C
:1049C00000F09980194802F0CFFF94F820304E2B68
:1049D0004FD04F2B42D1002201233260C8F8003063
:1049E00003B0BDE8F083FF2320461A46194602F0C3
:1049F00003FE3A681B23A0212046CDE900629B22DA
:104A000002F0BEFE0CE71A461946084802F0F4FD13
:104A1000D9F800204FF4C0634FF4827101929B22B9
:104A200000931B23014802F0ABFE36E7209D0020D7
:104A3000FC8E002084C70020F2F2F200981C0020B7
:104A4000AC070020D9D9D900801C0020CC07002059
:104A500010CA00209CC7002014CA0020502B10D17F
:104A6000354B1A68002A4BD0012AB9D100221A60AE
:104A7000B6E700220123C8F80020336003B0BDE888
:104A8000F083542B26D12C4B1D68012D3DD08DB9C0
:104A900038682A4F2A4B0C28D7F800C0294F1A68CB
:104AA0003F68294BD9F800101B68CDE900C73FD0FB
:104AB00009F0E6FE64200BF0E3FA09F09FFD0BF02D
:104AC000CBFE002221493260C8F800201F2294F852
:104AD00020300A60552B83D11C4B1F221A6003B073
:104AE000BDE8F083C8F80050FFF796F8D8F800301A
:104AF000012B7FF467AF00233360FFF71DF961E7F7
:104B000001221A6003B0BDE8F08338680C4B0B4DEE
:104B10000C280C4F1A682D680B4B3F68D9F8001011
:104B20001B68CDE90057C3D00C3009F0A9FEC1E7DE
:104B3000284609F0A5FEBDE710C70020A0C7002049
:104B400088C900208CCA00202CC7002034C800204F
:104B5000000000002DE9F043254D2B682DED068B5C
:104B60009FB0422B48D8DFE813F06E03EA03E70357
:104B7000E403E1034C044804440441043E043B04C0
:104B80003804350462035F035C035903560353037F
:104B900050034D038A038703840381035C04580494
:104BA000540450047E037B0378037503F603F30378
:104BB000F003ED0332042F042C04290426042304FB
:104BC00020041D041A041704140411040E040B0419
:104BD000080405040204FF03FC03F90347006B0308
:104BE000680365034500DE03DB0391038D03710356
:104BF00034C80020F0F7E4FFA24B45F255514AF6C5
:104C0000AA2259805A800CF003FF044688B10CF0A8
:104C100045FFC0B2572800F00682562800F0BE813A
:104C20004328F0D1EAF780FC0CF0F2FE044600289D
:104C3000EDD10BF07BFA944A13689BB1934EC31AE3
:104C4000DFF8CCC23168DFF8CCE219443160DCF81F
:104C500000100131CCF80010DEF800108B4288BF44
:104C6000CEF800302B6810601D2B00F39F81042BC1
:104C700004DD874A22FA03F3D9070BD40023B6EEEA
:104C8000000A4FF47A72194618460093CDE90133B1
:104C9000EAF700F87F4B80491A680868121A632AFD
:104CA00040F2AA801A680E200A600AF091FF07EE0F
:104CB000100ADFED7A5A9FED7A6AF7EE007AB8EEC5
:104CC000C77ADFF854C2F5EE006A764A9CF800E035
:104CD00027EE257A6F4BBEF1C50FC7EE065A75EE6B
:104CE000E77AC2ED005A704A67EEA67AC2ED007A02
:104CF00000F0C7816D4A9FED6E6A12889FED6D5A74
:104D000092B26D496D4807EE102A6D4AB8EEC77A27
:104D1000C7EE066A92ED007A77EEC74AA4EE857A6E
:104D200082ED007AB0EE476A664A92ED007A76EE3E
:104D3000C74AA4EE857A91ED005AF4EEC57AF1EEF9
:104D400010FA82ED007A026802F1010202605E4A06
:104D5000C2ED007A40F38C815C4AC1ED007A92ED9D
:104D6000005AF4EEC56AF1EE10FA40F37281C2ED1A
:104D7000006A574A1278002A00F06381554A127877
:104D8000002A40F05E81544A1178002940F0558194
:104D90002A68413A012A40F25481BEF1C50F00F061
:104DA0008F839FED4E5ADFED4E4AF4EEE45AF1EE5A
:104DB00010FA00F14F83DFED495AF4EEE56AF1EEA7
:104DC00010FA40F34983DFED475AF4EEE57AF1EE4D
:104DD00010FA40F141830220434A116809B9196869
:104DE00011601A68521A47F230518A4204D93F4A78
:104DF000012111703E4A10703E4942F20F701A684C
:104E00000E68921B824240F2F1801A680A600CF030
:104E1000E5FE394A1F4B1278002A00F0D280374A4B
:104E20001278D20740F1CD80354A1B6812689B1A70
:104E30000E2B40F2C6800CF05FFEFF2840F3C180CD
:104E400072B6304ADFF8D4C01368DFF8D4E02E48D9
:104E50001F462E4900239CED007A9EED006AD0ED9E
:104E6000006A0E6813604FF0FF32CCF80030B04695
:104E7000CEF8002003600B6062B6D5F800E0AEF11A
:104E800008034FE000800B40E0A2002060A3002058
:104E90002091482448CA002064A300200D68533B99
:104EA0009A99193F48A3002080A3002092CA0020AD
:104EB00000F07F45CDCC4C3DD0A20020F4A20020D4
:104EC000E4A20020D4A20020B0A20020ACA20020C6
:104ED000008F00209BCA0020A5CA0020CDCCCC3D6D
:104EE0003333333F8FC2F53CF0A20020A0CA00202C
:104EF0009ACA0020FCC30020B9CA0020B8CA00200A
:104F000070CA002070A30020C4A20020DCA20020F0
:104F10004CA300205CA300201C8F0020C8A200200E
:104F2000F48E0020362B00F2C580DFE813F09002EB
:104F3000C300C300C300C300C300C3008D02C3008D
:104F4000C300C300C300C300C3008A02C300C30080
:104F5000C300C300C300C3008702C300C300C30073
:104F6000C300C300C300C300C300C300C300C30029
:104F7000C300C300C300C300C300C300C300C30019
:104F8000C300C3008402C300C3008102C300C30086
:104F9000C300C300C300C300C3007E021E21BF487C
:104FA0000CF0A0FDBE480AF0DBFD2CE62C3B162BD6
:104FB0003FF664AEBB4A22FA03F3D8073FF56AAE68
:104FC0005CE672B60023B849B84A4FF0FF340B6074
:104FD000B7481360B749B84A04600B60136062B603
:104FE000B648B749B74A03600B60136009F04EFB3F
:104FF000B54B186009F0A2FBB44B186009F0B8FB80
:10500000B34B186009F0CEFBB24B186009F0E4FB1B
:10501000B14B186009F0FAFBB04B18601FB0BDEC43
:10502000068BBDE8F0833521AD480CF05BFD9C4854
:105030000AF096FD0CF084FDFEE71278022A3FF498
:10504000A7AE0022A7490A60A7490A70A7490A70BB
:10505000D2E636EEC54ADFEDA64AF0EE456AE4EE4A
:10506000246AC2ED006AA34A1278002AE9D085E6D4
:1050700037EEC54ADFED9E4AF0EE457AE4EE247A3B
:105080006AE6F6EE006A9CED017AB4EEE67AF1EE9D
:1050900010FA7FF72FAEF0EE006AB4EEE67AF1EE8A
:1050A00010FA7FF527AEDCED026AE7EE876AF0EED4
:1050B000667A1FE600238F49DFED8F5A0D788F49FE
:1050C000EAB209785FFA81F98D49098889B207EE59
:1050D000901A8C49F8EEE77A91ED002A8A49B7EEEA
:1050E000C22A87EEA53A91ED001A7F490978B7EEFA
:1050F000C11AB7EEC35AB0EE458B09B17B490978A6
:10510000002F64D19FED637BB0EE476BB0EE475B41
:105110006C480068002800F0B78104EE900A6748E8
:105120009FED7A0A06460068F8EE644A04EE100A1B
:105130001D90B8EE444AC4EE000A80EEA44AB7EED1
:10514000C44A5F4D9FED713AD5ED000A7048F8EE04
:10515000600AD0ED003A6F4880EE830AD0ED000A75
:105160006D4890F800C0B7EEE33ABCF1C50FB0EE61
:10517000439BB7EEE03AB0EE43ABB7EEC00A00F0A7
:10518000878147481A94CDF84080CDE90817CDE9CA
:105190000029624972468DED18AB8DED169B8DEDA1
:1051A000140B8DED124B8DED0E5B8DED0C7B8DEDAB
:1051B0000A6B8DED061B8DED042B8DED028B0AF035
:1051C000E9FC00233F4A33602B6013600EE7B8EE22
:1051D000477ADFED4E7AB8EE466AF8EE666AC7EEB9
:1051E000275A86EEA75A86EE277A07EE907AF8EECF
:1051F000677A85EEA76AB7EEC55AB7EEC77AB7EEFB
:10520000C66A85E7F6F764FBF6E4F9F783FAF3E498
:10521000EEF70EFBF0E4EEF73FF9EDE4EDF7F6FE06
:10522000EAE4FBF7D3F8E7E4EDF762FDE4E4F6F730
:1052300063F9E1E4F6F79CFEDEE4F9F783FEDBE4D4
:10524000F0F7F6F9D8E4EBF7C1F8D5E40020F3F76E
:10525000F9FCD1E4FFF752FACEE4FEF741FACBE4D1
:10526000F7F7BCFBC8E4FCF76FF8C5E4EFF788F983
:10527000C2E4EEF735FFBFE4FBF74CFDBCE4EEF70C
:10528000A1FDB9E40120F3F7DDFCB5E4F4F758FC27
:10529000B2E400BF00000000000000008005002014
:1052A000E08E00209184640070A30020C8A200203A
:1052B000F48E0020C4A20020DCA2002060A3002005
:1052C0005CA300204CA3002080C7002090C70020D2
:1052D00088C900202CC70020A0C700208CCA00204D
:1052E000AC1C0020F0A20020A0CA00209ACA002016
:1052F0000AD7233C008F002000F07F45A5CA00207C
:1053000092CA002048A30020E4A2002000007A44B2
:10531000ACA20020D0A200201C8F0020E41C0020A2
:10532000F3F716FB68E4FCF7A5FB65E4ECF750F92E
:1053300062E4EBF781FF5FE4EBF72AFD5CE4EBF757
:10534000A9F859E4F2F7AEFD56E4F2F743F853E456
:10535000F1F726FE50E4FEF729FF4DE4EFF732FFA8
:105360004AE4EBF7F7FA47E4FDF780FB44E4F5F78E
:10537000E5FC41E4F7F74CF93EE4FCF715FF3BE4AC
:10538000F1F780FC38E4F6F77FFF35E4F9F7E2FF48
:1053900032E4F1F7B7F92FE4F0F7E8FF2CE4F0F787
:1053A0009DFD29E4FAF7E6F926E4F5F799FA23E4F6
:1053B000F2F7C4FB20E4F8F705F91DE4F5F7BCF8B3
:1053C0001AE4F4F757FD17E4F7F7F8FE14E4F2F7E0
:1053D0007BFF11E4F8F796FF0EE4EDF777F90BE4A5
:1053E000ECF79EFF08E4ECF755FD05E4FAF746FC00
:1053F00002E4ECF7C1FBFFF7FFBBF5F7F1FEFFF7A7
:10540000FBBBF8F76FFDFFF7F7BBEFF74DFDFFF7BD
:10541000F3BBF6F721FCFFF7EFBBF9F78BFBFFF7C8
:10542000EBBBEFF779FAFFF7E7BB324B1B6842E6BD
:10543000314B1B683FE6314B1B683CE6304B1B6829
:1054400039E6304B1B6836E62F4B1B6833E62F4B93
:105450001B6830E60120BFE476EEC56AF4EEE67A1A
:10546000F1EE10FA28D475EE077AB4EEE76AF1EEA1
:1054700010FA23DC37EE457AB4EEC76AF1EE10FA83
:105480007FF5DFAD0520A7E49FED184B204E58E6D1
:10549000B6EE003AD0ED013AF4EEC33AF1EE10FA6E
:1054A0007FF76FAEB0EE003AF4EEC33AF1EE10FAC9
:1054B0004CBF0124002464E603208DE404208BE427
:1054C000F6EE004A9CED015AB4EEE45AF1EE10FA01
:1054D0007FF767ACF0EE004AB4EEE45AF1EE10FA52
:1054E0007FF55FAC9FED0B5A5DE400BF000000004C
:1054F0000000000010920020F0910020089200208F
:105500001C920020F8910020E891002000920020D9
:1055100060A30020CDCC4C3D08B50AF0C5FE124971
:1055200012480AF0B1F8124B1249D3F800C0D3F870
:1055300000E01148114AC1F800E01968C0F800C045
:105540001160D3F800C00E4819680E4B0E4A19605E
:10555000C0F800C00D490E480CF0E2FD0D4B0021D3
:105560000D4AC3E9002108BD408E0020A4C70020D9
:1055700048CA002038C7002034C700203CC700209C
:1055800044C7002040C700206C8F0020310200007B
:105590003892002080CA00202C250020002070476F
:1055A00000B5836C83B08DF807103BB101220DF17B
:1055B0000701184605F048FD03B000BDC06C002887
:1055C000FAD001220DF1070104F00AFE03B000BD7C
:1055D000836C13B1184605F047BCC06C08B104F0E9
:1055E000FBBC7047836C13B1184605F041BBC06C1F
:1055F00008B104F007B94FF0FF30704710B504460A
:105600000AF0A2FA2046BDE810400AF0A9BA00BF8D
:1056100091B100B583B00190084600910EF066F993
:10562000019B02460099D3F800C01846DCF804300C
:1056300003B05DF804EB1847704700BF836C13B1EB
:10564000184605F001BDC06C08B104F0C9BD704733
:10565000836C53B1187810F008000DD0D8695B69DD
:10566000C01A48BF6FF000407047C36CA3B193F8F5
:10567000310010F0080000D17047186919685A69A4
:10568000401A5B6862EB0303B0F1004F73F1000353
:10569000F2D36FF0004070471846EDE7836C00B519
:1056A00083B05BB101220DF10701184605F0F6F950
:1056B00001280BD19DF8070003B000BDC06C28B1D4
:1056C00001220DF1070103F0D3FFF1E74FF0FF30A6
:1056D000F2E700BF70B504460E46007801212E4D5A
:1056E0000AF04EFD002120780AF04AFDC6F3074279
:1056F0002B685A66DA6D12F4F81FFBD0C6F3072246
:10570000596F5A66DA6D12F4F81FFBD0F6B25A6F71
:105710005E66DA6D12F4F81FFBD00022596F5A66EC
:10572000DA6D12F4F81FFBD00022596F5A66DA6D59
:1057300012F4F81FFBD0207801215E6F0AF020FDE3
:10574000164A0021A388F6B212782078C3F30B041E
:10575000002A0CBF4FF484134FF442131C440AF088
:105760000FFD2B68220C42F080025A66DA6D12F4AB
:10577000F81FFBD0C4F30722596F5A66DA6D12F492
:10578000F81FFBD0E4B25A6F5C66DA6D12F4F81FB2
:10579000FBD05B6F304670BD408E0020ADCA00204C
:1057A000F8B505460C460078012117460AF0E8FCDA
:1057B000002128780AF0E4FC274EC4F3074233683E
:1057C00042F080025A66D96D11F4F81FFBD05A6F6F
:1057D000C4F307225A66D96D11F4F81FFBD0E4B266
:1057E0005A6F5C66D96D11F4F81FFBD05A6F5F6673
:1057F000DA6D12F4F81FFBD0012128785B6F0AF0F4
:10580000BFFC164B0021AC881B78C4F30B0428782E
:105810008B420CBF4FF484134FF442131C440AF024
:10582000AFFC3368220C42F080025A66DA6D12F443
:10583000F81FFBD0C4F30722596F5A66DA6D12F4D1
:10584000F81FFBD0E4B25A6F5C66DA6D12F4F81FF1
:10585000FBD05B6FF8BD00BF408E0020ADCA0020BA
:1058600070B504460E4600780121334D0AF088FCDD
:10587000002120780AF084FCC6F307422B685A66A0
:10588000DA6D12F4F81FFBD0C6F30722596F5A667F
:10589000DA6D12F4F81FFBD0F6B25A6F5E66DA6D5D
:1058A00012F4F81FFBD00022596F5A66DA6D12F419
:1058B000F81FFBD00022596F5A66DA6D12F4F81FF8
:1058C000FBD0586F0022C0B25A66DA6D12F4F81F8E
:1058D000FBD05B6F012140EA032320789EB20AF0DF
:1058E0004FFC164AA388002112782078C3F30B04DA
:1058F000002A0CBF4FF484134FF442131C440AF0E7
:105900003FFC2B68220C42F080025A66DA6D12F4DA
:10591000F81FFBD0C4F30722596F5A66DA6D12F4F0
:10592000F81FFBD0E4B25A6F5C66DA6D12F4F81F10
:10593000FBD05B6F304670BD408E0020ADCA0020AA
:1059400070B5044682B00E460078012101920AF03B
:1059500017FC002120780AF013FC2D4DC6F30741F7
:10596000019A2B6841F080015966D96D11F4F81F36
:10597000FBD0596FC6F307215966D96D11F4F81F92
:10598000FBD0F6B2596F5E66D96D11F4F81FFBD0EB
:10599000D1B2586F5966D96D11F4F81FFBD0C2F31C
:1059A0000722596F5A66DA6D12F4F81FFBD020787F
:1059B00001215B6F0AF0E4FB164A0021A3881278EC
:1059C0002078C3F30B048A420CBF4FF484134FF4C6
:1059D00042131C440AF0D4FB2B68220C42F08002D4
:1059E0005A66DA6D12F4F81FFBD0C4F30722596F20
:1059F0005A66DA6D12F4F81FFBD0E4B25A6F5C6697
:105A0000DA6D12F4F81FFBD05B6F02B070BD00BFFF
:105A1000408E0020ADCA002070B504460D460078C7
:105A200001213D4E0AF0ACFB002120780AF0A8FBD2
:105A3000C5F3074233685A66DA6D12F4F81FFBD0DB
:105A4000C5F30722596F5A66DA6D12F4F81FFBD0BE
:105A5000EDB25A6F5D66DA6D12F4F81FFBD00022CA
:105A6000596F5A66DA6D12F4F81FFBD00022596F95
:105A70005A66DA6D12F4F81FFBD05A6F002562F3F4
:105A8000070500225A66DA6D12F4F81FFBD05A6F30
:105A900062F30F2500225A66DA6D12F4F81FFBD06C
:105AA0005A6F62F3174500225A66DA6D12F4F81F36
:105AB000FBD05B6F0121207863F31F650AF060FB68
:105AC000164A0021A38812782078C3F30B04002A19
:105AD0000CBF4FF484134FF442131C440AF050FBE4
:105AE0003368220C42F080025A66DA6D12F4F81F15
:105AF000FBD0C4F30722596F5A66DA6D12F4F81F0F
:105B0000FBD0E4B25A6F5C66DA6D12F4F81FFBD07A
:105B10005B6F284670BD00BF408E0020ADCA0020DC
:105B200070B5044682B00E460078012101920AF059
:105B300027FB002120780AF023FB344DC6F30741F0
:105B4000019A2B6841F080015966D96D11F4F81F54
:105B5000FBD0596FC6F307215966D96D11F4F81FB0
:105B6000FBD0F6B2596F5E66D96D11F4F81FFBD009
:105B7000D1B2586F5966D96D11F4F81FFBD0C2F33A
:105B80000721586F5966D96D11F4F81FFBD0C2F385
:105B90000741586F5966D96D11F4F81FFBD0120EEA
:105BA000596F5A66DA6D12F4F81FFBD02078012184
:105BB0005B6F0AF0E5FA164A0021A3881278207874
:105BC000C3F30B048A420CBF4FF484134FF4421307
:105BD0001C440AF0D5FA2B68220C42F080025A6667
:105BE000DA6D12F4F81FFBD0C4F30722596F5A661E
:105BF000DA6D12F4F81FFBD0E4B25A6F5C66DA6D0E
:105C000012F4F81FFBD05B6F02B070BD408E002015
:105C1000ADCA002038B50121054600780AF0B0FA77
:105C2000154BAC8800211B78C4F30B0428788B42F9
:105C30000CBF4FF484134FF442131C440AF0A0FA33
:105C40000E4B220C1B6842F080025A66DA6D12F489
:105C5000F81FFBD0C4F30722596F5A66DA6D12F4AD
:105C6000F81FFBD0E4B25A6F5C66DA6D12F4F81FCD
:105C7000FBD05B6F38BD00BFADCA0020408E002056
:105C800038B50C460546002100780AF079FA1C4B1D
:105C9000C4F307421B685A66DA6D12F4F81FFBD092
:105CA000C4F30722596F5A66DA6D12F4F81FFBD05D
:105CB000E4B25A6F5C66DA6D12F4F81FFBD0002272
:105CC000596F5A66DA6D12F4F81FFBD00022596F33
:105CD0005A66DA6D12F4F81FFBD05C6F0022E4B252
:105CE0005A66DA6D12F4F81FFBD05B6F0121287839
:105CF0001B029BB21C430AF043FA204638BD00BF8A
:105D0000408E00202DE9F041654D00270C26044609
:105D10004FF4A0700AF0B4F9002120780AF030FAAC
:105D20002B685E66DA6D12F4F81FFBD05A6F5F665F
:105D3000DA6D12F4F81FFBD05A6F5F66DA6D12F459
:105D4000F81FFBD05A6F5F66DA6D12F4F81FFBD0B4
:105D50005A6F5F66DA6D12F4F81FFBD0D3F874C087
:105D60005F66DA6D12F4F81FFBD05B6F01212078BB
:105D70004FEA03281FFA88F848EA0C080AF000FAEC
:105D80005FFA88F8B8F1080FC6D1002120780AF030
:105D9000F7F90C222B685A66DA6D12F4F81FFBD063
:105DA0000022596F5A66DA6D12F4F81FFBD00022F8
:105DB000596F5A66DA6D12F4F81FFBD00022596F42
:105DC0005A66DA6D12F4F81FFBD00022596F5A663A
:105DD000DA6D12F4F81FFBD0586F0022C0B25A6679
:105DE000DA6D12F4F81FFBD05B6F01211B029BB22E
:105DF00043EA000620780AF0C3F9330A294E172B2C
:105E00000DD8DFE803F04A4A0C0C0C0C0C0C0C0CFF
:105E10000C0C0C0C0C0C464646460C48480C032354
:105E20004FF4402120463370FFF72AFF1E4A030A31
:105E3000012113801D4B207863600AF0A1F93278AC
:105E4000A38800212078C3F30B048A420CBF4FF4CF
:105E500084134FF442131C440AF092F92B68220C6D
:105E600042F080025A66DA6D12F4F81FFBD0C4F3D8
:105E70000722596F5A66DA6D12F4F81FFBD0E4B2AC
:105E80005A6F5C66DA6D12F4F81FFBD05B6FBDE8E9
:105E9000F0810123C4E70223C2E70023C0E700BF6B
:105EA000408E0020ADCA002090CA00200000FC0FE8
:105EB00038B5124C2378EBB111491248FFF7ACFD0D
:105EC0001149124A0546124B48681268A3FB023278
:105ED00043F60953920C03FB02F24B681B1A9A42D9
:105EE000FBD8237843B106490648FFF795FD401BD0
:105EF000800138BD0749E0E70649F5E7ADCA002053
:105F00000820300014A30020001000E03C8E002088
:105F100083DE1B43082410002DE9F04F83B00421D9
:105F2000884C019088480BF0DDFD884809F018FE88
:105F30002388012B00F0F780132B00F0E580132B52
:105F400000F2D480082182480BF0CCFD2B217F4841
:105F500009F0FAFD7D4809F003FE0D217D480BF0A4
:105F6000C1FD7D4E7D49794809F0EEFD774809F085
:105F7000F7FD3378002B00F0B78079497948FFF7B7
:105F80004BFD002301460A22704809F011FE012151
:105F900075480BF0A7FD3378002B00F0A380734900
:105FA00070480025FFF738FD002301460A226748A4
:105FB00009F0FEFDDFF8E48103216D48694C0BF028
:105FC00091FD6C4F614809F0CBFD0198FFF770FF20
:105FD00040455ED23378002B7BD04FF0800A4FF0E3
:105FE000210B4FF0B009012120780AF0C9F80021F7
:105FF00020780AF0C5F83B68C3F86490DA6D12F4B3
:10600000F81FFBD05A6FC3F864B0DA6D12F4F81FB2
:10601000FBD05A6FC3F864A0DA6D12F4F81FFBD0FE
:106020005A6F5D66DA6D12F4F81FFBD001212078FB
:106030005B6F0AF0A5F833780021B4F804A08B4216
:106040000CBF4FF484134FF442132078CAF30B0AA9
:106050009A440AF095F83B684FEA1A4242F08002EF
:106060005A66DA6D12F4F81FFBD0CAF30722596F93
:106070005A66DA6D12F4F81FFBD05FFA8AF2596F94
:106080005A66DA6D12F4F81FFBD001355B6F1F2DD5
:106090009BD10F2138480BF025FD337803B33749E6
:1060A00000230A22294809F083FD284809F058FDF9
:1060B000042125480BF016FD244809F051FD01216B
:1060C0002F480BF00FFD214803B0BDE8F04F09F059
:1060D00047BD4FF06C0A4FF0250B4FF0900982E757
:1060E0002849DDE728495BE7284947E70321284895
:1060F0000BF0F8FC002310222188144809F058FD09
:10610000124809F02DFD1DE7032122480BF0EAFC9F
:106110000023102221880D4809F04AFD0B4809F0A0
:106120001FFD23880BE704211B480BF0DBFC002339
:1061300010222188054809F03BFD044809F010FDB4
:106140002388F9E690CA00207C1E0020E08E002003
:10615000941E0020A01E0020ADCA00200051250280
:106160003420300014A30020B01E0020482030004E
:10617000B41E0020408E0020B81E00200C203000ED
:10618000AC1E00200C241000442410003024100009
:10619000901E00208C1E0020841E002000C6CD0210
:1061A000024808B5FFF7FCFA08BD00BF14A30020A1
:1061B00038B5184D0121287809F0E2FF164BAC885C
:1061C00000211B78C4F30B0428788B420CBF4FF4DA
:1061D00084134FF442131C4409F0D2FF0F4B220CDE
:1061E0001B6842F080025A66DA6D12F4F81FFBD089
:1061F000C4F30722596F5A66DA6D12F4F81FFBD008
:10620000E4B25A6F5C66DA6D12F4F81FFBD05B6F74
:1062100038BD00BF14A30020ADCA0020408E00206E
:10622000024B0121187809F0ABBF00BF14A3002076
:1062300005460A21B44C00B583B001F0F7FF2846AB
:1062400001F018FB0021284601F050FB45F2123204
:10625000AE49284600F008FC4FF0A061AC4800F0C1
:106260005DFA4FF08071AA4800F058FAC8234FF445
:10627000C8720021A74800F08DFA0023C822A54863
:106280001946CDE900221A4600F0BAFA2388012BFC
:1062900000F01B81132B00F00181132B00F2E28030
:1062A0009B4C9D49204600F039FAE388032B40F2CD
:1062B000EF801A1FA18899480431E2800368072201
:1062C000A1805A66DA6D12F4F81FFBD00022596FD4
:1062D0005A66DA6D12F4F81FFBD00022596F5A6625
:1062E000DA6D12F4F81FFBD02622596F5A66DA6D68
:1062F00012F4F81FFBD0874C0026894984485B6F55
:1063000000F00CFA0121204601F0FEF862682168D5
:106310003346002A7F480096B8BF01320029B8BF33
:10632000013152104910643A643992B289B201F0D5
:1063300065FBFF2233462846114601F05DF9794995
:10634000734800F0EBF9626821682846B242764B48
:10635000B8BF0132002901934FF4C0634FEA6202D3
:10636000B8BF013100931D231D3241F34F0112B21A
:1063700001F0B4F9626821682846002A6B4BB8BF67
:106380000132002901934FF4C0634FEA6202B8BFA3
:106390000131009314230C3241F34F0112B201F08A
:1063A0009DF9626821682846002A614BB8BF013216
:1063B000002901934FF4C063B8BF013142F34F028B
:1063C0000093142341F34F0101F088F962682168BA
:1063D0002846002A574BB8BF0132002901934FF4D9
:1063E000C0634FEA6202B8BF0131009314230C3A34
:1063F00041F34F0112B201F071F962682168284639
:10640000002A4D4BB8BF0132002901934FF4C063FD
:106410004FEA6202B8BF013100931423333241F3D3
:106420004F0112B201F05AF9626821684FF4C0635B
:10643000002A4248B8BF013200294FEA6202B8BFC1
:1064400001314F3241F34F01CDE9003012B2142334
:10645000284601F043F9284601F086FA2C4801F05D
:10646000B9FBFEE736493748FFF7D2F80023102280
:106470002188344809F09CFB324809F071FB28461A
:10648000002101F04DF900212E48FFF7B7F807E78A
:106490000421204600F062F8E3880AE72A492948E7
:1064A000FFF7B6F8002310222188264809F080FB68
:1064B000244809F055FB0021284601F031F900215C
:1064C0002048FFF79BF82388E7E620491D48FFF79F
:1064D0009FF80023102221881A4809F069FB194807
:1064E00009F03EFB1A4A1B4B11781B4A0848002949
:1064F0000CBF114619460022FFF752F9002111483E
:10650000FFF77CF82388C5E690CA0020F82D00200C
:1065100014A30020209D002000006502408E002072
:1065200055000010FF000010C81E0020DC1E0020D7
:10653000F41E0020181F0020481F00205C1F0020B0
:10654000901E0020E08E00208C1E0020841E002063
:10655000ADCA0020582030005424100083882DE953
:10656000F04FC3F30B0383B00546DFF8A891007822
:1065700000910121AB8009F003FE99F80030002B57
:1065800000F0BD80FC274FF0200AB022AE8840F614
:10659000FC74DFF88481002128783440019209F0EE
:1065A000EFFDD8F80030019A5A66DA6D12F4F81F40
:1065B000FBD05A6FC3F864A0DA6D12F4F81FFBD059
:1065C0005A6F5F66DA6D12F4F81FFBD006F0FC0616
:1065D0005A6F5E66DA6D12F4F81FFBD0240A5A6F08
:1065E0005C66DA6D12F4F81FFBD0002601212878D2
:1065F0005B6F09F0C5FD99F80030AC88002B78D0AE
:10660000F8274FF0200B4FF0300A0021287809F0CE
:10661000B7FDD8F80010C1F864A0CA6D12F4F81FD5
:10662000FBD04A6FC1F864B0CB6D13F4F81FFBD0F8
:106630004B6F4F66CB6D13F4F81FFBD04B6F4E665C
:10664000CB6D13F4F81FFBD04B6F4E66CB6D13F47C
:10665000F81FFBD04A6F4E66D2B2CB6D13F4F81F11
:10666000FBD04F6F012128783F02BFB2174309F0DA
:1066700087FD40F6FF739F4246D0E31B009AC3F3A9
:106680000B03C3F57F630C339BB29342EB80B2D311
:106690000121287809F074FD99F80030AC880021B8
:1066A00028788B420CBF4FF484134FF44213C4F389
:1066B0000B041C4409F064FDD8F80030220C42F0B1
:1066C00080025A66DA6D12F4F81FFBD0C4F3072279
:1066D000596F5A66DA6D12F4F81FFBD0E4B25A6FA4
:1066E0005C66DA6D12F4F81FFBD05B6F03B0BDE897
:1066F000F08FE4274FF0240B4FF0100A85E7E827CE
:106700004FF0240A902241E70148FFF791FD00BFB6
:10671000209D0020ADCA0020408E0020C388024684
:10672000032B10B50C4682B02BD9B2F804C0191F48
:10673000DFF85CE0E0B20CF1040CD180DEF8003050
:10674000A2F804C05866DA6D12F4F81FFBD0C4F347
:106750000722596F5A66DA6D12F4F81FFBD0C4F3A2
:106760000742596F5A66DA6D12F4F81FFBD0240EF7
:106770005A6F5C66DA6D12F4F81FFBD05B6F02B0E3
:1067800010BD04210190FFF7E9FE019AD388CCE700
:10679000408E002010B5C3F30020002482B040EAF0
:1067A000420063F30704019360F30F24C2F3C210A5
:1067B000009240EAC100072160F317440E4861F3DC
:1067C0001F642146FFF7AAFF0C490978DDE9002381
:1067D00009B902B010BD120AC3F3412328210648AB
:1067E00002F00C021A4362F3070461F31F642146AE
:1067F000FFF794FF02B010BD14A30020ADCA002023
:1068000070B543EA4203BDF81060BDF8145000248F
:1068100043EA8103C6F3C11265F30704082142EA83
:106820008303C5F300220F4842EA460262F30F24B5
:1068300063F3174461F31F642146FFF76FFF0A4BB0
:106840001B7803B970BD760AC5F341252923054895
:1068500045EA860565F3070463F31F642146FFF7E5
:106860005DFF70BD14A30020ADCA002070B5C488C0
:1068700082B00E4694426CD38188A41A082A11442F
:10688000C480818076D9A2F1090106F108053B4C4C
:106890001036C1F3CC01AC46236806EBC10E1CF8E0
:1068A000080C5866D86D10F4F81FFBD01CF8070CC4
:1068B0005E6F5866D86D10F4F81FFBD01CF8060CFC
:1068C0005E6F5866D86D10F4F81FFBD01CF8050CED
:1068D0005E6F5866D86D10F4F81FFBD01CF8040CDE
:1068E0005E6F5866D86D10F4F81FFBD01CF8030CCF
:1068F0005E6F5866D86D10F4F81FFBD01CF8020CC0
:106900005E6F5866D86D10F4F81FFBD01CF8010CB0
:106910005E6F5866D86D10F4F81FFBD00CF1080CB0
:10692000586FF445BBD1083AC1EB413305EBC106C2
:1069300002EBC30292B22068324416F8013B436670
:10694000C36D13F4F81FFBD09642436FF5D102B02C
:1069500070BD044611460192FFF700FE019AE188DE
:10696000A388082AA1EB02011344E180A3808AD8FE
:10697000024CE0E7002AEAD0FAE700BF408E002090
:1069800082071FD0F8B5104C451C104F0026E18837
:1069900089B1A38801393A68013389B25666A38068
:1069A000E180D36D13F4F81FFBD0536FAB0708D011
:1069B00001350029EDD101212046FFF7CFFDE18807
:1069C000E7E7F8BD704700BF14A30020408E002009
:1069D0002DE9F041224C90F80080E188B8F1000FD9
:1069E0003BD0064607461F4DA9B1A38801392A6846
:1069F000013389B2C2F86480A380E180D36D13F4BF
:106A0000F81FFBD097F80180536FB8F1000F08D042
:106A100001370029E9D101212046FFF79FFDE188D8
:106A2000E3E7BB1B0233DEB289B1A28801392868D3
:106A30000132E1800021A2804166C26D12F4F81F8C
:106A4000FBD0426F3046BDE8F041FFF799BF01210E
:106A50000348FFF783FDE188E7E70126014DE3E7FF
:106A600014A30020408E00202DE9F84302F0030615
:106A7000CAB14F1E1F4C204DE18802EB070817F8E2
:106A8000019F00292ED0A38801392A68013389B2D9
:106A9000C2F86490A380E180D36D13F4F81FFBD09B
:106AA0004745536FEBD11EB3124C0136124D0027F0
:106AB000E18889B1A38801392A68013389B2576610
:106AC000A380E180D36D13F4F81FFBD0536FB3079D
:106AD0000ED001360029EDD101210648FFF73EFD19
:106AE000E188E7E701210348FFF738FDE188CAE7BD
:106AF000BDE8F88314A30020408E002070B51B4C25
:106B00000546E18811B3B4F804C00139184EEAB261
:106B10000CF1010C89B233681FFA8CFCE1805A66D3
:106B2000A4F804C0DA6D12F4F81FFBD05A6F2D0AD6
:106B300091B10CF1010C01395D66A4F804C0E1804B
:106B4000DA6D12F4F81FFBD05B6F70BD0121204697
:106B5000FFF704FDE188D6E701210448FFF7FEFCBA
:106B6000B4F804C0E1883368E3E700BF14A3002051
:106B7000408E0020194808B5C388032B27D9818887
:106B80001A1FDFF85CE04FF0070C0431C280DEF81A
:106B900000308180C3F864C0DA6D12F4F81FFBD0B6
:106BA0000022596F5A66DA6D12F4F81FFBD00022EA
:106BB000596F5A66DA6D12F4F81FFBD02622596F0E
:106BC0005A66DA6D12F4F81FFBD05B6F08BD042122
:106BD000FFF7C4FC0148C388D1E700BF14A300201D
:106BE000408E0020194808B5C388032B27D9818817
:106BF0001A1FDFF85CE04FF0000C0431C280DEF8B1
:106C000000308180C3F864C0DA6D12F4F81FFBD045
:106C10000022596F5A66DA6D12F4F81FFBD0002279
:106C2000596F5A66DA6D12F4F81FFBD02322596FA0
:106C30005A66DA6D12F4F81FFBD05B6F08BD0421B1
:106C4000FFF78CFC0148C388D1E700BF14A30020E4
:106C5000408E0020194808B5C388032B27D98188A6
:106C60001A1FDFF85CE04FF0000C0431C280DEF840
:106C700000308180C3F864C0DA6D12F4F81FFBD0D5
:106C80000022596F5A66DA6D12F4F81FFBD0002209
:106C9000596F5A66DA6D12F4F81FFBD02222596F31
:106CA0005A66DA6D12F4F81FFBD05B6F08BD042141
:106CB000FFF754FC0148C388D1E700BF14A30020AC
:106CC000408E00201A480A46C388032B10B541F0B5
:106CD000407482B023D9043B8188C3800431154BB2
:106CE00081801B685A66DA6D12F4F81FFBD000220F
:106CF000596F5A66DA6D12F4F81FFBD00022596FF3
:106D00005A66DA6D12F4F81FFBD0240E5A6F5C66D7
:106D1000DA6D12F4F81FFBD05B6F02B010BD019169
:106D20000421FFF71BFC0248019AC388D3E700BF88
:106D300014A30020408E00201C480A46C38810B5CA
:106D4000032B21F07F4482B044F0806426D9043BB9
:106D50008188D2B2C3800431154B81801B685A668A
:106D6000DA6D12F4F81FFBD0C4F30722596F5A668C
:106D7000DA6D12F4F81FFBD0C4F30742596F5A665C
:106D8000DA6D12F4F81FFBD0240E5A6F5C66DA6DD0
:106D900012F4F81FFBD05B6F02B010BD019104210B
:106DA000FFF7DCFB0148019AC388D0E714A3002059
:106DB000408E00201C480A46C38810B5032BC1F33F
:106DC0000B0482B044F0606425D9043B8188D2B2C0
:106DD000C3800431154B81801B685A66DA6D12F44A
:106DE000F81FFBD0C4F30322596F5A66DA6D12F410
:106DF000F81FFBD00022596F5A66DA6D12F4F81FA3
:106E0000FBD0240E5A6F5C66DA6D12F4F81FFBD0CB
:106E10005B6F02B010BD01910421FFF79FFB024898
:106E2000019AC388D1E700BF14A30020408E002040
:106E30001C480A46C38810B5032BC1F30C0482B06A
:106E400044F0506425D9043B8188D2B2C380043118
:106E5000154B81801B685A66DA6D12F4F81FFBD05F
:106E6000C4F30422596F5A66DA6D12F4F81FFBD08E
:106E70000022596F5A66DA6D12F4F81FFBD0240E07
:106E80005A6F5C66DA6D12F4F81FFBD05B6F02B0CC
:106E900010BD01910421FFF761FB0248019AC388EC
:106EA000D1E700BF14A30020408E00201D4843EA14
:106EB0000143C18843EA0222032910B542F000745D
:106EC00082B026D983880439D2B20433C1801649EE
:106ED00083800B685A66DA6D12F4F81FFBD0C4F396
:106EE0000722596F5A66DA6D12F4F81FFBD0C4F30B
:106EF0000742596F5A66DA6D12F4F81FFBD0240E60
:106F00005A6F5C66DA6D12F4F81FFBD05B6F02B04B
:106F100010BD04210192FFF721FB0248019AC188AC
:106F2000D0E700BF14A30020408E002024482DE9A4
:106F3000F0419846C3880E461746032BBDF818400B
:106F40009DF81C5036D9043B2C22C380838804331F
:106F500083801C4B1B685A66DA6D12F4F81FFBD055
:106F60005A6FFF225A66DA6D12F4F81FFBD05A6F7F
:106F7000FF225A66DA6D12F4F81FFBD05A6FFF2217
:106F80005A66DA6D12F4F81FFBD0B0B25B6FFFF7F0
:106F9000B5FDB8B2FFF7B2FD4046FFF7AFFD2046A2
:106FA000FFF7ACFD2846FFF7A9FD0020BDE8F04142
:106FB000FFF7A4BD0421FFF7D1FA0148C388C2E757
:106FC00014A30020408E002029482DE9F0479A465E
:106FD000C38888469146032B9DF82040BDF8245075
:106FE000BDF828600B9F3CD9043B1222C3808388E4
:106FF000043383801F4B1B685A66DA6D12F4F81F46
:10700000FBD05A6FFF225A66DA6D12F4F81FFBD0DC
:107010005A6FFF225A66DA6D12F4F81FFBD05A6FCE
:10702000FF225A66DA6D12F4F81FFBD01FFA88F0BF
:107030005B6FFFF763FD1FFA89F0FFF75FFD1FFA33
:107040008AF0FFF75BFD2046FFF758FD2846FFF763
:1070500055FD3046FFF752FD3846BDE8F047FFF7D3
:10706000B7BC0421FFF77AFA0148C388BCE700BF28
:1070700014A30020408E00202DE9F0470746294840
:107080009A468846C3889146BDF82040032B9DF858
:107090002450BDF828603ED9043B0D22C38083886C
:1070A00004338380204B1B685A66DA6D12F4F81F94
:1070B000FBD05A6FFF225A66DA6D12F4F81FFBD02C
:1070C0005A6FFF225A66DA6D12F4F81FFBD05A6F1E
:1070D000FF225A66DA6D12F4F81FFBD01FFA88F00F
:1070E0005B6FFFF70BFD1FFA89F0FFF707FD5046B6
:1070F000FFF704FD2046FFF701FD2846FFF7FEFCE1
:107100003046FFF7FBFC0B98FFF762FCFF2387F884
:107110006030BDE8F0870421FFF720FA0148C388FA
:10712000BAE700BF14A30020408E00202DE9F047ED
:10713000074629489A468846C3889146BDF92040AB
:10714000032B9DF82450BDF828603FD9043B0E2244
:10715000C380838804338380204B1B685A66DA6DB2
:1071600012F4F81FFBD05A6FFF225A66DA6D12F440
:10717000F81FFBD05A6FFF225A66DA6D12F4F81F1F
:10718000FBD05A6FFF225A66DA6D12F4F81FFBD05B
:107190001FFA88F05B6FFFF7B1FC1FFA89F0FFF769
:1071A000ADFC1FFA8AF0FFF7A9FCA0B2FFF7A6FC1E
:1071B0002846FFF7A3FC3046FFF7A0FC0B98FFF72B
:1071C00007FCFF2387F86030BDE8F0870421FFF754
:1071D000C5F90148C388B9E714A30020408E0020F8
:1071E0002DE9F84F80462C489B468946C388924635
:1071F000BDF92840032BBDF82C50BDF83060BDF818
:10720000347042D9043B0F22C380838804338380C7
:10721000224B1B685A66DA6D12F4F81FFBD05A6FC6
:10722000FF225A66DA6D12F4F81FFBD05A6FFF2264
:107230005A66DA6D12F4F81FFBD05A6FFF225A66B5
:10724000DA6D12F4F81FFBD01FFA89F05B6FFFF7BD
:1072500055FC1FFA8AF0FFF751FC1FFA8BF0FFF77D
:107260004DFCA0B2FFF74AFC2846FFF747FC30462A
:10727000FFF744FC3846FFF741FC0020FFF73EFCD7
:10728000FF2388F86030BDE8F88F0421FFF766F926
:107290000148C388B6E700BF14A30020408E002039
:1072A0002DE9F84F80462B489B468946C388924675
:1072B000BDF82840032BBDF82C50BDF83060BDF858
:1072C000347041D9043B1022C38083880433838007
:1072D000214B1B685A66DA6D12F4F81FFBD05A6F07
:1072E000FF225A66DA6D12F4F81FFBD05A6FFF22A4
:1072F0005A66DA6D12F4F81FFBD05A6FFF225A66F5
:10730000DA6D12F4F81FFBD01FFA89F05B6FFFF7FC
:10731000F5FB1FFA8AF0FFF7F1FB5846FFF7EEFB8B
:107320002046FFF7EBFB2846FFF7E8FB3046FFF768
:10733000E5FB3846FFF7E2FB0020FFF7DFFBFF230A
:1073400088F86030BDE8F88F0421FFF707F901489D
:10735000C388B7E714A30020408E00201A480A46CD
:10736000C388032B10B541F0A06482B023D9043B3D
:107370008188C3800431154B81801B685A66DA6DA1
:1073800012F4F81FFBD00022596F5A66DA6D12F41E
:10739000F81FFBD00022596F5A66DA6D12F4F81FFD
:1073A000FBD0240E5A6F5C66DA6D12F4F81FFBD026
:1073B0005B6F02B010BD01910421FFF7CFF80248C6
:1073C000019AC388D3E700BF14A30020408E002099
:1073D0001A480A46C388032B10B541F0805482B086
:1073E00023D9043B8188C3800431154B81801B68FD
:1073F0005A66DA6D12F4F81FFBD00022596F5A66F4
:10740000DA6D12F4F81FFBD00022596F5A66DA6D5C
:1074100012F4F81FFBD0240E5A6F5C66DA6D12F47A
:10742000F81FFBD05B6F02B010BD01910421FFF784
:1074300095F80248019AC388D3E700BF14A300203F
:10744000408E002070B52E4D0C46E988032949D99D
:10745000A88804392B4E0A22043089B2336880B2DE
:10746000E9805A66A880DA6D12F4F81FFBD05A6FD3
:10747000FF225A66DA6D12F4F81FFBD05A6FFF2212
:107480005A66DA6D12F4F81FFBD05A6FFF225A6663
:10749000DA6D12F4F81FFBD003295A6F28D9043093
:1074A0000439E2B2A880E9805A66DA6D12F4F81F56
:1074B000FBD0C4F30722596F5A66DA6D12F4F81F35
:1074C000FBD0C4F30742596F5A66DA6D12F4F81F05
:1074D000FBD0240E5A6F5C66DA6D12F4F81FFBD0F5
:1074E0005B6F70BD04212846FFF738F8E988AFE7E5
:1074F00004210348FFF732F8A888E9883368CEE70B
:1075000014A30020408E00201A4AD388032B70B5A4
:1075100006460C4641F0F85524D9043B9188D380A7
:107520000431154B91801B685C66DA6D12F4F81F0C
:10753000FBD00022596F5A66DA6D12F4F81FFBD0A7
:107540000022596F5A66DA6D12F4F81FFBD02D0E27
:107550005A6F5D66DA6D12F4F81FFBD05B6F86F828
:10756000604070BD10460421FEF7F8FF014AD38841
:10757000D3E700BF14A30020408E00201C480A4619
:10758000C38810B5032B21F07F4482B044F080748F
:1075900026D9043B8188D2B2C3800431154B818047
:1075A0001B685A66DA6D12F4F81FFBD0C4F3072289
:1075B000596F5A66DA6D12F4F81FFBD0C4F3074214
:1075C000596F5A66DA6D12F4F81FFBD0240E5A6F09
:1075D0005C66DA6D12F4F81FFBD05B6F02B010BD71
:1075E00001910421FEF7BAFF0148019AC388D0E750
:1075F00014A30020408E00201B48B0F806C0BCF148
:10760000030F30B50C4683B0154623D9174AACF1A9
:10761000040C1268A0F806C0536683880433838084
:10762000D36D13F4F81FFBD0536F5566D36D13F46D
:10763000F81FFBD0536F5466D36D13F4F81FFBD0C3
:107640000423516F5366D36D13F4F81FFBD0536FAF
:1076500003B030BD04210193FEF780FF0248019B77
:10766000B0F806C0D2E700BF14A30020408E00206F
:10767000184AD388032B10B5044624D99088191FC3
:10768000DFF854C00430D180DCF8003090805C66B4
:10769000DA6D12F4F81FFBD0FF22596F5A66DA6DCB
:1076A00012F4F81FFBD0FF22596F5A66DA6D12F4FC
:1076B000F81FFBD0FF22596F5A66DA6D12F4F81FDB
:1076C000FBD05B6F10BD10460421FEF747FF014A57
:1076D000D388D3E714A30020408E002030B585B0B6
:1076E00005460C200193BDF82040CDE90221FFF7AB
:1076F000BFFFBDF80C00FFF701FABDF80800FFF767
:10770000FDF90198FFF7FAF92046FFF7F7F9099814
:10771000FFF75EF9012385F8603005B030BD00BF8A
:1077200070B50D460446104E3620FFF7A1FF2946DE
:107730000E48FEF7F3FF33789BB10D490B48FEF777
:107740008FF83378206053B10A490848FEF788F86B
:10775000AB07606002D52368C4E9000370BD064929
:10776000F3E70649EAE700BFADCA002014A30020F2
:107770003420300048203000442410003024100011
:107780002DE9F84F394D9B4680468946EB88924655
:10779000BDF82870032B0B9C5CD9043B344E2E2281
:1077A000EB80AB880433AB8033685A66DA6D12F431
:1077B000F81FFBD05A6FFF225A66DA6D12F4F81FD9
:1077C000FBD05A6FFF225A66DA6D12F4F81FFBD015
:1077D0005A6FFF225A66DA6D12F4F81FFBD01FFAB7
:1077E00089F05B6FFFF78AF91FFA8AF0FFF786F9D5
:1077F0005846FFF783F93846FFF780F9EB88032BEB
:107800002ED9043BE2B2EB8033685A66AA88043270
:10781000AA80DA6D12F4F81FFBD0C4F30722596F67
:107820005A66DA6D12F4F81FFBD0C4F30742596FA1
:107830005A66DA6D12F4F81FFBD0240E5A6F5C669C
:10784000DA6D12F4F81FFBD001225B6F88F860201C
:10785000BDE8F88F04212846FEF780FEEB889CE700
:1078600004210248FEF77AFEEB88CAE714A3002041
:10787000408E00201B4AD388032B10B504462AD91A
:107880009088191FDFF860C00430D180DCF8003028
:10789000908000225A66DA6D12F4F81FFBD0FF22A6
:1078A000596F5A66DA6D12F4F81FFBD0FF22596F38
:1078B0005A66DA6D12F4F81FFBD0FF22596F5A6630
:1078C000DA6D12F4F81FFBD0FF2104225B6F84F8FD
:1078D0006010227310BD10460421FEF73FFE014ADE
:1078E000D388CDE714A30020408E002038B51C4D6E
:1078F0000C466FF0DD012846FEF710FFEB88032BE6
:1079000027D9A9881A1FDFF85CC0E0B20431EA80E9
:10791000DCF80030A9805866DA6D12F4F81FFBD04D
:10792000C4F30722596F5A66DA6D12F4F81FFBD0C0
:10793000C4F30742596F5A66DA6D12F4F81FFBD090
:10794000240E5A6F5C66DA6D12F4F81FFBD05B6F81
:1079500038BD04212846FEF701FEEB88D1E700BFC1
:1079600014A30020408E0020224AD388032B10B598
:10797000044637D99088191FDFF87CC00430D180C5
:10798000DCF80030908000225A66DA6D12F4F81F9D
:10799000FBD00022596F5A66DA6D12F4F81FFBD043
:1079A0000022596F5A66DA6D12F4F81FFBD00022DC
:1079B000596F5A66DA6D12F4F81FFBD001205B6F25
:1079C000FFF756FE2620FFF753FE0020FFF750FE7C
:1079D000FF2204230021074884F860202373FEF768
:1079E000BDFD10BD10460421FEF7B8FD014AD38845
:1079F000C0E700BF14A30020408E002030B583B044
:107A000015019DF8180045EA530500F07F00EDB21E
:107A100040EAC310C3B24801C1F3C70140EA1212E1
:107A2000184841F08004C188D2B2032920D9043912
:107A3000C180818804318180134909684B66CB6D10
:107A400013F4F81FFBD04B6F4D66CB6D13F4F81F8A
:107A5000FBD04B6F4A66CB6D13F4F81FFBD04B6F16
:107A60004C66CB6D13F4F81FFBD04B6F03B030BDE9
:107A70000421CDE90032FEF771FD0248DDE9003254
:107A8000C188D4E714A30020408E002070B54F4C6D
:107A900082B00D46E088032879D9B4F804C00438D0
:107AA0004B4E24210CF1040C80B233681FFA8CFC7D
:107AB000E0805966A4F804C0D96D11F4F81FFBD01A
:107AC000596FFF215966D96D11F4F81FFBD0596F1A
:107AD000FF215966D96D11F4F81FFBD0596FFF21B2
:107AE0005966D96D11F4F81FFBD00328596F61D97D
:107AF0000CF1040C0438E9B21FFA8CFC80B2596610
:107B0000A4F804C0E080D96D11F4F81FFBD0596FC0
:107B1000C5F307215966D96D11F4F81FFBD0596FD1
:107B2000C5F307415966D96D11F4F81FFBD02D0E2E
:107B3000596F5D66D96D11F4F81FFBD00328596F9A
:107B40002DD90CF1040C0438D1B2A4F804C0E080A3
:107B50005966D96D11F4F81FFBD0C2F30721586F95
:107B60005966D96D11F4F81FFBD0C2F30741586F65
:107B70005966D96D11F4F81FFBD0120E596F5A6671
:107B8000DA6D12F4F81FFBD05B6F02B070BD2046B7
:107B900004210192FEF7E2FCE088019A7DE70B48A0
:107BA00004210192FEF7DAFCB4F804C0E0883368DF
:107BB000019AC6E7054804210192FEF7CFFCB4F80C
:107BC00004C0E0883368019A92E700BF14A3002044
:107BD000408E00208388012123F470432DE9F04773
:107BE00023F003030446624F0078A38008F0C8FA2C
:107BF0003B78002B00F0B2804FF0FC084FF02009DA
:107C00004FF0B00A5B4E00212078A58808F0B8FA42
:107C10003368C3F864A0DA6D12F4F81FFBD05A6F12
:107C2000C3F86490DA6D12F4F81FFBD05A6FC3F8F2
:107C30006480DA6D12F4F81FFBD05A6FEAB25A660C
:107C4000DA6D12F4F81FFBD02D0A5A6F5D66DA6DFB
:107C500012F4F81FFBD00025012120785B6F08F09B
:107C60008FFA3B78002B72D04FF0F8084FF02009C4
:107C70004FF0300A0021207808F082FA3368C3F808
:107C800064A0DA6D12F4F81FFBD05A6FC3F8649049
:107C9000DA6D12F4F81FFBD05A6FC3F86480DA6D06
:107CA00012F4F81FFBD05A6F5D66DA6D12F4F81FFC
:107CB000FBD05A6F5D66DA6D12F4F81FFBD05A6F75
:107CC0005D665FFA82FCDA6D12F4F81FFBD05B6F21
:107CD000012120784FEA03281FFA88F848EA0C08A7
:107CE00008F04EFA40F6FF7398453ED0A38843450E
:107CF000B7D12078012108F043FA3A78A38800210F
:107D00002078C3F30B048A420CBF4FF484134FF462
:107D100042131C4408F034FA3368220C42F080020B
:107D20005A66DA6D12F4F81FFBD0C4F30722596FBC
:107D30005A66DA6D12F4F81FFBD0E4B25A6F5C6633
:107D4000DA6D12F4F81FFBD05B6FBDE8F0874FF0DF
:107D5000E4084FF024094FF0100A8BE74FF0E808D1
:107D60004FF024094FF0900A4CE70348FEF760FA01
:107D7000ADCA0020408E0020209D0020024808B59A
:107D8000FFF728FF08BD00BF14A3002070B504460C
:107D90000020FFF76DFC0423FF222220237384F8C8
:107DA0006020FFF765FC00215B48FEF7B7FC40F25E
:107DB0009B725A495A48FEF757FE4FF0A061564849
:107DC000FEF7ACFC574D4FF080715348FEF7A6FC10
:107DD00055495148FEF7A2FC2B78002B40F09180CA
:107DE00052494D48FEF79AFC2B78002B40F08E80CC
:107DF0004F494948FEF792FC4E494748FEF78EFC32
:107E00004D494548FEF78AFC454D01234B49424800
:107E100085F86030FEF782FC49493F48FEF77EFC5A
:107E20002B686A680021002BB8BF0133002A4FEA93
:107E30006303B8BF0132323B52109BB2323A580151
:107E400092B2DB0840EA1210120163F07F0362F382
:107E50000F2160F31741304863F31F61FEF75EFCAA
:107E600038492D48FEF75AFC6FF07B412A48FEF74F
:107E700055FC2E686D680C20002EB8BF0136002D11
:107E8000B8BF01357610FFF7F3FB6D10B0B2FEF707
:107E900035FEA8B2FEF732FE1D20FEF72FFE4FF48E
:107EA0000070FEF72BFE2848FEF792FD0123092003
:107EB00084F86030FFF7DCFBFF211748FEF72EFC4B
:107EC0000A20FFF7D5FB4FF47F411348FEF726FC4D
:107ED0001520FFF7CDFBFF20FFF7CAFB0E48FFF789
:107EE00079FE2620FFF7C4FB0020FFF7C1FBFF222D
:107EF00004230021084884F860202373FEF72EFB3A
:107F000070BD12490448FEF709FC69E710490248B0
:107F1000FEF704FC6CE700BF14A300205C260020E1
:107F2000209D0020ADCA00207A5401077AAA0008DB
:107F300035003502070000260100001F00FFFF0486
:107F400055000010FF0000108C1F00200054012875
:107F500000AA00292DE9F84FDFF8B8820746AB48A0
:107F6000FFF738FE98F80030A84E0121002BA84DED
:107F700030780CBF1024302408F002F9002130784A
:107F800008F0FEF82A685466D36D13F4F81FFBD08E
:107F9000536F90235366D36D13F4F81FFBD0536FC8
:107FA00000235366D36D13F4F81FFBD0536F0023E7
:107FB0005366D36D13F4F81FFBD0536F07F10F0115
:107FC00007F1130400205066D36D13F4F81FFBD0A3
:107FD000536F01F8013F8C4201D02A68F3E7012179
:107FE000307808F0CDF898F80030B2880021002BE6
:107FF0003078C2F30B020CBF4FF484134FF44213DA
:1080000002EB030908F0BCF82B684FEA194242F072
:1080100080025A66DA6D12F4F81FFBD05A6FC9F36A
:1080200007225A66DA6D12F4F81FFBD05FFA89F264
:10803000596F5A66DA6D12F4F81FFBD05B6F98F82F
:108040000030002B00F0E8804FF020094FF0210BAA
:108050004FF0300A0121307808F092F80021307892
:1080600008F08EF82A68C2F864A0D36D13F4F81FE4
:10807000FBD0536FC2F864B0D36D13F4F81FFBD07C
:10808000536FC2F86490D36D13F4F81FFBD0536F95
:1080900000235366D36D13F4F81FFBD0536F07F121
:1080A000200000215166D36D13F4F81FFBD0536FED
:1080B00004F8013F844201D02A68F3E701213078B7
:1080C00008F05EF898F80030B2880021002B307874
:1080D000C2F30B020CBF4FF484134FF44213D418B5
:1080E00008F04EF82B68220C42F080025A66DA6DD6
:1080F00012F4F81FFBD05A6FC4F307225A66DA6DE8
:1081000012F4F81FFBD0E4B2596F5C66DA6D12F41A
:10811000F81FFBD05B6F98F80030002B70D07C24E8
:108120004FF020094FF0300A0121307808F028F88C
:108130000021307808F024F82B68C3F864A0DA6DC9
:1081400012F4F81FFBD05A6FC3F86490DA6D12F482
:10815000F81FFBD05A6F5C66DA6D12F4F81FFBD083
:108160005A6F00225A66DA6D12F4F81FFBD05A6F6C
:1081700000225A66DA6D12F4F81FFBD05B6F012102
:10818000307887F8213007F0FBFF98F80030B4888A
:108190000021002B3078C4F30B040CBF4FF4841380
:1081A0004FF442131C4407F0EBFF2B68220C42F003
:1081B00080025A66DA6D12F4F81FFBD0C4F307226E
:1081C000596F5A66DA6D12F4F81FFBD0E4B25A6F99
:1081D0005C66DA6D12F4F81FFBD0B7F91A20B7F914
:1081E000181012F500404FEA02124FEA01115B6FBE
:1081F00018BF0120C7E9092187F82200BDE8F88FE0
:1082000078244FF024094FF0100A8DE714A30020C2
:10821000408E0020ADCA00204FF00C094FF0250B16
:108220004FF0100A16E700BF000000002DE9F84FDC
:10823000A94C8246C8B2A94D0121207007F0C2FFA7
:108240000121207807F09CFF284601F041F8EB7CE3
:10825000002B31D072B6EB7CDE0708D54FF0E02161
:108260006869D1F880210240C1F88021AA6298078C
:1082700008D54FF0E021A869D1F884210240C1F867
:108280008421EA62590708D54FF0E021E869D1F866
:1082900088210240C1F888212A631A0708D54FF0C7
:1082A000E021286AD1F88C210240C1F88C216A6350
:1082B000DB0600F1F38262B68949AB688B4200F0BD
:1082C0003783884BA9609B69874AC3F30116C3F3C0
:1082D0008263864852F826200133B2FBF3F28242D1
:1082E00000F2C8820023EB602A6800260321207870
:1082F000166151623146136407231366012313612B
:1083000007F03EFF2B685E66DA6D12F4F81FFBD0B3
:108310000022596F5A66DA6D12F4F81FFBD0002262
:10832000596F5A66DA6D12F4F81FFBD001212078DC
:108330005B6F07F025FF0021207807F021FF6822FE
:108340002B685A66DA6D12F4F81FFBD00022596FC1
:108350005A66DA6D12F4F81FFBD00022596F5A6684
:10836000DA6D12F4F81FFBD0614F0121207807F578
:1083700092665B6F07F004FFFF230021304687F809
:10838000BC3487F8C81405F081FA3046C7F88C640D
:1083900004F01EFD30B90123D7F88C1438461A4674
:1083A00003F03EFE4C48FDF7ADFC52494A48FEF74B
:1083B000B5F9514E5046FFF7D7FA4748FFF70AFC88
:1083C0003378002B00F090824C4900224248FDF7A0
:1083D000E7F93378002B00F0A982494983223E480F
:1083E000FDF7DEF93378002B00F09E82454F3946C9
:1083F0003948FDF76FF960F07F0239463648D2B24E
:10840000FDF7CEF93B493448FEF788F95046FFF7AF
:10841000ABFA3378002B00F085823B494FF4F072C1
:108420002D48FDF77DFB3378002B00F0798237492A
:108430004FF409722848FDF773FB3378002B00F0E6
:108440006D8233492B222448FDF76AFB3378002BD9
:1084500000F062822F4900221F48FDF761FB33784C
:10846000002B00F057822C4929221B48FDF758FBAE
:108470003378002B00F04C8228494FF4887216485C
:10848000FDF74EFB3378002B00F0408224494FF477
:1084900092721148FDF744FB3378002B00F03482D0
:1084A00020490C220C48FDF73BFB3378002B00F0F1
:1084B00029821D4900220848FDF732FB3378002B42
:1084C00000F01E8219490A220348FDF729FB337880
:1084D000002B00F013822BE014A30020408E00201C
:1084E0000051250200C00F400C810020FF502502E2
:1084F000849D002007000026ADCA0020D420300053
:108500009020300094203000342030002C203000A7
:1085100030203000382030003C203000482030002F
:1085200040203000442030004C20300050203000EB
:10853000B6490522B648FDF7F3FA3378002B00F070
:10854000DB81B4490122B248FDF7EAFA3378002B07
:1085500000F0D081B0490122AD48FDF7E1FA33784F
:10856000002B00F0C581AD490122A948FDF7D8FADA
:10857000A748FFF72FFB3378002B00F0B381A84901
:10858000A348FDF76DF93378CAF80000002B00F01E
:10859000A781A4499E48FDF763F90023E288984625
:1085A0001F46CAF80400CAF80830032A48F0A06938
:1085B00040F28E81A088043A2B68043092B2C3F84E
:1085C000648080B2E280A080D96D11F4F81FFBD0E6
:1085D000C9F30721D3F874C05966D96D11F4F81F97
:1085E000FBD0C9F30741D3F874C05966D96D11F4B3
:1085F000F81FFBD04FEA1961D3F874C05966D96DE2
:1086000011F4F81FFBD0032A596F40F2598104304E
:10861000043A5F6680B292B2A080E280D96D11F414
:10862000F81FFBD0596F5F66D96D11F4F81FFBD0AE
:10863000596F5F66D96D11F4F81FFBD02821D3F86C
:1086400074C05966D96D11F4F81FFBD0032A596F15
:1086500040F22E81043A04305F6692B2A080E2803C
:10866000D96D11F4F81FFBD0596F5F66D96D11F405
:10867000F81FFBD0596F5F66D96D11F4F81FFBD05E
:108680002921586F5966D96D11F4F81FFBD008F1F4
:1086900001085B6FB8F1200F87D163495C48FEF792
:1086A0003DF85046FFF760F95F495948FEF736F844
:1086B0005046FFF759F95C495548FEF72FF85046E8
:1086C000FFF752F93378002B00F00881574F1A203A
:1086D000FEF7CEFF39464E48FEF720F804214C48FD
:1086E000FEF71CF880214A48FEF718F80021484898
:1086F000FDF734FF002007F0FBFD0746002800F0DF
:10870000198100244A4DDFF838813378002B0CBFE3
:108710002F46474627440134204607F0E9FD3946F5
:1087200002463B48FDF73CF8182CEED13378002B7D
:1087300000F0DC803F494FF496623548FDF700F9C0
:10874000FF254FF07733042450468AF86050CAF86A
:108750005C308AF80C40FDF7DFFB0020FEF788FF55
:108760008AF860508AF80C4033492948FDF7D6FF53
:108770002D492748FDF7D2FFDAF80050DAF8044017
:108780000C20002DB8BF0135002CB8BF01346D108E
:10879000FEF76EFF6410A8B2FEF7B0F9A0B2FEF7C4
:1087A000ADF91E20FEF7AAF94FF4C060FEF7A6F956
:1087B0002248FEF70DF9DAF800500122DAF80440F9
:1087C000002D4FF016008AF86020B8BFAD18FEF7F4
:1087D0004FFF6D10A8B2FEF791F907EE904A002CFA
:1087E000B8EEE75BB8BF0134641007EE904A9FED26
:1087F000056BB8EEE77BA5EE067BBDEEC77B21E0FF
:10880000AFF300809A9999999999B93F70203000F7
:1088100014A300206C20300068203000602030005D
:10882000342030004820300007000026D4203000DB
:108830001C2510001821300000550002A41F002044
:108840005021300017EE103A98B2FEF757F9012088
:10885000FEF754F90020FEF751F95046FFF784F86F
:108860004FF004516F48FDF759FF6E48FFF7B2F91A
:10887000BDE8F88F6C4BA3FB02035B0EB2FBF3F277
:108880008A4288BF0133022B38BF02235A08023BB9
:10889000013A02EB022243EA022324E54FF0E022F0
:1088A000696AD2F890310B40AB63C2F8903102E5AF
:1088B0005C480421FDF752FEA088E2882B68C9E6D7
:1088C00058480421FDF74AFEA088E2882B689EE6FE
:1088D00004215448FDF742FEE2886BE6534FF6E66A
:1088E000534957E653494BE650496EE5524922E752
:1088F000524939E652492EE6524923E6524918E6D2
:108900005249E0E55249D5E55249CAE55249BEE52A
:108910004749B2E55149A7E551499CE5514991E5DF
:10892000514985E5434979E5504F60E5504955E5A2
:10893000EB68D9E4B846BB465046FFF727FA3378D0
:1089400001214C4A002B4C4B207818BF134608EBF2
:108950000309884407F014FC0021207807F010FC7C
:108960002B684FEA19425A66DA6D12F4F81FFBD0F1
:10897000C9F30722596F5A66DA6D12F4F81FFBD05B
:108980005FFA89F2596F5A66DA6D12F4F81FFBD05C
:108990005A6FC3F864B0DA6D12F4F81FFBD05A6F47
:1089A000C3F864B0DA6D12F4F81FFBD05B6F0121DD
:1089B00020785FFA83F907F0E3FB00213378A2887F
:1089C0008B420CBF4FF484134FF442132078C2F350
:1089D0000B02D71807F0D4FB2B68390C41F080014B
:1089E0005966D96D11F4F81FFBD0C7F30721586FF2
:1089F0005966D96D11F4F81FFBD0FAB2596F5A6657
:108A0000DA6D12F4F81FFBD0494640465B6F07F061
:108A100089FDB8F1180F92D10121002007F082FDE5
:108A200084E600BF14A30020B5FA9BEEC424100016
:108A30004424100030241000042510005C24100091
:108A400064241000682410006C2410004C241000D2
:108A500048241000402410003C241000382410004A
:108A6000342410002C24100028241000902410001E
:108A70008C241000502130001C2510002DE9F04FEF
:108A8000A34C89B00E4601212078039207F078FBB1
:108A9000B26C002A00F0028233689E491B6907917C
:108AA0008B4240F02782137813F0080549D1022148
:108AB000994809F017F82946984807F045F8DFF873
:108AC000689206219648DFF864B209F00BF89348E3
:108AD00007F046F82078012107F052FB9BF80020B0
:108AE000A38800212078C3F30B048A420CBF4FF403
:108AF00084134FF442131C4407F042FBD9F80030B2
:108B0000220C42F080025A66DA6D12F4F81FFBD094
:108B1000C4F30722596F5A66DA6D12F4F81FFBD0BE
:108B2000E4B25A6F5C66DA6D12F4F81FFBD099F864
:108B300013205B6F002A40F07381012009B0BDE86B
:108B4000F08FD1695369CB1A049300F1D7810221C8
:108B5000714808F0C7FF049D7048294606F0F4FFED
:108B600006216F4808F0BEFF6C4806F0F9FF002DA3
:108B700040F313820023DFF8B091DFF8B0B1029325
:108B800008E018460022674901F088FF049B029A1A
:108B900093429FDD3368079A1B69934240F0EC8053
:108BA000B36C002B00F0C4801A781207E9D5DA699B
:108BB0005969521A03D4B2F5005F40F3F5801846A4
:108BC0004FF40052029B57491344069301F066FF8D
:108BD0004FF400530193DDF8048000270596B8F5A3
:108BE000006F4FF0010120784546A8BF4FF40065A3
:108BF00007F0C6FA9BF800300021A288ADB2002B26
:108C00002078C2F30B0205F103060CBF4FF4841366
:108C10004FF4421326F0030602EB030A07F0B0FA02
:108C2000D9F800304FEA1A4141F080015966DA6DF7
:108C300012F4F81FFBD0596FCAF307215966DA6D99
:108C400012F4F81FFBD05FFA8AF2596F5A66DA6D98
:108C500012F4F81FFBD05B6F039B1BB1029A0499BF
:108C6000D01998472F4BB2B22948A8EB0508D9195B
:108C70002F44FDF7FBFDA3880121207823F0030397
:108C80001B051B0DA38007F07BFA9BF80030002B1F
:108C900039D0FC264FF0200AB02200212078009223
:108CA000A58807F06DFAD9F80010009A4A66CB6DD6
:108CB00013F4F81FFBD04A6FC1F864A0CB6D13F416
:108CC000F81FFBD04B6F4E66CB6D13F4F81FFBD033
:108CD0004B6FEBB24B66CB6D13F4F81FFBD02D0A34
:108CE0004B6F4D66CB6D13F4F81FFBD04B6F01211A
:108CF000207807F045FA019B9F42FFF670AFDDE94F
:108D00000563029342E7E8264FF0240A9022C4E765
:108D100014A30020256A0100B41F0020E08E00206B
:108D2000B81F0020F4A30020408E0020ADCA002010
:108D3000F06C00283FF42AAF90F831301B0766D55D
:108D40000268036941689B1A426962EB0102B3F150
:108D5000004F72F1000202D2B3F5005F57DD029BB3
:108D600003F5005306934FF400528E4900F080FC47
:108D70004FF4005301932EE730469847B0F5005F5B
:108D800027DD029BB06C03F500530693002840F0EA
:108D9000C980F06C0028E6D14FF4005301931AE724
:108DA0001A7817077FF5EDAEDA695969521A00F1A2
:108DB000948092B202991144019206911846794921
:108DC00001F06CFE019B002B7FF405AF069B029324
:108DD000DCE63368079A1B69934211D03046984706
:108DE000029985B2D6E9123029442A4601950691A6
:108DF000002BE3D10028E5D06A4900F039FCE1E717
:108E0000B36C002BCCD1F06C00283FF4BFAE90F8CF
:108E1000313013F008022DD1624900F029FCB5E68B
:108E2000D50705D5D9F828104FF0E023C3F8001175
:108E3000940705D5D9F82C104FF0E023C3F804119E
:108E4000500705D5D9F830104FF0E023C3F80811CA
:108E5000110705D5D9F834104FF0E023C3F80C11F1
:108E6000D3067FF56AAED9F838204FF0E023C3F877
:108E7000102162E6036802694168D21A436963EB14
:108E80000103B2F1004F73F10003029B28BF6FF0A2
:108E9000004292B2134401920693ADE7F26C002AAD
:108EA00049D0336840491B6907918B4222D192F81F
:108EB000313013F008053FF4FAAD116813695B1AFD
:108EC0005169526861EB0202B3F1004F72F1000286
:108ED00028BF6FF00043049339E618464FF6FF723F
:108EE000029B30491344069301F0D8FD4FF6FF73FF
:108EF000019370E630469847049028E602212B48FB
:108F000008F0F0FD6FF00041294806F01DFE062133
:108F1000284808F0E7FD264806F022FE6FF00043DF
:108F2000049327E64FF400521E4901F0B7FD4FF4B9
:108F3000005301934FE6DFF880902046FCF76AFE6D
:108F400099F813303BB3DE0705D5D9F828104FF058
:108F5000E022C2F800119D0705D5D9F82C104FF07A
:108F6000E022C2F804115C0705D5D9F830104FF0A3
:108F7000E022C2F80811180705D5D9F834104FF0CF
:108F8000E022C2F80C11D90605D5D9F838204FF0E7
:108F9000E023C3F810210020D0E5DFF81C90DFF8B3
:108FA0001CB097E5F4A30020256A0100B41F00203F
:108FB000E08E0020B81F0020408E0020ADCA0020A7
:108FC000F0B50023A9B00C464FF47A710646174657
:108FD00000201A4A8DF80C3000922246184DCDE937
:108FE00001310021CDE91201164914A803F086F8D9
:108FF000159B18A904A80193169B02939DF85C3059
:109000008DF80C3002F04CFF18A8149502F0A2FF66
:1090100034B120460AF06AFC0146204608F062FDA1
:109020003A4669463046FFF729FD044604A80095F4
:1090300002F090FF204629B0F0BD00BF08250020B7
:1090400040240020849D002008B507F02DF9104B26
:109050001048002210494FF0070CC3F89004292053
:10906000C3F8A4140D49C3F88024C3F88424C3F8BA
:109070008C24A3F89824C3F8A8C483F8B12483F8F7
:10908000AD04C3F89C1483F8B82483F8C82408BD41
:10909000849D00203C25002000093D007024002014
:1090A00090F81CC04160BCF1020FC26001D183681E
:1090B000184706F023BB00BF30B504468E46006853
:1090C000114640F20122026123B31D46BEF1000F9A
:1090D00021D0724612F801CB9646013DC0F864C01B
:1090E000026F920707D48C46013B426F19B10CF80E
:1090F000012B614620684269D207F1D5002DE5D1E8
:1091000043B1026F9207FCD4426F09B101F8012B01
:10911000013B03D130BD94F83CC0DEE72068026F0C
:109120009207EED4F0E700BF304B314910B5D3E9D8
:10913000114E9EF80400C8771A6C94F804C081F8A8
:109140001CC0087752B1B2F5004F23D329495118FA
:10915000274A1964D07682F81BC010BD19680F2405
:10916000D86C8C6540F20134CA610C614FF47C54B8
:109170004C6103210468246883F83D101E4B9C4217
:1091800020D1037F4260022BC26020D18368BDE8FA
:10919000104018472468E18B090421D4E283DEF8EB
:1091A0000010B4F81EE0A4F816E0CC8B240412D40E
:1091B000CA83CA8BCA8200210D4A1964D07682F80C
:1091C0001BC010BD23461146BDE810401847BDE83E
:1091D000104006F093BACC8B62F30804CC83E8E726
:1091E000E18B62F30801E183D9E700BF908E002094
:1091F00000800E400180FFFF75A40100304B314913
:1092000010B5D3E9114E9EF80400C8771A6C94F893
:1092100004C081F81CC0087752B1B2F5004F23D3C7
:1092200029495118274A1964D07682F81BC010BD0D
:1092300019680F24D86C8C6540F20134CA610C6146
:109240004FF47C544C6103210468246883F83D107A
:109250001E4B9C4220D1037F4260022BC26020D172
:109260008368BDE8104018472468E18B090421D4C5
:10927000E283DEF80010B4F81EE0A4F816E0CC8B10
:10928000240412D4CA83CA8BCA8200210D4A1964ED
:10929000D07682F81BC010BD23461146BDE81040B1
:1092A0001847BDE8104006F029BACC8B62F30804D9
:1092B000CC83E8E7E18B62F30801E183D9E700BFE3
:1092C000408E002000800E400180FFFF75A4010049
:1092D00043682DE9F04FD3E90041814D4FF0B809C3
:1092E00022684FF00F0B22EA01027E492260AA6930
:1092F00011407D4A0A43AA6190F810E07B4A03EBD3
:109300000E0603EB8E0E317C02EB01118968C1F869
:10931000009090F811C003EB0C050CF10A0C95F8C5
:10932000241002EB01118968C1F80090817C03EBE5
:10933000010803EB810198F838A002EB0A1ADAF869
:1093400008A0CAF80090D4F800905F6849EA0709BD
:10935000C4F80090347CDEF814E002EB0414646876
:10936000C4F800E095F8244053F82CC002EB041434
:109370006468C4F800C098F83840C96B02EB041266
:10938000526811609A6C98F8441011601A6A317F23
:109390005B6B116095F830201A60022203681A6135
:1093A000C3F858B0C27C002A32D072B6C37CDD0745
:1093B00008D54FF0E0214469D1F880212240826233
:1093C000C1F880219C0708D54FF0E0218469D1F8CD
:1093D00084212240C262C1F88421590708D54FF088
:1093E000E021C469D1F8882122400263C1F88821B4
:1093F0001A0708D54FF0E021046AD1F88C212240E9
:109400004263C1F88C21DF065CD462B6C27C03687B
:10941000374D8168A9425FD0314985608969354CF3
:10942000C1F30117C1F38261334E54F82740013173
:10943000B4FBF1F4B44230D80021C16000241C61B7
:1094400003245C620724196401211C66196112B3AC
:10945000D60704D5816A4FF0E023C3F800119507C1
:1094600004D5C16A4FF0E023C3F80411540704D5B2
:10947000016B4FF0E023C3F80811110704D5416BCD
:109480004FF0E023C3F80C11D30604D5826B4FF0E4
:10949000E023C3F81021BDE8F08F1849A1FB046157
:1094A000090DB4FBF1F4AC4288BF0131B1F5817F05
:1094B00014D20229C0D902394C0804EB042441EA31
:1094C0000421BAE74FF0E022416AD2F890310B4014
:1094D0008363C2F8903198E7C168AFE70849ACE709
:1094E00000C00F40CFFFFFE310000008A082002063
:1094F00000093D000C810020FF083D0083DE1B4376
:10950000FF7F7F000BB1FFF7D7BD70474268D2E9FC
:1095100000130968194200D1704703460020052155
:1095200010B51C6882B02061187C01930244107C45
:1095300006F048FE019B0521587C5A68024492F8C7
:10954000240006F03FFE019B05215A689B7C1344D2
:1095500093F8380002B0BDE8104006F033BE00BFFB
:1095600030B500F1240385B08C460446154693E8D7
:10957000070001AB83E807004FEA4C121946206A46
:1095800001F0C8F8012806D12A4601A9206A01F095
:109590007DF805B030BD002005B030BD10B50446E3
:1095A00000F01AFD002384F8313084F8333010BD08
:1095B00090F831C0BCF1000F01D00020704710B509
:1095C00082B00C4638226146019009F069FE012202
:1095D000019B402110461C6283F8332083F8311030
:1095E00002B010BD70B514460A781E460B46202AFC
:1095F00004D113F801CFBCF1200FFAD02360A3608F
:10960000197881B32F2920D05A1C184DA1F1220CB2
:109610001F295FFA8CFC07D9BCF11D0F25FA0CFE3F
:1096200004D81EF0010F05D0002070BD01F0DF034B
:109630005C2BF9D02E29134602D0202918BFA26036
:1096400012F8011B79B12F29E0D113F801CFBCF139
:10965000200FFAD0BCF12F0FF7D021463360BDE8C0
:10966000704000F029BF2F29EFD0F6E70121003527
:109670002DE9F04F90F8333083B00446DD076FD505
:1096800058060E46924640F1AA80D4E90023D4E958
:1096900004101AEB020543F10003A94270EB030327
:1096A000C0F0A380BAF1000F56D05546D4E900327D
:1096B000276AD7F8381411EA030970D1134370D11F
:1096C00094F831305A064CBFD7F83414E169A161DF
:1096D00097F845240239D7F82C34C9F3080B914088
:1096E00040F2FF1003EB59231944BBF1000F42D1A4
:1096F000854240D9D7F81C0281423CD0B5F5806F35
:1097000056D301239340A3EB59296B0A994528BFEF
:10971000994681420AD801EB0903984206D207F51F
:109720000470019104F008FD0199C8B1D7F8140242
:109730004B46324607687F69B84788B14FEA4929E6
:109740004B464E44D4E900125B1842F10002B5EBDF
:109750000905C4E90032ABD1504603B0BDE8F08F33
:1097600094F832304FF0FF3043F0020384F8323087
:1097700003B0BDE8F08F002207F5047004F006FD89
:109780000028EDD0CBF5007900EB0B013046A94560
:1097900028BFA9464A4606F07DFF4B46D1E7A1699E
:1097A00096E794F83330A1695B060DD501318EE759
:1097B000D7F81402324603681B6998470028CFD0B7
:1097C0004FF400739946BCE704F11802384600F0E4
:1097D00079FF0028C4DB0BD0276AA16978E794F8E9
:1097E000313019077FF55EAF4FE7A1EB020A59E769
:1097F00094F8313013F0500FB2D0AAEB050A50465E
:10980000ABE700BFF0B583B00122044685690DF1D6
:109810000701D0E90067FFF72BFF0128A5610CBF06
:109820009DF807004FF0FF30C4E9006703B0F0BDBA
:109830002DE9F04F044690F83110806983B08046DE
:1098400000295BD0D4E900CE9E4508BF94455FD087
:1098500052EA030058D00F0704D5D4E904509542CA
:1098600098414BD3206A551E94F83360834690F894
:109870004504009663F100060930C0B225FA00F9EC
:10988000C0F12007A0F12005BA4606FA07F70195B6
:1098900026FA05F5009E49EA0709760649EA050514
:1098A0003AD41CF1FF3626FA00F04EF1FF365CEA9E
:1098B0000E0E06FA0AF70097019F26FA07F6009F98
:1098C00040EA070040EA060001D0854228D2490656
:1098D0004CBFDBF83414E169A1611746994606E0F4
:1098E000A169013D206A00F0EDFE002806DD04F1CB
:1098F0001802002DF4D13A464B4607E00020C4F888
:10990000188003B0BDE8F08F0021A161C4E90023F5
:10991000012003B0BDE8F08FE1692944A161F5E7BA
:109920002D1ADAE72DE9F04F8DB00C4619460646A0
:10993000009390F83130002B40F0D480904694F89A
:10994000312012F0500F00F0CD8001F00302032A05
:1099500000F0C880013201F008010A430192B8F119
:10996000000F00F0C980D8F8102002F10E07AC4AB1
:10997000A2FB0727D4E90021FF080A4307F10207E9
:10998000FFB204D00022A3610023C4E900234FF0FA
:1099900000094D46202204A92046FFF769FE10B3B6
:1099A000202840F09F809DF910309DF81020002B5A
:1099B000C0F2A480B9F1000F04D12368A3F1200AFA
:1099C000A3699B4609F10103DBB2B94538BF99464B
:1099D000002A00F01481202204A920460025FFF768
:1099E00047FE0028DCD1009B9A057BD5019BC3F381
:1099F000400383F00103DB0774D4B8F1000F71D08A
:109A0000B94580F0618143464D46B0461E4620224E
:109A100004A92046FFF72CFE6B1C002859D02028F3
:109A20005FD125B92268A2F1200AA2699346DDB26E
:109A3000BD42ECD333464646382200213046984694
:109A400094F8335009F02CFC236AC5F38015336277
:109A5000082386F82C5086F83130D8F80030C6E953
:109A600009BAC8F804300023A8F80C30002507F123
:109A7000FF3A0122E9B23046FFF772FD044688B38F
:109A800090F90030002B2DDB2022002109F008FC8A
:109A9000002D00F0C780012D00F0DD80C123A1461C
:109AA0001E3404F81E3CB8F80C3040461BB9D8E907
:109AB00001239A4205D004F0A1FB29F8020F4C457E
:109AC000F1D10135BD42D4D1304600F085FA0546CA
:109AD0000EE02046D4F8189000F0B6FA002840F0C6
:109AE0009B80464600231D4686F8313086F8333089
:109AF00028460DB0BDE8F08F032748E74DBBB945B8
:109B000038BFA946852A7FF445AF2946382230461A
:109B1000012509F0C5FBBDF814309DF8112013F0A4
:109B2000100F03F0370386F8302043F0080208BF17
:109B3000134686F831302368226A203B3262A269DC
:109B4000C6E9092394F83330C3F3801386F82C3028
:109B500020E7C02A23D0C12A7FF43DAF424604A9A2
:109B6000304600F083FCC0B1B8F80C30ABB9D8E98E
:109B700001329A4211D1009B1B05B3D4009B13F410
:109B8000884F7DD196F833309F07B1D596F83130A4
:109B9000DC06A7D4D807ABD5A4E70546FAE69DF8BE
:109BA0001130019A990786F8332003D542F040031B
:109BB00086F83330099BF361DDE90623C6E9042307
:109BC000DDE90A23C6E90223B8F1000FD3D04FF034
:109BD0000003D8F81020A8F80C30D8F80030C8F8E6
:109BE00004309DF813309A427FF4F5AEB8F8145063
:109BF000BDF81430ED1AB5FA85F56D09CAE6B8F16D
:109C0000000F3FF46FAF009B98057FF56BAF019B92
:109C100099073FF5F5AE65E7C4F8189008E700BF6F
:109C200089888888852323703C4B86F830A084F887
:109C300001A01B68F3B10DF10B020DF10E0103A899
:109C40009847BDF80C306381BDF80E3023819DF834
:109C50000B30237535E74FF4E0732380019B63F0ED
:109C60007F0386F83330D8F81030E370B8F814303A
:109C7000A38026E745F621436381E381638220E7E1
:109C800096F83130D9063FF52DAF13F001017FF47E
:109C900029AF009A520534D596F8332097077FF5FF
:109CA00021AF002B3FF41EAFD6E90032134304D09E
:109CB00000220023B161C6E90023304600F01CFAFF
:109CC00000287FF415AF0DE738220021304694F8C4
:109CD000335009F0E5FA236AC5F38015336208238F
:109CE00086F82C5086F83130D8F80030C6E909BA29
:109CF000C8F804300023A8F80C30002F7FF4B6AE6B
:109D0000E2E6009B5C047FF5F3AE3046D6E904231F
:109D1000FFF78EFD00287FF4EBAEE3E69CA3002066
:109D20002DE9F043002597B00E4690F831100192CE
:109D30001495ADF8145000293DD196F8311011F06A
:109D4000500F38D099461378044615462F2B36D03D
:109D5000002701AB02AA29462046FFF743FC50B377
:109D6000019D2B78002B3ED0002302AA31462046CD
:109D7000FFF7D8FDF8B1A44608AE04F13008DCF8CE
:109D800000000CF1100C5CF80C1CB6465CF8082CBA
:109D900010365CF8043CC445AEE80F00EFD1DCF8A7
:109DA00000003060204600F017F908AE84F83170EA
:109DB00084F83370CDE7002017B0BDE8F08315F8C4
:109DC000011F2F29FBD0366A38220195A1B9204600
:109DD00009F066FA012340222662184684F83330DF
:109DE00084F83120E8E74B4602AA31462046FFF7C7
:109DF00099FD17B0BDE8F083002108A809F050FADA
:109E00000123109608AE8DF8533040238DF8513061
:109E10009EE700BF19B101F58961FFF781BF0846D0
:109E2000704700BF8169F8B50446006A01B101318D
:109E3000012200F075FB0128074632D901230146B3
:109E4000206A1A4600F0CAFB054650B3A36994F88D
:109E500033204BB3510612D5591CB94218D022F009
:109E60004002E16984F8332005E0206A00F076FCC6
:109E70003146B0B1A3694E1C99423246F5D34FF03A
:109E8000FF323946206A00F069FC50B1A16911B96E
:109E90002846A761F8BD3A46206A00F05FFC00281A
:109EA000F6D100252846F8BD42F0400284F8332060
:109EB000EEE700BFF0B5002783B006463C463946C2
:109EC00000223046FFF74CFB0546002855D00278AB
:109ED000C02A5BD0C12A22D0852A4ED196F83130D3
:109EE00003F0370383803B4B1B6883B10DF1030202
:109EF0000DF1060101A898479DF803306B75BDF878
:109F00000630AB812B82BDF80430EB816B82326A64
:109F100092F8103243F0010382F810322A78A2F14D
:109F200085000023B0FA80F04009E103012B01EB2A
:109F300054010A4494B24FEAC43206D128B102EB6C
:109F40005402297904230A4494B20133202B01D00E
:109F5000EA5CEAE7013796F83030F9B28B42AFD2CB
:109F6000012206F12401306A00F090FB28B1356A25
:109F70004480284604F0E0F8E8B996F83230002032
:109F800043F0010386F8323003B0F0BD96F8332079
:109F9000437852064CBF43F0020303F0FD034370C5
:109FA000D6E90423C0E90223F3694361D6E9022319
:109FB000C0E90623ABE705F5047004F0BDF80028FE
:109FC000DBD0D5F8400403681B6A98470028DBD132
:109FD000D3E700BF9CA3002090F83120F2B190F9A4
:109FE000331090F83320002912DB026A10B582B0DA
:109FF00014460190104604F09FF8019B80B993F835
:10A000003220002042F0010283F8322002B010BD5D
:10A0100002F07F0280F83320FFF74CBF0120704729
:10A0200004F50470019304F087F8019B0028E6D042
:10A03000D4F840040268126A904710B1012002B0BF
:10A0400010BD019BDBE700BF70B590F831300546CD
:10A050005A064CD480682B6AD3F83C341844B0F1CB
:10A06000806F01D3002070BD2846FFF7DBFE00287B
:10A07000F8D0286A0024AE6990F84534023E9E402C
:10A08000D0F82C341E440522311900F5047004F078
:10A090007DF84FF4007200210028E3D009F000F9A8
:10A0A000286A012390F845241C4493409C42EAD33B
:10A0B00095F831305B0615D495F8332062F07F02B5
:10A0C000D5E9023185F83320D0F83C249B1841F1C2
:10A0D0000000AB60D5E90431E8609B1841F1000154
:10A0E000C5E904312846BDE87040FFF775BF006A36
:10A0F00000F02AFCAFE700BF90F833309A0764D530
:10A10000C169B9B313F0400C70B50446D0F818E03B
:10A1100082B0006A30D090F845C4A2680CF1090CF6
:10A12000E568013A5FFA8CFC45F1FF35CCF1200679
:10A1300022FA0CF2ACF1200C05FA06F625FA0CFC1A
:10A14000324342EA0C020132BEF1000F20D1C4F8C2
:10A150001CE001918ABB63F07F03204694ED007BF5
:10A1600084F8333084ED027B84ED047BFFF734FF09
:10A1700002B070BD01207047BEF1000F0FD10191F8
:10A18000C4F81CE000F00EFBE0B194F83330E2E7D5
:10A190000139A1EB0E010A440EF10101D9E701AA30
:10A1A0007146CDF804C000F08DFA00280ADB0ED10C
:10A1B00001990029E9D0206AE4E7002300F00EFAB3
:10A1C0000028E2D1002002B070BD002070474FF09F
:10A1D000FF32A169206A00F0C1FA0028E8D1F1E756
:10A1E0002DE9F84F90F8333004469D0740F1AC80DC
:10A1F00093461A070E4600F12581D4E90031BBF1E0
:10A20000000F00F0D1805D464FF00109206AA1697E
:10A21000D0F8382412EA03086CD1002900F0D58068
:10A2200094F833305B0640F1ED80A268E368013AB0
:10A2300043F1FF3C90F845340933DBB2C3F1200E03
:10A24000DA40203B0CFA0EFE2CFA03F342EA0E022F
:10A250001A43E36913448B4240F2DB800131A16170
:10A2600090F845240239D0F82C3491401944B5F5C2
:10A27000007F72D3B5F5806FD0F81C32C0F0AB8090
:10A2800009FA02F2A2EB08086A0A904528BF904634
:10A29000994204D808EB01029A4200F2CB80D0F830
:10A2A000140243463246D0F800C0DCF828A0D0475C
:10A2B000002849D04FEA48284346A5EB0805226804
:10A2C000464461689B182269606941F100019A4225
:10A2D0008841C4E9003102D3002D97D164E094F89D
:10A2E000332062F07F02C4E9043184F83320002D6A
:10A2F0008CD159E090F845240239C8F3080A4FEA96
:10A3000058289140D0F82C3441441944BAF1000F38
:10A31000ADD0012200F5047003F038FFA0B1CAF5FA
:10A32000007850443146A84528BFA846C24442465A
:10A3300006F0B0F9BAF5007FBED1206A00F50470CE
:10A3400003F0FAFE0028B7D194F83230002043F031
:10A35000010384F83230BDE8F88F22682769636909
:10A36000BA42626872EB030333D2012200F5047033
:10A3700003F00CFF0028E7D02A46314606F08AF9A0
:10A3800020696269D4E90031EB1841F1000198427B
:10A390008A41C4E9003107D294F8332062F07F0289
:10A3A000C4E9043184F83320D4E9020298428A4196
:10A3B00050D32D4B1B682BB194F8333063F07F03DF
:10A3C00084F833305846BDE8F88FE16949B3A1619C
:10A3D00046E70522CAE7994206D1002380F81032E9
:10A3E0004FF0FF33C0F81C32D0F814023246036835
:10A3F0005B6A98470028A7D04FF40073A5F5007555
:10A4000098465CE704F1180200F05CF900289BDB39
:10A4100004D12046FFF706FD002895D0A169206AE7
:10A420001EE72046FFF7FEFC00288DD0A169206AB8
:10A43000E16115E7002380F810324FF0FF33C0F8D8
:10A440001C322CE7D0E90423FFF7F2F900287FF44F
:10A45000D4AE79E794F833205846C4E9023162F06B
:10A460007F0384F83330AEE79CA300202DE9F04150
:10A4700015460C4601F11E08AB89284634F8026FD8
:10A480001BB9D5E901239A420ED003F0B7FE03F0C1
:10A4900027FF0746304603F023FF874209D1444592
:10A4A000EAD10120BDE8F081B6FA86F04009BDE8A6
:10A4B000F0810020BDE8F08170B500230E460A68E7
:10A4C0004FF6FF7519461C46B3813361726015E083
:10A4D00003F094FEA84220D003F002FF3269E303A8
:10A4E000B189013203EB5403326153FA80F3C3F3B1
:10A4F0004E0404EBC33404EB1024A4B2304600290C
:10A50000E6D1D6E901239A42E2D13069B48201381A
:10A51000FE288CBF0020012070BD002070BD00BF50
:10A520002DE9F84F8A4680469146002940D08F1E7B
:10A53000D8F83034BB4241D907F007030125C7F3EF
:10A54000C80B9D403E463C46D8F82C14002240469D
:10A5500001EB143103F01AFEE8B10BF1FF3C844427
:10A5600000F2FF101CF8011F0AE04A452AD0A7425A
:10A5700010D0D8F83024A24214D913F0FF050CD023
:10A58000013429424FEA4503A4EB0602EDD0A7426D
:10A590002646EED10120BDE8F88F84454FF0010535
:10A5A000E0D101E00026344601254FF0000BCBE757
:10A5B000D0F82074D8F83034BB42BDD8002701252C
:10A5C000BB46BFE7BAF1000F04D1B9F1010F08BFD4
:10A5D000C8F82064B01CBDE8F88F00BF2DE9F04139
:10A5E00014468A1ED0F8305482B01119A9423BD8C3
:10A5F000D0F82064002B3BD1B24238BFC0F82024F1
:10A6000002F007011D4601230646C2F3C8078B402E
:10A61000D0F82C1401EB1231012230460193009145
:10A6200003F0B4FD00B3009900EB070E00F50078CD
:10A63000019B01319EF800C05A001CEA030F8CEA0E
:10A64000030C14BF01200020A8420DD0013C8EF85D
:10A6500000C017D012F0FF03ECD10EF1010E1F461F
:10A660000123F045E6D1D7E7002002B0BDE8F08134
:10A67000B242C5D8B142C3D9A94228BF0021C0F80F
:10A680002014BDE7012002B0BDE8F08138B50C46CA
:10A690000B6890F845C400F50470D0F82812023B0E
:10A6A000656803FA0CF3294003EB5123D0F81C1220
:10A6B000194403F06BFD18B16368C3F30803184431
:10A6C00038BD00BFD0F8303401338B4202D24FF096
:10A6D000FF3070470B46D0F8241400F5047001EBEE
:10A6E000D31110B582B014460022019303F04EFD41
:10A6F00050B1019B9900C1F3080143585A1C07D07F
:10A700000120236002B010BD4FF0FF3002B010BD39
:10A710000020F7E74B6870B5D0F838441C4013446C
:10A720004B60144490F845340933DBB2DC4012D05E
:10A7300006460D46013C02E02A60013C0BD3296825
:10A740002B7A4A1C002BF7D12A463046FFF7BAFF76
:10A750000128F2D070BD012070BD00BF012904D9CD
:10A76000D0F8303401338B4201D2002070470B46C1
:10A77000D0F8241400F5047001EBD31110B582B0A9
:10A7800014460122019303F001FD024638B1019BFA
:10A7900001209900C1F30801545002B010BD0020FF
:10A7A00002B010BD2DE9F04F05460C4683B04FF0C6
:10A7B0000008D5F830340F4601339C423DD8D5F817
:10A7C0002414002205F504704FEAD41B01EBD411C8
:10A7D00003F0DCFC88B3A300C3F30803C258511C88
:10A7E0002FD0012C29D916464FF0010AD5F8302474
:10A7F0000132944221D8D5F82414012205F50470C1
:10A800000193594403F0C2FCB8B1019B40F80380A6
:10A81000BAF1000F1AD0631CB34208D0E21B002328
:10A82000394628460132FFF7D9FE30B13746D5F810
:10A830003034344601339C42C1D9002003B0BDE816
:10A84000F08F012CF9D94FF0000ACFE7E21B5346F5
:10A85000394628460132FFF7C1FE0028EDD003B08B
:10A86000BDE8F08F70B5002304464FF0FF30154669
:10A8700082B01A46C4F840146160E060C4F8141253
:10A880001946C4F81C0204F5047084F8443423709B
:10A8900084F8103203F07AFC042D0DD8034658B129
:10A8A000BDB1013D00EB051595F8BE2112F07F0208
:10A8B00002D195F8C23113B9002002B070BDD5F8AD
:10A8C000C65104F50470294603F060FC03460028D5
:10A8D000F2D005221B49D81C019308F025FD002861
:10A8E000EAD1019B93F86C20092AE5D11A6D014643
:10A8F0002A44C4F824245A6DC4F828249A6D2A44A2
:10A900000125C4F82C24DA6DC4F830241A6EC4F87A
:10A91000342493F86D20C4F82004204602F1090382
:10A9200084F8452405FA03F35A1EC4F83C34C4F8ED
:10A9300038242A46FFF7F4FD4023284684F844349F
:10A94000BBE700BFC01F0020F8B5D0F83034054683
:10A95000D0F8344401339C4207D9002695F84504C9
:10A960000930C0B206FA00F0F8BD002600F5047701
:10A97000D5F8241400223846013601EBD41103F037
:10A9800005FCA4000028E8D0C4F308040459631CA3
:10A99000E4D0D5F830340133A342DED3E8E700BF7A
:10A9A000024630B552F8101F83B00446806801910A
:10A9B00001F060F960B10199A37859B1013103F058
:10A9C000BF0225698D4218BF134663F07F03A37051
:10A9D00003B030BD43F04003F7E700BFF8B504789B
:10A9E00014F0200404D11A4B054642699A4202D35E
:10A9F00000263046F8BDFFF7D3FF06460028F7D003
:10AA0000A86803798279CBB12F694369023F9740E7
:10AA10001F4407E008F044FC0134A868E3B202795F
:10AA20009A420AD905223919283003F0AFFB4FF4B6
:10AA3000007200210028EDD1DAE782794FF400732B
:10AA400069693046934011FA83F36B61F8BD00BF2A
:10AA500000FE1F0090F800C0BCF1000F01D00020E4
:10AA6000704710B582B00C4624226146019008F070
:10AA700017FC019B9C60E279102A06D0202A0BD09B
:10AA80000C2A02D0002002B010BD20210122197032
:10AA900010469A7002B010BD4021F7E72DE9F04F43
:10AAA000837883B00446DE0740F1968091460278B1
:10AAB0000F46150700F19980900608D5A3685989BB
:10AAC0006369C3EB41139BB2994528BF9946B9F11D
:10AAD000000F7DD0636912F020004D464FF0000852
:10AAE000A668C3F3080B3FD0326A02EB5321BBF1D7
:10AAF000000F57D1B5F5007F54D3736B8B4251D003
:10AB0000B5F5806FC0F0A28022784FEA552B9206EF
:10AB100005D43279A2EB0802934528BF93468B42B5
:10AB20000BD30BEB0102934207D206F128000191EF
:10AB300003F002FB019900284ED0F06A5B463A46CA
:10AB400006687669B047002846D04FEA4B2663690D
:10AB5000AD1B334463613BD022783744C3F3080B09
:10AB6000A66812F02000BFD196F8058008EA5328A5
:10AB7000BBF1000F40D1B8F1000F3DD1002B43D104
:10AB800051064FF000084CBF336A236AB5F5007FC9
:10AB90002361A3F10203B179726903FA01F303EBB4
:10ABA0000201AAD2002206F1280003F0EFFA98B1C0
:10ABB000CBF5007600EB0B013846AE4228BF2E469F
:10ABC000324605F067FD6369AD1B33446361C3D151
:10ABD000484603B0BDE8F08F63784FF0FF3043F094
:10ABE0000203637003B0BDE8F08FC36941695B1A6B
:10ABF000994528BF99466AE72169B2797369023994
:10AC000043449140194472E7120721690CD5A37897
:10AC10005B0609D54B1C013980462361B379726903
:10AC200001FA03F3991865E704F11002304600F0C9
:10AC3000FFFE0028D0DB13D0A6684FF00008236980
:10AC4000B279023B93407269991853E7F06A3A4629
:10AC500003681B6998470028BED04FF4007676E75A
:10AC6000237813F0700FB7D0A9EB05094846B0E779
:10AC700070B582B0012204460DF10701D0E90465E8
:10AC8000FFF70CFF01280CBF9DF807004FF0FF30C5
:10AC9000C4E9046502B070BD436913F4F07F10B5D8
:10ACA000044684B00BD0012909D103F1200242618E
:10ACB000A06803F4F0733830184404B010BD0122CA
:10ACC0000DF10F0120460193FFF7E8FE019B40B212
:10ACD000012803D162691F326261E9E70020ECE7D5
:10ACE0002DE9F0410269044603781746002B38D05D
:10ACF0000E464169B1423ED0002E36D0180729D504
:10AD0000E269B2422DD3D4F808C0751EA2789CF82F
:10AD1000060012F0400F00F10900C0B225FA00F55C
:10AD20002CD14A1EC24009B195422BD25B064CBFC2
:10AD3000DCF82030236A236106E02169013DA06828
:10AD400000F076FE00280CDD04F11002002DF4D195
:10AD5000A2780CE09A06D6D5A3685B89B6EB431FB0
:10AD6000F6D900202761BDE8F0818278066122F0E3
:10AD700020026661A2700120BDE8F081236A2B44A5
:10AD80002361F4E7AD1ADFE7F0B50E4683B0154650
:10AD900000212422044601939DF8207008F080FAD7
:10ADA000B068326AA58005F00F05C4E9020200F11F
:10ADB000380202EB4512D17A0B072DD401F01701AE
:10ADC000019B2170D57A15F0180F02D141F00801CE
:10ADD000217003F00301E770012923D0022938D044
:10ADE000D1B95F0518D403F0080141F00101A17049
:10ADF000416B908AA161518B41EA00412162D26985
:10AE0000E2615F0402D4012003B0F0BDE169204695
:10AE1000FFF766FF0028F6D1002318462370A370C1
:10AE200003B0F0BD02252178CE06F5D4C907F3D4CE
:10AE300003F008010D43A570416B968AA161518B07
:10AE400041EA06415E05D9D529B965F07F05A570AF
:10AE5000D7E70325E7E7019300F050FF0028DBD098
:10AE6000A578019BF1E700BF0378002B5CD030B5DB
:10AE700090F9023085B00446002B0EDBA36803F185
:10AE800028001D4603F058F900283ED163780020C1
:10AE900043F00103637005B030BD80680122A169F1
:10AEA000283003F073F90028F0D0A38803F00F03D3
:10AEB0005A0100EB4313825CE52AE7D0227812079F
:10AEC00001D5E269DA61226A1848110C5A830568D3
:10AED000998275B10DF10B020DF10E0103A80193DA
:10AEE000A847019BBDF80C20BDF80E101A835A82AA
:10AEF000D982A37803F07F03A370A36803F128002D
:10AF00001D4603F019F90028C0D005F50E7003F0B6
:10AF100013F90028BAD0286803681B6A98470028EC
:10AF2000B4D0012005B030BD012070479CA30020A3
:10AF300010B50446FFF798FF00232370A37010BDDF
:10AF40002DE9F041002594B00E460178ADF8385057
:10AF5000CDE90125002935D1317811F0700F31D0BC
:10AF600098461378044615462F2B2DD000271CE059
:10AF7000019D2D78002D40D000F062FBA6460DF11A
:10AF8000080CF8B102AEBEE80F00ACE80F00BEE856
:10AF90000F00DEF80050ACE80F002046CCF800505F
:10AFA000FFF762FF019D2770A770294601AB0BAA2E
:10AFB000204600F08BFC054600230BAA31462046B4
:10AFC000002DD5D100201CE00135019529782F29CD
:10AFD000FAD0B6682422B9B9204608F061F9A66013
:10AFE000F379102B03D0202B22D00C2BEAD1202276
:10AFF000012322701846A37003E043460BAA00F019
:10B000001FFB14B0BDE8F081002102A808F048F948
:10B010000496F379102B03D0202B0BD00C2BD1D11D
:10B0200020238DF80830012302AE8DF80A309DE709
:10B030004022DDE74023F4E719B101F58961FFF70C
:10B040007FBF0846704700BF2DE9F047837804466C
:10B050009D0740F1A58017461A070E4600F1D080E3
:10B060006269D31980F09C80002F77D03D46A0689C
:10B07000C2F30809216990F8058018EA522838D1EE
:10B08000B9F1000F35D1002974D0A3785B0677D5CC
:10B09000E369934274D901312161023982794369AC
:10B0A00091401944B5F5007F43D3B5F5806F436BEC
:10B0B0007DD30279A2EB08086A0A904528BF904622
:10B0C000994240F29180C06A43463246D0F800C0AF
:10B0D000DCF82890C847002862D0A5EB48254FEA45
:10B0E00048286169464408EB01026261002DBED127
:10B0F00034E0023982794369914019444144B9F1FD
:10B10000000FCFD00122283003F040F8002847D0AC
:10B11000C9F5007848443146A84528BFA846C1442F
:10B12000424605F0B7FAB9F5007F33D0A5EB080524
:10B13000D7E76269E3699A4220D2A37813F0200F1F
:10B1400014BF05220122283003F020F840B32A461C
:10B15000314605F09FFA62692A446261E3699342CD
:10B160005BD3314B1B681BB1A37863F07F03A370E3
:10B1700038461AE0216A71B321618EE70522E2E7C1
:10B1800004F1100200F054FC002809DB3FD0A06855
:10B19000216982E7A068283002F0CEFF0028C5D1DF
:10B1A0006378002043F001036370BDE8F0879942A3
:10B1B00005D1002380F828304FF0FF334363C06A85
:10B1C000324603685B6A98470028E9D0A5F5007508
:10B1D0004FF4007885E72046FFF7E2FB0028DFD038
:10B1E0002169A068216258E708EB01029A427FF6C4
:10B1F0006AAF002380F828304FF0FF33436362E7E3
:10B20000C169FFF76DFD00287FF42AAFC8E720462B
:10B21000FFF7C6FB0028BAD1C2E7A3783846E2613F
:10B2200063F07F03A370C0E79CA300202DE9F04FDB
:10B2300007468DB01446064689469C4603AD4FF03E
:10B24000000E0FCF0FC50FCF0FC53B68A4F80CE061
:10B250002B6023686360BCF1000F45D04FF0010AFA
:10B26000CDF804C0A9EB0A0103A889B24901FFF790
:10B2700037FD70B3002103A8FFF70EFD804640B3F1
:10B280004FF0000B10E002F0B9FF074628460BF123
:10B29000010B03F025F80546384603F021F88542F6
:10B2A00017D1BBF10D0F18D05FFA8BF24146304633
:10B2B00000F086FBA38905462046002BE3D1D4E9A4
:10B2C00001239A42DFD1B5FA85F040090DB0BDE8FF
:10B2D000F08F00200DB0BDE8F08F0AF1010A019B4C
:10B2E0005FFA8AFA5345BDD20120EFE72DE9F04F0E
:10B2F00007468BB015468A4699460DF1040C02F1BB
:10B30000150402F120064FF000080FCFACE80F0043
:10B310000FCFACE80F003B68CCF800304FEAC81301
:10B3200014F8012F03EB5803B44213445FFA83F877
:10B33000F4D12B6800276B60AF81B9F1000F56D0B4
:10B340000126AAEB060101A889B24901FFF7C8FC52
:10B3500000284DD0002101A8FFF79EFC002847D00F
:10B36000039AB14500F1010B92F8283043F0010334
:10B3700082F828300CBF49F040023246002380F8A2
:10B380000D8002701C460F224383A0F80B20A88971
:10B3900018B9D5E901239A420ED0284602F02EFFB3
:10B3A000042C10D82BF8020B0134A8890028F4D102
:10B3B000D5E901239A42F0D1EFB10137042C4FF6C1
:10B3C000FF70FFB2EED90A2C05D8ABF803000134A8
:10B3D0000BF1020BDBE70C2CABF8050003D00BF1F3
:10B3E000020B0C24D3E70136F6B2B145A9D20120F5
:10B3F0000BB0BDE8F08F0127D2E700BF02464FF047
:10B40000203152F8163B2DE9F04FC0F81610846831
:10B410005160C2F807101D782E2D03D113F8012FAB
:10B420002E2AFBD0611E99420BD90A4602E09342B4
:10B4300000F0868092F800C01146013ABCF12E0F50
:10B44000F5D19C4279D94FF0000AB5F12E0C4FF09E
:10B4500007074FF0080818BF4FF0010CD646D34637
:10B4600007E001330A274FF0080E4FF010089C4206
:10B4700053D91A782E2A08BF8B420CBF012600260A
:10B48000EFD0222A37D07C2A35D0A2F15B09B9F15E
:10B49000020F30D9A2F12A09B9F1050F8CBF00259E
:10B4A00001252D2A08BF00252DBBA2F13A09B9F1CB
:10B4B000050F20D9A2F12109B9F15D0F51D87745C7
:10B4C00043D28B4294BF4FF0000C4FF0010C0A2F77
:10B4D00008BF4CF0010CBCF1000F33D0837D202B52
:10B4E0002BD0037D012143F27E1203444175DA82A1
:10B4F0000120BDE8F08F7745E3D35F220EF1010C08
:10B50000864401338EF816205FFA8CF2B446062A80
:10B51000964698BF02759C42ABD8837D202B0CD0F9
:10B52000BCF1000FDDD00BEA0A03DBB2002B18BF21
:10B530004FF0020A80F815A0DAE70020BDE8F08F8E
:10B5400019467EE70B46072791E7A2F16106192EFF
:10B550000ED8203A4AEA08056646D2B25FFA85FA62
:10B56000CCE702F0C002802AC5D10133AC467EE7A9
:10B57000A2F14106192E664698BF4BEA080BBDE7BB
:10B580002DE9F04F01F11A0983B004466225CDF888
:10B59000049001F11B0A0F7D4FF07E0801F11606A1
:10B5A0004FF000098B46254B032F1B6828BF03274C
:10B5B0004B440AEB07011FFA83F9019B03EB070CCD
:10B5C000ACF1030C09F00F034FEA1919092B03F131
:10B5D000370298BF03F1300201F8012D8C45F1D1FB
:10B5E0000BEB07030021204683F81680FFF778FB5A
:10B5F00001212046FFF750FB03460B223046194637
:10B600008BB193F800C0BCF1000F13D0DB7A1B079D
:10B61000EED407F071FD0028EAD1013D15F0FF05D9
:10B62000C1D1284603E06078B0FA80F0400903B049
:10B63000BDE8F08F012003B0BDE8F08F48CA0020BC
:10B640002DE9F04F0C788DB014F0700F55D00478C0
:10B65000002C52D18C689A4D089414690C34A5FBC7
:10B660000454C4F38705547DA407059500F0E480D5
:10B6700005F101085FFA88F80E464FF0000B1446FA
:10B680000990002130460793DA4604925F46FFF79F
:10B6900027FBD94604F116035C46CDF818B0039396
:10B6A000756900213046FFF7F7FAC5F34F150346D9
:10B6B00000B30278E52A24D01AB3A04588BF00243D
:10B6C0002E2A32D0C17A0F2933D011F008012CD1A3
:10B6D000002F40F0D5800B22039907F00DFD0028C4
:10B6E000DED1049B5B7D13F0010300F0E1800123B8
:10B6F0000693D5E77378002B36D000200DB0BDE857
:10B70000F08F631C002C08BFA946DBB2A04588BFA0
:10B710001C464AB30027C3E70AF1FF3A5FFA8AFAE8
:10B72000524502D1437B5B4510D0B2FA82F77F09C4
:10B73000B6E7002FF0D102F01F0A05995145AFD1AD
:10B7400012F04007ACD090F80DB00F46BAF1010FDF
:10B75000A6D1691C3B46049A304689B2FFF766FDC4
:10B76000002808BF00279BE7079B9A05C5D503F073
:10B770000303013B012BC0D8002C60D1A946B8F1CE
:10B78000000F62D1069B2BB104993046FFF7F8FEFB
:10B790000028B2D008F1FF38049A30465FFA88F3E7
:10B7A00003EB09051F46ADB22946FFF79FFD0028B0
:10B7B000A3D069013046FFF793FA00289DD00021FD
:10B7C0003046FFF769FA0446002896D0202200216F
:10B7D00007F066FD0499D1F81620D1F81A302260DE
:10B7E000636091F82030CA8BA37222814B7D03F0F5
:10B7F00018032373334B1B68002B5BD00DF12B0216
:10B800000DF12E010BA89847BDF82C302382BDF80E
:10B810002E30E3819DF82B306373089A92F828301C
:10B8200043F0010382F82830079B2A4631460998E5
:10B830000097FFF7A9FA61E74FF001081CE7A04560
:10B8400003D89FE7DCB2A0459CD900213046FFF722
:10B8500023FA631C0028F5D17378002B7FF44DAFD9
:10B86000A0458FD9089D05E02B7904EB0314E4B2C1
:10B87000A04587D93046FFF7B1F80028F4D13CE75E
:10B88000BAF1010F7FF439AF013803F10A02CB019D
:10B8900003EB510310F8011F0B448242D9B2F6D1D9
:10B8A0008B457FF42AAF079B19053FF526AFBBE711
:10B8B0001F46F8E745F621432383034B2361ACE79A
:10B8C0004FECC44E9CA30020215C215CF0B51546D2
:10B8D0000A781F4683B0202A0B4603D113F8012FA4
:10B8E000202AFBD02B601A78002A34D02F2A32D09D
:10B8F0000024234E06E002342C61AB601A7852B368
:10B900002F2A28D0191D184601AA02F09FFC0346D1
:10B9100098B1019AB2F5803FEDD27F2A04F101047B
:10B92000EAD8D0B21F2808D9A0F12201C9B21D2936
:10B9300006D826FA01F1C90706D5002003B0F0BDEC
:10B9400000F0DF005C28F8D02E2AD7D0202AD3D1EF
:10B950001A78002AD4D12A69013AFE2AEDD81A7839
:10B96000202A03D113F8012F202AFBD02F2AF9D047
:10B9700028463B6003B0BDE8F040FFF73FBD00BF85
:10B98000012100352DE9F843DDF82090A2B10C46E5
:10B9900098460546571801E0BC420DD02B68494631
:10B9A00020465E6AC0472146024628460134B04719
:10B9B0000028F1D1BDE8F8830120BDE8F88300BF7D
:10B9C000042A04D801EB4201B1F8010070470A2AA9
:10B9D00003D801EB4201888870470C2A03D801EB99
:10B9E0004201C88870470020704700BF2DE9F84326
:10B9F000DDE90898BBB10C46164605465F1803E022
:10BA00000134C847BC420ED02B6832462146284636
:10BA10001B6998470346424631462046002BEFD12A
:10BA20001846BDE8F88301231846BDE8F88300BF37
:10BA3000012941D9C3698B423ED30B46F0B5C17988
:10BA400083B01646044620294CD0102966D00C2914
:10BA500044D1C3F34E028169019312FA83F295B285
:10BA6000C2F346221144027A00F50E70A2F10202DE
:10BA700000910746B2FA82F25209520002F086FBA8
:10BA800060B3C5F3080202F1010C835CBCF5007FD2
:10BA90001D46DDE9001312D060440278DB0745EA59
:10BAA00002224CBF1309C2F30B03E269934232D85E
:10BAB0000120336003B0F0BD4FF0FF307047227AB1
:10BAC000013138460093A2F10202B2FA82F2520921
:10BAD000520002F05BFB009B0028DED14FF0FF30EC
:10BAE00003B0F0BD027A816900F50E70A2F1020286
:10BAF000009301EBD311B2FA82F25209520002F024
:10BB000045FB0028EAD0009BE269990001F4FE7130
:10BB100043589342CCD9002003B0F0BD027AC3F35E
:10BB200007218069A2F102020093014404F50E701E
:10BB3000B2FA82F25209520002F028FB0028CDD05E
:10BB4000009B590001F4FF71435AAEE701293CD92B
:10BB5000C3698B4239D30B46F0B5C17983B0164621
:10BB60000446202936D010294BD00C292FD1C3F3FD
:10BB70004E028169019312FA83F295B2C2F3462212
:10BB80001144027A00F50E70022A009107460CBF9C
:10BB90000322012202F0FAFAC8B1019BC5F30802A0
:10BBA00040F2FF1C009913F0010302F1010E3ED197
:10BBB000624586544AD0C6F307127044037823F0D6
:10BBC0000F0343EA1212027018E0002070470020B1
:10BBD00003B0F0BD027A816900F50E70022A00936D
:10BBE00001EBD3110CBF0322012202F0CFFA00288F
:10BBF000EDD0009B990001F4FE714650012003B086
:10BC0000F0BD8269C3F3072100F50E700093114463
:10BC1000227A022A0CBF0322012202F0B7FA00287E
:10BC2000D5D0009B590001F4FF714652E6E710F8A9
:10BC300002C0BEF5007F0CF00F0C4CEA061C00F8A9
:10BC400002C003D0320970440270D7E7227A013172
:10BC500038460093022A0CBF0322012202F096FA12
:10BC60000028B4D0009BC6F30712002BA6D00270A8
:10BC7000C4E700BF2DE9F041C46882B005460E4616
:10BC80008C4290462CD20C4600270134EB6901AA65
:10BC90002846A34205D267BBEC6801273C44A34277
:10BCA00027D3A642214624D0FFF7C2FE431C20D052
:10BCB0000028EAD0019B002BE7D107B1EC606FF0C0
:10BCC000704221462846FFF741FF074688B14EB92A
:10BCD0006B6A002B01DB013B6B62C8F8004009E096
:10BCE0000127D2E7314622462846FFF72FFF0028DA
:10BCF000EED10027384602B0BDE8F08170B50546A8
:10BD000082B00C460FE0FFF721FF621EB0B16B6AF4
:10BD1000002B03F10103A8BF6B62EB68A342019CF7
:10BD200088BFEA605EB101AA21462846FFF780FE7F
:10BD3000064600222146731C2846E4D1002002B0AA
:10BD400070BD00BF30B503464FF0010C0020144613
:10BD50004FF0FF3283B01960D871C3F80CC0D962BC
:10BD600083F82800C3F83C125A6383F83802C3F8FA
:10BD7000442204B3042C02D9002003B030BD024693
:10BD8000014603F1280003F12805019302F0FEF9B2
:10BD90000028F1D06FF0704200F5DF70A218140196
:10BDA00000EB021211790029E6D0015D4B06E3D1C8
:10BDB0009468019B01E003F12805002221462846F2
:10BDC000019302F0E3F90028D6D0B0F80B20B2F5C9
:10BDD000007FD1D1027C019B511E1A720129CBD860
:10BDE00090F80DE00EF1FF32BEF1010F83F804E090
:10BDF0005A7151D04FF0010C624652000CF1010112
:10BE0000D2B2964507D05FFA81FCBCF1090FF4D19C
:10BE100008229A71B0E7654683F806C0B0F816C0EC
:10BE2000C3F810C0BCF1000F03D1D0F824C0C3F890
:10BE300010C0C189B0F8112021445A815201996182
:10BE400090F810E002F2FF120CFB0E1101EB5222EF
:10BE50001962B0F813105A6101B9016AA41A621884
:10BE6000EA40511CD9614FF0FF31596240F6F4713C
:10BE70008A420DD94FF6F4718A420BD9C16A202249
:10BE800019620120DA71C3F830C0C3F840C274E708
:10BE90000C22F6E71022F4E7002215469A71BDE75E
:10BEA000884230B5044683B020D0806B0D4618B16F
:10BEB000FFF73EF8002841D1E06B18B1FDF76EFBAB
:10BEC000002841D1AB6BA3B12146242000F0A6F895
:10BED000002384460360A063AD6B0FCDACE80F0078
:10BEE0000FCDACE80F002B68CCF80030204603B033
:10BEF00030BDEA6B002AF9D021463820019300F0CA
:10BF00008DF8019B0363E063EB6B03F13002D3F820
:10BF100000E0103353F80CCC103053F8085C53F8A1
:10BF2000041C934240F810EC40F80CCC40F8085C3C
:10BF300040F8041CEBD11B680360D7E70023A36320
:10BF4000AB6B002BC0D1D4E70023E363AB6B002BBA
:10BF5000BAD1CEE710B50446806B10B1FEF7E8FF0A
:10BF600028B9E06B10B1FDF719FB20B910BD002313
:10BF7000A363012010BD0023E363FAE700294BD03F
:10BF8000F0B50446806B83B01F4616460D4610B1CF
:10BF9000FEF7CEFF78BBE06B18B1FDF7FFFA002883
:10BFA00030D1D5F880348BB12146242000F036F80A
:10BFB00000213B4632460160A063D5F88014FFF7AC
:10BFC0003BF830BBA063002003B0F0BDD5F884245B
:10BFD000002AF8D021463820019300F01FF8019B79
:10BFE000324603633B46D5F88414E063FDF712FF45
:10BFF00078B9E063E7E70023A363D5F88034002B2A
:10C00000D2D1E3E70023E363D5F88034002BCBD112
:10C01000DCE7012003B0F0BD002070470846704700
:10C020002DE9F041002604461F46C0F88814C0F8E8
:10C03000806401464FF490609046FFF7EFFF3A4668
:10C04000C0F844640546C0F87864C4F88404D4F8A1
:10C050008814FEF707FC88BB06462146C4F8840412
:10C0600040F26C40FFF7DAFF4FF40073C0F8486409
:10C070003A46A0F807300546D4F88814C4F880047E
:10C08000FFF760FE28B91A4AC4F880041060BDE8C2
:10C09000F08105F58960FEF74BFF294605F58960BB
:10C0A000FEF7D8FC0028EED0124B1A68AAB91D6022
:10C0B0000F4BB8F1000F14D01C6015E005F5896036
:10C0C000FDF76CFA294605F58960FDF771FA00283D
:10C0D000C2D0094B1A68002AE9D0054BB8F1000F0D
:10C0E000EAD11A68002AE7D00120BDE8F08100BF3C
:10C0F000F4C30020F8C30020A0A3002010B504461C
:10C100000020DFF820C04FF47A7E60602073C4F80E
:10C1100008E0C4E91200204640F810CBFFF72EFFDC
:10C12000204610BD082500204FF0FF30704700BFAB
:10C13000407C7047007D7047407D7047012070470C
:10C14000007F70472DE9F0411F46C37C06460D462F
:10C15000022B144623D03368294630461B6E98477D
:10C1600078B1B5617FB1002501E0AF420BD03368F3
:10C17000214630460135DB6D04F5007498470028F0
:10C18000F3D1BDE8F081B369307F3B44B36100284F
:10C19000F7D1336830465B6EBDE8F04118478369DC
:10C1A0008B42D8D1DEE700BF2DE9F0471F46C37CA4
:10C1B00005469146022B0C46089E27D02B68214647
:10C1C00028461B6E984798B1AC61B9F1000F11D0A9
:10C1D00004EB090801E0A0450CD031462046B847E1
:10C1E0002B6801462846DB6D013498470028F2D1C0
:10C1F000BDE8F087AB69287F4B44AB610028F7D1DD
:10C200002B6828465B6EBDE8F047184783698B4270
:10C21000D4D1DAE7704700BF043001F05FBF00BF40
:10C2200000B583B02021019004F0CEFA019803B04C
:10C2300000BD00BFF0B5204E83B00746346804F55A
:10C24000167403E03368E31A1B0410D4381D01F0A0
:10C2500049FFFF28F6D10190FD21381D01F05CFF58
:10C26000BA7CD2B900230120FB7403B0F0BD1E22BA
:10C27000BB7C7A7413B9002003B0F0BD0121387C77
:10C2800001F06EFEFF21381D01F046FF381D01F060
:10C29000FDFE00230020BB74EEE70121387C01F095
:10C2A0005FFE0199381D01F037FF381D01F0EEFEE9
:10C2B0000023BB74D6E700BF48CA0020C37C012B13
:10C2C0003BD0827C30B5044683B04AB1043001F0E3
:10C2D00009FFB0F1FF0318BF0123184603B030BDBA
:10C2E0000430009201F0C8FE0099207C01F038FE75
:10C2F000FF21201D01F010FF0121201DA17401F07C
:10C30000F1FEB0F1FF03A07C4FF0010118BF012343
:10C31000009A0028E1D0207CCDE9003201F020FE17
:10C32000FF21201D01F0F8FE201D01F0AFFE009B53
:10C33000019A1846A27403B030BD00231846704716
:10C340002DE9F8431F4F0446884691463D6805F5A0
:10C35000967503E03B68EB1A1B040ED4201D01F018
:10C36000C1FEFF282075F5D0FE2819D01822A37C25
:10C3700062743BB90020BDE8F8831D22A37C62747F
:10C38000002BF7D00121207C01F0EAFDFF21201DC8
:10C3900001F0C2FE201D01F079FE0023A374E9E73D
:10C3A0004A464146201D01F0A9FE207538B9201DDE
:10C3B00001F098FE201D01F095FE0120DBE725220B
:10C3C000D5E700BF48CA002030B50025044683B039
:10C3D0000C212A46C57400F063F8A27C90B912B90A
:10C3E000012003B030BD01210190207C01F0B8FD97
:10C3F000FF21201D01F090FE201D01F047FE019B52
:10C40000A374EDE70923637412B9002003B030BDB3
:10C410000121207C01F0A4FD201DFF21019001F0ED
:10C420007BFE019801F032FEA574EEE7C37C022B7F
:10C4300003D0012B04D00120704703685B6E1847BE
:10C44000FFF7C2BF02680346DFF850C010B50C46C4
:10C45000116A82B0614513D190F813C0BCF1020F8C
:10C4600006D0BCF1010F11D001201C7702B010BD25
:10C47000526E01909047019B0028F5D102B010BD8B
:10C4800001908847019B0028F8D0EDE70190FFF765
:10C490009BFF019B0028F1D0E6E700BF01D8010017
:10C4A0002DE9F041036882B00F46344901920646F7
:10C4B0001A6A8A425DD1C27C022A43D0012A5AD02C
:10C4C000B47C351D002C43D00C2F10D0DFF8B08089
:10C4D000D8F8004004F5967404E0D8F80030E31A68
:10C4E0001A0443D4284601F0FDFDFF28F5D10DF1D3
:10C4F000040802AC47F04001284601F00DFE14F894
:10C50000011D284601F008FEA045F8D1002F28465D
:10C510004FF00A0414BF8721952101F0FDFD284644
:10C5200001F0E0FD2846013C01F0DCFD0306A4B269
:10C53000307502D402B0BDE8F081002CF2D102B017
:10C54000BDE8F0815B6E98470028B9D1FF20F1E784
:10C55000284601F091FD2146307C01F001FDFF21CC
:10C56000284601F0D9FD0123B374ADE7002FBED0FA
:10C57000ECE79047E8E7FFF727FFE5E701D8010080
:10C5800048CA0020F8B500220D463A210646FFF7BA
:10C5900087FFD8B92C1D371D384601F0A3FD04F8DC
:10C5A000010DA542F8D1B37C0BB90120F8BD0121E2
:10C5B000307C01F0D5FCFF21384601F0ADFD384656
:10C5C00001F064FD00230120B374EFE71222B37C75
:10C5D00072740BB90020F8BD0121307C01F0C0FC61
:10C5E000FF21301D01F098FD301D01F04FFD0023AB
:10C5F000B374EFE770B5164682B000220446FFF729
:10C600004FFFA8B11B236374A37C1BB900231846FA
:10C6100002B070BD0121207C01F0A2FCFF21201D91
:10C6200001F07AFD201D01F031FD0023A374EDE738
:10C630000546102231462046FFF782FE03460028B9
:10C64000E2D0A27C002AE2D001900121207C01F0FE
:10C6500087FC201DFF21009001F05EFD009801F095
:10C6600015FD019BA574184602B070BD0368254AEC
:10C67000DB6C934200B585B00FD16A460921FFF704
:10C68000B9FF40B19DF800303F2B09D903F0C0033A
:10C69000402B27D0002005B000BD69469847F0E741
:10C6A0009DF806C09DF807009DF809100CF0030CDA
:10C6B0009DF80A308000C1F301019DF80520C3F305
:10C6C000C01340EA8C2002F00F029DF808C043EA34
:10C6D000410340EA9C1042FA83F30130073B984043
:10C6E00005B000BD9DF809009DF8073001309DF8A8
:10C6F000082003F03F0300EB034000EB0220800220
:10C7000005B000BD6DDE010003680A46DFF860C0B9
:10C710009B6D634510B5044682B015D1407D03285A
:10C720004FF01201204618BF5202FFF7B9FE20B9A0
:10C7300001231846E37402B010BD0C22A37C62747E
:10C7400033B9002002B010BD01919847019AE6E785
:10C750000121207C01F004FC201DFF21019001F04B
:10C76000DBFC019801F092FC0023A374E9E700BF11
:10C770000DD50100F8B51F46C37C06460D46012BBA
:10C78000144602D183698B4205D029463046FFF713
:10C79000BBFF80B1B5617FB1002501E0AF420BD096
:10C7A00021464FF400723046013504F50074FFF75E
:10C7B000C7FD0028F2D1F8BDB369307F3B44B361B7
:10C7C0000028F8D13046BDE8F840FFF7FDBD00BFB6
:10C7D0002DE9F0479A46C37C06461546012B0C46C8
:10C7E000DDF82080099F02D183698B4205D0214664
:10C7F0003046FFF789FFB0B1B461BAF1000F15D030
:10C8000004EB0A0903E00134C047A1450ED04FF400
:10C81000007229463046FFF793FD03463A46294603
:10C820002046002BEFD10020BDE8F087B369307FB0
:10C830005344B3610028F7D13046BDE8F047FFF715
:10C84000C3BD00BF30B5046883B0164B64699C4219
:10C850001CD1C37C15460446012B02D18369994241
:10C8600006D020460191FFF74FFF019960B1A16109
:10C870004FF4007229462046FFF762FD20B1A369FC
:10C88000207F0133A36138B103B030BD0123A4463A
:10C8900003B0BDE830406047204603B0BDE83040FB
:10C8A000FFF792BD49DB010003680A46DFF860C06C
:10C8B0009B6D634510B5044682B015D1407D0328B9
:10C8C0004FF01901204618BF5202FFF7E9FD20B9C9
:10C8D00002230120E37402B010BD0E22A37C627417
:10C8E00033B9002002B010BD01919847019AE6E7E4
:10C8F0000121207C01F034FB201DFF21019001F07B
:10C900000BFC019801F0C2FB0023A374E9E700BF10
:10C910000DD5010003682DE9F041DB6C17463D4A57
:10C9200084B004460E46934243D16A460921FFF77C
:10C9300061FE0546B5B19DF80A305A0619D5637DEA
:10C94000032B01D076027F02324620212046FFF7DA
:10C95000A7FD28B93A4621212046FFF7A1FD60B383
:10C9600026236374A37CB3B90025284604B0BDE830
:10C97000F081C3F305029DF80B30C3F3C01343EA03
:10C9800042037A1C5BB232431342D8D0272363742C
:10C99000A37C002BE8D00121207C01F0E1FAFF21EB
:10C9A000201D01F0B9FB201D01F070FB0023A374D2
:10C9B000DAE7694698470546BCE702462621204645
:10C9C000FFF76EFD0028CBD1134B42F210771B68A6
:10C9D0001F4404E0104B1B68FB1A1B0416D4201DD7
:10C9E00001F080FBFF280646F4D1A37C002BBCD0CD
:10C9F0000121207C01F0B4FA3146201D01F08CFBAE
:10CA0000201D01F043FB0023A374AEE728236374C9
:10CA1000A8E700BF6DDE010048CA002070B5002203
:10CA200082B00E460A210446FFF73AFDA8B11B2347
:10CA30006374A37C1BB90023184602B070BD0121AA
:10CA4000207C01F08DFAFF21201D01F065FB201DE7
:10CA500001F01CFB0023A374EDE7054610223146CC
:10CA60002046FFF76DFC03460028E2D0A27C002A96
:10CA7000E2D001900121207C01F072FA201DFF21FB
:10CA8000009001F049FB009801F000FB019BA574A8
:10CA9000184602B070BD00BF70B5002282B00E46CD
:10CAA00009210446FFF7FCFCA8B11B236374A37C97
:10CAB0001BB90023184602B070BD0121207C01F093
:10CAC0004FFAFF21201D01F027FB201D01F0DEFAA7
:10CAD0000023A374EDE70546102231462046FFF7F8
:10CAE0002FFC03460028E2D0A27C002AE2D001906D
:10CAF0000121207C01F034FA201DFF21009001F07B
:10CB00000BFB009801F0C2FA019BA574184602B015
:10CB100070BD00BF70B505461646043001F0FCFA42
:10CB20004FF400723146281D01F000FBFF21281D43
:10CB300001F0F2FAFF21281D01F0EEFA281D01F0A4
:10CB4000D1FA00F01F032875052B05D02022AB7CFD
:10CB50006A741BB9002070BD012070BD0121287CC2
:10CB600001F0FEF9FF21281D01F0D6FA281D01F081
:10CB70008DFA00230020AB74EDE700BF2DE9F041F2
:10CB8000164D074688462C6804F5167403E02B689A
:10CB9000E31A1B040CD4381D01F0A4FAFF28F6D1C7
:10CBA0004246FC213846FFF7B5FF18B1BDE8F081D9
:10CBB00024237B74BB7C13B90020BDE8F0810121E4
:10CBC000387C01F0CDF9FF21381D01F0A5FA381DA0
:10CBD00001F05CFA00230020BB74EEE748CA002095
:10CBE000036870B59B6D16460A46234982B0044619
:10CBF0008B423DD1407D03284FF01801204618BFDD
:10CC00005202FFF74DFC0546A8B10D236374A37CC7
:10CC10001BB90023184602B070BD0121207C01F031
:10CC20009FF9FF21201D01F077FA201D01F02EFA57
:10CC30000023A374EDE73246FE212046FFF76AFF8A
:10CC400003460028E3D0A27C002AE3D00190012112
:10CC5000207C01F085F9201DFF21009001F05CFA95
:10CC6000009801F013FA019BA574184602B070BD3C
:10CC700000929847009ABEE70DD5010090F81CC0BD
:10CC8000BCF1000F09D0D0F800C0012300B5DCF8DA
:10CC900028E0F4465DF804EB6047FFF7A1BF00BF52
:10CCA000002070470020704700207047704700BF89
:10CCB000084B0021084A9963D3F830C00748C2F8EE
:10CCC00000C012681A639A6C22F081029A640170A3
:10CCD000704700BF00002C407CA30020A6CA0020A3
:10CCE000034B586A80F08070C0F30060704700BF4B
:10CCF00000002C40014B1878704700BFA6CA0020E6
:10CD00002D4A2E4B526AD3F800312D49C2F3C2226C
:10CD100003F03F03013230B52A4C4FF47A75A4FB7F
:10CD2000034305FB00F09B08B1FBF3FEBEFBF2FEE4
:10CD3000B0EB1E1F3CD2082101231D465B001A01E7
:10CD4000BEFBF2F2824201D90139F6D12D02BEFBBF
:10CD5000F3F2904228D259004FF0010C00E059182C
:10CD6000BEFBF1F282421CD90CF1010CBCF1100F98
:10CD7000F5D14FF0F00C4FF47A73134A134803FBCC
:10CD800001F1BEFBF1F10160D36A6FF3131343EAC3
:10CD90000C032B4343F46023D362536A1B07FCD577
:10CDA00030BD4FEA0C1CE6E719464FF0000CE2E7F5
:10CDB000724600250123CCE700C00F4000800D40E3
:10CDC00000EC695EABAAAAAA00002C40A8A2002031
:10CDD000014B1878704700BF9C930020014B1868E6
:10CDE000704700BF7CA30020DFF81CC000B58E4652
:10CDF000BCE80F00CEF800000120CEF80410CEF8F9
:10CE00000820CEF80C3000BD20A30020DFF81CC0A5
:10CE100000B58E46BCE80F00CEF800000120CEF829
:10CE20000410CEF80820CEF80C3000BD30A300204E
:10CE3000024B01201B680B60704700BF40A300201D
:10CE4000704700BF00B583B00C21019003F0BCFC1B
:10CE5000019803B000BD00BF044B1B7823B1044B05
:10CE600018780230C0B27047012070479DCA002078
:10CE7000A1CA0020194B1A783F2A11D902F0C0022A
:10CE8000402A01D000207047587ADA79197A0130A7
:10CE900002F03F0300EB034000EB012080027047EB
:10CEA0009979D87993F809C001F003019A7A800042
:10CEB000CCF3010CC2F3C01240EA8120597900B5CD
:10CEC00093F808E042EA4C0301F00F0240EA9E109A
:10CED00042FA83F30130073B984000BD30A30020A5
:10CEE000424A0520424B434910B5D2F8004182B076
:10CEF00044F08004C2F80041D2F8004124F03F041D
:10CF0000C2F80041D2F8004144F01804C2F80041D0
:10CF1000D2F8004124F08004C2F80041D3F8802008
:10CF2000354C42F00C02C3F880205A6A22F4605259
:10CF30005A62DA6942F48032DA615A6A42F4006273
:10CF40005A62C1F8CC01C1F8D001C1F8BC01C1F8E6
:10CF5000C001C1F8C401C1F8C801A26C274B42F05E
:10CF60000042A264E26A1343E362E36A13F080734F
:10CF7000FBD14FF4C8700193FFF7C2FE019B1D4A1D
:10CF800047F2B80141F2B800C2F8CC31C2F8D03152
:10CF9000C2F8BC31C2F8C031C2F8C431C2F8C831DD
:10CFA000C2F8BC13164BC2F8C013C2F8AC13C2F8D7
:10CFB000B003C2F8B4131348C2F8B813124A60633E
:10CFC000C3F8F8214FF0E0234FF480420F4960206E
:10CFD00081F86E00C3F80C21E36A074A43F000634E
:10CFE000E362D36A1B01FCD402B010BD00800D4087
:10CFF00000C00F4000801F4000002C400080000156
:10D00000009400200B007F1185E0010000E400E0A7
:10D010002DE9F843DFF8848098F8003013B9012037
:10D02000BDE8F88303F082F8154D0746154C164EFF
:10D0300004E003F07BF8C01BB04219D82B6B13EA55
:10D040000409F6D00022114B88F800202A6B1A60E0
:10D0500019680F4A29631B681342E0D00D491F2449
:10D060000D4B40F27A2200200C701A60BDE8F88364
:10D070002A6B064B88F800901A601B682B63EDE75B
:10D0800000002C4002007F1140420F007CA30020D2
:10D0900000007F119C930020CCA20020A2CA002097
:10D0A0002DE9F0418846FFF7B3FF00283FD0224B1F
:10D0B00004465A6AD1052AD51F4D204EAB6A43F467
:10D0C0008033AB6203F032F8074604E003F02EF839
:10D0D000C01BB04224D86B6A5A05F7D508F13C0C46
:10D0E00008F50F7014494B6A5B05FCD5ACF14003A1
:10D0F00053F8042F63450A62FAD103F1400C8445CA
:10D10000F1D10F4B012220461A70BDE8F0819A6AD6
:10D1100022F480329A629A6A42F400329A62CBE731
:10D1200008492120084B4FF47E7208701A600024D1
:10D130002046BDE8F08100BF00002C4040420F00B7
:10D14000A2CA00209C930020CCA200202DE9F0412F
:10D15000074688461F4C02F0E9FF1F4D064604E0D3
:10D1600002F0E4FF801BA84228D8636AD907F7D4ED
:10D17000BB02C4F8088024D427F0FF07154C174DD4
:10D18000E76002F0D3FF144E074604E002F0CEFF42
:10D19000C01BB04212D8236B2B42F7D0226B104B2E
:10D1A0001A601A6822631A68D20707D51B6813F43D
:10D1B000702F0CBF01200020BDE8F0810020BDE8E9
:10D1C000F081A26CFBB222F0FF02A264A26C1343B6
:10D1D000A364D1E700002C4040420F0001000F0083
:10D1E0007CA30020134B10B50C4684B01968FFF7E0
:10D1F000ADFFE0B1104BA4461A6900925969019144
:10D2000099690291D96901230CF80E2F039123F03B
:10D21000030203F0030101336A44C9000F2B1268B3
:10D2200022FA01F20CF8012DF1D10023E37304B0CE
:10D2300010BD00BF44A3002000002C40037ADB0790
:10D2400003D5174B1B68A3B11847164B1B783BB986
:10D25000154B5B6A83F08073C3F300631846704715
:10D26000114A124B126B1340B3FA83F35B09184651
:10D2700070470F4B1B78002BF0D00E4A0E481168F8
:10D2800000B583B00193FFF761FF019B28B1064B06
:10D290001B6983F48073C3F30023184603B000BDF9
:10D2A00078A30020A2CA002000002C4002007F11B9
:10D2B0009CCA002044A3002000001A0D08B5044BAE
:10D2C00004481968FFF742FF08B1034B186908BD0D
:10D2D00044A3002000001A0D00002C4008B5074BA5
:10D2E00007481968FFF732FF30B1064B186980F420
:10D2F0008070C0F3002008BD012008BD44A30020B9
:10D3000000001A0D00002C402DE9F843244B8946FB
:10D31000244D254C2B6002F009FFDFF8A88007465A
:10D32000224E06E002F002FFC01BB04223D804F0F8
:10D3300055FC21681E48FFF709FF0028F2D0D8F8F5
:10D340001030DB05EED500234FF400722B60D8F8C7
:10D35000283023F48033C8F82830164BC8F804204E
:10D360001B78A3B149461448FFF7F0FE68B90E22B6
:10D3700040F2574304E000210A2240F24B43296067
:10D380000E4C00200E4922700B60BDE8F8834FEA76
:10D39000492909484946FFF7D9FE0028F5D1E6E7B3
:10D3A000B1E6010078A3002044A3002040420F0012
:10D3B00000001A0DA1CA002020003A199C930020F9
:10D3C000CCA2002000002C40F8B5214C00212148BF
:10D3D000A36A23F48033A362FFF7B8FE48B9092299
:10D3E00040F23D231C4800251C4902700B60284672
:10D3F000F8BD1B4B05461B4A136002F097FE636A9B
:10D400000646D80112D4184F04E004F0E7FB636A23
:10D41000D9010BD402F08AFE831BBB42F5D900214F
:10D4200010480A224FF410730160DBE70022084B1A
:10D430000C490A605A6A9207D9D5586B9A6AD96A18
:10D4400022F4803241F08061D96258639A62CEE75B
:10D4500000002C400000DB0C9C930020CCA200209C
:10D46000B5E0010078A3002040420F0012F0030F46
:10D4700000D143B93C4925203C4B40F2F5120870DD
:10D4800000201A6070472DE9F04114461F46384AC3
:10D490000E46384B8046136002F048FE054607E012
:10D4A00002F044FE344B401B984229D804F096FB0E
:10D4B000324B33481968FFF749FE0028F0D0314B52
:10D4C0001B69DA05ECD5002229492F4B0A6001219E
:10D4D0002E4803EA0743017043F400732C490A60A5
:10D4E000284A146053602B4B93632B4B1B7893B1EA
:10D4F00031464046FFF72AFE78B90020BDE8F081AA
:10D50000194A0A210020194B194C11704FF4FC7272
:10D5100020601A60F1E77602EAE7204B144A1360B4
:10D5200002F004FE194B05461B787BB1124C04E057
:10D5300004F054FB154B1B7843B102F0F7FD401B80
:10D54000A042F5D900230A4A1360D6E710491A46CB
:10D5500007480B6802609B07CFD50A68104B1A4238
:10D560000CBF01200020C9E79C930020CCA2002022
:10D5700078A30020B1E6010040420F0044A3002040
:10D5800000001A0D00002C400000FF1FA6CA00205A
:10D590007CA3002002007F11A1CA0020C9E0010085
:10D5A00000007F11F8B50646007A0C461546C00704
:10D5B0001F4613D483B10F4401E0BC420CD0336842
:10D5C0002A46214630461B69013405F50075984707
:10D5D0000028F2D10020F8BD0120F8BD900712D03C
:10D5E000002BF9D00F4401E0A742F5D033682A465A
:10D5F000214630461B69013405F50075984700281F
:10D60000F2D10020E7E70648FFF730FF0028E3D11A
:10D6100004490C20044B40F2A13208701A60D9E78B
:10D6200037003A129C930020CCA20020F8B50646A1
:10D63000007A0C461546C0071F4613D483B10F4429
:10D6400001E0BC420CD033682A46214630465B6A72
:10D65000013405F5007598470028F2D10020F8BD87
:10D660000120F8BD900712D0002BF9D00F4401E043
:10D67000A742F5D033682A46214630465B6A01341A
:10D6800005F5007598470028F2D10020E7E7064825
:10D69000FFF7ECFE0028E3D104490E20044B40F2D2
:10D6A0003D4208701A60D9E727003A199C93002080
:10D6B000CCA200202DE9F843814688462E4C02F08A
:10D6C00035FD2E4F06462E4D04E002F02FFD801B47
:10D6D000A84225D821682B48FFF738FD0028F4D050
:10D6E0003B69DA05F1D50123274E284A49463370B4
:10D6F000002327481360274BC7F800807B60264B28
:10D70000BB63FFF723FD074670B9042240F29F1365
:10D7100022480027224902700B603846BDE8F88392
:10D720000A224FF4CC73F3E71E4B1F4A136002F03A
:10D73000FDFC337804468BB1114D03E004F04EFA42
:10D7400033785BB102F0F2FC031BAB42F6D9002345
:10D75000154A136025224FF4D173D9E71A460B4BB3
:10D7600011491B680A609B07F4D5084B1A680F4BD8
:10D770001A42EFD1D1E700BF44A3002000002C40A3
:10D7800040420F0000001A0DA6CA00207CA3002012
:10D7900011003A064000010002007F119C93002016
:10D7A000CCA20020C9E0010078A3002000007F1176
:10D7B0002B4B987A10B5440682B012D4DB7AC0F3B2
:10D7C000050002F1010CC3F3C0134CEA010C43EA5B
:10D7D00040035BB213EA0C0F03D0272240F202335E
:10D7E0000CE0204B1B780BB9490252021E480192F3
:10D7F000FFF7ACFC58B90F2240F20A33DFF888C0BB
:10D8000000201A498CF800200B6002B010BD01996D
:10D810001748FFF79BFC18B9102240F20D33EDE7D3
:10D8200000211448FFF792FC18B911224FF44473F9
:10D83000E4E702F07BFC04460F4B10481968FFF741
:10D8400085FC18B10E4B1B69DB05DED402F06EFCC3
:10D850000C4B001B9842EFD9282240F21333CDE73E
:10D8600030A30020A1CA002000001A20CCA2002072
:10D8700000001A2100001B2644A3002000001A0DFE
:10D8800000002C4040420F009C9300202DE9F04303
:10D890004FF00008884D894E93B0894C894F017232
:10D8A00080F8098085F8008086F8008084F8008080
:10D8B00087F80080FFF714FB41464046FFF746FC1F
:10D8C000E8B14FF003084FF4D5717F48FFF73EFCF5
:10D8D00000284CD1B8F10108F5D13B78002B3AD0A3
:10D8E000DFF82C9202F022FC784F80460021784825
:10D8F000FFF72CFC70B917224FF42A7302E00122C3
:10D9000040F28E237349002432700B60204613B01E
:10D91000BDE8F08349467048FFF718FC0028EAD0BC
:10D9200002F004FCA0EB08006C4BB842E3D81A6983
:10D93000002ADBDA19696A4A11601B695A0001D5AD
:10D940000123237000216748FFF700FCD8B90222A9
:10D9500040F2B123D6E7FFF7C3FA41464046FFF74E
:10D96000F5FB3B78002BBBD14FF44019BAE75B4B7A
:10D970001B69B3F5D57F03D006224FF42573C1E7A9
:10D9800001233B70ACE700215748FFF7DFFB18B9D4
:10D9900003224FF42D73B5E7504F544C3B69544963
:10D9A0006FF30F0353482360FFF71CFC18B90722DD
:10D9B00040F2B923A6E750495048FFF713FC18B9C5
:10D9C00008224FF42F739DE721684D48FFF7BEFBF7
:10D9D00018B9052240F2BF2394E721683C48FFF7BD
:10D9E000B5FB18B9142240F2C3238BE70221454846
:10D9F000FFF7ACFB04460028F4D0BB6A02A96FF025
:10DA00007F4023F00603BB62BB6A43F00203BB62A4
:10DA10004FF010137B64FFF74DFE9DF815309B0708
:10DA200047D5002845D02B4F02A937483A6896F8C9
:10DA300000800192FFF73EFE9DF81830019A03F036
:10DA40000F03012B32D188B34CF250302F4E0523F7
:10DA5000C6F8CC31C6F8D031C6F8BC31C6F8C031F2
:10DA6000C6F8C431C6F8C831FFF74AF9002347F2B7
:10DA7000B802C6F8CC31C6F8D031C6F8BC31C6F809
:10DA8000C031C6F8C431C6F8C83141F2B803C6F88F
:10DA9000BC23C6F8C023C6F8AC23C6F8B0330123B4
:10DAA000C6F8B423C6F8B8232B702FE786F8008099
:10DAB0003A6046F2A810C9E79CCA00209C93002057
:10DAC000A1CA00209DCA002000001A0840420F0091
:10DAD00000001A37CCA200200000022900002C40D0
:10DAE00040A300200000090200001A0344A3002004
:10DAF00030A300200000090920A300200000090A2B
:10DB000000001B0700001A06F1FFFF8000801F4085
:10DB100000003040F8B5324B0F465A6A92050DD4DA
:10DB20009A6A22F480329A6272B69A6A42F4003299
:10DB30009A629A6A42F480329A6262B602F0F6FA07
:10DB4000274C0646274D04E002F0F0FA801BA8425D
:10DB500033D8636A1B05F7D507F13C0007F50F744E
:10DB60001F494B6A1D05FCD5A0F140030A6A43F822
:10DB7000042F8342FAD103F14000A042F1D102F018
:10DB8000D5FA174C0746184D164E04E002F0CEFAAF
:10DB9000C01BB0421AD8236B2B42F7D0226B134B19
:10DBA0001A601A6822631A6892070DD51A68104B1A
:10DBB0001A420CBF01200020F8BD0E491A200E4B5E
:10DBC00040F2563208701A600020F8BD1D20094945
:10DBD000094B40F26132087000201A60F5E700BF7F
:10DBE00000002C4040420F0002007F117CA3002067
:10DBF00000007F119C930020CCA200202DE9F84367
:10DC0000244B8946244D254C2B6002F08FFADFF817
:10DC1000A8800746224E06E002F088FAC01BB042F8
:10DC200023D803F0DBFF21681E48FFF78FFA002896
:10DC3000F2D0D8F81030DB05EED500234FF4007297
:10DC40002B60D8F8283043F48033C8F82830164BBE
:10DC5000C8F804201B78A3B149461448FFF776FAA8
:10DC600068B90C2240F2BD3304E000210A2240F2E0
:10DC7000B13329600E4C00200E4922700B60BDE8C4
:10DC8000F8834FEA492909484946FFF75FFA002817
:10DC9000F5D1E6E7B1E6010078A3002044A3002017
:10DCA00040420F0000001A0DA1CA002030003A12B5
:10DCB0009C930020CCA2002000002C4070B50023D3
:10DCC0001C4D0E4643721946AB6A1B4823F4803341
:10DCD000AB62FFF73BFA18B104465EB9204670BD4F
:10DCE000092240F2D333154800241549027020461A
:10DCF0000B6070BD134B144A136002F017FA6B6A85
:10DD00000646DA0112D404E003F068FF6B6ADB0117
:10DD10000CD402F00BFA0D4A831B9342F4D9002174
:10DD200009480A2240F2D7330160DCE70023064AA3
:10DD30001360D3E700002C400000DB0C9C93002014
:10DD4000CCA20020B5E0010078A3002040420F00E3
:10DD500010B50446FFF75CF908B1637A03B910BD4A
:10DD600020460121BDE81040FFF7A8BF30B50346AB
:10DD7000007AADF5037D1446C00720D593070FD177
:10DD800001233048FFF772FBB8B92F490B202F4B06
:10DD90004FF45D7208701A6000200DF5037D30BDF0
:10DDA000012302AA2748FFF761FB0028EDD04FF4BA
:10DDB000007202A9204602F06DFC0120EDE70193FC
:10DDC0000D46FFF725F9019B0028E5D05A7A012A74
:10DDD00023D01A681E49126A8A4222D10193FFF7A2
:10DDE00017F90028D8D0019B5A7A0ABB1846294651
:10DDF0000193FFF703FF019B0028CDD001225D6056
:10DE00005A72214618460193FFF784FE0028C3D0BA
:10DE1000019B5A6801325A60CFE75A68AA42D8D1AA
:10DE2000EFE7184601939047019B0028B4D0DDE747
:10DE3000184601210193FFF741FF019B0028ABD059
:10DE4000D4E700BF11003A119C930020CCA200201F
:10DE500025F1010030B50D46017A1446ADF5037D7C
:10DE6000CA071BD5A30706D0214602AC4FF40072A7
:10DE700002A802F00FFC0123224629463248FFF790
:10DE8000F5FA002841D131490D20314B40F21142C1
:10DE900008701A6000200DF5037D30BD0190FFF77A
:10DEA000B7F8019B0028F5D05A7A022A2FD01A68B9
:10DEB0002849126A8A422ED10193FFF7A9F8002857
:10DEC000E8D0019B5A7A002A2CD11A682249126E96
:10DED0008A4230D1184629460193FFF715FA019B73
:10DEE0000028D7D002225D605A721A6818461B4972
:10DEF000D26D01938A42214623D1FFF7D1F8019BCD
:10DF00000028C7D05A6801325A600120C3E75A6816
:10DF1000AA42CCD1E9E7184601939047019B00281B
:10DF2000D3D1B7E7184601210193FFF7C7FE019B44
:10DF30000028CAD1AEE71846019329469047019BB5
:10DF4000CEE79047019BDBE701003A189C93002045
:10DF5000CCA2002025F10100DDE6010075E40100FE
:10DF600002F00EB910B483B00B46CDE90012C27CAA
:10DF7000002A30D072B6C27CD40708D54FF0E02C0E
:10DF80004469DCF8801121408162CCF8801191074E
:10DF900008D54FF0E02C8469DCF884112140C1627F
:10DFA000CCF88411540708D54FF0E02CC469DCF894
:10DFB000881121400163CCF88811110708D54FF072
:10DFC000E02C046ADCF88C1121404163CCF88C1100
:10DFD000D2063AD462B68268934240D0234A836024
:10DFE00092692349C2F3011CC2F3826251F82CC02A
:10DFF0000132BCFBF2F103B38B4232D8B1FBF3F236
:10E00000B1FBF2F18B422ED3B2F5817F1BD2022AF3
:10E0100027D9023A530803EB032342EA0323C360E0
:10E020000268032100201061516201211364019BE9
:10E030001366116103B010BC70479445EFD34A1CBE
:10E04000B2F5817FE3D30B4BE9E74FF0E021446A5F
:10E05000D1F8902122408263C1F89021BAE7C368C9
:10E06000DEE70023DBE71146E9E700BF00C00F4011
:10E070000C810020FF7F7F0008B5034653F8040B96
:10E0800093E80600FFF76EFF08BD00BF0268D37C6F
:10E0900013B3D80704D5906A4FF0E021C1F800010E
:10E0A000990704D5D06A4FF0E021C1F80401580760
:10E0B00004D5106B4FF0E021C1F80801190704D511
:10E0C000506B4FF0E021C1F80C01DB0604D5926BD8
:10E0D0004FF0E023C3F81021704700BF0068FBF742
:10E0E00015BA00BF0268FF2312685366D36D13F49C
:10E0F000F81FFBD0506FC0B2704700BF4FF0FF0C4D
:10E10000006808B5134680F83CC00A460021FBF7BA
:10E11000F9F9002008BD00BF03681A685166D36D85
:10E1200013F4F81FFBD0536F704700BF134600680D
:10E130000022FBF7E7B900BF0378DB0701D4012019
:10E1400070470346406810B503F1100282B00168C1
:10E1500001924C6A0093D968A047DDE9003298B17A
:10E16000197888070CD5DC680093D3E90101D0F851
:10E1700000C02144DCF82430984728B1009B19786E
:10E1800021F001010120197002B010BD10B54468E2
:10E1900084B07CB31446C26803468A420AD1024660
:10E1A00012F810CB04F0030410464CEA04021A7073
:10E1B00004B010BDCDE90101FFF7BEFFD0B114F0EE
:10E1C000040FDDE9013105D003F110024FF0000C1E
:10E1D000D960E7E7586803F11002D0F800C0019257
:10E1E000CDE90213DCF810309847039BDDE90121EB
:10E1F0000028EBD1002004B010BD00BF0346808989
:10E2000010B100229A817047D3E901C18C4500D337
:10E21000704700B585B0604603AA019300F016F878
:10E22000019B80B1039A5860B2F5803F90B208D349
:10E23000920AC0F30900A2F52152A0F5105190B244
:10E24000998105B000BD4FF6FF70FAE7884238D2D9
:10E25000034690F90000002893F800C02DDA0CF076
:10E26000E000C02831D00CF0F000E02831D00CF0F4
:10E27000F800F02825D10CF0070C0420184488423F
:10E280001FD8013300B51978013301F0C00E01F039
:10E290003F01BEF1800F41EA8C1C14D18342F2D1C0
:10E2A000ACF180010D4B99420DD8ACF55843B3F554
:10E2B000006F08D3C2F800C000BD581CC2F800C0EF
:10E2C000704700207047002000BD0CF01F0C02209A
:10E2D000D4E70CF00F0C0320D0E700BF7FFF100045
:10E2E0007E2843D90023DFF8ACC000B54FF0350ECF
:10E2F00004E03CF82120824223D80B46AEEB030217
:10E30000012A03EB5201F4D89BB23CF8232090423F
:10E3100019D24FF04B0C0023DFF87CE005E03EF80B
:10E32000212082428CBF8C460B46ACEB0302012AB3
:10E3300003EB5201F3D89BB23EF8232082421FD058
:10E3400000BD8E46DAE70CEB830C821A9CF8033092
:10E350009A42DEDA9CF90230012B16D04EF2A0323E
:10E36000002B08BF1346034498B200BDA0F161031F
:10E37000192B8CBF00230123A0EB431398B27047E5
:10E380000EEB830EBEF8020000BD02F00102821AFD
:10E3900090B200BD282300206C210020554B4FF087
:10E3A000000C2DE9F043A3FB001540F26D19DFF8D6
:10E3B0005C816D09A3FB05134F49C5EB05165B098D
:10E3C000A0EB8607A1FB03414C4C09090E1DA4FBE1
:10E3D0000640002467F30704371A00EB5700484F44
:10E3E0008008C0EBC000361AC3EB0310A5EB800514
:10E3F000013601EB410065F30F24A3EBC003604637
:10E4000063F3174466F31F643E4E146001E00CF1A1
:10E41000010C5FFA8CF340F26D1E03F2B27313F03D
:10E42000030506FB03F408D1B7EBB40F4FF4B77E36
:10E4300003D3B8EB341F38BFCE4670448142E6D2D6
:10E4400082F806C04DB92F4C2D4E03FB04F4B6EBF9
:10E45000B40F43D24FF4B77401E040F26D14091ABF
:10E46000294E002021440BE096F800E001308E4553
:10E47000C0B213D80C28A1EB0E0106F1010625D07D
:10E480000128F1D17DB11B2931D91C39022096F820
:10E4900001E0013601308E45C0B2EBD90131507137
:10E4A0001171BDE8F0831748154C03FB00F0B4EB85
:10E4B000B00F11D3154CB4EB301F2CBF1D201C2006
:10E4C000884214D8091A01360220CDE70D20013107
:10E4D00050711171BDE8F0831D20F1E70B4EB6EBD2
:10E4E000341F40F26D1428BF4FF4B774B7E7022011
:10E4F000D4E700BF89888888ABAAAAAA25499224B4
:10E50000285C8F02295C8FC2FC2300200AD7A3005D
:10E510002DE9F0418679002E60D0314A06F2B27EB4
:10E5200040F2B273DFF8D0C006FB02F22D4C2E4D44
:10E530002E4F13F0030F0CFB03F103F1010306D17F
:10E54000B4EBB10F02D3B7EB311F00D32A449E4581
:10E55000EFD190F805E0BEF1010F2BD906F2B277AA
:10E56000234D2449A5FB0735642307F003081E4CFF
:10E570006D0903FB1575012306E0013311F801CB8A
:10E58000734504FB0C2215D0022BF6D1B8F1000F15
:10E59000F3D1194E35B907FB06F6DFF850C0BCEBD6
:10E5A000361FEAD3032302F5181201319E4502F506
:10E5B0006E52E2D143784FF461648178C3EB031368
:10E5C00005789B0004FB01330179074C58194B1E59
:10E5D000002104FB03001044BDE8F0813246B8E797
:10E5E0008033E101285C8F02805101000AD7A3002B
:10E5F0001F85EB51FC230020295C8FC270B51C4C99
:10E600001C4E236832681C4D9B1A2868B3F57A7F2C
:10E610000BD3411C236802F57A72084601319B1A1C
:10E62000B3F57A7FF6D228603260144B1A688242C2
:10E6300010D8134A12686AB19047124A01430F4B2F
:10E64000126809D00244216828601A6002220E4B29
:10E6500031601A70002170BD0B4C2868217802448B
:10E6600000391A6018BF01212170002170BD00BF60
:10E6700048CA0020C0A2002058A30020E8A2002021
:10E6800074C70020F88E0020A3CA002070B5FFF7E1
:10E69000B5FF094BD3E90062914208BFB04207D0F1
:10E6A000064A05460C46FFF779FE034BC3E90054C2
:10E6B000024B987870BD00BF0099002008A300208D
:10E6C00070B5FFF79BFF0C4BD3E90062914208BF86
:10E6D000B04207D0094A05460C46FFF75FFE064BDD
:10E6E000C3E90054054B987818B10C2800D90C38B0
:10E6F00070BD0C2070BD00BF0099002008A3002051
:10E7000070B5FFF77BFF0B4BD3E90062914208BF66
:10E71000B04207D0084A05460C46FFF73FFE054BBE
:10E72000C3E90054044B98780B288CBF00200120CB
:10E7300070BD00BF0099002008A3002070B5FFF74E
:10E740005DFF094BD3E90062914208BFB04207D098
:10E75000064A05460C46FFF721FE034BC3E9005469
:10E76000024B587870BD00BF0099002008A300201C
:10E7700070B5FFF743FF094BD3E90062914208BF30
:10E78000B04207D0064A05460C46FFF707FE034B8A
:10E79000C3E90054024B187870BD00BF00990020F7
:10E7A00008A3002070B5FFF729FF094BD3E90062E9
:10E7B000914208BFB04207D0064A05460C46FFF713
:10E7C000EDFD034BC3E90054024B187970BD00BF47
:10E7D0000099002008A3002070B5FFF70FFF094B38
:10E7E000D3E90062914208BFB04207D0064A05460D
:10E7F0000C46FFF7D3FD034BC3E90054024B587995
:10E8000070BD00BF0099002008A3002070B5FFF77D
:10E81000F5FE0A4BD3E90062914208BFB04207D02F
:10E82000074A05460C46FFF7B9FD044BC3E90054FF
:10E83000034B987900F2B27070BD00BF00990020C0
:10E8400008A30020084B09491B68094A03441268C1
:10E8500010B4084C0860022023600749074B087079
:10E860001A6010BC704700BFF88E002058A300202B
:10E8700048CA0020E8A20020A3CA0020C0A20020AD
:10E8800038B504460598049D6328CCBFA0F2B27C3D
:10E8900000F11E0C0C4803718470027080F806C0F1
:10E8A00045714170FFF734FE084B09491B68094A5E
:10E8B0000344094C08600220126808492360084B91
:10E8C00008701A6038BD00BF08A30020F88E002031
:10E8D00058A3002048CA0020E8A20020A3CA0020B4
:10E8E000C0A20020034A0449044B126808601A6061
:10E8F000FFF784BE58A3002074C70020E8A20020C0
:10E9000000231B60FFDE00BF704700BF704700BFE1
:10E91000704700BF10B5044650F8083BDB689847C5
:10E92000204610BD0A4A0346116878B10948814261
:10E930000CD002F1080010B584B00C68039303A951
:10E940000193A047019B184604B010BD18467047BC
:10E95000F09C002018240020044B0548054A064975
:10E9600010B410BC036003F0DBBB00BF1824002010
:10E97000F09C00206C8F0020E9FC01000020704713
:10E9800010B5044650F8083BDB689847204610BD98
:10E9900000231B60FFDE00BF704700BF704700BF51
:10E9A000704700BF08B56920FFF7BCFF9FED010A63
:10E9B00008BD00BF0000C07F6920FFF7B3BF00BFE4
:10E9C0006920FFF7AFBF00BF6920FFF7ABBF00BFF3
:10E9D00008B5104B1A68D10704D50F4B1A68D20737
:10E9E0000BD508BD01200D490D4A18600D4B19606B
:10E9F00018460D4903F094FBEFE701200749084A48
:10EA000018600A4B196018460749BDE8084003F032
:10EA100087BB00BF50A2002054A200200824002081
:10EA20006C8F00200899002055FD010030990020CE
:10EA30000146044B03220020C96803EB01139A60CE
:10EA4000704700BF00410840C1680022024B1046D9
:10EA500003EB01139A607047004108400369044AC0
:10EA6000DB6810B5044640F8182B9847204610BDC7
:10EA7000AC250020064BDFED076AD3ED007A9FED51
:10EA8000067AF8EE677A86EEA70A80EE070A7047E4
:10EA90003C8F00200000804F0024744970B5074C63
:10EAA000074EA4F1E00554F8083C204644F8186CE1
:10EAB000383CDB689847AC42F5D170BD189A00200D
:10EAC000AC250020064A036910B50446DB6840F80F
:10EAD000182B98472046382101F076FE204610BDBD
:10EAE000AC2500206920FFF71DBF00BF6920FFF79C
:10EAF00019BF00BF144B9FED157AD3ED007AF8EEE5
:10EB0000677A27EE800AB4EEC70AF1EE10FA0ADC43
:10EB1000FCEEC07AC2680E490020120117EE903A4E
:10EB2000013B5350704700B583B001906FF0630014
:10EB3000FFF7F8FE019B064A6FF00101DB68002039
:10EB40001B01995003B000BD3C8F00200000804F96
:10EB500000410840214B01469FED217AD3ED007A18
:10EB6000C2680020F8EE677A10B527EE800A1D4CC7
:10EB700082B004EB0213B4EEC70A98600120F1EEF4
:10EB800010FAD86015DCFCEEC07A4FEA021C164879
:10EB900017EE903A013B4CF804300B689B698342B6
:10EBA00017D1104B0321002003EB0213996002B030
:10EBB00010BD6FF063000191FFF7B4FE01996FF093
:10EBC0000100CA68130118510B6807489B6983420A
:10EBD000E7D008469847002002B010BD3C8F0020C7
:10EBE0000000804F0041084005FE01000168024618
:10EBF000DFF8CCC0CB69634510B582B04CD1D46886
:10EC000000202A4B03EB041398600B6B28488342C7
:10EC10003CD1284B9FED287AD3ED007AF8EE677A45
:10EC200027EE800AB4EEC70AF1EE10FA17DCFCEE0C
:10EC3000C07AD068DFF874C0000117EE903A013B4B
:10EC400040F80C308B691D498B421AD1D1680020E5
:10EC5000164B032203EB01139A6002B010BD6FF054
:10EC600063000092FFF75EFE009A10486FF0010CFF
:10EC7000D36811681B0143F800C08B690F498B42B0
:10EC8000E4D010469847002002B010BD1046009214
:10EC90009847009A1168D5E78DED010A00909847D2
:10ECA000009A9DED010A1168AFE700BF00410840DE
:10ECB000C9FE01003C8F00200000804F05FE0100CE
:10ECC0001DFE010010B551F8083B04462DED028BE6
:10ECD0008CB002725A68B0EE408A04A80293904742
:10ECE000236904F11800DB6801909847264A04A9BB
:10ECF000DDE9010302929A6823619047029B04A810
:10ED0000DB689847237A13B3E36800201F49226821
:10ED100001EB0311126B886018010123CB601C4BBF
:10ED20009A4219D11B4BDFED1C7A93ED000AB8EE25
:10ED3000400A20EE080AB4EEE70AF1EE10FA14DCFD
:10ED4000FCEEC07A114A17EE903A013B8350002046
:10ED50000CB0BDEC028B10BDB0EE480A20469047C7
:10ED600000200CB0BDEC028B10BD6FF06300FFF70C
:10ED7000D9FDE3686FF0010204491B0100205A50DD
:10ED80000CB0BDEC028B10BD0824002000410840EF
:10ED9000C9FE01003C8F00200000804FDFF8B4C0A6
:10EDA0000020284BDCF81CC02749284A1CF0400FE3
:10EDB00000B519605860C3E9030201D12448006816
:10EDC00024484FF0000C9963C069C3F83CC04FF071
:10EDD000010C40069A64C3F844C001D41C48006882
:10EDE0001C484FF0000C1967C069C3F874C04FF09D
:10EDF000020C4006C3F88020C3F87CC001D414483C
:10EE00000068DFF850E04FF0000CC3F8A8100320B2
:10EE1000DEF81C10C3F8ACC0C3E92D024B060FD4BA
:10EE20000B4B0D4A1B68B3FBF2F3DFF838C0002030
:10EE30000A4A0B495DF804EBCCF8003003F070B9D6
:10EE40001823F2E758990020AC2500200824002060
:10EE5000388E002000C00F4040420F006C8F002011
:10EE600071FE01003C8F002069207047B7EE000A58
:10EE7000704700BF044A936823F0080393609368C7
:10EE80001B07FCD4704700BF00400D40044B9A683C
:10EE900022F008029A60986810F00800FBD17047D1
:10EEA00000400D40084A936823F0080300B583B082
:10EEB000936093681B07FCD40C21019001F084FC43
:10EEC000019803B000BD00BF00400D406920FFF76E
:10EED00029BD00BF90ED026ABFEE007B0F4AB7EE7E
:10EEE000C66A9FED0C5BA6EE057BFCEEC77B17EEBA
:10EEF000903AB3FA83F3C3F120031B01DBB29360B2
:10EF0000936843F00803936093681B07FCD50020C7
:10EF1000704700BF8DEDB5A0F7C6A03F00400D4083
:10EF2000002A47D00368284ADB69934210B504469B
:10EF30008EB041D1254A936823F00803936093680B
:10EF40001B07FCD451F8083B06A88DED030A5A684C
:10EF50000493904762681046029250F8083BDB68C1
:10EF600001909847049B029A19490198049106A9B7
:10EF700013609B689847049B06A8DB689847DFED01
:10EF8000157A9DED030AB4EEE70AF1EE10FA04D506
:10EF90000020C4ED027A0EB010BDDFED0F7A002024
:10EFA000B4EEE70AF1EE10FA77FE807AC4ED027A49
:10EFB0000EB010BD692070478DED020A019198478F
:10EFC0009DED020A0199BDE76102020000400D407B
:10EFD000082400200024F44100247449D0F800C023
:10EFE00001462C4ADCF81C30934200B583B03BD17B
:10EFF000294A936823F00803936093681807FCD4A8
:10F000009FED266AB4EEC60AF1EE10FA07D49FED22
:10F01000246AB4EEC60AF1EE10FA36FE006ADCF895
:10F020001830204A81ED026A934227D1B7EEC66AB2
:10F03000194ABFEE007B9FED155BA6EE057BFCEE4B
:10F04000C77B17EE903AB3FA83F3C3F120031B0199
:10F05000DBB29360936843F00803936093681B07E7
:10F06000FCD5002003B000BD8DED010A009098474B
:10F0700000999DED010AD1F800C0C1E70846984704
:10F08000002003B000BD00BFAFF300808DEDB5A040
:10F09000F7C6A03F6102020000400D40E0FDF341D1
:10F0A00000247449A902020010B5094C094B0A4911
:10F0B00020460A4A236003F033F8094B0948074AFF
:10F0C0000949C0E90034BDE8104003F029B800BF89
:10F0D000489A00200824002055FD01006C8F002074
:10F0E000F4250020389A00204902020010B5074B91
:10F0F00082B003600190EFF3108472B600F06CFBF5
:10F10000019804B962B602B010BD00BF64240020AB
:10F11000024A0349034803F003B800BF6C8F002084
:10F12000C1040200408F002038B5064CA4F1A005B0
:10F1300054F8083C2046283CDB689847AC42F7D19D
:10F1400038BD00BFF09A002038B5064CA4F1A005E8
:10F1500054F8083C2046283CDB689847AC42F7D17D
:10F1600038BD00BF909B002038B5064CA4F1A00527
:10F1700054F8083C2046283CDB689847AC42F7D15D
:10F1800038BD00BF309C002038B5064CA4F1A00566
:10F1900054F8083C2046283CDB689847AC42F7D13D
:10F1A00038BD00BFD09C0020834A106810F00100D9
:10F1B00008B510D10121814BDFF8F8C21160804AF7
:10F1C0008049C3F800C0C3F828C0C3F850C0C3F8D2
:10F1D00078C002F0A5FF7C4B1A68D00704D4012048
:10F1E0007A4A7B49186011607A4A106810F0010071
:10F1F00010D10121784BDFF8BCC21160704A774909
:10F20000C3F800C0C3F828C0C3F850C0C3F878C022
:10F2100002F086FF724B1A68D10704D40120714AAC
:10F22000714918601160714A106810F0010010D126
:10F2300001216F4BDFF87CC21160614A6D49C3F850
:10F2400000C0C3F828C0C3F850C0C3F878C002F0AB
:10F2500067FF694B1A68D20704D40120674A6849DE
:10F2600018601160674A106810F0010010D1012188
:10F27000654BDFF840C21160514A6449C3F800C0D1
:10F28000C3F828C0C3F850C0C3F878C002F048FFE4
:10F290005F4B1A68D00704D401205E4A5E491860AB
:10F2A00011605E4B1A68D10770D55D4B1A68D207A2
:10F2B00077D55C4B1A68D00704D401205A4A5B49C1
:10F2C000186011605A4B1A68D10704D40120594ABA
:10F2D000594918601160594B1A68D20704D40120AB
:10F2E000574A584918601160574B1A68D00704D420
:10F2F0000120564A564918601160564B1A68D107CA
:10F3000004D40120544A554918601160544B1A68BE
:10F31000D20704D40120534A534918601160534B5B
:10F320001A68D00704D40120514A5249186011606C
:10F33000514B1A68D10704D40120504A5049186033
:10F340001160504B1A68D20704D401204E4A4F492D
:10F35000186011604E4B1A68D00704D401204D4A42
:10F360004D49186011604D4B1A68D10704D4012033
:10F370004B4A4C49186011604B4B1A68D20704D4B1
:10F3800001204A4A4A491860116008BD01204949D4
:10F390000B4A1860484B19601846484902F0C0FEF5
:10F3A00083E701204349064A1860454B1960184617
:10F3B000424902F0B5FE7CE768A20020709A002066
:10F3C0006C8F0020FD04020058A20020B4A300208E
:10F3D00000C01D407CA20020109B00201D050200E3
:10F3E0006CA20020C4A3002000001E4090A20020B8
:10F3F000B09B00203D05020080A20020D4A3002085
:10F4000000401E40A4A20020509C00205D05020088
:10F4100094A20020E4A3002000801E4050A20020FF
:10F4200054A200205CA20020B8A3002020C01D40F0
:10F4300060A20020BCA3002040C01D4064A20020A8
:10F44000C0A3002060C01D4070A20020C8A30020FF
:10F4500020001E4074A20020CCA3002040001E40CB
:10F4600078A20020D0A3002060001E4084A20020CB
:10F47000D8A3002020401E4088A20020DCA300204A
:10F4800040401E408CA20020E0A3002060401E40AF
:10F4900098A20020E8A3002020801E409CA200200B
:10F4A000ECA3002040801E40A0A20020F0A300207A
:10F4B00060801E40082400200899002055FD0100AE
:10F4C000309900200B46012110B5044682B0184641
:10F4D000A37000F077FE0121A07800F051FE072113
:10F4E000A2682379C4E907210BB102B010BD2078CE
:10F4F0000121019300F066FE6078012100F062FEB8
:10F500000199207800F03CFE0199607802B0BDE8D6
:10F51000104000F035BE00BF2DE9F04706460F460B
:10F520008078002100F02CFE33794FEA1729002B58
:10F530003FD0B069D6E90712FEF714FDB1690B6838
:10F54000C3F86490DA6D12F4F81FFBD0FFB25A6F63
:10F550005F66DA6D12F4F81FFBD0CA7C5B6F12B3E2
:10F56000D70704D5886A4FF0E023C3F80001950758
:10F5700004D5C86A4FF0E023C3F80401540704D54A
:10F58000086B4FF0E023C3F80801100704D5486B5F
:10F590004FF0E023C3F80C01D30604D58A6B4FF07B
:10F5A000E023C3F81021B0780121BDE8F04700F056
:10F5B000E7BD96F80180082596F800A0802409EAA6
:10F5C0000401504600F0DCFD01214046640800F0D3
:10F5D000D7FD0021404600F0D3FD013DEFD196F864
:10F5E0000180082596F80090802407EA0401484627
:10F5F00000F0C6FD01214046640800F0C1FD002175
:10F60000404600F0BDFD013DEFD1B0780121BDE8DD
:10F61000F04700F0B5BD00BF037B934231D9C389E9
:10F62000994210B50C4628BF1C46012A02F1080277
:10F6300020F812100CBF4FF410414FF48051427D5E
:10F6400090F814E041EA823140F6FF7289B241F449
:10F65000005CBEF1010F08BF614693420CD040F23E
:10F66000FF3293420CBF41EA840141EA041189B29E
:10F67000FFF752FF012010BD2143FFF74DFF01208E
:10F6800010BD0020704700BF0C4A012381616FF458
:10F690007F0182604FF480720371A0F81520084A40
:10F6A000037301600021C2610722037540F6FF73F6
:10F6B00041820262C0F80E30704700BF0024F4009F
:10F6C00000093D00024BD86CC0F38040704700BF7A
:10F6D00000400D40034A936B23F4402343EA8043E8
:10F6E0009363704700400D40034A936B23F440132B
:10F6F00043EA00539363704700400D40EFF31082DC
:10F7000072B6437F33B9017F012907D0032911D095
:10F71000012343770AB962B670477047DFF868C0C3
:10F72000DCF80010F9B1164943610B680860836189
:10F730005861EDE700B5DFF854E01249DEF800C08B
:10F74000BCF1000F16D043610B68836158614FF024
:10F75000E0234FF0805C0860C3F804CD01234377B9
:10F7600002B962B600BD064BCCF800001860C0E9D3
:10F770000511CDE7C0E905CCCEF80000E7E700BFF2
:10F78000B0A30020A8A30020A4A30020ACA30020C5
:10F7900070B5EFF3108272B60C4C206880B10C4E3D
:10F7A00000254369236073B19D6102B962B6836825
:10F7B00045779847EFF3108272B620680028F0D1A1
:10F7C00002B962B670BD3360EFE700BFACA30020A2
:10F7D000A8A30020FFF7DCBF037F012B0ED0032B73
:10F7E00000D07047437F33B1D0E90523C3B15A61DC
:10F7F00062B90E4A1360002303777047437F002BE2
:10F80000F9D0D0E905232BB15A6132B193610023BD
:10F810000377704706490A60F7E7064A1360EAE78C
:10F8200005490A60002AF1D1E3E700BFA8A3002040
:10F83000A4A30020B0A30020ACA300200449054AE3
:10F840004968054B1960136801331360704700BFA6
:10F85000001000E048CA002044CA0020704700BFE2
:10F86000704700BF704700BF704700BF70B51A4CAB
:10F870001A4D2368AB4202D0194AD16829BBA3694B
:10F88000AB4202D0164AD169C9B9236BAB4202D050
:10F89000134AD16A69B9A36CAB4209D0104AD16B43
:10F8A00031B101211B680F48D163BDE87040184792
:10F8B00070BD01211B680C48D1629847EBE701211C
:10F8C0001B680A48D1619847DFE701211B6804F1F2
:10F8D0000800D1609847D2E7C09600202824002075
:10F8E0000041084010970020F8960020E096002084
:10F8F00038B5064CA4F1600554F8083C2046183C85
:10F90000DB689847AC42F7D138BD00BF10970020A4
:10F91000036870B5164688B0002B50D000229A605C
:10F920000122DA60324C054604A81C1951F8083B44
:10F93000241102935B6898472E4904EB4403DB00D3
:10F9400003F10800CA5801930844D2680090904718
:10F95000DDF808C0019B2749009841F803C02649FB
:10F96000DCF80830029104A99847029B04A8DB68E0
:10F9700098472B68032021491E6098602B79204806
:10F980000B550B784A78DFF88CC09342C0F828C238
:10F9900028BF13468878CA78834228BF034693421B
:10F9A00028BF1346174C4FF0E0214FF08060012232
:10F9B00084F87A30C1F80C01104608B070BD124AC4
:10F9C000D36E43F44053D3660122104B1A60104AA1
:10F9D0001346026040329C68002CA3D0103393423F
:10F9E0000360F8D100231A460360104608B070BDCA
:10F9F00000BFF7BFC096002028240020388F0020C9
:10FA00000094002000E400E000C00F4000400840E7
:10FA100000410840410C02000268002A32D01A4B13
:10FA20001A49D3181B1103EB430210B5D20082B060
:10FA30000446019302F108008B5808440092DB68E9
:10FA40009847009A12481149019B8850002122686A
:10FA500001209160D060FF200E4AD0541378507876
:10FA600092F802C0834228BF0346D0780A4A634511
:10FA700028BF6346834228BF034682F87A3021605C
:10FA800002B010BD704700BF00BFF7BFC096002096
:10FA900028240020388F002000E400E0074B0020DD
:10FAA000DFF824C0064A0749C3F800C0C3F818C0ED
:10FAB000C3F830C0C3F848C002F032BBC096002083
:10FAC0006C8F0020C50C020028240020084601F09D
:10FAD000F5BF00BF012A70B508BF0A228AB00546EB
:10FAE0001E4659B34FF0210C01E05FFA84FC0CF183
:10FAF000FF34B1FBF2F302FB131EBEF1090F0EF14E
:10FB0000370098BF0EF130000DEB0C0E91421946F4
:10FB10008EF80400E9D23EB10CF1FF3C2D225FFAD1
:10FB20008CFC0DEB0C031A712B6801A9CCF122029D
:10FB300028465B68614498470AB070BD30234FF097
:10FB4000210C8DF82530E6E7002903DB00230A228B
:10FB5000FFF7C0BF49422D230A22FFF7BBBF00BFFA
:10FB600000B5036883B040F60D2C022201A95B6842
:10FB7000ADF804C0984703B000BD00BF044B022895
:10FB800088BF0346D3F800C01846DCF80430184795
:10FB9000E08E00200EB400B582B003AA52F8041B18
:10FBA000019203F063FA02B05DF804EB03B0704712
:10FBB00042B90368C9B2054A1B68934204D108469A
:10FBC00001F07CBFFFF786BF184700BFA10E0200FF
:10FBD0002A284AD8264B70B51B780646E3B9254B30
:10FBE0009B5DFF2B2AD0244A02EB061291680A681B
:10FBF00002F44050B0F5805F31D01C0620D41F4C79
:10FC00002360236AD80704D401F0E8FF236AD907E8
:10FC1000FAD51A4B586A70BD184C194D01E001F025
:10FC2000DDFFA36C1B06FAD4AB6C13F08003F6D196
:10FC30000F4A13700F4B9B5DFF2BD4D1002070BD7A
:10FC40000F4C03F07F032360236ADA0704D401F02A
:10FC5000C5FF236ADB07FAD5094B586A70BD22F449
:10FC600080521C060A60EBD4C9E70020704700BF31
:10FC7000ABCA00201C860020A082002000400C405F
:10FC800000800C40082829D00A2814BF4FF4467081
:10FC90004FF40570DFF850C01249DCF84430DCF84E
:10FCA00044206FF3090302F003021A43DCF84430E6
:10FCB00003F0E00313430343CCF84430D1F844C0CD
:10FCC0004A6C6FF3090C4B6C02F0030203F0E00383
:10FCD00042EA0C0213431843486470474FF44070E3
:10FCE000D8E700BF00800C4000400C401D4A1F2890
:10FCF0001D4B916C21F020019164D2F844C0996CA5
:10FD000021F020019964596C10D94CF4404041F421
:10FD10004041506459641349134A8B6C43F02003EB
:10FD20008B64936C43F02003936470470F282CF48A
:10FD3000404C21F4404106D94CF4004041F40041CC
:10FD400050645964E7E7072806D94CF4804041F431
:10FD5000804150645964DEE70328C2F844C0596406
:10FD6000D9D8704700400C4000800C40A94AAA4BEB
:10FD700090422DE9F047A94CD3F814E09969D4F8E2
:10FD80000CC000F2088103F1437303F5F45303330D
:10FD9000A3FB0023DB0D03EB830303EB830202F2DF
:10FDA000B63240F227639A4228BF1A469C4BA3FB07
:10FDB0000232D208203A984D0CF01F04D5F880305A
:10FDC000944243F0C003C5F880300BD22CF01F0CD6
:10FDD000924C4CEA020CC4F80CC02368002BFCDAED
:10FDE0000CF01F041EF0007327D18E4D2E698E4D2E
:10FDF000B54300F0FA8081F4805576464FF4805781
:10FE000016F0605F06D02EF0605E4EEA030E824B65
:10FE1000C3F814E015F4405F07D021F440517E4D43
:10FE20003943A961AB6C1B07FCD44EF0007E7A49C4
:10FE3000C1F814E08B6C9F06FCD47C49884200F228
:10FE4000DF80012635460EE0082D0CD1042E00F28D
:10FE500091800136022506FB00F38B4200F2C3803D
:10FE60005B008B4206D8013506FB05F300FB03F36C
:10FE70008B42E9D9771E05F1FF384FEA872A8EEACF
:10FE800087276B4959186B4B99427CD9DFF8E4916D
:10FE90006C2369486349B0FBF5F0684DB0FBF6F0A0
:10FEA0000E6835404D4508D043F400534FF480555B
:10FEB0000D600B600B68002BFCDA57490B6903F0EF
:10FEC0000703434504D0C1F810808B6CDE03FCD4DB
:10FED00017F4E05F0BD02EF4E05E0AF4E0534E49D5
:10FEE00043EA0E0EC1F814E08B6C9D07FCD4544D10
:10FEF000544945198D4239D8534BED09A3FB0535BB
:10FF00002D0B6B1E1B028EEA030111F4407F07D0FC
:10FF10002EF4407E03F440733F4943EA0E034B61E5
:10FF20003D494B6923F000734B618B6C9B06FCD4FD
:10FF3000464BA242A3FB00134FF0FF314FEA93431D
:10FF4000B0FBF5F5B1FBF3F34149086041490D60A1
:10FF500041490B6008D22CF01F0C30494CEA0202D8
:10FF6000CA600B68002BFCDABDE8F0874FF44073E1
:10FF70000425C8E7771E2E494FF007084FEA872A65
:10FF800059188EEA8727294B99421CD8DFF8E89048
:10FF9000362332487EE7324B984201D80E220AE7D8
:10FFA000304B984228D9304A904227D9821A2F4B99
:10FFB000120AA3FB0232D20902EB820202EB820296
:10FFC00002F2E242EDE6A3F182532948DFF8AC9059
:10FFD000A3F589337E3BA3FB01310B0D03FB00F03E
:10FFE00043EA090956E7012544E71F468EF0C0564B
:10FFF0000D464FF0C05303E70F22DCE61222DAE68B
:02000004600397
:10000000012603464FF0000A77464FF000083546B8
:1000100037E700BF001C4E0E00C00F400000084034
:100020001F85EB5100800D4040300080FFB19F26BE
:10003000808D5B00FF7EF64D00643F4D7F30018078
:100040007FD1F0087F17B42C9F10E50083DE1B439F
:100050003C8E0020388E002084C9002000B29F26EC
:10006000FF0A6B1B00A4781F0046C32323B24C0079
:10007000001BB7006C20008036200080002000802C
:1000800000B970472DE9F84F01218146224C234EDB
:10009000234D54E8003F3268286844E80013002BE1
:1000A000F7D120494B684FF47A7BDFF87CA01B1A0C
:1000B00001270BFB02F8DAF80020A2FB03235B45C3
:1000C00094BF9844D84454E8003F3268286844E814
:1000D0000073002BF7D14B68DAF800C01B1A0BFB3A
:1000E00002F2ACFB03C3B3F57A7F94BFD21802F5DA
:1000F0007A72A2EB0802B2F57A7F08D3B9F1010F48
:1001000008F57A7809F1FF39DDD1BDE8F88F01F003
:1001100065FD0449D7E700BF4CCA002048CA00204B
:1001200044CA0020001000E084C9002010B50F4B25
:100130004FF0010C0E4CDFF844E053E8002F20682C
:10014000DEF8001043E800C2002AF6D1094B5B68D4
:10015000094A5B1A4FF47A71126801FB00F0A2FBA6
:1001600003238B4294BFC018401810BD4CCA002016
:1001700048CA0020001000E084C9002044CA0020C2
:10018000362812D802010C4B03EB00109B58C268B2
:10019000D3F804C01CEA020F03D039B1C3F884209D
:1001A0007047836829B9054A1A607047C3F88820E8
:1001B0007047034A1A607047A0820020383001005F
:1001C00038F00100362831D802011B4B012903EB1E
:1001D00000109B5800B55A68D0E902EC12D00429EF
:1001E00010D022EA0C025A60C9B102291FD003299B
:1001F0004FF015020CBF114B114BCEF80030436885
:100200001A6000BD42EA0C0201295A6007D040F68C
:100210003803CEF80030436815221A6000BD382339
:100220001522CEF8003043681A6000BD7047054BB8
:10023000CEF80030EFE700BFA08200203830010088
:100240003800010038F0010010B4134A0020134BAD
:100250000121134CDFF84CC0C2F8F032C2F8F402AE
:10026000C2F8B810C2F8A000C2F8A440C2F8B0109A
:100270005369DB07FCD551619CF80030DB07EFD4F4
:100280001368054943F0010313600B68DB07FCD4D6
:1002900062B610BC704700BF00802A4005040124EC
:1002A00001000F0000812A4010B5DFF840E04FF652
:1002B000FF7C0C480EF17E04A0F58053002203E081
:1002C000834202F1010203D2198802336145F7D15A
:1002D0002EF8022FA64500F58050EDD1024B0122E9
:1002E0001A7010BD00107C60AFCA00208AC90020BF
:1002F00041F2BB03984238D81D4B10B51B7882B031
:100300005BB382081B4BDFF874C0A3FB0213D11A46
:1003100003EB510318495B09C3EB831E1C46A2EB98
:100320000E033CF813C059184FEA4C0C0A030CEBAF
:10033000013CBCEB013F15D900F0030EFF204EEA53
:10034000840E134602321B88D9B21B0A8E4508BFA1
:1003500018469445F5D802B010BD0190FFF7A4FFF0
:100360000198CEE7FF2002B010BDFF20704700BF0C
:10037000AFCA002005411004C00706008CC9002048
:1003800030B583B072B6334B40F20645324C9C61B7
:100390000224DC610024C3F8A040C3F8F0528518A1
:1003A000C3F8F442C3F8F842C3F8FC424FF4702497
:1003B000C3F8A4400124C3F8B04020F01F03BFF3EA
:1003C0004F8F4FF0E024C4F85C3F20339D42FAD8B1
:1003D000BFF34F8FBFF36F8F1E4D6B69DC07FCD5EA
:1003E0000123DFF87CC094B220F07F406B6144F4BD
:1003F0007024C5F8F0C242F2012CC5F8F4C2C5F869
:10040000BC30C5F8A000C5F8A440124CC5F8B03007
:1004100001E05B060AD4636913F00105F9D04123BA
:10042000636103B0BDE83040FFF70EBF082A0DD866
:1004300042B10A48CDE9001200F02CF9DDE90012C2
:1004400011442A46034B40205861E4E7A2F1080515
:100450000822EEE700802A40F05AF05A80812A40B4
:100460003204180800B5864672B6294B0221294885
:10047000002298614FF47020D96140F20641C3F820
:10048000F0120121C3F8F422C3F8F822C3F8FC22C9
:10049000C3F8A020204AC3F8A4000EEA0202C3F861
:1004A000B010BFF34F8F02F1200302F580514FF0DF
:1004B000E02C8B422CBF0121802102EB41118B42A9
:1004C000CCF85C2F1A4603F12003F8D1BFF34F8F0D
:1004D000BFF36F8F0E4A5369D907FCD501200F492E
:1004E0000F4B4FF4702C50610EEA0303C2F8F01268
:1004F0000749C2F8A030C2F8A4C0C2F8B0004B69E6
:10050000DB07FCD501235DF804EB4B61FFF79CBED4
:1005100000802A40F05AF05A00F0FFFF200418082B
:1005200000F0FF0041F2BB03984200F28E80484B7E
:100530002DE9F0471B78C2B00E460546002B00F0AF
:100540008180AB08434F05F00305A7FB0327DA1BA7
:1005500007EB5207404A7F0945EA8705C7EB871733
:10056000DF1B3E4B32F81740FB1860004FEA0338A0
:1005700000EB0330B0EB033F68D94246FF2113463E
:1005800002321B885FFA83FC1B0AAC4508BF194680
:100590008242F4D38E4244D0B4F5006F44D302AC0F
:1005A0004FF48072FF21204602F07AFE08F1020229
:1005B00008F580532A48934294BF01234FF4006307
:1005C000424603EBC72318184000134602321B882B
:1005D0008242D9B24FEA13236354F6D10DF10709D1
:1005E00066550DF2071A00254C464046FFF73AFFC4
:1005F00014F801CF02220DF1060108EB4500631E3D
:10060000BCF1FF0FA3EB090306D043EA0C2301352D
:10061000ADF80630FFF7B4FE5445E9D10E4B23F890
:10062000175042B0BDE8F08702A945EA062502222C
:1006300001340D80FFF7A4FE074B23F8174042B0AA
:10064000BDE8F087FFF730FE7BE77047FF21A1E7A9
:10065000AFCA0020054110048CC90020C007060065
:1006600000003E3062B170B505460C468E1820463B
:10067000013415F8011BFFF755FFA642F7D170BDF5
:10068000704700BF08B5DFF743F9F4F763FA01F0EC
:10069000A5FAFAE7844641EA000313F003036DD19B
:1006A000403A41D351F8043B40F8043B51F8043B35
:1006B00040F8043B51F8043B40F8043B51F8043B3C
:1006C00040F8043B51F8043B40F8043B51F8043B2C
:1006D00040F8043B51F8043B40F8043B51F8043B1C
:1006E00040F8043B51F8043B40F8043B51F8043B0C
:1006F00040F8043B51F8043B40F8043B51F8043BFC
:1007000040F8043B51F8043B40F8043B51F8043BEB
:1007100040F8043B51F8043B40F8043B51F8043BDB
:1007200040F8043B403ABDD2303211D351F8043B7B
:1007300040F8043B51F8043B40F8043B51F8043BBB
:1007400040F8043B51F8043B40F8043B103AEDD22A
:100750000C3205D351F8043B40F8043B043AF9D27B
:10076000043208D0D2071CBF11F8013B00F8013B4E
:1007700001D30B8803806046704700BF082A13D35B
:100780008B078DD010F003038AD0C3F10403D21A73
:10079000DB071CBF11F8013B00F8013B80D331F8A7
:1007A000023B20F8023B7BE7043AD9D3013A11F827
:1007B000013B00F8013BF9D20B7803704B78437092
:1007C0008B7883706046704701F06CBE01F1FF3C8E
:1007D00070B566464FF0000E01E00EF1010EB0FB61
:1007E000F2F402FB1403092B03F1370598BF03F160
:1007F00030059042204606F8015FEED201EB0E0371
:1008000000225A70BEF1000F11D0481C70440CF148
:1008100002021CF8014F10F8015DA1EB0C03521A03
:100820008CF80050013B047073449A42EFDB084699
:1008300070BD00BF074A506A936A19468446506AE1
:10084000936A9942F9D18445F7D1DB0B43EA4040E2
:10085000704700BF00400D4010498B6823F0011322
:100860008B608B68DB07FCD48B6B0C4A23F0010395
:100870008B63936BD907FCD4C3030849400C5365C1
:100880001065936B43F0010393638B6BDB07FCD51F
:100890008B6843F001138B60704700BF00400D4030
:1008A00072B6EFF30583524CC4F884301EF0040F87
:1008B0000CBFEFF30882EFF309824FF0E0234D4DB8
:1008C000D3F8280DD3F82C1DC4E92201D3F8341D28
:1008D000D3F8383DC4E924139369A83444F8103C94
:1008E000D36944F80C3C00F0CDF804ED020AFFF7A0
:1008F000A1FF0B2344F8040C4FF0FF323E4844F8AC
:10090000283C2B68202104355A4042F3000301396A
:1009100003EA000383EA5202F7D1A542F1D1344B36
:10092000C3F8A820BFF34F8F4FF0E0233149334A7B
:10093000C3F8701FC3F8702FBFF34F8FBFF36F8FD3
:100940002F4A02242F48D36E2F4943F44053D366D5
:100950000460D3692D4823F07F0343F04003D36143
:100960000B68834240D8274D00204FF0E0234FF022
:10097000FF3228600121C5F8080125480C460E46C3
:10098000C5F80001C5F80811C3F88021C3F8842117
:10099000C3F88821C3F88C21C3F8902101E000F04E
:1009A00071F9D5F80C31002BF9D04F2CC5F80C613A
:1009B00004F10104F3D9174B022017494FF000420C
:1009C000C1F840015A63D5F80C313BB913481449BA
:1009D0000C4A0163D2F80C31002BFAD04FF0E0231F
:1009E000104AC3F80C2DFEE7FFF7C0F9BBE700BFC4
:1009F00000FF272080FF27202083B8EDA0FF2720BD
:100A000000C00F40004008403C8E0020803DCD0BD0
:100A1000009F240000900D4000002E4000800F40F9
:100A2000F100AD0B0400FA05094A08B50346106849
:100A300023B1034407498B4201D8136008BD02F07B
:100A400051FD0C2203464FF0FF301A6008BD00BF75
:100A5000688F002000002820002070474FF0FF30F2
:100A6000704700BF4FF4005300204B60704700BF39
:100A7000012070474FF0FF30704700BF30BFFDE7E7
:100A8000FFF70EBF124AD2F880305B07FBD5D2F8D1
:100A900080301048C3F30B230F4990ED007A07EE26
:100AA000903A91ED006AB8EE477A0C4AF8EEE77A90
:100AB0000B4BD2ED006A77EEC77A93ED007AB8EE71
:100AC000477A67EE867A87EEA60A37EE400A7047C5
:100AD00000810D4074C900207CC9002080C900201D
:100AE00078C90020836B70B586460E4610461BB150
:100AF000536843F40043536072B6DEF8342042B3C7
:100B00001B4B1060D3F8B02132421ED1194C6568DE
:100B100005E06268A2EB050CBCF5166F0BD2D3F8AA
:100B2000402142F48042C3F84021D3F8B811D3F8F1
:100B300040215204EDD5314007D10D4ACEE90201E2
:100B4000D2F8B0313343C2F8B031CEF8340062B6D7
:100B500070BD0749CEE90202D1F8B0313343C1F884
:100B6000B031CEF83000CEF8340062B670BD00BFB0
:100B700000002E40001000E070B5056B95B12B46CB
:100B8000002403E01B680134012B0CD05A681206C4
:100B9000F8D5036306462CB12846B36B2D689847F9
:100BA000013CF9D170BD00220023C0E90C23F1E71C
:100BB00000B501BBDFF8A0C0234B0021234A4FF052
:100BC000010E4FF001109960C3F800E0CCE902314A
:100BD0004FF0800CC3F804C0C2F8BC01D2F8B031A9
:100BE0001B4843EA0E03C2F8B0310160D2F8B031BD
:100BF000002BFBD100BD0904164BDFF85CC04FF0A1
:100C0000010E41F080019860104A596000F5805152
:100C1000C3F800E0D96000F50051CCF84830196104
:100C200000F5405100F58040596100219861CCF8F1
:100C30004C10D2F8B03143F48033C2F8B031D2F85E
:100C4000B031002BFBD1B7E74097002000002E40C9
:100C500050C70020609700200000002007490122B3
:100C60000B78824023EA02030B7033B9044AD2F8AE
:100C7000483123F08003C2F848317047B4CA0020DD
:100C800000002E402DE9F047A64C82B0D4F8446114
:100C9000F107C4F844614CD5D4F8AC31002B43D0F3
:100CA000A14DA24FDFF8B882C4F8AC31D5E90A20D3
:100CB000D4F8403143F40053C4F84031D4F8403103
:100CC0009B04F5D5D4F840314FF0011123F40053C3
:100CD000C4F84031C4F8B411D4F8B43113F001139E
:100CE000FAD191B284463B60B1F5086F00F03A81C9
:100CF00000F2958040F2023E714500F0928100F2D0
:100D0000A480822900F0E181B1F5817F00F0B381F8
:100D1000802940F09580864802210380FFF748FF34
:100D2000D4F8AC31002BBFD17E4AD2F8BC31002BB5
:100D300042D1720616D57B4BD3F8AC21C3F8AC2157
:100D4000D3F8BC21C3F8BC21D3F8B041002CFBD1AF
:100D50004FF0FF32C3F8B421D3F8843100F046FDE0
:100D6000744B1C60F40103D5734B1B6803B19847A7
:100D7000B00103D5714B1B6803B19847710708D5C3
:100D8000684BD3F8843113F4007345D06C4B0122C7
:100D90001A70644BD3F848311A060AD5330608D5C1
:100DA000684A13782BB1013BDBB21370002B00F0C3
:100DB0006D8202B0BDE8F0875C49C2F8BC310868BA
:100DC000034240F098815B4A12681340B1D01C0C7A
:100DD000554D1FFA83F810D094FAA4F7B7FA87F7A5
:100DE00005EBC7104030FFF7C7FE012303FA07F7F2
:100DF000BC43F1D1B8F1000F9BD0012798FAA8F4B9
:100E0000B4FA84F405EBC41007FA04F4FFF7B4FE57
:100E100038EA0408F2D18CE7494A1370B9E742F284
:100E2000212E71455AD049D8B1F5106F00F0A2803B
:100E300042F2210C614503D1010C072900F08C819D
:100E40004FF00113C4F8C0316AE7B1F5A06F00F0AC
:100E5000CA80A1F5D0610129F2D83B4B596800291D
:100E6000EED01FFA8CFE120C03E019690C33002936
:100E7000E6D0B3F800C09445F7D1B3F802C0F4450A
:100E8000F3D14FEA122C000CBCF1030F00F0CB8120
:100E90001B89834228BF0346B2F5007F9A4640F083
:100EA0009A81274B1B78002B40F0EE812749524650
:100EB0002748DFF89C90FFF7EDFB9EE142F22133DB
:100EC000994214D04FF6C0039942B9D183B2FF2B97
:100ED000B6D843F46E4363F30F0CBEE780B230B96B
:100EE0001C4B120C19681C4B19601C4B1A70002308
:100EF000C5F84880EB64C8F808300123C8F8003012
:100F00008023C8F804304FF00113C4F8BC31D4F882
:100F1000B03143F48033C4F8B031D4F8B031002B91
:100F2000FBD1FDE600002E400000002050C700204D
:100F300050C8002054C7002074CA002078CA00207E
:100F4000BACA0020BBCA00204886002058EB0060C7
:100F50000000202048CA002070CA0020B8CA002023
:100F600040970020B34B0121B3481B780370FFF773
:100F70001FFED5E6AF49120C01930A70AF4AC4F8C0
:100F8000C821AF4AC4F8CC21AE4AC4F8D02100F041
:100F90002FFC80220199AC4802F082F9AB498022F3
:100FA000019BA9644A60AA4AEB64C5F8A02002F13B
:100FB0003C428B6002F56C2202F56F72C5F8E020AE
:100FC00001220A604FF00112C4F8BC21D4F8B0210C
:100FD00042F48032C4F8B0219E4A3B60D2F8B0316E
:100FE000002BFBD19CE69949EB648B600123A9643B
:100FF0000B6080234B604FF001139649C4F8BC315D
:10100000D4F8B03143F48033C4F8B031D1F8B03102
:10101000002BFBD1130C5B0643F08073C1F85431F5
:101020007EE610F0780F7FF40BAF00F07F028A4B62
:10103000000653F822104CBF41F4803141F0010109
:1010400043F822100021814BE96499600121AB64CF
:10105000196080217F4A59604FF00113C2F8BC31FA
:10106000D2F8B03143F48033C2F8B031D2F8B031A5
:10107000002BFBD154E610F0780F7FF4E1AE00F0C6
:101080007F02754B000653F822104CBF21F48031CB
:1010900021F0010143F8221000216C4BE9649960B2
:1010A0000121AB64196080216A4A59604FF0011335
:1010B000C2F8BC31D2F8B03143F48033C2F8B03159
:1010C000D2F8B031002BFBD12AE610F078037FF480
:1010D000B7AE00F07F01604A000652F82110564A70
:1010E000138036D5C90301D501231370022152485C
:1010F000FFF75EFD14E60020086058490C88486838
:1011000042F221018C427FF45EAE80B200287FF46F
:101110005AAE5349534C03C9A18086284FEA114166
:101120002060A1717FF44FAE72B64F48017841F054
:1011300008010170D2F848110D0605D48020014342
:10114000C2F84401C2F8481162B6484A50211170F1
:1011500039E6CB07CAD5C7E74049EB60444BC1E944
:1011600000200122AB601A60424A5A603C4A9A60F1
:10117000D4F8B01141F00101C4F8B01102F580516A
:10118000D96002F50051196102F5405102F5804223
:1011900059619A612F4AD2F8B031002BFBD12B490B
:1011A000EB648B600123A9640B6048F280034B6001
:1011B0004FF00113C2F8BC31D2F8B03143F48033A0
:1011C000C2F8B0314FF48033224A3B60D2F8B031DC
:1011D000002BFBD1A4E5B2F5E06F7FF468AE264B9F
:1011E0001B78002B4ED12549DFF894905246484693
:1011F000FFF750FA072389F8013029F01F0309EBA4
:101200000A02BFF34F8F4FF0E021C1F8703F203347
:101210009A42FAD8BFF34F8FBFF36F8F18485146E9
:10122000FFF7C6FC7CE50B78834228BF03469A464D
:101230003DE600BFB9CA002050C800200200CC0023
:10124000C80002000200C800800000204097002073
:101250005DCFC6B800002E40C0012E40189D002072
:1012600048C7002068CA0020B4CA0020BBCA0020BA
:101270006097002080000700BACA0020BCEB006025
:10128000000020200449AFE7044910E60320FFF7DF
:10129000E5FC08F05FF800BF58EB0060BCEB0060B5
:1012A0002DE9F043841E83B0022C02D903B0BDE8BF
:1012B000F083124D90460F46C60105EBC0143C2248
:1012C00000210190201D994601F0EAFFB8FA88F24A
:1012D0003904520941EA42710122A951C4F83890F7
:1012E000A260B9F1000FE1D00549019B9A400B685B
:1012F0001A430A6003B0BDE8F08300BF000000207D
:1013000054C700202DE9F043A0F1020E83B0BEF1D6
:10131000020F02D903B0BDE8F0839146C201124F1B
:10132000884602F1400605463C220021F41901934B
:10133000201D01F0B5FFB9FA89FC4FEA0842019B74
:101340004FEA5C1C42EA4C72BA510122A363A260CC
:10135000002BDFD0054905F110000B6882401A43CD
:101360000A6003B0BDE8F0830000002054C70020ED
:1013700012044FF0010C816042F08002C0F800C0FE
:10138000C36101F5805C01F54053426001F50052F4
:1013900001F58041C0F80CC08161C0E904237047A9
:1013A000831E022B00D9704700F1100C064B0A4631
:1013B00003EBC01000B54FF0010E0EFA0CF15DF812
:1013C00004EBFFF78FBB00BF40000020831E022B01
:1013D00000D970474FF0010C034B0A460CFA00F19C
:1013E00003EBC010FFF77EBB000000204068704791
:1013F000144B0A22DFF850C0D3F8200220F07F40BF
:1014000000EB800300B55B0085B0604538BF18462F
:101410006946FFF7DBF9DFF834C06B46002260460F
:1014200019780132013341B10A2A20F8021FF7D19D
:1014300016228CF8002005B000BD52008CF8002068
:1014400005B000BD00441F408096980078930020AE
:1014500000F0ECBA00F0BABA00F020BB00F0D8BA45
:1014600000F06EBB00F048BB0846114600F03ABBE6
:1014700070B5164D4FF0E02415494FF40032154E6B
:1014800005EB401582B001EB4021C4F88C210346E6
:10149000328828460191FFF76BFF019933880B448E
:1014A000BFF34F8FC4F85C1F20318B42FAD8BFF3D3
:1014B0004F8FBFF36F8F03202946FFF787FF4FF44D
:1014C0000033C4F80C3102B070BD00BF809700201B
:1014D0008000202094CA0020264B1A884368C3F35A
:1014E0000E43D21A002AF0B5C46983B028DD224821
:1014F000224D01782D78CBB2DFF894C0A942204D5F
:1015000009D01CF803100F4635F811100E46C1F52E
:1015100000718A421AD90133002125F81420082BC2
:10152000184D88BF0B4625F8141098BF19460CF8C3
:101530000340154B017019680A441A6003B0F0BDEE
:10154000204603B0BDE8F040FFF792BF0F4906EB1D
:1015500047200192084401EB4421FFF79BF8019AD0
:1015600009492046B31825F817300B6813440B605F
:10157000E7E700BF94CA0020B2CA0020B3CA002027
:101580006CC800207CC8002068C800208000202093
:101590008CC80020224B1A78002A3FD102F0FF03AA
:1015A000204A1278002A39D01F4A1288002A35D0E2
:1015B0001E49C2F5006210B5087884B01C4901EBE1
:1015C00040141C4901EBC0212046CDE902230191C2
:1015D000FFF7CEFEDDE901120A44BFF34F8F4FF053
:1015E000E020039BC0F8701F20318A42FAD8019393
:1015F000BFF34F8FBFF36F8F04202146FFF7D0FE5C
:101600000A480021084B027819800132019BD2B2AE
:10161000032A98BF1346037004B010BD704700BF83
:10162000B7CA0020B9CA002096CA0020B6CA002056
:1016300080980020801020202DE9F04F87B0049082
:10164000002900F0BF8000235F4C604F4FF001097C
:10165000DFF890A15E4E029303915E4B5E4A1D78C7
:101660003B8802EB451284F800900192002B40F079
:10167000A58098461D469B460198FFF7B7FE10F0DF
:10168000800000F08B80BFF34F8F9AF8003084F811
:1016900000B00DB9D6F80080002B7BD13368A3EBE6
:1016A0000803782B00F283804C4B1B78002B71D001
:1016B00000F094FA3B88012584F80090002BDBD0E1
:1016C00044491A46C3F500600D78039900EBC52024
:1016D000DFF814B19142584417D20593DDE9032194
:1016E0000192FEF7D7FF019A4FF04041059B9B1AEC
:1016F0003B803B4BC3F88410BFF34F8F029800230D
:101700001044237007B0BDE8F08F0499FEF7C2FFC4
:1017100000230BEBC5214FF400620198FFF728FE70
:101720000BEBC521BFF34F8F01F1200201F50063E0
:10173000934294BF012340234FF0E02201EB431377
:10174000C2F8701F20318B42FAD1BFF34F8FBFF325
:101750006F8F04200199FFF723FE1E4A137801338F
:10176000DBB2042B28BF002313703B88039AD11AE5
:10177000029A1A4403910292049A1A440023049292
:10178000174A3B80C2F88430BFF34F8F2370002983
:101790007FF463AF029807B0BDE8F08F4FF40062AA
:1017A0000C4B8AF800001D7813463A808DE7012320
:1017B00002988AF8003007B0BDE8F08F1A46C3F5EA
:1017C000006082E70846E6E7B7CA002096CA002014
:1017D00048CA0020B6CA002080980020B9CA00205C
:1017E00000002E40B5CA002080102020704700BFA6
:1017F0002D4B002180222D4870B51B7800242C4EE3
:101800008B420CBF40234FF400732A4D33802B8052
:1018100001F046FD284A2146284B14704FF480728F
:1018200027481C8001F03CFD264A1021264B02204F
:10183000C2E90044C2E90244244AC3E900441470E6
:10184000234AC3E90244234B1C70234614602246FA
:10185000FFF758FD204B224631880320FFF720FD7B
:101860002346012229880420FFF74CFD204601343D
:10187000FFF7FEFD082CF9D1184B00214A22184829
:10188000184C0460C3F88410C3F88020D3F84821B2
:10189000154942F08072C3F8482121B1134A1378E8
:1018A00043F00103137070BDBACA00208098002075
:1018B00094CA002098CA0020B6CA002096CA002008
:1018C000809700206CC800207CC80020B2CA00208D
:1018D00068C80020B3CA0020AD28020000002E40D6
:1018E00074CA00206929020000000000BDCA00205F
:1018F0002DE9F84F4FF400324FF0E023C3F88C216C
:101900002B4B1C78002950D082468B46E4B200272E
:10191000DFF8B490274B5046274AABEB07081B78FB
:10192000A34204F1010437D0092C244B244928BFD9
:1019300000241E5D39F8163031F8165003EB4621AD
:10194000ED1A1144A8452A4617D21E4C424650466D
:10195000FEF7A0FE236839F816105846A3EB0B03D8
:1019600088443B4429F8168023604FF0E0234FF46D
:101970000032C3F80C21BDE8F88FFEF78BFE114A48
:101980002F4430461368AA445B1B1360084A147046
:10199000FFF76EFDBB45BDD84FF0E0234FF400329A
:1019A0003846C3F80C21BDE8F88F0846DDE700BFD4
:1019B000B3CA0020B2CA0020800020208CC80020BA
:1019C0006CC8002068C800207CC800200B4B0C4A63
:1019D00012781978D3B28A420DD0013309480A4AE5
:1019E000092B0A4928BF0023C35C31F8131002EB0E
:1019F0004323585C70474FF0FF307047B2CA002055
:101A0000B3CA00208CC80020800020207CC80020A1
:101A1000054B186800B1704700B583B0019000F025
:101A2000DDF8019803B000BD68C800202DE9F84F2B
:101A3000144E154D33782A78934220D0DCB2DFF86B
:101A40005090DFF850B0DFF85080104F0134082C70
:101A5000A24601D90024A24619F80400DBF80030A0
:101A600038F8102037F81010521A9B1ACBF80030B3
:101A7000FFF7FEFC86F800A02B78A342E6D1BDE874
:101A8000F88F00BFB3CA0020B2CA00207CC8002073
:101A90008CC8002068C800206CC8002000B583B046
:101AA00001210DF10700FFF723FF18B19DF8070092
:101AB00003B000BD4FF0FF30FAE700BF084B00B5A0
:101AC00083B01B788DF8070033B101210DF10700B9
:101AD000FFF7B2FD03B000BD03F0FF0003B000BD8F
:101AE000B9CA0020034B1B780BB1FFF7A5BD03F06B
:101AF000FF007047B9CA00202DE9F04100240D4EC7
:101B000001230D4DA0460D4F33703B782846A3426C
:101B100005D0FFF76BFC030658BF08F500680134D9
:101B20002035042CF1D1BFF34F8F00234046337092
:101B3000BDE8F081B7CA002080980020B6CA002016
:101B4000204B1B7813B1204B1A8802B970471F4BEA
:101B5000C2F500621E481F4930B51B7883B01E4C89
:101B600000EB431001EBC321012305462370002342
:101B7000CDE90012FFF7FCFBDDE900120A44BFF3D8
:101B80004F8F4FF0E023C3F8701F20318A42FAD8FC
:101B9000BFF34F8FBFF36F8F04202946FFF700FC80
:101BA0000A49002208480B7802800133DBB2042B7B
:101BB00028BF13460B70BFF34F8F074B1A7003B04B
:101BC00030BD00BFB9CA002096CA0020B6CA0020A6
:101BD0008098002080102020B7CA00202E4B2DE9CD
:101BE000F0411E7886B1DFF8C88098F800305BB904
:101BF0000123F10788F8003040D4B20727D400232E
:101C000088F80030730701D4BDE8F081234B1A68CF
:101C1000002AF9D0EFF30582002AF5D1EFF3108501
:101C200072B61868002830D01D4C217800292CD1BC
:101C30000122227042691A60002A2AD0916105B9F6
:101C400062B600258368457798472570DCE7154B19
:101C50001B78002BD3D0144F002557F8044F23686E
:101C600020461B69984710B163699B6898470D4BE4
:101C700001351A78EBB29A42EFD8C0E7FFF7C8FEF9
:101C80000028BAD0AFF30080B7E7002DBCD162B610
:101C9000BAE7064B1A60D2E7BDCA0020A4A3002011
:101CA000A7CA0020A8CA00201C970020B0A30020CB
:101CB000AACA002010B500234FF470440F224FF43D
:101CC000806EA0F88C411946A0F88E214FF4604434
:101CD000A0F890310A46B0F8883148F2B82C43F0A9
:101CE000F003A0F8883101EB4103013100EB43130D
:101CF00004299C80A3F806E05A841A865A805A81E7
:101D0000A3F80EC05A82DA825A83DA83EBD1B0F894
:101D1000883143F00F03A0F88831B0F8883143F4DC
:101D20007063A0F8883110BD374B384A996F384836
:101D300041F47F0170B5996741F20106D3F8801034
:101D400045F6C05543F226040A43C3F88020FFF746
:101D5000B1FF00F58040FFF7ADFF00F58040FFF7D1
:101D6000A9FF00F58040FFF7A5FF0022A0F50310B2
:101D70004FF00F0E114600EB42134FEA421C0132A6
:101D80009981042A5981A3F80EE09E82DD8020F813
:101D90000C1019829C81EED100221E484FF00F0ECC
:101DA00041F20106114645F6C05543F2260400EB08
:101DB00042134FEA421C01329981042A5981A3F847
:101DC0000EE09E82DD8020F80C1019829C81EED1FD
:101DD000002211480F2641F20105114645F6C05474
:101DE00043F2260E00EB42134FEA421C0132998166
:101DF000042A5981DE819D82DC8020F80C10198232
:101E0000A3F80CE0EED170BD00C00F40000003FC51
:101E100000C03D4000001E4000401E4008B5D0E913
:101E200000325BB1BAB10F4BA3FB0213DB0803EB2B
:101E30004303B2EB83030AD1012008BD094BA3FB86
:101E40000213DB0803EB4303B2EB830301D0D21A86
:101E50004260F02AF0D801F045FB1C220346002026
:101E60001A6008BDABAAAAAA30B583B060B3044615
:101E700021B11D46B2FA82F35B09A2B9206818B3FA
:101E800062680AB3164B174902FB03F3B1EBB30FB9
:101E90001AD3A368FBB9002323606360A360E360E7
:101EA000012003B030BD0193069BC0E90012C3605E
:101EB000FFF7B4FF60B1002DF2D06268019920688D
:101EC000A56001F0EDF9EBE701F00CFB16230360D0
:101ED000002003B030BD002101F0E2F9DBE700BFD4
:101EE000ABAAAAAA555555150000000010B510EE72
:101EF000102AC2F30A53B3F57D7FB7EEC06A84B0EF
:101F00001BD226EE067BB3F5667F6CD326EE072B3D
:101F100027EE021B714B93ED1A3B93ED185B93ED8B
:101F2000164BA7EE035BA2EE046BB0EE460BA5EEDC
:101F3000010BB7EEC00B04B010BD40F22E418B4236
:101F400059D8664A92ED087B26EE077BFDEEC77BEB
:101F500092ED0A5B17EE903A03F500031B16990702
:101F600007EE903A54BF114602F17001DC07B8EE5B
:101F7000E77BA7EE456B26EE067B1DD403F003033B
:101F800002EBC30291ED185B92ED000B91ED1A3B51
:101F900026EE000BB0EE456B91ED164BA7EE036BF2
:101FA00020EE075B27EE057BA5EE040BA6EE070BE4
:101FB000B7EEC00B04B010BD91ED144B27EE075BDC
:101FC00091ED126B91ED0E2BA7EE046B27EE054BF6
:101FD00091ED0C0B91ED103BA7EE020BA5EE030B60
:101FE000A6EE040BE4E712F0FF4FE3D1B7EEC77B98
:101FF0008DED037ADEE7B3F5FF6F4CD2C2F3836158
:10200000374B8DED010A03EB810C53F82110C2F31D
:102010001603C2F3C25043F400038340DCF82000EF
:10202000DCF810C003FB01F1A3FB00E0E3FB0C01B3
:1020300001F100539C0F03F04043C91A00F004FA69
:10204000019A9FED246B04EBD27241EC170B9007C1
:1020500054BF224B234B27EE067BE10727EE076B8D
:102060001ED41E4901EBC20293ED185B93ED1A3B9F
:1020700092ED000B93ED164B27EE000BB0EE457B77
:1020800020EE065BA6EE037BA5EE040B26EE056BA9
:10209000A7EE060B8CE704B0BDE8104000F030B8A6
:1020A00093ED144B26EE065B93ED127B93ED0E2B16
:1020B000A6EE047B26EE054B93ED0C0B93ED103B47
:1020C000A6EE020BA5EE030BA7EE040B70E700BF14
:1020D000AFF30080182D4454FB21193C70030020FD
:1020E0001C810020E003002010B582B08DED010AB4
:1020F000044601F0F7F99DED010A046002B010BD3D
:1021000070EE407AB4EE400A87EEA77AF1EE10FA4C
:10211000B0EE470A02D62120FFF7E6BF704700BFA6
:1021200003460846194600F03DBE00BF81F000415D
:1021300002E000BF83F0004330B54FEA41044FEAAC
:10214000430594EA050F08BF90EA020F1FBF54EA47
:10215000000C55EA020C7FEA645C7FEA655C00F0E3
:10216000E2804FEA5454D4EB5555B8BF6D420CDDB4
:102170002C4480EA020281EA030382EA000083EA37
:10218000010180EA020281EA0303362D88BF30BDD7
:1021900011F0004F4FEA01314FF4801C4CEA11312D
:1021A00002D0404261EB410113F0004F4FEA03338C
:1021B0004CEA133302D0524263EB430394EA050F17
:1021C00000F0A780A4F10104D5F1200E0DDB02FA86
:1021D0000EFC22FA05F2801841F1000103FA0EF21A
:1021E000801843FA05F359410EE0A5F120050EF1E0
:1021F000200E012A03FA0EFC28BF4CF0020C43FA11
:1022000005F3C01851EBE37101F0004507D54FF01D
:10221000000EDCF1000C7EEB00006EEB0101B1F56D
:10222000801F1BD3B1F5001F0CD349085FEA3000B3
:102230004FEA3C0C04F101044FEA445212F5800FBE
:1022400080F09A80BCF1004F08BF5FEA500C50F15B
:10225000000041EB045141EA050130BD5FEA4C0C3E
:10226000404141EB0101013C28BFB1F5801FE9D29B
:1022700091F0000F04BF01460020B1FA81F308BFBE
:102280002033A3F10B03B3F120020CDA0C3208DD8A
:1022900002F1140CC2F10C0201FA0CF021FA02F165
:1022A0000CE002F11402D8BFC2F1200C01FA02F1D5
:1022B00020FA0CFCDCBF41EA0C019040E41AA2BFFA
:1022C00001EB0451294330BD6FEA04041F3C1CDAC2
:1022D0000C340EDC04F11404C4F1200220FA04F0E2
:1022E00001FA02F340EA030021FA04F345EA03018C
:1022F00030BDC4F10C04C4F1200220FA02F001FA4E
:1023000004F340EA0300294630BD21FA04F02946CF
:1023100030BD94F0000F83F4801306BF81F4801168
:102320000134013D4EE77FEA645C18BF7FEA655CDB
:1023300029D094EA050F08BF90EA020F05D054EAAD
:10234000000C04BF1946104630BD91EA030F1EBFB2
:102350000021002030BD5FEA545C05D140004941B6
:1023600028BF41F0004130BD14F580043CBF01F5A9
:10237000801130BD01F0004545F0FE4141F470018F
:102380004FF0000030BD7FEA645C1ABF194610466A
:102390007FEA655C1CBF0B46024650EA013406BF6B
:1023A00052EA033591EA030F41F4002130BD00BF2A
:1023B00090F0000F04BF0021704730B54FF48064E7
:1023C00004F132044FF000054FF0000150E700BF68
:1023D00090F0000F04BF0021704730B54FF48064C7
:1023E00004F1320410F0004548BF40424FF00001B4
:1023F0003EE700BF42004FEAE2014FEA31014FEAF7
:1024000002701FBF12F07F4393F07F4F81F0605145
:10241000704732F07F4208BF704793F07F4F04BF90
:1024200041F40021704730B54FF4607401F000456D
:1024300021F000411CE700BF50EA010208BF7047CD
:1024400030B54FF000050AE050EA010208BF7047BE
:1024500030B511F0004502D5404261EB41014FF427
:10246000806404F132045FEA915C3FF4D8AE4FF02F
:1024700003025FEADC0C18BF03325FEADC0C18BF12
:10248000033202EBDC02C2F1200300FA03FC20FA63
:1024900002F001FA03FE40EA0E0021FA02F11444B0
:1024A000BDE600BF024B0146186801F023BB00BF28
:1024B000D89100202DE9F04F01F10B02162A85B0CA
:1024C000804624D8102900F2AB8000F0C9FA02251A
:1024D00018211022B74C2144A1F108004E68864211
:1024E00000F062817268F168B46822F0030232443D
:1024F000E1608C60516841F001014046516000F09C
:10250000B5FA06F10804204605B0BDE8F08F32F0B8
:10251000070200F18580914200F28280019200F072
:102520009FFA019AB2F5FC7FC0F0BA81570A7FD0BA
:10253000042F00F27281970907F139052BB207F1D8
:10254000380CDB009B4C2344A3F108065B689E42D9
:1025500007D10DE00028DF6880F21381BE4207D06A
:102560003B46596821F00301881A0F28F2DD6546C1
:10257000236991498B4200F0F1805E6826F00306E2
:10258000B11A0F2900F391818B480029C4E9040096
:1025900080F27981B6F5007F676880F01981F108D3
:1025A00001310FFA81FC76090121B14054F83C0059
:1025B00098600F4304EBCC010839D960676044F898
:1025C0003C30C360AB1001269E40BE4236D83E422E
:1025D00006D125F0030576003E4205F10405FAD048
:1025E00004EBC50A04EBC507A946F9680EE0486884
:1025F00020F0030EAEEB020CBCF10F0F0B46C968C6
:1026000000F31881BCF1000F80F22D818F42EED1D2
:1026100009F1010919F0030F07F10807E5D17FE17E
:102620000C23C8F800300024204605B0BDE8F08F28
:102630004FF4007340254FF03F0C83E7A76879689B
:1026400021F0030393429A4603D3991A0F2900F30A
:1026500087805A495A4E0968103111440820CDE943
:10266000011200F073FF01994B1E0344454283465B
:1026700030681D40B0F1FF3F18BF29464046019128
:1026800000F008FF411C0546DDE9011200F02B8136
:1026900007EB0A0C844500F224814A4B186800EBD2
:1026A00001090BF1FF3EC3F8009000F0898130680A
:1026B00001301BBFA5EB0C0C09EB0C00356018605A
:1026C00015F00700814600F04881C0F1080005447C
:1026D000CDE901236B1803EA0E015844401A00EAC1
:1026E0000E06314640469B4600F0D4FE421CDDE912
:1026F000012300F09581401B304440F0010118682F
:10270000A56000EB0609A7426960C3F8009017D0E6
:10271000BAF10F0F40F25E81AAF10C0121F0070C13
:10272000796801F0010141EA0C017960052607EBA7
:102730000C01BCF10F0FC1E9016600F26381696809
:10274000214B1E684E4538BFC3F800901F4B1E68D2
:102750004E4501D2C3F800902F46C6E0676831E7C6
:10276000BD1841F0010142F001027A604046A560C7
:10277000696000F07BF907F10804204605B0BDE868
:10278000F08F9A6801931944D760BA604A6842F0A2
:10279000010240464A6000F069F9019B03F1080418
:1027A000204605B0BDE8F08FCE68B1427FF49AAE06
:1027B0000235DDE6F0860020F8860020D0C5002036
:1027C000C4910020A0C50020C8C50020CCC50020B1
:1027D000B6F5206F4FEA56207CD3142800F2D38040
:1027E00000F15C0109B25B30C90004EB010C6158D7
:1027F000ACF1080C8C4503D1A8E089688C4504D065
:10280000486820F00300B042F7D8D1F80CC0C3E903
:10281000021CCCF80830CB60D4E6142F72D9542FA8
:1028200000F2BA80170B07F16F052BB207F16E0C9F
:10283000DB0087E69D1842F001025A609E68864AD6
:10284000F1608E60C4E90455C5E902224CF0010232
:102850006A60404643F80EC0019300F007F9019BFF
:1028600003F10804E0E69E441C46DEF8043043F021
:102870000103CEF8043054F8083F4046D9608B601D
:1028800000F0F4F8D0E61E4440467268019342F02E
:102890000102726000F0EAF8019B03F10804C3E64C
:1028A000D508691C09B2C90014E69D1842F001025E
:1028B0005A60694A0193C4E90455C5E9022241F00E
:1028C00001026A604046995100F0D0F8019B03F183
:1028D0000804A9E6B00900F1390109B23830C9008D
:1028E00083E7A74263D0A768796821F0030090428C
:1028F000A0EB020102D30F293FF732AF404600F0B0
:10290000B5F890E607F15C052BB207F15B0CDB0034
:1029100018E6514651F808398B428A4640F09A80B1
:1029200015F0030F05F1FF35F3D1636823EA0603C1
:10293000636076009E423FF681AE1EB97EE6760069
:1029400009F104091E42FAD04D4649E680100126DD
:1029500006FA00F00743676059E7CDE902236B18D8
:1029600003EA0E01ABEB010606EA0E0631464046CD
:10297000019300F08FFD431C019B04BF4E46184697
:10298000DDE90223B7E6542827D8300B00F16F01A8
:1029900009B26E30C90028E7B7F5AA7F27D8D70B50
:1029A00007F178052BB207F1770CDB00CAE52B4B5A
:1029B000186800EB01090BF1FF3EC3F8009076E6C2
:1029C00015EA0E0F7FF473AEA568514441F0010182
:1029D0006960B5E601236B6090E7B0F5AA7F25D862
:1029E000F00B00F1780109B27730C900FDE640F242
:1029F00054539F4224D8930C03F17D0503F17C0CC2
:102A0000EB009FE507F108014046CDE9012301F005
:102A100071F8A568029B6968D3F80090019A8FE667
:102A2000A9F108010BEB0100002664E640F25451C5
:102A300088420BD8B00C00F17D01C9007C30D4E68F
:102A40004FF47E737F254FF07E0C7BE54FF47E7153
:102A50007E20CAE663686CE7F8860020A0C50020E7
:102A6000014800F06FBD00BF98C50020014800F08C
:102A70006BBD00BF98C50020002900F09F802DE9A4
:102A8000F04383B00C4600928046FFF7E9FF0099BF
:102A900001F10B03162B60D81023994260D854F82B
:102AA00004EC2EF003029A42A4F1080565DAB3485B
:102AB000806805EB020C6045DCF8046000F0908053
:102AC00026F0010060444068C0076CD426F003067D
:102AD000901983424CDD1EF0010F0FD154F8080C01
:102AE000281A0746406820F0030006441644B34203
:102AF00040F3EF801618B34240F3C9804046CDE959
:102B00000023FFF7D7FCDDE900230646002800F08C
:102B1000178154F8041C21F001012944A0F1080C8C
:102B2000614500F0AE80043A242A00F2CE80132AD8
:102B300000F29C8003462246116819605168596072
:102B400092689A602146404600F0D4FF4046FFF765
:102B50008DFF304603B0BDE8F08333F007039CD50A
:102B60000C23C8F800300026304603B0BDE8F083DF
:102B70000246DCE90201C16088606968D01A0F284A
:102B800001F0010105EB02061BD81143696073686F
:102B900043F0010373604046FFF768FF2646304666
:102BA00003B0BDE8F0831EF0010FA7D154F8080C64
:102BB000281A0746406820F003009BE71146FFF7FC
:102BC00079BC19436960E91840F0010048607368F6
:102BD00043F0010308317360404600F08BFFDAE7F1
:102BE00026F00306B01803F1100C604580F28B80CC
:102BF0001EF0010F82D154F8080C281A07464068CD
:102C000020F0030006441644B445B1463FF772AFC6
:102C10003E46F96856F8080F043A242AC1608860D5
:102C200000F2A580132A40F2A0802168B960616893
:102C3000F9601B2A00F2A480083407F11002216811
:102C4000116061685160A1689160F918A9EB0302F5
:102C50004A4D42F00102A9604A607A6802F001021E
:102C6000134340467B60FFF701FF98E7236803604A
:102C7000636843601B2A3BD804F1080200F1080393
:102C80005AE750F8041C21F003010A4475E7043A9E
:102C90003D46F96855F8080F242AC160886020D89D
:102CA000132A1CD92168B9606168F9601B2A3DD8D4
:102CB000083407F110022168116061685160A16851
:102CC00091602C4632463D4657E7214600F056FAC1
:102CD00038E7DCE90201043AC1608860D8E72A4697
:102CE000E9E721462846009300F048FA009BE8E710
:102CF000A3688360E368C360242A25D004F110022E
:102D000000F1100318E71D4A1D449560C21A42F0F5
:102D100001026A6054F8042C02F001021343404699
:102D200044F8043CFFF7A2FE264638E7A168396163
:102D3000E1687961242A10D0103407F11802BAE74B
:102D40004046FFF793FE0EE7236903616169416125
:102D500004F1180200F11803EEE62269BA61626913
:102D6000FA61183407F12002A5E7324667E72146E9
:102D70003046009300F002FA009B66E7F0860020E0
:102D8000A1683961E1687961242A03D0103407F120
:102D9000180254E72269BA616269FA61183407F1CE
:102DA00020024CE713460A460146022000F00ABE04
:102DB000024A0349034800F0C9B800BFCC91002083
:102DC000AD790200F88A00200C4B4168994210B599
:102DD000044601D003F000FCA168094B994202D0DF
:102DE000204603F0F9FBE168064B994204D02046E7
:102DF000BDE8104003F0F0BB10BD00BFD4C50020FB
:102E00003CC60020A4C600202DE9F843314A324CCC
:102E10003249DFF8DC90DFF8DC80314F11600025AB
:102E200004232946082204F15C00C4E903352D4E31
:102E3000A560C4E90055C4E90555656600F030FA9F
:102E400004F15800C4E90749C4E90987E66200F0C3
:102E500075FB2946244B6367082204F1C400C4E9CA
:102E60001A55C4E91E552567C4F8CC50C4F88050E3
:102E700000F016FA04F1680304F1C000C4F88430CD
:102E8000C4E92298C4E9247600F058FB174BC4F833
:102E9000DC30294604F596700822C4E93455C4E9AB
:102EA0003855C4F8D850C4F83451C4F8E85000F08C
:102EB000F7F904F1D003C4E93D87C4F8F09004F5B4
:102EC0009470C4F8FC60C4F8EC30BDE8F84300F03E
:102ED00035BB00BF0CC70020D4C5002085410200CF
:102EE000C9430200ED430200090001001200020084
:102EF000654302008943020010B504460A4800F009
:102F000021FB636B23B9094B094A1B68626323B138
:102F1000BDE81040044800F017BBFFF775FFBDE89F
:102F20001040014800F010BB9CC500200CC70020D9
:102F30009D410200014800F005BB00BF9CC5002078
:102F4000014800F001BB00BF9CC500202DE9F843FB
:102F50000746884616464FF000097568013D11D4B2
:102F6000B468A389012B08D9B4F90E300133214686
:102F7000384602D0C04749EA0009013D6B1C04F104
:102F80006804EED13668002EE7D14846BDE8F883E4
:102F900010B50C46B1F90E1000F066FA002803DBFC
:102FA000236D0344236510BDA38923F48053A381BB
:102FB00010BD00BF2DE9F0411F46B1F90C30164697
:102FC000DA050C4605460BD423F48053A381B4F9EB
:102FD0000E103B4632462846BDE8F04100F06CBA80
:102FE0000223B1F90E10002200F028FAB4F90C30D7
:102FF000EAE700BF10B50C46B1F90E1000F01EFA5A
:10300000B4F90C30421C0EBF23F4805343F48053B8
:103010002065A38110BD00BFB1F90E1000F0FCB90E
:1030200070B5ADF5067D0E46009313464FF4007261
:10303000059206A905AA054600F028F898B10246AF
:10304000059B03903146284600F036FA039A059016
:1030500006AB9A4204D02846114600F04BFD059875
:103060000DF5067D70BD4FF0FF30F9E700B5DFF8D4
:1030700018E084461346DEF800005DF804EB0A46CB
:103080006146FFF7CDBF00BFD891002010B59AB0C0
:1030900021B1D2F800C0BCF1000F1CD100214FF4C7
:1030A000227CADF80CC01991009104914FF6FF7C81
:1030B00002910591144669461A461C9BADF80EC054
:1030C00001F03CFA002814DB009B206000221A70FB
:1030D00004981AB010BD0091049161464FF4C16C80
:1030E000ADF80CC04FF0000CCDF864C0DEDA8B23D5
:1030F000036000201AB010BD032A11D8002A3BD06B
:10310000013A431E0139024401E09A4234D013F8D7
:10311000010F11F801CF6045F7D0A0EB0C0070470C
:1031200010B541EA0004A40784460B460FD0013ACB
:10313000431E0139024401E09A421BD013F8010FEB
:1031400011F801CF6045F7D0A0EB0C0010BDDCF802
:103150000040D3F800E074451946604603F10403CB
:103160000CF1040CE3D1043A032AF0D86046194666
:10317000002ADCD1002010BD00207047884270B5C5
:1031800031D98B1883422ED9032A00EB02011DD9B5
:1031900041EA030C1CF0030F1D4618D14FEA920CB4
:1031A0000CF1FF36A1EB8C048C4653F804ED4CF87F
:1031B00004EDA445F9D1C6EB867301EB830105EB61
:1031C000830CACF10403043902F0030252B102F1A2
:1031D000FF3C6FEA0C0C9C4413F8012D01F8012D03
:1031E0006345F9D170BD032A50D941EA00039B071A
:1031F0004ED10F2A51D922F00F0301F1100601F12F
:10320000100C103B203100F1100E19445CF8104CEA
:103210004EF8104C5CF80C4C4EF80C4C5CF8084C1A
:103220004EF8084C5CF8044C4EF8044C0CF1100CB1
:103230008C450EF1100EE9D1F11812F00C0F034479
:1032400002F00F0503F1100325D025F0030CACF1BB
:10325000040426461A1F1C198C465CF804EB42F83D
:1032600004EFA242F9D1043104333144334405F070
:103270000302002AB6D0013A0132013B0A4411F898
:1032800001CB03F801CF9142F9D170BD0346F0E7BD
:10329000013A0346F0E72A46EBE703461546D4E732
:1032A00030B584078646034606D0A2B303F8011B57
:1032B000980702F1FF32F8D1032A26D95FFA81FC80
:1032C0000CEB0C2C0F2A0CEB0C402AD922F00F0C23
:1032D0009C44C3E90000C3E9020010336345F8D100
:1032E00012F00C0F02F00F0417D04FEA940C0CF1FF
:1032F000FF351A4603EB8C0C42F8040B6245FBD1F8
:10330000043304F0030203EB850322B11A4403F8EB
:10331000011B9A42FBD1704630BD2246002AF5D1EE
:10332000F9E71446E1E700BF8AB340EA01039B07CF
:1033300030B504468E4618D1032A07D815E0043A62
:1033400023D01CF0803F20D1032A26D92368DEF841
:103350000050A3F10131AB4221EA030C2046714633
:1033600004F104040EF1040EE9D003780C78A342B2
:103370000FD1013A024406E06BB110F8013F11F899
:10338000014FA34205D19042F6D1002030BD104636
:103390007047181B30BD184630BD20467146E4E723
:1033A00010B504460843830701D1032A19D8A4465F
:1033B00001F1FF3E07E01EF8011F03F8011B501E3C
:1033C00031B19C4602466346002AF4D1204610BD26
:1033D00094440028FAD003F8011B6345FBD1204632
:1033E00010BD0B46A44618681946A0F1013323EA24
:1033F000000313F0803F01F10403D9D1043A032AFA
:103400004CF8040BEFD81946D2E700BF014B93F8F4
:1034100010027047708F002038B5074C0023054616
:1034200008462360FDF71AFB431C00D038BD236813
:10343000002BFBD02B6038BD58C7002038B58C4618
:10344000084C114605461A46604600232360FDF7E6
:1034500011FB431C00D038BD2368002BFBD02B6030
:1034600038BD00BF58C7002038B58C46084C1146FF
:1034700005461A46604600232360FDF7EDFA431C1B
:1034800000D038BD2368002BFBD02B6038BD00BFB7
:1034900058C7002038B5074C00230546084623606E
:1034A000FDF7C2FA431C00D038BD2368002BFBD0C7
:1034B0002B6038BD58C7002038B58C46084C1146E3
:1034C00005461A46604600232360FCF757FB431C61
:1034D00000D038BD2368002BFBD02B6038BD00BF67
:1034E00058C70020014B1868704700BFD8910020D2
:1034F00070B50E4E0E4DAE4208D0761BB6100024AD
:1035000055F8043B01349847A642F9D8094E0A4DB4
:1035100005F018FFAE4208D0761BB610002455F80F
:10352000043B01349847A642F9D870BD701F006073
:10353000701F0060981F0060701F0060704700BF20
:10354000704700BF704700BF704700BF082802D116
:103550004FF48050704708B5FFF7C4FF162303608F
:103560004FF0FF3008BD00BF0000000002780B786C
:10357000012A28BF9A4240F0D8806DE9044540EA0C
:103580000104CDE902676FF0000C4FEA44721AB3F0
:1035900080EA010414F0070F6BD100F0070420F05B
:1035A000070004F0030521F007014FEAC505F0E824
:1035B000042314F0040FF1E804670CFA05F462EA3E
:1035C000040266EA04060BD063EA0403624667EA73
:1035D0000407664604E000BFF0E80423F1E804674E
:1035E00082FA4CF582EA0604A4FA8CF46CBB83FAE6
:1035F0004CF583EA0705A5FA8CF595B950E9022345
:1036000051E9026782FA4CF582EA0604A4FA8CF4C6
:1036100083FA4CF583EA0705A5FA8CF52543DBD040
:103620009CB92DBAB5FA85F424F0070427FA04F101
:10363000DDE9026723FA04F303F0FF0001F0FF0164
:10364000FDE80445A0EB0100704724BAB4FA84F405
:1036500024F0070426FA04F1DDE9026722FA04F2F5
:1036600002F0FF0001F0FF01FDE80445A0EB0100BE
:10367000704714F0030F3CD110F0030428D150F828
:10368000082B51F8083B82FA4CF582EA0305A5FAAB
:103690008CF55DB950F8042C51F8043C82FA4CF5D5
:1036A00082EA0305A5FA8CF5002DE8D02DBAB5FA0B
:1036B00085F424F0070423FA04F122FA04F202F05C
:1036C000FF0001F0FF01FDE80445A0EB0100704799
:1036D0004FEAC40420F0030050F8082B21F0030146
:1036E00051F8083B0CFA04F462EA040263EA0403AA
:1036F000C9E710F003041DD0A1EB040120F0030082
:10370000E40750F8042B06D012D28B785FFAA2F4AB
:10371000E41A06D12BB1CB785FFAB2F4E41A00D1E7
:1037200033B920465DF8104B7047A2EB0300704799
:1037300001F1040150F8042BCC0721F0030151F8EA
:10374000043B48D824D222F07F4482FA4CF594EA14
:103750001325A5FA8CF50AD165B951F8043B84EA22
:103760000204B4EB036F0ED150F8042BEBE74FEAE1
:10377000132355E035F07F454DD10878FDE8044529
:10378000C0F1000070474FEA126203F0FF0347E008
:1037900002EA1C4482FA4CF594EA1345A5FA8CF52A
:1037A0000AD165B951F8043B84EA0204B4EB034F33
:1037B0000CD150F8042BEBE74FEA134330E015EA45
:1037C0001C4528D10B884FEA124229E04FEA1242E9
:1037D00003EA1C4324E002F0FF0482FA4CF594EA69
:1037E0001365A5FA8CF50AD165B951F8043B84EA52
:1037F0000204B4EB032F09D150F8042BEBE74FEA96
:1038000013630DE015F0FF0F05D10B684FEA12228C
:1038100023F07F4304E04FF00000FDE804457047CB
:1038200012BA1BBA82FA4CF482EA0304A4FA8CF5A9
:10383000B5FA85F402FA04F203FA04F34FEA1260CF
:10384000FDE80445A0EB1360704700BF01F0FF01E5
:10385000102A2BDB10F0070F08D010F8013B013ABB
:103860008B422DD010F0070F42B3F6D1F0B441EAED
:10387000012141EA014122F007047FF00007002303
:10388000F0E80256083C85EA010586EA010685FA59
:1038900047F5A3FA87F586FA47F6A5FA87F68EB9B3
:1038A000EED1F0BC01F0FF0102F0070232B110F8D6
:1038B000013B013A83EA010313B1F8D100207047BC
:1038C00001387047002D06BF35460338073815F01C
:1038D000010F07D1013015F4807F02BF013015F4CC
:1038E000C03F0130F0BC0138704700BF30B490F8E1
:1038F00000F020F007016FF0000C10F0070491F8C1
:1039000020F040F048804FF000046FF00700D1E94C
:10391000002391F840F000F1080082FA4CF2A4FA7A
:103920008CF283FA4CF3A2FA8CF34BBBD1E902235D
:1039300082FA4CF200F10800A4FA8CF283FA4CF3FC
:10394000A2FA8CF3E3B9D1E9042382FA4CF200F134
:103950000800A4FA8CF283FA4CF3A2FA8CF37BB938
:10396000D1E9062301F1200182FA4CF200F10800AE
:10397000A4FA8CF283FA4CF3A2FA8CF3002BC6D093
:10398000002A04BF04301A4612BAB2FA82F200EBDF
:10399000D20030BC7047D1E9002304F00305C4F124
:1039A00000004FEAC50514F0040F91F840F00CFA3E
:1039B00005F562EA05021CBF63EA050362464FF0A3
:1039C0000004AAE7F0B51D4C83B0054620680191BC
:1039D00016461F46FFF7B6FD194A0199136823B32F
:1039E0005A6820681F2A23DC4DB9541C02325C60DF
:1039F00043F82210FFF7A8FD002003B0F0BD03EB51
:103A0000820E0124CEF88860D3F88861944046EA9B
:103A1000040C022DC3F888C1CEF80871E5D1D3F8A3
:103A20008C512543C3F88C51DFE7064B1360D7E771
:103A3000FFF78AFD4FF0FF30DFE700BF648F002003
:103A400000C4002004C40020F8B5064608200C4637
:103A5000FFF77CFD07463046FFF702F8224A9368DD
:103A60005D6825F00305A5F111031C1B3C44B4FB64
:103A7000F7F4013C07FB04F4A74208DC00213046C0
:103A8000FFF708FD184A93682B44984204D030464B
:103A9000FEF7ECFF0020F8BD61423046FFF7FAFC6C
:103AA0000130114A0DD0114993682D1B45F00105D5
:103AB0005D600B6830461B1B0B60FEF7D7FF0120D3
:103AC000F8BD00213046FFF7E5FC074A9268831AEB
:103AD0000F2BDCDD43F001035360054B03491B68EA
:103AE000C01A0860D3E700BFF0860020A0C5002000
:103AF000C4910020002965D02DE9F0410C4607460D
:103B0000FEF7AEFF54F804EC7D49A4F1080C2EF04A
:103B100001030CEB03028D685068954220F003000E
:103B20000EF0010600F08B80151850606D6805F0EE
:103B30000105A846AEBB54F8084CACEB040C23447A
:103B4000DCF8084001F1080E74456BD0DCF80C502D
:103B5000E560AC60B8F1000F00F08C8043F001002C
:103B6000CCF804001360B3F5007F35D2DA0848685A
:103B70005C090132012312B2A34003434B6051F8A8
:103B80003200CCF8080001EBC203083BCCF80C3043
:103B900041F832C0C0F80CC03846BDE8F041FEF72D
:103BA00065BF85B9034401F1080E9068704543F084
:103BB00001047AD0D268C2609060CCF804404CF81E
:103BC0000330D0E770474EF00102B3F5007F44F8B0
:103BD000042C4CF80330C9D3B3F5206F4FEA5320BF
:103BE0004AD2980900F1390212B200F13804D20029
:103BF00088188A580838904203D15FE09268904252
:103C000004D0516821F003019942F7D8D068CCE97B
:103C10000220C0F808C03846C2F80CC0BDE8F04128
:103C2000FEF724BFA5BB1844D2E90223D3609A60F3
:103C300040F00103CCF804304CF80000ACE7184425
:103C400046B954F8083CACEB030C1844DCE90223F9
:103C5000D3609A6040F00103CCF80430294BC1F8DE
:103C600008C01B68834297D8274B38461968FFF76E
:103C7000EBFE91E7034498E714280FD9542824D881
:103C8000180B00F16F0212B200F16E04D200AFE720
:103C900043F00101CCF8041013607DE700F15C02F1
:103CA00012B200F15B04D200A2E7C1E904CCCCE976
:103CB00002EECCF804404CF803306DE7A410012369
:103CC000A3404C6823434B60A1E7B0F5AA7F07D817
:103CD000D80B00F1780212B200F17704D20087E726
:103CE00040F25452904206D8980C00F17D0200F147
:103CF0007C04D2007CE74FF47E727E2478E700BF1C
:103D0000F0860020C8910020D0C5002082B049B1C3
:103D10005AB16BB113780B601278101E18BF0120D6
:103D200002B0704701A9002AF3D1104602B07047D3
:103D30006FF00100F4E700BF30B5436C83B0054677
:103D40000C4653B153F8240088B1026843F824208C
:103D50000023C0E9033303B030BD2122042102F067
:103D6000D9FD034668640028ECD10020F3E7012167
:103D700001FA04F35A1D92002846019302F0CAFD8D
:103D80000028F2D0019B44608360E1E731B1436CCD
:103D90004A6853F82200086043F82210704700BFB9
:103DA0002DE9F0410E6917460D461C4601F114023B
:103DB0004FF0000E11688BB207FB03434FEA134C20
:103DC000090C07FB01CC0EF1010E9BB203EB0C4377
:103DD000764542F8043B4FEA1C44EBDC3CB1AB684F
:103DE000B34207DD05EB860301365C612E61284690
:103DF000BDE8F081696801318046FFF79DFF074605
:103E0000B0B12A69023205F10C0192000C30FCF7C6
:103E100041FCD8F844306A6853F82210296043F80E
:103E200022503D4605EB860301365C612E61DEE7DC
:103E3000024B03483A46BA2102F04CFD0C20002008
:103E400020200020B0F5803F034636BF0304002049
:103E50001020B3F1807F3CBF1B020830B3F1805FBC
:103E600006D3B3F1804F0FD29A0012D403307047BB
:103E70001A01B2F1804F00F1040006D29B0108D470
:103E80005B00F3D4202070471A46002AFBDB013088
:103E900070470230704700BF0368590708D0DA073F
:103EA0001FD499072AD55B0803600122104670478A
:103EB0009AB282B91B0CDAB2B2B11022190701D141
:103EC00004321B09990714D0D90701D401325B08C9
:103ED000036010467047DAB24AB11A0717D10422BC
:103EE000EFE700221046704718221B0AE6E7082277
:103EF000FBE7590707D502329B08E9E79B08022236
:103F0000036010467047DB0804D12022CEE7DB08AF
:103F10000322DDE70332DBE738B5436C04460D4688
:103F20004BB15868B0B102685A6000220123C0E961
:103F30000323456138BD2122042102F0EBFC034636
:103F400060640028EDD1094B0948002240F2451178
:103F500002F0C0FC1C220121204602F0DBFC0028FC
:103F6000F1D001220223C0E90123DEE70C2000206A
:103F7000202000202DE9F04F0F691569AF4285B070
:103F80000E46904605DB2A4643463D468846174680
:103F90001E46D8F80830D8F80410EC19A342B8BF70
:103FA0000131FFF7C9FE8446002800F09C801430E0
:103FB00000EB840E704505D20346002143F8041B34
:103FC0009E45FBD8143606EB870296427CD208F158
:103FD000140707EB8505A5EB080308F11508A845AC
:103FE000A3F11503CDE902E44FEA930A8CBF002444
:103FF00001249146E34605E0090C34D1B14500F1B6
:1040000004005ED956F8041B8AB2002AF4D0CDE928
:104010000090B8468646002358F8041BDEF80000DE
:104020001FFA81F94FEA114C81B202FB0911000C11
:10403000194402FB0C0000EB114089B241EA004137
:1040400045454EF8041B4FEA1043E5D8DDE90090E2
:10405000002C4FEA8A0208BF00220244536056F83F
:10406000041C090CCAD00368CDF800908846BC46F1
:10407000864600221946BCF8009008FB092909EB86
:1040800011499BB243EA09434EF8043B5CF8043BF8
:10409000DEF800101B0C8AB208FB032303EB194364
:1040A00065454FEA1342E6D8002C4FEA8A02DDF854
:1040B000009008BF00220244B145536000F10400A3
:1040C000A0D8DDE902E4DC46002C02DC05E0013C7E
:1040D00003D05EF8043D002BF9D06046CCF81040C8
:1040E00005B0BDE8F08F034B034862464FF4B17151
:1040F00002F0F0FB0C20002020200020F8B512F088
:104100000303144607462FD10E46A4102AD03D6C57
:10411000002D32D004F0010364103BB92868B8B117
:10412000054604F001036410002BF7D02A463146FF
:104130003846FFF71FFF36B17B6C716853F82120BA
:10414000326043F8216074B1064628680028E7D140
:104150002A4629463846FFF70DFF002328600360F2
:104160000546DEE73046F8BD013B0F4A52F82320F2
:104170000023FFF715FE0646C7E701213846FFF783
:10418000DBFD054640B1012340F27122C0E9043253
:10419000002338640360BDE7044B05482A4640F21B
:1041A000451102F097FB00BF108600200C20002074
:1041B000202000202DE9F0470D4691462E69AB687E
:1041C000496806EB6216741C9C4207464FEA621867
:1041D00004DD5B009C4201F10101FADC3846FFF787
:1041E000ABFD844600284FD0B8F1000F00F1140059
:1041F0000BDD08F105010CEB81010346002243F8B9
:10420000042B8B42FBD100EB8800296905F11403D4
:1042100019F01F0803EB810E2ED0C8F120090246C9
:104220004FF0000A196801FA08F141EA0A0142F860
:10423000041B53F8041B9E4521FA09FAF2D8AEEB91
:104240000503153B23F0030305F11502964538BF1E
:104250000023043340F803A0BAF1000F00D1344624
:104260007B6C6A68CCF8104053F8221029606046D5
:1042700043F82250BDE8F087043853F8042B40F887
:10428000042F9E45F9D8EAE7034B044862464FF4F1
:10429000EF7102F01FFB00BF0C2000202020002047
:1042A00003690A6900B5B3EB020E12D100F1140CD8
:1042B00014310CEB820301EB820101E09C4508D232
:1042C00053F8040D51F8042D9042F7D003D24FF06B
:1042D000FF3E704600BD4FF0010E704600BD00BFAE
:1042E0002DE9F04F17460A693B69A2EB0308B8F1C4
:1042F000000F83B00C4615D1143107F1140505EBFE
:10430000830501EB830302E0994280F0858053F836
:10431000046D55F8042D9642F6D080F08A804FF057
:10432000010805E0FBDB3B464FF000080F461C464A
:104330007968FFF701FD002800F086803A69266958
:10434000C0F80C8007F1100107F11408834600F152
:10435000140704F1140008EB820E944600EB860665
:104360000023B946C2460A46019450F8041B52F88D
:10437000045F8CB21FFA85F8A8EB0408090C984476
:10438000C1EB154101EB28411FFA88F848EA0144C6
:10439000864249F8044B4FEA2143E6D8A146019CE6
:1043A000301B1538153420F00300A64238BF00201A
:1043B0000AEB00010431C4198E4562460846DC460A
:1043C00098BF23461AD9A7EB0A070434C61950F838
:1043D000045B13FA85F82B442D0C05EB28459BB2A2
:1043E00043EA05498645C6F800904FEA2543EDD8D3
:1043F0000EF1FF335B1A23F003032344B9F1000FDE
:1044000004D153F8041D013A0029FAD06046CCF8D3
:10441000102003B0BDE8F08F0021FFF78DFC84462B
:1044200058B101220023C0E90423604603B0BDE86F
:10443000F08F3B4627461C467AE7074B0748624603
:1044400040F2372102F046FA0246034B034840F29D
:10445000452102F03FFA00BF0C2000202020002060
:104460002DE9F043894683B0012157EC106B90464B
:10447000FFF762FC0446002846D0C7F30A55C7F38D
:1044800013030DB143F480130193331E15D101A81A
:10449000FFF702FD019B636101212030216115B30B
:1044A000A5F233450544C0F13500C9F80050C8F8FD
:1044B0000000204603B0BDE8F08368460093FFF794
:1044C000EBFCDDE9002328B1C0F1200103FA01F182
:1044D0000A43C340002B0CBF012102216261A3618A
:1044E0002161002DDCD104EB8103A0F23240C9F838
:1044F00000001869FFF7A6FCC0EB4110C8F80000E7
:10450000204603B0BDE8F083034B0448224640F246
:104510000F3102F0DFF900BF0C2000202020002026
:1045200049B1FF2A02D80A70012070478A2303602C
:104530004FF0FF3070470846704700BF2DE9F04F3D
:104540002DED028BD1B00C4607919046099382461F
:1045500002F076F9036811931846FFF7C7F90822AD
:104560001090002120A8FEF79BFEA389180603D512
:104570002369002B01F06E8000239FED728BCDE943
:104580002533CDE9143327AA0D93249217461293AD
:104590001393059345462C466C4BD3F8CC61FEF73C
:1045A00035FF20AA034600921AA922465046B0477A
:1045B000002800F09880C0F28E801A9A252A0346BF
:1045C00001D01C44E8E7B4EB0508064640F08F80B4
:1045D00000234FF0FF328DF85F309B460693013485
:1045E0002378049201349946A9F120035A2B00F252
:1045F000AF80DFE813F0FE02AD00AD00FA02AD00BF
:10460000AD00AD00DD02AD00AD00A802B702AD0007
:10461000B302C002AD00BC025B005B005B005B004C
:104620005B005B005B005B005B00AD00AD00AD00BC
:10463000AD00AD00AD00AD002101AD009C01AC03AB
:10464000210121012101AD00AD00AD00AD00A803A5
:10465000AD00AD000803AD00AD00AD007302AD00CC
:104660006103AD00AD009807AD00AD00AD00AD0039
:10467000AD00AD00AD00AD002101AD009C01870192
:10468000210121012101ED0387016C00AD00080427
:10469000AD00F8033D0413046C00AD0073026A0022
:1046A0008303AD00AD00FB07AD006A00A9F1300344
:1046B000002214F8019B02EB820203EB4202A9F1F3
:1046C0003003092BF5D906928EE723788AE7237801
:1046D0004BF0200B86E70822002120A8FEF7E0FD22
:1046E00001231C4458E7B4EB0508064610D0259971
:1046F000269B013143440729C7E900582693259199
:1047000017DC0837059B43440593002E7FF460AF08
:10471000269B002B41F00383079B9B8903F04003FA
:10472000002B41F0CF86059851B0BDEC028BBDE85F
:10473000F08F079924AA504601F022FF0028EBD100
:1047400027AFDFE70000000000000000708F0020AE
:10475000B9F1000FDCD00023CDE90B3301228DF835
:10476000DC908DF85F3008930A9204930E9337AD76
:104770000292269A1BF08403904600F005819DF872
:104780005F1009B3DDF894C000260CF1010101208F
:104790000132786007290DF15F00CDE925123860FC
:1047A00000F33E8408377EB1DDF894C00CF10101BE
:1047B00018A80232386007294FF00200CDE925120F
:1047C000786000F320840837802B00F06583049B19
:1047D0000A995E1A002E00F3E8801BF4807F40F0F7
:1047E00021810A9B7B601A44259B3D600133072B86
:1047F0002692259300F3BC8308371BF0040F05D0E5
:10480000069B02995D1A002D00F31884DDE905313D
:1048100002988142ACBF5B181B180593002A40F038
:10482000778300232593089B1BB108995046FFF717
:1048300061F927AF2546AEE6099B073323F007034E
:10484000B3EC028B9FEDA17BB0EEC86BB4EE476B6F
:10485000F1EE10FA099300F33986B4EE488BF1EECD
:1048600010FA81F14685B9F1610F01F07A83B9F14F
:10487000410F01F07084049B013301F07F82B9F194
:10488000670F18EE903A4BF4807801F0F584B9F197
:10489000470F01F0F1840023089318EE903A002BA3
:1048A000C1F20885B0EE487B0026A9F14103252B13
:1048B00001F2DD81DFE813F0A50CDB09DB09DB0980
:1048C000700ADD0ADB09DB09DB09DB09DB09DB092F
:1048D000DB09DB09DB09DB09DB09DB09DB09DB09B8
:1048E000DB09DB09DB09DB09DB09DB09DB09DB09A8
:1048F000DB09DB09DB09DB09A50CDB09DB09DB09CB
:10490000700ADD0A1BF0200F40F0DE85099A1BF0CB
:10491000100F52F8046B41F01C861BF0400F0992F7
:1049200001F08E8046F3C038434636B21FE2B9F13B
:10493000430F03D01BF0100F00F065860822002102
:1049400022A8FEF7ADFC099A37AD126822AB2946C2
:10495000504602F0C5FF0A90013001F0AE850A9B77
:1049600023EAE3730293099B269A043309930023F5
:10497000CDE90B338DF85F30089304930E931BF051
:10498000840390467FF4FBAE0699029E8E1B002E98
:1049900000F321849DF85F1000297FF4F3AE049B9F
:1049A0000A995E1A002E7FF718AF4A49259B0F918E
:1049B000102E27DD39464FF0100837462E46254683
:1049C000079C04E0103F102F01F1080116DD0133B0
:1049D00040481032072BC1E90008CDE92532F1DD4E
:1049E00024AA2146504601F0CBFD002840F09882D1
:1049F000103F102FDDE9253227A9E8DC2C4635468B
:104A00003E460F4601330F9939603244072BCDE9FA
:104A100025327E6000F364841BF4807F07F1080771
:104A20003FF4DFAEB9F1650F40F3AC82B5EE408BD9
:104A3000F1EE10FA40F05283259B2749396001338B
:104A400001320121072B26922593796000F37F879D
:104A50000837199B0D998B4280F2EB84109B1199BA
:104A60001A44C7E90013259B26920133072B25938F
:104A700000F3D38508370D9B5D1E002D7FF7BDAE7B
:104A80001449259B0F91102D40F39787A146DDF81F
:104A90001C8010260C4604E00837103D102D40F312
:104AA0008B8701331032072BC7E90046CDE9253249
:104AB000F2DD24AA4146504601F062FD002840F094
:104AC0002F82DDE9253227AFE7E700BFFFFFFFFFB9
:104AD000FFFFEF7FCC860020BC200020DDF8248083
:104AE00058F8045B00238DF85F30002D00F0A1859D
:104AF000B9F1530F00F037871BF010030B9340F010
:104B00003287049B002BC1F2FC801A460B99284681
:104B1000FEF79CFE9DF85F300890002801F0488465
:104B2000089A521B0A9222EAE27202920BB10132F7
:104B300002920B9BCDF8248004930E930C93089360
:104B40004FF0730915E6099B53F8042B0692002ACF
:104B500080F27584069A09935242069223784BF0AC
:104B6000040B3FE52B238DF85F3023783AE523785B
:104B70004BF0800B36E5214611F8019BB9F12A0F65
:104B800001F09084A9F13003092B98BF002201F2B3
:104B9000DD8211F8019B02EB820203EB4202A9F1D4
:104BA0003003092BF5D942EAE27304930C461BE566
:104BB000504601F045FE436813931846FEF796FEF3
:104BC00015900646504601F03BFE82682378149209
:104BD000002E3FF407AD002A3FF404AD1278002AFE
:104BE0003FF400AD4BF4806BFCE423784BF0010BF9
:104BF000F8E49DF85F202378002A7FF4F3AC2022AC
:104C00008DF85F20EEE41BF0200F4BF0100000F059
:104C10002884099B073323F007031A46596852F882
:104C2000083B099200228DF85F20049A002A18DBC5
:104C300053EA010220F4906B15D1049A9AB910F04E
:104C400001031A46029300F0738630238DF83F313A
:104C5000049B0A92CDE90B330E9308930DF23F1596
:104C600087E520F4806B50AD03F00702DB0843EAD0
:104C70004173C908303253EA0106284605F8012D70
:104C8000F2D11BF0010F00F01582302A00F01282E1
:104C90003023049905F8013C023850AB1B1A9942A5
:104CA0004FF00002B8BF1946CDE90B2208920A93D3
:104CB000054602910E925CE51BF0200F4BF01001AF
:104CC00021D1099B1A1D099B04981B684FF000080D
:104CD00040458DF85F801E4659DB21F0800B002B8C
:104CE00040F08C850992002840F0E983CDE90B0063
:104CF0000A900E900290089050AD3AE51BF0200FFC
:104D000000F0BE835946099B073323F007020023B6
:104D10008DF85F30049BD2F8048052F8086B09923A
:104D2000002B35DB56EA080321F0800B31D1049BC0
:104D3000002B40F0C483CDE90B330A930E9302930A
:104D4000089350AD15E523784BF0080B4AE41BF0AF
:104D5000200F4BF0100300F07A83099A073222F0FB
:104D600007029B46536852F8086B09929846002B3D
:104D7000C0F2C282049A002A0BDB56EA08032BF029
:104D8000800B06D1002A00F04187302607E0099207
:104D90008B460A2E78F1000380F0BF823036049AE9
:104DA0009DF85F308DF83F61012AB8BF0122029261
:104DB00001220A920DF23F15002B01F06D83029B38
:104DC000013302930023CDE90B3308930E93D0E413
:104DD0002378682B03BF63784BF4007B01344BF0DE
:104DE000400BFFF7FFBB099A1BF0200F02F10403F1
:104DF00000F08883126805991160C9175160099302
:104E00002546FFF7C8BB23786C2B03BF63784BF0B4
:104E1000200B01344BF0100BFFF7E4BB099A049E02
:104E200052F8041B002047F630038642ADF860308C
:104E30008DF85F000B46C0F2DB832BF0800545F058
:104E4000020B002940F0D683002E00F0E68609927E
:104E500030230122CDE90A210E918DF83F310296CF
:104E60000DF23F154FF078098E4608910C91A5E39D
:104E70001BF0200F40F02583099A1BF0100F52F809
:104E8000043B41F05E831BF0400F00F0E9859BB2CC
:104E9000099258460021C5E6069B02995E1A002E2B
:104EA0007FF795AC8B49259B0F91102E24DD38465A
:104EB0004FF010082F4619462546864C04E0103E58
:104EC000102E00F1080013DD013110320729C0E96E
:104ED0000048CDE92512F2DD079924AA504601F0D9
:104EE0004FFBE8B9103E102EDDE9251227A8EBDCB8
:104EF0002C460B463D46074601330F993960324434
:104F0000072BCDE925327E6000F3638508375EE428
:104F1000079924AA504601F033FB00283FF481ACE6
:104F2000089B002B3FF4F8AB08995046FEF7E2FDD2
:104F3000079B9B8903F04003FFF7F2BB109B11997D
:104F40001A44C7E90013259B26920133072B2593AA
:104F500000F3068707F108010028C1F21E810D98B1
:104F60000D6001330244072BCDE92532486046DD50
:104F7000079924AA504601F003FB0028D0D1269AB5
:104F800027AF3AE40D98259B012802F1010203F1B5
:104F9000010307F1080140F364810120072BCDE9EB
:104FA00025323D60786000F32C821098119E013309
:104FB0000244072BC1E90060CDE9253200F32D82C0
:104FC00008310D98B5EE408BF1EE10FA00F1FF3686
:104FD00000F05F81013301353244072BCDE92532E2
:104FE0000D604E6000F3498108311298486001332A
:104FF0000244072B1CA8CDE925320860B8DC01F17A
:105000000807FFF7FABB07990F9324AA504601F04F
:10501000B7FA002884D1269A0F9B27AFFFF7D4BB9D
:1050200007990F9324AA504601F0AAFA00287FF4AA
:1050300077AF269A0F9B27AFFFF7B5BB102D259BA7
:1050400041F3D580A046DDF81C90234C102604E0E7
:10505000103D102D07F1080715DD01331032072B25
:10506000C7E90046CDE92532F2DD24AA494650467B
:1050700001F086FA00287FF453AF103D102DDDE9D2
:10508000253227AFE9DC21464446884601332A44CD
:10509000072BC7E90085CDE925327FF7B7AB079924
:1050A00024AA504601F06CFA00287FF439AF269A02
:1050B000FFF7ACBB049950AA521B91424FF000037A
:1050C000B8BF1146CDE90B3308930A9202910E93B3
:1050D000FFF74FBBCC860020808200201998002863
:1050E00040F300840B9B0D998B42A8BF0B46002B0D
:1050F00098460ADD1A44C7E90053259B26920133DE
:10510000072B259300F3B48708370B9EB8F1000FE7
:10511000A8BFA6EB0806002E00F3AB820B9B1BF486
:10512000806F03EB050940F0CA82199B0D998B42F1
:1051300003DB1BF0010F00F07D85109911980A44E4
:10514000C7E900012599269201310729259100F32D
:105150009B8708370D996E18A6EB0906CD1AAE424B
:10516000A8BF2E46002E0BDD259BC7F8009001330B
:105170003244072B7E602692259300F3D3870837AD
:10518000002EA8BFAD1B002D7FF737ABB949259B7B
:105190000F91102D40F31184A146DDF81C801026DC
:1051A0000C4604E00837103D102D40F30584013310
:1051B0001032072BC7E90046CDE92532F2DD24AADB
:1051C0004146504601F0DCF900287FF4A9AEDDE944
:1051D000253227AFE7E72599102E404640F3618737
:1051E0000F943A46A846079CA34D1F4604E0103E84
:1051F000102E02F1080216DD0131103010230729AC
:10520000CDE9251015605360F1DD24AA21465046F2
:1052100001F0B6F900287FF483AE103E102EDDE9D0
:10522000251027AAE8DC3B460F9C17462A46454630
:10523000904601F1010C3218BCF1070FCDE925C2EF
:10524000C7F800807E6000F336839DF85F10083752
:10525000002940F0F880002B3FF4B9AA0B46FFF775
:10526000A5BA1BF0010F7FF498AE0120072BCDE902
:1052700025323D6078607FF7B8AE079924AA504682
:1052800001F07EF900287FF44BAEDDE9253227A935
:10529000ABE60D9801287FF7A8AE112875480F904E
:1052A00040F3B783A046079F1025044604E0083169
:1052B000103E102E40F3AC8301331032072BC1E9AE
:1052C0000045CDE92532F2DD24AA3946504601F0E9
:1052D00057F900287FF424AEDDE9253227A9E7E756
:1052E000079924AA504601F04BF900287FF418AE24
:1052F000269A27AFFFF771BA2D238DF85F30049BF4
:10530000764268EB4808002BFFF643AD0A2E78F191
:1053100000032BF0800BFFF441AD0294CDF82890F0
:1053200050A9DDF8509008974FF0000C0BF4806402
:1053300026E016EB0803514843F10003A0FB0320CD
:1053400020F0030202EB90029B1AF31A4B484FF035
:10535000CC32B646474602FB03F268F1000800FB78
:105360000822A3FB0063BEF10A0F13444FEA56065E
:1053700077F10007294646EAC3764FEA53082DD352
:105380003E4D16EB080343F10003A5FB032020F07C
:10539000030202EB90029B1AF31AA3FB053268F199
:1053A000000005FB00225B0843EAC27303EB8303A2
:1053B000A6EB430330330CF1010C01F8013C4D1E08
:1053C000002CB6D099F800306345B2D1BCF1FF0F84
:1053D000AFD00A2E78F1000380F0B3830499029CC9
:1053E000CDF8509050AB5A1B9142B8BF1146DDF832
:1053F0002890089F9DF85F30CDF834C00A92029142
:10540000DAE4079924AA504601F0BAF800287FF49C
:1054100087ADDDE9253227A9C7E5079924AA5046BB
:1054200001F0AEF800287FF47BADDDE9253227A935
:10543000C7E51BF0010F3FF4E0A9FFF70FBB09938D
:105440002378FFF7CFB81E460023FFF79EB9099ACD
:105450000432099909920E684FEAE6789B46434662
:1054600085E4099B1A1D099B09921B680021FFF71F
:10547000D9BB00BFCC86002080820020CDCCCCCC14
:10548000099A1BF0100052F8043B41F057801BF0C2
:10549000400100F0A8818DF85F009BB204994FF0A5
:1054A000000841451E46C0F2A9812BF0800B002B5D
:1054B00040F0A481049B0992002B3FF43CAC0026F1
:1054C0006CE45846FFF7A5BB5B4646E4B5EEC08BDF
:1054D000F1EE10FA2BF0800B00F11E839DF85F3087
:1054E000B9F1470FCCBFA44DA44D002B40F052871B
:1054F0000322CDE90B3308930A9204930E93029290
:10550000FFF737B91BF0100F40F07C821BF0400F03
:1055100040F0A7831BF4007F00F07482099A05997C
:10552000126811706BE4964E1BF0200F00F07D8125
:10553000099B073323F007031A46586852F8083BC3
:1055400009921BF0010140F05C81049A8DF85F1014
:10555000002AC0F28B8153EA00022BF4906B00F01A
:10556000948103F00F02B25C8DF83F211B0943EADE
:105570000073020953EA10100DF23F150BD003F02F
:105580000F001B09305C05F8010D43EA0273120994
:1055900053EA0200F3D1049A50AB4FF0000E5B1BAC
:1055A0009A42CDE90BEEB8BF1A460A930292CDF8A3
:1055B00020E0CDF838E000293FF4DBA8029BDDE9CC
:1055C00025C2023302931BF084039046614604D146
:1055D000069E0298361A002E06DCBEF1000F3FF43C
:1055E000E5A80226FFF7D1B80223F5E5654E9BE753
:1055F0004BF0020B0992634E03F00F020221B25CE2
:105600004FF07809B0E7099B1B688DF8DC30012367
:1056100002930A9337ADFFF7A6B9079924AA50461B
:1056200000F0AEFF00287FF47BAC269A27AFFFF78F
:1056300022BA049B0895062B28BF062302930A93DF
:105640002B460495CDE90B334F4DCDF824800E93B6
:10565000FFF78FB840215046FCF72CFF079B1860DE
:105660001861002800F06087079A40235361FEF715
:1056700083BF102E259B40F32E874448DDF81C8005
:105680000F9039464FF01009074604E00831103EEC
:10569000102E40F32B8201331032072BC1E9007921
:1056A000CDE92532F2DD24AA4146504600F068FFDC
:1056B00000287FF435ACDDE9253227A9E7E70D9B0B
:1056C000DDF83880CDF83CB0EB1804930C9BDDF886
:1056D0001CB00B94002B4E463946DDF85090159FB8
:1056E0000E9531DDB8F1000F40F32B8108F1FF3842
:1056F0002598139B01303A440728C1E900372692C8
:10570000259000F39F800831049B99F800009D1BB1
:105710008542A8BF0546002D0CDD259801302A449E
:105720000728C1E900652692259000F35E8199F86B
:1057300000000831002DACBF441B0446002C14DCD3
:1057400006440C9B002BCDDCB8F1000FCEDCDDE96C
:105750000D35EB189E42CDF850900B9CDDF83CB017
:10576000B1460F4628BF9946DFE4102C2598074B19
:105770002BDD10250A9310E0802000207C200020E3
:10578000A02000208C200020B4200020CC86002007
:10579000103C102C01F1080116DD0130AE4B103227
:1057A0000728C1E90035CDE92502F1DD24AA5946D3
:1057B000504600F0E5FE00287FF4B2AB103C102C00
:1057C000DDE9250227A9E8DC0A9B0B6001302244B1
:1057D0000728CDE925024C6000F3588399F80000B2
:1057E00008310644ADE71BF4007840F0328204999A
:1057F0008DF85F8000291E46BFF657AE0992FFF76D
:10580000C8BA53EA000237D030228DF86020002257
:105810008DF85F20049A8DF86190002A23DB2BF429
:10582000906242F0020B02219BE6099A1BF0100FD6
:1058300052F8043B099214D11BF0400F0DD09BB2DB
:1058400000207EE624AA5946504600F099FE002822
:105850007FF466AB269A27A956E71BF4007F40F039
:10586000F58100206DE64BF0020B022103F00F02E0
:105870002BF4806BB25C77E6049B00218B428DF8A1
:105880005F10C0F241812BF4906B049A002A00F063
:10589000CB80012A33788DF83F31B8BF0122002335
:1058A00002920122CDE90B3308930A920E930DF276
:1058B0003F15FEF75EBF07990F9324AA504600F0EC
:1058C0005FFE00287FF42CAB9DF85F10269A0F9B9B
:1058D000002900F0AC801E46DDF894C0034627AFD7
:1058E000FEF753BF259B5D49396001330132012129
:1058F000072B26922593796000F37C8108370028D6
:105900007FF41CAB0D990BF001030B433EF475AF14
:10591000109B11991A44C7E90013259B2692013365
:10592000072B259300F31C8207F10801FFF717BB33
:10593000049B0A93CDE90B330E93089350ADFEF709
:1059400018BF0C9B013B09F1FF390C93D0E6079976
:1059500024AA504600F014FE00287FF4E1AA269AFB
:1059600027AFFFF776B80822002122A81B95FDF784
:1059700097FC049B002B7DDB00260294CDF8208051
:10598000344698460EE037A9504601F0A9FF411C65
:10599000204400F09484404509DC06F1040600F040
:1059A000008504461B9A925922AB002AEBD10A9437
:1059B000DDF82080029C6AE04C4601330F99396083
:1059C0002A44072B7D60CDE925327EF715AFFFF71E
:1059D000CFBA079924AA504600F0D2FD00287FF4E0
:1059E0009FAA269A27AFFEF7F2BE24AA5946504630
:1059F00000F0C6FD00287FF493AA99F80000269ACB
:105A000027A997E6099A059912681160FFF7F7B977
:105A1000444601330F9808603244072BCDE9253204
:105A20004E607FF7E1AA28E4049BFFF784B9002BBE
:105A300000F00981DDF894C00B4627AFFEF7B6BE33
:105A40001BF4007F16BF46F3C0184FEAE67876B223
:105A50004346FFF78CB900BFCC860020BC20002055
:105A60001BF4007100F0F980DBB209925846002166
:105A7000FFF7D8B822AB009300231BAA1946504663
:105A800001F056FF0A90013000F019841B950A9B23
:105A9000002B00F09F80632B00F34C8100230893C0
:105AA00037AD0822002122A8FDF7FAFB0A9E22AB9F
:105AB00000931BAA33462946504601F039FF86421F
:105AC00040F042850A9A0023AB5422EAE272029225
:105AD0009DF85F20049312B1029A01320292CDE93F
:105AE0000B33CDF824800E93FEF743BE0F460133EF
:105AF0000F9939603244072BCDE925327E6000F3DF
:105B000023810837FFF70ABB33788DF83F312BF438
:105B1000806B0DF23F153EE52D238DF85F30B9F116
:105B2000470F4FF000030893049340F3E6800322ED
:105B3000964D0A92CDE90B330E9304230293FEF7A0
:105B400018BE159A1399AD1A2846FDF729FC99F845
:105B500001300BB109F101098D4A16EB080343F13D
:105B60000003A2FB030727F0030000EB97001B1ABA
:105B7000F31A4FF0CC3168F1000803FB01F102FB8E
:105B80000811A3FB023001445B0843EAC1764FEAE7
:105B9000510816EB080343F10003A2FB031020F0A9
:105BA000030101EB90015B1AF31AA3FB023168F1C8
:105BB00000005B0802FB001243EAC27303EB83039D
:105BC000A6EB4303303305F8013C4FF0010C013DD7
:105BD000FFF7F8BB9DF85F30CDF82480003B18BF7D
:105BE000012302930A9B0493CDE90B330E93089390
:105BF000FEF7BFBD079924AA504600F0C1FC00285B
:105C00007FF48EA91998269A27AF78E69DF85F3021
:105C100002920A9250ADFFF7CFB8049B0992CDE9EA
:105C20000A330E930C93029350AD4FF078099E46C1
:105C30000893C3E46E18A6EB0906CD1AAE42A8BFBE
:105C40002E46FFF79DBA27AFFEF7C1BDDBB200209D
:105C500077E48DF85F10DBB220E409925846FEF736
:105C6000E1BF099A059912681180FFF7C8B822AB05
:105C700001931BAB0093B0EE470B049A19AB0221C2
:105C800050468DED027B00F015FF9DED027B054631
:105C90001BF0010F40F05582229B5A1B199B0D925D
:105CA000D81C0B93C0F2018204999942C0F20B8177
:105CB0009A4200F392820B9B0A931BF4806F03D0ED
:105CC0000B9B002B00F32D830A9B23EAE373C3464F
:105CD00002934FF0670900230E930C930BF002011F
:105CE000002E00F0CA804FF02D0E8DF85FE0029B71
:105CF00001330293002304935DE40322254D0A92AD
:105D000018E72846FDF7F2FD9DF85F300A9020EA7B
:105D1000E0720292002B3EF40CAFFEF708BF079C26
:105D200024AA2146504600F02BFCA38903F040032F
:105D3000FEF7F6BC591C5046FCF7BCFB0546002894
:105D400000F0F6830890ACE6079924AA504600F0CC
:105D500017FC00287FF4E4A8269A27AFFFF7DEB9E6
:105D6000079924AA504600F00BFC00287FF4D8A81D
:105D7000DDE92532199827A9FFF7EEB8002308932B
:105D8000062304934BF48078FEF787BD8020002023
:105D9000CDCCCCCC7C200020049B01330D93022180
:105DA00022AB01931BAB0093B0EE470B19AB0D9ADE
:105DB00050468DED027B00F07DFE0D9B29F0200CFE
:105DC000BCF1460F9DED027B054600EB030100F0A0
:105DD0009880B5EE407BF1EE10FA00F0D882229B5D
:105DE000994288BF4FF0450C40F2CF8230205A1CB8
:105DF00022921870229B8B42F9D35B1B0D93BCF14E
:105E0000470F199B0B9356D0BCF1460F00F08F80C3
:105E10000B9B8DF87090013B002B1993C0F24C81C5
:105E20002B22092B8DF8712000F34F8130228DF841
:105E300072200DF17302303302F8013B1CABD31A10
:105E400012930D9B129A012B1A440A9240F341823D
:105E50000A9B109A13440A930A9A2BF4806343F422
:105E6000807B22EAE2720023CDE90B330E9302928B
:105E700034E7049B0D93032192E79DF85FE0BEF1A8
:105E8000000F7FF434AF0496FFF795BB24AA594660
:105E9000504600F075FB00287FF442A899F80000F6
:105EA000269A27A906444CE4199B0B934B1BBCF183
:105EB000470F0D933BD10B9B0333C0F2F680049B3D
:105EC0000B9A93420FDA0B9B013BA9F10209002BBD
:105ED0008DF870901993A3DA0B9B2D22C3F1010367
:105EE0008DF87120A2E70D9B0B9A934200F3758108
:105EF0001BF0010F0B9B00F0B282109A13440A931F
:105F0000DBE62B78302B00F06182199B1944B5EE4B
:105F1000407BF1EE10FAC7D0229B8B42FFF466AFB4
:105F20005B1B0D93BCF1470F199B0B93C3D00B99CF
:105F3000049A0BF00103002943EA020340F3CF82E5
:105F4000002B40F01A820B9B0A934FF066091BF45A
:105F5000806F40F0E8810A9B23EAE373C346029313
:105F6000B9E647F63003ADF86030049B632B4BF085
:105F7000020B00F35C8118EE903A002BC0F23B81DB
:105F8000B0EE480B19A800F061FCB4EE007B20EEE7
:105F9000077BB5EE407BF1EE10FA40F04082012322
:105FA0000026199337AD0896AE480499B3EE004B1E
:105FB0002B4606E0B5EE407BF1EE10FA00F00F82C2
:105FC000114627EE047BFDEEC76B4A1E16EE90CA03
:105FD00010F80CE0B8EEE65B9C4637EE457B03F824
:105FE00001EB0029E6D1B6EE005BB4EEC57BF1EE25
:105FF00010FA08DCB4EE457BF1EE10FA1ED116EE75
:10600000902AD2071AD5CDF888C013F8011C90F851
:106010000FC08C451A460AD14FF0300E02F801EC41
:10602000229A511E229112F8011C6145F6D039299D
:1060300016BF0131817AC9B202F8011C199A5B1BA3
:106040000D93B9F1610F02F1FF33199300F01F8234
:1060500050214FF04109002B8DF87010C0F20E82D4
:106060002B22092B8DF871202FDC0DF17202E2E654
:10607000079924AA504600F083FA00287EF450AF16
:10608000269A27AFFFF741B8079924AA504600F097
:1060900077FA00287EF444AF199B269A27AFFFF7C2
:1060A00059B8DFF8CC81FFF7C4B80B9BA9F10209FE
:1060B000013B8DF8709019930B9A2D238DF8713058
:1060C000C2F101030832BFF6B1AE0DF17F0CDFF86B
:1060D000A4E162461046AEFB0312D20802EB820135
:1060E000A3EB41013031632B00F8011C134600F192
:1060F000FF32EFDC303302F8013C831E634580F051
:10610000C8810DF1710213F8011B02F8011F6345EC
:10611000F9D103F5A0736B44CC3B1B1A1CAA9B1A44
:1061200012938EE6079924AA504600F029FA002817
:106130007EF4F6AE199D0D9B269A5D1B27AFFFF7E7
:106140001FB8049B4FF0470CE918E0E600230C460B
:106150000493FEF749BA45F63003ADF86030049B6E
:10616000632B4BF0020B62DC18EE903A002B42DB03
:10617000B0EE480B19A800F069FBB4EE007B20EEEE
:10618000077BB5EE407BF1EE10FA01D101231993A4
:1061900000263548089637AD07E7464210303348A9
:1061A0000F9052DA1027804603E00831103E102E7F
:1061B0004BDD01331032072BC1E90087CDE92532D1
:1061C000F3DD079924AA504600F0DAF900287EF49E
:1061D000A7AEDDE9253227A9E8E70D9B109A9A18AA
:1061E0000B9B0A92002B79DD4FF06709AFE6DFF8D1
:1061F0008080FEF74BBF0023089337AD2D26B1EE0C
:10620000487BB0EE470B19A800F020FBB4EE007BF2
:1062100020EE077BB5EE407BF1EE10FA04BF0123C0
:106220001993B9F1610F3FF4BFAE0F48BDE6049B6F
:106230005046591CFCF73EF90546002800F03D8108
:1062400008904BF48078FEF728BB01330F98086064
:106250003244072BCDE925324E6000F3028108312C
:10626000FEF77DBE8C200020A0200020CC860020E0
:1062700080820020CDCCCCCC049A002A00F0D480BF
:10628000002BC0F22481B0EE487B002622AB0193A4
:106290001BAB0093B0EE470B19AB049A022150469A
:1062A0008DED027B00F006FC00239DED027B054690
:1062B0000893EDE42D26B1EE487BFEF7F6BA079B76
:1062C0009B890022089243F04003079A9381FEF7CE
:1062D00027BE1BF0010F3FF4BFADB9E5C3F10103C9
:1062E0001A4422EAE273C3460A9202934FF0670906
:1062F000F1E418EE903A13F000432BF0800B0B936F
:1063000000F09A802D238DF85F30B9F1470F4FF0E0
:1063100000030893049340F3F8800322944D0A92FB
:1063200008E44FF0670914990B78FF2B00F0F88010
:1063300000200B9A0E90844603E001300131FF2BC0
:1063400009D0934207DAD21A4B78002BF5D10B789B
:106350000CF1010CF3E7CDE90B201491CDF838C016
:106360000C9A0E9B159913440A9A01FB03230A9376
:1063700023EAE373C3460293B0E4109B02EB0109E6
:106380004B440A934FF06609E1E55B1B0D93199BA3
:106390000B933DE50023032208930A920493FFF731
:1063A000C9BB049B029CDDF820800A93FFF76FBBFA
:1063B000CDF824801BB3049B0A935A1C02920490CC
:1063C0000E900C904FF07309FEF7D3B9B5EE407BF9
:1063D000F1EE10FA1ED1199B0B93194466E5002AC1
:1063E0000491FFF62BAE0499302001EB030C194603
:1063F00001F8010B6145FBD11A44531C1EE6049BB6
:106400000A930293089B0E930C9304934FF0730925
:10641000FEF7AFB90D9BC3F10103199376E5002692
:106420005448089637ADC0E5934273DBB0EE487B25
:106430000123049E049329E79DF85F30B9F1470FCB
:10644000CCBF4B4D4C4D002B40F086800322049373
:106450000A920E930C9308930292FEF78AB90A935C
:106460002BE4079924AA504600F08AF800287EF40D
:1064700057ADDDE9253227A9FEF771BD2D238DF833
:106480007130C2F101030832FFF61FAEEDE5702155
:10649000E1E502231293D4E4CDE90B3308930E9384
:1064A000FEF767B9099A63780C4652F8041B099203
:1064B00041EAE1710491FEF795B8079A938943F098
:1064C000400393814FF0FF330593FEF72CB92D263F
:1064D000B1EE487BDAE629490F91FFF708BBC346C6
:1064E00033B9012302934FF066090A93FFF7F3BB18
:1064F000109B03F10109049B4B440A9323EAE373C5
:1065000002934FF06609FFF7E6BB03221A4D0A9289
:10651000FFF710BB01232D260493B1EE487BB5E6AF
:1065200000230E930C931BE70C23CAF80030C9E735
:10653000079B08909B8943F04003C6E65946FEF747
:10654000C2BB5846FEF78FBF079B9B8943F04003B1
:10655000BBE65B46FEF77DBF002304930E930C93CE
:10656000089303230A9304230293FEF702B900BFA2
:10657000882000208C20002084200020CC86002051
:106580002DE9F0411546926802B32C68074688460B
:10659000083401E00834C9B16B68581E002B11465D
:1065A000686013DD54F8046C002EF3D0334654F8C1
:1065B000082C4146384602F051FB431C07D0AA681C
:1065C000921B1146AA6008340029E5D1002000235F
:1065D000C5E90133BDE8F08170B5002941D0064618
:1065E0000C4610B1436B002B3ED0FCF7A3FC636E4E
:1065F000B4F90C20DD0730D4900538D5214630465B
:1066000000F04CF8E36A054633B1E169304698473B
:106610000028B8BF4FF0FF35A3891A0639D4216B83
:1066200041B104F14003994202D03046FDF762FACD
:1066300000232363616C21B13046FDF75BFA002330
:106640006364636E0022DB07A2811ED5A06DFCF798
:1066500077FFFCF775FC284670BD002ACED1FCF709
:106660006FFC0025284670BDFCF746FCBDE7A06D19
:10667000FCF768FFB4F90C30002BBFD1636ED9076B
:10668000EDD4A06DFCF760FFE9E7A06DFCF75CFFBF
:10669000DCE721693046FDF72DFAC0E7B1F90C209F
:1066A0002DE9F041804610070C4650D4496842F469
:1066B00000630029A38164DDA66A002E44D0002176
:1066C00012F48052D8F80050C8F8001065D1E16982
:1066D00001234046B047411C02466CD0B4F90C304F
:1066E000A66A5B0705D56368D21A236B0BB1E36B0F
:1066F000D21A0023E1694046B047471CB4F90C3078
:106700004DD1D8F800101D2940D8304ACA40D607CC
:106710003CD52269226023F40062A281D9044FF0A3
:106720000002626003D5D8F80030002B41D0216B05
:10673000C8F8005041B104F14003994202D04046EC
:10674000FDF7D8F9002323630020BDE8F0810E692E
:10675000002EF9D00D680E6092070CBF4B69002324
:10676000AD1B8B600AE02B463246E169676A404602
:10677000B8470028A5EB0005064406DD002DF2DC35
:10678000E2E7E16B002997DCDEE7A38943F04003F1
:10679000A3814FF0FF30BDE8F081226DA1E72269AF
:1067A000226023F40062A281DB044FF000026260E9
:1067B000BDD52065BBE7D8F80030002B8ED01D2B4F
:1067C00001D0162BE1D1C8F80050BDE701004020F0
:1067D00000B5034683B008B1426B52B3B1F90C0067
:1067E00098B14A6ED20701D4820512D5184600919D
:1067F000FFF754FF00994A6E0346D00702D48A89F6
:1068000092050ED5184603B000BD0346184603B0E6
:1068100000BD886D01930091FCF794FEDDE9001343
:10682000E4E7886D0093FCF78FFE009B184603B0E9
:1068300000BDCDE90001FCF75FFBDDE90031CDE7EC
:106840000048704748910020000000004DF804BD4A
:1068500083B08DED000B019ADFF870C022F0004389
:1068600000216345016025D8DDF800C053EA0C0C17
:1068700020D0DFF85CC002EA0C0CBCF1000F0AD19A
:106880009FED107B20EE077B8DED007B019A6FF072
:10689000350122F00043DDE900BC6FF31E5242F0E7
:1068A0007F5C1B154CF4001CA3F2FE33CDE900BC49
:1068B0000B4403609DED000B03B05DF804BB704713
:1068C000AFF300800000000000005043FFFFEF7FA7
:1068D0000000F07F00B50B4C2468864685B0E06868
:1068E0009C460C4652B108490094CDE9011273460A
:1068F0000649624601F028F8FAF7C0F804490A464A
:10690000F2E700BFD8910020C0200020D020002056
:106910000C13002010B5A1FB021482B074BBFBF76E
:10692000C9FD034670B350F8042C22F00302043A68
:10693000242A10D8132A16D91B2AC0E900441AD9D0
:10694000242AC0E902440ABFC0E9044400F110014E
:1069500000F1180108E021460190FCF7A1FC019B21
:10696000184602B010BD014600221846C1E90022B7
:106970008A6002B010BD00F10801F5E7FCF7B2FD36
:106980000C2303600023184602B010BD2DE9F04F20
:1069900003690C69A34283B0C0F28880013C01F115
:1069A000140500F1140855F8243058F82420013358
:1069B00008EB84069A4200964FEA840B05EB8407A5
:1069C000B2FBF3F63AD300230191C64629469C4612
:1069D00051F8042BDEF800901FFA82FA06FB0A3306
:1069E0004FEA134A120C06FB02A29BB21FFA89FA65
:1069F000AAEB030363441FFA82FCCCEB234C0CEBA1
:106A0000194C9BB243EA0C438F424EF8043B4FEAC9
:106A10002C4C4FEA1243DBD258F80B3001996BB97A
:106A2000009B043B984504D307E0984504F1FF34EC
:106A300003D21A68043B002AF7D004618146FDF7AF
:106A40002FFC00282EDB01364146002255F8040BAE
:106A5000D1F800C01FFA80FE1FFA8CF3A3EB0E03DF
:106A60001344020CC2EB234202EB1C429BB243EAEA
:106A70000243AF4241F8043B4FEA2242E6D258F8C3
:106A8000242008EB84036AB9043B984504D307E04B
:106A9000984504F1FF3403D21A68043B002AF7D06A
:106AA000C9F81040304603B0BDE8F08F002003B0B5
:106AB000BDE8F08F2DE9F04F93B08DED000B049100
:106AC000816B1C9D069257EC106B0446089341B1F4
:106AD000C26B4A60012393408B60FDF757F9002396
:106AE000A363B7F10008B4BF012300232B60A34BBD
:106AF000BCBF28F00048CDF8048033EA080300F05A
:106B000092809DED007BB5EE407BF1EE10FA0DD149
:106B1000089A012313601D9B13B11D9A984B1360B3
:106B2000984B0293029813B0BDE8F08F10AAB0EE14
:106B3000470B11A920468DED027BFDF791FC5FEA22
:106B400018539DED027B109A834640F08280119B82
:106B5000134403F23241202940F3E281C1F14001A4
:106B600008FA01F803F2124126FA01F148EA01019C
:106B700006EE101AB8EE466B013B16EE901A4FF077
:106B80000108A1F1F8719FED772BB7EE081B9FED7F
:106B9000775B9FED784B06EE901A03EE903A36EE57
:106BA000416BB8EEE33BA6EE025BB0EE456BA3EEA5
:106BB000046BFDEEC65BB5EEC06BF1EE10FACDEDE9
:106BC000055A00F1C0800599D21A162902F1FF3A40
:106BD00000F2A4806C4B03EBC10393ED006BB4EEA9
:106BE000C67BF1EE10FA00F1A281002A40F3C084C6
:106BF0000027CDE90A178A4400230993049B092B37
:106C00003DD8052BC4BF043B0493049BA3F10203AE
:106C1000CCBF00250125032B33D8DFE813F0FA01A0
:106C2000F701ED019201089AC8F3130842F20F73BD
:106C300058EA060813601BD11D9B002B00F042860A
:106C4000524B029308331D9A0298136013B0BDE8AB
:106C5000F08F17EE901AB0EE476BC1F3130141F0BD
:106C60007F51A3F2FF3341F440114FF000088AE74F
:106C70001D9B002B40F06181454B029352E700239E
:106C800004930025E563294620468DED067BFDF73C
:106C900053F89DED067B0290002800F0B485119A10
:106CA000029BA363002A75DB05990E2972DC364B23
:106CB00003EBC10393ED003B87EE036BBDEEC66BA8
:106CC000029916EE103A303301F8013B4FF0FF39CC
:106CD000B8EEC65BA5EE437B0123B2EE044B11E098
:106CE00087EE036BBDEEC66B013316EE102A4B45E3
:106CF00002F13002B8EEC65B01F8012BA5EE437B32
:106D000000F0A38427EE047BB5EE407BF1EE10FA91
:106D1000E6D1059B013304930D46ECE001230B9370
:106D2000059BBAF1000FBABFC2F101074FF0000A8C
:106D30000027002B80F2F180059BFF1A5B4209932C
:106D400000230A935AE7B8EEE55BB4EE465BF1EE3A
:106D500010FA3FF438AF05990139059133E700BFC8
:106D6000AFF3008061436F63A787D23FB3C8608BE6
:106D7000288AC63FFB799F501344D33F0000F07F21
:106D8000BD200020BC200020A802002000210020FF
:106D90000C2100204FF0FF390695CDF83090B8F166
:106DA000000F00F0E984DDF8248002F23342012173
:106DB00020469244BD18FDF7AFF80646002F40F07C
:106DC0009F82099B002B00F09383B8F1000F40F0E5
:106DD00077835946099A2046FDF790F901238346A7
:106DE000099301212046FDF797F80A9B8046002B66
:106DF00040F04582049B012B40F3AA8201205044BD
:106E000010F01F0000F008811B2800F3D582C0F1AC
:106E10001C00054407448244002D05DD59462A46DE
:106E20002046FDF7C7F98346BAF1000F05DD41465C
:106E300052462046FDF7BEF980460B9B002B40F0E2
:106E40000082B9F1000F40F3D781099B002B40F07D
:106E50002481059B01330493029F012507E05946D5
:106E600000230A222046FCF79BFF0135834641465A
:106E70005846FFF78BFD4D4500F1300A07F801AB8E
:106E8000EDDB029BB9F1000F03F1010209F1FF39BB
:106E90004FF00003D8BF4FF00009914400935946CA
:106EA00001222046FDF786F941468346FDF7F8F9B1
:106EB000002840F32083029A02E0914500F02683E7
:106EC0004D4609F1FF3915F8013C392BF5D0013356
:106ED00089F8003041462046FCF758FF5EB1009B20
:106EE0002BB1B34203D019462046FCF74FFF314681
:106EF0002046FCF74BFF59462046FCF747FF00238E
:106F00002B70089B049A1A601D9B002B3FF40AAE5D
:106F100002981D6013B0BDE8F08F9A440A936BE6A7
:106F2000C1F1200106FA01F106EE101A22E6059BD6
:106F3000013B059300230B93F2E6AC4B0293033322
:106F400081E601230D93DDE90523134403F10109D3
:106F50004E46012E0C93B8BF0126172E40F39C8499
:106F6000012204235B0003F11400B042114602F138
:106F70000102F7D9E16320468DED0E7BFCF7DCFEC4
:106F80000290002800F03F84B9F10E0F9DED0E7BBA
:106F9000A06346D8002D44D00599002940F3F18222
:106FA000934B01F00F0203EBC203CD0593ED006B91
:106FB0004FEA211340F18A838E4A92ED085B03F079
:106FC0000F03032187EE054B002B00F0FB81894A5C
:106FD00001E05B100832D80703D45B100832DE07EB
:106FE000F7D592ED005B5B1001F1010126EE056B18
:106FF00000F0E8810832F2E701230D93069B002B95
:1070000040F38B81069E0C96B146A6E700230D93B4
:1070100099E700230D93F1E71C20054407448244BF
:10702000FAE6119A002AC0F24081059B0E2B00F36C
:107030003C816F4B059A03EBC20393ED003B069B2B
:10704000002B80F2ED82B9F1000F00F3E98240F0ED
:107050008682B1EE046B23EE066BB4EEC67BF1EED6
:1070600010FA494640F27C82029D312305F8013B2B
:107070002046FCF78BFE059B023304933BE7314629
:1070800000230A222046FCF78BFE0C9B002B0646B1
:1070900040F3FA83DDF830900595002F05DD314689
:1070A0003A462046FDF786F806460A9B002B40F03C
:1070B000F6823746029D6B1E4B440A93009B03F0F9
:1070C00001030C9341465846FFF760FC31460B9094
:1070D00000F1300A5846FDF7E3F8414681463A464A
:1070E0002046FDF7FDF8C3680146002B36D1099014
:1070F0005846FDF7D5F8099906902046FCF746FE5C
:10710000069A002A5AD1049B1BB90C9B002B00F055
:10711000A483B9F1000F43DB0A9BA9469D4209F8FD
:1071200001AB00F0D782594600230A222046FCF723
:1071300037FEBE42834631464FF000034FF00A024D
:10714000204635D0FCF72CFE3946064600230A229D
:107150002046FCF725FE4D460746B3E72046FCF7E0
:1071600015FEB9F1000F08DB009B03F00102049B40
:1071700049EA030952EA09022ED159460122204662
:10718000FDF718F841468346FDF78AF8002840F3DA
:107190004183BAF1390F00F024830B9B03F1310ACC
:1071A00005F801AB059B0096013304933E4691E63A
:1071B000FCF7F6FD4D460646074683E7B9F1000F9A
:1071C000C0F28483049B49EA03090C9B53EA090932
:1071D00000F07C83002A9FDDBAF1390F00F00183B3
:1071E0000AF1010305F8013BDCE700BF0C21002098
:1071F000A802002080020020049B022B7FF725AE0E
:10720000B9F1000F40F0008241464B46052220466E
:10721000FCF7C6FD014680465846FDF741F8484553
:1072200040F3F281029D312305F8013B414620469F
:10723000FCF7ACFD059B02330493002E7FF457AEA0
:1072400059E641465846FDF72BF80028BFF6F9AD40
:10725000594600230A222046059DFCF7A1FD099B03
:10726000013D8346002B7FF40AAF0C9B002B40F3BB
:10727000FE82059BDDF8309004930595ECE51A46F7
:1072800001462046FCF73AFF049B012B804640F361
:10729000F98100230A93D8F8103008EB83031869AA
:1072A000FCF7D0FDC0F12000A9E50D9B73B9002FBC
:1072B00067D1099B002B74D11D461E4691E5119A9A
:1072C000002A03DB05990E297FF7B4AE049B012B3E
:1072D0007FF765AD099B09F1FF384345C0F277811F
:1072E000B9F1000FA3EB080880F2BE82A7EB0903F7
:1072F000012120460D93FCF70FFE3D460D9F0646EB
:10730000BAF1000F7FF75DAD57453B46A8BF534626
:10731000ED1AFF1AAAEB030A53E50021E1632046A8
:107320008DED067BFCF708FD9DED067B02900028A5
:1073300000F06982029BA363002D40F09F81119AA7
:10734000AA42C0F27C8201230C93994606936CE614
:10735000009B002B7FF452AD019BC3F31303002B62
:107360007FF44CAD019B23F000431B0D1B05002B4C
:107370003FF444AD012301350AF1010A0A9318468E
:107380003DE5BAF1000F00F0FE8157453B46099EEE
:10739000A8BF5346FD1AAAEB030A2F46002E3FF45E
:1073A00020AD5946099A2046FCF7A8FE00238346E3
:1073B00009933D461E4614E51C283FF42DADC0F14F
:1073C0003C002AE684EE065B0B9B3BB1B7EE006BFC
:1073D000B4EEC65BF1EE10FA00F1E081B1EE0C4BB9
:1073E00006EE901AB8EEE66BA6EE054B14EE901A78
:1073F00053EC142BA1F15073B9F1000F00F09B80F6
:10740000DDF814C0484643EC142BB64B029DFDEE4C
:10741000C53B03EBC00212ED022B13EE902A02F1E2
:10742000300E0D9A691CB8EEE36B0E4635EE466BD6
:10743000002A00F05B81B6EE003B83EE025B35EE86
:10744000445BB4EEC65BF1EE10FA85F800E000F3A1
:107450002782B7EE001BB2EE043B002518E0013591
:107460008542BFF62CAF26EE036B25EE035BFDEEE7
:10747000C64B14EE902AB8EEE42B303236EE426B57
:10748000B4EEC56BF1EE10FA01F8012B00F1DF81CB
:1074900031EE464BB4EEC54BF1EE10FADFD5029A51
:1074A0000CF1010C02E0914200F097810D4611F8B9
:1074B000013D392BF7D001330B70CDF810C01AE520
:1074C000314642462046FCF719FE5A46014606461A
:1074D0002046FCF74FFD59460D902046FCF756FC20
:1074E000099BDDF834B0B3EB080309937FF471AC6A
:1074F0000123099375E403D11AF0010F7FF4DBAC8B
:107500004D4619F8013D302BFAD0E3E4059B029A71
:107510000233049331231370DCE406EE901AB1EECB
:107520000C4BB8EEE66BA5EE064B14EE901A53EC3E
:10753000142BA1F1507343EC142BB1EE046B35EE18
:10754000466BB4EEC46BF1EE10FA00F35681B1EE67
:10755000444BB4EEC46BF1EE10FA7FF562AD00213E
:107560002046FCF713FC069B029D5B420493C2E499
:10757000059B0A939A460023C2F101070B93FFF77C
:107580003BBB00F00781059A564B524202F00F01B7
:1075900003EBC10393ED005B131127EE055B00F0D5
:1075A0007981514A022101E05B100832DD0703D4E2
:1075B0005B100832D807F7D592ED006B5B1001F134
:1075C000010125EE065B3FF4FFAE0832F2E7099BAE
:1075D0000A9AA8EB03031A44012120460A92FCF7F9
:1075E0009BFCCA4407EB09050646CDF82480002F12
:1075F0003FF4EFAB57453B46A8BF5346ED1AFF1A81
:10760000AAEB030AFFF7E5BB41462046FCF7BEFBA9
:10761000069B029D5B420493002E7FF468AC6AE4F3
:10762000029B5E1C87EE036BBDEEC66B029A16EEE4
:10763000103AB9F1010F03F13003B8EEC65B3146E1
:107640001370A3EE457B7FF447AB37EE077BB4EEB8
:10765000C37B059BF1EE10FA03F1010304939C46F2
:1076600008DCB4EE437BF1EE10FA05D116EE103AC9
:10767000DB0701D5029A19E70D463CE40C95A946B3
:10768000069589E4009B002B7FF403AEDDE9001230
:10769000C2F31303002B00F0C4800A91FBE571686C
:1076A0002046FCF749FB0546002800F004813369B9
:1076B00002339A0006F10C010C30F8F7EBFF294673
:1076C00001222046FCF776FD0746F3E40221B0EEE6
:1076D000474B79E4059B009601333E460493FFF740
:1076E000DEBB00BFA802002080020020029A24EE28
:1076F000022B012882F800E014D0B2EE043B029A7B
:10770000151826EE036BFDEEC65B15EE902A30329F
:1077100001F8012BA942B8EEE54B36EE446BF0D1EF
:10772000711E0144B6EE005B32EE054BB4EEC64B63
:10773000F1EE10FA3FF5B3AE35EE425BB4EEC65B48
:10774000F1EE10FA0DDC119A002AFFF6B0AD059AA1
:107750000E2A3FF7ACAD059A03EBC20393ED003B55
:1077600060E70D46013915F8013C302BF9D00CF1DA
:1077700001030493FFF7BFBB109ADDF82480C2F128
:107780003602FFF714BB099E002E7FF40AAE3D4679
:10779000FFF727BB0221B0EE475B15E6B9F1000FFA
:1077A0003FF4BBAE0C9800287FF73BACB2EE043B35
:1077B000B1EE0C4B013106EE901A25EE035B059BF2
:1077C000B8EEE66BA5EE064B14EE901A03F1FF3C03
:1077D00053EC142BA1F1507315E60CF1010C31237D
:1077E0006AE6A946392309F8013B059B0096013357
:1077F000029A04933E46FFF763BB029D312305F8CE
:10780000013B002134E4334B3348002240F2AF11F6
:10781000FFF760F87FF4C4AC1AF0010F7FF4B9AC45
:10782000BEE4019B23F000431B0D1B05002B3FF41E
:1078300031AD012301350AF1010A0A932BE50D9BB5
:10784000002B33D101230C93994606932FE50CF1BD
:10785000010304930D46FFF74EBBBAF1390FC0D0B8
:1078600091453FF79AAC9BE44A46FFF7A0BA049AC9
:10787000022A05DC059A049299460595FFF7ECBAB1
:107880000595DDF83090BBE4049A0595022AF8DCF2
:10789000994602E4022197E50021E163FFF76BBB03
:1078A0000CF1010304930D46FFF725BB0D9B0693D6
:1078B00099460C930EE5074B07482A4640F2EF2104
:1078C000FFF708F8054B0293FFF72CB9002A3FF7A2
:1078D00054AC65E40C200020102100200021002081
:1078E00030B5044687B05BB110480193D0F8C85159
:1078F00071B12046A847421C019B10D007B030BD93
:1079000000F5827309480193D0F8C8510029F0D1DD
:107910000A46204603A9A847421C019BEED100213C
:107920008A221960226007B030BD00BF708F00202E
:1079300010B582B0049CCDE900344FF0FF3301F064
:1079400055FC02B010BD00BF0EB400B582B003AB51
:10795000DFF81CC053F8042B01930146DCF800004B
:1079600000F008F802B05DF804EB03B0704700BF08
:10797000D89100202DE9F04FC5B00DF1500A834693
:10798000049116460021082250461C460B93FBF733
:1079900087FCBBF1000F04D0DBF83430002B00F083
:1079A0004987049B5A6EB3F90C30D00740F14181EE
:1079B000990400F1A985049943F4005322F400527C
:1079C0008B814A66930401F1AE80049BB3F90C30BD
:1079D0001D0740F1BD80049A1269002A00F0B880AA
:1079E00003F01A020A2A00F0C2800023CDE91933FD
:1079F000CDE90E331BAADFF86C980D931892174649
:107A00000793B0464546D9F8CC41FBF7FFFCCDF8CB
:107A100000A003462A4612A95846A047002800F0B5
:107A2000C580C0F2BB80129A252A034601D01D44AE
:107A3000E9E7B5EB0806044640F0BC800023194690
:107A40008DF8433008934FF0FF326B78059205F1C3
:107A50000108039108F101081946A1F120035A2BEE
:107A600000F2F280DFE813F0E603F000F000DF033D
:107A7000F000F000F000BF03F000F0000702530236
:107A8000F00012020004F000F1035B005B005B00F9
:107A90005B005B005B005B005B005B00F000F000E4
:107AA000F000F000F000F000F000F000F000D8016D
:107AB0009F03F000F000F000F000F000F000F00094
:107AC000F000F000F0001902F000F000F000AA0150
:107AD000F000FB02F000F000BA05F000F000F0004A
:107AE000F000F000F000F000F000F000F000D8012D
:107AF0006801F000F000F000950368016D00F000EF
:107B00008B03F0007D036A0320036D00F000AA01DF
:107B10006A005902F000F000FB05F0006A00A1F1D4
:107B20003003002218F8011B02EB820203EB420231
:107B3000A1F13003092BF5D908928EE798F80030AF
:107B400088E7039B43F02003039398F8003081E714
:107B5000049D5846294601F05FFA002840F0F68758
:107B6000B5F90C3003F01A020A2A7FF43EAF0499EB
:107B7000B1F90E20002AFFF638AF4A6ED20702D4C0
:107B80009F0540F19087049923463246584601F0FC
:107B900015F80790079845B0BDE8F08F082200213E
:107BA0005046FBF77DFB01231D442CE7B5EB08068F
:107BB000044610D01A9B33441A93199B0133072BA8
:107BC000C7E90086199310DC0837079B33440793F5
:107BD000002C7FF433AF1A9B002B40F06E87049B80
:107BE0000022B3F90C30199218E0049918AA5846EB
:107BF00001F024F878B91BAFE7E7049918AA5846B2
:107C000001F01CF8002800F08380099B1BB1099942
:107C10005846FBF76FFF049BB3F90C30049A526E81
:107C2000D0077FD55B0600F16687079845B0BDE8B1
:107C3000F08F9F0540F114819D047FF5BCAE900448
:107C40007FF5C6AE00F071BF0029C4D00023012229
:107C50008DF8AC108DF8433009930A9205932BAD43
:107C60000692DDE919C0039C14F0840601466246C1
:107C700026D1089B069C1C1B002C00F3ED839DF86D
:107C8000433003B300260C960132012301317B609F
:107C9000072A0DF14303CDE919213B6000F38683E8
:107CA00008370C9B63B1013211AB02313B60072AEC
:107CB0004FF00203CDE919217B6000F36B83083795
:107CC000802E00F0EE82059B0A981C1A002C00F30F
:107CD00026830A9B3D6001321944072ACDE9192108
:107CE0007B6000F34C830837039B5C0705D5089B3A
:107CF000069A9C1A002C00F36583DDE9073206988A
:107D00008242ACBF9B181B18079300297FF475AF04
:107D100000231993099B1BB109995846FBF7EAFE0A
:107D20001BAF6FE69A053FF57DAF049CA06DFBF796
:107D30000BFCB4F90C3075E7039B980640F13C84CA
:107D40000B9B073323F00702536852F8084B0B9242
:107D50001E46002BC0F23882059A002A07DB039BDF
:107D600023F08003039354EA060300F08C840A2C6A
:107D700076F1000380F0F7803034059A9DF84330A7
:107D80008DF80F41012AB8BF01220692002B00F0A6
:107D9000AF83069B0133002506930123CDE90953E8
:107DA0000DF20F15DDE91921039B13F08406084637
:107DB00094463FF45EAF00230C9365E70B9E0023CF
:107DC0008DF8433056F8043B0993002B00F055859D
:107DD000532900F07284039B13F0100440F06D846B
:107DE000059A002AC0F2138509982146FBF72EFD5B
:107DF0009DF84330099D002800F08B86421B0A92B3
:107E000022EAE2720692002B00F00E850132059400
:107E100006920B960994C5E7432903D0039BDD0620
:107E200040F127840822002116A8FBF739FA0B9AA3
:107E30002BAD126816AB29465846FFF751FD0A9044
:107E4000013000F04F860A9B23EAE37306930B9BF5
:107E500004330B9300238DF843300993059300E717
:107E6000049DA86DFBF76EFBB5F90C306A6E9904A2
:107E70003FF5A8AD9FE50B9B53F8042B0892002A11
:107E800080F23D83089A0B9352420892039B43F081
:107E90000403039398F80030DCE5039B43F01000E3
:107EA0009B0640F14E830B9B073323F007031A46D2
:107EB000596852F8083B0B9200228DF84320059A2E
:107EC000002AC0F2118320F49062039253EA010267
:107ED00000F01E8344AD03F00702DB0843EA417360
:107EE000C908303253EA0104284605F8012DF2D1C1
:107EF000039B13F0010340F09E82059A099344AB63
:107F00005B1B9A42B8BF1A460A930692A9E62B2336
:107F10008DF8433098F800309CE503998E0600F107
:107F2000A48003990B9A11F0100052F8043B40F022
:107F30002783039911F0400100F0CA848DF84300B3
:107F40009BB205990026B1421C4606DB039921F03D
:107F500080010391002B00F07B850A2C76F1000351
:107F60000B92FFF409AF039B09970020CDF830B0C6
:107F700044A9DDF834B0069003F48067CDF828807A
:107F800025E00690A319B54843F10003A0FB032C9C
:107F90002CF0030202EB9C029B1AE31A4FF0CC3246
:107FA000A046B64602FB03F266F1000600FB06227D
:107FB000A3FB0043B8F10A0F13444FEA54047EF1C7
:107FC000000E294644EAC3744FEA53062ED3069B9B
:107FD000A24A01330693A31943F100031046A2FB02
:107FE000032525F0030202EB95029B1AE31AA3FB7B
:107FF000003266F1000500FB05225B0843EAC2730C
:1080000003EB8303A4EB4303303301F8013C4D1E23
:10801000002FB7D006989BF800308342B1D1FF28DB
:10802000AFD00A2C76F1000380F0AF8405999DF85B
:108030004330CDF834B044AA521B9142B8BF114628
:10804000DDE90978DDF830B00A920691002B00F0E6
:10805000EE83069B0133069300230993A2E6039B5C
:1080600043F010019B0640F189820B9B073323F0FC
:10807000070200238DF84330059B566852F8084BE1
:108080000B92002BC0F2EE8221F08003039354EA9E
:1080900006037FF46CAE059B002B40F0DE840A9350
:1080A0000693099344ADDCE5059C0B9903980022E7
:1080B00047F630039442ADF844308DF8432051F830
:1080C000043BC0F2D28220F0800040F00200039016
:1080D000002B00F0E58303F00F0461481B09045DE9
:1080E0008DF80F410B9100F05685022106910DF29B
:1080F0000F1503F00F011B09415C05F8011D43EA50
:108100000273120953EA0201F3D144AB5A1B059BD7
:108110000A929342B8BF1346069A002A00F03985A6
:10812000DDE91921039C023314F084060693084606
:10813000944600F0E98200230993B4E5039886068B
:108140003FF5B1AE03990B9ACD0652F8043B00F10E
:1081500014850398440640F1C8839BB20B9200211A
:10816000AAE603990B9A8C0602F1040340F1F08110
:10817000126807991160C91751600B9342E498F88F
:1081800000306C2B00F08F82039A42F010020392B1
:1081900060E498F80030682B00F07B82039A42F08C
:1081A0004002039256E4039A940642F0100300F151
:1081B00000820B9A04320B9903930C680B92E6171A
:1081C0003346002BBFF6C8AD2D238DF84330059BF9
:1081D000644266EB4606002BFFF6C9AD039B23F015
:1081E00080030393C3E55846FEF72AFB43680F93C9
:1081F0001846FBF77BFB0E9004465846FEF720FB23
:10820000826898F800300D92002C3FF423AC002ACD
:108210003FF420AC1278002A3FF41CAC039A42F4DD
:108220008062039216E4039B43F00103039398F8E2
:1082300000300FE49DF8432098F80030002A7FF4C6
:1082400009AC20228DF8432004E4039B43F0800313
:10825000039398F80030FFF7FDBB00BFCDCCCCCC2A
:108260008C200020708F0020404610F8011B2A2926
:1082700000F07784A1F13003092B98BF002200F2AF
:10828000178410F8011B02EB820203EB4202A1F1FA
:108290003003092BF5D942EAE27305938046FFF7D4
:1082A000DCBB089B06981C1A002C7FF70CAD102C29
:1082B00040F3268438460C95AE4F049D102604E00A
:1082C000103C102C00F1080015DD01321031072A96
:1082D000C0E90076CDE91921F2DD18AA29465846F1
:1082E00000F0ACFC00287FF490AC103C102CDDE9D1
:1082F00019211BA8E9DC0C9D3B46074601322144AD
:10830000072ACDE919213B607C6000F3A482059B1C
:108310000A981C1A002C07F108077FF7DAAC102C1A
:1083200040F3ED8238461026924F04E0103C102CAA
:1083300000F1080016DD01328E4B1031072AC0E92A
:108340000036CDE91921F1DD049918AA584600F04C
:1083500075FC00287FF459AC103C102CDDE9192184
:108360001BA8E8DC3B46074601322144072ACDE939
:1083700019213B607C6000F3AA800837A9E40499C6
:1083800018AA584600F05AFC00287FF43EAC1A990F
:108390001BAFA9E4049918AA584600F04FFC002826
:1083A0007FF433ACDDE919211BAF89E4049918AAE5
:1083B000584600F043FC00287FF427ACDDE9192182
:1083C0001BAF6EE4102C199B40F381833A46049E48
:1083D000694F102504E0103C102C02F1080215DD55
:1083E00001331031072BC2E90075CDE91931F2DDF7
:1083F00018AA3146584600F021FC00287FF405AC4D
:10840000103C102CDDE919311BAAE9DC3E46174669
:1084100001332144072BC7E90064CDE919317FF707
:108420006CAC049918AA584600F008FC00287FF4A8
:10843000ECAB1A9961E4302A00F001823023059AEE
:1084400005F8013C023844AB1B1A9A42B8BF1A46E1
:108450000A9306920546EFE000230C93102C464E3B
:10846000624623DD394610232F46049D04E0103C6C
:10847000102C01F1080117DD01321030072AC1E983
:108480000063CDE91920F2DD18AA2946584600F00C
:10849000D5FB00287FF4B9AB103C102CDDE9192086
:1084A0001BA94FF01003E7DC3D460F4601322118AF
:1084B000072ACDE919213E607C6000F37A819DF89E
:1084C00043600837002E36D00026FFF7DDBB049945
:1084D00018AA584600F0B2FB00287FF496ABDDE9FD
:1084E00019211BAFFFF7F5BB20F480620392F1E482
:1084F000099301230A930DF20F15FFF7B2BB0B93FB
:1085000098F80030FFF7A6BA92047FF561AAF2E26C
:10851000059A002A7FF4DEAC10F00102069200F00A
:10852000428130238DF80F31059B0A9209930DF299
:108530000F15FFF796BB0C9B002B7FF4B4ABFFF736
:10854000C2BB0B9B1A1D0B9B0B921B680021B3E453
:10855000039AD00600F18C81039A510600F19582AE
:10856000039A920540F184810B9A07991268117061
:1085700003E600BFDC860020908200200B9B1A1DC2
:108580000B9B05981B680026B0428DF843601C4683
:1085900067DB21F080010391002B7FF4DEAC0B92AE
:1085A000002840F05A820A900690099044ADFFF7E7
:1085B00058BB0393FFF7C4BB039B0B9AD90652F831
:1085C000044B3FF5F8AD039B5E0640F1768144F322
:1085D000C0360B9224B23346FFF7BBBBAD48039BBA
:1085E0009D0640F1B5800B9B073323F007031A4625
:1085F0005C6852F8083B0B92039A12F00102069253
:1086000040F08C808DF84320059A002AC0F2B78094
:10861000039A22F49062039253EA040240F0F3803A
:10862000059A002A00F0F68103788DF80F310123B6
:1086300006920A930DF20F15DDE91921039B13F041
:1086400084060846944600F0A1829DF84330002B32
:1086500000F0AB82002309930C93FFF715BB8E4803
:10866000BDE70B920391FFF782BB40F0020003903D
:1086700031E50B9B1B688DF8AC30012306930A9300
:108680002BADFFF7E4BB002A00F0D4813024FFF7C4
:1086900074BB039B43F40073039308F1010898F83B
:1086A0000030FFF7D7B9039B43F02003039308F191
:1086B000010898F80030FFF7CDB9099B1393082201
:1086C000002116A8FAF7ECFD059B002BC0F21981DA
:1086D0000024069725461F460EE02BA95846FFF7B3
:1086E000FFF8411C284400F0FD81B84209DC04F188
:1086F000040400F008820546139A125916AB002AAA
:10870000EBD1069F05950AE1089C069B0996E41AA1
:10871000002C7FF7C8AA02230C939FE653EA0402B9
:108720005ED100238DF84330059B002BC0F22181E0
:10873000039B23F49063039300F0878103788DF803
:108740000F31069B0A93059B06930DF20F1573E7F5
:108750000B9A52F8043B0B92039AD40608D45206A3
:1087600002D59BB2002447E7039A960500F1818168
:10877000002441E742F00202039202220692039A89
:1087800022F48062039203F00F02825C8DF80F21C5
:108790001B0943EA0473220953EA14147FF4A7ACBB
:1087A0000DF20F15B1E4059B44ADCDE90933FFF798
:1087B00058BA049918AA584600F040FA064600280C
:1087C0007FF423AA9DF84330DDE91921002B40F006
:1087D00089800C9B1BAF002B7FF465AAFFF773BA4F
:1087E00030228DF8442000228DF84320059A8DF820
:1087F0004510002A039ABDDB22F4906242F0020287
:1088000003920222069203F00F02825CBEE7099DEA
:108810002846FBF76BF89DF843300A9020EAE07297
:108820000692002B7FF4F2AA099D05930B960993FB
:10883000FFF717BA5846FAF75FFBFFF7B2B8059A89
:1088400044AB5B1B9A42B8BF1A460A9300230692B8
:108850000993FFF706BA049918AA584600F0EEF9F2
:1088600000287FF4D2A9DDE919211BAFFFF72BBA4D
:108870000B9A0799126811607FE4059B074D0B96D0
:10888000062B28BF062306930A93099B0593FFF73F
:10889000E8B900BFA02000208C200020B4200020D8
:1088A0000B91002C00F0DC80302301228DF80F3179
:1088B0000DF20F1523460A9232E4039B0B929D059D
:1088C0004ABF44F3C016E61764B23346FFF741BA15
:1088D000039810F4007600F0CF808DF84310DBB2DF
:1088E000FFF72FBB1BAFFFF7CFB9039810F4007150
:1088F00000F0BB80DBB20B920021FFF7DDBAAC4B7E
:1089000032E516AB0093002313AA19465846FFF729
:108910000FF80590013000F0E580099B1393059B4B
:10892000002B7CD0632B00F3B680002309932BAD82
:108930000822002116A8FAF7B3FC059C16AB009399
:1089400013AA234629465846FEF7F2FF844240F018
:108950001681059900236B5421EAE17206929DF875
:108960004320002A40F0B580CDE90A160592FFF7B2
:1089700078B903788DF80F31039B23F48063039358
:10898000069B0A930DF20F1556E60E9A0F99AD1A33
:108990002846FAF705FD9BF801300BB10BF1010BEE
:1089A000844AA31943F10003A2FB030C2CF003003B
:1089B00000EB9C001B1AE31A4FF0CC3166F1000665
:1089C00003FB01F102FB0611A3FB023001445B082B
:1089D00043EAC1744E08A31943F10003A2FB03103C
:1089E00020F0030101EB90015B1AE31AA3FB0231B3
:1089F00066F1000002FB00125B0843EAC27303EB5E
:108A00008303A4EB4303303305F8013C0120013D0F
:108A1000FFF701BB059B0A9344A805460CE69DF8A9
:108A20004330099D0B96003B18BF01230693059B1D
:108A30000A9301E69DF843303BB1059BCDE909332C
:108A4000012344AD0693FFF7ADB9059BFFF727BBA4
:108A5000059B0B92002B3FF422AB0024FFF78CB94F
:108A6000059B0A9344ADFFF75BBB03980B92FFF79E
:108A700023BADBB20024BFE505998DF843600029D5
:108A80001C46BFF663AAFFF768BA0B9A07991268EB
:108A90001180FFF772BB591C5846F9F70BFD0546CC
:108AA00000B3099044E7886DFAF74EFDFFF76BB805
:108AB000002380460593FEF7D0BF049918AA5846B4
:108AC00000F0BCF800283FF48AA8FFF7A4B83A4E9B
:108AD0009EE4059A0A92069A0B9601320692059335
:108AE000FFF760B90498B0F90C30426E43F04001D2
:108AF000D207818109D54FF0FF330793FFF795B86F
:108B00002B4BFFF7FBBB069F09E79905F3D4FFF753
:108B10000CB99BB1059B0B965A1C06920A930590C3
:108B20000990FFF73FB9D707E5D4049B9B899E05C1
:108B3000E1D4049B986DFAF707FDDCE7059A0993E9
:108B4000CDE905320B960A92FFF78BB8049A536E63
:108B5000D807D0D493899905CDD4906DFAF7F4FC59
:108B6000C9E70B9A98F8013052F8041B0B9241EABE
:108B7000E17180460591FEF76DBF0846E3E4049A73
:108B8000938943F040039381FFF73FB80996FFF7BD
:108B900070B8069350E5059B0122012BB8BF012355
:108BA0000DF20F150A92FFF7BBBA0993FFF788B8C9
:108BB000DC860020CDCCCCCC90820020F0B50D46D8
:108BC000ADF2744D164689896A6E1B92EA89ADF83A
:108BD000162021F00201EA69ADF8141009921CA9CF
:108BE0006A6A0291074606910B924FF48061002257
:108BF00018A80193049107910892FAF79FFC324656
:108C0000019B02A93846FEF7B5FE061E07DB02A946
:108C10003846FDF7DDFD002818BF4FF0FF36BDF8E0
:108C200014305B0603D5AB8943F04003AB81189841
:108C3000FAF786FC30460DF2744DF0BD936810B51E
:108C400014461BB918460023636010BD00F068F895
:108C50000023A3600023636010BD00BF2DE9F04333
:108C60008E681D46AE420B6883B00C4690463AD8DB
:108C7000B1F90CC01CF4906F0FD13546184641462F
:108C80002A46FAF77BFAA3689E1B2368A6602B444A
:108C90000020236003B0BDE8F0834A69096902EB54
:108CA00042025E1A02EBD2726B1C521033449342A2
:108CB00094BF17461F46934288BF1A461CF4806F24
:108CC000814612D01146F9F7F5FBF0B13246216921
:108CD0000190F7F7DFFCA289019B22F4906242F039
:108CE0008002A28105E02E46C8E7F9F7C5FE0346DB
:108CF00038B123613344BE1BA660676123602E46F2
:108D0000BCE721694846FAF7F5FEA3890C2243F037
:108D10004003C9F800204FF0FF30A381BAE700BF3D
:108D20009368002B00F0B7802DE9F04FB1F90CC02B
:108D30001CF0080F83B00C46804617462DD00B69F7
:108D40005BB31CF002033E6833D04FF0000ADFF83B
:108D5000C4B25546B9465D452B46524628BF5B46D0
:108D60004046B5B1E169676AB847002840F38B8097
:108D7000D9F808301B1A8244C9F80830002B79D082
:108D80002D1A5D452B46524628BF5B464046002DB6
:108D9000E8D1D6E900A50836DDE72146404600F0D7
:108DA0003BF9002874D1B4F90CC03E681CF00203F2
:108DB000CBD11CF0010A70D1236800975546002DD5
:108DC00054D01CF4007FD4F80890184600F0AB8013
:108DD000A945CB4600F2E4801CF4906F34D02169A1
:108DE0006269A3EB010902EB420202EBD27209F1C4
:108DF000010352102B44934294BF93469B469342E7
:108E000088BF1A461CF4806F00F0E9801146404686
:108E1000F9F750FB002800F0F7804A4621690190DD
:108E2000F7F738FCA289019B22F4906242F080029D
:108E3000A28103EB09002361ABEB0903C4F814B072
:108E4000A3602060A946AB4651465A46FAF796F908
:108E5000A2682368A2EB0902A260009A91685B44B1
:108E6000491B2360916029B1B4F90CC0D6E900A573
:108E70000836A4E7002003B0BDE8F08F2146404645
:108E8000FDF7A6FC68B3B4F90C3043F04003A381AE
:108E90004FF0FF30EFE7002070471D469A46184616
:108EA000B946009365B3002831D05246D4E9041383
:108EB0002068AA4228BF2A46884204D9A16803EB49
:108EC000010B5A457CDC93426DDCE169009A676ACC
:108ED0004046B847B0F1000BD5DDBAEB0B0ACDD058
:108EE0000120D9F80830A3EB0B03C9F80830002B98
:108EF000C0D0009BA5EB0B055B440093002DD2D1A5
:108F0000756833460836002DFAD01B680093009F21
:108F10002A460A213846FAF799FC002871D0013018
:108F2000A0EB070AC1E722699A4221D36269AA42EB
:108F30001ED86FF00043AB4228BF2B46E16993FB7C
:108F4000F2F3676A02FB03F340465246B847B0F1BA
:108F5000000998DD009A9368A3EB0903A5EB0905C6
:108F60009360002B86D0B4F90CC02368CA4426E76E
:108F7000A94528BFA94618464A465146FAF7FEF8C1
:108F8000A2682368A2EB09024B44A2602360002A76
:108F9000E0D121464046FDF71BFC0028DAD072E7FD
:108FA000A946AB4650E700990192FAF7E7F8019A13
:108FB000A3689B1AA36023681344236093468CE73D
:108FC00000995A46FAF7DAF823685B442360214691
:108FD0004046FDF7FDFB00283FF47FAF53E74046D6
:108FE000F9F74AFD034600287FF423AF2169404684
:108FF000FAF780FDA3890C22C8F8002023F0800333
:1090000043E76A1C924651E70C22B4F90C30C8F8C9
:1090100000203AE700FCFF7F10B5354B0446186886
:1090200082B00B4610B1426B002A53D0B3F90C202A
:10903000110711D51869C8B1B3F90C2012F001015C
:1090400026D059694FF0000C4942C3F808C0996115
:1090500020B3002002B010BDD00640D5510723D464
:10906000186942F008029A810028E5D19A8902F431
:109070002072B2F5007FDFD019462046019300F040
:10908000C9F8019BB3F90C20186912F00101D8D17D
:10909000940758BF596999600028DAD11106D9D5CB
:1090A00042F040029A811FE0196B61B103F1400068
:1090B000814206D020460193FAF71CFD019BB3F9CB
:1090C0000C200021196318690021C3E9000122F076
:1090D0002402C6E70191F9F70FFF019BA6E70921DA
:1090E00042F0400221609A814FF0FF30B2E700BFAA
:1090F000D89100202DE9F04F8BB0DDE91589149F40
:1091000002901C46B8F1000F57D01668019600294E
:10911000C34608BF4FF0FF370025884603919246AB
:1091200006E0019B53F8040B0193002837D06546F5
:10913000AF423ED9002C3CD0DBF800300493DBF882
:1091400004300593019B02981A68D9F8C8615B4600
:1091500006A9B047431C33D000EB050CBC453AD8F8
:10916000039B013C002BDCD000280DDD08F1FF3211
:10917000019E06A900EB020E11F8013B02F8013F27
:109180007245F9D101968044019BDAF8002053F82A
:10919000040B01930432CAF800200028C7D10399B8
:1091A000D84609B1CAF800000022C8F800200CF126
:1091B000FF3528460BB0BDE8F08F00F58678A4E7B0
:1091C000029B05468A21002228461960CBF8002020
:1091D0000BB0BDE8F08FD846DDF810A0DDF814B074
:1091E0002846C8E900AB0BB0BDE8F08F00B585B0EC
:1091F000DFF81CC0069800900798019003480068AB
:10920000CDF808C0FFF776FF05B000BDD89100206B
:10921000708F0020B1F90C20930706D501F14303AC
:109220000122C1E904320B60704730B50B46B1F939
:109230000E10002999B0044632DB02AA009300F018
:109240005BF80028009B29DB4FF4806120460093E7
:10925000039DF9F72FF9009BB3F90C20002839D0B2
:1092600005F4704142F0800218601861B1F5005FAA
:109270004FF480609A8158613AD1B3F90E1000938F
:10928000204600F04DF8009BB3F90C2080B322F08B
:10929000030242F001024FF4006117E0B3F90C2021
:1092A000019312F0800F0CBF4FF4806140212046E3
:1092B0000091F9F7FFF8019B0099B3F90C2048B130
:1092C000C3E9040142F08002186000210A439A8138
:1092D00019B030BD9105FBD422F0030203F1430124
:1092E00042F002020120C3E904109A811960EFE7FD
:1092F0004FF40061EAE700BF38B5084C002305468B
:10930000084611462360F7F7ADFB431C00D038BD7B
:109310002368002BFBD02B6038BD00BF58C700204E
:1093200038B5074C0023054608462360F7F7A0FB35
:10933000431C00D038BD2368002BFBD02B6038BD08
:1093400058C700205FF800F0211F00605FF800F0B0
:0C935000B51600605FF800F0CD1E006054
:04935C00F8B500BFA1
:08936000C08DFF7F0100000039
:1093680000000000000000000000000000000000F5
:1093780000000000000000000000000000000000E5
:1093880000000000000000000000000000000000D5
:1093980000000000000000000000000000000000C5
:1093A80000000000000000000000000000000000B5
:1093B80000000000000000000000000000000000A5
:1093C8000000000000000000000000000000000095
:1093D8000000000000000000000000000000000085
:1093E8000000000000000000000000000000000075
:1093F8000000000000000000000000000000000065
:109408000000000000000000000000000000000054
:109418000000000000000000000000000000000044
:109428000000000000000000000000000000000034
:109438000000000000000000000000000000000024
:109448000000000000000000000000000000000014
:109458000000000000000000000000000000000004
:1094680000000000000000000000000000000000F4
:1094780000000000000000000000000000000000E4
:1094880000000000000000000000000000000000D4
:1094980000000000000000000000000000000000C4
:1094A80000000000000000000000000000000000B4
:1094B80000000000000000000000000000000000A4
:1094C8000000000000000000000000000000000094
:1094D8000000000000000000000000000000000084
:1094E8000000000000000000000000000000000074
:1094F8000000000000000000000000000000000064
:109508000000000000000000000000000000000053
:109518000000000000000000000000000000000043
:109528000000000000000000000000000000000033
:109538000000000000000000000000000000000023
:109548000000000000000000000000000000000013
:109558000000000000000000000000000000000003
:1095680000000000000000000000000000000000F3
:1095780000000000000000000000000000000000E3
:1095880000000000000000000000000000000000D3
:1095980000000000000000000000000000000000C3
:1095A80000000000000000000000000000000000B3
:1095B80000000000000000000000000000000000A3
:1095C8000000000000000000000000000000000093
:1095D8000000000000000000000000000000000083
:1095E8000080E03779C34143176E05B5B5B8934697
:1095F800F5F93FE9034F384D321D30F94877825A63
:109608003CBF737FDD4F1575000000000000F03F80
:109618000000000000002440000000000000594045
:109628000000000000408F40000000000088C34098
:1096380000000000006AF8400000000080842E410D
:1096480000000000D01263410000000084D7974159
:109658000000000065CDCD41000000205FA002425F
:10966800000000E876483742000000A2941A6D42D4
:10967800000040E59C30A2420000901EC4BCD642C7
:1096880000003426F56B0C430080E03779C3414372
:1096980000A0D8855734764300C84E676DC1AB43E8
:1096A800003D9160E458E143408CB5781DAF154406
:1096B80050EFE2D6E41A4B4492D54D06CFF08044E1
:1096C800F64AE1C7022DB544B49DD9794378EA44F6
:1096D800000000000000F03F000000000000F0BFA4
:1096E800000000000000F0BF000000000000F03F94
:1096F80083C8C96D305F6441182D4454FB21F93F7C
:10970800000000000000F03F1C620CFDFFFFDFBFFF
:10971800198F06E15355A53F9D359AE887C056BF76
:10972800C3F87B024393F93E03A695595455C5BF28
:10973800C40B23057610813F24CF7437EB9429BFDF
:10974800000000000000F03F000000000000F0BF33
:10975800000000000000F0BF000000000000F03F23
:1097680083C8C96D305F6441182D4454FB21F93F0B
:10977800000000000000F0BF1C620CFDFFFFDF3F8F
:10978800198F06E15355A5BF9D359AE887C0563F06
:10979800C3F87B024393F9BE03A695595455C5BF38
:1097A800C40B23057610813F24CF7437EB9429BF6F
:1097B800000000003333B33E3333333FB81D00207D
:1097C800D41D0020E41D0020181E0020381E002093
:1097D80043616C6C6261636B2063616C6C656420CF
:1097E8002D20537769746368696E67206F666620F9
:1097F8006E6F772E0000000043414C2C76616C6937
:10980800643D302C6761696E3D312E303030302C2C
:109818006F66667365743D302E303030302C72655B
:109828007369643D302E30303030000043414C2C99
:1098380076616C69643D312C6761696E3D252E3413
:10984800662C6F66667365743D252E34662C7265CA
:109858007369643D252E34660A00000025732C20A8
:10986800256C7520627974657320286669726D7736
:10987800617265290A000000494D4D4147494E452E
:10988800204D414E43414E544520286E6527206E99
:10989800656C206669726D77617265206E65272038
:1098A80073756C6C61206D6963726F5344293A203B
:1098B80000000000526573746172742061667465FB
:1098C8007220706F77657220646F776E00000000F9
:1098D800466972737420706F776572206F6E00002E
:1098E80075426F782050726F206669726D77617269
:1098F800652076382E352050484F454E495800008F
:1099080042696F6D696D585F4C6F676F5F35305F87
:1099180063726F702E6A7067000000007548656199
:10992800727453796D626F6C5F7765627369746581
:109938002E6A706700000000754B6E656553796D7F
:10994800626F6C5F776562736974652E6A70670011
:109958007547757453796D626F6C5F57656273698B
:1099680074652E6A70670000754C697665725F6C65
:109978006F636B65645F62775F75426F782E6A709C
:1099880067000000754C756E6753796D626F6C5F88
:10999800776562736974652E6A70670075536361D1
:1099A8007253796D626F6C5F776562736974652E47
:1099B8006A706700754775745F6F6E6169722E6AA9
:1099C8007067000073657474696E67732E6A7067D8
:1099D80000000000637573746F6D53796D626F6C6E
:1099E8005F312E6A70670000754E4D435F73796D65
:1099F800626F6C5F75426F785F3330305F64706997
:109A08002E6A706700000000415454454E5A494F71
:109A18004E453A20257520696D6D6167696E69202C
:109A28006D616E63616E7469202876656469207360
:109A38006F707261290A0000454550524F4D3A2017
:109A48006172656120637573746F6D207631206D66
:109A58006F646966696361746120646120756E2052
:109A68006669726D776172652076382E31202D3ED9
:109A7800206E756F7661206D696772617A696F6EA5
:109A880065000000454550524F4D3A207072696D8F
:109A98006120696E697A69616C697A7A617A696F3D
:109AA8006E6520286C61796F757420763229000004
:109AB800454550524F4D3A206D696772617A696F1A
:109AC8006E65206C61796F7574207631202D3E208B
:109AD800763200004E657720310000004E65772011
:109AE800320000004E657720330000007374617205
:109AF80074FF000053656C65637420796F7572009C
:109B08006F7267616E206D6F64656C003A000000CB
:109B180020612E6D2E00000020702E6D2E0000009A
:109B28002F0000004E657874000000004261636BEE
:109B380000000000596F752073656C656374656477
:109B48000000000075486561727420302E3235625D
:109B58006172000075486561727400006973206164
:109B6800206D696E6961747572697A6564206D6FBC
:109B780064656C006F6620612066756E6374696F3A
:109B88006E616C20616E642062656174696E670045
:109B980068756D616E206865617274206F6E2061F2
:109BA800206368697020646576656C6F7065640011
:109BB80077697468696E20754265617420537472A0
:109BC8006574636820706C6174666F726D2E000036
:109BD8004D6F7265000000005468616E6B732074ED
:109BE8006F2075426561742C2061206D6563686122
:109BF8006E6963616C20747261696E696E670000DA
:109C0800726573656D626C696E6720746865207033
:109C1800687973696F6C6F676963616C20686561E7
:109C280072742062656174696E67000069732061EF
:109C380070706C69656420746F2068756D616E2042
:109C4800636172646961632063656C6C732063751A
:109C58006C74757265640000696E2033442E205759
:109C6800697468696E2066657720646179732C2051
:109C78007468652067656E65726174696F6E00004F
:109C88006F6620612066756E6374696F6E616C2003
:109C980068756D616E2063617264696163207469BF
:109CA800737375652C00000073706F6E74616E6558
:109CB8006F75736C7920616E642073796E63687256
:109CC8006F6E6F75736C792062656174696E670079
:109CD80069732061636869657665642E0000000019
:109CE8005374696D756C6174696F6E004672657145
:109CF80075656E63793A203120487A004475747925
:109D0800206379636C653A20353020250000000017
:109D180054696D696E6700004F6E20666F726576D4
:109D2800657200005768617420646F20796F752030
:109D380077616E7420746F20646F3F0046696C6CA5
:109D480000000000796F757200000000706C61748B
:109D5800666F726D00000000537461727400000039
:109D68007374696D756C6174696F6E004D61696EAD
:109D7800000000004D656E750000000052656164CA
:109D88007920746F2072652D737461727420746801
:109D980065207374696D756C6174696F6E0000007D
:109DA800434F4E54494E554500000000754B6E65B3
:109DB80065000000697320746865206669727374B1
:109DC80020696E20766974726F206D696E6961749E
:109DD8007572697A656400006D6F64656C206F66E2
:109DE80020612068756D616E206F7374656F617294
:109DF8007468726974696300284F4129206361722D
:109E080074696C616765206F6E20636869702C20C7
:109E1800646576656C6F70656400000077697468C6
:109E2800696E20754265617420436F6D7072657349
:109E3800732E00005468616E6B73207542656174FF
:109E480020746563686E6F6C6F67792C2061206D74
:109E5800656368616E6963616C0000006F766572A6
:109E68006C6F616420726573656D626C696E6720E2
:109E780074686520706174686F6C6F676963616C82
:109E880000000000636F6E646974696F6E73206F01
:109E980066204F416973206170706C696564207435
:109EA8006F20746865206865616C746879000000CB
:109EB8006D6963726F746973737565732E2075426B
:109EC80065617420706174686F6C6F676963616C39
:109ED800000000007374696D756C6174696F6E20A1
:109EE8006C656164732077697468696E206665774C
:109EF800206461797320746F000000007468652025
:109F080067656E65726174696F6E206F66204F4178
:109F18002D6C696B65206D6963726F7469737375F5
:109F280065730000776974682061207068656E6FDA
:109F38007479706520616E642067656E6F747970DE
:109F480065000000636F7272656C6174696E6720EA
:109F580077697468204F4120636C696E6963616C2E
:109F68002066656174757265732E00003268204F33
:109F78004E0000002D203468204F464600000000A7
:109F88002D203268204F4E002D2031366820524552
:109F98005354000075477574000000006F66206117
:109FA8002066756E6374696F6E616C20696E746586
:109FB8007374696E616C206570697468656C696139
:109FC8006C206F6E00000000612063686970206477
:109FD8006576656C6F7065642077697468696E2052
:109FE800754265617400000053747265746368207B
:109FF800706C6174666F726D2E0000007542656149
:10A008007420656E61626C657320746865206D6587
:10A018006368616E6963616C207374696D756C61E6
:10A0280074696F6E000000006F66207468652069AF
:10A038006E74657374696E616C20657069746865A7
:10A048006C69616C2063656C6C7320007265636178
:10A05800706974756C6174696E6720626F746820CA
:10A0680074686520706572697374616C74696300E3
:10A078006D6F76656D656E747320616E64207468AB
:10A088006520666C6F7720696E73696465207468F3
:10A0980065000000696E74657374696E616C206C8C
:10A0A800756D656E2E2057697468696E20666577D0
:10A0B8002064617973200000612066756E6374699D
:10A0C8006F6E616C206570697468656C69616C207D
:10A0D80062617272696572207769746800000000B5
:10A0E80033442076696C6C692D6C696B65207374D8
:10A0F80072756374757265732069732067656E6520
:10A1080072617465642E00004672657175656E63D0
:10A11800793A20302E3220487A0000007553636166
:10A128007200000069732061206D696E6961747541
:10A1380072697A656420696E20766974726F206D21
:10A148006F64656C000000006F66206120666962BC
:10A15800726F746963206865617274206F6E206322
:10A1680068697020646576656C6F706564000000CE
:10A178006973206170706C69656420746F20636115
:10A1880072646961632063656C6C7320616E64201E
:10A19800666962726F626C617374730063756C7464
:10A1A8007572656420696E2033442E20754265619E
:10A1B80074207374696D756C6174696F6E0000004A
:10A1C80070726F76696465732063656C6C73207751
:10A1D800697468206120666962726F7369732D6C97
:10A1E800696B6500656E7669726F6E6D656E742059
:10A1F800616E64206C656164732077697468696E48
:10A20800206665772064617973000000746F20749C
:10A2180068652067656E65726174696F6E206F6628
:10A22800206120736361722D6C696B65207469739A
:10A238007375652C00000000726570726F64756339
:10A24800696E672068616C6C6D61726B732E0000BB
:10A25800754E4D43000000006F662061206E6575E5
:10A26800726F2D6D757363756C6172206A756E639C
:10A2780074696F6E20646576656C6F706564000044
:10A2880077697468696E20754265617420706C61C5
:10A2980074666F726D2E0000754C756E6700000055
:10A2A800754C756E672000006F6620612066756EBC
:10A2B8006374696F6E616C206C756E67206F6E00D9
:10A2C8006F66206C756E672063656C6C732C2072EA
:10A2D800656361706974756C6174696E67206B651C
:10A2E8007920617370656374730000006F66207471
:10A2F80068652064796E616D6963206D6563686166
:10A308006E6963616C20656E7669726F6E6D656EDD
:10A31800740000006F662074686520726573706948
:10A328007261746F72792073797374656D2C20690A
:10A338006E636C7564696E67000000006272656127
:10A348007468696E672D6173736F6369617465649E
:10A35800206D6F76656D656E74732E00576974682D
:10A36800696E20612066657720646179732C2061AD
:10A378002070687973696F6C6F676963616C6C7959
:10A388000000000072656C6576616E74206C756EF5
:10A3980067206D6F64656C2069732067656E6572F0
:10A3A800617465642E0000004672657175656E63A0
:10A3B800793A20302E323720487A0000637573745A
:10A3C8006F6D000043686F736520796F7572206F39
:10A3D800776E207374696D756C6174696F6E207027
:10A3E80061747465726E2C0074756E696E6720777F
:10A3F800617665666F726D2C206672657175656E23
:10A40800637920616E642064757479206379636C64
:10A41800652E0000437573746F6D697A656420500A
:10A4280061747465726E730045646974000000009D
:10A4380053657400313233343536373839300000DB
:10A4480071776572747975696F70000061736466FD
:10A4580067686A6B6C0000007A786376626E6D00DC
:10A468006261636B0000000063616E6300000000BE
:10A478004F4B000043686F736520796F75722077C2
:10A48800617665666F726D005371756172652077CC
:10A498006176650053696E2077617665000000007B
:10A4A800706172616D6574657273000046726571E2
:10A4B80075656E637900000044757479204379638B
:10A4C8006C650000250000005045414B000000006D
:10A4D8005052455353555245000000005374696D5E
:10A4E800756C6174696F6E207072657373757265CF
:10A4F8000000000062617200526567756C61746FDC
:10A50800722072616E676520302E3035202D203123
:10A518002E3030206261722C207374657073206F46
:10A528006620302E3035000043757272656E743ABD
:10A538002063616C6962726174656400437572724C
:10A54800656E743A206E6F742063616C6962726123
:10A5580074656420287261772072656164696E672A
:10A5680029000000466974746564000044656C74D1
:10A57800610000004E4F2041495200004C4F5700E7
:10A58800484947480000000043616C696272617481
:10A59800696F6E2076616C6964202D207072657316
:10A5A80073205341564520746F2073746F72652071
:10A5B8006974000043616C6962726174696F6E202E
:10A5C80072656A65637465643A20636865636B20C5
:10A5D80061697220737570706C7920616E64206394
:10A5E8006972637569740000506E65756D61746990
:10A5F800632063697263756974204F4B0000000023
:10A60800506E65756D6174696320636865636B205E
:10A618004641494C4544000043414C52554E2C722A
:10A6280061773D252E34662F252E34662F252E344E
:10A63800662C7265663D252E33662F252E33662FD0
:10A64800252E33662C6761696E3D252E34662C6F86
:10A6580066667365743D252E34662C72657369646D
:10A668003D252E34662C6F6B3D25640A00000000E2
:10A67800434845434B2C7365743D252E33662F257F
:10A688002E33662F252E33662C6D6561733D252E7E
:10A6980034662F252E34662F252E34662C6F6B3D9D
:10A6A80025640A0053544152540000004D656173FB
:10A6B8007572656400000000526177005265737519
:10A6C8006C7400002D0000006761696E00000000D6
:10A6D8006F66667365740000726573696475616C92
:10A6E8000000000052455045415400005341564572
:10A6F8000000000052455345540000004E4F2041D1
:10A7080049523A20737570706C7920616273656E76
:10A71800742E20204C4F573A20737570706C792036
:10A72800746F6F206C6F77206F7220636972637526
:10A738006974206F70656E202F206C65616B696E7F
:10A74800672E0000436C6F73652074686520706E17
:10A7580065756D61746963206369726375697420D6
:10A76800286E6F20636869702920616E6420636FAA
:10A778006E6E6563742074686520616972207375F4
:10A7880070706C792E0000005468652072656775DA
:10A798006C61746F722069732064726976656E20CB
:10A7A800746F2074687265652073657420706F69B2
:10A7B8006E7473202861626F75742032302073299B
:10A7C8002E000000507265737375726520636865AA
:10A7D800636B000054687265652073657420706F40
:10A7E800696E747320617265206D65617375726539
:10A7F8006420696E2073657175656E6365202861D4
:10A80800626F75742032302073292E005265666598
:10A8180072656E63652076616C7565732028656462
:10A8280069742069662061206761756765206973AE
:10A8380020636F6E6E6563746564293A00000000DA
:10A84800506F696E742032002B000000506F696EE3
:10A85800742033004D6F6E69746F722063616C6988
:10A8680062726174696F6E004D6561737572696EAD
:10A87800672E2E2E00000000506F696E74000000D5
:10A888006F66203320202D2020736574000000009F
:10A898006D6F6E69746F72206E6F773A00000000FA
:10A8A8004669726D776172652075706461746500C0
:10A8B800436F6E6E6563742074686520555342203B
:10A8C8006361626C6520746F207468652050432052
:10A8D800616E64206F70656E000000005465656EDF
:10A8E8007379204C6F61646572207769746820748D
:10A8F8006865206E6577202E6865782066696C65C6
:10A9080020284175746F206F6E292E0054686520C9
:10A9180075426F782077696C6C207265626F6F740E
:10A9280020696E2070726F6772616D6D696E672045
:10A938006D6F64652E000000555342206361626CA0
:10A9480065206E6F7420636F6E6E65637465642036
:10A95800746F20612050432E00000000546F206562
:10A9680078697420776974686F75742070726F677E
:10A9780072616D6D696E673A20756E706C756720CF
:10A988005553422C20706F776572206F66662E00D3
:10A99800474F000043414E43454C00004649524D45
:10A9A80057415245205550444154453A2055534249
:10A9B800206E6F6E20636F6C6C65676174612C200C
:10A9C8007269617676696F207269666975746174F7
:10A9D8006F0000004649524D57415245205550449A
:10A9E8004154453A207269617676696F206E656CCC
:10A9F80020626F6F746C6F616465720050726F676C
:10AA080072616D6D696E67206D6F6465000000008E
:10AA180057616974696E6720666F72205465656E48
:10AA28007379204C6F61646572206F6E207468655D
:10AA38002050432E2E2E00005468652075426F78F2
:10AA480020726573746172747320627920697473FB
:10AA5800656C66207768656E20646F6E652E0000F1
:10AA6800546F206578697420776974686F757420ED
:10AA780070726F6772616D6D696E673A20756E707E
:10AA88006C75672074686520555342206361626C59
:10AA9800652C000072656D6F766520706F77657242
:10AAA80020666F72203520732C207468656E2070C4
:10AAB8006F776572206F6E20616761696E2E000086
:10AAC8005374696D756C6174696F6E20626C6F6325
:10AAD8006B0000004F4E00006D696E004F46460047
:10AAE8005265737420626C6F636B00005245535457
:10AAF80000000000686F7572730000006D696E7564
:10AB08007465730041726520796F7520737572657D
:10AB180020796F752077616E7420746F2070726F62
:10AB2800636565643F00000046696C6C696E672068
:10AB38006D75737420626520706572666F726D65DD
:10AB4800640000006265666F726520626567696E01
:10AB58006E696E6720746865207374696D756C61C1
:10AB680074696F6E00000000594553004E4F000095
:10AB7800526561647920746F2073746172742074F3
:10AB88006865207374696D756C6174696F6E000017
:10AB980043617274696C6167650000005761726E89
:10ABA800696E67210000000075426F782050524F8F
:10ABB80020776173206E6F742070726F7065726C8D
:10ABC80079207374776963686564206F66662E0000
:10ABD800446F20796F752077616E7420746F2063DD
:10ABE8006F6E74696E75650066726F6D2077686543
:10ABF80072652069742073746F707065643F00001B
:10AC0800496620796F75206578697420746869735E
:10AC1800207061676500000066696C6C696E67206A
:10AC280077696C6C206E6F7420626520636F6D703D
:10AC38006C657465640000007374696D756C61748B
:10AC4800696F6E2077696C6C20656E640000000087
:10AC58005468652074696D696E6720626C6F636BF8
:10AC680020657863656564732032346800000000ED
:10AC7800436865636B20274F4E272C20274F464695
:10AC88002720616E64205245535420626C6F636BB9
:10AC9800730000006265666F726520676F696E6792
:10ACA800206F6E00474F5420495400004F4E2F4FDD
:10ACB800464620424C4F434B000000005468652034
:10ACC80074696D696E6720626C6F636B20697320AD
:10ACD80073686F72746572207468616E20323468AC
:10ACE800000000004672657175656E63793A200050
:10ACF800447574792000000025202D00507265737A
:10AD0800737572653A2000004F4E3A002700000024
:10AD18004F46463A0000000046696C6C696E672E23
:10AD28002E2E000054696D65206C6566743A20000B
:10AD3800206D696E75746573000000005B454550B1
:10AD4800524F4D5D2073616C766174616767696FFE
:10AD580020706572696F6469636F3A206461795F16
:10AD680068656172743D256C7520743D256C75208D
:10AD78006D730A00446179006F66207374696D759C
:10AD88006C6174696F6E00005041555345000000B6
:10AD980053544F50000000005B454550524F4D5DE5
:10ADA8002073616C766174616767696F2070657282
:10ADB800696F6469636F3A206461795F6361727473
:10ADC800696C6167653D256C7520743D256C75203F
:10ADD8006D730A004E657874207265737420696E0D
:10ADE8003A2000006820616E640000005B45455011
:10ADF800524F4D5D2073616C766174616767696F4E
:10AE080020706572696F6469636F3A206461795F65
:10AE18006775743D256C7520743D256C75206D73C0
:10AE28000A0000005B454550524F4D5D2073616C30
:10AE3800766174616767696F20706572696F6469AC
:10AE4800636F3A206461795F736361723D256C7545
:10AE580020743D256C75206D730A00005B454550D4
:10AE6800524F4D5D2073616C766174616767696FDD
:10AE780020706572696F6469636F3A206461795FF5
:10AE88006D7573636C653D256C7520743D256C7517
:10AE9800206D730A000000005B454550524F4D5D20
:10AEA8002073616C766174616767696F2070657281
:10AEB800696F6469636F3A206461795F6C756E6766
:10AEC8003D256C7520743D256C75206D730A000056
:10AED8005B454550524F4D5D2073616C76617461DE
:10AEE8006767696F20706572696F6469636F3A207C
:10AEF8006461795F637573746F6D3D256C7520743B
:10AF08003D256C75206D730A000000004D6F6E6959
:10AF1800746F723A2063616C69627261746564006F
:10AF28004D6F6E69746F723A206E6F742063616C36
:10AF38006962726174656400486172647761726500
:10AF48003A2075426F782050524F2076312E3100CA
:10AF58004669726D776172653A2076382E352050D1
:10AF6800484F454E495800005365742074696D6513
:10AF780000000000536574206461746500000000DF
:10AF880043616C6962726174650000006D6F6E697F
:10AF9800746F7200507265737375726500000000FB
:10AFA800636865636B0000004669726D776172655E
:10AFB8000000000075706461746500005768617472
:10AFC8002064617920697320746F6461793F00009F
:10AFD8004D6F6E74680000005965617200000000D2
:10AFE8005265616479000000612E6D2E000000003A
:10AFF800702E6D2E00000000576861742074696D12
:10B00800652069732069743F00000000544553545B
:10B01800205741544348444F473A206C6F6F702083
:10B02800626C6F636361746F2C2072657365742042
:10B0380061747465736F20656E74726F203130208F
:10B04800730000004C4F472C706167653D25642CE8
:10B058006461793D256C752C776176653D25752C85
:10B06800626C6F636B3D25752C7365745F626172EA
:10B078003D252E33662C6D6F6E5F563D252E32664C
:10B088002C6D6561735F6261723D252E33662C619C
:10B098006C61726D3D25752C6379636C65733D2514
:10B0A8006C752C706572696F645F6D733D252E3108
:10B0B800662C6D696E5F6D733D252E31662C6D6152
:10B0C800785F6D733D252E31662C646566657272F6
:10B0D80065643D256C752C6C6F6F705F6D733D25D5
:10B0E8002E31662C6C6F6F705F6D61785F6D733D8C
:10B0F800252E31662C7365745F706B3D252E336683
:10B108002C6D6561735F706B3D252E33662C636112
:10B118006C3D25750A000000436865636B20726505
:10B1280067756C61746F7220636F6E6E65637469A6
:10B138006F6E00004E6F2061697220737570706CBD
:10B14800790000005072657373757265206E6F74B4
:10B1580020726561636865643A20636865636B2083
:10B1680061697220737570706C79202F2063697221
:10B1780063756974000000004F7665722D70726502
:10B1880073737572653A20636865636B20726567CF
:10B19800756C61746F7200005072657373757265B7
:10B1A8002064657669617465733A20636865636BCA
:10B1B800206369726375697400000000754C756ED0
:10B1C8006753796D626F6C5F6C6F636B65645F6208
:10B1D800775F75426F782E6A706700002A2A2A2ADC
:10B1E8000000000046543830000000004654380083
:10B1F800425438005446542069643A200000000044
:10B208005350492D312073706565643A2000000061
:10B2180078000000207078005245475F465245513B
:10B2280055454E43593A2000496E76616C69642051
:10B238006F7065726174696F6E00000043686563C2
:10B248006B2074686520696D616765206E616D6546
:10B2580000000000436865636B207468652074799A
:10B268007065206F662074686520696D6167652068
:10B2780066696C6500000000497320697420746871
:10B288006520696D6167652873292066696C652882
:10B298007329206F6E20746865206D6963726F531F
:10B2A8004420636172643F0047442E7377617028BD
:10B2B80029206973206C6F73743F00005854385804
:10B2C800582073756767657374733A2074616B658A
:10B2D800206120627265616B20616E64206368651D
:10B2E800636B20616761696E21000000706C6561A5
:10B2F800736520746170206F6E2074686520646FB8
:10B308007400000046543831584D616E69612E63EF
:10B318006F6D00002C2000002062797465730000B6
:10B3280045584641540000004C435F434F4C4C4144
:10B33800544500004C435F435459504500000000F9
:10B348004C435F4D4F4E4554415259004C435F4E5C
:10B35800554D4552494300004C435F54494D450003
:10B368004C435F4D455353414745530042616C6C14
:10B378006F6320737563636565646564000000002E
:10B388002F646174612F6A656E6B696E732F776FB6
:10B39800726B73706163652F474E552D746F6F6CB8
:10B3A800636861696E2F61726D2D31352F73726319
:10B3B8002F6E65776C69622D63796777696E2F6E7A
:10B3C80065776C69622F6C6962632F7374646C694A
:10B3D800622F6D707265632E63000000494E46004F
:10B3E800696E66004E414E006E616E003031323338
:10B3F80034353637383961626364656600000000A9
:10B408003031323334353637383941424344454692
:10B4180000000000286E756C6C29000030000000E8
:10B428002C2066756E6374696F6E3A200000000008
:10B43800617373657274696F6E20222573222066AA
:10B4480061696C65643A2066696C652022257322FF
:10B458002C206C696E65202564257325730A00000D
:10B46800496E66696E697479000000004E614E008D
:10B478002F646174612F6A656E6B696E732F776FC5
:10B48800726B73706163652F474E552D746F6F6CC7
:10B49800636861696E2F61726D2D31352F73726328
:10B4A8002F6E65776C69622D63796777696E2F6E89
:10B4B80065776C69622F6C6962632F7374646C6959
:10B4C800622F64746F612E6300000000FF00780132
:10B4D80080014302880187018C018B01920191014F
:10B4E8009501F601990198019A013D029E012002F9
:10B4F800A801A701AD01AC01B001AF01B901B801C4
:10B50800BD01BC01BF01F701C601C401C901C701E2
:10B51800CC01CA01DD018E01F301F101F501F4014D
:10B528003A02652C3C023B023E02662C4202410272
:10B5380053028101540286015602890157028A0189
:10B5480059028F015B02900160029301630294012A
:10B5580068029701690296016B02622C6F029C01D6
:10B5680072029D0175029F017D02642C8002A60172
:10B578008302A9018802AE01890244028A02B1014C
:10B588008B02B2018C0245029202B7017B03FD03D4
:10B598007C03FE037D03FF03AC038603C203A303FE
:10B5A800CC038C03CD038E03CE038F03F203F90380
:10B5B800F803F703FB03FA03CF04C0047D1D632CD3
:10B5C800511F591F531F5B1F551F5D1F571F5F1FBB
:10B5D800781FF81F791FF91FB31FBC1FCC1FC31F8B
:10B5E800E51FEC1FFC1FF31F4E213221842183210C
:10B5F800612C602C762C752CA0050020D49A006054
:10B60800FF4E0000BC050020788D00605B0D000037
:10B61800D8050020288000604F0D0000F0050020AC
:10B62800C0710060680E000008060020F467006022
:10B63800CA09000024060020C05A0060340D00002A
:10B648005C1E0020AC500060110A00003C0600207F
:10B65800D8440060D40B0000540600200C3C006065
:10B66800CB080000640600209836006073050000CF
:10B67800740600202C2C00606A0A0000880600204E
:10B68800981F0060920C00006100E01AE000E017CB
:10B69800F800E0070001013032010106390101100C
:10B6A8004A01012E7901010682010104A001010667
:10B6B800B3010104CD010110DE010112F8010128D6
:10B6C800220201124602010AAD03DB03B103E011B5
:10B6D800C303E009D80301183004E0205004B01077
:10B6E800600401228A040136C104010ED004014419
:10B6F8006105D026001E0196A01E015A001F0808E9
:10B70800101F0806201F0808301F0808401F0806D9
:10B71800601F0808701F4A02721F5604761F6402D1
:10B728007A1F70027C1F7E02801F0808901F08087D
:10B73800A01F0808B01F0802D01F0802E01F080257
:10B748007021F010D024E61A302CD02F672C010677
:10B75800802C0164002D002641FFE01A1F1C1F1ECB
:10B768001F1E1F1F1E1F1E1F65FD01006DFD01000E
:10B7780071FD010075FD0100D5FC0100DDFC010033
:10B78800E1FC0100E5FC0100310C0200350C02006F
:10B79800390C02003D0C020000000000000000000F
:10B7A80075690100116A010071690100A56901004C
:10B7B800256A0100716A0100B969010000000000F2
:10B7C8000000000075A40100000000000000000057
:10B7D800E9D50100F5D50100EDD5010091D60100AC
:10B7E80019DC010049DB0100A5DB010041DA010099
:10B7F80001D8010051E0010019D501007DD50100F3
:10B80800E9DC010005D5010009D5010011D50100C9
:10B8180015D5010019D80100F1DD01006DDE010028
:10B8280059D90100FDD401000DD5010051DF0100F7
:10B838007DDC010009D601000000000000000000C6
:10B84800A10E02003D280200392802003528020016
:10B85800312802002D28020029280200252802008C
:10B86800000000000000000075690100116A010075
:10B8780071690100A5690100256A0100716A01006A
:10B88800B96901000000000000000000F901000093
:10B8980015020000000000000000000015E2010091
:10B8A80019E2010081E0010011E6010041F1010007
:10B8B80079E90100C1CD010049E2010025F101004B
:10B8C80029F2010001EA010059CD010085EB0100D0
:10B8D800A5E10100B1E1010075E0010079E0010096
:10B8E8007DE00100BDE10100E1E1010005E20100A8
:10B8F80091E601002DE2010075E40100DDE601009A
:10B908009DE701000000000000000000990002000F
:10B9180029FF0100C1FE01009DFD0100B9FE0100E3
:10B9280095FD010005FE01001DFE01008DFD0100D1
:10B9380049FE010079FD0100C1FF0100C9FE0100B7
:10B9480051FD010031FE010099FE010000000000D8
:10B9580000000000F50202003D020200C1FE0100E5
:10B968009DFD0100B9FE010095FD0100A90202003C
:10B97800610202008DFD01004102020079FD010013
:10B98800B1030200A102020051FD010049020200B8
:10B9980079020200410000007E000000BA000000A9
:10B9A800610000009D000000D9000000E1010000D6
:10B9B800E5010000ED010000F5010000789CED9B19
:10B9C8003D881B471480CF418553E5D2D84979D7A4
:10B9D80039DD75B9228D4A77B934890C695CA45070
:10B9E80071600516B3865521830A150751E062CBAD
:10B9F800850B195C2870902B0E49CD411438B00284
:10BA080007B9E2562C812B14106403E218EE64B3D4
:10BA1800D1ECECFCEEEC8F6E67564AF01B0C67ED30
:10BA2800EEDB4FEFBD7933F366B4B616251B858D73
:10BA38005AC6569DFF2B44BE40897CB096999236D3
:10BA48008DAC0AAC29B4A22E52F28657CDC6C1CF0E
:10BA580087B0350E166DE54E6D8F6AD2C9B959DBC0
:10BA680039F13289335B3FDE2431AB9C9378BE32A7
:10BA7800CCC689A479AA2B5EB1DECEA10A4E285B7A
:10BA88000312ADB7157206161DEC3B3355A49E770D
:10BA9800EFA5FA68F533E0BC7D72A18ED3F34A9323
:10BAA800621DE9BDA58A33B068A3A392138ADB5748
:10BAB8006B5564D162DD745593F64190B1AA2AFAA8
:10BAC80015B6A8BABEC44A65A8CEAA388B96263A37
:10BAD800489DD9533C0E64B42AB6E8FDD73A38A13C
:10BAE800906C959534F00D707491F6C1C34676FF4D
:10BAF8006F04A4EDA62E4E289DC3C01E5948833C52
:10BB0800FAF1B14ED2ED71F65E8535B4A63A493DEB
:10BB1800EFF6CB6CB18A7BD3ED977A393DEFEC3CED
:10BB28009B5531A99AD953BC10ABDE8C3488D217F7
:10BB3800403FE9F678F3C6F355E2FB17FA39A190CE
:10BB480039C0C2AC38436D0DF221756683FD9B4543
:10BB58002BF6FDF6381F5218017816B858B422D2C1
:10BB6800870D9573E724D939597CCD82A3F443ED29
:10BB7800198A97C6018ED6B4B36B4CFA4F3F5F5201
:10BB88006746F255CA18C0771F9EE54B0A672CB462
:10BB980067A561C5FD49FD3C3F599EB864CE9A62D0
:10BBA8002D80572479F6272AA6CBD4595279FFE954
:10BBB800DE3238116BBB89596F559349C7AD659112
:10BBC800C27865FA564CD65A4E8EE2C599919C15A4
:10BBD800C38AAEDE6B2F9314CACE0919B7226276D8
:10BBE80055483DEFD3318D583F1BAC2C298C58B2AA
:10BBF800D20A3257714549A10087190FB8A85D3597
:10BC080052D8BF764EF07A9B1D15568F140A8C8336
:10BC18004DC1B2AB90A5E462BAC323920FAA7826AD
:10BC2800B5CCCC1F27A63B6E71519B33691F1C9E58
:10BC3800A5ADD3B5A65CCCE64A8AD651C5FA8FA77E
:10BC4800E9EE2F7758D23C7B546982DFEAF6D3CCF1
:10BC5800E0568114EECC9D9DC7DF2D7A7F59A4B0A4
:10BC6800B59B5B83A879FCD9F9D33DFEEE6592E2DA
:10BC78001972E360E70438A5C993E9936969029CDE
:10BC8800F56366B422592A8AB479BA7EFC20A29751
:10BC980096266E3F6AF5E5CC9AA75B83BEB47A24F4
:10BCA800274D6885F8310AADCA8B75D91B9D198A4D
:10BCB8001FF9DE2AAA94FFB61F4B5A48BDEB9D38E0
:10BCC8009ADE7F8DAECA2AEAA68BAEC9F705EEB515
:10BCD800D1D5BEA41ECB92FA04059FB71A47998501
:10BCE80014BF2F8154E20D919490C04699213F775B
:10BCF800077A4A9EF9F3254D92F7A4EF49DF93AAF4
:10BD080027FDEB3F43BA0AF9F4FF462ADFDDC3EF0C
:10BD18009391B6A671DF511FA97C3F02D736578988
:10BD280074A3D60CAD6AE81E671CE967F99116D0B2
:10BD380073C53ABF1FF580A916C791E617A7B4D2F5
:10BD48005FACE3B96F1FF0F51619691F2C81748D6C
:10BD5800CE0D8BF576B3DDE42A992B64539E55D628
:10BD6800BE97ECA6036719A47497576885E8FE8DFB
:10BD7800EBDD799306BC90AC8A4E37A33D426C6BE1
:10BD8800B1DE41F3C2724825EC242AE8CACE997D77
:10BD9800C5D4E4CBD233804B202D50D6DA7C453E37
:10BDA8003C6A1CD4B85A81DCA678DF263FD2E475F9
:10BDB800AEFC8415FE367992F276E55AE409069CC3
:10BDC80017F22625B45542E8EFC0609AC13ECFD39A
:10BDD8009AD2DD9AFC4991DC5AC33981D0071140C7
:10BDE800CF000387DD555A16A9286C0CBF6A963B0D
:10BDF800E50EB7F7B542A4C9FD6D51D2AEA1953590
:10BE080066245E94D4363D4B2BEB1AC904C1AF7738
:10BE18006E6E53DBD447FAD64276602B5EA948256E
:10BE2800E7BABA4617E8B2EAC8B0C17548777A5295
:10BE3800CFBA649E86A4232DB16ACF35773392F6A4
:10BE480018B2AEAF4F7DBF722D5FEF4D490B88D44E
:10BE58000E938252592D29D68B494706B64F1AD2CE
:10BE6800DA1E22656D8835AAB5EADBC0A298744649
:10BE780062CCB3F0AC308EF4EFFE951590026009F9
:10BE8800A4A0A790D5367852F81722ED02BC2F1B34
:10BE980047FAE509B41CB0581B52D22E50C569EEBA
:10BEA800529D9014BD0392C2BF5292CE092F03CF68
:10BEB8008C4C9174A428B3F60C81146937908DD2F8
:10BEC80092DAE0D2626DC892AAB22AABF1DAC2DC89
:10BED8002303BD2BB54D816D123D86486AEE2AE0DD
:10BEE800E434B62AC463C1E7E94999162255910199
:10BEF800788D340BD82948F19E1B22ED71DE164847
:10BF080015F89FD73712F4C793E2EA4BC8A6E0CAE0
:10BF1800524DCAF67BD692594947A6489AD5FF6131
:10BF2800B22852D9EF5878EFF35CAA4943FA420D88
:10BF380057266427EFF1CAF58753F1A95E8834EBD9
:10BF480048954CFAE608D1AC4B7EC584CFEEDDBDF2
:10BF58004826D568D3E0CA6560B7625D3C6D049C2D
:10BF6800CD607ED29D2EC1FB12727C32E361833D8F
:10BF7800575119E2B9CB47C792678D5E8EA4F85D19
:10BF8800772EE8B9BC57CDDF8FB606C3237AFAA55A
:10BF9800DD7C360D3F3BB35493322360E86D6FC9A7
:10BFA800B547E417A662ABED7D3E96F95B66836CF8
:10BFB800A4744CC276A4238D6D8C08EB2F67621D88
:10BFC8001EB671EBEB09B5224F650B31947DA51AAE
:10BFD800D713E6B300F2BFC7EE9B23766FE3D7FD16
:10BFE800474386837B0E5289D19E7D9D1AD6C8FE13
:10BFF8004FF4E237933B177F9CDFBD78EC72F61263
:10C008007ABA67F545DFAB18F7059DB6C98E5BBDF3
:10C01800F0AC28D44626FFED7CDF8BCF28984BFD6B
:10C02800541175F27301C8FA2E34DFA0574BE56B33
:10C03800CBE63E73BFD011A550C2361232820163DF
:10C048008C8D59FA9D643EE15711AA7CEF934AF40E
:10C0580046E718CFF22CDC3B66615BCFEFBBB644FA
:10C068007DEA56D2A2AFE0EA2DF4993FEEBC9BDB05
:10C07800D1DC6D55E0DA457687FFCD439FABAB4FFA
:10C0880085AD3A32AFAC5E9824BEF95122896885F5
:10C09800EBFD3FC3FE9AEB77C323622C27D4247BA6
:10C0A800027CAB8E5432AA02D4EBD3B2C215BD27A0
:10C0B800CF10CA6B6823096B77BEE68F783F697625
:10C0C800E0755BCC764153CD89AB4A729BC07AA3AD
:10C0D800DC5EC862D7D6C89447B58A757E58B6BFA5
:10C0E8008BB25BCFB8B2D0B79959CF2AAD79337735
:10C0F8003D5A298BB4F9B9B6FAF97E8407A90561C6
:10C10800767A5E795EE919BE95E3E342639DDFCFF7
:10C11800E571AC0BB4E7159D9C50927A509AD69B6A
:10C12800CF1775732259288F4AA244E74E94289254
:10C13800F9C8CA783D2C928A4D42D3DB87E225B5EF
:10C148006D0D5BF958741381BC51B13B5F172E1C00
:10C1580097FF021FB242C000789CEDBDCD8E1C57E0
:10C168009225EC24FBC3E811BEA553D22CEA2D9CE2
:10C17800946A53F3125EA2AA368D79875BADE89A6A
:10C188005CE422175C70C185B347EC1E01A385806F
:10C198001130024A80ABBB28341739401690050489
:10C1A800810C386306A10FBE884510880498C0F03A
:10C1B800BBC78E1DB71B99499152511255C54830BE
:10C1C80099191119117EED9AD9B1633FB7AADEDC2E
:10C1D800DEDCDEDCFE4A6FE9D2AF37B71FE776F95F
:10C1E800EABFCCD79BDBABBB7D7F29BC91CCABBB7B
:10C1F800BD5A29BC91CCF7BFFDF09278239597B929
:10C20800FDB872782397E7DF7E5A49BC914A79FBDB
:10C218001EAB3674D517D5A3764C9BFCB56E56F578
:10C228007238A996F8297F8DED1AF7D68BF4557FC9
:10C23800F78D4CBED3EDBBACD2A7C3366DBA75F53E
:10C24800A05E36AB766CC77EDDAFBB751AAB45B565
:10C258004823EFAD57696C576D964BBB4A47CDB233
:10C268005BD7CB6A9125B4AE3E7D23936FB9BDE40D
:10C27800BA347B79C54FB0AAF53241069B7AD9AE5C
:10C28800BAF590EF8314FA4D3B7663B3840452BE3B
:10C29800B79FE79F9690487E6C5E67499964C6B4DD
:10C2A800869C86CDB0EDD6CDFE1BA9ECDC5EB80E23
:10C2B800F55E5EBB6D5EE1553756A70DF6FCD81DE1
:10C2C800A771D854D932C1369936AC20997E6E56AA
:10C2D8002A3F6798578BBCDA786CD96F1A936063DA
:10C2E800D2EBD6F80EB9D40BE84CFE6D34EBF6322F
:10C2F80092F9EBBEBDF0FAB1E7F3FEDFC01AD957E9
:10C30800D680BCAE23D6311D554BFC46BB94577D19
:10C31800DE8ECDAAB3BDDFACAA27F9AF36F9E7E5C3
:10C3280090B528AFF898A049593266C3B245C333CF
:10C338002127E810ED1B64F5372C936FBDEABCD7B5
:10C34800B314860D560D72C86B95D70B7E22FF3B32
:10C35800C64FC97E6F57D48876952DD61F9AFCF89C
:10C36800301FF29E873EE4F58677DFC036F5597EAA
:10C37800C9A447899934567C4EB5A086E5E78CBC9C
:10C38800F76F4E22DF72B5ED41FD0C56A4352BC276
:10C39800D5C3DA63B7279310BEFA6C8BA031D529C1
:10C3A8002C1724971FCFFFE047F0379D3D93F628C1
:10C3B800CBD0FC485EE72759CAF60A26A13525DE08
:10C3C800AEE8632079BC5B7ED5C5F0B43DF81B911F
:10C3D800C9B75C657F9857D5B4207BDB93BC46B062
:10C3E800F6636D6BD92CE919B4B6F8BF7354C5FF61
:10C3F800F3DF981E99FC60E9C6EA111E33EFBF828D
:10C408003FA14DCA9EE7343F7F844DCBF71A32C80F
:10C418003E06FE67631EC67740C6617FFA2B97C942
:10C42800F33DC5EDC66D7ADEB51BAC3B56D1BCF00D
:10C438006A9837EE8DE12BE025B8BAB032FD06F6E2
:10C4480088882AEFEC0D1EEB46AD2C75417B7F30BA
:10C458007DD0BFC12C162C1B6D5F63F62A64025F6A
:10C46800032CD06FD3EDBF52993CEF9A3E69462218
:10C478001FECE0216B48956D11D61A72C8325A61CB
:10C4880007C3F6B72325857D0EE964146B1EB9E54D
:10C49800BA425E0BFC5F3DC15A6BE581CA3AB7747C
:10C4A800F82D7F3DC16FD42DE81125D68DF036F4D7
:10C4B800F39D79922CD9D1BCCD66F8F8AF4C22CF38
:10C4C800DF61675C1B7C413BB06ADCEDEE2756867A
:10C4D80089F2BA544B7A6EF7BA6BDA2D60AEFC0A61
:10C4E800232D4C8E3F56F4D3F2DB900F342FEB9173
:10C4F800478DFD9A310AF429FB7EB77A420F44C072
:10C50800D010DEE36862DD3CFB2BD292E75C07B01B
:10C518000DD614961F3A90FDE806B82AFBDD352C97
:10C528005175EAD686529AE481BFC36A677BB6EE34
:10C5380088794D36C31CD8B65929D6805C88A97A23
:10C548005B59EE7CB36EF9A7647A559DDABBAF24CC
:10C55800117C02BC73D653430569859FA09FD59370
:10C56800FAECAF4222975E4177082F502DBB796DC8
:10C57800919EAD97EDE6C131506FF10256B5363F49
:10C58800919FBB8135CB8F82933ACB38CCD1515E0A
:10C59800B379BBE4DEAE0D61312E6F477A8ED67467
:10C5A800013F0F5BA2A8CEBC5433BD97699AE92816
:10C5B800BD3B6C5ABE3FFF4F84DC2C61E720A77659
:10C5C800F1B396C8E57AF1C570D2C0371331292E78
:10C5D800580FDB6EDE1FE7BD3A374FB2CD386843E0
:10C5E8005B021B96D774EE5E64697B764DD624FF9A
:10C5F800DD5378817E8EF83CADA91DC96313B368FD
:10C60800C68E480ED49B6E929269D20A2BCE18120F
:10C61800FADA199686E65062D49A2CA727169D3E18
:10C62800F899CAE4D24FDDAE6B301ED89547BE36B6
:10C6380027E61FCE68197A8F057B8F13103BF766A4
:10C64800B110B9D58E7BCDB2011D678B93AD9E61BC
:10C658005E46E8B435E4793D721C93FB6CBCB24588
:10C66800F3F6D78E22469304F783D9ACEA0CD2802E
:10C678001CEA53A2B5EA89F4A33E055A7EAE37797F
:10C688007D6F976BC6A2750F50AFD271770C14D51A
:10C6980003B92EB113F32A1E3B1ADD986ED87E35E6
:10C6A8008B32877D718F3B924B6F4CAFDA87645129
:10C6B800CC63DBABC13E0D733E0B0899BE857AE2B5
:10C6C800D1E446BF338E6F5DBE59124F88C05C33CC
:10C6D800A0991B4981F7D77C6C9B3FEDF2672493A7
:10C6E800CB7D86C507C363AC12EC53738475A0D7A2
:10C6F8008564AAB3E6AC739C63FE7A412C4AC9D41C
:10C70800ABE1C46206F8F74D3226057BBA59D20F61
:10C71800935DC75F7463EF96477A81D768C8395AC3
:10C728005CCE77C0DF183FF228991EE1FEEC210CA1
:10C738001DD7A76629379D233DEC0F3C4649996FC5
:10C748003FFDD968C9A59FB2C7CA9DD44BB14779E7
:10C7580005FEE87CAD790B670F1F63C560A1C8882B
:10C76800F05EC5E0793D4E60958693CEA3B97A59BF
:10C778002D2DDADB803B691935D86A236614C6B2D9
:10C78800FF0D95D17A91174BE3C4F83A7369CF1628
:10C798001233A9D0471171F51627BA4468BD9E8790
:10C7A800B85EA7DB259F2F3D4014078FDB8E4444DE
:10C7B800B023DDB1619987F59268B45A32FA8207DD
:10C7C80001F2CABB92F664E4EEE73A366665AA055A
:10C7D8003C3F30B0F1B744B7F4F0C657F58E02A02D
:10C7E80077C6AE2F0D436F878DF329EBCEA54D2964
:10C7F800B4D4AB35B58C3842AC199F03E9D03BB9FA
:10C808003D5BBB557BF85A4BE4C227AB67B68B9FA1
:10C81800E0AA1AE62AC664DC6C37C74AE75DB6CCDC
:10C8280091C776789C8E894FB36D3AEB2CF76A9A4C
:10C83800E04C88D99C253014AC55F330FFB46C46D5
:10C84800E88B712863B7A1A5CB486A43CCDB39B71D
:10C8580008EC40160BEF6BB2D8B8E5DA4C360EB8D8
:10C868007AC1B8263F022B471E133AB9EDD7FDBA55
:10C87800D48C61235F46A9D5B3D7542297E129AE5A
:10C88800BE5910AC30779CEDDD4367C59F5D49E02C
:10C8980038AA1571252D7B67561F1140EB393D5B72
:10C8A80033B379FC8E5D9D35E8986B85F5A7CD7718
:10C8B8001DB0DD0D1BD339CEF57CD6AA1DC5020BE4
:10C8C8001F60E7CB760A8D35ABE08AD378F3B36E79
:10C8D800D213625F7CAF4FE1DF0D1DBF8E3A7251FC
:10C8E80016B795B3832CB20E9C90CDA8CDB7A6FFF2
:10C8F800D11C0D9B1B9F7F7CFBFAEC775FE46BDC04
:10C90800022B213624B6012EB57C528EFEE84BC888
:10C918001D564BAD6B858CF81125D56F18CBD152B0
:10C92800D14330D223166E1D69418E860F16F2CE82
:10C93800C31493845F216B405DC0DF5F9F5D4BD55F
:10C9480033780C48C0188435A5336CCDBE5DCE71E4
:10C95800BD56D2180E730CB04046957197AD0AE2D9
:10C9680034F39A8815EAB35F1FDCBF7D73AF4AD7EB
:10C9780067F5336018448159534E615B78BDB6CF73
:10C98800D79E415AD37A317E6C3C026FE90BB0B323
:10C99800194B3F51968AE8A1F5C8DC628B05916C6A
:10C9A8006BBC9849C25E35AD028B3922730F637A2E
:10C9B800FAF0E65EFE84B3EB9F29421242E7EE01ED
:10C9C80016CE12FEF36B24910B9FA4435C7C02CB22
:10C9D800CF28AE638D01908CAD7146BDE3D52C0791
:10C9E8007CE16ADF9E993D3A439D02337BFD94EDDD
:10C9F800A644638DF18A9DC5825819C6F9788EEDD3
:10CA0800DA2D7E2612E09EE7BE67AC4DDBE6BA0063
:10CA18006C3D22FED17388909B65BDF05C0AACEC3E
:10CA2800E9B09D1DDCDCC367BCB977250113384329
:10CA38006CAC96F4891EEE3591C845746B361C565D
:10CA4800AAB5EC42F6D6B6D392E72FAAC377B32C91
:10CA58006EED5F9FE15AF1FFF5D9F0B4B65D87CC72
:10CA680038E597E3BA6364A6686FBA8D218385FCBD
:10CA780028EAACB2F53986C7551C434E98369EACA9
:10CA8800BC6C51EF5610F1353DBEE329E137620029
:10CA9800F3FD2EC59136E96AE2E7C4BF2ADDD8BBAB
:10CAA800F139D82DBE23AC6ABCF3733CC94F2E8D27
:10CAB800E699E1920DF502EBD5FE41A8D53CC8E612
:10CAC800EB3BB7F67F711FD7786B1F7BEF7EF621A4
:10CAD800FF7C907DABA2876C07F22E7D5CDA0F623B
:10CAE80057476878DE3133BA79E53D2E277B88F5DC
:10CAF800F4CA05E7E72D869833FA067603DFD529C9
:10CB08003365D8818C1874CB1181BCC9A67E0439D1
:10CB1800E0F3528FF1EFAA6909344B5A275D7C0E76
:10CB280097F2934AC33C81211AA24CCB67F8EAD00A
:10CB38004EDCDA7FEBDEECE017F721895BFB90082F
:10CB4800E4726B3FAFF752390E2219A21E314BF82F
:10CB5800DB76CA8190A385BC1BFF0BD347AB5FF084
:10CB680038C7763923165BE72DF5C6FCB4738640C3
:10CB780076B453BD47EDC8653172C18EFFD03EE330
:10CB8800FDDBD461C8C3AC6BBECA61A31CC9E0ACF1
:10CB980027F060D6E29F5222974A838C68CD98C1CD
:10CBA80032DEB64E27B8DEDF7DF9CD5D5C1FBE20D4
:10CBB80083D9C12CFB74FCE5ADFD7753677B355FEA
:10CBC8005F8E067ADBFBAD47143902B41AB6649956
:10CBD80090BC96AB7AC5156846DA1FFC4354DE6FE5
:10CBE800E4357AE3B4C24FF75EB142BED75EED18C2
:10CBF800F8817F03363FAD58C942D977EBE5C79036
:10CC0800C6CDBDD9C13777AFCF803DF83BA453FD22
:10CC1800C964B175C460D126BD7D46253F8D442EBB
:10CC2800BEEBB3CEA35EAB4558D05AC0A237C69769
:10CC3800C35B40025FDF818D8244201D5C1DB5E42B
:10CC4800CA9FB2D75F2B0B445C6CB84BCCE29AB945
:10CC58005BE4D5C15DA5490787292A8076D276216C
:10CC6800C6631CDAA9DEC1FE9E1C61E3F68D7A401C
:10CC780039F56BD91D3CBF7EF6C1BEE441CDC04F2E
:10CC8800B25A37F7D2F4B781C79847199EFE0412F3
:10CC9800B9F08EC8D4990C567EE56B72135EEB34EE
:10CCA800521FB8FEB4C9F76F533FB4F3DEBAD71CAE
:10CCB800934D52D683D939C6119DE502AD62D4D9B8
:10CCC8000E31F366BFB4F7739C06CBC5881CF60A11
:10CCD8003B215E8572AB9ED4A76418DB95FC48198E
:10CCE800B3E0B1AB89D2809DA29F8BDF299F6B896E
:10CCF8009AA5BA214693EDF3EAB87E547974561B87
:10CD080080BC51EFD694BC04B2B2794DB633B34F60
:10CD1800BC2E480192A912AE8EBB8F5AF2FECCE20D
:10CD2800BBB5B06A754A5DC33E6626BC07EBBD3528
:10CD380089D1CBF8739CE165D4E07F0F0F9D11D9A1
:10CD48008A5C3AA5113959CFA24FEC077E13F2CD70
:10CD580036F699561D68839F2E7C3A3D5EB6B1B370
:10CD68007E8BF8BE731BE79F1B7CD745B6F14794B3
:10CD780046F588EB87BD4BCEB6B1AB4B96FBAECE36
:10CD8800DE9E51EFEFBB54200F5A64FCA3946EED66
:10CD980043678C935F91016C7D05B17ACC4B11117F
:10CDA80067AFB1B0D777EC65D90FD6428CF21DDDED
:10CDB80054A5E0D5261BEDFB1CD93F817C9C8367DD
:10CDC800F58AE516271DDA423BA8078A90843B645A
:10CDD800B9E0F1F0993FDC6F9E1129187B36612D7F
:10CDE80044993F9A44CE7BF1CF8CA5C54E6364B479
:10CDF80066CC445F3A3C15B2851C783DB45BB453AD
:10CE0800BC36DE7F6BFF9F0F584D48BFDA7BE514B9
:10CE1800563CFB5EE8C236FB0EAF7620C6E1BE8705
:10CE28007FEFE6C4C0F4011D71D89AF1023C37F3D4
:10CE380022D03A7C59844F3BB725D625D7C57D7477
:10CE4800EB80E82FAC936C16AF415AFDD6BD5BFB67
:10CE58009087D94D7F57D3BAFC8ACDE73F9244CE0D
:10CE68007B8E65EF1566DD48DB6256616B3BEF999B
:10CE780076BFFEA70DD03D94C42DF79CBFB8FF8F99
:10CE8800B7F37E7354DA73CF79646D88750D068BAA
:10CE980055D1F62E6BDA6F70F4CDCA1964AB736393
:10CEA800A406CE0C582DC740AAF31AC9F0F3555161
:10CEB800DF65966ACD57A3BED5ABF767F46DFA84E4
:10CEC800948924C22B08B95C4B907691515913B7B9
:10CED800A5D505EEF70797467787D621A3A2353261
:10CEE800CD8C75C54EA72F89DFE129687BE5D3C9AD
:10CEF800424863F838A2C45FDCBF9AAC42C1ADD0E7
:10CF080064DFBD66CE7CFC31512FAB1AC9998B51B9
:10CF180049EE53E9773AF57BB83FF78E904DEB7CB5
:10CF280058EF922136775BB77E6F4FDE9B7BA64A20
:10CF380061B9781DF2F0B896AFEF4072D599DB3B36
:10CF480067F5B3069ABF4B777E60899CD30DC38F74
:10CF58008B7E1D1C2C7338D8CBF5B3DAAE01F220CA
:10CF68005294964816BC3A5E37FC3B22C59B7B6FB1
:10CF78007F4AE4849DDD9994C53D99969C281F3B82
:10CF880030621FC9DCB222AB779FDDE5283FB1BB19
:10CF9800C03A0E0656E9AEBB89CB656D49EFCCBCED
:10CFA800479FD0EDA71FDFD62715DFA9CF1D929089
:10CFB800B5D20E9B1DD4AA5BB15813DC166DED0FCC
:10CFC8006AB3CE4B833CDAA967203642A1887C9BA2
:10CFD800675792225AEAB72C147E8BC89C5746B4DE
:10CFE800259B303C2DF0FCA63A93AF8687A2D7A0AC
:10CFF8007534E671137149C60E8BDE58A94E28D9CF
:10D008002B511529588433224AF14C8BA3C1DEEBEE
:10D01800B187CDB51456899F91FA1BBE3D78055945
:10D028002CECB70FF75125535444785DC40FEAD759
:10D03800775EB7D9A7BD74EB607B83F538F99E930B
:10D048007777B49CD146F872BE82904BE016FAFE10
:10D058007FB457AE2C4A476C2E4FECF1BB212054BD
:10D06800E4988F666F827963C4D88C05B8DFBB35C6
:10D07800EB7789A1A6F87CD37B768318A4F7A8035D
:10D08800F9F766F1D141A9BB42BC920462593D1639
:10D09800F75283AE24D387456F3ACD4C8945607BE0
:10D0A8003F903CCEC9B99FF2CC64270CC58FE4737E
:10D0B800DE9F51B7615D8163C367870C4ADDF8FB6A
:10D0C8004F2529BBE7A0452674E1B6CFB949A17B16
:10D0D800E3695D23E80FC405C23330335572E813A2
:10D0E800EAD92A7EAB4FF179B15EE20EBDCA7A7CED
:10D0F8007B26BF01D437B30CCD2EF2653CB21B1B87
:10D1080012FDBEB7D77CDE8D94B021C18D90F80F8B
:10D11800A221E75ED32A2857BC3231231DEA07F340
:10D12800DEFDE54C7E1B6BAE1823F65C95B8D74246
:10D138002EC43378B4B2B8F89F6F5767AA908A0C98
:10D14800059976C6359D676AC9C033BA1097E8F560
:10D15800574B7237EAFAD8CD810F5E8F084ED16BE4
:10D168004836D59F026D5C9F24B3CB26963A0F6D47
:10D17800E617E3A9FBB7FFEB1D6AA4690A2AEA5080
:10D18800FBBBEC7E082FB21B7398AD6CCEC8ADCB41
:10D198008B24EB9D797BA6B557FCA76BA294C4049E
:10D1A80051FBE92F7975E57EBCB11F329026DA75FF
:10D1B8006E6D8D3DEA636D9BD5A57B357567FB224A
:10D1C800790EBC5A8AD972AB6E919AB82ADA14E7EA
:10D1D800504EBBCD95442C25DF5125ACF175D77544
:10D1E800EE95D24271EF501EE47D6EEDDF7BC8CF25
:10D1F8005D2F598FC2ACCC05DEF7954AA3D92FF71E
:10D208001A1912E73656FD56B138E33D5C0F3FBF99
:10D21800D8ABB0CFFCCE7DF8D6BD405A78CEC7B7D4
:10D22800194DD0A6F4BEAA8C1B5A67473CF6A29D9E
:10D2380062D7D41487B3B3B673EB458E5119F1DEB8
:10D24800AB2A8477C9CD7C75172B0BDB23841BBADB
:10D2580021BD5524424B1C38917C1C7FEF9F2663CF
:10D26800335951DF5AFD51D6E4F35DBCAF501ED09F
:10D27800445E5BD6F65575CA0888F1D4D5243C556A
:10D288004650C1FBE0B16FEE424ABBF1D6FE67BC27
:10D2980032C9E4FEEDAF1E4E88DEAA4B68E7C1EA4C
:10D2A8008A551F36AC2E6C6D3240F2FC5EAFDAD276
:10D2B80065EFDD88D22464E89B955015FB4B800E02
:10D2C8008CB97F56C67ED25BC8415843880AF7E8B6
:10D2D8009F6425DDC1D57D6811BBD51C31D6346668
:10D2E800BE3ACF68BD32697057D5669F8639764297
:10D2F800A7FA9963D428147E793F58C46049C95560
:10D30800C196295F4B8EF1FA0CBB4C3A737D76259A
:10D31800755E09DA7A0CE7AC98579A02E5A7B53832
:10D328007D4640CAD81997F984BC8D7C0D11743399
:10D3380045D18C3814B35CB1D5FDE66EB9C6A52FBE
:10D348002FBFE2FE522640BDB4B8D752B3147A1BA1
:10D35800A23AFEBC177945F2884A29F4D9B5A695B0
:10D36800E245BFE9B89EDFDCFDFACE2FEE33B726E3
:10D37800AFC135E76A33AA256F2A8E1139C3FBB7C7
:10D38800951DC5EBFCDB5D5A2146118C2418DD2860
:10D398004BDE7B7655DD03D9732813A9BA76F312D1
:10D3A800F92FB6AAF484856A8CB91F3C6382188762
:10D3B8003B3C7463F7AB72CF822CFAEEE3422781D1
:10D3C800B7EC59CFE4F120197AA90BB1E12B91867A
:10D3D800F51F8DAC2F36BBEE0C376A0EF059E8D529
:10D3E800BEB94BC4F1D63DFC4E5B5B5EDDAF3EE1A2
:10D3F800B38851189D50B3F48F68D3223CE327EDCE
:10D408008A8092B6C97926B2E67A77C41CE63D0DC1
:10D41800F7C9DF745EA3C87E0F562DD0AE29AA497E
:10D42800E8A63D634CB7FF19575ADF2585D008D9C0
:10D43800AC523764A9422A568BF29415458CC88C95
:10D44800C37CF24A6C563A2F8F8A0C9DE17A5607B4
:10D458007466B7DE7504A5A84F084B3186A25C3CFC
:10D46800E37F7D11F8519E5D7C2FE50119DEDAFF1F
:10D47800FD7EEB78B6F7D843F959F122E0CF3BCFE0
:10D4880084485718AF74AA5A3339A551DD85AC467C
:10D498006856CA2CB6E3AE2D12DFCC7FDCFD8CC2F9
:10D4A800F9281F2FE576DEAE7D7D072C636F9DD5AD
:10D4B800E43C85B25F01EEDDF9FBB4E9BCA2BFF341
:10D4C800DE19EBCDC83EE4EA272536DFF5DFD8FFC5
:10D4D800B05EE1AFF73F2BEB19147FB07220983C98
:10D4E8007CFFE08BB412AB419BC5EC86AFFD9ADDA7
:10D4F8006AE2545BEFB7AABDBB9CCF01AF831D9412
:10D50800CCC733EA208B4C3BA275E69E61750F773A
:10D5180007575BEBCE4F1B7AA1FF4B1C2016E8FA8E
:10D528002C2DE53F945BCF3BE62FC5BD3B7FDD1E31
:10D538005895C0B1215CAFD61B0C3F34CB8F6F47D9
:10D548001C856B5024C1AC39F204BC8772803CE85E
:10D558003B9449B8B9F7AB4F64ED989B92ED6AD00C
:10D56800C579EA954E9E574D362D20AD3D6A1F83ED
:10D5780017249F0B39298FEE5863AAC62A1001ED8C
:10D58800E043F986D90177BF7203E76D53191B96FB
:10D5980051C945C485677CB88F4E11C5A28AD12E62
:10D5A8004C7FF80BE491EDDF29A36256C012DFC36C
:10D5B8003ADF7BC0D5934E6065C1817C7D877687D5
:10D5C80039F3B048880423F7116C4AC491D4168FF4
:10D5D800D517F2D9F5A277AC0A698863EC37C2503F
:10D5E8008CC75BEFBA152E4E63B38ABCA1644A1F81
:10D5F800D26FE5C7E141C89268AD1113491265368B
:10D608000A9F4CF65712D46E2C75E7C6DEB016A6E4
:10D61800608E25EBE45FE24376FE324738ABCAEA18
:10D6280000DAE5305971B38F4FF57923174EFFAC07
:10D63800F5A69668E7D3CFD39F83632763C2BFE27B
:10D64800DEC2DFFEEA13D5055DF973E7153C9DD709
:10D65800A75BE781F7CC3645453AE37566A3BAA9D7
:10D6680032B1F3DE1EC6F166DD1E753EDBE46A22CA
:10D67800EE8B7D1F388B382324C2CFB78BBE680D45
:10D6880022D655844FA9347F9E2A2FD00FB9B4DDF6
:10D6980070BEDBED7BCAA3630E90F59BECE1F74C03
:10D6A800D06F7D7FC38F95390D62D7E04BF0B9F10C
:10D6B8009CFBB7F73F23DB4879D04641827FFF695F
:10D6C80064D4C968E1FE2BA9B729177C3755814C6A
:10D6D8007E8395CF862F68A398D990EF4E9ECD274D
:10D6E800E71BF92DFCD42CF4EE8CBFB5AAB4B3C15A
:10D6F80062516F849E2226E4F75D4E888FF3D1B77E
:10D7080093FAAB684FC99FBC0A79D48FECEAACF2A4
:10D71800D0F23736ED8B7BF2839DCC2BB1236D9401
:10D72800EC0E7FD74E42ACC108843AC4AB87C757CA
:10D738004CC84C8FECC0FDDBFDD3FCAE276409D18F
:10D7480069A0CEDB9E3D7EACDD7554C55A91D66D81
:10D75800143180784971BEF424FDE6ED44B907AE72
:10D76800655CBA1B79E04BD2886844BA20E451E67C
:10D778003CC3C334CF729C93117B6B5997812CE8BF
:10D78800A3EF258F5DEDB06B230F4AFE42F560D7FE
:10D7980092A4115C1577887C00EF97B42009AC3708
:10D7A800AE10DC896C1D7CBEBC89224879D57753C4
:10D7B8001AC99C90BB6D6DCFB7BEDB6DFECB9A5579
:10D7C8002EA6C31B72DDD36C9495B2B19DD7E932F6
:10D7D80082BFF9B9F64BE9B34B1E57E856311F77AC
:10D7E8000FF38617A5111C43E4ABAE26D9CDD6D9C5
:10D7F800008B10BF8F86EC62AB15B9DCC12BFB9593
:10D808008F6E97AAA50CEF2C9F2E3F1D3928ADF8D7
:10D818003777E55360AFA85188CDE36FE0F1630532
:10D828006EEEB5CBA23E8A5E645DF2F19DFAFB3DD9
:10D83800634E4CDCAFA5C3E2D85B9FC29177D65349
:10D84800BE3A74B58C01251B79EB88494A5F1DB532
:10D85800A3D42AFD26BB252E787690A67EB7E4357C
:10D8680063DFCB62EDFC45BFEDD75345F928BC9883
:10D87800AFFC6970528CB3C99B97FA1F715F8970AE
:10D88800A3D64499127ACFA81560264B7BED83FD69
:10D89800FE2931964D05B0CA2EE65EFAB52A6EC845
:10D8A800A5F4CECF333E340B8BCA5EB3B3CA93E034
:10D8B800A77713DFEF7C442EFB5FFAEDF82D1E09E6
:10D8C8007B5AF274ACF6233F4754F91B4359DEE107
:10D8D80068530EF2A7FCEE28EB9C2F4FD69564B93F
:10D8E800B935B35EB8B29B5FBC577841464CC24B62
:10D8F800816EC316489788B29481E3A3BFFAE457B0
:10D908009FEC32C2C14A5AEDD98CF5D5565BC25A42
:10D9180052EFBAEAC4992FEAD37E9A4703C611FC9C
:10D928004A63D58DCAB39B84F2BA5CFF939819D425
:10D938005B288E90169778AB8CFDCA9CA0B8F960CE
:10D94800E9221B428D97A5681E0D3E5BAB674FE32E
:10D95800F89D356417E93E62CE01553DACC260972B
:10D968001DFB55544DA9FACFC04565760D8FCBBF29
:10D97800C046289E9565085B277F28BE31D067E79B
:10D98800F1B67550933D338DF0FCC87C9A0030D5C4
:10D998003613D558CED0F8EFE4B9F5CEAA7AC27BC3
:10D9A800942CBAD0C8AE3694B941C58FFAE4515F09
:10D9B800C62B60341B56E19A65D655416108703C08
:10D9C800E7D35F24915DDF61F356BBB5721CB2C724
:10D9D800E0E18243A37E70D7C9FFC95B2BDBC14F4F
:10D9E8004E542584199534CAE894F9F5325A7C279F
:10D9F80031DE6838DB6D4D1D21D2809FB6BCDC421C
:10DA080075250DEB41D7BD772FD18B33A6AFCE420D
:10DA1800F74AFE43164B715469A9820F51C589D83C
:10DA28002C793A5E55485032BEB9D77BA531F344BC
:10DA380064DBBEAF3CEA3DC5BBA804A83D036AFA57
:10DA4800F795AE28A41236955AA228BBF433652D53
:10DA580053C48C781D5E93304CB07A9249FFB0E184
:10DA68001C1F9FD29A579D1668D3786C426FDD2A87
:10DA7800A3BF4E64E19D6DE998515C5F49E22C8338
:10DA880083923C5403277F5ECA4B3BAFF4EDB21040
:10DA9800CA20EA1F6D05AF17286B8A9E9D393B5730
:10DAA80077F2D2DA31FCDFD62A9DD8A9D729CACA9B
:10DAB800AB707356B224250BF8CDDDA8E629B52046
:10DAC800E4105A15DE3D62C1B85738533FF5F30EDE
:10DAD800DD8527F4045ED9B02506A64F631CD85A05
:10DAE800463D620F5587C1B3FCEBDD0F1D27ECC621
:10DAF800DA5113261E34F67BF0BDC159519ACC1A5F
:10DB0800FCE2BE78DE5DFBA677E83644BA9DE7CD39
:10DB1800F2A77B796EF19CB552E491AC2EB65EB259
:10DB28008EA5FA135959319F910B9784C4F594D651
:10DB3800871E306C6B99397CEB1E6B4E4ACD902C4E
:10DB4800690B6707BF7E40EE232112349467DD65B9
:10DB5800E659384DC3F2885163BA526D7667B2C838
:10DB6800CF7AF641C11D94D6A8ACD9130E91D5A190
:10DB78000418D16AB7C4CFB7F6B5FF0213947C2452
:10DB8800D845ABAF3815EB6736EB7BC8A37B58633A
:10DB98001ACBDAECF57485409B7F9776BD564446E0
:10DBA800CC3FE99FF65BE4A7150747665AB9E73209
:10DBB800634BEC1BCFE19E7D7BD66F3BB748C354CC
:10DBC800792BE4C5B85B389719906E1477423651B3
:10DBD8009590DC3365762FB4533EFE3C6B8BDF1893
:10DBE800BD876F281F2B5198D08D7EB33CFED8FB84
:10DBF8007C147CFE7353655F4E3F9EF55BD6C9DA95
:10DC0800CCA3A578EE7EFBC1A4F3A517561C545EE1
:10DC1800A576B9ECEAEE1A8747D94554EC6693A481
:10DC2800225FF5AF7731032B15AB9E7C974816AD75
:10DC3800CFBFE8B90294C6D6F9DDED6E541711903E
:10DC4800785A7C2270FFA5FF08B970DF4775ABECE6
:10DC5800697893B22A2B746476F0F8109548E8082E
:10DC6800AE968975BE672F258F5DACBBACA90FF04A
:10DC78008FA3EA0BDAD57B9FF33AEE4FD5C7F45E54
:10DC8800118D841F28E33FA193C82186ED96B4889F
:10DC98008BF9E85BF7C06B05C6C257BF550444EF64
:10DCA8005E7BA69C1DB944E3EACEC9E8F894EC1162
:10DCB80073057F97223F2FE40124AECFCBFB895811
:10DCC80023B7A15D56FEADFC4AE9EF4A8DE79A6895
:10DCD800FFDDBFFDCB196AB23A9F42C0B9072F6575
:10DCE800B14A692C5AC72635E6ACAEDA09C5FCE359
:10DCF800C414CAEEB273B6F40762D84ACF12BF454D
:10DD0800D6AD6453A51FEA402AF19724F84E6286DF
:10DD1800A9770E8216559CB3234A9F3C8DE8C4AB65
:10DD28000FF3F75F1F88ED8C68B3EC9DC54EC055A7
:10DD38007D7D27B2B361AF823D90E7D0A7BDC8C251
:10DD4800C7278EBF564E953C167EAA5F86592C9ED5
:10DD58009177E2E85E739C4E15407661FDB1752DB2
:10DD680047F58162A0A87BD3EA475CA81DC53508A2
:10DD7800C667577B76775CE961F5DBF5D9570FD332
:10DD880054B96EBAC0AAD0C98338637206840E6CBF
:10DD9800A9CA920FF61529847E1093C86B89E70CDF
:10DDA800EC15314978B4B00942B6945D99FF283D25
:10DDB8000BFFBA7A96F70FBBDBD563F4F485F2381C
:10DDC80087AD5A9BD45D2DAB25A6E6A9FFFEF1C70A
:10DDD8008A2DC81504A7060B13EB168C62699D885B
:10DDE8001555FF53626245BD652625F0B1AC225E2C
:10DDF8000BD3AF7AAF746BBD923D72809611587198
:10DE0800EA217C07BEF23D8FE463CBD8549F4E3A9B
:10DE1800AA552F33E7D029205B310AF236FCFCE4FF
:10DE28003EC5B3E8DE327EF4EBFC9C9D31D456E669
:10DE3800CE5E68B1761EEFE7FD49E7133E8C33B23C
:10DE48000994FDFABF789C57DA92B2BF26F232BB2A
:10DE58009965C54CBAE6C8ABE9B39FC75CDAB3614C
:10DE68001FF8CEFF7AD7AAD5B78DB3EAD4DA344DE6
:10DE7800DFA387F73CBF7508D5CB77FCD585EDC206
:10DE88007EC65E97DC77D9C4EB33D6B346FE301036
:10DE98000191B890C16E8D59CC68C13D5793F3E399
:10DEA8008EB12C8EF80EF268F681A53873CA6262BC
:10DEB8006381B23CB60FEE6875C47E08A5289B1333
:10DEC800C85E386497C32EB542B98392AFE75E2C1B
:10DED80063C2D0B6FBB73F3AB8F1D9540B67332EBB
:10DEE8008323112BCFC7389F1292FADD97E137CAE7
:10DEF800F8617727878E84370FED8C6B0816AB8C0B
:10DF0800ADC492043B111A677F8FA99D5B54287595
:10DF180044EAE7EB7ABF5D3F1686021EC35E75567C
:10DF2800415BF1A49F0599B8D86565B561C9B1474A
:10DF3800DE2C2423B4A2DF025995F9D212A5947AD3
:10DF4800C2E7B48672F3952DB9CB68B192777A247B
:10DF58008BD9991BAD3925DE73271F4CAC55B99366
:10DF680058FF5DD67B97D17568AE641412098D0E83
:10DF78006C526AD7AE2FBCB9575BE5017A1CC8E46E
:10DF88000C9875F3D2F2C8B86509EDA8E1838E51F3
:10DF980009C78947AC0128399ADDD5A26E444F419B
:10DFA800C4AA816ACEFB6D698BF45D482D2267FD9A
:10DFB800DDB2B3FCA02657AD3959C6784363D5BC4A
:10DFC8000F6D9AA181FC14671C03FB5F4BFA3C653B
:10DFD8002D247772F0D2652E56164A0857DC69EC64
:10DFE800B2D26F4B5EA52CE4196707571358137606
:10DFF8005CD3969EC3BCDFEA3D78FA86CD85B6E948
:10E0080053B85ACCEBFA709F5E8CD90B591B4A67F0
:10E01800B756BF5CFBDD9A7D56C22A4A0CFCBE1B74
:10E02800219712A47C7FF7256D11B481A73F351E77
:10E038007DD03E510E9DCFB160C6837396A837AD93
:10E04800EDA6C8572073A45D15D6ACFC9227D4F76B
:10E0580090523C5E7AC89094B2208147DEDB331B35
:10E06800BA26EB4416FE5B3D48A91D7B79ED8FDB94
:10E07800E5B051076BBDB00ECEED8D3DAEA8BA062A
:10E08800E4CB3929468C6FF03C25FA8A150E9B168D
:10E09800118090E12EAB18C8EA97B3CE669111F7BC
:10E0A800B18EA71D950951F740E71319C4C1F79E12
:10E0B8004F1F7C4AD03B499A21EB55FEACDC725885
:10E0C800ACB0A2E11FA28E7A37CB2BED905CA51BDA
:10E0D800B48737F6EA67C927A5F43E43E25B79DEE1
:10E0E800521E7F42761C5388DA653FF6F3EC3B16E6
:10E0F800E928CBE728FC4295CA4A68ADB47266E7BE
:10E10800393A5D5970EAF4DAB1FAC158443C201D35
:10E118007B7B762D317BD11863A38A3878B5B466BA
:10E12800AFF2F01453FF9A67DD46192B67ADD45D43
:10E13800E8B9DE6B29D832C65111AD07E314DC818A
:10E1480078AED0084A2562C65D1EABB46525EEBF21
:10E15800B997AC4FC83B8539CBE0DB58ACE2916E40
:10E16800DBAEBC1E10F9C545BDE0F483FFDDB1EAA6
:10E178001057813856556B653FA0D6588C8A345D48
:10E18800950F6195222E2C39F61293484664126930
:10E19800ABC0E2B416A15ABFDA887CDF3B8E3B3FA6
:10E1A80030C9BF3BAB3FED39958A993955FCF29C94
:10E1B800AACD470781759589892EE0D23F949E9B09
:10E1C800BBACAC1A15AA175ED9B572F2F2AAFABF9F
:10E1D800B977EF4E32A684272E2137F3AD31612966
:10E1E8000F6371ADBB60412F82FF9BE5FBDE05210C
:10E1F8004BC51E3BEC75F43DB10A81DC83AEF8E2F9
:10E2080035967B46E870D783ECF657411AD599CDF9
:10E21800CFCFF68A332D81168793FEE98745ED83A4
:10E22800AAA1F5CA37F66EEEE3EFF865358E3E1D06
:10E23800B67AA67C64AC2FA39B40BAE557445742F4
:10E24800C1BB3A148C4A7420A892A8F493EFA4CEC8
:10E25800E700B387DE26E23E4F1E3B9E45F39BED6B
:10E268003A0C5DC17FB44B78F3A8FC800C1435736D
:10E278002FB36257B5024293EC04D9F507BB28AB1C
:10E288008C3262FF690FA795F53868729F9F519B82
:10E29800638ADBD2A45BFB11D79799809B7B98E9B3
:10E2A800288F5FDB5A4026573E114FC067CE8ADE63
:10E2B800AE8BD5D125E3753EC719717C89B2027B37
:10E2C80085DD45BEC0F983B5BAEACF21DEF43C79D5
:10E2D800B0A22C47F48FBA91DA8153E4D278739FB5
:10E2E800B22FB98C9283081B8C4977C164059715A6
:10E2F8003E436833F81EE9CB6E55D095A43A2B9B64
:10E30800EF6A539687CDFB33ED81F295A37B31708D
:10E3180083654BB7CA9EF73EDDE47D67F56555D842
:10E3280043145EBBAC08C5FDB037BB56A9AC9C898D
:10E33800EE5B5983E8570DA9DCD81B9EB6DE0B911E
:10E34800ACF7F65B3893E2DEBEEBBD621631874E62
:10E358001C40843EBB2D7C1BD63FFA94C313D0725D
:10E36800C4C4B1125F7157F2556225E35397F13374
:10E378007EAB9FB1AFA3F5DE4D7C96FF385316B741
:10E38800B47CFC2B3152F17A57FED4D3A7AF3CFBB7
:10E398006F33B5A2F250CC86DEBDB44A44E69C3455
:10E3A800A8C723DE2BA513BA593E6337C2320CEE39
:10E3B800D5DDD6873A0EDD8BE5311CD954EE273CE6
:10E3C80009909534F0E8CD885E3475A1D14F10F7E7
:10E3D800EAD388570B7B547244B166251F1C8F877C
:10E3E800CDE29E447C303BF00CA79FEF648CDC436D
:10E3F80071CAA5178E578C994E8C0EEA996ADD89D9
:10E4080087D9B77F2595BBBCF426E7E3BDB001BB30
:10E41800BA514A44DAA39D10488D1910FE7DFF15A4
:10E428006BC05A31D1E3B9E9D6977BF369AE6DC7B2
:10E438005A593BE30F2833F6BEEA97C89196769669
:10E448009FF3EB3B717D8AD16327C5BDE1CD4BAB13
:10E458001FCF693F676701E6E0B14BEDDE03BD5BA7
:10E46800D9351D7159F88FE2F3EC273FAFCD4E54E3
:10E47800B1993FCDB35B07BB7A10FE6CB72E61D75D
:10E4880073EFFA3B49A17CBEFC69E97F5C9E7B582F
:10E498005776B2198735B6EB97D08F6DF6174F12AE
:10E4A80027E1711AFD0216E3ABC340324288B23F3E
:10E4B8009243698122D22AA391723795F885184C24
:10E4C80058DFAB04F6DA67AA5FA25CAA6737F6F4EE
:10E4D800EAA15D65656D48BFB42E1FEE63AE48675F
:10E4E800D518C605E7D7BA66557A9262F477044715
:10E4F80022B40E648FDFA27A2CEC73C4198182A334
:10E508009A4892A2FFB9862CC68A3E8C516CFF3C71
:10E51800C45BA2AB51FA813AD96ED424DD1B9F2B80
:10E528002FA87C946A3F950F093622FA01C37668B2
:10E538004A89AE63B7762CF42470256A9758CDD6ED
:10E54800FBECBEB7771822D5B1041A0B2BB2CB80DF
:10E55800DCB26987ACFD419FAECDAAF9B4AC4C9052
:10E56800D7915FDFAD5020737D3E5A0C24189393EA
:10E57800F515912E771C5EF55A1AFC340CE5D35E1E
:10E58800463F6AEF316ABC0BD2CF7B5DFD9F8EBBE5
:10E598009CF998DDC8563656714944EBF2F9973123
:10E5A8005565F50965A05DE67CD7A7DD3451111ADC
:10E5B800926DCCBEF66C3082658C1979A6C80E7146
:10E5C8002F5C49B454BDF520C01B619228DE13B8F6
:10E5D8005DAF10B1B8702BFEDFADD02F9153543022
:10E5E800440D5129AD5DFCFECE4CFC5AF28EBA6644
:10E5F800F932FAA149DB9DA6E12FA1E7571277224C
:10E60800D7EAEB3BF0EEAAF191250B942349613E42
:10E61800005140D401EC72F1814174A5D2189EF5E5
:10E6280065F3C74E91EDBB725F8C45A080B29682B0
:10E638003BBBACED8857BDB1072EA5F77A6B563FAB
:10E64800BCE7D52BD2255928551BEF7E8597661731
:10E65800E1AE8709EB18DE305E437614FCA62A5833
:10E66800AD2A6B71A93C765070E7275DAA5E37D951
:10E678002959D593AB89D693B1857C47AC067F578A
:10E688000556D4FC1185490BC2B704362CD148D89D
:10E69800644C03111E32467D7C6FEFBC552851DA5D
:10E6A800791D8977E267693EABFC4CD6CEEAD3D2B6
:10E6B800A8A93E213766034BEF2C499C8F3E745F17
:10E6C800484376AFBC96F095F844FFE11E2210FA55
:10E6D8000FEEF9E7640977EE2BA6D97ADF8B4D1098
:10E6E8001EAF4ED556AA26E1FE849E9408B7CCEC00
:10E6F80004B2A5CF9467A06D08045466DAB43698BE
:10E708006FD95B766938B16A92671FEC93C7561E5A
:10E718003EDE0175F3AADA12420D94C1CF7A35B103
:10E728005271D862B272957D633575CE479FB62A0D
:10E73800C24BED555448EB80AF521BC46B0949944A
:10E748007E3E2C067748EF2786AAC6B8B93C22DC5D
:10E75800B9CF730A5601976C520D6DD76FA7F81A87
:10E76800F250A4147A42BD10D68E4842F19476979E
:10E77800EA019873863D636F27ED9E6A1B6FEEFD75
:10E788005D428DC8B0D114B87651DA06BD33B95A96
:10E79800F09C11DD046F16B8F4FAEC9DC43A64CB12
:10E7A80076F28CDA85D6B68C7EF449639DF189358C
:10E7B8005DA5F433F1A59827B4A764AEA4B537F6E0
:10E7C800FA693E39AC10EA165F2C0F7FAE653E340D
:10E7D8009D1CF2D03C254E4D52770D5692BD80B40B
:10E7E80058FC64948EFA39C3F796CC4F701AA5BDBD
:10E7F8000D0BF076EAA72A0578E21B9FDF2CFCAC0C
:10E80800781945CEA5BD8A1588F7C4AB9AAE990F7D
:10E81800818600E3F0D5CAE79C8F34627FAB075549
:10E82800588A7A1A3838AE4318B244E1DE93703603
:10E83800AC311BB8D1198C2FA11F9C67D02CD59156
:10E84800C71E8A66F91FD3BBE9977BBFD97B27BD53
:10E858003BFBCDDEFB19BDFD76EF5F0E1EDEFEF73E
:10E86800DBEFCFFEE5E01D7BECF7FBBF9CE13B1E39
:10E87800BD9AAEA4F767EFEFFDFE203F1B8F1D5C2E
:10E88800CDF7BD93EF7927BD377BDB7EFEFDC13B1E
:10E89800333CEF8A3DFBAA7DBD93AEE57FF89D7CB6
:10E8A800ACEA13965D59B7290F2CB92A3B1CB6BCA4
:10E8B8008CF06CA71E2023E495CDC686556601ED25
:10E8C80091596D36F083224202472C8D669C8FC881
:10E8D800B206739C23A31B135ABCB1879D9FF7A153
:10E8E8006B071EA9ED8BBFDDDAFFF8F6C779977EB7
:10E8F80074F0C13E98D1DABBED88BE5F2C0FC820FA
:10E90800FB99478D77D737D6CFC9339B1C35DB7D2D
:10E91800F56298F334589EE1877E00E20075C66080
:10E928004A1572BDB59DF664CF5C1AEF716A967090
:10E938009A1E8A5ACA3455E7A451F383B09FA7FA9E
:10E9480098D5E38E9FAF8CC25851C8A94265375FEE
:10E95800309EE153F38A9FE5287FEBD31C36ECA366
:10E96800B0FE9827B5459CAC82AFEC94547E4E56C9
:10E9780092632A136A593A46A53E6518CFCF9A760C
:10E98800A6FDD24D334CD3E8B3CA9FF41BCF058EF6
:10E99800AAF591B522D7FC9C4AF79DFBD865D7927A
:10E9A800499CCEA2EED6B45EC88760853139A3D320
:10E9B800F937CE73B5CBC6571ECFA996DE2FB66AE8
:10E9C800FD1CECCEEBE4F9736F735D5995C4D75712
:10E9D800F6B5F7732550B163D5E038C7EC2C7DB98F
:10E9E800CBD563A5612D85B3772DA190B9A26DB361
:10E9F8002D67D95E5834D87B759A261D5246CD4A64
:10EA0800556BC94FFEEEFC849E7ECD295AC8698994
:10EA18004D1B5CA2DD5AD33A7ABFBE7C654FA6096E
:10EA280026D39C8E7EAA474295092B635E463F9269
:10EA3800CFF8F0955DC862697A89CD22E32C4FAC96
:10EA4800FA23AFDB1C7DC2E982CC386B4CD9AFDE30
:10EA58002C873932AB4478691DBDCAA835C47BD927
:10EA68007E5C6AE735EC70F7AC6B1A79AA47BBBCD9
:10EA7800B1A7885E95B83A7147B592A5B476394D75
:10EA88009B3AE7F3F5A35FA9F609FB940BF0B5F7FA
:10EA98006978054BB209F0BDCF2ACDD18331B4CC0A
:10EAA800A2807FA957BD4F8467854BEF5D5094AE18
:10EAB800AA55A57586AD7C5E14EBC1BB97D10F9F97
:10EAC8005BC89DCCAE5AFA92469DE7A627A848A5F2
:10EAD8001E411ED9664DD5739C7CCFDC3D62FB760A
:10EAE800D469B5CC9BDA29463E939DF77006BF4999
:10EAF80068A31913C9F729FF87B5BFB1175177C99B
:10EB080011034F94599092C30A5600538BB936ECAF
:10EB1800F162A59645EC5E253478E7082B4F635AD9
:10EB2800A3734DCE6966DF33D69E1FA3D5E93CC7D4
:10EB380054D9AC277537434BDC82B91588E9D8FA24
:10EB4800042F230F754CB31E7B6057EBCACF935825
:10EB5800984F59694A71F584B58BFDB17B87B566C5
:10EB6800BF36F63D994C5B75FEADD224679EDAD868
:10EB7800F3341D9CC5B9E10CF8FCC9817CB6832629
:10EB8800B7FB54384CABBE32E17ED58F9F67062267
:10EB98001329B62C7880E1A1EF5ADA99ADAA0AF0C8
:10EBA800BD71BFD6C5FA799DFCD4CF63368E1C588B
:10EBB8006BFD17F6D9BDCE48AFAC2E526946BC4B9B
:10EBC800A51348A7B97A9DF5FFBE581E7A05AC1A59
:10EBD80011BB9DC965F30C1193D0637B367ACDF3D5
:10EBE800962D2BBCB449ABAE498D3DDF6683C27E02
:10EBF8001DDB69437E725DEFF8863919CEDB03F2BF
:10EC0800301EE00C596FCAC07AE46CA665DE13F9B1
:10EC180059F7EE044F22CDC08C05CC032AE3BF92EE
:10EC2800479CB0EB5EFD6CF0D35A5819E49ED1E7CF
:10EC380031D23B18063E65557FDE37F6796DFDF813
:10EC48002C5AD02D6339EEBDB49EACD464515467B0
:10EC5800D4799D9533D4D3CC59F5125EC8A05FCA38
:10EC6800987444B99C53EB9500B4E0ECB5C5D9440D
:10EC7800C956D3A6E38D405926239E4C6EA725D3AB
:10EC880017504EFC5B43601B76C762ED5B9FD9D380
:10EC980073FEBAF572F45B76F4D767AC44E8AC3B24
:10ECA8005356237F926D441991630C1620B484D374
:10ECB8008222FAAED2EF6EAB3A8BB316D3189572A6
:10ECC800B69EDB7E9A853F30A3EADE1C6810BB48FF
:10ECD8007B9D3B7D9A036C5EC6EACDCF7A3F23A627
:10ECE800F7C9E1F17E94A3C97DDBC72924E7FDC7F5
:10ECF800A57CA22A925BAB9581B7C36A92EDADCC95
:10ED0800A327FEBC30BB72620CF082338C6993FA85
:10ED180035A3E0567ED14F49614D67E7BD02981B88
:10ED2800DC9FB03A9D9897B81A9FBB3EEB1D0DAB80
:10ED3800EACD743CC7206283A24E9E351681AC385A
:10ED48002142F5394264F533FA8BE427B84907EBD9
:10ED580053A12CFA12CE1D05BED5B424A12FAE891D
:10ED68003E8F9FEEE2684A28CDD8189BD6C7BE02D0
:10ED7800C49D6E63F0DA16D97A3E8A59F0F1C5F26D
:10ED8800E834B390A7F27915819DD9BC140F866930
:10ED9800ED3CFBBAF31908BC4A7A997EC3BA1C7ECB
:10EDA800C9CF773E5B0767CEF31E5AB0768A3C68B8
:10EDB8009DFB691EF560E8B22186311BDFADDFF6E9
:10EDC800B8437369221A8F4E0EB2CF25DF7E357194
:10EDD80037D83B922535DB6F5995B13E756BCFAC73
:10EDE800F0A9BA76079FEDE61D88390AE1674D8ECE
:10EDF800BEC4F259B7C91927064A1F880274DE41F2
:10EE0800F253B0149140DB6CC7BE4CFEE319711984
:10EE18002338F3C3EE271023665D305B657B776E7E
:10EE2800D36F2123AB7E68D5E1B664CF882C5463B9
:10EE380078CACE563E698FD82183EE2B3D9FDD1BC5
:10EE4800FC99BBB837BB6E7BCC39137205B826E585
:10EE58009AE4C7A3EE2B3A3954A92779403BC8DF77
:10EE680075F27BCC096DBCC6177BDCA24F741C0EF7
:10EE78003E135D6C8D10AD6AB93AD7966E4CDEBF05
:10EE8800CBA865D8281E544432F86C754AA7557625
:10EE98000DB3B657F046CFAD883B270FEA9321064E
:10EEA80070DE27586D9E60876A9BCED69E1944D81F
:10EEB800194683DDB1C58A3A61CD677FD964B679D1
:10EEC800D6E193AE98D3D6DAEA022F586E85679AC0
:10EED8006E3D323019E7FD7346DFA93E6BFF69339B
:10EEE80074CA845116982C5D56379478D833AF7FFE
:10EEF800EA1CDFD2FE7146359106633AA12ADA7818
:10EF08003B9987C8AB9CA4ECB37D93FB02DA3346EC
:10EF1800D9934FA0B53B55149E38CB72EB488E352C
:10EF2800153E39D0ACDEB317CBA357CDEF867BB3F4
:10EF3800F693CC6DDF8F7EBAB89DC082392EEC6611
:10EF4800D0F9DAC6417272CA6698A735312FE71A26
:10EF58009AF5F3F369AB65A7F303579401391D5587
:10EF68004863275907CB84F5FCBB4501FF70004671
:10EF780098792E7179AA2A8ECCAB38CAEA99A29CC4
:10EF88006E434900ADF1EC61622B44CCF4AF583BC1
:10EF9800B78F1BCE72A267E97C9A2FE3A2DE27B354
:10EFA800F5CEDF0B23640D3B337F4D16E654DA357F
:10EFB800380AB03DA54CAD67985E2C8FE16177ECBF
:10EFC800154F6E45781564490C67F144D443D8A4AD
:10EFD800C16AE8AB85E35E3FAFD6EA7D17C0AFDC18
:10EFE8008D7E3AA4C784967D60B521E2CDB9F07EC6
:10EFF8001AA7EF369D4431B3761A2D2F9E73E3B3CB
:10F00800E8DF28BD87AA279509B896AA67F54A199F
:10F01800527A219B70E05DD1C4B7BDCF0C7374B533
:10F02800F5BD48FC73CA73ACA82356470C5BBC56A5
:10F038005530D6A839732CE0BE24598F35AB307AB9
:10F04800D95FFAD227C3A4638652BE7AB13CDA03E9
:10F05800EFDDF45835F9C44E46188D49857281E5BF
:10F068006A9794869D17BF48C74452F54A1344943B
:10F078001DA5ED626786E25AC894EBD0793C402D15
:10F0880077FFC9B8744DC4D6FB2981368519B1F309
:10F09800F6FD5964E685ADA24A0F39815FCE7A9FA5
:10F0A800B7D2FB2467F07CA938612ADB51CB10F575
:10F0B8003E6FB2F3D98CB4FD8CA5C55399163902AD
:10F0C80090BE1255C95328B610E367F76D295F72D1
:10F0D80026945B374D7F3C3793F7527900F1B6CED3
:10F0E80002249F4A6155D5160F4EECC8C26C97EBA7
:10F0F8005D6355A5FD9C1D3CAC6B6CA7F3046A8F42
:10F1080022D3288EA7353CDF712ABB739FB4018CAC
:10F11800C2C8242906E935198755E16649F00AFF6E
:10F12800F4D5ADA29B43D92C93CFFE6FF6BF3AE43A
:10F138006EC03B54A7BDF7E9D002B6BE3B7AC5877F
:10F148001322726FEE488FF5F1F80C42B1F4F18D8D
:10F158009FB94A0C082D56745FF9A9AEAE679AB0EC
:10F16800449FEEEF61FA67F56DCF89062F78107A24
:10F178000CAF3471D68F73CFAD26C27AD7C88F70D3
:10F18800F7836B84D766CCD81AA66ADC4E581CBEA7
:10F1980052FC04FEA3F359C6D653B7E274628F56E5
:10F1A800780A143464A477A4156F56DDC43A10DFC6
:10F1B800506F9BF5EFBE028BF2C1BEAA7FAFCFDEC8
:10F1C800CE1160E3B3649A95F822D457B6F2026B75
:10F1D8007907312488F980463941D5F1B757327615
:10F1E8001BD90A4A698853AB8CF54DF61CCA26BF51
:10F1F8009FB340135676CCD53B436CCCBEE7D8D2F0
:10F20800F3EBDB773DC853624F4D2B4A7EDE725AD3
:10F21800B73EDD082729F39FC9CD7A0C1BEB06C042
:10F228007D79DD8FBB69BFB3778C3359CD76AC89D7
:10F23800AD5AB3D7D49F6EADF84C96A4F535C08AB5
:10F24800B56EC73A3F35CD6DDE6A98B7A6A386AFCF
:10F25800CFFA6DF2AAE9E4B3D88C77F3D9E2445136
:10F26800B4EEC6DB6E84577AC7B6B4249D4718CD72
:10F27800CA6377DBCFB5CF8CA51512EAE0A786FF66
:10F28800D06BB73EE986B9146A8BEBE0A6F6B91DD8
:10F29800F4EFC63F7EDB1493523FB6E4955A8F07CE
:10F2A80061391B9F0CC268303933958EF20A199A5E
:10F2B800659F61FEDD3B34D2E8590ED791EE7F8A17
:10F2C80007E55ADAEA4F3CAEEDAD253549DE8A1C32
:10F2D8003263EAE4DD67F6EC6DED67A23A7BB3E9E9
:10F2E800E79453D61FD75CB2DFC9B97DCE1D358FE1
:10F2F800B0A69D4AE6C93BEBAF22CAA3F5178E1A02
:10F30800CCF32B7248A3B806677557761EEBB2B6D6
:10F31800339598E560456B64458CC9A57FDF4A063F
:10F32800C4960399499B61FC72F268BE803D316EB8
:10F33800D6A2359E18840E74BB5E4ED1318B601EEA
:10F348001E9EE5381D9BF758FACC6EEF66CA7FEB18
:10F358005162E7FC5BB352746EB86B8A65116D1825
:10F36800A3379D680EC9D5A7B279693D652DB67CCE
:10F378006F4A877DE78DCF13A7959477D00E2272B9
:10F38800725F761A8894D10D7732E5E83BD875C05C
:10F398006C9A6B795E4963151BFA0FC7F46964CCE4
:10F3A8004DFF2D26441E0FB6B99FB2473D4F31D9A8
:10F3B80034233142B6105FBC9C3C78F68A7346C64B
:10F3C8001A32CEC3DEB7C9197E5653E327CC0D27B0
:10F3D80066A78CB1AA173EB7D82745D7B256237768
:10F3E80059EDB55D8CFE5B8FE2EB25F9836E3D45EB
:10F3F80004A7C4F49DD8E929DB90AFF1B83D6C1E91
:10F40800E60875E97B953ECA3328C9F077320925A5
:10F418007B17C7017C25B78153ACED95A894897BF0
:10F428005BCFF8B845328662B0B9DCF4F1B44C76FB
:10F438009F3324CD1959374628E250CC464E1354F1
:10F44800A03FB29AE001CED5C29D97C78E443A47F5
:10F4580034FCA4F4CEADB1B43A376BF0139E2C470C
:10F46800B830EB64681831A2F1EE644E7CE5D9A798
:10F478009598D535DDB00E38432979EFCC1B3FED93
:10F48800371848AE87246FD23F348462D81852B0F8
:10F49800FD7E9C3D97F98840E7B2AAA63547C6FC91
:10F4A800734693F28C76FEADE92A628B27CEC9E6C5
:10F4B800E8A1759C4A3F45DB6A71CAC40A0F9E9B46
:10F4C800AD168CB96909EBB33421C09A51ACE73851
:10F4D800650515C3CB9733A2FE5669EC6AC8B340DD
:10F4E8003D2DE3269BA18E35F4E86AEE361E38F7EB
:10F4F80098F17A3A724F6F3EA45ACAF22AB3C8EF0B
:10F508006458FB13E2297A1A48B43E25BBD8167C06
:10F51800565E2DB31DEC2FA5BD7AFB33BC433FCF00
:10F528002B34672F7AE7F95F7A2C65CFE837FACD65
:10F53800BFDDEDB6B440AC9991F7C22ED5F9ED64B4
:10F54800D768279B952270DB75BE3B301F817C1ADC
:10F55800B5D856176727FBEC50C6ADF4EFC92A3A61
:10F56800898711015A8CFFC474E5C9E0527A813742
:10F578003F8FB00E3BE70F184125EB34B64C1E7297
:10F5880080F3404DD28C64F3EEE1DF902B3754BE0C
:10F5980064F4625977F3CE95C5F56454B20FF6EA70
:10F5A800876A492BD63BAEF4EBDD905F720E68E1BB
:10F5B800FE791C0EAFCFDE9BFDDDA735D1867138F5
:10F5C800F0E7B4A895ACA1BD76B779DBEAE6AED989
:10F5D8006C849693E7378A0799F130BFB176EB3997
:10F5E8000E9EAF24526DD78E67D69D9D7B0F0E471A
:10F5F800919D6983C74DF559EDF1B8DBC64DEF27ED
:10F60800C5D0FE55A764A9B1ABB2DD3C81DDCAD730
:10F61800FBF03BE847C20E869C6BAB6A008AAAB037
:10F62800A78FF26A671F9257E0B03EECFF907729E8
:10F63800727F47E978F863F73FAA07CD617B54E703
:10F64800479AA3E171B6EEF3AC55476DFE1AFED8A2
:10F65800FFA17E98B2DD8707324EE5B83AEC8FB34A
:10F6680026AD2A46F88612ED5A91CBDA362B211BA5
:10F67800E224EB7AC82BFCA1679C6EEDFF97FD9BFB
:10F688009F775BB346D3C91FF9133273BFF9EAE119
:10F69800D574EB40D5DDEDA29BCE49572EAA39EBA8
:10F6A8007D0263B22A0CEC8B8EE71EAE889CE0BB11
:10F6B8009B11F902C681D2D7C1EB53C41262C75756
:10F6C800676EC94E5BE7B829035A517BAE3ABD4C09
:10F6D800DAF58BA7F0EEC6E8EBE4B36CE901CC7B76
:10F6E800BBCDE98FB1A62D6C5646556076D3515ED9
:10F6F800E3A32CC18CB3DAA37EDE67490C8FF1AC8F
:10F708007CA5736000D87ACBAB5B3E25AFF2319E07
:10F71800DB9D587DD89CEBD44EE712745E1D639137
:10F72800A9ED6D7AEA9B7E0ABCEA4766071FEE5D83
:10F738004DFFD6DDFBAAFA73FE54C7FFF0F0DAA737
:10F74800EFCDDEDF9BDD2EA7FFCE0EDE9B75CE58FC
:10F75800352B49397BE1098709C9F6CAA1912D9949
:10F76800F2BA44BE83F232DB760CDC846725CEF035
:10F7780077440DEB3D4C13777B67AD8243E1ABBD1E
:10F78800501EE73C3A792BC665E40DE8DB6B3FF584
:10F7980001BB2A1DD14A207F08BD815DC77DC0E617
:10F7A800B4205C831A3DCB0F8996196B59C47052EB
:10F7B800D9D4849EB558CE5B7017B95F752B695E36
:10F7C8002CEFD55B13D31E3D87FA8AC9F051A519D2
:10F7D8007D39DDD66CE25AC8A13789085189D3E74B
:10F7E800CE6EBC73B47386DC32FA86529B95E2CD3A
:10F7F800BCC3175CDB64757F6EFF3CB7437B5BB3B0
:10F8080082897525EECB3D5F727E1ED9E5B7D25E43
:10F818002183E3DD556665ED6C73D6EFF093238F96
:10F828009E23E425ABDF72F4B1C0640DB058C31C4D
:10F8380088C95812E7B838E59B95AB3EB969A55910
:10F84800358AF63A3B094DCC6A720F553B4B93F11A
:10F85800D45CF360A26657B5DCACAED569869296E7
:10F8680072EBB8E76A1AE6EE2F26AF243EDCDE0715
:10F87800131FE603B33EDBDE236DFAB3416CA4E34A
:10F8880064C840F11DA35AD7129E4179CAF5A1FE5A
:10F89800249FC5CCFB1D87E538E5B9998FE7C823B8
:10F8A800DD26E227AF4194045B4FEC6AF7AFEA2507
:10F8B8007976585EAC2DAC142482FB0D8F4D673BD6
:10F8C80039BE740F6EB560A81899B30E6BE21BCDE4
:10F8D80052282A69C87839F7D76FFFE94E548CAB9C
:10F8E8009A5E790F4A09B5F2AA34675604277F8AC7
:10F8F8008BFF3F9DEA0D929DB3CA789DFE833561CB
:10F908001EEDC8136F81493CA3BFE5A97A83472D33
:10F91800CC2D432ED8F9C68A18B75515D9DE340A26
:10F92800D97A84B9529C8BDF9FCBEC3E5722B449DD
:10F93800294EF65BAA2691758AC051362B808CEF2A
:10F94800B23FA92C72EC8F93E2339E6DB6E66F9DA1
:10F9580061B4C663FB8E3E74D16F5951D3DACC695A
:10F96800CB9C1D03CD18C7B465D469167C494B14CC
:10F97800B36BA2B714FE1D5320F028CFDA29A7468F
:10F98800443FC4F094D80DF32686E9AC2DEE67D831
:10F998005472B60DA7BE4C0C55E75318196DDB6CA5
:10F9A80081D162FA2D75A59FBCCAB05545CEB0511C
:10F9B800BE859A4F79F4C5A4AE9792C6398BD528DF
:10F9C8007A1B695FC4DFD2C6321EA92D73CECA9EC8
:10F9D8008E79B7438BD5A6C82EB4247B185445AC72
:10F9E80018A16484B66C3C9664ACCD75513C9EA459
:10F9F800973683ECDE617427AA1651BD1EB4537C7A
:10FA08008CDD803A7F5D9E9FD9A9DFEE917DE3353D
:10FA1800A451DC7ACF8CC709E3EA6649BFEC993078
:10FA2800474EE2CD93657D3DDA98F445F883158C11
:10FA38008EB378EE87D565F5EBE468913D5F2F6569
:10FA4800ADCEC9A3EF80F6C8C05955DABCF5AC9263
:10FA5800C98333FC568C94898BA13D36CB7A457982
:10FA6800817F6D57626F7BE1359B40D988233C3697
:10FA780076C3B82E4614E0BCEC750C23D65625D7B1
:10FA88006DBE994E31D29494E8C3882EC5E8DDA2A4
:10FA9800BD8AD3D12C77BBCFECA2249DAF618ABCA1
:10FAA800199DD24677CEAD379EE3F0DCA05F053FC7
:10FAB800776BB5424037D01BD4CD3B97B8D10C34C7
:10FAC800B37B1EA5244736FEEEEBE1E3EF2E0FCE07
:10FAD8007C4D3E8B8DFC3AD1B9FB8F115E02679F3E
:10FAE80001FBD69E85029765519A6778552DD73ABE
:10FAF800E38B3C44E249D9F64CCE22673EB2819D65
:10FB0800386EFDDC08CFA85A2CFD4F56BF13934D15
:10FB1800A511EA99638509A70CA1634A5E9DD29253
:10FB2800B6C0AB771BE960AC102C25A2AD7A450FA7
:10FB3800202F808A69F983FAB43EF3ACE926799DCF
:10FB480035B31F869199C9E42929EB29B2B7B8DEE4
:10FB58006C3ECF0E67F512EA415E8C752F914867AF
:10FB6800DDF3B422D8098C04C96738E734AF17E449
:10FB78008432CE3D6EE9478E192F7B7ECA9912FCDE
:10FB880044C926E3286BC3C88EA54C5279A7FDD17A
:10FB9800394C8BC56801ADFAE1D1AD690E5DF8F05D
:10FBA800383313F7C78C66FCAC891EEA5DA455038D
:10FBB8002EFB704FF58965244EDD6495744F3CB972
:10FBC8008EFC9FAD3A6BD847719E6964CD2FA5D244
:10FBD8008E62F7E98D86A8C05893B1C6BEABED9C7E
:10FBE8006FF0782F2D8D731AD2AF655FC829349EB8
:10FBF800F9830620E7E131A261AB7A412618F6C7FE
:10FC08007CBC311060E169DFE863E8DD81C22A6607
:10FC180031E6B07686A04EDA79C5732CD7641C0D10
:10FC280095ADC17AC4EC624E35895E287A7768064C
:10FC380064F0CDDD5FDCD7848238672126F2A34BE0
:10FC4800A95D331FD89BEEB987C7DA2EB93B863535
:10FC58006D4EF20CB1B227BD578879F66BCDBA124A
:10FC68007999E4EC0863A7668CFCAC31651B49BB49
:10FC7800FBAE2748ED3EF799594463622BD54DAF4B
:10FC8800DCEEACC855B58E7CD331F115A28FD66A9F
:10FC9800786BCFB873AA99C7E5CEFB09F9926D3294
:10FCA800AF9DF5AB3FA10769F86EE653AE7F5A7674
:10FCB8001BEA04666A833ACBA815EA11E534C798AB
:10FCC800DEA6C89032FCF51716FDB1CBE52C324EF6
:10FCD800FD06A8718AE0A6F85CFBDD2315D6DD7069
:10FCE800D6B4A1A67AD97B6EA5F7ACA3F9A04DEF3F
:10FCF800F9463202E669E797F0882F92C7AE443E8C
:10FD0800A1A7E0BE9FF2208EA96A9B9D679A3B87B8
:10FD180037E88E59D3C01E35C487D0D3C1E243F229
:10FD2800ADFA6C89F36A36B5B12589B9FA23D84397
:10FD38007BBD51BE26EFDBED4707E5D41431529A5F
:10FD4800CFC1AAF66FEEA2530A985767CE0169454C
:10FD580027BE2277EA9569C196913A3168FECD3A75
:10FD6800A2B2B64EA79C4E5C93773C246663E4EF40
:10FD78003751292D794E584BBCE254DB6888C17045
:10FD8800507EC597F5E5CFB158CE78989796C56A55
:10FD9800C7CAABDF1C63CD1B3BD5147C097220DDC1
:10FDA80031FC8B799287E0B6F0BC8A73FFFC145A59
:10FDB800BD86E71810DD1C19FB28A9394B7335B12E
:10FDC800A339AA44E91B62560A11304FFFE47C4765
:10FDD800D5C9050E8B13F6F8B7690C5EB14458B453
:10FDE80041F977CF0B7A2E71435F4689306F66B839
:10FDF800754B3F91E853B6BDEBB6BD06EAF979E21B
:10FE080020EBE347B295FDF739A1B378FEF0B1785E
:10FE1800C4D67029716D85DDBCC03DDD516B33F7EB
:10FE2800A123F59299C2ECBBC03822D638EC8E6B70
:10FE3800F32ECC3E29BA4B5EED4BC46288176C0991
:10FE4800DEC7A40ECE08C86578AAAA11790CF5E217
:10FE580028F2283586D88A31881096AAE638B780DD
:10FE6800962C4786475857CBD0F85AAAA653D5A3FD
:10FE7800AD45E98846C4CD13E95AA4CECAD26DEF80
:10FE88007D1DC96B4DAC3E704BF99945719F425F22
:10FE98008F197BD9577EF29DA5714E431A4664E6A9
:10FEA800CD614F7C07CFBDAA0028EA883E1EF7E542
:10FEB800DD63AC2FB82E5829F813DA306257FA0DE3
:10FEC800B0F6D592910B31541AA70CD86A78CC9C0D
:10FED800274FC88D8903F2228AFEA2FB461138EB10
:10FEE800A861B7DEBA17733B34053522940FF7853E
:10FEF80093EA152522EE9AAC00FF4F1601B6CEFB09
:10FF0800F4262578F0643E90F6ACF5D890B153CF3E
:10FF18002A64637D983118BCAACE7467F59D90EE6B
:10FF2800F334E429579E1148E75502869016032CAE
:10FF380093616047B0CC0D1E83596474019F2226DB
:10FF4800ABB5485CD137F00C3923E7C956D583C621
:10FF58007BDC92F314B453EC2DD7D9613159405559
:10FF6800BADCFB4458C45F42BC8C5864B764B1F037
:10FF78007DD9C907775EA925A67F302C942CF7A4D4
:10FF88001ABCD6D7B6DB88A7EA950599A7A25ABEA8
:10FF9800F55AE4C1CF23E9591F63670CA146E4254C
:10FFA800CF29FA5679A43BCCF930936716CBEAD817
:10FFB80099D7039BDB63B72FBA6346792DF812AB49
:10FFC80036414E8B313BB921AB28B1CA6A3CBFB22E
:10FFD80093A9542D41ADC9DA3F6F3CCF8A7E415970
:10FFE800A1987D21F643A725C53334798BF1BA6AE8
:08FFF800DD8351890A46FCFC7F
:02000004600496
:10000000D14167ECC3E0715F6BB945DFE340945EBB
:100010000789D5F4ECBF7B8AB476EB66B5A0BCCF7C
:1000200074C45ECF6A6446B1DBF24FF021C654DC83
:10003000F9CBE59125625CBBF1076BF7E7C6591A6E
:10004000EFB4808F60F6C398BAECC5994384E7702B
:10005000D6E408D2D12E4CD68F9DB569D5B85FB7FE
:10006000CA5FF83BD4CBCF87C7F4ACBFFB4AD352AF
:10007000621E0D6389980E07CDD109DE9A45CB1516
:100080008F19C0B46E9C0FACAE29E617C1F9C0BE83
:10009000E4CFF2845746DB65D5C773CF623857DBB0
:1000A000A8EE70EB39F48DA4E31909D3718FCCADB0
:1000B0001E1816C07932CB4FB5E3F0FD4EDBBE44BF
:1000C000228A172C1AF2EA0D75B1C14E01550D7333
:1000D000FA981C651C578F10A7D72B72EFA63B47C9
:1000E000E9986C57CD4AB27965B5BEFE7979763418
:1000F00018BD13EE51CCB22839DAE8E3D4449DF0B0
:10010000E481808329D1F9EA94459C451479932BA5
:10011000A9FB92B11E57184C143A0B8CF9B3D515A4
:1001200073CBCF67B5F89BDE99C629737866BA3270
:100130008A0B4E164726E7B50D375ADD437A9913D9
:10014000585E5A1E96A7361F415D24AB95FDC763C6
:10015000E3781D51D1EB230782D8BDB75891392CD4
:100160007CAFCC9FB4A390333B13144131934DDD4E
:1001700080D7BC9ADF953D1E42565A674618F41345
:1001800031B94FF397CB3C21BD37A7199613ED1822
:1001900053E251E35E7DEE426392C896C5FD3B3C5F
:1001A00019ED91F10C9BA8D5E9BCC6DAA668100F31
:1001B000B32383BD9D64A6C9C62F5A9E3E0689FC03
:1001C00025DA714122ADBAC61035B00BF9A431FB66
:1001D0006FFBFC50F17B6359ABC6A766B0AE925182
:1001E0003CFC8BB356B0C6478CFD184D558613A00A
:1001F000333573F58B98B2A0958DF96737F7703E5C
:1002000037A70C691ED7FDDBBFFA84D250F4A1A832
:10021000458837A60DA96BC7EAAEC7229ED8883F8E
:10022000672EAF9B2AB85BEB5548AA3A1CC9FE92D1
:10023000E56595A2474C134B6F3A6E53E693E3C7BF
:10024000BF501AE77DC8546D4B89B42693C6BC5481
:10025000B6B7164F58BCCEFEB455F58852C99F327A
:10026000FBF6F688AC8AD7D579C6A376B9B57E4AAF
:10027000306AB288AEDF9E0567283FCDD822B2B47F
:10028000C45D9C13AEB3E035A30E73A0CAF3EE7742
:10029000A72F890DBB3EFBE51EEA37073F8D225F86
:1002A000DFA66564B7936B6ABDD7D1B4C11F810E59
:1002B00067B474EABCA3D7CE1916B35C8AAA41729C
:1002C00054625341D3773DF7FC2534C4F684734B15
:1002D000B040D8CFFD09FB126AAF6334943BA78DC1
:1002E0004A8783C58195E7D895D5E2DF5BA6FD8473
:1002F000B152CD6A6D20E17C25D73E899C05565BC5
:100300003525815C2119CE850F66917301E5D1C930
:10031000C0C774B4F0429A23C71311EE3DE83D976D
:1003200087FA6463D646F1839DFBEAD6AB399A958A
:100330002213EA4F75AA7E1CF3FBDE51DEA18AF47C
:1003400071E3FD89C9CF8B7A05D2B84422C4D90D97
:1003500090C431F385E988CC216D58E371BC67A462
:10036000CC6FC07E5944C28A35AB5F2467D29FD818
:10037000F41963AD4CDFC8586DCAF58F0A9272321A
:100380007BF02131A98152E223F41A31BDAE9C5594
:1003900006668532A14486A7C0AFAD5799B202BDAB
:1003A0005DD1C644F549526D30F587152AC6E19AEC
:1003B0002D3B2533D9AE88035875C0AA7B5471BD37
:1003C00022695C4059CC4AC29B33475BFB4E371BCA
:1003D000B624224916BB26CF25E6E72CE8C12D7EA0
:1003E00039EEE62E47AB13EA36D9032D5A3F15AA4C
:1003F0003E6C8FAAE5B5FBD2024D12DE9D991FD14E
:1004000084FEE9B48B604D64D1A841CA47456D8331
:100410007817F6A6731D7BEBF230A475D64D15EC5C
:10042000AA48A4456D7C7A07B977D6D20F5E3B0AFD
:10043000CE8ADDAFD5AA9F3AFD8C717815B6EA1247
:1004400089A4BBC3465C6052C7EDDAAAAE2CDE6E4F
:10045000A69924E4202B4ECA5A91E7B558E4847932
:100460001943C34BDED77B757C6B1541D5214E13E9
:1004700089C9BA519140DC24FE503E5E0CA26C53F7
:10048000B0EE92D96E541F114DE4E191596AD4B582
:10049000EDA895B2E117E30FE21845F38D55F9C3C6
:1004A0008BB4F9B9B57737D456ED07EFD1F959DFE9
:1004B000C68475AF4C1AE73464F8BFF45BDC2DC911
:1004C0004FF5C5BEA82CD761F5950B47F38E7F512C
:1004D000B56A1CD01159AFCA7879583866516AB7D5
:1004E0007D26ADF97FBA4F9CA4558C5E66CDBB2AA4
:1004F0007BCFB5EFC9A804DB1B9A50D6A3A8173A47
:100500007C3B5FFDBD59E7990A62295A1D674FB6CA
:1005100053AC87092D8646946718A6CAB7964CBA7D
:10052000D758F5DBE47552593A67D5CB9F3EFF3D6E
:1005300024D26DEA6564E689F8BA911523ADD7F542
:10054000B5DE49DE598D9071B7867B5167E318EBB4
:1005500028DB3BEF05A935510BF1E006B895F56EA8
:100560005CF988304A4637585BCA001C62198968B2
:100570000A53C8AF9C4C16968FF6ECBDBD1B9F79F5
:10058000566C45A462F57FAC67D8F63645C010D6E8
:100590009AB970D36AABD763E4D23A4FDD5B45A218
:1005A0004555CEC3F4E74F19FCCBA5714E1EF56738
:1005B000EDC8692A69743E2BE3924E3D6686B71DED
:1005C000C5DA2EA3CDCAFBCCB85F8FE597AC266702
:1005D000EEC9BA9696B45CEFCF809AB49E2532628B
:1005E0000D09D74F337FE9BDF1BBAC96B21FE5498A
:1005F00063D2314DC652945EE6193F3A6839DF64E2
:10060000242EF12A46D53A58D638EFAF63788BAC12
:10061000CF2715BC26F8FA1365E8EAA5F6A8E11776
:1006200063E081C4EACF5EB93CCEDBAC43ACEE54B0
:10063000FFBF4D9E31244AEF2D435B5B06103E9F6A
:10064000F92972C3D08B6972DF31B133731FE0288F
:10065000FB759CE2CD6A92986B55DA1CCEEF898CC3
:1006600094BC0BA4C8EF8A06A91BC1649519DF9836
:10067000AAC1FCFBBB9F25C3789C98E23CC3AAF2AD
:1006800053407B9ED6B16C9D55A487ECBC2B38A9FA
:100690003F041D7B23F38359BEC81C1CFE00D2B847
:1006A0002891A7AAE7E9BDB7841934DBF19E4B6C0A
:1006B000AD1B89F5A3B4C676369D718660169A2562
:1006C000D960EA1435E586AD17581245DD911994C5
:1006D000DD526E0A8FC2465162949A701559765552
:1006E0009C4486306C955E85D88C52B11AC4C7691B
:1006F0008E3C40B354ECAB3A145D5DEB13979233F0
:10070000BED4A5CEF3BF86CBACA2C82A389FFE408C
:10071000D238270F43BE73D5C3585666557BEF5169
:100720003234ECD1A99FD18D5A68A28F9A55A64B2D
:10073000E6333BCFB9311BF47EA235F97FFF37CFCB
:10074000C6A146FCE2BED8AB9088BC35A752C74FC5
:10075000C24DBA37106F48346247E907ADDE87FBF8
:1007600037679DF51B254D2CF04E2D7A76B0BE696E
:100770006CDD160C1E275A0CEC8C1BB9AC8EF32CBE
:100780002CD77C7ED55EA13CCE4722FBCD84417A1E
:100790009B4BCBBEA06413DFA83D66A1969D7B93C7
:1007A000C4A9FC8BC1FA453A8F636877CD8B3E951F
:1007B0001D8A2C6059D5C3D564A4217690B856F112
:1007C000BBA272CEE42DB352587F9D1AADBFA25684
:1007D000FDFDA79A9685E7D523B06BF6788676CD92
:1007E00093702ADB281681689856407AA3C95FE483
:1007F000A59357C9E6BFDFFF01A5714122BD658FF3
:1008000093F71D771B72B6AED9B6B7ACB7DBB08A1B
:1008100058DD7615B5EF6E0DDCBA75E3AF0F629E4D
:10082000157DB826B26B8212D156202CF158584B48
:10083000AE6A4C7FA5EFA7E50A7E4BB23ECF6CA90E
:10084000F201F5BDB5796AE872330AB536DE039375
:10085000DC1A75564550AD92B378A8ACAAFD2C575A
:10086000E316A12FDFB5AAE72F97C853464ED5D47C
:1008700011C28803FBA6F68A9E9A0CE714ABB7D682
:10088000496F52324D079F6B9AB68C5C46D48F8865
:10089000858A735C1477D06B47542766B75C77BE44
:1008A0004E9CB61233F68377C1779E6D40CBF5C769
:1008B000BBCC61666F8E7AD013A0F2CE6706E7D507
:1008C000B7AE8E1C3779FD137B8EA013B54FDEE4D7
:1008D0002ECB7EE887F31CCF9507385FDAC9D66B3D
:1008E00061989DB24CF94A882A59A4542D1AEFFBFD
:1008F000601E8B511726643166FC70CADA456EA9FA
:10090000EC28D09C5059FF90847CB5B8DDA89BD3CF
:100910002A47153CFF4774A3FB3883F1EB3B31F3C7
:100920002F6D93F7B227EB1FB25CEE48EFD17B56E9
:100930005CBEC37CF85A160A3158F25EAE1FD473FF
:100940007C8B4494CB0422645F66524697F5167301
:10095000C64ACA42B5D67550DB24F866C5EA856A30
:1009600079F553F9ECE09EA2B26777826B5480462A
:10097000DD49D4F3C47CCB98C0A4A87DAA729FBCE7
:10098000BAA27765BD303DF6F7FBC692C3C2BAFF87
:10099000365FEEDDB9A6F79CA936323790FC1CF61F
:1009A000C6F2A6C45C3F9A342E48A49E75A3EC26DA
:1009B000A461A8DDEB18AC26E6C47251BEE3D83FB3
:1009C000D8789D4AE768B1DF863EF0DC61AD5EB065
:1009D0001D2503A5E70279491688223535312A7F7E
:1009E000E843146310A149D74AED0343A3DC56F64C
:1009F000EA2BB269CC0BD86FA7F58A3C6E2A7DB67C
:100A0000FCB66B7DB2BAC06C19663FA2342E688802
:100A10007589F8E41EE62AF1A9EA55E793E51A4D2F
:100A20006072B68EAC9D65FA3DAAFAF7E9143DF9FD
:100A300057E09D8836CA5382E41922835EF2278CE0
:100A4000B7397934CEE852BE3DF06DF88F32DA57BF
:100A5000A472F593E41D2F69CD5CE7E0DD2140B47D
:100A60009AE24164D5D0938FAC1D82969CE30E7FB1
:100A700078795C94C84363721669AAC7673F476375
:100A800027938A9F27A66ABDAB197BCFACAD9DB6D5
:100A900059221DEDFFB02DE2DC4B6F4C6C2C9B1FDF
:100AA000D95CAD77D4C645263D2A21981BA4950A6A
:100AB000B4259EE5C19D765426A7B62A43E870EB7F
:100AC00033D7A307BAB34E79AB45D938BBBB6CBE9D
:100AD000FCD1A57189449A45CBE9F78E44689358B7
:100AE000639A3CC34C7F427DE98DAFE2758547A692
:100AF0006628D60BE6AFACBE8A9DCD138E222B2581
:100B0000CFC34842A7B4ABCE87AF22563ECE178A9A
:100B10002A60BD2BF4EBFD59653563F54A8C83B132
:100B200086DEC1459FCD78AAF169719DC9A57DF882
:100B30009348E31289D48F862DF75437CD74B12AA8
:100B4000779F0054F94419EF32DDF8A38B6E1351EF
:100B500045F807EDF492FFA3BCC29F33260FB6B150
:100B6000E4D723F711A7B494DDD1FB9F95F7C932E1
:100B70000662CBF2FB92FB49163859DF3D225ECE6E
:100B8000586146CDAA47BCEF6638AE1EFD64D2B8A8
:100B90004422CD82988FB12027329043210B67B633
:100BA0006A4D7EBE61D7F9BA5EA0AA2722F238113B
:100BB0005A138E15F9E94C9538BD40EB18DCA2327A
:100BC0001FC14B4536E4FC0CE5F8C7D3C5E8E5F595
:100BD000179088EF789FE2D47AF79CF7B14D130411
:100BE0008CEF359EAE3FFE49A5718944D283E4DA8D
:100BF0009BD69ACF562D5557A64918AA503286F142
:100C0000CF11F9E90CC7D8B5BB357061AF749257F5
:100C1000799A9ED654B17A99372FEBE8E4B3A3EBD7
:100C20002D34336A1EF0D83F1C741B4AC332B7EB15
:100C30006AA9CC6067790E63864E9A436471F2F5B7
:100C4000FE7496EA5B24D27C96A60E55EFD1A4954D
:100C50005DF5D31CDFD62786643DD94646E8BC1433
:100C6000A273F3A29D97570F365779C288FDE89972
:100C700083558F735C14FD07FB45BE3DB2BA445CDF
:100C8000F76F2377A63C4D832A1E9F84DC723EEDCE
:100C9000C6FB585135F7DF5F0B695C2291F620F9EE
:100CA0001437CB0D4E75E396096126943376324E98
:100CB000BF9ACA0C6CC952055A8A28BDACEC29A54A
:100CC000A2CAC5D0349D5219270646DC42AD88AE73
:100CD000366819EE254656EF3A5FF9C33D54FC39A4
:100CE00003B4468E1632B0F911EC78463D227CC82A
:100CF000C16B238D4B24C2F36FBB4D74B519CEF578
:100D0000CC0EB95CF329EB7F39F8E8407C37CFA3F0
:100D10008EF58EDE8DC88797F2883AB9326EA117AC
:100D200050E6840C579CAC19B31C4A0D89B3A985B5
:100D3000BE88CD3E00BBC8C8DBF297B54FF7ECBC10
:100D40009E1D6C4A77B1AEEAA796C6A512C12C9D2E
:100D50006AC95C93B8A0DA26C689E7EA1F236FD870
:100D6000AED96F13677528031EF90ED58DA83EA75F
:100D70008CDD656F229A14BE5556832BAF785C9A32
:100D8000185D54F1B7CC6F71C2C307FBBFDF6F6D45
:100D9000F2E3F0B8F6BEB076D45EF20E15F8F9EDD7
:100DA0006B280DDC2EEA8877ACB7D40D9B7362718B
:100DB00015A31358DD23548C02F35E4DDCF99ADA47
:100DC0005366915887C8BC6DB083F2CEBC372AA950
:100DD00002FB526E9AE420AE92BCA3EC1B6B4A233A
:100DE0008FA2791BBFDF1FE664AA5B9B7B4EBEC749
:100DF00033B38E465A76AEBD9ED2C0EDC2271B3E9F
:100E00004E132E31EE70C53A53E3A5AD0E2BC784B9
:100E100047E8A5023ABEF7E0FDD9ADC99F87B79074
:100E20002791E50282428F39FBA1022F85A789EF26
:100E3000E2AFA2AE817E5F550FAAA34386987BE006
:100E40003F7DF2C7BBCD3A61DEE01C7EBAF6CF5CD7
:100E5000AF9A9572B6AC34C9BEE3CE6B2C0DDC2EC6
:100E60007EBA843CB45928E277CE8631AF88DC7FE5
:100E70007B488EB1F5C9A5F71E5C491F1DB03F2DFB
:100E8000F0698977A36E41114A20AAB059C24DC1B9
:100E90002ACAA3A82347F5EFE0C9703FA4FB9BBD76
:100EA0005B5F5A65DF8924C10C13AB2EDA913530B4
:100EB000AC99B990DD78FDA481DB259FB1B12A31D1
:100EC0007A13AB2359567E321BFB6F590794D69C7D
:100ED0004A069B5D76425D9C70C55DAFDAF5521B9C
:100EE00022F711FA212DA22FA18F1742D6FD90C60D
:100EF0006FF71E1F5937CB89323864DCCD471C93FE
:100F00007720B66D2C73F0B390066E977CCEFA51B5
:100F10005A31BFD9AFD1C7C65DC6AA5FE8065681B0
:100F200055F09E29C9FAF3EB2FDE4F1F38CE154A34
:100F30000AF453C67BBA57795CC5E9EA5223972570
:100F4000B4C52F583CA061DCF3FEEC9D4FD38673F3
:100F5000ED68510D4B199A526515E74C9847C1043D
:100F60009D8B71F8EB2A0DDE2ED312304047C33C27
:100F70001DA523D4ED92A34EACB15E70B699D7CF28
:100F8000B10A68DE3EECE6FFF0D5D584384DF53C7D
:100F9000D1311BAC541975C73C9932E31BB1A17A0E
:100FA00048985BFF70EFA3034E6061BE3C7162E046
:100FB00049E3138A9443432D2EB845CEFAFD99C9CF
:100FC00082B7CB3CC9434E6DE88ED3616BF372ADF3
:100FD0007BED0FD6EBF63F81671AAF8C355C7388DB
:100FE000E77AC5C3C3FFFCC9EF0FDEBAAF5CABEC59
:100FF000566032659DC23344479AF443E7B523E215
:10100000F96DF614F5A8D808B5C4F93D8F5B9B1EA1
:1010100055591E003DF4AC7C6166BCB219B5DD4586
:101020004EE4E7200DDE2EF9E4ED5D9BAFB84C47B2
:10103000EDA1A1483BA7A23BAE1FD40FF277EB076F
:10104000E11C14C49336D3C127D1610604E6C9FE5E
:101050003F9FFC7BDED78CBC23F341FCAACE1B5404
:10106000D385ADE2635FDFF99783FF7AFB31B8A6E2
:10107000C36AC13EBACACFEE6B7C8E81CDA6353D28
:1010800001B63216E4315121FAED86FFF6339605AA
:101090006F977DFE9436364BD9CF6B6838D1F20806
:1010A0007AC3F9029DCF08220E5685405EBB23D637
:1010B000BFC3B2A32267387CFCDF6607BF9C5D4BD1
:1010C000FFDF9D7F341DC099EFB31CF1DFBFFDDE54
:1010D000DE87FBEFA4DFECBD3BFBE39DEEABFC1E2C
:1010E0005BD611738A33E6BDD31B302763AF68D359
:1010F00003F3677A68D517C78802F3DFF5B575C8BB
:101100005FE8DEF8394A03B74BAFA2DD6FD6CCBF3C
:1011100059472E91EF51F3005A6315B098C80FFE4E
:101120007A8ED90FE8FA5465A9F5EA7256E3616F31
:1011300016AEF2BEDD6E333C6DD7395A5E7576065B
:1011400036E3B87A3A334C1932F639003F604670CC
:101150003B72AE416D9370D0E785C77A58A663DBCA
:1011600031B0ACDB0B556D3F5769F076E9B574775C
:101170003965D1AB96ADD3306BC783F60858BF9BAA
:1011800067EF01C4B3C49C6BAC1CFC0B227AC3CCCC
:10119000C869DB6379D50EDB43E891334B7366F2A4
:1011A000589D4ABE1FB2653D4B63F9189B2461A749
:1011B0001C7447CCE2B343384BF9C81E4597A97A53
:1011C000248F2EC985FF9C65C1DBE557943A43FC0B
:1011D0003657FCC4BAD731C5C1A7037573A24CEB0F
:1011E000623FE9E73C270CF5FE16D58FA89227123F
:1011F000828D53DD73EB2795345E89905C4B6CEAEE
:1012000000A7A81CB1ABC9EA260FF1EEEAA3C327D9
:10121000C0393F7A872CEDA3E77DF29F7A415FC109
:10122000ED79579634E904E74D99BE183F61766829
:10123000D4EC264E0D421715663462D203E7747063
:10124000D200BCBD21244D4B41B7D5216BC1305FCD
:10125000CCF7BFC5DAC012D801D6477A0CE44DA945
:101260005B8DF7A17572D93489E77FDE9F7A215FA4
:10127000E1EDB9D7C86934B64EF3EED863F925BDB0
:101280007DBEFF8493CC1A8B51D86581DF31254513
:10129000736CACC3E4013112D100E76DA106DF39F4
:1012A000E579E733A930ED06E72AB89DF48E5FEAC9
:1012B0008E7998BF0559E8F6DC6B4D77338A597201
:1012C0003A53B273106039384F96D260E52F983E8A
:1012D0008BE84F38D38935C2587FABCD7958737AB4
:1012E000E34A3D80C468AADFE10C023BDB7845BDE0
:1012F00063AF50C6774769FE5C6FF1D7290BDE9E5E
:101300007FC509678E645F7E523FACD8D776C253E3
:101310002D6A9FD3C8A8A05D712EA0457266856C0A
:101320002AC1DCA473D4F7D03493EA9A9175D69489
:10133000B15DA372BB3932DED6664898A522E23E83
:101340008187FAF6CFF5532FDA0F7CFBF66B4F9CB3
:10135000B788698A36D56CC5BEC3ECB58F1A635D94
:101360006869A02164F87C4E8D4D1D703C70DC7B5B
:10137000C46F76EE31FBACFBBEB73950EC7820166B
:10138000B8A446E76F4B16BABD6815F257FB55ED8A
:101390001988CA4ED16164CD7DDDE698CD226C30CE
:1013A000E1738B18A02327F41CEE99979ABA6593E2
:1013B0003D163C91CF724DEBF6AB97F9043FF52209
:1013C000FDE8B79758937AD63EE836F4DBD01AD8C2
:1013D000A26E4D1D41F4D89A363587DD1C9E9A5A6F
:1013E000C16E2CF62CAA2F08798D76931E5CA876F8
:1013F0007E2389DDDBCBAC8E7D357BED97593B9031
:10140000B55E18C362F5E7E90816AA7E68D1A1E7C0
:101410002AF485AE9A84C90B5F562F2785BF75596C
:10142000E8F6F26BB5239FEE6EFB6577D81FDBE421
:10143000B9233B91EAB03FAA3FEFBA7AEFFBBDE692
:101440004FBD10AFD5EDFBADE0ABFA7A737BDEEDAF
:101450008D1C5EC7DB1B49BCAEB73752785D6F6F22
:10146000A4F0BADFDEACFE9BDB0F7AFBFF01E83AAB
:10147000466E0000D8399D270054EA2A00A4781F40
:10148000007B9A17A2000000F9A2000083F9A200D5
:101490006E83F9A24E6E83F9444E6E8315444E6EF0
:1014A0002915444EFC29154427FC29155727FC29EA
:1014B000D15727FCF5D1572734F5D157DD34F5D175
:1014C000C0DD34F5DBC0DD3462DBC0DD9562DBC03E
:1014D000999562DB3C999562433C999590433C9980
:1014E0004190433C0020202020202020202028283C
:1014F00028282820202020202020202020202020D4
:101500002020202020881010101010101010101013
:101510001010101010040404040404040404041043
:1015200010101010101041414141414101010101D1
:10153000010101010101010101010101010101019B
:1015400010101010101042424242424202020202A7
:10155000020202020202020202020202020202026B
:10156000101010102000000000000000000000001B
:10157000000000000000000000000000000000006B
:10158000000000000000000000000000000000005B
:10159000000000000000000000000000000000004B
:1015A000000000000000000000000000000000003B
:1015B000000000000000000000000000000000002B
:1015C000000000000000000000000000000000001B
:1015D000000000000000000000000000000000000B
:1015E00000000000000000002020202020202020FB
:1015F00020202020202020202020202020202020EB
:10160000202020202020202000000042C8801F40F1
:10161000B8821F400800000000000042C4801F4044
:10162000B4821F400400000000C0004224801F401C
:1016300014821F401000000000C0004228801F409C
:1016400018821F402000000000C000422C801F4074
:101650001C821F404000000000C0004234801F4038
:1016600024821F40000100000040004264811F40AE
:1016700054831F40000400000040004280811F404E
:1016800070831F4000000200004000427C811F4028
:101690006C831F40000001000040004268811F4031
:1016A00058831F4000080000004000423C811F405A
:1016B0002C831F40010000000040004244811F4075
:1016C00034831F40040000000040004240811F405E
:1016D00030831F40020000000040004248811F404C
:1016E00038831F40080000000000004204811F40B2
:1016F000F4821F40000004000000004208811F40E7
:10170000F8821F40000008000000004218811F40BE
:1017100008831F40000080000000004214811F4029
:1017200004831F40000040000000004200811F4071
:10173000F0821F400000020000000042FC801F40B9
:10174000EC821F40000001000000004224811F4085
:1017500014831F40000000040000004228811F4045
:1017600018831F4000000008000000421C811F4039
:101770000C831F40000000010000004220811F4038
:1017800010831F400000000200000042EC801F4058
:10179000DC821F400010000000000042F0801F406B
:1017A000E0821F40002000000000004234811F4002
:1017B00024831F40000000400000004238811F4089
:1017C00028831F40000000800080004294801F405A
:1017D00084821F400000040000C0004290801F402F
:1017E00080821F400000008000800042A8801F40CF
:1017F00098821F400000800000800042A4801F40AB
:1018000094821F4000004000004000426C811F4055
:101810005C831F400010000000C0004230801F4069
:1018200020821F408000000000400042B0811F4025
:10183000A0831F400000002000400042AC811F40F8
:101840009C831F40000000100040004284811F4024
:1018500074831F40000004000040004288811F4044
:1018600078831F4000000800000000422C811F40C8
:101870001C831F40000000100000004230811F4008
:1018800020831F4000000020000000420C811F4008
:10189000FC821F40000010000000004210811F4029
:1018A00000831F400000200000800042C8811F40CC
:1018B000B8831F400080000000800042C4811F40A8
:1018C000B4831F400040000000800042C0811F40E0
:1018D000B0831F400020000000800042BC811F40F8
:1018E000AC831F400010000000800042D0811F40E8
:1018F000C0831F400000020000800042CC811F40D6
:10190000BC831F400000010000C0004274801F40E3
:1019100064821F400000000100C0004280801F4020
:1019200070821F400000000800C0004284801F40F9
:1019300074821F400000001000C000426C801F40F5
:101940005C821F400000400000C000427C801F40BD
:101950006C821F400000000400C0004278801F40DD
:1019600068821F400000000200C0004288801F40C3
:1019700078821F40000000200500000019000000D0
:101980007D00000007080C0B06050F000D0E01027C
:10199000838407080C0B06050F000D0E01028384DB
:1019A000FFFFFFFFFFFFFFFFFFFF8182090A00002B
:1019B0000001000024920020120000000006000038
:1019C00020EC00600A00000000020000BCEB006098
:1019D000620000000007000058EB00606200000099
:1019E000EE0300006892002012000000000004EEE8
:1019F00040920020280000000003000054EB00602B
:101A000000000000010309043CEB0060000000003E
:101A10000203090424EB0060000000000303090432
:101A2000789300200000000000000000000000008B
:101A30000000000030303030303030303030303066
:101A40003030303030303030303030303030303096
:101A500030303030000000000000000000000000C6
:101A6000F0860020F0860020F8860020F88600200E
:101A700000870020008700200887002008870020BA
:101A8000108700201087002018870020188700206A
:101A9000208700202087002028870020288700201A
:101AA00030870020308700203887002038870020CA
:101AB000408700204087002048870020488700207A
:101AC000508700205087002058870020588700202A
:101AD00060870020608700206887002068870020DA
:101AE000708700207087002078870020788700208A
:101AF000808700208087002088870020888700203A
:101B000090870020908700209887002098870020E9
:101B1000A0870020A0870020A8870020A887002099
:101B2000B0870020B0870020B8870020B887002049
:101B3000C0870020C0870020C8870020C8870020F9
:101B4000D0870020D0870020D8870020D8870020A9
:101B5000E0870020E0870020E8870020E887002059
:101B6000F0870020F0870020F8870020F887002009
:101B700000880020008800200888002008880020B5
:101B80001088002010880020188800201888002065
:101B90002088002020880020288800202888002015
:101BA00030880020308800203888002038880020C5
:101BB0004088002040880020488800204888002075
:101BC0005088002050880020588800205888002025
:101BD00060880020608800206888002068880020D5
:101BE0007088002070880020788800207888002085
:101BF0008088002080880020888800208888002035
:101C000090880020908800209888002098880020E4
:101C1000A0880020A0880020A8880020A888002094
:101C2000B0880020B0880020B8880020B888002044
:101C3000C0880020C0880020C8880020C8880020F4
:101C4000D0880020D0880020D8880020D8880020A4
:101C5000E0880020E0880020E8880020E888002054
:101C6000F0880020F0880020F8880020F888002004
:101C700000890020008900200889002008890020B0
:101C80001089002010890020188900201889002060
:101C90002089002020890020288900202889002010
:101CA00030890020308900203889002038890020C0
:101CB0004089002040890020488900204889002070
:101CC0005089002050890020588900205889002020
:101CD00060890020608900206889002068890020D0
:101CE0007089002070890020788900207889002080
:101CF0008089002080890020888900208889002030
:101D000090890020908900209889002098890020DF
:101D1000A0890020A0890020A8890020A88900208F
:101D2000B0890020B0890020B8890020B88900203F
:101D3000C0890020C0890020C8890020C8890020EF
:101D4000D0890020D0890020D8890020D88900209F
:101D5000E0890020E0890020E8890020E88900204F
:101D6000F0890020F0890020F8890020F8890020FF
:101D7000008A0020008A0020088A0020088A0020AB
:101D8000108A0020108A0020188A0020188A00205B
:101D9000208A0020208A0020288A0020288A00200B
:101DA000308A0020308A0020388A0020388A0020BB
:101DB000408A0020408A0020488A0020488A00206B
:101DC000508A0020508A0020588A0020588A00201B
:101DD000608A0020608A0020688A0020688A0020CB
:101DE000708A0020708A0020788A0020788A00207B
:101DF000808A0020808A0020888A0020888A00202B
:101E0000908A0020908A0020988A0020988A0020DA
:101E1000A08A0020A08A0020A88A0020A88A00208A
:101E2000B08A0020B08A0020B88A0020B88A00203A
:101E3000C08A0020C08A0020C88A0020C88A0020EA
:101E4000D08A0020D08A0020D88A0020D88A00209A
:101E5000E08A0020E08A0020E88A0020E88A00204A
:101E600000000000D4C500203CC60020A4C600200D
:101E70000000000000000000000000000000000062
:101E80000000000000000000000000000000000052
:101E90000000000000000000000000000000000042
:101EA0000000000000000000000000000000000032
:101EB0000000000000000000000000000000000022
:101EC0000000000000000000000000000000000012
:101ED0000000000000000000000000000000000002
:101EE00000000000000000000000000000000000F2
:101EF00000000000000000000100000000000000E1
:101F00000E33CDAB34126DE6ECDE05000B000000A5
:101F100000000000000000000000000000000000C1
:101F200000000000000000000000000000000000B1
:101F300000000000000000000000000000000000A1
:101F40000000000000000000000000000000000091
:101F50000000000000000000000000000000000081
:101F60000000000000000000000000000000000071
:101F70000000000000000000000000000000000061
:101F80000000000000000000000000000000000051
:101F90000000000000000000000000000000000041
:101FA0000000000000000000000000000000000031
:101FB0000000000000000000000000000000000021
:101FC0000000000000000000000000000000000011
:101FD0000000000000000000000000000000000001
:101FE00000000000000000000000000000000000F1
:101FF00000000000000000000000000000000000E1
:1020000000000000000000000000000000000000D0
:1020100000000000000000000000000000000000C0
:1020200000000000000000000000000000000000B0
:1020300000000000000000000000000000000000A0
:102040000000000000000000000000000000000090
:102050000000000000000000000000000000000080
:102060000000000000000000E80300000000000085
:102070000000000000000000000000000000000060
:102080000000000000000000000000000000000050
:102090000000000000000000000000000000000040
:1020A0000000000000000000E80300000000000045
:1020B0000000000000000000000000000000000020
:1020C0000000000000000000000000000000000010
:1020D0000000000000000000000000000000000000
:1020E0000000000000000000E80300000000000005
:1020F00000000000000000000000000000000000E0
:1021000000000000000000000000000000000000CF
:1021100000000000000000000000000000000000BF
:102120000000000000000000E803000000000000C4
:10213000000000000000000000000000000000009F
:10214000000000000000000000000000000000008F
:10215000000000000000000000000000000000007F
:102160000000000000000000E80300000000000084
:10217000000000000000000000000000000000005F
:10218000000000000000000000000000000000004F
:10219000000000000000000000000000000000003F
:1021A0000029DE07007B9A1700003A40B4EA00607D
:1021B000000000000000000000000000000000001F
:1021C000000000000000000000000000000000000F
:1021D00000000000000000000000000000000000FF
:1021E00000000000000000000000000000000000EF
:1021F000000000000000000000C0394044EA006018
:1022000000000000000000000000000000000000CE
:1022100000000000000000000000000000000000BE
:1022200000000000000000000000000000000000AE
:10223000000000000000000000000000000000009E
:102240000000000000000000E0240020000000006A
:10225000E8030000000000000000803FFFFFFFFFD8
:102260002C010000FFFFFFFF00000000E80300005A
:102270000000003F0000000000000000000000001F
:1022800000000000000000000000803F000000008F
:1022900000000000000000003333B33E3333333F0F
:1022A000FFFFFFFF01000000642400200000000089
:1022B000000000000000000000000000000000001E
:1022C0000000000000000000FFFFFFFF94C5002099
:1022D00080302020000000004300000000000000CB
:1022E00000000000000000000000000000000000EE
:1022F000000000000000000043000000000000009B
:1023000000000000000000000000000000000000CD
:10231000000000000000000043000000000000007A
:1023200000000000000000000000000000000000AD
:10233000000000000000000043000000000000005A
:10234000000000000000000000000000000000008D
:10235000000000000000000043000000000000003A
:10236000000000000000000000000000000000006D
:10237000000000000000000043000000000000001A
:10238000000000000000000000000000000000004D
:1023900000000000000000004300000000000000FA
:1023A000000000000000000000000000000000002D
:1023B00000000000000000004300000000000000DA
:1023C000000000000000000000000000000000000D
:1023D00000000000000000000000000000000000FD
:1023E00000000000000000000000000000000000ED
:1023F00000000000000000000000000000000000DD
:1024000000000000000000000000000000000000CC
:1024100000000000000000000000000000000000BC
:1024200000000000000000000000000000000000AC
:10243000000000000000000000000000000000009C
:10244000000000000000000000000000000000008C
:10245000000000000000000000000000000000007C
:10246000000000000000000000000000000000006C
:10247000000000000000000000000000000000005C
:10248000000000000000000000000000000000004C
:10249000000000000000000000000000000000003C
:1024A000F5580200E1500200000000007C8100208D
:1024B000601400200C1300200C1300200C130020CB
:1024C0000C1300200C1300200C1300200C13002010
:1024D0000C1300200C130020FFFFFFFFFFFFFFFF86
:1024E000FFFFFFFFFFFF0000010041534349490088
:1024F00000000000000000000000000000000000DC
:102500000000000000000000000041534349490062
:1025100000000000000000000000000000000000BB
:10252000000000000000000000000000FFFFFFFFAF
:10253000000002000000000003000000D4C50020DD
:10254000F88A002007000000660000003300000049
:102550000100000001000000010000000100000077
:102560000100000001000000010000000100000067
:102570000100000001000000010000000100000057
:102580000100000001000000010000001201000233
:10259000EF020140C0168304800201020301000023
:1025A000000000008000000028000000000104007E
:1025B0000100000000000000020157494E5553423F
:1025C000000000000000000000000000000000000B
:1025D00012034D005300460054003100300030001B
:1025E000F800000008070000010000004E65772099
:1025F00031000000000000000000000000000000AA
:1026000000000000000000000000000000000000CA
:1026100000000000000000000000000000000000BA
:1026200000000000000000000000000000000000AA
:102630000000000000000000004E6577203200001E
:10264000000000000000000000000000000000008A
:10265000000000000000000000000000000000007A
:10266000000000000000000000000000000000006A
:10267000000000000000000000000000000000005A
:102680000000000000004E657720330000000000CD
:10269000000000000000000000000000000000003A
:1026A000000000000000000000000000000000002A
:1026B000000000000000000000000000000000001A
:1026C000000000000000000000000000000000000A
:1026D000000000000000E1450000E14501000000AD
:1026E0000C030000000000000000000000000000DB
:1026F0000000000000000000410000008200000017
:10270000E8070000290000000000000000000000B1
:1027100000000000000000000000000000000000B9
:1027200000000000000000000000000000000000A9
:102730000000000000000000000000000000000099
:102740000000000000000000000000000000000089
:102750000000000000000000000000000000000079
:102760000000000000000000000000000000000069
:102770000000000000000000000000000000000059
:102780000000000000000000000000000000000049
:102790000000000000000000000000000000000039
:1027A0000000000000000000000000000000000029
:1027B0000000000000000000000000000000000019
:1027C0000000000000000000000000000000000009
:1027D00000000000000000000000000000000000F9
:1027E00000000000000000000000000000000000E9
:1027F00000000000000000000000000000000000D9
:1028000000000000000000000000000000000000C8
:1028100000000000000000000000000000000000B8
:1028200000000000000000000000000000000000A8
:102830000000000000000000000000000000000098
:102840000000000000000000000000000000000088
:102850000000000000000000000000000000000078
:102860000000000000000000000000000000000068
:102870000000000000000000000000000000000058
:102880000000000000000000000000000000000048
:102890000000000000000000000000000000000038
:1028A0000000000000000000000000000000000028
:1028B0000000000000000000000000000000000018
:1028C0000000000000000000000000000000000008
:1028D00000000000000000000000000000000000F8
:1028E00000000000000000000000000000000000E8
:1028F00000000000000000000000000000000000D8
:1029000000000000000000000000000000000000C7
:1029100000000000000000000000000000000000B7
:1029200000000000000000000000000000000000A7
:102930000000000000000000000000000000000097
:102940000000000000000000000000000000000087
:102950000000000000000000000000000000000077
:102960000000000000000000000000000000000067
:102970000000000000000000000000000000000057
:102980000000000000000000000000000000000047
:102990000000000000000000000000000000000037
:1029A0000000000000000000000000000000000027
:1029B0000000000000000000000000000000000017
:1029C0000000000000000000000000000000000007
:1029D00000000000000000000000000000000000F7
:1029E00000000000000000000000000000000000E7
:1029F00000000000000000000000000000000000D7
:102A000000000000000000000000000000000000C6
:102A100000000000000000000000000000000000B6
:082A20000000000000000000AE
:102A2800FFFFFFFFFFFFFFFFFFFFFFFFFFFFFFFFAE
:102A3800FFFFFFFFFFFFFFFFFFFFFFFFFFFFFFFF9E
:102A4800FFFFFFFFFFFFFFFFFFFFFFFFFFFFFFFF8E
:102A5800FFFFFFFFFFFFFFFFFFFFFFFFFFFFFFFF7E
:102A6800FFFFFFFFFFFFFFFFFFFFFFFFFFFFFFFF6E
:102A7800FFFFFFFFFFFFFFFFFFFFFFFFFFFFFFFF5E
:102A8800FFFFFFFFFFFFFFFFFFFFFFFFFFFFFFFF4E
:102A9800FFFFFFFFFFFFFFFFFFFFFFFFFFFFFFFF3E
:102AA800FFFFFFFFFFFFFFFFFFFFFFFFFFFFFFFF2E
:102AB800FFFFFFFFFFFFFFFFFFFFFFFFFFFFFFFF1E
:102AC800FFFFFFFFFFFFFFFFFFFFFFFFFFFFFFFF0E
:102AD800FFFFFFFFFFFFFFFFFFFFFFFFFFFFFFFFFE
:102AE800FFFFFFFFFFFFFFFFFFFFFFFFFFFFFFFFEE
:102AF800FFFFFFFFFFFFFFFFFFFFFFFFFFFFFFFFDE
:102B0800FFFFFFFFFFFFFFFFFFFFFFFFFFFFFFFFCD
:102B1800FFFFFFFFFFFFFFFFFFFFFFFFFFFFFFFFBD
:102B2800FFFFFFFFFFFFFFFFFFFFFFFFFFFFFFFFAD
:102B3800FFFFFFFFFFFFFFFFFFFFFFFFFFFFFFFF9D
:102B4800FFFFFFFFFFFFFFFFFFFFFFFFFFFFFFFF8D
:102B5800FFFFFFFFFFFFFFFFFFFFFFFFFFFFFFFF7D
:102B6800FFFFFFFFFFFFFFFFFFFFFFFFFFFFFFFF6D
:102B7800FFFFFFFFFFFFFFFFFFFFFFFFFFFFFFFF5D
:102B8800FFFFFFFFFFFFFFFFFFFFFFFFFFFFFFFF4D
:102B9800FFFFFFFFFFFFFFFFFFFFFFFFFFFFFFFF3D
:102BA800FFFFFFFFFFFFFFFFFFFFFFFFFFFFFFFF2D
:102BB800FFFFFFFFFFFFFFFFFFFFFFFFFFFFFFFF1D
:102BC800FFFFFFFFFFFFFFFFFFFFFFFFFFFFFFFF0D
:102BD800FFFFFFFFFFFFFFFFFFFFFFFFFFFFFFFFFD
:102BE800FFFFFFFFFFFFFFFFFFFFFFFFFFFFFFFFED
:102BF800FFFFFFFFFFFFFFFF0000000000000000D5
:102C080000000000000000000000000000000000BC
:102C180000000000000000000000000000000000AC
:102C2800000000000000000000000000000000009C
:102C3800000000000000000000000000000000008C
:102C4800000000000000000000000000000000007C
:102C5800000000000000000000000000000000006C
:102C6800000000000000000000000000000000005C
:102C7800000000000000000000000000000000004C
:102C8800000000000000000000000000000000003C
:102C9800000000000000000000000000000000002C
:102CA800000000000000000000000000000000001C
:102CB800000000000000000000000000000000000C
:102CC80000000000000000000000000000000000FC
:102CD80000000000000000000000000000000000EC
:102CE80000000000000000000000000000000000DC
:102CF80000000000000000000000000000000000CC
:102D080000000000000000000000000000000000BB
:102D180000000000000000000000000000000000AB
:102D2800000000000000000000000000000000009B
:102D3800000000000000000000000000000000008B
:102D4800000000000000000000000000000000007B
:102D5800000000000000000000000000000000006B
:102D6800000000000000000000000000000000005B
:102D7800000000000000000000000000000000004B
:102D8800000000000000000000000000000000003B
:102D9800000000000000000000000000000000002B
:102DA800000000000000000000000000000000001B
:102DB800000000000000000000000000000000000B
:102DC80000000000000000000000000000000000FB
:102DD80000000000000000000000000000000000EB
:102DE80000000000000000000000000000000000DB
:102DF80000000000000000000000000000000000CB
:102E080000000000000000000000000000000000BA
:102E180000000000000000000000000000000000AA
:102E2800000000000000000000000000000000009A
:102E3800000000000000000000000000000000008A
:102E4800000000000000000000000000000000007A
:102E5800000000000000000000000000000000006A
:102E6800000000000000000000000000000000005A
:102E7800000000000000000000000000000000004A
:102E8800000000000000000000000000000000003A
:102E9800000000000000000000000000000000002A
:102EA800000000000000000000000000000000001A
:102EB800000000000000000000000000000000000A
:102EC80000000000000000000000000000000000FA
:102ED80000000000000000000000000000000000EA
:102EE80000000000000000000000000000000000DA
:102EF80000000000000000000000000000000000CA
:102F080000000000000000000000000000000000B9
:102F180000000000000000000000000000000000A9
:102F28000000000000000000000000000000000099
:102F38000000000000000000000000000000000089
:102F48000000000000000000000000000000000079
:102F58000000000000000000000000000000000069
:102F68000000000000000000000000000000000059
:102F78000000000000000000000000000000000049
:102F88000000000000000000000000000000000039
:102F98000000000000000000000000000000000029
:102FA8000000000000000000000000000000000019
:102FB8000000000000000000000000000000000009
:102FC80000000000000000000000000000000000F9
:102FD80000000000000000000000000000000000E9
:102FE80000000000000000000000000000000000D9
:102FF80000000000000000000000000000000000C9
:1030080000000000000000000000000000000000B8
:1030180000000000000000000000000000000000A8
:103028000000000000000000000000000000000098
:103038000000000000000000000000000000000088
:103048000000000000000000000000000000000078
:103058000000000000000000000000000000000068
:103068000000000000000000000000000000000058
:103078000000000000000000000000000000000048
:103088000000000000000000000000000000000038
:103098000000000000000000000000000000000028
:1030A8000000000000000000000000000000000018
:1030B8000000000000000000000000000000000008
:1030C80000000000000000000000000000000000F8
:1030D80000000000000000000000000000000000E8
:1030E80000000000000000000000000000000000D8
:1030F80000000000000000000000000000000000C8
:1031080000000000000000000000000000000000B7
:1031180000000000000000000000000000000000A7
:103128000000000000000000000000000000000097
:103138000000000000000000000000000000000087
:103148000000000000000000000000000000000077
:103158000000000000000000000000000000000067
:103168000000000000000000000000000000000057
:103178000000000000000000000000000000000047
:103188000000000000000000000000000000000037
:103198000000000000000000000000000000000027
:1031A8000000000000000000000000000000000017
:1031B8000000000000000000000000000000000007
:1031C80000000000000000000000000000000000F7
:1031D80000000000000000000000000000000000E7
:1031E80000000000000000000000000000000000D7
:1031F80000000000000000000000000000000000C7
:1032080000000000000000000000000000000000B6
:1032180000000000000000000000000000000000A6
:103228000000000000000000000000000000000096
:103238000000000000000000000000000000000086
:103248000000000000000000000000000000000076
:103258000000000000000000000000000000000066
:103268000000000000000000000000000000000056
:103278000000000000000000000000000000000046
:103288000000000000000000000000000000000036
:103298000000000000000000000000000000000026
:1032A8000000000000000000000000000000000016
:1032B8000000000000000000000000000000000006
:1032C80000000000000000000000000000000000F6
:1032D80000000000000000000000000000000000E6
:1032E80000000000000000000000000000000000D6
:1032F80000000000000000000000000000000000C6
:1033080000000000000000000000000000000000B5
:1033180000000000000000000000000000000000A5
:103328000000000000000000000000000000000095
:103338000000000000000000000000000000000085
:103348000000000000000000000000000000000075
:103358000000000000000000000000000000000065
:103368000000000000000000000000000000000055
:103378000000000000000000000000000000000045
:103388000000000000000000000000000000000035
:103398000000000000000000000000000000000025
:1033A8000000000000000000000000000000000015
:1033B8000000000000000000000000000000000005
:1033C80000000000000000000000000000000000F5
:1033D80000000000000000000000000000000000E5
:1033E80000000000000000000000000000000000D5
:1033F80000000000000000000000000000000000C5
:1034080000000000000000000000000000000000B4
:1034180000000000000000000000000000000000A4
:103428000000000000000000000000000000000094
:103438000000000000000000000000000000000084
:103448000000000000000000000000000000000074
:103458000000000000000000000000000000000064
:103468000000000000000000000000000000000054
:103478000000000000000000000000000000000044
:103488000000000000000000000000000000000034
:103498000000000000000000000000000000000024
:1034A8000000000000000000000000000000000014
:1034B8000000000000000000000000000000000004
:1034C80000000000000000000000000000000000F4
:1034D80000000000000000000000000000000000E4
:1034E80000000000000000000000000000000000D4
:1034F80000000000000000000000000000000000C4
:1035080000000000000000000000000000000000B3
:1035180000000000000000000000000000000000A3
:103528000000000000000000000000000000000093
:103538000000000000000000000000000000000083
:103548000000000000000000000000000000000073
:103558000000000000000000000000000000000063
:103568000000000000000000000000000000000053
:103578000000000000000000000000000000000043
:103588000000000000000000000000000000000033
:103598000000000000000000000000000000000023
:1035A8000000000000000000000000000000000013
:1035B8000000000000000000000000000000000003
:1035C80000000000000000000000000000000000F3
:1035D80000000000000000000000000000000000E3
:1035E80000000000000000000000000000000000D3
:1035F80000000000000000000000000000000000C3
:1036080000000000000000000000000000000000B2
:1036180000000000000000000000000000000000A2
:103628000000000000000000000000000000000092
:103638000000000000000000000000000000000082
:103648000000000000000000000000000000000072
:103658000000000000000000000000000000000062
:103668000000000000000000000000000000000052
:103678000000000000000000000000000000000042
:103688000000000000000000000000000000000032
:103698000000000000000000000000000000000022
:1036A8000000000000000000000000000000000012
:1036B8000000000000000000000000000000000002
:1036C80000000000000000000000000000000000F2
:1036D80000000000000000000000000000000000E2
:1036E80000000000000000000000000000000000D2
:1036F80000000000000000000000000000000000C2
:1037080000000000000000000000000000000000B1
:1037180000000000000000000000000000000000A1
:103728000000000000000000000000000000000091
:103738000000000000000000000000000000000081
:103748000000000000000000000000000000000071
:103758000000000000000000000000000000000061
:103768000000000000000000000000000000000051
:103778000000000000000000000000000000000041
:103788000000000000000000000000000000000031
:103798000000000000000000000000000000000021
:1037A8000000000000000000000000000000000011
:1037B8000000000000000000000000000000000001
:1037C80000000000000000000000000000000000F1
:1037D80000000000000000000000000000000000E1
:1037E80000000000000000000000000000000000D1
:0837F8000000000000000000C9
:040000056000100087
:00000001FF
