:0200000460009A
:100000004643464200000156000000000101020084
:1000100000000000000000000000000000000000E0
:1000200000000000000000000000000000000000D0
:1000300000000000000000000000000000000000C0
:1000400000000000010406010000000000000000A4
:100050000000800000000000000000000000000020
:100060000000000000000000000000000000000090
:100070000000000000000000000000000000000080
:10008000EB04180AFF1E04320126000000000000E5
:100090000000000000000000000000000000000060
:1000A0000000000000000000000000000000000050
:1000B0000000000000000000000000000000000040
:1000C0000000000000000000000000000000000030
:1000D0000000000000000000000000000000000020
:1000E0000000000000000000000000000000000010
:1000F0000000000000000000000000000000000000
:1001000000000000000000000000000000000000EF
:1001100000000000000000000000000000000000DF
:1001200000000000000000000000000000000000CF
:1001300000000000000000000000000000000000BF
:1001400000000000000000000000000000000000AF
:10015000000000000000000000000000000000009F
:10016000000000000000000000000000000000008F
:10017000000000000000000000000000000000007F
:10018000000000000000000000000000000000006F
:10019000000000000000000000000000000000005F
:1001A000000000000000000000000000000000004F
:1001B000000000000000000000000000000000003F
:1001C000000100000010000001000000000000001D
:1001D000000001000000000000000000000000001E
:1001E000000000000000000000000000000000000F
:1001F00000000000000000000000000000000000FF
:10020000FFFFFFFFFFFFFFFFFFFFFFFFFFFFFFFFFE
:10021000FFFFFFFFFFFFFFFFFFFFFFFFFFFFFFFFEE
:10022000FFFFFFFFFFFFFFFFFFFFFFFFFFFFFFFFDE
:10023000FFFFFFFFFFFFFFFFFFFFFFFFFFFFFFFFCE
:10024000FFFFFFFFFFFFFFFFFFFFFFFFFFFFFFFFBE
:10025000FFFFFFFFFFFFFFFFFFFFFFFFFFFFFFFFAE
:10026000FFFFFFFFFFFFFFFFFFFFFFFFFFFFFFFF9E
:10027000FFFFFFFFFFFFFFFFFFFFFFFFFFFFFFFF8E
:10028000FFFFFFFFFFFFFFFFFFFFFFFFFFFFFFFF7E
:10029000FFFFFFFFFFFFFFFFFFFFFFFFFFFFFFFF6E
:1002A000FFFFFFFFFFFFFFFFFFFFFFFFFFFFFFFF5E
:1002B000FFFFFFFFFFFFFFFFFFFFFFFFFFFFFFFF4E
:1002C000FFFFFFFFFFFFFFFFFFFFFFFFFFFFFFFF3E
:1002D000FFFFFFFFFFFFFFFFFFFFFFFFFFFFFFFF2E
:1002E000FFFFFFFFFFFFFFFFFFFFFFFFFFFFFFFF1E
:1002F000FFFFFFFFFFFFFFFFFFFFFFFFFFFFFFFF0E
:10030000FFFFFFFFFFFFFFFFFFFFFFFFFFFFFFFFFD
:10031000FFFFFFFFFFFFFFFFFFFFFFFFFFFFFFFFED
:10032000FFFFFFFFFFFFFFFFFFFFFFFFFFFFFFFFDD
:10033000FFFFFFFFFFFFFFFFFFFFFFFFFFFFFFFFCD
:10034000FFFFFFFFFFFFFFFFFFFFFFFFFFFFFFFFBD
:10035000FFFFFFFFFFFFFFFFFFFFFFFFFFFFFFFFAD
:10036000FFFFFFFFFFFFFFFFFFFFFFFFFFFFFFFF9D
:10037000FFFFFFFFFFFFFFFFFFFFFFFFFFFFFFFF8D
:10038000FFFFFFFFFFFFFFFFFFFFFFFFFFFFFFFF7D
:10039000FFFFFFFFFFFFFFFFFFFFFFFFFFFFFFFF6D
:1003A000FFFFFFFFFFFFFFFFFFFFFFFFFFFFFFFF5D
:1003B000FFFFFFFFFFFFFFFFFFFFFFFFFFFFFFFF4D
:1003C000FFFFFFFFFFFFFFFFFFFFFFFFFFFFFFFF3D
:1003D000FFFFFFFFFFFFFFFFFFFFFFFFFFFFFFFF2D
:1003E000FFFFFFFFFFFFFFFFFFFFFFFFFFFFFFFF1D
:1003F000FFFFFFFFFFFFFFFFFFFFFFFFFFFFFFFF0D
:10040000FFFFFFFFFFFFFFFFFFFFFFFFFFFFFFFFFC
:10041000FFFFFFFFFFFFFFFFFFFFFFFFFFFFFFFFEC
:10042000FFFFFFFFFFFFFFFFFFFFFFFFFFFFFFFFDC
:10043000FFFFFFFFFFFFFFFFFFFFFFFFFFFFFFFFCC
:10044000FFFFFFFFFFFFFFFFFFFFFFFFFFFFFFFFBC
:10045000FFFFFFFFFFFFFFFFFFFFFFFFFFFFFFFFAC
:10046000FFFFFFFFFFFFFFFFFFFFFFFFFFFFFFFF9C
:10047000FFFFFFFFFFFFFFFFFFFFFFFFFFFFFFFF8C
:10048000FFFFFFFFFFFFFFFFFFFFFFFFFFFFFFFF7C
:10049000FFFFFFFFFFFFFFFFFFFFFFFFFFFFFFFF6C
:1004A000FFFFFFFFFFFFFFFFFFFFFFFFFFFFFFFF5C
:1004B000FFFFFFFFFFFFFFFFFFFFFFFFFFFFFFFF4C
:1004C000FFFFFFFFFFFFFFFFFFFFFFFFFFFFFFFF3C
:1004D000FFFFFFFFFFFFFFFFFFFFFFFFFFFFFFFF2C
:1004E000FFFFFFFFFFFFFFFFFFFFFFFFFFFFFFFF1C
:1004F000FFFFFFFFFFFFFFFFFFFFFFFFFFFFFFFF0C
:10050000FFFFFFFFFFFFFFFFFFFFFFFFFFFFFFFFFB
:10051000FFFFFFFFFFFFFFFFFFFFFFFFFFFFFFFFEB
:10052000FFFFFFFFFFFFFFFFFFFFFFFFFFFFFFFFDB
:10053000FFFFFFFFFFFFFFFFFFFFFFFFFFFFFFFFCB
:10054000FFFFFFFFFFFFFFFFFFFFFFFFFFFFFFFFBB
:10055000FFFFFFFFFFFFFFFFFFFFFFFFFFFFFFFFAB
:10056000FFFFFFFFFFFFFFFFFFFFFFFFFFFFFFFF9B
:10057000FFFFFFFFFFFFFFFFFFFFFFFFFFFFFFFF8B
:10058000FFFFFFFFFFFFFFFFFFFFFFFFFFFFFFFF7B
:10059000FFFFFFFFFFFFFFFFFFFFFFFFFFFFFFFF6B
:1005A000FFFFFFFFFFFFFFFFFFFFFFFFFFFFFFFF5B
:1005B000FFFFFFFFFFFFFFFFFFFFFFFFFFFFFFFF4B
:1005C000FFFFFFFFFFFFFFFFFFFFFFFFFFFFFFFF3B
:1005D000FFFFFFFFFFFFFFFFFFFFFFFFFFFFFFFF2B
:1005E000FFFFFFFFFFFFFFFFFFFFFFFFFFFFFFFF1B
:1005F000FFFFFFFFFFFFFFFFFFFFFFFFFFFFFFFF0B
:10060000FFFFFFFFFFFFFFFFFFFFFFFFFFFFFFFFFA
:10061000FFFFFFFFFFFFFFFFFFFFFFFFFFFFFFFFEA
:10062000FFFFFFFFFFFFFFFFFFFFFFFFFFFFFFFFDA
:10063000FFFFFFFFFFFFFFFFFFFFFFFFFFFFFFFFCA
:10064000FFFFFFFFFFFFFFFFFFFFFFFFFFFFFFFFBA
:10065000FFFFFFFFFFFFFFFFFFFFFFFFFFFFFFFFAA
:10066000FFFFFFFFFFFFFFFFFFFFFFFFFFFFFFFF9A
:10067000FFFFFFFFFFFFFFFFFFFFFFFFFFFFFFFF8A
:10068000FFFFFFFFFFFFFFFFFFFFFFFFFFFFFFFF7A
:10069000FFFFFFFFFFFFFFFFFFFFFFFFFFFFFFFF6A
:1006A000FFFFFFFFFFFFFFFFFFFFFFFFFFFFFFFF5A
:1006B000FFFFFFFFFFFFFFFFFFFFFFFFFFFFFFFF4A
:1006C000FFFFFFFFFFFFFFFFFFFFFFFFFFFFFFFF3A
:1006D000FFFFFFFFFFFFFFFFFFFFFFFFFFFFFFFF2A
:1006E000FFFFFFFFFFFFFFFFFFFFFFFFFFFFFFFF1A
:1006F000FFFFFFFFFFFFFFFFFFFFFFFFFFFFFFFF0A
:10070000FFFFFFFFFFFFFFFFFFFFFFFFFFFFFFFFF9
:10071000FFFFFFFFFFFFFFFFFFFFFFFFFFFFFFFFE9
:10072000FFFFFFFFFFFFFFFFFFFFFFFFFFFFFFFFD9
:10073000FFFFFFFFFFFFFFFFFFFFFFFFFFFFFFFFC9
:10074000FFFFFFFFFFFFFFFFFFFFFFFFFFFFFFFFB9
:10075000FFFFFFFFFFFFFFFFFFFFFFFFFFFFFFFFA9
:10076000FFFFFFFFFFFFFFFFFFFFFFFFFFFFFFFF99
:10077000FFFFFFFFFFFFFFFFFFFFFFFFFFFFFFFF89
:10078000FFFFFFFFFFFFFFFFFFFFFFFFFFFFFFFF79
:10079000FFFFFFFFFFFFFFFFFFFFFFFFFFFFFFFF69
:1007A000FFFFFFFFFFFFFFFFFFFFFFFFFFFFFFFF59
:1007B000FFFFFFFFFFFFFFFFFFFFFFFFFFFFFFFF49
:1007C000FFFFFFFFFFFFFFFFFFFFFFFFFFFFFFFF39
:1007D000FFFFFFFFFFFFFFFFFFFFFFFFFFFFFFFF29
:1007E000FFFFFFFFFFFFFFFFFFFFFFFFFFFFFFFF19
:1007F000FFFFFFFFFFFFFFFFFFFFFFFFFFFFFFFF09
:10080000FFFFFFFFFFFFFFFFFFFFFFFFFFFFFFFFF8
:10081000FFFFFFFFFFFFFFFFFFFFFFFFFFFFFFFFE8
:10082000FFFFFFFFFFFFFFFFFFFFFFFFFFFFFFFFD8
:10083000FFFFFFFFFFFFFFFFFFFFFFFFFFFFFFFFC8
:10084000FFFFFFFFFFFFFFFFFFFFFFFFFFFFFFFFB8
:10085000FFFFFFFFFFFFFFFFFFFFFFFFFFFFFFFFA8
:10086000FFFFFFFFFFFFFFFFFFFFFFFFFFFFFFFF98
:10087000FFFFFFFFFFFFFFFFFFFFFFFFFFFFFFFF88
:10088000FFFFFFFFFFFFFFFFFFFFFFFFFFFFFFFF78
:10089000FFFFFFFFFFFFFFFFFFFFFFFFFFFFFFFF68
:1008A000FFFFFFFFFFFFFFFFFFFFFFFFFFFFFFFF58
:1008B000FFFFFFFFFFFFFFFFFFFFFFFFFFFFFFFF48
:1008C000FFFFFFFFFFFFFFFFFFFFFFFFFFFFFFFF38
:1008D000FFFFFFFFFFFFFFFFFFFFFFFFFFFFFFFF28
:1008E000FFFFFFFFFFFFFFFFFFFFFFFFFFFFFFFF18
:1008F000FFFFFFFFFFFFFFFFFFFFFFFFFFFFFFFF08
:10090000FFFFFFFFFFFFFFFFFFFFFFFFFFFFFFFFF7
:10091000FFFFFFFFFFFFFFFFFFFFFFFFFFFFFFFFE7
:10092000FFFFFFFFFFFFFFFFFFFFFFFFFFFFFFFFD7
:10093000FFFFFFFFFFFFFFFFFFFFFFFFFFFFFFFFC7
:10094000FFFFFFFFFFFFFFFFFFFFFFFFFFFFFFFFB7
:10095000FFFFFFFFFFFFFFFFFFFFFFFFFFFFFFFFA7
:10096000FFFFFFFFFFFFFFFFFFFFFFFFFFFFFFFF97
:10097000FFFFFFFFFFFFFFFFFFFFFFFFFFFFFFFF87
:10098000FFFFFFFFFFFFFFFFFFFFFFFFFFFFFFFF77
:10099000FFFFFFFFFFFFFFFFFFFFFFFFFFFFFFFF67
:1009A000FFFFFFFFFFFFFFFFFFFFFFFFFFFFFFFF57
:1009B000FFFFFFFFFFFFFFFFFFFFFFFFFFFFFFFF47
:1009C000FFFFFFFFFFFFFFFFFFFFFFFFFFFFFFFF37
:1009D000FFFFFFFFFFFFFFFFFFFFFFFFFFFFFFFF27
:1009E000FFFFFFFFFFFFFFFFFFFFFFFFFFFFFFFF17
:1009F000FFFFFFFFFFFFFFFFFFFFFFFFFFFFFFFF07
:100A0000FFFFFFFFFFFFFFFFFFFFFFFFFFFFFFFFF6
:100A1000FFFFFFFFFFFFFFFFFFFFFFFFFFFFFFFFE6
:100A2000FFFFFFFFFFFFFFFFFFFFFFFFFFFFFFFFD6
:100A3000FFFFFFFFFFFFFFFFFFFFFFFFFFFFFFFFC6
:100A4000FFFFFFFFFFFFFFFFFFFFFFFFFFFFFFFFB6
:100A5000FFFFFFFFFFFFFFFFFFFFFFFFFFFFFFFFA6
:100A6000FFFFFFFFFFFFFFFFFFFFFFFFFFFFFFFF96
:100A7000FFFFFFFFFFFFFFFFFFFFFFFFFFFFFFFF86
:100A8000FFFFFFFFFFFFFFFFFFFFFFFFFFFFFFFF76
:100A9000FFFFFFFFFFFFFFFFFFFFFFFFFFFFFFFF66
:100AA000FFFFFFFFFFFFFFFFFFFFFFFFFFFFFFFF56
:100AB000FFFFFFFFFFFFFFFFFFFFFFFFFFFFFFFF46
:100AC000FFFFFFFFFFFFFFFFFFFFFFFFFFFFFFFF36
:100AD000FFFFFFFFFFFFFFFFFFFFFFFFFFFFFFFF26
:100AE000FFFFFFFFFFFFFFFFFFFFFFFFFFFFFFFF16
:100AF000FFFFFFFFFFFFFFFFFFFFFFFFFFFFFFFF06
:100B0000FFFFFFFFFFFFFFFFFFFFFFFFFFFFFFFFF5
:100B1000FFFFFFFFFFFFFFFFFFFFFFFFFFFFFFFFE5
:100B2000FFFFFFFFFFFFFFFFFFFFFFFFFFFFFFFFD5
:100B3000FFFFFFFFFFFFFFFFFFFFFFFFFFFFFFFFC5
:100B4000FFFFFFFFFFFFFFFFFFFFFFFFFFFFFFFFB5
:100B5000FFFFFFFFFFFFFFFFFFFFFFFFFFFFFFFFA5
:100B6000FFFFFFFFFFFFFFFFFFFFFFFFFFFFFFFF95
:100B7000FFFFFFFFFFFFFFFFFFFFFFFFFFFFFFFF85
:100B8000FFFFFFFFFFFFFFFFFFFFFFFFFFFFFFFF75
:100B9000FFFFFFFFFFFFFFFFFFFFFFFFFFFFFFFF65
:100BA000FFFFFFFFFFFFFFFFFFFFFFFFFFFFFFFF55
:100BB000FFFFFFFFFFFFFFFFFFFFFFFFFFFFFFFF45
:100BC000FFFFFFFFFFFFFFFFFFFFFFFFFFFFFFFF35
:100BD000FFFFFFFFFFFFFFFFFFFFFFFFFFFFFFFF25
:100BE000FFFFFFFFFFFFFFFFFFFFFFFFFFFFFFFF15
:100BF000FFFFFFFFFFFFFFFFFFFFFFFFFFFFFFFF05
:100C0000FFFFFFFFFFFFFFFFFFFFFFFFFFFFFFFFF4
:100C1000FFFFFFFFFFFFFFFFFFFFFFFFFFFFFFFFE4
:100C2000FFFFFFFFFFFFFFFFFFFFFFFFFFFFFFFFD4
:100C3000FFFFFFFFFFFFFFFFFFFFFFFFFFFFFFFFC4
:100C4000FFFFFFFFFFFFFFFFFFFFFFFFFFFFFFFFB4
:100C5000FFFFFFFFFFFFFFFFFFFFFFFFFFFFFFFFA4
:100C6000FFFFFFFFFFFFFFFFFFFFFFFFFFFFFFFF94
:100C7000FFFFFFFFFFFFFFFFFFFFFFFFFFFFFFFF84
:100C8000FFFFFFFFFFFFFFFFFFFFFFFFFFFFFFFF74
:100C9000FFFFFFFFFFFFFFFFFFFFFFFFFFFFFFFF64
:100CA000FFFFFFFFFFFFFFFFFFFFFFFFFFFFFFFF54
:100CB000FFFFFFFFFFFFFFFFFFFFFFFFFFFFFFFF44
:100CC000FFFFFFFFFFFFFFFFFFFFFFFFFFFFFFFF34
:100CD000FFFFFFFFFFFFFFFFFFFFFFFFFFFFFFFF24
:100CE000FFFFFFFFFFFFFFFFFFFFFFFFFFFFFFFF14
:100CF000FFFFFFFFFFFFFFFFFFFFFFFFFFFFFFFF04
:100D0000FFFFFFFFFFFFFFFFFFFFFFFFFFFFFFFFF3
:100D1000FFFFFFFFFFFFFFFFFFFFFFFFFFFFFFFFE3
:100D2000FFFFFFFFFFFFFFFFFFFFFFFFFFFFFFFFD3
:100D3000FFFFFFFFFFFFFFFFFFFFFFFFFFFFFFFFC3
:100D4000FFFFFFFFFFFFFFFFFFFFFFFFFFFFFFFFB3
:100D5000FFFFFFFFFFFFFFFFFFFFFFFFFFFFFFFFA3
:100D6000FFFFFFFFFFFFFFFFFFFFFFFFFFFFFFFF93
:100D7000FFFFFFFFFFFFFFFFFFFFFFFFFFFFFFFF83
:100D8000FFFFFFFFFFFFFFFFFFFFFFFFFFFFFFFF73
:100D9000FFFFFFFFFFFFFFFFFFFFFFFFFFFFFFFF63
:100DA000FFFFFFFFFFFFFFFFFFFFFFFFFFFFFFFF53
:100DB000FFFFFFFFFFFFFFFFFFFFFFFFFFFFFFFF43
:100DC000FFFFFFFFFFFFFFFFFFFFFFFFFFFFFFFF33
:100DD000FFFFFFFFFFFFFFFFFFFFFFFFFFFFFFFF23
:100DE000FFFFFFFFFFFFFFFFFFFFFFFFFFFFFFFF13
:100DF000FFFFFFFFFFFFFFFFFFFFFFFFFFFFFFFF03
:100E0000FFFFFFFFFFFFFFFFFFFFFFFFFFFFFFFFF2
:100E1000FFFFFFFFFFFFFFFFFFFFFFFFFFFFFFFFE2
:100E2000FFFFFFFFFFFFFFFFFFFFFFFFFFFFFFFFD2
:100E3000FFFFFFFFFFFFFFFFFFFFFFFFFFFFFFFFC2
:100E4000FFFFFFFFFFFFFFFFFFFFFFFFFFFFFFFFB2
:100E5000FFFFFFFFFFFFFFFFFFFFFFFFFFFFFFFFA2
:100E6000FFFFFFFFFFFFFFFFFFFFFFFFFFFFFFFF92
:100E7000FFFFFFFFFFFFFFFFFFFFFFFFFFFFFFFF82
:100E8000FFFFFFFFFFFFFFFFFFFFFFFFFFFFFFFF72
:100E9000FFFFFFFFFFFFFFFFFFFFFFFFFFFFFFFF62
:100EA000FFFFFFFFFFFFFFFFFFFFFFFFFFFFFFFF52
:100EB000FFFFFFFFFFFFFFFFFFFFFFFFFFFFFFFF42
:100EC000FFFFFFFFFFFFFFFFFFFFFFFFFFFFFFFF32
:100ED000FFFFFFFFFFFFFFFFFFFFFFFFFFFFFFFF22
:100EE000FFFFFFFFFFFFFFFFFFFFFFFFFFFFFFFF12
:100EF000FFFFFFFFFFFFFFFFFFFFFFFFFFFFFFFF02
:100F0000FFFFFFFFFFFFFFFFFFFFFFFFFFFFFFFFF1
:100F1000FFFFFFFFFFFFFFFFFFFFFFFFFFFFFFFFE1
:100F2000FFFFFFFFFFFFFFFFFFFFFFFFFFFFFFFFD1
:100F3000FFFFFFFFFFFFFFFFFFFFFFFFFFFFFFFFC1
:100F4000FFFFFFFFFFFFFFFFFFFFFFFFFFFFFFFFB1
:100F5000FFFFFFFFFFFFFFFFFFFFFFFFFFFFFFFFA1
:100F6000FFFFFFFFFFFFFFFFFFFFFFFFFFFFFFFF91
:100F7000FFFFFFFFFFFFFFFFFFFFFFFFFFFFFFFF81
:100F8000FFFFFFFFFFFFFFFFFFFFFFFFFFFFFFFF71
:100F9000FFFFFFFFFFFFFFFFFFFFFFFFFFFFFFFF61
:100FA000FFFFFFFFFFFFFFFFFFFFFFFFFFFFFFFF51
:100FB000FFFFFFFFFFFFFFFFFFFFFFFFFFFFFFFF41
:100FC000FFFFFFFFFFFFFFFFFFFFFFFFFFFFFFFF31
:100FD000FFFFFFFFFFFFFFFFFFFFFFFFFFFFFFFF21
:100FE000FFFFFFFFFFFFFFFFFFFFFFFFFFFFFFFF11
:100FF000FFFFFFFFFFFFFFFFFFFFFFFFFFFFFFFF01
:10100000D1002043F1150060000000000000000046
:10101000201000600010006000F803600000000075
:10102000000000600004040000000000FFFFFFFF5C
:10103000FFFFFFFFFFFFFFFFFFFFFFFFFFFFFFFFC0
:10104000FFFFFFFFFFFFFFFFFFFFFFFFFFFFFFFFB0
:10105000FFFFFFFFFFFFFFFFFFFFFFFFFFFFFFFFA0
:10106000FFFFFFFFFFFFFFFFFFFFFFFFFFFFFFFF90
:10107000FFFFFFFFFFFFFFFFFFFFFFFFFFFFFFFF80
:10108000FFFFFFFFFFFFFFFFFFFFFFFFFFFFFFFF70
:10109000FFFFFFFFFFFFFFFFFFFFFFFFFFFFFFFF60
:1010A000FFFFFFFFFFFFFFFFFFFFFFFFFFFFFFFF50
:1010B000FFFFFFFFFFFFFFFFFFFFFFFFFFFFFFFF40
:1010C000FFFFFFFFFFFFFFFFFFFFFFFFFFFFFFFF30
:1010D000FFFFFFFFFFFFFFFFFFFFFFFFFFFFFFFF20
:1010E000FFFFFFFFFFFFFFFFFFFFFFFFFFFFFFFF10
:1010F000FFFFFFFFFFFFFFFFFFFFFFFFFFFFFFFF00
:10110000FFFFFFFFFFFFFFFFFFFFFFFFFFFFFFFFEF
:10111000FFFFFFFFFFFFFFFFFFFFFFFFFFFFFFFFDF
:10112000FFFFFFFFFFFFFFFFFFFFFFFFFFFFFFFFCF
:10113000FFFFFFFFFFFFFFFFFFFFFFFFFFFFFFFFBF
:10114000FFFFFFFFFFFFFFFFFFFFFFFFFFFFFFFFAF
:10115000FFFFFFFFFFFFFFFFFFFFFFFFFFFFFFFF9F
:10116000FFFFFFFFFFFFFFFFFFFFFFFFFFFFFFFF8F
:10117000FFFFFFFFFFFFFFFFFFFFFFFFFFFFFFFF7F
:10118000FFFFFFFFFFFFFFFFFFFFFFFFFFFFFFFF6F
:10119000FFFFFFFFFFFFFFFFFFFFFFFFFFFFFFFF5F
:1011A000FFFFFFFFFFFFFFFFFFFFFFFFFFFFFFFF4F
:1011B000FFFFFFFFFFFFFFFFFFFFFFFFFFFFFFFF3F
:1011C000FFFFFFFFFFFFFFFFFFFFFFFFFFFFFFFF2F
:1011D000FFFFFFFFFFFFFFFFFFFFFFFFFFFFFFFF1F
:1011E000FFFFFFFFFFFFFFFFFFFFFFFFFFFFFFFF0F
:1011F000FFFFFFFFFFFFFFFFFFFFFFFFFFFFFFFFFF
:10120000FFFFFFFFFFFFFFFFFFFFFFFFFFFFFFFFEE
:10121000FFFFFFFFFFFFFFFFFFFFFFFFFFFFFFFFDE
:10122000FFFFFFFFFFFFFFFFFFFFFFFFFFFFFFFFCE
:10123000FFFFFFFFFFFFFFFFFFFFFFFFFFFFFFFFBE
:10124000FFFFFFFFFFFFFFFFFFFFFFFFFFFFFFFFAE
:10125000FFFFFFFFFFFFFFFFFFFFFFFFFFFFFFFF9E
:10126000FFFFFFFFFFFFFFFFFFFFFFFFFFFFFFFF8E
:10127000FFFFFFFFFFFFFFFFFFFFFFFFFFFFFFFF7E
:10128000FFFFFFFFFFFFFFFFFFFFFFFFFFFFFFFF6E
:10129000FFFFFFFFFFFFFFFFFFFFFFFFFFFFFFFF5E
:1012A000FFFFFFFFFFFFFFFFFFFFFFFFFFFFFFFF4E
:1012B000FFFFFFFFFFFFFFFFFFFFFFFFFFFFFFFF3E
:1012C000FFFFFFFFFFFFFFFFFFFFFFFFFFFFFFFF2E
:1012D000FFFFFFFFFFFFFFFFFFFFFFFFFFFFFFFF1E
:1012E000FFFFFFFFFFFFFFFFFFFFFFFFFFFFFFFF0E
:1012F000FFFFFFFFFFFFFFFFFFFFFFFFFFFFFFFFFE
:10130000FFFFFFFFFFFFFFFFFFFFFFFFFFFFFFFFED
:10131000FFFFFFFFFFFFFFFFFFFFFFFFFFFFFFFFDD
:10132000FFFFFFFFFFFFFFFFFFFFFFFFFFFFFFFFCD
:10133000FFFFFFFFFFFFFFFFFFFFFFFFFFFFFFFFBD
:10134000FFFFFFFFFFFFFFFFFFFFFFFFFFFFFFFFAD
:10135000FFFFFFFFFFFFFFFFFFFFFFFFFFFFFFFF9D
:10136000FFFFFFFFFFFFFFFFFFFFFFFFFFFFFFFF8D
:10137000FFFFFFFFFFFFFFFFFFFFFFFFFFFFFFFF7D
:10138000FFFFFFFFFFFFFFFFFFFFFFFFFFFFFFFF6D
:10139000FFFFFFFFFFFFFFFFFFFFFFFFFFFFFFFF5D
:1013A000FFFFFFFFFFFFFFFFFFFFFFFFFFFFFFFF4D
:1013B000FFFFFFFFFFFFFFFFFFFFFFFFFFFFFFFF3D
:1013C000FFFFFFFFFFFFFFFFFFFFFFFFFFFFFFFF2D
:1013D000FFFFFFFFFFFFFFFFFFFFFFFFFFFFFFFF1D
:1013E000FFFFFFFFFFFFFFFFFFFFFFFFFFFFFFFF0D
:1013F000FFFFFFFFFFFFFFFFFFFFFFFFFFFFFFFFFD
:10140000824205D051F8043B40F8043B8242F9D8AF
:10141000704700BF044A05494FF0000342F8043BFF
:101420009142FBD8704700BFC0920020A0C60020A8
:1014300008B5BFF34F8F00F02FFA544C544B0820DF
:101440005449C3F85401544AC3F800115348C3F82F
:10145000F0405349FFF7D4FF524A53495348FFF72E
:10146000CFFF534CFFF7D6FF4FF470004FF0E02151
:101470000023504AC1F8880D44F823200133B02BD3
:10148000FAD14D4B80214D4A03F8011B9342FBD109
:101490004FF0E0254A4E4B4A4FF0FF31C5F8084D5A
:1014A000D5F8243D43F4E023C5F8243DF36923F047
:1014B0007F0343F04003F361736A23F07F0343F03B
:1014C000400373629166D1661167516700F0ECF9D1
:1014D0003D4A3E4BA2636322E36300246A61032317
:1014E0003B4AAC612B61C5F8202DD5F8FC2D394B5A
:1014F00042F080723849C5F8FC2D1A6842F00102AA
:101500001A605B680B6000F09FFB344800F02CFD14
:10151000F16E334B334A41F44051F1661C60C3F81D
:101520000841C3F81841C3F82841C3F83841936B08
:10153000DB0708D442F615632B4951651365936B9D
:1015400043F001039363274A284C936843F0011347
:10155000936000F037FA00F01FF900F0F9FC00F09A
:10156000A5FB00F09BF92368132BFCD900F03AFC93
:101570002368B3F5967FFBD300F094F900F090F95F
:1015800000F0DAFC00F0ECFC30BFFDE70C0D1113AD
:1015900000800D401B10182038750200000000006C
:1015A0002CEC0060C0920020686103600000002005
:1015B0000090002055EA010000E400E0A0E400E013
:1015C00000C00F4000C00A4089D90100F1D90100D4
:1015D00000002020001000E0F4C500200046C323D6
:1015E0000040084000400D400000C056F8C50020F3
:1015F000054B4FF42A01054A05485A641864054A08
:1016000099639546FFF714FF00C00A40FFABAAAAF2
:101610000700200000800520044A936B43F040033C
:101620009363BFF34F8F30BFFDE700BF00400D4015
:1016300008B5134B5A69520613D55A68114942F03E
:1016400000425A600B6803B198470F4B1B684BB1BF
:101650009847012806D020B9094AD36C43F4C02327
:10166000D36408BD064AD36C43F4C023D36472B676
:101670004FF0E0234FF48032C3F88422FFF7CCFF11
:1016800000400D40DC9E0020E89E0020064B1B68B9
:101690002BB1064AD36C43F4C023D3647047044B88
:1016A0001B68002BF5D1F9E7DC9E002000400D40BF
:1016B000E89E0020134A1449D36C43F4C023D3643A
:1016C0000860A0B14FF0E0234FF480320F4910487A
:1016D000C3F88422C1F800010E49FF2081F83000D0
:1016E000BFF34F8FC3F80421BFF34F8F70470A4BEE
:1016F0001B68002BF8D14FF0E0234FF48032C3F881
:101700008421F1E700400D40DC9E00200090002085
:101710003116006000E400E0E89E0020134A1449FE
:10172000D36C43F4C023D3640860A0B14FF0E0232E
:101730004FF480320F491048C3F88422C1F80001E9
:101740000E49FF2081F83000BFF34F8FC3F804210A
:10175000BFF34F8F70470A4B1B68002BF8D14FF037
:10176000E0234FF48032C3F88421F1E700400D40BC
:10177000E89E0020009000203116006000E400E0A8
:10178000DC9E00204FF0E023024AC3F80C2D30BF4E
:10179000FDE700BF0400FA050F4B40F2376C0F4A1B
:1017A000A020D96E41F44031D966D96E41F4407120
:1017B000D966C2F844C09064936C1B06FCD4084AF6
:1017C00040F23761A02351649364936C13F080035B
:1017D000FBD1044A1370704700C00F4000400C401A
:1017E00000800C4058C60020294A00210123C2F87D
:1017F000A000C2F8A410C2F8B0305369D907FCD5D4
:1018000001234FF4803C22495361C2F8A000C2F882
:10181000A4C0C2F8B0304B69DB07FCD501234FF4FC
:10182000003C1B4A4B61C1F8A000C1F8A4C0C1F83C
:10183000B0305369D907FCD50123DFF858C01449EB
:101840005361C2F8A000C2F8A4C0C2F8B0304B691E
:10185000DB07FCD5D1F8003145F60D504FF0210CD7
:101860009AB2C1F814C0824210D045F69D518A4206
:101870000AD1C3F34253032B08D0A3F10403B3FAF4
:1018800083F35B09180170470020704708207047F8
:1018900000402A4004000300704700BF704700BFAB
:1018A000704700BF00BF70474FF0E02300214FF0AA
:1018B000100C3448C3F8941DC3F89CCD4FF0110CA4
:1018C000C3F8A00D3048C3F89CCD4FF0120CC3F8FC
:1018D000A00D2E48C3F89CCD2D4AC3F8A00DDFF80B
:1018E000D0C042F015022B48C3F89CCDC3F8A00D20
:1018F000DFF8C0C02848C3F89CCDC3F8A00DDFF8BE
:10190000B8C0C3F89C2D2548254AC3F8A0CDC3F81C
:101910009C0DC3F8A02D02F5A022DFF8A0C00C3268
:101920002048C3F89CCDC3F8A02D1F4AC3F89C0DD6
:10193000C3F8A02D02F14062DFF884C002321B48D8
:10194000C3F89CCDC3F8A02D0A32C3F89C0DC3F890
:10195000A02D00BF00BF00BF00BF00BF0122C3F821
:10196000942DBFF34F8FBFF36F8FC3F8501FBFF39A
:101970004F8FBFF36F8FD3F8142D42F44032C3F86A
:10198000142D70473F0000102500080709001000C3
:10199000A0C6002021000207250008131600202001
:1019A00027000B13180000602F000B071A0000809F
:1019B0001300200014000020090000101700004050
:1019C0001900007030B5864B85B0DFF874E218223C
:1019D000844D0120C3F85CE28349C3F86052A5F549
:1019E0008055DFF860C2814CC3F864E2C3F86852E6
:1019F0002125C3F86CC2C3F870C2C3F874C2C3F81F
:101A000078C248F20C7CDA661A675A679A67DA6716
:101A1000C3F88020C3F88420C3F88820C1F82C03C1
:101A2000734AC1F83003C1F83403C1F83803C1F870
:101A30003C03C1F85003A1696E4B0A406E486F49E0
:101A400013436F4AA361D4F8843043F00C03C4F805
:101A500084304FF0FF34036843F0020303600368EF
:101A600003EA0C031A43674B026044608A68664CC1
:101A70001340664A43F000538360C36823F0780341
:101A8000C360036A23401A43604B0262026A224029
:101A90005F4C1343002243628462C46240F20564D7
:101AA000D1F8B83023F03F0343F00103C0F8B83059
:101AB000D1F8BC30574923F03F0343F00103C0F88D
:101AC000BC3002610567C0F880404567C0F88440BB
:101AD0000224036823F00203036081614E4B4F49E7
:101AE000C46143F8042B8B42FBD1434C236843F081
:101AF00001032360256815F00105FBD1454802224A
:101B000040F2F561A06140F29940E26140F2664224
:101B1000C4F8001242F20141C4F81022404AC4F84D
:101B20002002C4F8302240F23542C4F834123D4855
:101B3000C4F840223C4AC4F850022846C4F8542253
:101B400042F201223949C4F86012C4F86422FFF756
:101B50004BFE0246002839D0810201234FF4802039
:101B600021662549C4F8A050C4F8A400C4F8B030D8
:101B70004B69D807FCD515050124039228464C6112
:101B8000FFF732FE039A2A4B0244D2B21A7080B198
:101B9000194980024FF4802348660846C1F8A050D6
:101BA000C1F8A430C1F8B0404369DB07FCD501237C
:101BB000436120490024204801230094401A00EB8F
:101BC00002521E4800F0C0F905B030BD1B4B184949
:101BD00018600870D860C3E9010005B030BD00BFCF
:101BE00000801F40F910010000841F4000C00F401A
:101BF000FFFCFF1F0003008000402A4000802A40B5
:101C00001200FFFFFF37F70000FFF07C400000806C
:101C1000FF000F83F05AF05A00422A4000432A4046
:101C20009F041830EB06180A063201263806180AF7
:101C300059C6002000000070000000700CC3002096
:101C4000F9B00100F970010010B5174A4FF4805443
:101C50004FF4005E4FF4404C4FF4803043F24201A9
:101C6000136913F0020F0DD113F4005F0FD013F4BA
:101C7000805F0FD0002BF3DA13F4803F0CD15B06AA
:101C80000ED510BDC2F818C050619161E8E7C2F8E6
:101C900014E0E5E75461E3E74FF480339361DFE755
:101CA00040235361DCE700BF00800D40414A032020
:101CB0004149F3EE095AD2F880309FED406A23F093
:101CC00001039FED3F5ADFF814C100B5C2F8803020
:101CD000C2F89000D1F8E010DFF804E1CBB2394847
:101CE000CEF8003007EE903A0B0DC1F30B21F8EE61
:101CF000E77A06EE903A07EE101A334BB8EEC77A41
:101D0000CCF80010F8EEE66A304937EEC66A37EED6
:101D1000C55A76EEC76A77EEE57A26EE266AC3EDF7
:101D2000006A25EE265AD2F8803067EEA64AC0ED4A
:101D3000007AC6EE275A264885EE276AC4EEA76ABF
:101D400075EE875AFCEEE55A36EE076A15EE90CA34
:101D5000BCEEC66A43EA0C5376EE877AC2F880304E
:101D600016EE103AD2F890C1FCEEE77A01EA034190
:101D700041EA0C014FF0000C17EE903AC2F89011B6
:101D8000C3F30B03D2F890110B431249C2F8903100
:101D9000D2F8803043F00203C2F880300E4B80F856
:101DA00040C0C1F840314FF0E0230122C3F80821C0
:101DB00000BD00BF00810D4000441F400000AA424A
:101DC0000000B4422CC5002030C500200000FF0FE9
:101DD00000E400E00090002035EC010024C5002064
:101DE00028C50020314B40F6617210B5C3F82021A0
:101DF00040F2044400F09CF82D4A2E49D2F880307D
:101E00002D4843F00303C2F880302C4BC1F86041E9
:101E100002681A4203D1D1F8A8319A071BD0254A8B
:101E20004FF00041244B5963D2F8403143F0020394
:101E3000C2F84031D2F840319B07FBD44FF4003058
:101E40004FF0E0211C4B4FF00042C1F88C021920EA
:101E50009A6300F075F8184B0021164C4FF0804241
:101E60000A209A634FF420721960C4F8A80114483C
:101E700000F072F84FF4800203464FF4810040F204
:101E800043111860C4F858311A640E4B0E4AC4F856
:101E90004811C3F804224FF0E0224FF4003101232F
:101EA000C2F80C11C4F8403110BD00BF00800D40D5
:101EB00000C00F4000002E4000900D40001C1E008E
:101EC000000000200090002039EE010008B50E4B04
:101ED0001B6E9B0700D4FBBE72B60C4B00200C4A55
:101EE000C3F8400103F160430A49A3F55F2311647D
:101EF0009D46BFF34F8F4FF40013074A0748DB6935
:101F000002609B68984700BF00441F4000002E40BD
:101F100000C00A4003002000000012EB00802020D7
:101F2000F8B500BFF8BC08BC9E4670470000000032
:101F30005FF800F0A5F501005FF800F0A5160200BB
:101F40005FF800F035E201005FF800F01D000200CC
:101F50005FF800F0DDFE01005FF800F055140200AC
:101F60005FF800F039E801005FF800F021DF0100C0
:101F70004500000091370100FD7101000DCB01000B
:101F800085CB010051CF01005DD20100C5D2010017
:081F90005DD3010051DC0100EA
:101F9800FFD8FFE000104A464946000101020076DA
:101FA80000760000FFDB0043000302020202020386
:101FB80002020203030303040604040404040806DB
:101FC80006050609080A0A090809090A0C0F0C0A75
:101FD8000B0E0B09090D110D0E0F101011100A0C24
:101FE80012131210130F101010FFDB00430103032C
:101FF8000304030408040408100B090B1010101044
:1020080010101010101010101010101010101010C8
:1020180010101010101010101010101010101010B8
:102028001010101010101010101010101010FFC009
:10203800001108002F004F030111000211010311C4
:1020480001FFC400190001010003010000000000A5
:10205800000000000000070805060904FFC4003D51
:10206800100001030302040401080709000000002E
:10207800000102030405061107120008132122318A
:1020880041514209143261718191A1152352627242
:1020980082C11724254353738492B1FFC4001B01E6
:1020A8000001050101000000000000000000000020
:1020B8000500010204060703FFC4003211000103F2
:1020C80002040306050501010000000000010002EA
:1020D8000304110521314112516106718191B1F05A
:1020E800132223A1C1071452D1F132E1FFDA000C07
:1020F80003010002110311003F00EA257AB94BB62B
:1021080068B3EE1ADCC6E253E9B19C9729F59F0B38
:102118004D3692A528FD801E124B99779EB5556EB7
:102128009AECFE662FD7261A7BF25D81A7D6A3927A
:102138009C6E3C92C2BBC99484286E8CC1214E7F90
:10214800ACFABA79D89571153B6C8E6AD76DEF6C7D
:1021580057D570D76B354AB6A9571D44A1D55A969D
:10216800BA2A9DC1695D21E13394149D8DEDDB1D73
:10217800251E1EA1486D27B2AE3976D01A3685C401
:102188008DA9BACD2A5562FD94932A25295214F0B7
:10219800A5EF04EE5EE514A9F393B9C56769242792
:1021A800272A21F13C6E930A1694DDFF00C46BE3E5
:1021B800CBC55DA3C3E6AE3F20B3799F79A46B8FEF
:1021C800994BA58715FA1E854C8ED83E1EB95BCA59
:1021D800C7D64148FCB8C9C9DB2AA7BBE946D03AEB
:1021E800DC9FC2D3D3F65E9C8FAAF24F4B0FED6BE8
:1021F800D139C3B9697240B86D3A74D8C3B28C3753
:1022080056C3807B8DC5493F97DBC7BD3F6BEA2F1F
:1022180069A30474B83F7BAB527636091BF464207B
:10222800F5B11F6B2D6356B4B2D2E69A993AFDD038
:102238005BBE7D16FA88DF5A7D11D9CE4644DC0C88
:1022480000E3617B5B70E004BC8CA147017FB49D17
:10225800750E254F88B38A139EE0EA3DF3593C4B2F
:1022680008ABC21E1B50DF94E84660F8FE0E6833C8
:102278004AAE89FA9F6D54F948D6395320D79A92B5
:10228800E2ECDA95494B4C9A5D61BDDFDC5E528E1B
:10229800ED8E1DC9009F894919CB78BFD10C3966CD
:1022A8001602C3ADDF9715817268E3D5AADD2AF55A
:1022B800D3E7655C76E6C9AEB72074158A9D38E128
:1022C8004376027AE84907C4D2C0EC71C249746BFC
:1022D800974D5C8DADBA4541BF12A6C4E7D9F9B593
:1022E8004DA4793535AF0BA00F404E169FDD5A78B7
:1022F800905122C514F3C5714EAD526D3D02A154E3
:10230800930A5EA0D4BFC4A513DA25262E1D92F227
:10231800FD9230147DD2DAC7AF0C53B79A8DDDAF7A
:10232800D2AA6F5675F9FA5A116BDA0B62D7D3AA8B
:1023380034946E69C92DA098BBD07B2D2C37BA6315
:10234800C3E379D40390A238652E8967924D1B5B4D
:102358008CCCE652FB6573E63929E6ADC13017141B
:10236800FCB2A575EA0BCFD250515A527F6BA8AF79
:102378003DA780F8E62830AA4328FF00B3937BF9ED
:10238800F70D55AA4A7FDD4A19B6E97AE6BAA04B95
:1023980094FA8C89935D51796E3CCC479F492D679F
:1023A800AA77A1252769041C138C11E98E3993702B
:1023B800CC46B41A9F86E771677E7D735B485F0CD5
:1023C8000032E05B6F447D7054E9A9611255518A6F
:1023D800969F4EE696A79294AC7BA493DF8A6C8A6C
:1023E8004E22DE1371AE5A2351BDADB711011F55F0
:1023F800E54698DB8EC490D3C84AD6D9536B0A01F8
:10240800693852723D411823D38F70C730D9C2C87A
:10241800B53BDAF1769BAD728F735CD67DCD0AE45D
:10242800B3A5BF1EAD05CEA30B6525448F890A4809
:10243800FA4850C8524F6233C12A19658656BE0BF6
:10244800F10D2DEFCD5FA8A7A6AAA7745576E03A9F
:10245800DF2EE37D8DF43CD32F321A7749E62347EC
:10246800A0734BA6F08C1BAE8D1C2EB91A3643AE4A
:102478002239C3BDC772F4729DE8579A9B18F44677
:102488003A7515536B606CCDDF5E8775C4F17C358A
:10249800F84563E924CEDA1E60E87DEE81EE2D482A
:1024A800762DEFA71CD4D310DA674E9086AE569AD5
:1024B80001285D5616C6E59C2700264C475B731E0F
:1024C800A56BE2D7543ADB2A7B95279AD23E6475EE
:1024D8002B40A33E9FD05564A2E7B706E251D150E6
:1024E8004A8047BE597909FF008E7870A273174554
:1024F800FCDD5F6E49D50D56B89978AD56ED169B43
:10250800605288F34BF3F7489A53FBDD043EDFF340
:10251800F0C538469AC369541DBCB4D395EB786CA2
:102528009341830A14B0318556AA6A43F2DD563FB7
:10253800612B693DFB84B78FAB849C735D0EB86DCE
:102548009A5D9F6B51AC3B75BF9A53A8D4B4C288AF
:10255800123BA1213B02BB79ABC3B89F524F1CDF92
:10256800B6B31755450EC1B7F33FF88EE0CD01AEAF
:102578007F5F445D746A5CCA7B36AD9155B1EA02EF
:102588005BC5D8D024D2A6A131196DA8E953AA52A7
:1025980017E4AC050696405648EE939C9A8BB51402
:1025A80072C05FC2E01805F2195F2E6ADB30890B32
:1025B800DCF6BC67CF539FBBA34AAC16D1226CE7AD
:1025C800A132DBF2E43AFA86C49290A56E2927F884
:1025D8008A9440ED959F3F3E3158956B6BAA9D3488
:1025E800570D3FD5AFE2B57410FC18DAD76640B284
:1025F8009DF512E6A26984C16AD8D6BC54D46AEFA4
:102608002A73CD32856C2EBAADBBCA5272B756A1A9
:10261800E9E78F5EDC10A4A79712FAB3BC90321CCE
:10262800FBBB8235434F153B488DA1A353DFCCAD8F
:102638007EE5A16AFDAF74D15177568502BC9751EA
:1026480030D1A2BDD39D0E2A9BDE97DE0DE52D0568
:1026580077474D6BEA0246500281269D4ECC29866B
:1026680046E4EDB9E7E8BD61969F17BC4071C5B96E
:1026780023E5241D33D7BC65C8AB47E4F6AEBB32AF
:1026880005F7684D3D68ADBD12A08697E24E5E4BDA
:102698008DBA083E7B8348CF04BB33212C9233D0BC
:1026A800F9FF008B2BFA8B4ED0EA7A81A90E6F9531
:1026B80088F52A4CD45B459B3D5AC5A5CC0260DA07
:1026C800B73C2A94049F81A53CE45FCD994C03FE56
:1026D800D8F6E34EB9B84B3735F72ACAACF2E9AFAA
:1026E8008C1097E6590F5265AC7F98B8CCAD9CAB6F
:1026F800DCFEB87E03849B985A2D624A751353E911
:10270800105E216DDEFAC53653C3D14CB6FC58CDE8
:102718008FB025D747DE78492DDB9770DEA573F596
:102728005BBAA427ACCC3AA576ACDEEEF80DA9517D
:10273800D9FC02D18FB070B748E415DBA951D49504
:10274800C79207856D96F3F5839FEBC739EDB40EF5
:102758006D4453EC411E20DFF28EE0CF05AE675B7F
:10276800A88F5259A69BC2A454D5389332417F2DC5
:10277800D3FBF84EDEA6E940F9F975CB7DFE82520F
:10278800AEFC0FA1E2FDA3ED7D1BFCB9F77A03D5E2
:102798006B22BDDBEFF1E8B2155BA2DAA5B944B64E
:1027A800A756A1C6A9D4E205C186B584AE42108158
:1027B800BCB6029492123CF0B501DBB9C8244B694F
:1027C800E6903E56B496B4E67977E9E8AF3278E316
:1027D800788DCEB38E839A31BAEC2B42A977BB762B
:1027E800B8F49953931D9696CA9F0111DC47D15AA4
:1027F8000A085038008C9EC7B8E0A9ADF8304715D4
:10280800382DCB32773BDBA22B4324BF3B642D39D9
:10281800E56FE3C8DF75ACCDA553E9AA92E438C1EA
:102828000ECA70BB21D5294B75E59EE54B5A8952D6
:10283800C9F724F1033C939E290DD1DA701A0002DE
:10284800C1577F2795B1218A35E7783CD292CCF9D8
:1028580071A9B1D67E2E8A54B731F7BC91F71E36CE
:102868009D998888DF29DC81E5FEAE79FA8954D7FD
:10287800490530D5A0B8F8D80F4530EA855A2DD784
:10288800235FF53A238174EAB5CD4BA0D39DF85E5A
:10289800225A9D247BFEAA1057D8B1C6997391B2CB
:1028A800CA6B1C17A672DFCB7D0D84154C7E0D619B
:1028B800F4A71DCB654850FBB1C2486A51F697D6BC
:1028C800831A87A4150797E162EE549593EEBA939D
:1028D8000493F97093A5DF93D9F48E666BC241FD1A
:1028E8006BD46AA633E655F3B64ABFAF0826768B93
:1028F800A3B70D19BAED2DD82A5042CF89A59F85C7
:1029080063C8FD9E87EA3C0DC630C6E2B4AE80E4DB
:102918007507911EEC7A2F6A4A934B2878D37EE587
:1029280032DF166D2DBACB322B3418E2A34B71F57A
:10293800B2A5B601429E46C71581D97B91DB2A070D
:10294800B7971C86665450BDF4F2DDA771DDA787E2
:102958002216F69266CAC0E8CDC147572D369D2487
:10296800B66453E33BF374A92CEF652A0D85001474
:102978001208EC0800103D87B7118E47B6FC248B6F
:10298800A2D1B1AFB170BA3EACB0C466D4D4761B94
:1029980069032425B4048FC0716038B8DDC6E8BD6A
:1029A8003B43459A2CB0B6C69EDCFA9D74C7B4ADBD
:1029B8004845F9720E5C7140F4A3359C29E755F03F
:1029C800A07E24E00C920704E82965AC904510CF5E
:1029D800D3A956EAB11830BA7353506C07993C879B
:1029E8005FF4AA5F98AD46B7F951D08A7E8D581228
:1029F80054EDD35984A8507A6075D0870912272DD1
:102A080023B85A94A506C7AAD4319083C750A5A75E
:102A1800651C2D859A0F775C4712AF9715AB7D5CC7
:102A2800DAB8F90D87805226BD527FB30B16C5E57B
:102A3800E2100BAE4242AE5B99B6D5BB1579A84AF7
:102A4800188C7DD4D30129FE707D78F754C679AAF5
:102A5800328165C2BAB9A8D3CD1E5329914BD20B86
:102A6800092C554254148131C8E10B19F2CEE7996B
:102A7800FBC1F6E1F751D9454A62AD6EB7439AA852
:102A8800CA43D45ABBEB1E349C29B71874791F70FB
:102A9800788A9266E51EA126DCE6EE9D2111D662B3
:102AA800546A154A72CA549EC9792EA91919CF6554
:102AB80025BE1F74C745D5307233C494161EE4B4BE
:102AC80068575C6F9BD62185948C36F20ED71BFB1A
:102AD800143FF0E47D5C0EC430AA5C4DBC350DB9E2
:102AE8001A1D08EE3F8D15BA5AD9A8DDC511F0D8C0
:102AF800A20B8B9665CD714AA45DA96D0A3D912AFA
:102B08002EE23F992A19FC38CA4BD8BB1BC3365D45
:102B180047E41FC2D2D3F6A7807D58BC8FF6B0B069
:102B28003939852E425DB9AF579D602BC4CC08A1B9
:102B3800A5287F1ACAB1FF005E3DE9FB1ED69BCFD0
:102B48002DC7416FB9BFA2B12F6CDCD6DA08B3E646
:102B58004DFEC2DEABD3ABFA93A77C9BD84CC1B376
:102B68002CE4C8AE56C3829D1467125D6C0DCF4A23
:102B78007D4771423703804A8E7090919235549404
:102B88007050B3E1C0DB0FB9EF2B2B5D8854E272B4
:102B98007C4A97DCEDC8770D945BA6B57ADD56E5DF
:102BA800B979AFD5F4AEE3976ECA6514D84EA8626A
:102BB8007D71E4A8C4688070D4761292E63200DA97
:102BC800809C9C8367AAAA79058CD29A4D7EAB7F9C
:102BD80057F986D5188E54E1DA19B9E7A54E365754
:102BE80052A92DD08871C2413B50A90A41248DA910
:102BF8004378F61C248F255E720366D5E45B575E26
:102C0800B8DE2E2645C17FD59D716E9209E8B4E2E3
:102C1800B76307C214F29CF0FA2508E1C28BB92FFA
:102C2800FFD90000FFD8FFE000104A4649460001DE
:102C38000102007600760000FFDB00430003020279
:102C4800020202030202020303030304060404044B
:102C58000404080606050609080A0A090809090AF3
:102C68000C0F0C0A0B0E0B09090D110D0E0F10108D
:102C780011100A0C12131210130F101010FFDB00A2
:102C8800430103030304030408040408100B090B9D
:102C9800101010101010101010101010101010102C
:102CA800101010101010101010101010101010101C
:102CB800101010101010101010101010101010100C
:102CC8001010FFC0001108002F005003011100026E
:102CD8001101031101FFC4001B00000203000300DF
:102CE80000000000000000000000070805060901B8
:102CF8000304FFC40039100002010302040207059F
:102D08000803010000000001020304050607110082
:102D180008121321410914222331325115616271BD
:102D28008116244243529192A125337283FFC40035
:102D3800170101010101000000000000000000006F
:102D4800000000020103FFC4001C1101010002037E
:102D58000101000000000000000000000111310224
:102D680021514161FFDA000C030100021103110037
:102D78003F00D48BB5D2DF63B5D5DEAED5494D451E
:102D88004303D4D44CE7658E3452CCC7EE001E03FF
:102D980034B50359EB73CC92E5CC366B3D62E374E2
:102DA800952F6CC271B150F125C658CEFDC98291DC
:102DB800BC29B8794FF1332C60EDBED19FAE98C7CE
:102DC800418DFB35CC6D57B6CDF30BB55DD7502F84
:102DD8008C9574B4D2B164B6ABEDDA95E21E1DD20F
:102DE80036EDC5B6C8BD2C46E54719969B3E5CF93D
:102DF80071B4E96D95B982E663258A9AE4BFF23128
:102E0800C778AEE882DDBFB426A8676D9A63BEFBBB
:102E18001F94FD5BE1527D45E5F23CBA89E979E50D
:102E28003B0BAE96DB8F4D926632C2C54CD69A00EC
:102E380094E48FE992764EA1F7804714943623E9FB
:102E480097E582FB5C94791E3D9A6371BB01EB3573
:102E580014315444BF7B766467DBF253C0133527C3
:102E68004F74A79CDC35B52340F54A9A4BE431856D
:102E78008EB6DB5EE219C81E1055C40868DBC8317F
:102E880050C3CC11E1C65996CB82CBA579A5DAC738
:102E980070BF72A9CC7BD7535A2F937620A9AD90D7
:102EA800B4B65B97F26A11D8F8C4CDD3E20EDE202F
:102EB800FC0B6F13CABBEC47E9FD2E6B68BE661CA2
:102EC800A965979ADA1BA554EF2D86A12A9D3B1771
:102ED8008814987A181FFAEA23DD3E87AA33C27845
:102EE8005F4EDF269AC157AABA490D1E4333B64B27
:102EF8008ACBF645D44A7DE3141EEE46DFC77651E9
:102F0800B13FD48DC5CB94729840F3BB94DC6A7101
:102F18006C7B4531DAC5A7B9EA15C452D44BD5B094
:102F280082DF16CF3C8DF45F977FC21B8CE5E37878
:102F3800FA4CA6B858EEF5577D5BAAA156C1F4F92C
:102F480022B061F6C9C7BBADAB1B9803AFF10F0741
:102F5800A99BEA4853F3712A5F794DC0AC3496FCBB
:102F68009B9C3D77ADDEC38C77EBE09AAC757AC558
:102F780052FB52546C7E62AC42A0F391BC3E51C6E7
:102F8800F19F59CAFC231CC87337AD1CF4EAC25A16
:102F9800E8D6AA1B0AD438B163B1CDD14D4702EEA9
:102FA8004D45431210B8405A495FD9500EC428E223
:102FB800D00A6A1E995EB4F27A29AA2BADF78B352E
:102FC800D51A4B65EED7234B435C10F4C82372AA7D
:102FD8007A91B756460181DBC3620908AC3B0DC83C
:102FE80033CBF418E635442A2AE60CECCF22C51474
:102FF8001128DDE6964621638D1412CEC400078998
:10300800E02FBA79A95AD5CA1EABADE717B954D87B
:10301800AFB6C910555297EBA5B8539D982C801E92
:1030280089E17520AB02410C194FC0F01ACF9253B9
:10303800E0FE90BE5AA875D74EADF1D16736585EFE
:103048002AAA2520C8B3C43AA6A173F16077EB89F0
:103058008F932FF5102794CAB8DC16DCCF2CB966ED
:10306800184E23ABF0CCF1E5D85D5C360BBCFE22E4
:10307800493B5BC94152DE7D5D29244C4F9C4BF591
:10308800E26ABF0CBE916514D82F3676BBD5B368FB
:1030980031AD70B043768A25F08E3AD910BB28FB43
:1030A800C4C92AFF00F5E2A755974AB73779DBCF9D
:1030B800AB1A857B86727F64F1FA4C4EDDB1F92A32
:1030C800EBF779D97F1083BEBFDB8CA4D049AC78ED
:1030D800FD6D0C9A65CB85823FDEE8A869AAABE353
:1030E8005FE65DEE455DBABEA52368507D003C6590
:1030F800F1B3D5C7D2C97C8745F964D36E5DF13980
:103108007D5E8AED55FBD84F033C1448A4F57D7AC3
:10311800E6955CFDEBC7473BDB3C340751ECB8C098
:10312800B8E1F766A0B535F2AE8EA21BD54C26489D
:1031380043D3BF5AD15728F69E8266E9EE85D882D6
:10314800A8C7A8295E009F64CDF2ECD751F26D188C
:10315800D67C0637B25D4C9586D36C44861B1845E1
:10316800774ABA399E4EC52C03BC677A8D9C488332
:1031780062583F0176D3DC5310D39A1ADC3B1CB754
:10318800C37BB1DEA8C8BCCF75A66A77BADB657009
:10319800AB5B561434B4B4E4EDEA54911EFCF374FA
:1031A8004A7C02AF001AE63A5C0712B2D2E92D96C1
:1031B800F55D945C2CD5E6A282B6E10A45558EDB16
:1031C800DD49FB226746613C8AEDD4E012913290DA
:1031D800BB167550647D0BBAA370B16B7E4DA512FA
:1031E800D4B9B6E53656B847096F656AE9586CC070
:1031F8007D4C52480FFE47D38027EBF6194D85EBDF
:1032080066B060F4112C76DBD5A3EDE82251B2A4A8
:103218008AD1556E0796C7BEA3EE63C73BB749A7C9
:103228007D4DEA7A5E5C743F54E2245661196D4D17
:10323800ACCA3E3DAEF77D57F20136FD78DF90FA15
:10324800AFE7572FDBAD439A9E43D6B96EA9540713
:10325800FC5142F1431FE804EFC66C8BBE94471E35
:10326800A57A41EBEEB381241417CB8D5C60F8800E
:1032780094A8F1C3FD8AC7B7E5C6CEEB2F515EF41B
:10328800E16375D25AF4AB2F4463474F3DCEDB2B35
:10329800792C922C32203F988DFF00C78B43303019
:1032A8002C1725D4BCBADB83E2141EB775BA4A635F
:1032B80086327A554052CEEC7C95515998F9053CA6
:1032C800039960B7C964C4AD180D2562DC69ED3493
:1032D80091CA2AAED4849929DA5EA8AAAB936EEF74
:1032E800A8894FEE36C3BBD448448EA1485E039CE0
:1032F800935774FB473269B4FB3CB3642F79BA0423
:103308009AB2E52D534757667AA5024BA4CC88C6D6
:10331800A6E661626354F734CAC22424F5BF00AA42
:103328006B2E8F641A4D7E8E2AE98DC6CF741DFBD5
:1033380065D5576150840631CABB9ED54207512CCA
:103348002C7A918F8EE082419FF43E6395F77E6ED2
:10335800E3BCD3C4C69AC58EDC2A6A1C0F051204C6
:103368008541FCCC9FEB80687980BC5365DAF3AD6E
:10337800196D23ABDBF14C55ACED283BA9A8904562
:103388004A177FAF5C92FF0081E22ED734AD5540DB
:103398005B90BB0D111BCD72D4190530F33EE5943B
:1033A800EDFA83C67C6FD0EB16BD05CC74FEE33313
:1033B8007845984955213F8AAA9C93FD8706D18371
:1033C800927A80DCE15D9A73BC93C578DB7F896E65
:1033D800E751FF0040F1BC769E5A385CE572ED4D2E
:1033E800CCEE81DFF4D51A28AF002DC6C75127824D
:1033F800C55F0EE63DCF92B82D1B1F20E4F971681A
:1034080062972F58EE07A7993EA959F5EF3FB8E9FB
:10341800964169C7EA6CD6C64A09A6AD86E924AAC8
:10342800ADD31C637F044752775F664DD4FC0F0110
:1034380027A9BCD7DBAA719A4B6E0CF5B5B97BF7F7
:103448001AF1964D46942B5752C3A0D7474EACED70
:10345800EB8D16D17AC3BEEAA18C691B3B31018E74
:10346800299958739B053E98EAA57FABC74A19313D
:10347800CC92405E4B448C49EC4E46ED251BB12462
:103488008F16898974F0EA56099CD72B181E98BEA6
:1034980082D36494F96565555475770969E75A9B31
:1034A8006DA650E5C4542CBECC93B13EF6A1770569
:1034B800768D7700920FF72AB88A720DCAF5CF5326
:1034C800B36A44A7D52D5044FB2AD528F7D474AA4B
:1034D800A7B3DC53E2A075995C1F331A7C41E32D36
:1034E800C364CAB9A994D3E96681D9F0EBBCACD955
:1034F8008EA656AE557EEE1DE586893ABD56393CF8
:10350800C177679483E7C45D2E77452B76266BDFFA
:1035180096DE5EBB24CE84E617B887898D65733244
:10352800871E47B6AE3F51F5E37C8CF6961BB587F0
:1035380020B2A53B1A3292DB2F15241EEA1D8831D2
:1035480011F03F553C4A858E5AEAAED61E6DACF74F
:10355800C8E91BD5AB6F5534F2ECEBB84A90EA3C9E
:1035680037F22EA7F4E366D974D57E3A3995DE6F23
:103578007D1FDA47CD7C46FF0056CF8C66D045DAF2
:1035880082FF004508633281ECC75316E04CA3C89C
:10359800EE180F81DBC380CC1D51F4527359A75527
:1035A80013496CB658328B623111D6D05D6280B245
:1035B800F9168EA0C6CA7EE1BFE7C040601E8CBE69
:1035C8006DF502B160A5C32D36BA7DC092AABAF9CD
:1035D8004BDB8C7D4889DDCFE8A7807334F3916D90
:1035E80021E45EC14BAC9AC04EA5E791C9D364B73C
:1035F800450F6AD94D560750601FE72BF1EE3FC3C0
:103608006F6537D8F196E1B265038A54E4BADBA94D
:10361800F7AD72D6F57B85930FA75B9D45BA175E0C
:10362800997DE74D2D0C49BECB1B4847513E1B06E3
:103638002492788DF757AEA22ECB8DE65AF9AD3588
:10364800BA87A9D4FDBB3C1DDBDDDC4532376ADF18
:103658004CBD5EAD0A06DFE5558D7F3DCF9F0C64FE
:10366800D4335C96DA2F3A9BAA39D731D96D2C70AE
:103678004D50E2D169A60E1852C3B2928BB1F0092F
:1036880012C483EBBB715C7794F2EBA7FFD90000FF
:10369800FFD8FFE000104A464946000101010096A4
:1036A80000960000FFDB004300030202030202034E
:1036B80003030304030304050805050404050A07B6
:1036C8000706080C0A0C0C0B0A0B0B0D0E12100D3A
:1036D8000E110E0B0B1016101113141515150C0FD7
:1036E800171816141812141514FFDB0043010304ED
:1036F8000405040509050509140D0B0D141414140B
:103708001414141414141414141414141414141471
:103718001414141414141414141414141414141461
:103728001414141414141414141414141414FFC0BA
:1037380000110800300029030122000211010311C1
:1037480001FFC4001F000001050101010101010082
:103758000000000000000001020304050607080934
:103768000A0BFFC400B5100002010303020403059D
:103778000504040000017D01020300041105122163
:1037880031410613516107227114328191A1082336
:1037980042B1C11552D1F02433627282090A161758
:1037A80018191A25262728292A3435363738393A58
:1037B800434445464748494A535455565758595A19
:1037C800636465666768696A737475767778797A09
:1037D800838485868788898A929394959697989901
:1037E8009AA2A3A4A5A6A7A8A9AAB2B3B4B5B6B726
:1037F800B8B9BAC2C3C4C5C6C7C8C9CAD2D3D4D552
:10380800D6D7D8D9DAE1E2E3E4E5E6E7E8E9EAF190
:10381800F2F3F4F5F6F7F8F9FAFFC4001F01000314
:103828000101010101010101010000000000000186
:1038380002030405060708090A0BFFC400B51100B6
:1038480002010204040304070504040001027700CE
:103858000102031104052131061241510761711358
:1038680022328108144291A1B1C109233352F015C3
:103878006272D10A162434E125F11718191A26277D
:1038880028292A35363738393A434445464748497E
:103898004A535455565758595A6364656667686958
:1038A8006A737475767778797A828384858687884F
:1038B800898A92939495969798999AA2A3A4A5A673
:1038C800A7A8A9AAB2B3B4B5B6B7B8B9BAC2C3C49F
:1038D800C5C6C7C8C9CAD2D3D4D5D6D7D8D9DAE2CB
:1038E800E3E4E5E6E7E8E9EAF2F3F4F5F6F7F8F9F0
:1038F800FAFFDA000C03010002110311003F00FB7C
:10390800B6B2BC45E23D3BC35A7BDCEA37B1592627
:10391800D6D8643CB3004E147735AB5E69FB40588B
:10392800D95DF806696E2D9E7BA8E455B578D492CA
:103938008EC464F1DB028038ED3AFBE2978E7C237B
:103948002496CF0C56B339922BA6220B8957764072
:103958005C741C7535DA7C39F8A4FE22D4A3F0ED2A
:10396800F699796BAB59C1B6EA593E650E9804933E
:10397800D467DFD6AE7817E24787AFBC2364EDA8DB
:10398800DB58C96D02C73DBCEE10C6CAB823079301
:10399800DFA5711E13F11CFAA7C5AD475FD364B547
:1039A800B6F0FDE37D9659AF2411B4CB1A02590144
:1039B800EA781F81E6A4A3DCE8DC3D6B2BC3DE2696
:1039C800D37C516B35C69970B730C52B42CC0606EF
:1039D800E1D7FF00D75ABB47A551272FE3BF885A25
:1039E8006FC3EB3B7B8D416590DC49B123857E62DB
:1039F8003B9CF4E2BC9BE2A7C76B7D4ACADACFC204
:103A0800F77710CDE60965B909B3231C28FC4E7F6A
:103A18000A4F8F7E3CD33C491DB78734E5F3EFA1AD
:103A2800BBC4B2347808DD02A9FA9E6BD4BC0BF093
:103A3800CF46F07E8F0C2B670DC5DB2033DD4A8126
:103A480099DBBFD05494786695AFF813506975DF49
:103A580010C5757DA9B4091CBA7F960249280019BA
:103A68000303DF1939EE4D6F784FC2BA3788BC614E
:103A7800A6E94D6E0786BC99752B08D9C97B92C5F6
:103A8800558364E7E52A46071F2FBD6E7C78F86BDF
:103A9800A67FC23B3F8834FB68ECEF2D595A611270
:103AA800E1654240C91EA091F866B37C2B6BE1FF2B
:103AB8000089DA3DAC76124DA6F8C34ED3D628DE7F
:103AC80036648E329C061838C12467EB480D1F1ED9
:103AD800787746F87FE2FF000B6A1A6DB4F024D7B6
:103AE800589F4FB1247981470E107A74AF5EFED388
:103AF800FF00A672FF00DF35C57857E16CBA36BF04
:103B080065AF6A3ADDDEABAA470345289C8642CCFE
:103B18003F8723200AF41DC7FBC3F2AA11F3FF0055
:103B2800C7CF02E97E1D8EDFC47A762DAFA7BBCC46
:103B3800C8CFFEB1BA8603D88AF4DF02FC4ED17C26
:103B48005DA2C137DB21B5BC54026B699C2B2B0EDF
:103B58000E33D455CF1D7C3ED33E205A5BDBEA5E44
:103B68006279126F492238600FDE1F88AF28F8A5E6
:103B7800F01E2B3B3B6BAF0A594F34E5F64D6C1FDB
:103B880076171C30FC696AB61EE6A7C78F899A6F3C
:103B9800FC23B3681A6DCC77977744099E16DCB17D
:103BA800A020E09F52463F3AE93E0EFC3FD27C35CA
:103BB800A0D86AD6FF00BFD46F6D54CD701F2B8676
:103BC800C1C0FA703F0AC2F0EFECF1A1C9E1581781
:103BD800545B94D5A78D5E5915F69858F25547E968
:103BE8005EA9A0E8B6BE1DD1ED74DB2431DADBA6F0
:103BF800C452727F1FC69EB7BB0E9A17C514514C8C
:103C080093FFD900FFD8FFE000104A46494600015B
:103C18000102003B003B0000FFDB004300030202FF
:103C2800020202030202020303030304060404045B
:103C38000404080606050609080A0A090809090A03
:103C48000C0F0C0A0B0E0B09090D110D0E0F10109D
:103C580011100A0C12131210130F101010FFDB00B2
:103C6800430103030304030408040408100B090BAD
:103C7800101010101010101010101010101010103C
:103C8800101010101010101010101010101010102C
:103C9800101010101010101010101010101010101C
:103CA8001010FFC0001108003300CD0301110002FD
:103CB8001101031101FFC4001D00010100020301ED
:103CC80001010000000000000000000705060203D3
:103CD80008010409FFC4003A1000010303020403A9
:103CE80005050607000000000001020304000506A0
:103CF8000711122131415161810813227191141564
:103D080042529223323382C1F0172472A1B1B2F128
:103D1800FFC40017010101010100000000000000BC
:103D2800000000000000020103FFC4001C11010193
:103D38000003010101010000000000000000000173
:103D480011213151124102FFDA000C030100021166
:103D58000311003F00FE97A9494A4A94A0001B920C
:103D68004EC00A0905EF57F25CBAF32312D13B3B68
:103D78003737E32BDDCCBDCAE50629EE127F19FEE5
:103D8800C03599F158F5D69D00BB648049D4CD5013
:103D9800BFDE1F5F354786EFD9A324F825201E5EB6
:103DA80082B31E99F1CD5ECAFA6281C505FBF4376C
:103DB800C74799B8AB8C1F1E62B7E61F55D0F60BE4
:103DC800AD3A743EDB81E6EBCAA033CD568BD00505
:103DD800D524766DDF1F51EB4DC332B6FD37D59B29
:103DE8002EA08916D5C57AD17F81F0CEB4CB1C2FF1
:103DF8003447529DF6E24F9FD692E59661BCD6B005
:103E0800A05028140A05061F2CCBAC184591FC833A
:103E180024B82224360753CD4B5764A53D54A3D864
:103E28000A70EA531EF1AD7AC3FE6B1C29C13187B3
:103E38007F852DF6FDE4F948FCC94FE107D3E66A12
:103E48007755A8FD69F65FC3A71F7F9564D935F636
:103E58004AB9ADD933CA413E400E5F5A7C9F4F8A5A
:103E6800F664C6EDA7ED18666393E3F293CD0B6293
:103E7800695A01F349DB7FAD30CFA7E57B2FD5ED3C
:103E88001E585EA0C7465D8C25412BBC416B8254F1
:103E980064FE675BEE3FBE2A6E75BABC57AC17FB73
:103EA8003E51698F7DB0CF6A641949E369D6CEE087
:103EB800F91F023B83CC552590A05028140A05020F
:103EC800823DABD7BBCE619340D12C4662E33D71B6
:103ED8006FED57C98D9E71617E507B157F503BD623
:103EE8005DE9535B52F15C56C78658E363D8F41416
:103EF8004587153B25291CD67BA947BA8F735BC418
:103F0800DDB2D40A0504BF58F4E255DDA6B3FC2897
:103F1800FD8F2FB08F7F19E686C65B69E6A657F935
:103F2800B71BEDBFCBA1ACB3F5B2FE368D35CE6174
:103F3800EA261D03278880D2DF496E4B3DD97D3C98
:103F4800968FAF4F22292E4B30DA2B585028140A5F
:103F58000E2EBAD30D2DF79C4A1B6D256B528EC1C0
:103F68002903724D043310B62F5E7347F513246D81
:103F78004E6276390A8D6080E0FD9C87127E290B9F
:103F88004F7E7FD0763BCCDED575A5D40000006C83
:103F9800072005524A0507171B6DE6D6CBCDA56D40
:103FA800AD252A4A86E140F504771410B95155EC3D
:103FB800FDA871665B8A918265B2431223EFBA2D20
:103FC800B315FBAB4F824FFC6FE02A78AEC5DBAF71
:103FD800306A925028140A05028235ECF89191DC77
:103FE800B34D4D9438DFBD5DD715851E7C3199DB07
:103FF8008523CB98FD22A67AABE2CB54928140A0D0
:104008005046F4A9B18A6B0E7F81B3F0427D4CDE35
:10401800E2363A23DE01C600F9A87D2B26AB6EE214
:10402800C95AC28140A0504DBDA22FF22C1A4D781A
:10403800542594C9B8FBBB73441E7BBCA093B7F24C
:10404800F1565E3675B76118E45C4B11B463911094
:104058001288111B68EC3AAF6DD47E65449F5AD81C
:10406800CEB3740A0502834DD62C619CBB4D2FF646
:10407800871B0A70435C860F74BAD8E3491EA9DB14
:10408800D6B2F1B354D1CC8DDCAF4C71DBDC859565
:10409800BEEC24B6F28F52E37BA147D4A77F5A4ED9
:1040A80017ADCAB585028140A06C4F41418BC7311D
:1040B8008B0E236D167C6ED8D40861C53A196C92A4
:1040C80038D5CD4799279D387594A05028140A08EB
:1040D800ECC22CBED4705F7BE16EFF008DAD86CF45
:1040E8006538D2C923E7B26A7F55F8B15524A05084
:1040F800281411CF68F22E51F0BC4DA3C4FDDF2463
:104108008DB2075286F7E23E9C42B2B62C7CBB5673
:10411800B0A05028141D52E389711F8AAE8F34A6AF
:10412800CFF3023FAD049FD97E47069ABB627794CE
:104138008B2DD66427907AA485F10FFB567F3C57C8
:10414800F5D576B525028140A0F35E476DC9B3FD6C
:104158005ACCD161BB4F6E2D9D50E270B32169409E
:104168005FBB5716C01DB7DC1DEA7B55C8F4A552C6
:104178004A05028140A094EBFE3D7555A2D5A8984A
:10418800DB25CBBE1B2C4F4A1239BB1F97BD47D02E
:1041980003F206B2FAD9E37EC4729B4E6B8EC1C994
:1041A800AC8F8722CE682C73E6857E242BC083B81B
:1041B8003F2AD972CBA6628140A0F8A525292A52A8
:1041C80080006E493B00282278B3FF00E2E6B5483C
:1041D800CD98DDCC6F0B6D702DAEFE091315FC4725
:1041E80013E200279F926A7B55C8B6D524A05028B1
:1041F800140A088B3253A3FADD31A9C7DCE35A80CD
:1042080043CCBC79371EE09EA927B716E7F50F0AFD
:104218009E55762DD54928140A0D6B51739B669DC2
:10422800E253726B92D24B28298CCEFF0013EF9188
:10423800F0200EFB9EBE40D65B86C996B9A0B88515
:10424800CB17C31574BFA4FDF791C95DD6E1C43E71
:1042580024A9CE6941F927B7624D216A915AC281D2
:1042680040A050283E29295A4A5490A4A86C411BC2
:10427800822822375C5730D12BECBCAF4DEDCE5E97
:104288003159EE17EE76041FDA465777638F0F2100
:10429800F2D88D889E2BBD6F9856B06019E329FB24
:1042A8009AFCC372FA39065283321B577050AEBE5D
:1042B8009B8AD972CB2C6E6398DC7315AC61F23C87
:1042C800C715C4A22A6E497F856F69037FDB3C024C
:1042D8008F904F527C80A64EA4374CB331D7C71766
:1042E8008D69F469764C416AE0B85FA43650E4A65B
:1042F800FBB6C24F3D8FFEEDD0CF78AC63AB062B3B
:104308008BD9B0CB0C4C6EC11047850D1C084F5291
:10431800A3DD4A3DD44F326AB89EB2D40A05028161
:1043280040A0D7F3AC1EC7A858E48C6EFCC9532F25
:104338007C4DBA9E4E30E8FDD7107B11FEFCC5655A
:104348009925C25D67D46CB3469E6B12D608D226F7
:1043580059D04356FC963B65C429BFC297C0E614A2
:10436800077EBF3EB599C7558CF15FB1E4D8F64DCD
:10437800153371FBDC2B832B1B8547792BFA81CCFA
:104388007AD5259251091C4A3B01DCF2A0D0F37D75
:104398006CC0707498F26EC8B8DCD5F0B36EB79084
:1043A800FBEE2FB2764F24FAD65B86C996A78BE030
:1043B800D976A6E4B1751756618850A02BDE5971DD
:1043C800EDF70C9ECEBDE2AE8763CFC76036ACC6B4
:1043D8007ADCE38B45524A05028140A05028141329
:1043E8005D59D30C02F966957DB962D0D7716D25F8
:1043F8004253614D384F8952082AF5DEB2C8D96B4D
:10440800C6175BD5F2D97372DD6FBF5D188C95F056
:10441800869135DE1DBF5545748F46680E9960B983
:10442800143FBF720C799B9CE46CA4B931C71E1B66
:10443800FF00A54A293F4AA9116BD14CB2CC76900E
:10444800C47690D34D8E142109094A478003A5529A
:104458005CE8140A05028140A050754B89127C77EC
:1044680021CE8CD4861D1C2B69D405A143C083C8DA
:10447800D0798FDA0B4EB0CC3B6BAE2B654DA64B8B
:1044880080A94B88FBAD0DFC9215C23D054D8A9560
:104498000DC72E776BFDD9AB75E2F57397194A09ED
:1044A8002D3935D208FD553155ED9D35D34C0F15B5
:1044B800B5C6B9D8718851A63A805524A4B8EEFE7D
:1044C8004B592A1E86AE445B96F55AC283FFD90023
:1044D800FFD8FFE000104A46494600010102007675
:1044E80000760000FFDB0043000302020202020321
:1044F8000202020303030304060404040404080676
:1045080006050609080A0A090809090A0C0F0C0A0F
:104518000B0E0B09090D110D0E0F101011100A0CBE
:1045280012131210130F101010FFDB0043010303C6
:104538000304030408040408100B090B10101010DE
:104548001010101010101010101010101010101063
:104558001010101010101010101010101010101053
:104568001010101010101010101010101010FFC0A4
:10457800001108002F00500301110002110103115E
:1045880001FFC4001A00000301010101000000003E
:1045980000000000000006070805090304FFC40026
:1045A8003B10000103030203070105040B00000090
:1045B8000000010203040506110007081221131464
:1045C800223141517161091523428132526291169B
:1045D80024334344828392A1A2C1FFC4001B01007B
:1045E80002020301000000000000000000000001BA
:1045F80002000305060704FFC40033110001020589
:104608000204030606030000000000000100020384
:10461800041121310541061251613271811323249D
:10462800C1D1E1144291A1B1F05262F1FFDA000C5C
:1046380003010002110311003F00EA2D72B54CB7C7
:1046480068F3ABD5998DC4814D8EE4B94FB8709697
:104658009A424A94A3F001D451731EFCDE6A8DEF8E
:104668005DA8F1277E3928D0D329DA6D856AB92962
:10467800C6999AB60E4BD210850CC667295BA7FB64
:10468800C74A5A1E149D564D6EAC02964BAAF5DFCA
:10469800785BF5C5DE777D5E755F72EB8B44D65A25
:1046A80092A52C5183982CBCB63F64CA50292CB1D2
:1046B8008E565250A292A29480510A86DA6DBBB1EE
:1046C800F871870F77788FA9CCAB5FD52067D26D4B
:1046D800B2F2A4488654721F792A560BE49C95B806
:1046E8007083D0732F241B36E564F4DD1E6B577F6F
:1046F8002C0146EE4D80FA9ECB66E3E3F2FC97254B
:104708007FD14B328D4E8DCC790CE75C92F63D33E0
:10471800CA529CFD06A1795BA4BF03CB35BF11101B
:1047280093DADF55E341E3F371A23E9371DA141A89
:104738008C6C82AEEAA763398F5C12549CFCE80744
:104748009DD3C7E07947B7DCC4703DE847C8ADCB17
:10475800DE89B67C66539EAC6DADD33ACFDCB88C9F
:1047680073F71932DC61335081D10EA50AE5713E29
:1047780081D6FC49E9CC08E9A6B3969BAA68535AA6
:1047880041E68A399870E18FB1F3487DAABC27D2F7
:10479800A6D7B84DE23D5508546AE4911989150722
:1047A8004ADEB7AAD9FC09085A8FF62B5149E60701
:1047B80097A820F2A95A03A1586229759DB7D4FB7E
:1047C800D61562F1E132EDABCEA7D664C975DA032E
:1047D800C898E35DD6BF1D054D25B585021996C855
:1047E80028F3C654DABCF507450F5570F05DBCB226
:1047F800F7736822B3703EE2AE4B59CFB9AAE1EC29
:10480800F6AB5207E13ABCF5CA903073D79D0BD38B
:1048180034D6C91C2886B8E2B8EA557A25ADB096D0
:10482800ED4530EA1B8B53ECA73E4F48B4B8FF0068
:104838008B21E5FF000009E63F4411EBA8E3B22D08
:104848001BA8E1CAD50EAF36B1BDEF52DB365D8489
:1048580023DB56151A4A029995290098885A3F323F
:104868005039E6BFE7CEB52504F5D2A6A6C111F0AA
:10487800F36DB56BDBB5BE2D77259555E5459AE407
:104888007B6189CAE6FBCAB4E295CF31CCF55250B8
:10489800A2A20FEF0511D529D4C5CAC9E91A69D54D
:1048A80066DB2C3C3971E8067D50D44A94CDC4DCD3
:1048B8007833AF8AAC898ED7AAF15AA8CB52F0B216
:1048C800DB8F210AE53E4901270900612001A4C9BF
:1048D8005D7DD0DBA7C9B992C000D69A0F2069E6E2
:1048E8009DD2F8528F35FDC19702A0D51A9745B8C9
:1048F80098A651E6D5652832230C2A42FC20A9E562
:1049080002B4B694F4CAB3D7234DC995AD33899C84
:10491800CFC3078E773985CE0D17AFE51D86E4DE48
:10492800C943BA5B6150DB7AC96DC75A7A9539F7C2
:10493800FEE791DF1879E9B11B2009250D28F2A1BE
:1049480044E01F7C8F3074A410B3DA66A0CD421DFA
:1049580040A385398508A13B5C0C7F6C84A9954AE6
:104968009512A316B1479CF429D09D0FC790C2F9A0
:104978005C65C1E4A49F7F4FA8E87A1D0C2C84587D
:104988004C8CC30E2B6A08A11D7B2A7B712CB81C8A
:1049980066EC40DC6A453986F736CF6951A5A184B3
:1049A80001DFD284F3A983EB87124B8DFEEAF29FD5
:1049B80023AB69CC171DD774A3A44D984DF03AEDDD
:1049C8003DBED8EEA67BD2EEAADE563D9BBD90E555
:1049D800388BC2CE971EDCACCA1D1D75C6076F4A40
:1049E80098BF5E72842DA513D4A9BEA72742B5BA75
:1049F800C3529654C6CF5D30EC6E2FE15569213114
:104A0800AD7DF6B7D9AE466927C0D4D71BED549F04
:104A180090F21F1FEA634458A045907F1717E38E52
:104A2800EEA6EB5CACBAA2AB5A8302C3A514ABAA40
:104A380024D472F4C527D95DDC293F0B3A072A0C28
:104A4800255EF25B33A255B6D7867B751FD6E8F094
:104A580022098D84E39EB955525C794B1EBD9A1488
:104A6800DA07A84A750A22F54FAE32A97036FE89D0
:104A7800B69B4140416A936FD29D75B4818E75A4EF
:104A8800A5AED0FF00113CEA3F551D07DACBA0F0D8
:104A98003416F2468E72481F3531B4F3915C44A641
:104AA8009650B6141D42879A5493CC0FC823498553
:104AB800BF72F30E5EB6F43956BDB02BB51B8A87AC
:104AC8006D2EAC24D61EB7E05E0FC28CA9027B7295
:104AD8001E94A75E5B0EADC117012E9096948FCCE5
:104AE800B392A39D5A3A2E6F32214382F8E1B467FC
:104AF8003BA18269CA406802A00E6C8A920F4443A7
:104B080079592DDED55BA29959D96B39EAD4781F2A
:104B18007AC582B71C44B9ACB815E26E5360250E4D
:104B280087414AD2138E720E4F367448AAF24A4E03
:104B3800991642890A61FC84D09B5011D5A76A62F4
:104B4800F8DB6502F2A93E1502143A2811820FA873
:104B580023DF3AA5753A01854FF00D5E930F726B0E
:104B6800B6E85931EA548EF253E9DA30E800FCE14C
:104B7800C234EC375A5F1BC06BE4E1C6A5C3A9E891
:104B880047D928B7DACC8B64EF46F76DFC06435457
:104B9800CAB5145CB15903096DC69E6A50200F62EC
:104BA800E4A03D82B1A245E8B9A0C557D2E571C8D5
:104BB8005B03B03BA6CA712EC7BBE4D216E63CD94C
:104BC800123B64A4FE808FD753A143721615C928DF
:104BD8006E0EE0C182B3CCD5F1BC331F7067F69975
:104BE8006DE623363E0216753251A50237D9542791
:104BF800733ED06AA57A51EDD9855DAD549255D4EE
:104C080072C50A8ECFF2CA08F81A22E54384DCFB83
:104C1800412DB95DF2D0BB508263F672696EA80E61
:104C28008959297100FC80AFE5A113AADFF81A6140
:104C3800BCB1A5CE6CEF91FD147AE27990A4820103
:104C4800524804EAB5D001DD5BB6DC099363DB5C4E
:104C5800435955C6D51DDB4635AF363A59CB905F1B
:104C68006B952A3CD9F0F893CBD474CA4FA8D59940
:104C7800B85CDE65E18E8BA44C36E2217B4FF903EC
:104C8800FDAFEA8DF6DEB759AD6E35B51E5B4FBC8C
:104C9800BA7522A6A72638A24AE2AD6CA5B4289E0A
:104CA800A70EA55827D88F31A6172B19A8C2870693
:104CB8004E2B9A45DCDB0D9D7A9A7959433BB94FC7
:104CC8006295BAB78D3A3279598F5E9C86C63C9206
:104CD8005E5280FF00B6AA228574CD2E2189230555
:104CE800EEC96B7F84F8E012DB932EFDB86EAECD73
:104CF8005DDA9B4B4C30AC742EBCE0563FDADE7468
:104D0800D0C5D6B1C6F30D6CAC3815B935F41FF55E
:104D18002FB7FAAF1EEBDFBDF7BC222D2B816959E7
:104D2800AAA11781F0F7A7571E3253F53DA2DE1F3F
:104D3800E43A272B9AE0008665324F0256CC1E5F74
:104D4800C7A86E43BDD87A9F094F4FD74364DF99F0
:104D580001EDC5652DDF5B473E42FC0D5E064B84C9
:104D6800FBAEA51C93A81429B7C073E0F15F58EDFA
:104D7800C8ED5FA7D6B973D4F3F7A4157FEE98658D
:104D88002BB0BA03BBFB6749DD9B0AA5665517D84C
:104D980099290E4591CB931A423AB6E81F43D08F12
:104DA80054950F5D31150BDDA56A1134B9B6CCC326
:104DB800DB23A8DC2E5EDEB655CBB7D72CCB52ED65
:104DC800A6AE154612B0A49FD8711F95D6D5E4A6F5
:104DD800D43A850F838208D504105768939C833F83
:104DE80005B312EEAB4FEDD88D885ABB75BB57BED5
:104DF800D6CA7DDB5AA6130E60299D4E949ED61CFA
:104E0800B4E30438D9F5C74E61850F8E9A2090A86F
:104E18009FD2E5B526B4466D48C11670F23D3B6198
:104E280054762F1B5B5D1234BAA5C3B7F368D5C798
:104E380098690F1A6B497D9961A490DA12A252A45D
:104E480025393849181927CF560882975A54EF0838
:104E58004EBDCD870A3073013E2B115C9C5C9ECA07
:104E680052799B9B76770E5AA8947766562E6A9B42
:104E7800F29B88CF88853AE15904F4012907AA8E64
:104E8800000093AAFC46CB796983A5C9B444751878
:104E9800C68BF90FE4F4CAAFEEAB92DBE07787A4D8
:104EA800D39A9B1665E7570E2A3247F8AA82D20290
:104EB800DEC79F60C8C753E6120742BD59E00B9092
:104EC8006B1A9BF589B318F8459A3A01F5C951EE62
:104ED800E2C57B6BB6068B6956DD5AAEEDCE9E9B5E
:104EE800C6BDDA9CBCCD3DBE6EE8873D799C716A33
:104EF8007483EA7E874A45A8B182E53529369B93B3
:104F08006470C3C3E98E93250A37AD75A073C8874B
:104F180056A7D217EC791247EBA6E8103B952AB9A9
:104F28002645122D1A5A472BD46ABC950EB9C29B36
:104F380071A747FCA34A9939385EB845B9C6251EFA
:104F48005B61418A956AA501413FB9283AA467E1A6
:104F58005C9A23281C2EAFE39860EAC55A0DDCBD85
:104F6800A1B0B762949A5DE9436E5F639EEF25072F
:104F7800B391189F56DC1D47C7507D41D02015902E
:104F8800D3F559AD2E27B4967D3A8D8F985325C306
:104F9800F67DAD5254E5A1B929430A3E06AA7079B7
:104FA8009691EDCEDA867E48D27B35B94BF1C55B5A
:104FB800EFE0D4F634FD885E740FB3DE6F794AAE45
:104FC8008DCA6047072A6E9B4F216AFA0538A207E7
:104FD800F2D4F67D5347E3A672FC3C135FF63F41DB
:104FE800F34C4BC276CB7041B78BB829B6DC893508
:104FF8003A9ABB94524972654A4005410E3E461B97
:105008006C6327C87B0274D66DC2D3F52D5E6F57CB
:1050180075661D6E82C07A28A2D9B9E76FB6E6D741
:10502800B7DB7C64AA7DB764466EAD51A7C707910C
:1050380048ED7921D3986FF2A16F1485A8F4C025A3
:1050480047C5D1726A563CD85164D19BADF115BDA4
:10505800750BFF00735659A330876E0AFA9A2142DE
:105068002D2222428C66119E63E10965200FCEA590
:105078001C75D0C95301549C113150DE2DD8BFF88E
:1050880098B8986DA53EE0A35262A4822232529548
:105098007669F608692CB63DCF39F5D337354AEB32
:1050A800597FFFD9FFD8FFE000104A464946000162
:1050B8000102007600760000FFDB004300030202D5
:1050C80002020203020202030303030406040404A7
:1050D8000404080606050609080A0A090809090A4F
:1050E8000C0F0C0A0B0E0B09090D110D0E0F1010E9
:1050F80011100A0C12131210130F101010FFDB00FE
:10510800430103030304030408040408100B090BF8
:105118001010101010101010101010101010101087
:105128001010101010101010101010101010101077
:105138001010101010101010101010101010101067
:105148001010FFC0001108003000500301110002C8
:105158001101031101FFC4001B000002020301003A
:105168000000000000000000000007080609020314
:105178000504FFC4003810000103030204030506F8
:1051880006030100000000010203040506110007E0
:105198000812132131415109223261621416237118
:1051A80081A115334243829118245292FFC40017FB
:1051B80001010101010000000000000000000000E2
:1051C8000001000203FFC4001E11010100020203D6
:1051D800010100000000000000000001021121315F
:1051E8001241513261FFDA000C0301000211031170
:1051F800003F00B48AAD520512992EB3559488D059
:10520800A0B0B9321E59C25B6D092A528FC8007509
:105218002568DFFBC932FDB96A7C445ECF4BFBB918
:105228000E4AE9964DB9D75B68A8BAD9CF51D09242
:1052380032CA3216E9FEA5292D838CE31BDF2E9294
:105248006B80C2BB79DDF49AD9BEAEFAA4AAA6E0F7
:1052580057149991587495269885805A756DF875E4
:1052680048C749AC6109E55119291A08F1B6D6D5DC
:1052780081C334089BC3C4BD6E6D56FAA98FB7D2DB
:105288006D94BA5F92C73770FBC9271D427BE564EE
:1052980004FCD5E0CE39ACDE788D3757B4D77065CD
:1052A800CA5A6CCB02874E8A14790CF71D92E91FF3
:1052B8003E52848FF475792F1616BFB4D771A1CAE0
:1052C80040BBEC2A0D4A2F30E7FB12DD8AE81F228B
:1052D800A2B4FEDABC97888374C6DA7E37A8AFDC3E
:1052E8001B4976CDB5B7220C7E75D3E448530A9294
:1052F800948F81C4A55CAB4F90751923B730C76DE7
:105308003FAE9738825B4D79D4A14AAF709FC44AAB
:10531800E6C5A656DF2C44933D654ED16ABFD975C4
:105328002A51FE5A95CBDC1C7707C14AD665F54D44
:10533800FB1CDDBC8D7A42A8DE3C2ADD1559D02B3A
:105348002B7DD934075125682C5663A494212A074C
:10535800F9721A053E8496CEA9F15FA78F839DE066
:1053680091BB5B411135C796AB8ADA5FF08AB0739F
:10537800F98A5A07E1B8AF3CA918CFD4956B72EEF9
:105388003194D54778DEBAAA4FDA76FECBDB92C3E2
:10539800155DC3A8A61BCE7363A301A214FAD5E8B2
:1053A8009F873F48568CBE1C7E9317E7D06B33AA65
:1053B800FBA9221257626DCB6D50AD3A6BC3F0E773
:1053C800CCEFD04A93FD5921729EF5CF29F886B3C8
:1053D800FD69EED97A73169DB1707171B9AC0AB4D2
:1053E8008873151ADA8B2FB8A8D65CC9EB2879A16F
:1053F800AEEAFCC1C7C3AA7D57E01572DCB746E127
:10540800DD12AE1B86749AAD66AD2399C715952D2E
:10541800C5A8E02520780F00123B018034764D9E08
:10542800C070896E375D8EEDF3782A3DF56FAA0559
:105438007DFB6D11B9DB6622DC494A5F52872A94ED
:10544800AF3093EEE4673AD4C59B530DF4E0297767
:105458006B171EE4EDF56D6BAF4C9F2268A3A99402
:10546800371D4D8511D2688F85581DB3D89F4D378C
:10547800113223547AC5D1B7D743356A4CA9747A07
:10548800E51A4E50B4E50EB0F20E0823F304107B73
:105498001EE0EB0D9E0BFAD7A471ADC3DC7DE3B61D
:1054A800A9ECC6DC6B5D9547A8B2C000CA2D0E6595
:1054B800B24789E649EA37E8494EB5FA8CFE6E8B61
:1054C8009DEB78D46EBB5ACADF186FA91765AB2D50
:1054D8009A1569F1D96EBD1C7520C957D4A6D0B4E8
:1054E80028F9967E7A3FA7F8667666E289B7FC5B6C
:1054F800B6E52F0C5B1BD74166BB0DB4F66D129C4D
:105508004174A479643A97D3FE635A9C517988AF61
:105518001777DADDDDABFEB6CBE4FDCFB762DAF4A0
:10552800EC1F8265432A7943EA0C17C7E8345ED436
:10553800E81EDE2A0CCA631B63C3A505BCCD8F0A0F
:105548003CFA8369FEED5EA452A3CDF34365940F44
:10555800419D17E19F444E3DA9D176EA89B5FB29C3
:1055680043F729740A3B9294076EABCA506CB87E15
:1055780064A1C57F99D397031E790FB85EDADBCA99
:10558800E38B736E3597426AA95BB798446A0B0F31
:105598002D0841A83A40EB02B21254CB654B009F4C
:1055A8008B97D3449ECDBE961BB4FB5D1765767D65
:1055B800AA4D72B265D4D2D99D5AAACB779897963C
:1055C800B0E3BEFABB86D273819C7627C49D6E4D2C
:1055D800316EE8896ACD8352A1B152A64D6664390D
:1055E8006A5BEC48655CC875B52894A92478820E76
:1055F80090AF7F68A6D1532DEBBE0EE9DB91D28622
:105608002B8A312AA96D38426625394AFD32B4837E
:105618009F9A7E7AC653DB78DF4F6FB31EE7951AE1
:10562800F9BBACE53AA316752DBA80467B075974C9
:10563800233FAA5DFD86AC56416711312D1DA9DEB9
:105648002DDDDB69B5BA6D2E0D6A2B558A7477E4AA
:1056580021BFC7EAB521094027C795C7D007A1C60A
:10566800AB0CA96395F5C4D8BE1F376D85FF00D96B
:10567800B4AE5934771E49F16448EAA067D3952A35
:105688001FAE8F4BDA357FD47EFDEE1C98CB573A90
:105698006EFDD27D0AFA9A614D32DFE80485EAAAE6
:1056A80026BB5CCB7B99ED089B52780723D3AB953F
:1056B800094807B8088885B6CFFA286FFD699D8B19
:1056C800C449FDA7B6BCB4576CABCD0D1315E89211
:1056D800298E2C0EC9710B0E241FCC2D5FFC9D59F1
:1056E8002C44FE01A810691B0316BAE4742D9AC550
:1056F8004E599D919C72AC21B5FE9CB8FD74E3D0C7
:10570800CBB17388A8F1697B117CCA555DF623FF7C
:105718000003949095B81682548212073027B92056
:1057280078F9E9BD09DB93C2736ED57874B14A2A5A
:10573800C3ECC8A5A1A52238C2B992A505254AF18E
:10574800041EC718D53A57B2D7C4AD4605C94EDFAF
:10575800CA1A054C22D59D40763A1FA817A336B31E
:10576800EEA8B2C9480D13939209CEB37DB53D009A
:10577800DC35710DB6FC2F3B75EE96E0CF783EED2B
:1057880028D2A8B4F8ACF55F9B2D6A0B384E4008B8
:10579800486D3CCA2401CC3C4903562B228B6FEF41
:1057A80026DBD76A5765E1BDB42A9DDB745CF12618
:1057B800AD735F6D0F74E73CA1D35A4A960A128401
:1057C800E718EE3000181DB576CCD095B3DC48DB71
:1057D800B23627FE36D41E9E2426F76AAD6DBAF37C
:1057E80040A1115C694DAD95AC2B215D4292918C25
:1057F8007BC7BF968B3832F22F5A35806F6DBB9EB0
:10580800FABB26F17252C9F554A8E49FDB596E8B96
:10581800BC11480F717D5979F3F88F315750CFFE7D
:105828008BA09FDB3A71ED9CBA3CDC426CE53B7C7B
:10583800F6C2A763CA710C4C5012A9B2543218961A
:105848008079147E9392957C9475AB36CCBA22DB22
:105858006BC56DF7C2A5AB51D8FBA36C9A9353A443
:10586800CD78B6654853411D4392149093CE927BF0
:10587800A540E083ACCBAE1AB37C855BBBC536ECE8
:105888006F25305BB5FA9B10684973A82990505072
:10589800D120E53CEA24A960790271F2D16ECC925C
:1058A80030D99E28F76F6363AA996855D87E90E32C
:1058B800A5E5D36735D56798F894F70A413E783A55
:1058C800A5B1592A737571013B7D61562C5B1F6622
:1058D800A342BC371A6434D6664396E3C66160FEB9
:1058E80018436AECDF86547380324FAEADED6B45DA
:1058F800B3DA43B34C6C55C9B6B6475D2FCF5DAC30
:10590800A9F537927DD725B929D0BE5FA5212840B2
:10591800F50907CF5B93518B775BB81EE1BB86BD5A
:10592800EDDA6DDBBB779EEDAA536AF65C0335842E
:10593800C57FA488513A4A57DACA794F57F1072FD9
:1059480027C876F7810827719D5C798D3D19D52583
:105958006D3A9536B4F620839047A1D48FD4AB5EC8
:10596800F5A2A69EF7DD5ACA1EA555E42C0305D05C
:1059780047296940FC3EA93AE4EA2F70C4DDC96DA5
:1059880071714CAD2EDDAAA204FAACD8AE3C61B858
:105998001096E425C092A38C019527C74CEC5E961F
:1059A80095AE8E6186F570E9B63BEF4F4B179D209B
:1059B800A2A0C20A22D56210DCA607A73608527335
:1059C800FD2A047A63459299744F6EAF663DEF1ACB
:1059D8005B8AB2F7128D3E293EE26A2CB91DD03D92
:1059E80009405A4FE7DB59F16BC985AFECC8BF6571
:1059F8004A41BC370E8902283EF880CBB25D23E5C8
:105A0800CE1091FBEAF15E462A9B606C9705363C06
:105A18008B9A936ED46AF5A7D05843E960C9A8CF8A
:105A28007719E9A0A538691E6700240F1C9C69D462
:105A3800C46EE4AA2E3786FE6FFDDAFEF4DC163D4E
:105A48006D74CA5474C271B669EEF42951CAD45A35
:105A58004774E79492ACA8F8AB24E32354BB566888
:105A68001BD9ADECB8B672CFDCDB460DA02A2DEE03
:105A78004DBA6DE7DE754B42A1A4AF9BAA9001E732
:105A8800382A1838F239ED83A65C8D8FD85DCADFC5
:105A98008DC2A558561DB53A5499B21099123A0AB2
:105AA8000C43679873BCF2F184212327BF8F80C908
:105AB800206A4FFFD9000000FFD8FFE000104A46D7
:105AC800494600010102007600760000FFDB004332
:105AD8000003020202020203020202030303030498
:105AE800060404040404080606050609080A0A0947
:105AF8000809090A0C0F0C0A0B0E0B09090D110DE8
:105B08000E0F101011100A0C12131210130F101090
:105B180010FFDB0043010303030403040804040823
:105B2800100B090B1010101010101010101010107E
:105B3800101010101010101010101010101010105D
:105B4800101010101010101010101010101010104D
:105B5800101010101010FFC0001108002F00500383
:105B6800011100021101031101FFC4001B00000212
:105B78000301010100000000000000000000070808
:105B8800050609020304FFC40038100001040102DD
:105B980004040405030207000000000102030405D1
:105BA80006071100081221133141510914227115F9
:105BB8002332618116426224334352828391A1C108
:105BC800FFC4001B010001050101000000000000E6
:105BD80000000000000500010203040706FFC400DE
:105BE800321100010303020502030803010000004B
:105BF8000000010002030411210531061241518100
:105C080061712291E1132332A1B1C1D1F014425242
:105C180062FFDA000C03010002110311003F00D4F7
:105C28005BCBAACC769E75F5CCC6E240AD8EE4B9C6
:105C38004FB8764B4D21254A51FB0078492CC7CFE8
:105C4800359AC737BDB1E64F3C7251A34CA76B706C
:105C58002C55C94E34CCD5B0772F484214378CCE4A
:105C6800E95BA7FE23A52D0FA5278AC9BE55805B32
:105C780008757F97E618F5E2F34CC2DE75BEA55DA0
:105C8800A913996A4952C5307362CBEB63F4994AF8
:105C980005259636E9653D0A292A28486F529F0846
:105CA800D78353E98F2A30E26AC732F6F3AEF51E7E
:105CB800CD3F88D3E28878C9950CA89224480A5722
:105CC8004878924F5B87A5049D8296090634AD0EED
:105CD800AF5575E2166F571DBEBEC1659EA590E013
:105CE8009513967C52B54A74C70617A7D8E53C4E5B
:105CF800A3D1F88BAECC7C8F4EAE928483FB0E3D45
:105D0800AC1C174AC6FDFC849F4161FBA1CED41E82
:105D18004FC21718AFC52755E0CB41CC700C6AE2CB
:105D280026E3AC4075E86F01FE2545683FCF0F3F7D
:105D38000552BC110C8E07D6C7F849BA83C6E114C0
:105D48002F6468EF3D75122EB49F2E9F886A7C08D9
:105D5800FD6E564B94E4754B6D236097508574BA6D
:105D680081E41F6F752371D436EDC78CD5742AADC5
:105D78002CDE61F09D9C36FA794420A964D81F2452
:105D88001AD2ACC2C2AA6DFF0029BCC7AAC21D3D67
:105D9800E491198913DD2B7B1EB7DFF224216A3FBA
:105DA800ECAD4527A81E9EE083D2A57014762B5132
:105DB80018B851DA7D5F9AC2B8CC794CCB6DE757E9
:105DC800DCC992EBB40F22638D7CADFC741534965C
:105DD800D61408665B20A3CF6DD4DABCF843B2476B
:105DE800BA78792ED6597AB9A41159C81F7159268B
:105DF8002CE7E0D6E1EDFC55A903F29D5EFDF752D4
:105E080006C77EFD685F1269BE141C2CAB5CF1648A
:105E18007656F498B68263B6298761A8B67E14E7E9
:105E2800C9ED16AE3FE6C8797FE0027A8FEC823D75
:105E3800784E3D13B47549C3B75476F36E75BDEA11
:105E4800B6CE178108F8D6054D25014CCA948DCCDD
:105E5800442D1FDC940EB9AFF9F52D49428EC78841
:105E6800A7F65EFA50DB5A6D845EF379A86C1B9B2B
:105E78004458390B0F8D395D7F895E38545735DDAD
:105E8800FBA90D1EA56FEAA0ADB6213B16D174B7CC
:105E98006AD5620386EE4F60A9AA9840CB84B3E422
:105EA800F935FE637F3F2BCAADE4595B59BC64CC1E
:105EB80096FABA96EACFA9DBC801D8246C12360044
:105EC80076E3B2C30474EC1142DE5036F6FEEEBC43
:105ED800F39C5E6E77473C2B965446A49B7F9AE4CE
:105EE800E9ACCAB1D34378EE22ED6A96B5564B9C1D
:105EF800D34854A7540210A58513E127A8A40D96EA
:105F0800013B00751AC73482381B763B9DBCF7EA03
:105F1800D69381FBFC969653802EE3916575CBB999
:105F28001CCAB2EC1323D65D379ACCF93FD497DB61
:105F3800E2ECC44B4510E3D8C869298C47652C2589
:105F4800BDC3640053B04F7001C50712C504ECA46B
:105F5800A9161CACF8B7C968391E77533485EC32DA
:105F680037B9C794AA505F5E627770724C72D24D8F
:105F780065B563E991125B0A28758753EA0FA7A8EC
:105F880029236237041048E3D4CB1327618A4008D9
:105F98002323A11FDCE3C2C6D7161B85A0792D15C4
:105FA800573D7CB931AAF45591E3EA7624D390ECB5
:105FB80023B036F9C5363ADC8FB79F4B883E2B3B6A
:105FC800FE95128DF624F1C775CD2CE9554621961C
:105FD800EED3E9F4D91FA59FED5809F2977CD32E8B
:105FE800B5CCB07C375B224A7119861D2E3E3973B9
:105FF800287675D7181E3D54C5FAF594216D289E4C
:10600800E54DF73B9E035EF95A76C266347B2987D5
:1060180083737F0AD6A426362FAED8FB37919A49C8
:10602800FA1A9AE37E2A93F70F21F1FF00736E1C88
:1060380060A6230A9FCDC678E3BAA9AAD92B2EA8B1
:10604800AB16A18181D514ABBA24D8EEF4C527D9F3
:106058005F2E149FB2CF0C77486C857ACB8CCE8B91
:106068006DA69CB3E3A8FF00594F022098D84EDDD7
:106078007796AA4ADE52BDCB6853681EC94F08A757
:106088001D4AB67C462242C11CD2CD14C7F76A9F6E
:1060980017C7DD90DA3C829D52D2D78AAFF2212B06
:1060A800513EEB3C748E0985AD8259FA9207819472
:1060B8001F5175DC1A803A13885AE4790CC9F40622
:1060C800AFF1DAE613FD3AC5A484C68D2ADD6B0963
:1060D8006901E70783E2B482B7D0DAC8EB5369D81D
:1060E8002BA483E97549DB1461925F94FE2B0B9016
:1060F800DEB819B1D891B79BAC7134B8DC6FD168F0
:10610800DE43A3F51A13CA14DC52D724538E437600
:106118000D9DEDD4C538F75BEAB28CF4A7BD565097
:106128000851091B9206FDD4A3BF3C8B507EA7AB38
:10613800895ADB0370D68B0C72901147C42380B444
:106148009F7F9A22F2B52EAECB4822DB5159B76316
:106158005B67757B3E14B690B425E61EB492EA14CC
:1061680012B0143B2F62081DC1E076B6D7B6B0B5A1
:10617800E2CE01808F50D00ECADA620B2E36B9FDFE
:10618800567373E78660D43ADD659069D48448AD68
:10619800B670A6DC44655F290EE87D4FB09740F0E5
:1061A800D4E29252EADB49250A27AB6EADB8E87C07
:1061B80031533CD44D8EA065BB5F72DE9E0640EE27
:1061C80085D635824BB5123E16594CB87A9798E168
:1061D800C5C598B654CCD8F46FF487987BA3AB6F39
:1061E800728736FE381BC6B007534731190E23E6AF
:1061F8003E8ADD39D6716A80D76C322E13AD1ADD2E
:10620800A7F0190D565B528C962B206C96DC69E62C
:10621800A50200F62E4A03D82B6E39A919B23436D6
:10622800BAFA5CBC721680E80EA9B29DA5E0F97CAA
:106238009A85B9B79B22478C949FE011FCF0BB1458
:10624800DD48505924A1A83A83060ACF5359C6B04D
:10625800CC7DC1BFEA65B7988CD8FB042CF0B72970
:10626800ED60AEFA2894EA67C41AD2FA49F1D985E2
:106278007B756482AEE3A63054764FF1BA08FB0E04
:106288001017299D86A90F8A9E23319C9F05CF1040
:10629800D28C5930A4D33AE01B84BC8712EA01FBA4
:1062A800A4AB6FB71D1B826A1A629A0273707C6C6A
:1062B800846A0D3CCD72AF727D8F55E27A4F2F56AE
:1062C800F2AA962F304B8BA918E6735B2D91223CCE
:1062D80078284B4A8965E1107B30EAD41C3B6E1B59
:1062E80073AC7E8E34EBF33E7AB14919E595A03D47
:1062F800846326FCCDBFFE85ADEA2CA14AD0D673B7
:106308009C8BE51C79B8D28C274FF96BCAEEF15DEE
:1063180040CAABEA64448CD41A6FEA05CBAB94A7A5
:106328001E6FC3690DBFD6A08237500DAD2004EF94
:10633800E5C03D0ABA5AAD4638E58DA4826EEE5BDB
:106348003860DCE2D9EF70569A98DAC8890E3F3582
:106358001FC97E9DDC6A8F2EB8F45B6D5FB7671529
:1063680086F4D86FE3D42135EB2B1214A5B72A6A2B
:10637800097D7D417BF4B65BFA5406E7CF8B388AFA
:10638800AD947A8BCB211CE6C799D9E832D1B63BBC
:106398009BA6A5619221777840AE6AABB10871756A
:1063A8008310C571955357E0D94E2EC40619B071A4
:1063B80071501D86E21DF0A31FA182AEC54A46E5B5
:1063C800646EA249DF837A23E671A796477317B2F2
:1063D8004B9B0BE08B5CEE6DD2FB7459E703E20D2F
:1063E80018042B4FC2C310992B3DCD33A5347E52D0
:1063F800BAA98AA42FD0BEF3BE2280FDC21B1FF902
:106408001C66E35A868823A70724DFC0C7E6A5A72A
:1064180036EE2E5E5AFD6F1F2BD7BD77CC222D2B63
:10642800818961AAA22F03F4FCD3AB8F1929FDCF70
:1064380088B787FD078E6C774636002ACCA649E4D4
:106448004B1983D3F9F61A90EFCB0F53F494F6FE59
:10645800786E8A5FECA87A717296F3AD239F217FDC
:1064680043598192E13EEBB28E49E1048A2DF21C38
:10647800FA4F35F6FF0030478AFD7DD74EE773D5D2
:10648800F3482AFF00EF126EEA2ED93D5CC3E89D5F
:106498003EBE696DAE9F59BE98B21F09915D3549E0
:1064A800EAF9498DEE5A776F51BEE950F54A943DA5
:1064B800B829A4EA2FD2AA5B50DC8D88EE0EFF0023
:1064C800CACF3C426616959938C6BDF301CA1C0C62
:1064D8009741DFC769623CB9CE4990D5B41327C349
:1064E8002E20216B6BB84BCCB8948209DC11F723B2
:1064F8008E933E9941AF3995E1E4E305A6DB77EA4F
:1065080008425B3494C0C67F3412BECFB32C9EA61B
:10651800063D75924E914F54B75CAEABF18885003D
:10652800B8A2A50619DFA5B1DC803BF48FA53B0E08
:10653800DC1A8A96185E668DA038EE6D936EE7F5C4
:10654800EEB397BDC3949C295D36D66D51D209AF81
:106558004ED38CDECA8D524A5525A65695B120A732
:10656800C8B8D2C142B61EBB6E3DF8AAB34FA5AF9C
:10657800686D4C61D6EFBF829D92BE3376957DB52E
:10658800D55D5AE65E72F4E6AB03C7A464999D9C98
:1065980039B6B369EB951E55BBB19050C392495AB1
:1065A8009B6DB692A254A4848DBBAB7F2E303686E9
:1065B800974767F9323DDC8C0400E370DBEF6EA689
:1065C800FB595DF6AFA83C8064A78EC67E29C81724
:1065D8002CB1F1A853A2CECC6C92EAD923B19B6816
:1065E800E2478920A4F70C3236F3F44253E6AE3979
:1065F8008EB3A9BF54AA74EEDB603B01B7D7D51898
:10660800A68442C0C4A56A2C57B4BB4069712BB795
:1066180056ACBB53A7A731BEF14EEF335EDF57CA66
:1066280021CF5EA71C5A9D20FA9FD8F022D8B2D05D
:10663800325152A713726C8E58797D31D264A147BA
:1066480035BD681DFA10EAD4FA42FD8F4248FE783B
:10665800976098F52955724C8A48B4D2D23A5EA60A
:10666800B792A1DF7D94DB8D3A3FF68E22A48C9CF5
:10667800AF64231CE7129E5B61418B2BAB280A0990
:10668800FF0092507548DFECAE8E1C6E98ECB57F1B
:1066980060A1B2B8B08BAAD0EB59797FD2CD76A7DA
:1066A8006EAB5131B6E6391F71127B2AF06644276A
:1066B800CCB4EA7B81EE93BA4FA83C10D3F55AAD1F
:1066C80029FCF4CFB771D0FB855490B25FC6126F26
:1066D800967C2A2519AA5E0DAC0DA6328FD0CDCD99
:1066E800615B891EC5C65437FBF4F1EBA0E3700566
:1066F800A7873E87F63B2C2ED3BFE5CB9C5BE151A9
:106708003BE710736D6167E592ADD6D53D594B8A6D
:10671800FB2DE5909FBF49E1E6E366F2FDCC39F534
:106728003FC24DD3B3F11474BA85A07C8269B39784
:1067380038E622EBB6568BF938EB3BBB3AD6400528
:10674800410EC823643600DC8EC91E89278F21A814
:10675800EAD53A9BB9EA1DB6C3A0F60B7C303221C4
:1067680066849AE33944ED76D4DBED77D7292AB0ED
:10677800C6F088ADDAD8D7B0094A9B2EF443AE618B
:10678800BFED42DE290A51EC402547EAEC2F73722F
:10679800B46C145533777CC56B5D867FA9AB2CD35D
:1067A8003087720BF53442845A88890A319846FD3D
:1067B80047E90965200FEF528EDDF86DCA5B04D2F8
:1067C8007244C586B16AC67FCCC644C36D29F70535
:1067D800354C549044464A52AF0D3EC10D2596C7DC
:1067E800B9EB3EBC49BBDD45D8C2FFD9FFD8FFE0B5
:1067F80000104A4649460001010200760076000072
:10680800FFDB00430003020202020203020202034A
:106818000303030406040404040408060605060921
:10682800080A0A090809090A0C0F0C0A0B0E0B09B9
:10683800090D110D0E0F101011100A0C1213121061
:10684800130F101010FFDB004301030303040304BC
:1068580008040408100B090B101010101010101069
:106868001010101010101010101010101010101020
:106878001010101010101010101010101010101010
:1068880010101010101010101010FFC00011080088
:106898002F004F03011100021101031101FFC40071
:1068A8001A000002030101000000000000000000BF
:1068B800000006070508090400FFC4003B1000019A
:1068C8000303020305040707050000000000010296
:1068D8000304050607001108122113143151610938
:1068E8002241711523243252819125334243627229
:1068F800A11663828392FFC4001701010101010000
:10690800000000000000000000000001000203FF7A
:10691800C4001E1100020202030101000000000071
:10692800000000000001112102311241516132FFC3
:10693800DA000C03010002110311003F00D46ADDE4
:10694800669B6ED1E757EB32D116053A3B92A4BC51
:10695800B3B25B6D092A513F903A88CCEBE732D449
:10696800AEEB867F11B7B3924D38C95D3EC4B6947D
:10697800F2D0D492D1FDFBC9491BB2D9214BFC6E90
:1069880028237D81DB0DF6748E85B55EECBCE85757
:1069980002AE3AE552755B25D75D4C84256A52D51F
:1069A8004B2E6DD99E41D0C9208E446DB360A7A7E8
:1069B80036C1208F2B11AC69C22C78F7D66D9F2E6B
:1069C800E8CA5351DEE25BAC48ED4D2C2FA85BEAD8
:1069D80051E54BA77DCA95B91FC20F53A75B32E596
:1069E800E88BB97DA5997EA12946D8B52DBA446D05
:1069F800FDC4BCDBB29CDBD545491FA246AE45C5EC
:106A08001D9687B4C7254094DA6F6B2A8757884844
:106A1800ED0C22E45780F424AD27F4D5C8B886D706
:106A2800C5B58EF8C9A14DBFB015DD3A857F446B59
:106A3800B6A8509F96A60CBD87F1202B942BE01D7D
:106A480046E93D02B63D43FAD17E7629715DCF3FD6
:106A5800245BB54E1333248950AB4D3EE3969D42DB
:106A6800A0A507E9D5546FF65714AEBC8E1DD23FCA
:106A7800B88F8A7615D31756881B0EB17CD76C5BF6
:106A88008F0EC8AB5569D79582F48AF5039242D028
:106A9800F7D49FB7423B1F7BDD4F6A91D7AB6AF3B0
:106AA800D0BC27E9A2BC3B6588F9A31250EF70A4BB
:106AB80009CE35DD6A4DA7F972DBF75C1B7C013B1B
:106AC800287A286B69CA30D4315DC6F5CD3A7D0283
:106AD800DAC21439E22CCBF6A1CB39EE6DBBBD314D
:106AE8008D96FB8AFE91D09F442B465E0E3E94D134
:106AF800FAC52AA0ED6336CA8094DAF6796ADCB161
:106B0800A96FA776DE92949EC4A927A283690A90EA
:106B1800EFE25AD20FDED67E9AF874E2F6158AF1C1
:106B2800F54B8A3BBDB13EE4AACC769F66B530737F
:106B3800F69395B97EA0B07EF06FAF2FF5FE5A950B
:106B4800593BA1271A1DE592AE870448B53B86BD7F
:106B580055794F381B429F7DF71477528EDB9FCFB4
:106B6800C068D88D08FC17F12D2184C818C65B6948
:106B780050DF6725308501EA0AFA69E2C39222D814
:106B8800E1733349948851A854B76438BECD0CA238
:106B9800B9094B52BF084877727D35432941459959
:106BA800C3AF1538E6AECE45B3ED47A3C9A12D6FE7
:106BB8007798B508EE01D9EFDA36A0970F30D810DC
:106BC800A41F1EA354345298F1CF164523895C257F
:106BD8004BE29F1B42EE376D2180E5663C6E8B735E
:106BE800B03F5A3A75ED1A23992AF128FCB4BB52E2
:106BF8000A9C08DAFE445B57B63CE26E9C84266C1D
:106C0800D7D11EE36D0364AEA1179112091E4FC7B9
:106C18005A16479AD7A27B18E8B41C2B486B14F174
:106C28001991306B0F7EC3ACA11725006FEE9694B7
:106C380012B013F369D48FFAB5A54E0CBB522CB819
:106C4800BBBE5C9395323D698794A36E51A0D9B4BD
:106C5800DD8FDC91377724A93EBD887D1FF21A1B92
:106C6800B15A15F976D798EDCD8D3867B786CF52DA
:106C780061436A6253E0AAB540A5D7D6AF3E54AD8A
:106C8800B4FA04687E0AF42CF681310ED2B92C3C91
:106C98005144476347B56DA6C476874054B71495E9
:106CA8002C8F321A4927CC9D391620CDF152AD7060
:106CB800EB8B6D2B36CD5AE95705F5484D7EBD59FE
:106CC80067DC94A8EE28866234E0EA84009255CA0C
:106CD8004124E8745B1BFC0B5C53AD9B1EF3BB7239
:106CE800F5E8ED3EC9AB06E0C2FA5262F6932365B9
:106CF8008794C731E63EEA82494F893E634E3F4357
:106D080022628B83383FA5D520DCD6BDB993EB4EE4
:106D1800C292DCB8A98B4F9AB69C5A14149D945A07
:106D28004EE3703F887CF4C22960B66BBAAA78B784
:106D380018556CBB42893F1B5BF724E915075AAA13
:106D4800CE122B75575DDB9D0DB2951EEECF400A16
:106D580094A076E9D49EA3A256C28F663D75C9F663
:106D6800EDF765CC1DAC365F8B310D2FAA7EB50BC8
:106D78006DC1B7910DA74E259153329D5EC0B12BC1
:106D8800993F0E2AEEA525749B99A95488C6524AA4
:106D980095CAB75A5213D76E6ECDD46E3FDBF4D670
:106DA8005A14C7C5DF7B49B2EA380339C7594C8939
:106DB800966BB4B94E0FE62A3B6B6BAF9FEF07E9B2
:106DC800A7565B9402DCD50FF5E64E8B19E3CE8B04
:106DD800B72A4971C1E3CCD36EB0D37FA079CFD79E
:106DE800416837C0894649E3EEB1714A01C6E0D42B
:106DF800EAD506F7EA025AE669AFD3746DF21A5576
:106E0800B074894F69C5A12E2DEB6A5F28654625A8
:106E1800429AE5356BDBA25D65C2B00FCD2EF4FE5C
:106E2800D3AB22C4B117CAF045030359F7B66AB504
:106E3800E91574D2A8B0D34E6A4C74B8FBAEA994C5
:106E480010D340F53B90371E1F13AD388B32A66820
:106E58005958D907015BF253963395E16FBD71AD6F
:106E68003FB1ADC8604A62DD863F76C32CB40A03E1
:106E7800BB6DCCADB7DFA68AEC5A7A44165AF693A6
:106E8800B2A8AF5230CDAEE21C50284D52A89002A5
:106E98003D50C83D4FF71FCB43CBC158FA524BB6B4
:106EA800F0B9EFAAEC8B96EEADCAAA54A52B7724BD
:106EB800485F32BE43E0903E00741AC9A0B6D3E2E0
:106EC800D2D8E19F0C644A15325545590AFA8820F0
:106ED800518C24A76A6B696DC4F7A75648E5F79DDE
:106EE8003CA13BAB746FD075D6F131915769194B02
:106EF8000F41B1EE1B66A18D65542A3588B19B629E
:106F0800A7216D2DF65F4B895BEF768473052CA462
:106F180081B1F051074C32943BACAE23E9996B0E2A
:106F2800E2EC072624D6EE5B23E94684A7794B32A8
:106F3800E338AED1B0820EFCE842483B8F86E09D34
:106F48001922C58C9B16B496EFAC6B50797D1ABB91
:106F5800152564FC0AA5B249FF00035936C7070185
:106F6800521278A7AF76E7775FA754F627E2AEF01C
:106F7800D93FE01D38EC32D1793880C3349CEB8D91
:106F88002A163D41686252B6934D96A4EFDDA520BE
:106F98001E4579F29DCA543F0A8EB4D4984E0C9F70
:106FA800CBEACBB46AD318FB2D4FAAAE4DAEDF7334
:106FB800871663854DB4C8E892D1F0520803650D71
:106FC800F71B75D7373D9D147400F8786A23DA8863
:106FD80039C3B876F1CD97945B42D082B595A82A8B
:106FE80064B524F63099DFDE75C57C0790F127A0DB
:106FF800D4949370273DA276151317F13D56B0AD82
:10700800E42841A352292C214AFBCE2BB9B6A5B8B6
:10701800AF5528A947E7AEAA8E4EC3BB0312F0AD01
:1070280053F6725E3986BF4CA9AF24D22AEAA5A2CC
:107038007A5D78763396B498ACA100F665A5347776
:1070480051209DF9BA8213A88AD3825C71ACAB43F4
:1070580071A5A90A1DE76293B11F66775116FE6DE7
:107068000AE3A07D1EFAA0943D49AB4858FAD41E05
:10707800A92D28781F3075C8EA38385172AF6F715A
:10708800674DA92211EE93EA13A1B84389E88792C4
:10709800E72F4DF7E87975A5B07A35335B3980B9B4
:1070A8005309E35CCF4A4D2B205B6CCE2D0223CADB
:1070B80041ECE4C727E2DBA3A8F97507E20E86A432
:1070C8005382AADCBECC1A1BF296EDA394E6C461E7
:1070D8004494B350A7A5F5247973A168DFFF003A5B
:1070E800CF11E4765A1ECC7B3E0CA6E45ED91AA5D5
:1070F800556904154683113142FD0AD4A59DBE4049
:107108001F5D3C4B90D0CA17A63EE0E31D3142C636
:10711800962302A7520B14F88D0E5438E24005E965
:107128002F28F32F6DC74DCA8F80D8750BAD125C11
:107138008C6AE2B6D0CB978DC154E20AF2067C5A2B
:10714800ACB6E24D9AA90D733727B3F75B0D85737B
:107158000472246DCA36006DAB16592816B4ACDD1E
:107168007751F07D7701458F4F36EDC15C8D5F9289
:10717800EADA5192990CB7C894A55CDB0411B120E6
:10718800A49DC788DCE9323C3D9E7C28DDDC43E5D4
:1071980064D6E3BED53ED8B75A7D7519EA7505C0E1
:1071A800E38CAD0D3686F7E624A94093B6C003D725
:1071B8007D86A23FFFD90000FFD8FFE000104A46B5
:1071C800494600010102007600760000FFDB00431B
:1071D8000003020202020203020202030303030481
:1071E800060404040404080606050609080A0A0930
:1071F8000809090A0C0F0C0A0B0E0B09090D110DD1
:107208000E0F101011100A0C12131210130F101079
:1072180010FFDB004301030303040304080404080C
:10722800100B090B10101010101010101010101067
:107238001010101010101010101010101010101046
:107248001010101010101010101010101010101036
:10725800101010101010FFC0001108002F0050036C
:10726800011100021101031101FFC4001B000003FA
:1072780000030101000000000000000000000607F4
:10728800080405090102FFC4003A100001030302C3
:1072980004040306040603000000000102030405B9
:1072A8000611000708122141131422313271911579
:1072B8002342516181174352A10916336272823405
:1072C80083B1FFC4001C0100010501010100000099
:1072D8000000000000000005000102060703080482
:1072E800FFC400351100010107020403060603016B
:1072F80000000000000102000304051121310641CD
:10730800071251611322718191A1B1C1D1141624C0
:107318003262E1152342F0FFDA000C03010002118A
:107328000311003F00EA2572B34CB768F36BD59997
:107338008DC4814E8EE4B92FACE12DB484952947D4
:10734800E401D2C326E63DF7BCD51BDEBD51E246BB
:10735800FC7257D8824BB4DB0AD572538D33394C43
:107368001C97A4250A198CC9295BA7F98EA92D0396
:10737800849D7326ADD00A32E6BD77DDD40ADB974B
:1073880095E1579D57DC9ADAD135A6A512A1470E8B
:10739800005A796C7C26528149658E5E565050A5FC
:1073A80024ACA4089A52A70CE698366A7B61F64684
:1073B800DFD956E26ECEFF004B9955BE671F3F4D91
:1073C800A138FADF720151E60FBE14AC2A41CE7221
:1073D800AE8827A655922B1A8B57CB34D22B16AAD8
:1073E800BC50A842727EDEA7E2C6A4F208E9E2BF5A
:1073F8004E9A2058A8D80FB9EC2FE8CD6AAF1417C9
:107408003BCF2BEC7A0D3A1B5938F30B5BCBFDF1D4
:1074180081F4D6491BC62982D4441B84A46DCD555A
:107428001F980D7D86E1DC225357EF54A3DA807C48
:107438005BE695C4FDD4CBA3ED8A0D36637F883017
:10744800A532BFD892A1A503C628F76A1F8C7295EA
:107458000ED549FA8678AE1E412D3FA77AA49FE43F
:10746800011F46D1EEE6D7597C52D31FAFEDE5CBCD
:1074780036D7DC08AC821B5CB7596E62523A21F4ED
:10748800215CAA03D83A8F527F1023A6B59D37AC4A
:10749800A5DAA524422B95E0CA0D398771D477184F
:1074A800DC06A0CE34EC6C8D557E9AA0FF00D0C7C8
:1074B800F47B169A36AEF09D4A995FE13F88F35007
:1074C8008947ADCAF2D1E4541D52DEB7EAFF00C8BD
:1074D8009085A8F5654A29390797D4140F2A95ABE2
:1074E800583B16067A86D66DFC0BDA0D62F0E13E43
:1074F800EBAB4DA7D624CA71DA03CDCC71AF2B5EA6
:107508008CD953410B0A04332D9CA319C654DABDF8
:10751800F4874673D435C5C176F2CBDDBDA18CC5E1
:10752800C0F38BB96D673EC6ABF8A7EF16A40FBAC8
:10753800757DF99481824FE242F5249AD9A0A1463B
:107548001AE38EE5A8D5A896B6C2DBD504C49FB8C1
:107558009520D4E7C9E91A96C7DE48757FEC01255E
:1075680047F46C8D25746748ADDA3676B343AC4C76
:10757800ACEF6C8A5A556658BE05B76251E48CB5B3
:107588002A52413152E24FC4940E79B23DF9D6A441
:1075980024FB9D470CEC6FC2AEDF96A354B89EDC6B
:1075A80036955592CCF719B75130F319F56528A9D6
:1075B800D9AE67AA8364A883EDCDCC47B0C567551B
:1075C800EA1469A962A372B3640EAA38AF6193FD85
:1075D800B1C90CA55398E4C3D6891751E8919F699E
:1075E800C0670AEDAAFDC4C26F0B92BF4F822AEF93
:1075F8002FC0915490A42A62D3F1148093848F6091
:107608004E00F61EDAF362E4D1F3777FE5A62F92F7
:107618008F149E553C510554C94D126C315341800D
:107628001B6444C21A5EB32E8374A597605421204C
:10763800F2838AD4E4E4E4D5BCFE16DE2FB28934A2
:107648009811AAACB8952D2BA74D6A405007048411
:107658008214707DFA74D32F44CD9690B85407A93C
:10766800209050B4AAB4B1B035B6F6F565F9925C7D
:1076780085143F59764679D2A4E6E2E453E3E8D983
:10768800B4ED91DCEA960A6D7763A0FE294F36D0F7
:10769800FA124FF6D7D707C39D4717887291D5447A
:1076A8000F8135F837CF11ABE4F0F51E3D7B24137D
:1076B800FD7C5B713F64B70EC9A5B978B53E134F21
:1076C800D28799222BCA2F3413EEA07001C771DC20
:1076D80067DFDB461FF0F67DA7A1CCD92F1214EB8C
:1076E800CDE551A80324580F51B861CEB574AA70DE
:1076F800FC4B8A1443CF2F980A5FA8FF00D7E8DA1B
:107708006DFCDA2A7714BB41FC41B769CDA2FF00B2
:10771800B6585B4B43431E7DB40E65C5577F50CAB0
:10772800DA27E151E5F651D6DDA43512753CAD11E5
:1077380066CF0795406CADC8EC45C7B9B34D432833
:107748003248D5381742BCC93DBBF7183EF6916F91
:107758004BBAAB7858F66EF4C294E26EFB3E547B9B
:1077680076B127243AF38C0F1E99315DF98A50B609
:10777800544F5E66BAFBEAD15DD825366A5F67EE7C
:1077880088762717F06AB4A2962D7DF5B7D9ADC6CD
:107798006D3FE9B735C4175491DB21E43C3FF6014E
:1077A800A90B1689BB07F1737E38FEE9EEA5CACB93
:1077B800D936B50A05894A20E79255432F4C527F9E
:1077C800250612A4F4FEAD32B2D24D832B378ED9E2
:1077D800A845AAEDAF0D56F3644BA44089E71B48B2
:1077E800C15D72AA52E3CA50EE5B429B47FC53A4A8
:1077F8006F60C8756B0B79E814DB028F656D8505C2
:107808001E152EDDA50432903E356420AC8EEA3874
:10781800528FEAA3AC0B8C918A3130F083F684A99D
:1078280054EE4D3E41B54E1DC3A7C07F134B920584
:107838007B018F7B31D522954CD88A154AA2D52B4E
:107848002D428C96975180663485A8E0FA07ABA83C
:10785800C8C8F9EADC5EC342E8D867F101164240BD
:107868002F11CE05736EE181074FA2353BE74E8A93
:10787800AEA51210BE4361D4F4608A3EE0B14398CD
:10788800CCFA4BF6332FB0CAE3B4B4D2A747296970
:107898006A0A527A023054339EA754D82D50EA5CB3
:1078A800F12F61950C0A4103FD6F51406E7008BFBE
:1078B8005A55AC715245C6BA2EA212FCA49048E79C
:1078C80074AB8140720E2C2F4625677BEE57A82D8E
:1078D800D4652ADD80F3D507A330B79B94B43ED393
:1078E80068195B684A4A8FA943DF1F5D585D7102BA
:1078F8003D7049887A5D20A96A4A490F28A09A5D97
:1079080020024F98D2F4F9B08568F831145D243C10
:1079180058080A34E4052546C092698E956C81772B
:10792800DE571DAD79C7AE4565D808A238EC696C3D
:10793800D39F8895B8A0429090EFA940019CE35D41
:10794800CCEE6D3596CC5DC6A41741C9295076A4F6
:107958000AD0D8735CDBE2DC4CB25F2F8D83543ADB
:10796800885F8802925695900508354D87A30C705C
:10797800BF5375AB8EAF470496A443449E5EC1685F
:107988005E33F456AADC1E8D52239FC257CAA4F355
:107998007B5273F1635C44864AA11CC41174A88AA3
:1079A800F623EE1A46DF4B2E3D91BCFBDD60539962
:1079B8000DD36AB45172C5640C25B75A75A9492903
:1079C8001DB057253F256BD03BD1B2805B21CADB68
:1079D8009076076077499FFCBB22EF95485389F75B
:1079E8002C26478A94FCB008F91D3F766DDB43725C
:1079F800CD4DFD7F4288EABC46EF5DE19B21EEBF9D
:107A08001B0D3AC466C7C8256A1FBE91BB2638D964
:107A180054B7B9DFE20953AF493E3B112BD5AA9AB7
:107A28000ABFA6302C307F6F411F21A6A554C8F984
:107A380043543C51521E4D4E875C09CB4EB2E4353F
:107A48002876503CE3EA09FA6B08E32402FC6868EC
:107A5800D02C4149F506BF225B52E1CC5A7C17F085
:107A6800B5B82143D0DBE618BE8B6BC3DC7D94A090
:107A7800D0D1537194B2CB0B714C729573B5CD962E
:107A8800CE7E039F72474D5BA024EE355E908584C1
:107A98004BCB009AF2D2B545472DF06BBD2CC023D5
:107AA800264F641A89FC4945C9552BD15BF7B6D5D1
:107AB800BB2A9CBB6AF467EB299D74D5A029B88FB3
:107AC800C1669D3663AFCAF343012E254940425330
:107AD800CC9F8B3F0E40CE759AAE77172F5C487FB0
:107AE80012B4512501DA94A52F9C7FD0F284815DD0
:107AF800EB8AD2AD774CB21E2C392E9CA57E64A899
:107B0800AD294A51C9920824A89A1F7E68C471AC4D
:107B18005DC2B8514E9AAA5542538884976056243C
:107B2800548C199114E0254D3A0025612B2A230025
:107B38001E550EBD700F3AD3D3B99A5D3E2E94A24E
:107B480011543D53CF0DE23981AA5592405548B0A2
:107B58003CA45EF401D5399541178EC2D2905442A7
:107B68009DA51E23B5530A1800914ADC8A8B8EA462
:107B780012AC55EDDEDFDD555AE56BCC4AA95191C3
:107B880015DE6756E6646140E14B393CC549C0EDF6
:107B980083A38FF4EFE599146C4C6BEE653C74127B
:107BA8006A49F30A8C9B9E624506CC2D13913D9A37
:107BB80042B8877744A1E150B016B6426C2801A9B3
:107BC800DD87385EA53CE572B15CE5FBA8F1511490
:107BD8001EC56B57311F44EAB9C1C815AE2A2234F5
:107BE800FED0909AF726BF20C6388B14130EE618DD
:107BF800E4A8AA9D85BEAD317101588B75EFD6FBFF
:107C0800DE115C0A816A59CAA11753F0F9A754C456
:107C180064A73F9F3ADD1FF43ADF0E496CA45986EA
:107C2800A5B3CDC0A5B104A72FD43721EF2E3B9F14
:107C38004941C7EFA7D990CB016DDD6129BD769683
:107C48006C857A5BBB9725793DDCA8C7C93F51A6EF
:107C5800DDA4CDBE039E078AFAAF8EAFBD7A0D6F45
:107C680019EEAF32927FFBA7172D1386E87EE259F3
:107C7800516FAB5E550A4A836E2F0E467719F09EF8
:107C88004FC2AF9763FA13A05A9E42EB51CB5E40A6
:107C9800BCB13749E8A183F7EC4B12924D5E4923FA
:107CA8001114EAE0588EA37FB8EE1A43948BBAC039
:107CB800AD3F4D5499D499F1D5EB4B2F29B0A1D9AB
:107CC800431D14923D8F5D795A21335D2D18A862AA
:107CD800A53A783342457A1B641C83BB6F0E4C046B
:107CE800EA192FD294BC7671500FB3B11B8EB862CB
:107CF8002B4F76AEC875EA67F982E1973696894DBB
:107D0800F986E5210F1F0F9B0AC1524918F7E87B36
:107D180068EC935CCC9D4739FC7BF2B72143982AE9
:107D28008AB56E6E091D6C6AC2665A6205E42BD16B
:107D380008E825E729A11517DB0697EEC77B85C458
:107D48003D56056E651ECC4405468EA0D89EB05D96
:107D58002E2B1EA2919E5E507A03DF07576D55C5E4
:107D6800389848C790728092949A739F354EF4DA87
:107D780095C67AB56641A19CBF854C44C39B99576B
:107D8800E5C53A577A90CAE935CBF7742AF1A93292
:107D9800AA132AD29E73EE23E425A41EEBE5002540
:107DA800200CE544741DF59B2E613DD65148855B3A
:107DB800C53D59361B0EF41614DCEC1AE8884956F2
:107DC8009C70A7E8425DA40B9A5CF6A9B9AEC37390
:107DD800B3323773726DEE11B644B51E5479375508
:107DE8004D2E229CD67AC89AA4FADF503D7C16867E
:107DF800093FED4A7DD5AF4D696D3EEB4CCB510641
:107E08008BAB2A3D5472476D8766C4E7936793B876
:107E1800D544AAC3091D13B7DCF768837122BDB521
:107E2800DB0745B4EB4EACDDBB9939378D7CBA72B4
:107E3800F334F6B9BC9B6E0F7E6716B5BC41EE4FA6
:107E480071AB11C309FDC59A949B51736470C7C384
:107E5800D960192DA8DEB5D68752DA1D5A9F485F1A
:107E6800E479138D3F40CDB55A575CA91448B469DD
:107E78007D52F51EAD21C4E0F50A6DC69D1FDD1AC1
:107E88008B4D9C5C2FDC42DAE30A8F2D01419A8DE1
:107E98006EA34F584FBF2CA0E147EC0F87A7196678
:107EA800561BABE53CE9E557F6D746E6C3B78D81E7
:107EB8006B5ED0D312E0A725D280434FA0F23AD709
:107EC800FC543A8F9751FA680CF34E4BB50BA0E669
:107ED80039DF31183850F43F7B31495CE6324CF3D6
:107EE800C4845D3A8C83EA193D54E165DF194687FD
:107EF8007724364E4225C6CA87FD907AFD359346CB
:107F0800F0741784C245797A2937F7834F835F2144
:107F1800788A0279625C5FF89B1F616F297C2C3C30
:107F28001E49AD5DADF85DD10E36158FC8159C0F95
:107F3800A6A507C1B573FEB62BCBD129FA92D28973
:107F4800E230A7E99C5FF92B1EC02ED9DBA17DED9D
:107F58007F089602AE13467E4CE9EE18B058402AC8
:107F6800913E4019095BC461B401D4938007B027DE
:107F78005AA48F4CCBB4DBA2EE05DD09CA8DD47DA3
:107F88004F4ED86A24D6751B3A781514AA81802CCE
:107F980091E83EB96842DBBA26EFB6E657B7D77C18
:107FA800642AA16DD9319BA9D420471E85A3C5E4B5
:107FB800894D8ED9F850B7B014A3D080A2A3EAD1C6
:107FC800D172C34D836AA88DD6F887DECA85FBB9FE
:107FD8006A2CD1E3A1EB86E02D10A116931121465E
:107FE8003328CF31F404349007E2528E3AE9B2CD07
:107FF80060D51F044CD4378B762FEE25EE38ED3242
:10800800B7969A35262A482223452925B48EC10DCC
:1080180025947EA79CF7D493735689B0A37FFFD984
:10802800FFD8FFE000104A464946000101020076E9
:1080380000760000FFDB0043000302020202020395
:1080480002020203030303040604040404040806EA
:1080580006050609080A0A090809090A0C0F0C0A84
:108068000B0E0B09090D110D0E0F101011100A0C33
:1080780012131210130F101010FFDB00430103033B
:108088000304030408040408100B090B1010101053
:1080980010101010101010101010101010101010D8
:1080A80010101010101010101010101010101010C8
:1080B8001010101010101010101010101010FFC019
:1080C80000110800300050030111000211010311D2
:1080D80001FFC4001B0000030101010101000000B1
:1080E8000000000000000607080905010204FFC49B
:1080F800003610000104010205010603080301000F
:1081080000000001020304050607110008121321EC
:10811800311422414251610915321623526271818C
:10812800829118337283FFC4001B0100010501010D
:10813800000000000000000000000001000203042D
:10814800050706FFC4002F110001030303030107FD
:1081580004030000000000000100021103042105CF
:10816800314112516113062223327181E14291A1FA
:10817800C1B1F0F1FFDA000C030100021103110094
:108188003F00D46BAB7AEA0A999776D2D1161406D7
:108198001C9325F59D92DB484952947EC00278498C
:1081A8002CC6CEB59EC33BC86CB992CE972CE38C37
:1081B800C972B304C6152DD619B0718F7BBAF842AF
:1081C80093BC66774BAF9F9DC525A0760788C9E508
:1081D8003C084B9BDCC32FA0B95677995C4EB5D4AD
:1081E8007BD2DD8466A495115085805990E33FA722
:1081F800DA149E92C31B74B48295A9254509E0122E
:108208008F94E6D3FA5D38E58E3C2D57E63ECA7565
:10821800EEA2D927F31A6C4D0F17E4C4EA2542548D
:10822800AEA57487544EFBAFC2373B052B7D9AEA47
:108238008CA5BEEB2354D6ADB4D1151D2E3C0DD55F
:108248000D8CEA87341ABF098B7D388DA6D8EC09C6
:1082580075706DDA6ED44C9B212CCB0E16D2B28E73
:1082680084F580D1DF6DC7BC36DF86B5F56A09684D
:1082780003EBF85468DE6A17803E8F434100899308
:108288008331DB385C7D43D76E65340222AEB54A54
:10829800AF4FF26AF6D86E438DD289709F0DAA4B04
:1082A8006C1E92E152770A7504EFB0D8F01F56ADF4
:1082B8002F9A0FD14377A8DF69CDEBB80C70F12066
:1082C800EF1BFDD0864634A39E3A5917BA4F95D86E
:1082D800621A9F5F1C2DCAC952DC8E65B681E10EF9
:1082E800A10AE87103D03EDFBC9F986DE048DA8DA3
:1082F800ADB6EB4F4CD6AD7511F0CC1E41DFF29206
:10830800FA4F9A4FAE997FCA87316E5845A6BE91EB
:10831800ECAC3F60F296FE3F6FB8EC4842D44FEEAB
:1083280094BE93B83D3B90A07A54AE1C27672D733A
:10833800DD73F4F20E6702E331E53F2BB79B5D6D09
:10834800324B8E503CDCC75AF66BE8C825AEDAC211
:10835800810CCB6429BDB7DB7520EDBF000E1199E8
:10836800CAB7B92CD6499AB3A411A3E42FB8BC93C1
:108378001677F27B60EEFDD5940FDD3ABDFCF5294A
:1083880003651F8AD0AE1ED32135C20A1FE7932684
:10839800B3B0C671AD0AC6A6A635AEA459A61C8749
:1083A80049F11EB99D9C90EAFE88006E4FF0A143EA
:1083B80080E3C20DEEA3476CF1EBCB2B9D5E7AB543
:1083C8002EE03A7088F8EE1953253BB5612C1262FD
:1083D80034E27E60485CD91FC44A527C1E1909EBFE
:1083E800DD2A8E9C4317BEE6C7511AFCEAC1AB05CD
:1083F800C3C5D89A4285A5FB9B95CB741FD4DB3B9C
:10840800957D3A86DF2F86BDE29B7A8ACBD63516D4
:10841800E996CEA9B9D80F29758562197F303A81B6
:108428006AFDB64C10F3AD3B6D7D7B6016F0619034
:10843800A092E14A77538B2B5A50DB49F24A92912A
:10844800B01E28869AA7277E5730B7A15B56B87307
:108458009EECEE5C78FF007681F45A4957A3B9BCCC
:10846800ED19C9311C3EE6C709B1B0ADADA8A39757
:10847800215D12DA8B0E3A10953C1A512C9755DD76
:10848800DC2495242FEBE38BE29B8B08185D0A9D77
:1084980095636AFA5489612000798688931B4E7C1B
:1084A800842B91F2EBA80BD05ADC073FC9ECB30937
:1084B800A2258C1B29B09B32654565E71A7E3A9A3E
:1084C80043CA0B9219763B7BA490B5254ADBD00EA4
:1084D80018683BD3E97192ABD5D36B9B36D1AEE22A
:1084E800F30413B9830411393040F2567EE578EE6F
:1084F80065A0FA891575F7A1AB08419B5A6B9AE5F7
:10850800292DC861CDCB4FB5D5B100ECA4A90A1E61
:108518000A54823C7150834DD85E06B52AFA5DC074
:10852800731D9C1046C41DBF23ECABFCE715A9E7DF
:108538006B9798FAC98D55B0CEA462CCAE2DA468BD
:10854800FB0F6C2C8EA763EDEA7A927BAC93FA4909
:10855800E9F43E2FD37FAAD9E5751D17526EA36E95
:10856800DAA7E6D88F2A75CDB2DB2CC309C2F5C2CB
:1085780014A5A32EC4A5B18EDD4A4EE1C79E8E9EDA
:10858800FD64D57C7A94D216D289F99AF3E7827B76
:10859800AD61E552BA3B9443C139BE876356131F98
:1085A80017D74A066F233493FBB6E6B88EEA923E95
:1085B800E9792F27FF00A0E1C374DDC216E6EB3D81
:1085C8005B9AB5A9B92B4F93FB198D43C2EA8A4E22
:1085D800E5136CC95CA5A3E8A11C2D3E3D3AB80E75
:1085E800C94E6EC947AC58FCDA86B4CB971C71A14A
:1085F800EDD5F5F166CF6D29203B796A52A255F584
:10860800EDB45A40FA24700F6080E51B73F15B0FDC
:108618004ED3A5FA21440B7538B63AB9213F075F06
:1086280071CEDA9D57F32BA1C24FD5678AB7472180
:10863800AB9F7B635DC6B53A3C013FBE3FA4BCE53A
:108648002B5069309CCACEAEEE642826EDA84A812C
:108658003272BA22A26C49497DA69F5EC7A1A77A49
:108668004A3ACF84A8A49F00F1151774BB2B1F4367
:10867800BAA76F54B1E626209DA410403E0C44F1E1
:10868800BABEB5575D31C384BA9C813231AA690537
:108698000AB7992E63214B8C140BB1A1861D52E5A4
:1086A8003CE805B496BDD01456543D0DE7D46C642F
:1086B800AF737B7F4DD40FA9EEB7924F1C8107246F
:1086C800ED8C2FBD3AD7AA64E9FC576B5A732489FD
:1086D8000DA220DA479F1D31DE60125AF6A5BCE2D2
:1086E800550DC427A52E07878292525636E132AC23
:1086F8008C275B6A0DF44103A8704111E2676EC6CE
:108708007B72B3C39A0CEE8F35CEEBE2E3F651ECF5
:108718006363D542BDD9D177EC4992B7DD90FA9819
:108728002402594ADE2842B61D5D3D5E878A355CC3
:108738001CEC2F03AD5D32E2B86D23D5D22278242C
:10874800924E7B09809EFF00860E51323E759961DC
:10875800A5C518D3EA58B308DFC25D65DED9207D08
:10876800D2EA41FE8389AD1C412D5B3EC75622AD3E
:108778004A138227EF31FDA08D6FC323609AC3ADE2
:108788009A7501A0DD6DA530C9A13207BADB8CBC92
:10879800D4B4F48FB072527FA2B6E2C9DD7435FA50
:1087A8001CBB76BF40B4135519F12B06CBE55429F1
:1087B800C1EA584C80EA527FB750FEFC1E11E571A1
:1087C8003359433FCEFD89C73AD19C6B0CA5BBF109
:1087D800EA6185B319B1FD025676E17296C8D34AAB
:1087E8005A6F543F10AB0B59043F1A0E456D3DBEEE
:1087F800AF23B70D2A659FF5D2823843740E02EC79
:108808007E27D8BCB6339C2F330DA8C59B54FD6278
:10881800960784BACBBDD09DFEE97147FC78AB764C
:108828003DE0573DF6C28BBD6A7540C111F706524F
:1088380007966D3EA3CF73A9AE64701BB1AFA0AC11
:108848005597E5EEA949666BEA79B61869D29F3D56
:108858009EE3C952C0D894A4A771BF10D1687BA069
:10886800AC4D16D59735C9A827A44C77320007C652
:1088780065684EA3F2F38FB7A78E377516BAFA0557
:108888007B20CDAC14D122B4DB03C38A82A61B4B58
:10889800B11C6C12B414A943DDD9615B93C5D7D15F
:1088A8006F4E57BCBAD3698A07AC07771D20639E01
:1088B8009812237FF32BDD27D04C58E0FB630B3451
:1088C8001452D4E0AC8ED57467572E3A5452DCB9A2
:1088D800CB90D2D529C776EE6CAD9012A09481B614
:1088E800E532888C6C95969D4FD18A7EEB4CC606F6
:1088F800477748C93BE702600505735FA6F4D826A9
:10890800615D63470615726E9B9899B02124A62B6A
:1089180013A2495477971D249E865DD92B08DF64DE
:1089280012A48F00714AAB035C3A795E1F5DB4658F
:10893800BD50E608EA990369062478272139FF0023
:108948000C0C6253F9CE6599F6C88B02A58AC0BD96
:10895800BC29D79DEE103EE12D249FFD0E25B512B2
:10896800E256BFB1D45CEAD52B46008FBCFE173F58
:1089780098AB38D937317ACF90C4712A8789E04FBC
:10898800D5BAE0F29321C4331D28DFEA56FA87F8F6
:108998001FA716CE4AE863601094A693FF00022A28
:1089A800639F2ECAD4977D9D27D4ECDA9276FEFC7D
:1089B8002E10FD482B4F2D92BCDF49253EE1D8668D
:1089C8002ECA73CFCCE58C7DCF0139357912784822
:1089D800E6C2D9E7D5BBAF42BA58DFD7A8C90491D8
:1089E800FECF05A729AED95B9CCCE87C5D77D2B9D0
:1089F800F87F71B62D58509D4F257E12CCB403D206
:108A080009F50858250AFB2B7F870AA53F51B0B204
:108A1800357D386A56AEA3CEE3C159558764996E41
:108A280080EA44B6AEB1BDA5C44BB537B4938ADA73
:108A38001223AC8EB694A4F94794A16DB89F45252E
:108A48002A1BF19CC2EA6ECAE6542BD5D2EE9DD4FD
:108A5800DEE083CF8FEC10AFCAAE6C5DC7F97EB88D
:108A6800D5409977ADB306BE452B168E2132BB9201
:108A78001D722AA3C87590039DA7E3B9BBA1214A1B
:108A8800494EFE4F16C5C7C32F5EE9BACFA364EBA4
:108A98009F980889DE492083DE08ED91BA286F98EF
:108AA80017B3BD11C5B51A0487F1E6EEA2584EB743
:108AB800318A1D7E335063BAB90DB0A701014A71DE
:108AC800B4A52E11B80ADF6DF879ABD4D0E1E7F878
:108AD8005646A46E2CA9D769E9EA0663C024C4FDEA
:108AE80037E167066F9965DCC267B530E8F1971220
:108AF800EAD945550D143529F532D15297D2A71523
:108B0800E5C714B5ADC75D57A92A27603C512F3575
:108B18004E02E7B73715755AED6526F86819C7DFAD
:108B2800F72568254B78BF223CB2172D64C597926C
:108B3800C8EA74B6956C2C6DDD4F8423E3DA6D209A
:108B48006EA3E88413EA40E3429B0526C72BA6E9F7
:108B58001A68D36D8511BEE7EAA3ACC0CFC1F97915
:108B68006E4E49216BCBF5A2DD37F61DCF0E26A23E
:108B780032D4B6CAC7A80F3EBEB1F6007C38270269
:108B880056B8C9C261D7E2EA9D8AF2CBA105857BB6
:108B98005DE59AF30B66B6DCA63ADD2B41207A0236
:108BA800DA54785E10E49534B5266D0318ED92E337
:108BB800BCDBB4970F3DEF36A494A9B798747A8FAD
:108BC800E43C04E4E5E556F3F6639C2AD7C2542254
:108BD800D8DB5A5695049290991DC2DEE76D80DC69
:108BE80023FDF09BBA04616AC11D43A4F12A8E25B6
:108BF80027F5DF95AD30D7C888772780E42BB611E5
:108C0800DB8D7507644A6D3F04AB7F75D46FF2A89E
:108C18001DBE0471154A4DA9BEEB2752D1EDB531E1
:108C2800F1443BB8DFF2A78BEE4B75A2A34BA6E944
:108C3800262D71875F5448F2C4E9CEC9852D922646
:108C4800894925094ADB510A2B4FD3A5C3F1DB8A91
:108C5800EEB77F4F4EEB12B68574CB536B44B4839B
:108C6800C990779FA7FD4418172C9AF3134CABF4BF
:108C780093239782D452C3ACB5AC5CD8AF4A9B312E
:108C8800C4D87FDCE049086C2923F4EFB8FAF0F681
:108C9800D1A91D27CFF2A5B5D2AF596CDB5A85A152
:108CA800A03848927DEDFB4230A4D3AE5F391AC29A
:108CB80064669303F2ADDF498C2C24203F6562E99A
:108CC8001B88F1D006CDA4EDE424048F054761C4C8
:108CD800ACA4DA590B5F4DD1ADB4D1F084BBB9DF88
:108CE800F0A419397DDF35DABB233CD5975FAAC0DC
:108CF80030F8EAB1B08CCF5A9B815C95FBB15BF838
:108D0800B926439D2D957EA51EAD80090383F319D1
:108D18005B31D22021D9CE641CD16B91B8BD80F5CE
:108D2800163AA1DC90A2C2931E8F1F889EA5241E0E
:108D38009E91D2D0DB61FA9C58D81E16E50380A913
:108D4800BE50E3BFAD5AFF0098F3072EA9C854944C
:108D58007191418D45711D22333D212DA120FA14B9
:108D68003091BEDF33AAE0B7265076042FFFD90032
:108D7800FFD8FFE000104A4649460001010200768C
:108D880000760000FFDB0043000302020202020338
:108D9800020202030303030406040404040408068D
:108DA80006050609080A0A090809090A0C0F0C0A27
:108DB8000B0E0B09090D110D0E0F101011100A0CD6
:108DC80012131210130F101010FFDB0043010303DE
:108DD8000304030408040408100B090B10101010F6
:108DE800101010101010101010101010101010107B
:108DF800101010101010101010101010101010106B
:108E08001010101010101010101010101010FFC0BB
:108E1800001108002F005003011100021101031175
:108E280001FFC40019000003010101000000000057
:108E3800000000000000060708090503FFC4003809
:108E480010000103020404030604050500000000E5
:108E5800000102030405060007111208213141131D
:108E680014710915222351613242628124337291AF
:108E7800A14344528283FFC4001C01000104030182
:108E880000000000000000000000000501020607C5
:108E980000030408FFC4003611000102040404049E
:108EA800040407010000000000010002030411216E
:108EB800051231410651617107228191131432C1A3
:108EC800426272A11623245282B1D1F0FFDA000C5B
:108ED80003010002110311003F00D44AE566996EB0
:108EE800D1E6D7AB331B8B029D1DC9725F59D12DBB
:108EF800B484952947D0038C58B31AFBCE7A8DEFEA
:108F08005EA871217E3B2BDC824BB4DB0AD6725300
:108F1800AD33354C9D7C69094286E8CCEA95BA7F29
:108F2800D47549681DA95635935BA7D364BAAEDDDD
:108F3800F77502B8ABD2EFABCEAB665569C44E69D4
:108F4800B9454AF7387342CBCB63F0996A05259641
:108F580036ED65050A292B29012A6A9C054D0A7BED
:108F6800E5CDA7977C2E40859BBC4AD566D5F302F4
:108F7800A43DE347B5D2F2A4CA885475121F4A9596
:108F8800A1789D495B876A0F4DCBE9CF1E6A0CA873
:108F9800AC437E4A45C3DC2B89713442D936010C77
:108FA80058BDD668E95DCF417ECBC2EAF696E65455
:108FB800B94B4D9B61D02951771285545D765BC5BD
:108FC8003F7D850907D30262633109258D002B6631
:108FD8004BC22C3A1B47CE4C3DCEFCA0347EF52B21
:108FE800C6DBF695E6A4394937558D6DD5A3120A27
:108FF800D30D6F44740EFA1515A75F5C633188AD05
:109008003E76823A6A9F37E11E1915BFD2C67B1D8C
:10901800D68E1F6A23AB917949C6FD35EA9E585D05
:10902800750B37346231BCD3E5CB718135B40FC2CF
:10903800E25B56D7503A079BF891F986982D2F395D
:109048000A6C794D08D8AAAB88F83713E1839E3BA0
:1090580073C23A3DB522BC8EED3DF5D8949ACABB91
:10906800C67D2E5D7B84FE23CD461D1AB92046623F
:109078004541D2B7ADEABEBF22421C513F256A29FD
:109088003A83B79820ED52B1D00EC5454DEE17334F
:109098002FE05EB06AF78709D75D5E6D3EB1265353
:1090A800AED01E44B75BF2B5F8C82A68216140F813
:1090B80032D9D51A6BA6AA6D5D7183915846EAE23A
:1090C800E0B73965E6DE514662E079C5DCB6B39EA5
:1090D800E6AB78C7E6AD481F29D5F7DCA40D144FD9
:1090E8005521587B4D6C9AE14286B8E3B92A156A36
:1090F80025AF90B6F5413127E6254BC39CFEBCA3AE
:1091080052E3FCC90EAFF40092A3F66C8C238D2CAD
:109118009028DDCACD0EB136B39DAFD2D2BB36C4CE
:109128000C5B76251E48D5A972D2098A95A4FE241F
:10913800A06E9B23AEF5A9093D4E113BB2EB6485A9
:10914800323D896857B8BDCCA8E6B3322CD722DAAD
:1091580091A692AF79D71D24AE5B9AF3525B515119
:10916800D7EA164684271CB333025E118875DBBA2A
:109178009170C602FE25C49922D346EAE3C9A353D7
:10918800DF61DD2820D5AA19A19AB4DA8E61D6A5A7
:109198004F7EE2AE436AA9354BD1C521D7D085842D
:1091A8009E88012ADA9006891A6839622F531A2094
:1091B800310D6A47EEBD3F120C3C1B0A7C3C3D81D9
:1091C800A21B1D94750D2457FB89373B92A839BC07
:1091D80017C6A849CCC9D4BAB316FD16817447A4DA
:1091E800D127D66528471101064ACED05521692ACC
:1091F80043684F2D55A8D770C77990A988F69A006B
:109208004004E94DFBF2A7350487E203E089286FA3
:109218006FC489121973DAC02A4D3C82E68D162470
:109228009E54D923F383286AB9555CF09D7D87E85D
:10923800B5190F9A1C9F3F1DF7E7C26D412996503B
:10924800C9212859D40274E7AA74D5271C71A03AF9
:1092580003B983A75EB4534C071E858D40B54446B9
:10926800819C652035C6F96A40351CBD74282A8F53
:1092780059AADBF55875DA154A440A8C0752FC4995
:1092880071D7B1C61C4F30A4ABFC1EC475D472C6CE
:1092980086B9CC21CD3708C4C4BC29A84E811DA1EC
:1092A800CD70A106E0D7FF007FC56D5D16F53F8E36
:1092B8000E1ED199749A730DE6959AD2E1541B61EA
:1092C800013E7C369DEA674FA38925C6BFE2BDC92A
:1092D800E8712C9499F9B859CFD42C579678CF8641
:1092E800FF008631332F0EF09FE667E92743D5A6A6
:1092F800DD6C7753BDEB77552F1B26CDCEA872D6E4
:109308009BBECF96C5B95892490EBAE303C7A5CC00
:109318005F7DE5085B2A279EE6B9F5D31D3D5453CA
:10932800A2A6727AE88762717D06A949DB1ED7CFAB
:109338005B799AE466D3AF86DCD7105D52076D433C
:10934800C9787FE8061C2C534DD0771717E2DFCD7C
:109358003CD5B9597B536B50605874A20F344AA856
:109368006AF4C527F50612B4FD7E2C23AE539B4044
:1093780012AF38EDBA844AAE5AF0D36F23F8BA3C2C
:10938800089E71B09FE6572AA52E3CA50EE5B6D4D7
:10939800DA3FA538422B60B01D4A67F1FB0A0E5F21
:1093A800D2B2AF262DF496A8F6FD21F90840E5BD06
:1093B800C052D070FEA3F3093F559C05C69FE663D3
:1093C8000752AF1F0824D820CD4E11725AD1D2D9D6
:1093D8008FBD9480CC8721BCDCC69C536E465879DF
:1093E8000B1C8A5483B811E85230101A5F95FD950A
:1093F800CA5A220CA77B7BD95FF69B55EAA5CB6F8F
:109408005AEBAC79AB85FB6A9D7C488115720541A6
:10941800A90F4B2F3EE45756E0880250E1086949EE
:10942800E8B59D4AB9938C6B9CF0DFC540EEB5AEAC
:10943800DB53A515113AE812F2D1A68332C1111FE8
:109448000438E5C946B32B43800625E82A41D86D80
:1094580064537EE5E3598358BBE935DC83B11DAF1E
:10946800C6A6FBE2153DC71C44D9EC3A143C46A6F7
:10947800360250F25D4942D013B77949DC776B8DDB
:10948800B160FC52E0E86336BD7BD46FCD0EC2F10B
:109498004385C3968B027A28845D91CE0065691452
:1094A800B163B56E535049AD2A2829459ABA2D3F64
:1094B8000AD2A0A1C8857507B83F7079623ABD1075
:1094C80028402157BECD5B965C1CD7B92D70B3E5FB
:1094D800AAB4312D48EDE2C779212AF5DAE9183125
:1094E800833C88CE66C457D5551E2E4A322E1706A1
:1094F8006A9E663E95E8E1FF004550A67A5991ECD0
:109508008CE7CEEB029CD06E9D54A28B9A23291A2D
:1095180025A71A75A94368EDA15C903ECAD3078EAA
:10952800B454003BAF772B6E41C81C81CD2647F160
:109538005645DF2692A70752C091E3253FD811E888
:1095480070BB552735C2B96626FEBFA144755E2299
:109558002F5CE09B21EEFBD969D623363D36A94323
:10956800F7C26A52847192A946677B416A75E927F6
:10957800C7661D7AB553415730511818EC9FDBE187
:1095880023D061C35486CD463ED37B56509F63DFBC
:10959800286C98DE14BA3BCBD39217A879B07D40DB
:1095A8005E9E98078CB0D5910E9A2BBBC1F9E6FC4C
:1095B80039A933F5795FE9F49FB2861D4EF6DC6C64
:1095C80072DC928D4F6279601ABA8115E8B51B87F3
:1095D8002B2E8F7CD7ED5E252897521C65CB162D38
:1095E800AAFD252C8DEC4B63687372F5E44141F8B4
:1095F80074D7983D08C49E52107B84C83F872D17A6
:109608009A78AF108F86C18FC391E15088EE8A1D7A
:109618005D5AEB8B75AEB5E899D5D5B4FE7ED9AC5D
:10962800C12152A2506ACED436F54455AE3A5ADD1D
:10963800A7653A9569AF5DA71D2FBCD369C8D7B593
:10964800A8A372D56E033062685F0C37F500ECD4BE
:10965800FF001D7D1651676D318A2E71DF54988881
:1096680009622DC7514349039049794A03F6DDA79A
:10967800ED88ACC0CB19E3A9FF006BD43C3D18CCF6
:1096880060F2B19DA986CAFB00A90F6695AB2E763C
:1096980064DD179168F94A551D14FDFA722FC874D4
:1096A8002B683FD0DEB82583C3262B9FB01455EF17
:1096B8008BB3CD87874094ADDEFAFA3452BEE68B81
:1096C800999FF598B75E7D67BDDF1541702D4B35C5
:1096D8005422EA7A192EA988C94EBF5DEB747FD04F
:1096E800E0F1D6AA831A21998C6BC0A5B10769F35A
:1096F800150CC77BCBA7B9F84A397EF85D926E8006
:10970800F2EEAE945E994D35F50296EEE5C970938A
:10971800DDCA8C7D49FEF8409E9B7C07BDAF15F5E0
:109728005320FCD7A0D6F4D7BABCD249C386A98E99
:10973800D15ED9E794546CEACB6AB5855773C033C8
:10974800109761CA09D5512520EAD3A3EBA1E447B4
:1097580074950EF8D733004CC330CA31C3B8DC5EF9
:109768001DC461CFC2BD0F986999A751EDA750B12B
:10977800FEFEB02EBCB2BAE6D977A525702A90179E
:10978800B5682094388D4EC75B5745B6A1CD2A1EC3
:1097980087982043E2427407E489A85EB2C331394E
:1097A8005C6255B3928ECD0DDEFD88D9C371EA3562
:1097B8005DECA2CF5CCAC91AB2EA56157CC76642EC
:1097C80082A5C0909F1A1CBD0683C46C9FC5A72D97
:1097D800E9215F7ED8D92F351A54F90FA6C87E39EA
:1097E800C3586F10C210A7D8096E8E068E6F63F625
:1097F800350AC2B0FDA1994ADB352B8AF2CB8A958E
:109808001AE79CD35E6DDA636994DD414D021B4F04
:1098180088A295A00D48014344EA4EB82F0B168440
:109828002AE7B7CDD154D89F8598ABF24BCA4C35AF
:10983800F01A4D331232575B52849B5C6AA2B79878
:10984800BB33A733E6B940A13D3ABB76D5A44C6AF1
:109858001303710A75D2BD353D1080402B3C804EF4
:10986800A701A8E998BE51727457133E5B87F0C6EA
:1098780088CECB0A0B002E3C9A29A6B73A017DA8C0
:10988800AF9A954AD9E02B86C6E8CD4C893AF6AC12
:10989800071C6B6FFBAA92D237BDCF9F80C2741A88
:1098A80091CC2523915E2552B2E2560866FBF75EFD
:1098B8005FE2AE2189C4F89BE71C0860B301D9A315
:1098C80041DCEA7A9526661C47F2B72128B6956DE1
:1098D800E5AAEECCC9C9BC6BE5D27C66A9ED6EF2EF
:1098E8006DB9DF738B5ADD20F7F4C6E366A8E8B9D3
:1098F800AA69D26D55CC93C3170F859064B6A37A25
:10990800D75AEA509756A7D217F43B124617420285
:109918004E654AEA952289128B2F9A5EA3D5A42C0C
:1099280073D48536E34E8FF2DE113D38F85EB88584
:10993800B7C61D1E6361419A956EA301613D76CA43
:109948000E293FB6BB318DD5348B2D602370D09E48
:1099580098DAB5A01CD9C8FCB6CE9A3228D7EDBC87
:10996800DCE2CEEF2B2D0A2D4A8A4F52D3A3E24FC9
:10997800DC1D527B838D11E5A14CB72C408CE0BCDB
:10998800438870F46F8D231295D41B87771A7DF95D
:10999800291EE8F663BCB96B72C6CD74A23A89D8A1
:1099A800C55E9DBD691AF42E34A1BBD4A70222E07E
:1099B800D7391FEE15AD25E3000D1F392B7DCB1DC3
:1099C800AFA387DE8BC6D9F66354552D0ABBF36661
:1099D8003A63255F1B749A610E287D02DD5109FEEA
:1099E800C7190F0671FA9F6E89D39E30C20DA4A4C1
:1099F800A9CDF9DD6F668BFBA7157E3644701D97E0
:109A08006E5C145B5DF9554AA2BC947715F36755F3
:109A180024685410E4823469B1A6A40D00EC951CA6
:109A280014812D0A547F2C5F9EEAAEC7B89B12E2C0
:109A38005881D3D12A068D1668EC3EE6A7AA8D2D4B
:109A4800CB9E7E7AE6657B3DB3CA42A7DB96447619
:109A5800AA751811C7C2A4177643A6C76FF2B6B77E
:109A6800880B51E5A05151F8B1B85CD4A054CB652E
:109A7800C9A2A2B7C44675D42FECCC5A99A3B08713
:109A8800EE1B80B4A0A116930D216633290771F847
:109A9800025A4803F32947BE135294D851545C1113
:109AA800313F38B35EFEE262E18ED34A7DC4D1A96C
:109AB800315241111A29492DA47608692CA3EE7751
:109AC8009E870E1735486C28BFFFD900FFD8FFE0E6
:109AD80000104A464946000101020076007600005F
:109AE800FFDB004300030202020202030202020338
:109AF800030303040604040404040806060506090F
:109B0800080A0A090809090A0C0F0C0A0B0E0B09A6
:109B1800090D110D0E0F101011100A0C121312104E
:109B2800130F101010FFDB004301030303040304A9
:109B380008040408100B090B101010101010101056
:109B4800101010101010101010101010101010100D
:109B580010101010101010101010101010101010FD
:109B680010101010101010101010FFC00011080075
:109B78005601C203011100021101031101FFC400C3
:109B88001D000002010501010000000000000000A6
:109B9800000007080600010405090302FFC4005C71
:109BA800100001030302040206030A0808080F0054
:109BB80000010203040506110007081221311341B0
:109BC8000914223251614271811516235262729131
:109BD800A1C1D217183357829296B135475373866D
:109BE800A3B2C22426344354A2A4D125273637551C
:109BF80063667475839394A5B3B4FFC4001C010015
:109C08000300020301000000000000000000000043
:109C18000102050603070804FFC4004311000201FE
:109C2800020303040F0801040203000000000102FC
:109C38000311042131050641125171D1071314157E
:109C480016223242536181919293A1445254628206
:109C5800B1C1E1F023334372A2D22434F1FFDA0018
:109C68000C03010002110311003F009B70FD69EF16
:109C7800D711756BD9A1C4EDE36F0B62A298E5B15A
:109C880025F91E28716F608C3C80803C2C63AF7F67
:109C98002C6A15D96EC8339E0B3789D4FE1F8CBB2E
:109CA800ED4A3F043D8FFF00AB4F92F9C5CA5CC631
:109CB800A6A7C3B71A3B74DAAADB65C4A4ABA5711F
:109CC800873A69B582A497BF25224175B24FCD481E
:109CD800FAC68B34174C9B70B9C56D4B75AB751DA7
:109CE800ABDD1B7D16F5FD444ACBAC250A69B96985
:109CF8006884BB86D4496DD4120A9192083CC9384D
:109D0800C80277C81AB0CB6A8915BE3FAD8DE0BAD4
:109D1800B6E6874FDAFA7D62A30854D4AAD43A4843
:109D2800529F75BF0FF024A11ED2DB0BC9206467B8
:109D3800909181D264546C157866A2DF56F6C559A5
:109D4800F46DC932BEF86340E592894E788F34824B
:109D5800E28B4DB8AC9CA92D16D27AE41183DB4D69
:109D68006827A84FD3115A00AD0056802B4015A084
:109D78000AD0056802B4015A00AD0056802B401580
:109D8800A008C6E7C7BB65EDCDCD1AC27FC1B8DD57
:109D9800A4CA4529C0A0929945A5787827A03CD89F
:109DA800C13D01C1D0C10ACFA3E6C5DEFB4A55E7D4
:109DB8002F726995FA551E6FABFABC6AD7881D7A5F
:109DC8006852CBAF212B2558E5290A5F651C77E53A
:109DD800CEA6372A561CDD51256802B4015A00ADBB
:109DE8000056802B4015A00AD00249C4ADCBBC3C1C
:109DF800366FA50377A1DE372D5F6E2B1393EBB477
:109E08007726B8E468CE1490FC60D925290A473330
:109E1800AD7C16952476198774EE5AB3561CCA156C
:109E2800729572D160DC3429CD4DA754A3B72A2C82
:109E3800868E50EB4B4852543EB046AC833F401A96
:109E48007BC2ECA158B6BD52F0B9A6A6252E911535
:109E5800C9729E3F450919C01E6A3D001DC9207977
:109E6800E8D035148E1513BDFBF1B8354DFABC6F2B
:109E78007B9693637DD179CA3DBEDD41C44694B0DB
:109E88004A52DF860E0B0D0C051ECB701F20ACC28C
:109E9800BB7729D96439FAB24AD00568039DBC74E6
:109EA80071535BAADDAADA2DB3B86640A7D05FC5A7
:109EB8005E753DF5B4ECB9C3A7ABA568215C8D13FD
:109EC80085007DA73A7D0198932E2B898F48BA2E5D
:109ED8000E126C48F7B6E55CF5AAFEEADD10D4AAC6
:109EE8000DB550AAC87A3D1622C60CA96D95905694
:109EF8007B729EB9F606087140D0350016E1DD2D5B
:109F0800EDBBEA959ABDF93D86DB4AAA77057E7CCA
:109F1800E75B894D8D9C175C08200FC56DA4005424
:109F280070948EE44E6CAD0D85F9BE528DB9FC1659
:109F38006D5D42B34CB35977C5952A5495FDD2AFA0
:109F480048181EB12979CA11EC8E48E8212818CE84
:109F58004F62E2B04AE183869B9F73217F09FBA38E
:109F680077D56DBDBA85978BEF551C8CBA9A527D03
:109F7800AE55A94034C0C614E9EFD423CD491B51CE
:109F88005CA93B2392952A988A8A8D18B949E4924C
:109F9800576DFA92D43B6E17A4036A36DE9AD59FA2
:109FA800B2F6DAEE4FB9CCA62C77F9951A9CCA52BC
:109FB80030909528171E031DC000F7E63AC3E276D5
:109FC800E52A7E2D15CA7EE5FD9DADB07B116D2C71
:109FD8007255B6A4D518FDDF2A7EED23ED6DFA85FE
:109FE80092F4E38388EBC9D70357B22DE8AB24A6D4
:109FF80035122A18E51F0F155CEE9FEB6B0D576B9A
:10A00800E2EAF9D6E8FF002E76A6CDEC69BB7B39EB
:10A018002BD0EDB2E79B6FE8AD1FA03E8DB89BDF5C
:10A028007A55DAA741BE6F9ADD4E49FC1C78D529CE
:10A038006FBCE1F9210A27F5635F2AAF88AB2B29AA
:10A0480049BE966C33D91B0F66D1752A50A54E0BA5
:10A0580056E30497B5A091F7738DBD96A7A2ECA817
:10A06800CADC5A452D85254B76A6552E223270031B
:10A07800A874AD2807B7B413F5EBEBE5ED1C22E5A2
:10A08800BE525EBCD1AD772EE46F1D4784A6A8CE24
:10A098006F846D197B1C792DFB2E323B7F74C5E3D1
:10A0A8009F6D66409970556C9DC7B552842A751688
:10A0B80073ECB0EA1CCF238594AC071A5292A0A483
:10A0C80013CC8527D95608CEC3B371DDDD06A59418
:10A0D80096BD67486FE6E6BDD2C5C65424E542A5DD
:10A0E800F92DEA9AD62F9ED74D3E2B85D3140DD540
:10A0F8006788AD96BADDB3AFABD2ED872900B91D3D
:10A10800F6EB92951E6339C07595F38E74FC47453E
:10A1180024F450075F7E68D1159E8187839E306B3B
:10A12800966DD28B03766E59952B6AB8F25B8D507B
:10A13800A8C953CBA5C951C0E671649F016480A02A
:10A148004E10AC2860156A93B09C6FA11AE33F6269
:10A158002A1B15B829B8ECE72644B46E871C7E1272
:10A1680063BEB4260CAF79D8DEC9184F5E76FF00FF
:10A1780024A923DCD26AC38BB92EE12373AADBA3FB
:10A18800675C9C2FDCF7A55204FAAC57275A558414
:10A19800CE751222CB6FF08A64380F39485243814A
:10A1A80039EA90F27B1034D3E026B8989C2AF11152
:10A1B800B93B71BF036DF78AECAD4C815292BA047A
:10A1C800B62AD39C9029D504B852D2D25C279417CA
:10A1D8000786A39C10E255E43427679834AD91D2E2
:10A1E800B1D756417D00259E8FE60C4DC2DF187D04
:10A1F8008335D6518FAA44D1A88EA54874F56495A5
:10A20800A0049776696D51BD231B6D50B7878732BF
:10A21800B14F69EA886FBAC06E5B4A52BEB69B48B6
:10A228003F248D43F28B5E48ECA7DD1F56AC834B71
:10A2380075DEF6758D0454EF3BA693438A428A5E19
:10A24800A84C6E3A55CA32794AC8C900F619D1A045
:10A258001B3813A1D4E0C7A953E421F8B29A43EC00
:10A26800BAD9CA5C6D40292A07CC1041FB74019108
:10A27800A00C4AB55E9541A73F57ADD4A2D3E0C51F
:10A288004788FC994F25A69A4FC54B510123EB3AB5
:10A29800000257F8F6E18A83355045FCBA92DB3C58
:10A2A800AB5D3A9EFBED83F9E12127EB048D4F2945
:10A2B80015C964A6C0E2C787EDCB98CD32D8DC9A21
:10A2C80077AFC83CAD449C170DD715E4940782427C
:10A2D800CFC9249D3BA62B34173BE988BE80233782
:10A2E8007EE66DF582E4462F4BD28D457A7AC222FE
:10A2F800B336621A71F2541239104F32BDA20640B9
:10A30800EE74AF60B5CD9DC372DBD69529EAEDD169
:10A318005C8149A747197654D90865A47C8A94407A
:10A32800CFCBB9D3D000FC8E3738608F2BD515BA78
:10A33800719641C171A812DC6FFAE968823E634BDD
:10A348009487C96106C2DE2DAEDD042D5605F74699
:10A35800ADADB1CCE33164A4BCD8F8A9A385A47C85
:10A36800C8D09DC1AB12C97322408CECD9D25A8F88
:10A378001D84171D75D58421091D4A94A3D001F1A8
:10A388003A620395EE32F868B765AE0CCDD6A6C82A
:10A3980079B514A84065F98907F3D94293FA0E975D
:10A3A800290F92C94EDE6FEECEEEB3EA8760EE0556
:10A3B8002AAB3129E630D2E16A4E31927C17025637
:10A3C80040F320634269834D040D311E1366C3A711
:10A3D800447675425331A33082E3AF3CE0421B48D8
:10A3E800EEA528F403E67401ACB5EF4B46F58F2AC9
:10A3F8005D9F72D32B4C429062487A04A43EDB6F77
:10A4080004A5450548247300A49C67CC68B81B774D
:10A418009E66332B9121D434D3492B5AD6A094A5C8
:10A428002064924F4000F3D0047ED0DC6B0F703D67
:10A438007CD9177D26BC9A63A9625AE9D292FA1A86
:10A448007149E64A4A9248C91D7A1D2BDC2C462FD1
:10A45800EE24763B6C67AA937AEE45260D41BF7EC3
:10A468001B6A54890D9F829B642949FE901A2E907D
:10A47800ECD9A2A1718FC34DC329B850B76694C354
:10A48800CEAB95227B6F43493F9CF2129FD7A39492
:10A498008392C30C499127C66A6C192D488EF20322
:10A4A8008D3AD2C2D0B49190A4A87420FC46988862
:10A4B8009EE06F1ED7ED632877702F8A4D10BA394A
:10A4C8009B6643E3C7707C50D272E287CC24E9369E
:10A4D80090D26C80D2F8D7E18EAD2C426774E147F8
:10A4E800714AE54AA6449319B27FCE38D848FB484A
:10A4F800D1CA41C961969557A557603355A254E210
:10A50800D421484F3B3262BC975A713F14AD248224
:10A518003EA3A6232F40119DC8DBDB6B74ECAAADCC
:10A52800897643F58A755582D2F1D16D2FBA1D6CA3
:10A53800FD15A1402927E23E1A1AB8276150E15EAD
:10A54800FEB976037367708FBB72BF05E3A9EB4E44
:10A55800A0B3869E4B84A836827A043BED2903E893
:10A56800B81C6FB903509DB265BCF31D4C8C67567F
:10A57800409BEF256AA7C5C6F2B3C3AD8F3DD6ECA5
:10A588005B4E4226DE9568EAC25E750AC08CDABC6C
:10A59800CA540A47C5CE6560867ACBCDD8A592B88D
:10A5A800DD5068548B628B0ADEA05399814EA73028
:10A5B80088D163329C21A69030948F900354499F90
:10A5C800A00AD000538B7DEF1B1FB453EB14D9089E
:10A5D80045C35826994549EE990B49E67B1F0690D5
:10A5E80014BF873040F3D293B21A576221C3B5AB78
:10A5F8006ED856BD538ABDD4866753A8324C6B5A61
:10A608009AFABDAACD6CE4859CF74B6AC92AFC600E
:10A61800B575F0F0617396F3C81BC189B8FC4C6E30
:10A62800D3CE499A89B5FAFBCB95366C95144583F8
:10A638001903DB7567FE6A3B28C003C80006547A15
:10A64800AD47A232374EF8B751019DA8DAC79D161B
:10A658004D1A478AE4D5A791EB867A472AAA0F8F25
:10A66800C5EE196CF442307DE2700227FC2FF0F53C
:10A6780040BBA04FDEBDE6929A5ED9DAFCCEBEA7FB
:10A68800C948AABC83D594E3A9682B09572F55A8B4
:10A6980086D3D4AB1339C6941D4A8EC91F560B05F1
:10A6A80088DA589860F09072A9376497F9A716F479
:10A6B8004B3669B88EE25EE1DF2AB26934E6DCA285
:10A6C80058F4B21BA4D0DAC211C881843AFA53EC08
:10A6D800A9780309F75B1D13D72A3A763F684F1B01
:10A6E8002B6905A2FE5FF991EA9DCCDC9C26EA6104
:10A6F800D4DDA78892F1A7CDF961CD1E77ACB579E5
:10A708005920B752758F378188E18B83DBA37D9CF5
:10A718006EE7AFBEFD0ACB6DC29334207AC540A464
:10A72800E1488C1431CA0820BA41483D0051071944
:10A738004D9FB2E78CF1E59439F9FA3ACEBADF5E6B
:10A74800C8385DD84F0B874AA627EEF9B0BE8E767B
:10A75800E3C54566F56D2B5FA47B6BB41B73B454DE
:10A7680074D16C0B5A1D2DA2901E7909E691208F89
:10A77800A4EBCACADC3F59C7C00D6D987C2D2C3498
:10A788007934A363CD9B676FED1DBF5BB7ED0AAE50
:10A798006F82E0BA22B25EC47BEEB3F4885B637664
:10A7A800CBAE36D2E9CCD0E72E525C03954D0617D6
:10A7B800CC083DF23A6AB12E2A8CDCB4B3FD88D8B5
:10A7C80070AB5369E1E143CB7385ADCFCA5613DF54
:10A7D800464583568D12EBDCA9ACB8D4398DC7A396
:10A7E800432A1D1E5344B8FA87C4254509CFC79884
:10A7F800791D60760519252ACF479759DC3D9A3689
:10A80800AD29CF0FB320EF28F2A72F55F28AF6AB68
:10A81800BE8B0D9EF0ECDD91BDD683F68DEB4EF12F
:10A828005B397224B6F024427B180EB2B3EEABE269
:10A838003B287450235B1B573A293B1C97DF2D8F0D
:10A84800BBF61EF47AD1BA990FC77429DA7545B4E4
:10A8580010C5423E71CE9CF650C80B41EA927CC1AD
:10A86800493C6D58E44EE34BC3ADF34BE29F646B38
:10A878003C2FEE45413F7C74C83E35BF517D597130
:10A88800C6DAC782BC9EA5C615CA9563AA9A57C9D7
:10A898004754B35625AB3B89BC59176ED55FADC934
:10A8A8006D0BA65C969D533C8AEECCB8EE60A4FC7A
:10A8B8005394907E293F3D495A8C271A56D52AEB46
:10A8C8008B66714165B059A4EE0C0691510D743137
:10A8D800AA4DA3A6481D145285209FC68E4F73A665
:10A8E800F9C51E61E4E15B770EF3ECB50AE99AF865
:10A8F80072AF15069957EBD7D719012A59FCF4F20C
:10A9080039FD3D5A774435661774C4261C1554A979
:10A91800547DDEDFD4542A7122037227903EFA1B3D
:10A928002A024CCCE0288CE32350B5653E0373F72C
:10A93800D96BF865EFBE2A5F227A957AE3581F6FC4
:10A9480036AC9067B93C5B6C26D84379CAC6E053ED
:10A95800AA135B4928A7521D4CD92B3F8B86C94A9D
:10A968003EB5A923E7A4DA4349B061C365837B6E8A
:10A9780086EF5638B5DD0A1BB443518DEA56A51D3E
:10A98800FCF8B1E114F287940E08CB7909C80545A3
:10A99800C755800A72966EEC6F2C90D8EA89120F10
:10A9A8004A45312F58F64560B692A8B539B1828824
:10A9B800EA03B1B9BBFD6D0FD1A891701C2B1181B1
:10A9C8001AC9A0461D9AA5C447E86503564199715E
:10A9D8005C147B528550B96E09CD42A6D2E3392E5C
:10A9E8005C870FB2D3484952947EC1DBB9EDA0050C
:10A9F800176F6D8ACF1C3714ADD2DD413A2ED6D2EF
:10AA0800A6AE3DB56B25D534DCF5B670A9324A48FB
:10AA18002BC76383EF73241012AE795E36A53F14FB
:10AA28006968BB67B776E4245368362D029F190915
:10AA3800080D47A6B284E3E784F5FB74EC4DC13EEC
:10AA4800F9F069B47BBD4594BA6DBF02D9B9020A61
:10AA5800A2D569D192D02E0EC1F69184BA827BE438
:10AA6800730EE950D0E298D49A045C1E6F9DFB6780
:10AA7800EE24DE1677B5F7D753A7ADC8F469329D33
:10AA88002B710B693CC63170F571B537F846567AAB
:10AA9800E072F505204A7C18DAE2876F5648887A12
:10AAA8004FA9498FFC1D5D91D252FB2F4F865C0345
:10AAB800A8E8CBA8FD6851D448B813EA2F0C9777BB
:10AAC80010D3A1EE671515B945B71097A9565D3192
:10AAD800F5331298D280203CB1ED29D50EAAE52194
:10AAE80059E85440E50ED7CD8AF6D02937C2270D4C
:10AAF8006DC3F514ECE5B85BC63996C294E7FF0060
:10AB080050AB9F3F3CE9F250AEC5838B0E1368DB18
:10AB180025446F7DF622754ADE7ADF94CAE5456AD8
:10AB280052DCF564AD61097D85A895A7956A485200
:10AB3800095254957960832D5B345277C99B3B3613
:10AB4800D2DEDE3B2140B9774EBAEDA7B651421BA3
:10AB58006A9B4BF6575A90DFB2EBC39860A79C28C4
:10AB6800732C14A4FB2849214BD19CB50CA3A0C17C
:10AB7800D07837E1AEDF82882CED3D1E694A025459
:10AB8800FD442E5BCB3F12B7147AFD581AAE4A2704
:10AB980094C1A6F9F02BB7332DB97766CC539EB480
:10ABA8006EEA334A9D0053E53A96643AD82A08E596
:10ABB8002A25A59C612B6CA70719046749C7986AC1
:10ABC8005CE11F83EDDEAAEF3EC7D2AE3B85E2F51E
:10ABD8006A03CED2AA4F10125E799C61D207652D06
:10ABE800B536A3E5CC55A7177426ACC95710D4665B
:10ABF800ABFB13B814A7901697ADBA81008C82A44A
:10AC0800B0A527F5A4687A02D406FA345A03612A53
:10AC1800B20003C6B9E51E9F28F1C694741CB51A84
:10AC2800BA9418F53A7C9A74A485332995B0E24809
:10AC3800CE52B49491FA0EA893987C21D037CEB70F
:10AC480026F9DA6DA8ABC7B729F324466ABF712C79
:10AC580012F531A654FB6111D20825E7473004608C
:10AC6800808CF327BEB8D5F44724AC38762F031C64
:10AC78003CD9F0528AA5A3F7D35157B5227D71D597
:10AC8800485BAB3EF2BC304369C9C9E89CFC49EF5C
:10AC9800AA5144F2999178F041C37DD94E7E2B3B5D
:10ACA8007EC50A4B8921B994675719C6CFC42412A7
:10ACB800DABEA5248D3E4A17298A1D8973F11DC362
:10ACC800CEE45D3C2B6DC2D15CA95424A58A319099
:10ACD8003F070B993E289AD21594212A615CCB4AEA
:10ACE800BD84A93CD851042A15D645E4F3192DB9D9
:10ACF800E02F6FA1AD774EF6D4A6EE1DDB3CF8D35E
:10AD0800E4CE94E88BE21EA4252085B801C8E6703D
:10AD18009CF92523A6A9479C972E608356E0FB86BD
:10AD2800BACC35437F68A851C1494876136B8AEA83
:10AD38007A770B6D4159D3B217298BE5976E567800
:10AD480034E286DEDB9A557A6CFDBADCC2A6A2C76D
:10AD580094BE631A5679539C613E225C2DA4AC01C3
:10AD6800CE8747302539D4F92CA7E321E51DB564F2
:10AD780017D0001F8B6E1DDBDF1B2113EDD098B79A
:10AD8800ADB7CD2E872D2AF0D6E28614A8C563B0BC
:10AD980059482957D070255D073653571A7617B585
:10ADA800F1AFB837B6D2533692D7A25413BCD5797F
:10ADB80066DC92A4B25B2C84FB2B9609E88754329C
:10ADC80008FF009B525C59C04A733CABAB15C9CC19
:10ADD8006B3876D8DA26C1EDCC4B46029A95527874
:10ADE800FAD562A0949E6992D40732B27AF2247B93
:10ADF8002807B2464F5249A4AC4B770A1A622B4037
:10AE0800163D3401CD1E2B2B75CE2538ABA6ECEDA7
:10AE1800A7214B8B45929A04650C9436F92173A4AB
:10AE280091F9012527E4C7CF5C6F3762D64AE0E382
:10AE38008A4DC0A5DC97853B6AB6F92A1656DDB35C
:10AE4800F7068B1D9F6BD6A42484BF2303DF5ADC2F
:10AE58001CA0F9F2E7E99D0D8D1BFDCD88DF0D5B88
:10AE68004D1F66E12DB4DFF7DC56AA17A4A460AE27
:10AE7800053CF5629895771CC725CC639B0AEE14B0
:10AE88009C0F2C8167983CE1EF65EA1BE5B8B1ADF2
:10AE980074C83068D0DB33EBB51242530E0A0FB6D4
:10AEA800AE63D02D5EEA73D892A3D1274BA4A49C9D
:10AEB8009A8C55DBD1135E27B7EE9FB87320EDA6A9
:10AEC800DA349A66DA5A01316910E382844C5B639A
:10AED80097D6543B91DFC3CF5C12B3ED2CE351DA24
:10AEE8007B41E2E7C88790B4F5FAFA8F52763DDCE9
:10AEF800A8EECE13BAB151FF00E4D45E37E45F7117
:10AF08007AFEF3E2F2D16606D628EC60EFC2470E6D
:10AF18006FEFE5F6A5D65B75AB4682A43D57752461
:10AF2800A4C851EA888850ECA5E09511EEA01EC58A
:10AF380049D64B66E05E36A78DE4AD7A8D0F7FB7B4
:10AF4800BE3BAB80B50CF1152EA0B9B9E6FD4B8719
:10AF58003CBD499D5EA6D36051E9F1A954A86CC4D3
:10AF6800870DA4311D865010DB4DA461284A474047
:10AF780000000035BAC62A2B92B43C9F5AB54C45FE
:10AF88004955AB26E526DB6F36DBD5B7CECC9D33EE
:10AF98008C15F1155ADA61B7353B4B7637058B625C
:10AFA800975B6D0D3CA4494A25BCC8712A5A1A46BC
:10AFB80014B5730494129492028E3AEBE2C74A874E
:10AFC8006974EBCB929FBCDA77470DB59ED1A78BFE
:10AFD800D938775674DB6B26E29D9A4DBC92B5EE54
:10AFE800AED68005FF00481EC56DBD1A159FB51B5E
:10AFF800775B9F4AA53423454210DC08E9427B72FF
:10B00800F8854E1CF72A52324924E49D631EDAC3A0
:10B01800508AA7420DA5EC37F87628DBDB62B4B17D
:10B028009B5B1318D49BBB79CE57F5DAD1F627650D
:10B03800A235907D27F4A5C909A96CDCE6A393D5B0
:10B0480071EB4DB8B03F354D241FEB0D42DE057C4A
:10B05800E9FD7FA3EBA9D852B28DE963537EB834DA
:10B06800BDEA4FF60A532E5D81E3B36E6A166D3E54
:10B07800AAA62AF19BF5A8ECCB643551A5C803090B
:10B088007D2824871193CAAE4514A924A49048C6E4
:10B098005B0D8EA18D5FE9BCF99EA75AEF16E86D8E
:10B0A8005DD79AEED8788F2538E717EABF07EA699F
:10B0B800339CEF31B85C39EEEA50EA0D36E9B3EA71
:10B0C80029713DFC3771D4107E932EB6AFB50BF8BD
:10B0D800EBE8D0D6F541778CEA4D06EF7AD1E24E0F
:10B0E800CA60228DB8D4F4A67363198F5361212BDB
:10B0F80042F1D9452394FC54C28F9E9BE714798969
:10B10800670B91D3BE5C356E5F0EF2D4976A74906C
:10B118002BD6F0575521C512A484FC078EDE0FC923
:10B12800F3F1D0B35613C9DCBFA367725CA0EE4D30
:10B138006F6C67B8A6E35CD0FD762B4BEE89B187C0
:10B14800B49F91534A567FCD0D38B091D21D5907FF
:10B1580039B637870DB8E223787799EBFD55529ABF
:10B168001DC8EFAA220C90C83E34A93CE544A4931C
:10B17800FC9A71DBCF5095D96DD92B0763E8E2E1D2
:10B18800B4B7C8215C60FE30ABAB3FECE3F569F2C5
:10B1980050B94CD0557D1B96253A4B157DB2DCAB8A
:10B1A8009EDBAA42703F11D90962621A753D52A00E
:10B1B8000250A183E7CDA3921CAE723E8E20788AFE
:10B1C800E152F3A7DABC49259BB6D0A92FC38D71EC
:10B1D800C46878C940F794952529E75241CA9A71FD
:10B1E8002178EA952877576B50B27A0ED53AA10A9A
:10B1F800AD4F8D55A6CA6E4C498CA244779B5732E9
:10B208001D6D690A4AD27CC104107E7AB2452BD2E0
:10B218006B143BB1D44938EACDCACA47F4A2C81A5C
:10B2280099151D46AEDA47876F53118C72C3607F3C
:10B23800AB4EA9122BDE91CBCAA148DA0A458D4A3A
:10B2480075489178D65B88E007DF65A1E2149F9185
:10B2580073C1CFCB532D0A8EA31FB7165D3B6EACBF
:10B268003A058F4A69088D44A7B30D3CA3DE5212F4
:10B2780002D67E6A573289F8A8EA912F3249A00A85
:10B28800D0021BC7FD246DDEEEED96F9D112199A96
:10B29800994966529031CEB86EB6EB655F125B5B2A
:10B2A800A8FA801A8964EE5C7987BD9750F34879CB
:10B2B800B5650B48524FC41EA35640A27A4B60A5F1
:10B2C800CDA7B52A58F6E2DD2CA01F805C77B3FE27
:10B2D800C8D4C8A88DCC624C76C9EE509FEED51262
:10B2E8007AE80045C5B32891C36EE1B6E24280A171
:10B2F800BEBC1F8A4A540FD8403A4F41AD4D77051E
:10B30800631C30585FFB93E7FED4F688E812D43705
:10B318006988B1008C1191A00517D1B8169DB4BDEC
:10B32800139FC18BBE4040F21F80673A98E854B51E
:10B33800198DC7604ADBEB9A29190F51A6B647D673
:10B34800C2C6A99285D7D1AA00E1D1C23BAAE19889
:10B358004FD7E1B1A98E854B51AC3AA244FF008189
:10B36800AA62295BABC40414240116E84B291F21E7
:10B3780022611FDFA98EACA968870754495A004D7E
:10B38800E7C3437E930A63E00CBB69978FCC88CEF2
:10B39800A3FB80D4F9C579A391AA24AD00287C70B9
:10B3A800A149DD4E1F1F6721DFBEC29491DFFE5108
:10B3B8000CEA65C0A8E8C6EC6A892FA001AF103B6B
:10B3C800DB40D87DBA9D79D5B9244C57FC1A950332
:10B3D8009B0A9B2D40F23631D79460A947C9293E74
:10B3E80078053761A5711FAB6CC7101B3B47A4716B
:10B3F80097226A655DABA8BD5AB8E90A6390C68B07
:10B4080020F5F1027E8A90A525D48EAD85A48F7192
:10B41800475166B32AE9E43F7B4FB9F6D6F0D874B2
:10B42800BBF6D57F9A2545BFC232A502E457D3D1D2
:10B43800C61C03B2D0AC83F11823A107569DC96A74
:10B44800C4BF4C45680229BAD7C45DB5DB7B92FC02
:10B458009653C943A6BF31095765BA949F0D1FD2A9
:10B46800594A7EDD0F20599CCED8EA8CCDBADAAD88
:10B47800CAE24AA6EA95704D26D4B7642C6546A55B
:10B4880033F092E424FE321042B3F250D71AC95C6A
:10B49800E479BB191C176DF50DEAFD7B7DAFB6F39A
:10B4A8006AED7C355495E2751227841534919F789E
:10B4B800A002BFCF535F1D0971097300CBFAF6AD27
:10B4C8006E35E75ABEEE370AEA15B96E4C786490C5
:10B4D800D83EEB69FC942025007C12349BB8F40E0E
:10B4E800F7FD4D5C3CEC7C0D8DA3ABD5EF2BEA3B17
:10B4F80055BBDDF41C391A2AD3FF0006A767B8F636
:10B508003AAC7C0AFC9CD60B6CE35D38F734357A90
:10B51800F4737B4EE8EC51BA8B1759EDDC5C6F186D
:10B528003B534F8C96B2FD3A2FCD9F9A2E3AD64F69
:10B53800419954BA6542B5538946A4C45CA9D3DF7E
:10B548006E2C661032A75D71412848FAD440D38C1E
:10B558005CDA8C7567157AF4F0D4A55AABB4629BA3
:10B568006F992576FDC764761768E97B27B6148B33
:10B57800120042E4476FC7A8C948FF00954D580517
:10B58800E70FCB3ECA7E094A4796B7DC1E1A384AEF
:10B598002A92F6F49E35DE9DBD577936A54C7D4D31
:10B5A8001E515F762BC95FCBF5B6C935EB7CDA5BEC
:10B5B800756F49BAEF5AF45A452A263C4912178141
:10B5C800CC7B2520755A8F9252093E435CD56B423D
:10B5D800841CEA3B2319B3B6662F6BE22384C1535C
:10B5E800739BD12FDDF049716F2420FBE5E911BA77
:10B5F800EE35C8A06CBC15DBF4D3941AC4B6D2B926
:10B60800EF0ED969B394300FC4F32FF34EB59C5E97
:10B61800DC9D4F170EACB9F8FF00477E6ECF623C39
:10B6280026114711B6A5DB27F713F1174BD65ECBCA
:10B638002E9142ABD62AD5FA93F5AAED525D4AA1CE
:10B6480025454F4B96FA9E79C3F94B5124FE9D60D0
:10B65800E5294DF2A4EECEE0C3E1E8E1292A142061
:10B66800A305A24924BD8B230F527316F11BEBF8D7
:10B678004474EFED0E9F5E8B8ECF98DBDAB74DC129
:10B6880064DC54FBB2D5AA3D4EAB52DE0FC592D155
:10B69800EA850F223B292474524F450241EFABA79C
:10B6A8005254A6AA41D9A3E3C76070FB4F0D3C26AC
:10B6B8002E0A54E6ACD3FF00326B54F54F3436DC17
:10B6C80049C7A1F133C3E51B89DB5A0351AE2B648B
:10B6D8000A6DD10D9EA50D7300B073D486D6B4B88B
:10B6E80083FE49E567B74DE309898E328AAAB5E337
:10B6F800D279077A777AAEEC6D39E02A3BC7584B96
:10B70800EF45E8FA783F5A609F67EA4BBFF60B733C
:10B718003652612EC9A34617D5BE9528650EC52099
:10B728004C6D3E6799A39C0FC659D7D2B4B1AE3CB5
:10B738009DCF5E04EF355A3C48DBCC17CA22DC4C5F
:10B74800C9A33DD7A28B8DF88D7FAC691FA744751F
:10B7580009687BEE9473C3A71A2F56A0A3C1834F21
:10B76800B8E357584A3212614A216EA07C8071F4BE
:10B778007D9A3460B3475690E15A42DAE552143262
:10B788009503904791D721C6267C023DEB1B93BEBB
:10B79800923FCA57DA57E99337511D4A9701D0D5D6
:10B7A800925680029C655AB4CBAB870BD1BA8B2DCD
:10B7B800A9CA54135788E28756A4472169527E04C0
:10B7C80080A41F92C8F3D296838EA637047539B524
:10B7D8004E18ACA767A96A5C7664C46D4A3925A679
:10B7E800A53A86FEC09481F50D11D025A901F496DD
:10B7F800F2FF0017FA767BFDF344C7FF006F234A78
:10B808005A0E3A8D15BC41A15388FF00A233FEC2DF
:10B8180075489130F491C9312B9B412E4122247AED
:10B82800ACA79C51EC395C884FFD5075122E23BA99
:10B83800821490A49041EA083DC6AC83EB4015A061
:10B8480004ABD26789F6E6DDDB71D3CF36A55D7C24
:10B858003081EF11E086FA7F49D40D4C8A88E6D30F
:10B86800E37A9C18F139B9BC0690D67E3CA903F658
:10B878006A89153F494B8846C8D0428E3FE35C43EE
:10B88800F608F209D4CB42A3A8D6C25A571195A0FC
:10B89800E52A6D241F9606A893DF40023E2D9411D9
:10B8A800C36EE193FF00A09F1FA70349E835A9AF26
:10B8B800E0B883C30D8247FD01D1FF006977447466
:10B8C800096A1B34C47CAD41092A3D8027400A37E8
:10B8D800A365CF136BAF03F1BBA42B3F5C764EA6D9
:10B8E8003A152D4682F6FF00C8EAEFFF000D95FFD6
:10B8F80000E956A99285BFD1B0903872247D2AFC00
:10B90800D27FA8C8FD9A98E854B51AA3AA24533838
:10B91800347C3DBD7C45A92461576255FEBE60FD5F
:10B928009A98EACA96886D354495A004EA7BE1CFD7
:10B93800496D35BFF2768291F6FABBAAFDBA9F38F7
:10B94800AF3471754495A005278D1752ADE5E1DE3A
:10B958003119FF008DA5647FF3E18D4C8A8E8C6DC3
:10B9680046A89316AF56A6D06972EB5589AD4383A6
:10B978000185C99321E572A1A69092A52D47C8001B
:10B9880009D00293B4F45A8716FBC4BE20EF282FBF
:10B99800236FAD290B8764D2A4A70994F215ED4C47
:10B9A800711E78500A3F96109C90D1CCACDDCA79B4
:10B9B8002B0DE498B1A6C67614B8ED3EC3E8536ED5
:10B9C800B4EA02D0E21430A4A927A10412083DF376
:10B9D800AA244763FAEF01FBF422B8E3AAD9DDC22F
:10B9E8007F2852B9969A4C81F1F305A0707F1D9279
:10B9F8000F5535A8F2597E521E465E6A4B2890C3F1
:10BA0800A871B7121685A141495248C8208EE08F07
:10BA18003D5907DE8014DF4915EDF7BFB2506D467A
:10BA28005F2876E7ABB4D3A907DE8D1C17DCFB399A
:10BA3800D2D0FB7532D0A8EA27FC40BE9B336CB647
:10BA48009F671A2942E9B4137556128CE4CEA8A848
:10BA5800AD2163F190D023EA56A594B9C276F734A4
:10BA6800762F835B0767D8FC0566FD7BEEED7424B3
:10BA7800E1450021E52143E4A5466FEA68E9BC9564
:10BA880084B37702FC30D994ABAF756355AE76F9C1
:10BA9800ADBB3623F74D6C900A4C68839D2839E876
:10BAA80079DDF0D38F319D71CE6A9C5CE5A2CCFA2A
:10BAB800F0785AB8EC453C2D1579CDA8AE96EC88AF
:10BAC80055F57955F70EF2ACDF15E70AE757263931
:10BAD80035D04F44731F65B1F242425007C1235A13
:10BAE800156AB2AF51D496ACF69ECBD9D476460A35
:10BAF800960682F169C5457AEDABE96EEDF49A2DAB
:10BB0800719F78D47A3D36B137A6EF48BEAA31BCCA
:10BB18004A75971C3ED73272954F7B990CFF00559A
:10BB280001D5FC8F21D6676261FB6D7ED8F48FEE5C
:10BB3800CEAAECB5B71ECED911C053769D7767FF54
:10BB48000048D9CBDEECBA2E747AEFBAE8962DAF5E
:10BB580054BBEE394235328F11C9929CC6486D09E3
:10BB6800C9C0F327B01E6481ADAEAD48D183A93DED
:10BB780011E70C0606BED3C553C1E195E736A29777
:10BB8800ADFF001CFEA390FBF9BF9786FEDE2E5C7E
:10BB980015F79C8B4B8CB52691494AC96A0B27F53A
:10BBA80029D50C73B9DC9E8309006B47C6E32A6369
:10BBB8006A72A5A705CDFD9EBCDD5DD5C1EEAE0DB3
:10BBC80061F0EAF51F973E327FC4579ABDAF36D869
:10BBD80031D7C66D07DB4D3B21D430C34B75D754E5
:10BBE80010DA1092A52D44E025207524920003A9AF
:10BBF8003A2D7C90A52504E5276487AB86CF47FBC3
:10BC08002FC68B7A6FD46732EA52EC6B692B29E521
:10BC180007A832D6939CFF00EA92463E9127291B3B
:10BC2800260362DD2A989F775F51D11BE3D95A51C9
:10BC380094B05B01E993ABFF00A27C3F33D7CD5CA6
:10BC480047529D61D9348A50A1D2AD1A344A7251F3
:10BC5800E188ACC0690D72FC39027075B0468D3848
:10BC6800C79318AB741D2B5B6A6371157B7D5AD221
:10BC780094F9DC9B7EFB9CC3E3976BED6DAEDED342
:10BC880012CF80C53E9D5CA63356F52613CAD467ED
:10BC980054E38DB8109FA29516F9824740547181DC
:10BCA8008034FDAF87861F116A6AC9ABD8F4FF00DC
:10BCB800632DB78ADB7B0F978C9394E9C9C394F5FE
:10BCC8006924D5DF16AF6BEAECAF99B9E036EB8A99
:10BCD800BBFEBBB33702BC5A0EE251E44275851F66
:10BCE80067D61B6D44119F35345E4FD89F86B9B611
:10BCF8001D7E457749E925F5462BB2EEC78E33639D
:10BD0800C768C578F464BE1964D7B25C97EF07BCFE
:10BD18003FA5FDBCE27EDFB62AE9E74A6BB22D4AB1
:10BD28008A17D9C69F2E43701FACAC1FB06B6A5AD6
:10BD38009E6B7A10AB42549DB7DDCA349528A1FB9F
:10BD48005EE6612B3DB1EAF2C255FA927486F41AA6
:10BD58001F49E5AA235F567DDA8682455E93269AB7
:10BD6800E280EEA61D0A4E7E7CB20FE8D548988C7C
:10BD7800D6D771196C3DB6768BB53900CC5D0A0201
:10BD8800A412BEA5D31D1CDFAF3A6992D01BF47272
:10BD98004812AECDE3919C97AA715CFB0BD30FEDD3
:10BDA800D289521E0D5905B2068014AE34F7919A05
:10BDB800FD213C346D7AD15EBD6F090DC197162205
:10BDC80082FD4A38505292EA8744295CA0107DD6F9
:10BDD800C2D4AC0C6664F81515C58C3ED16DFC5DFB
:10BDE800ABDB3B6F6FA23C1E4D0E9EDC671E1D9D9C
:10BDF8007BDE75C1F00A714B57DBA69584DDC5C79C
:10BE0800D26D2437B17458F9EAEDC8D1FEAC592780
:10BE18004A5A0E3A8D35A2E8916AD1DF1D9CA7C611
:10BE28005FE969275489175F4856D84CBF3643EFF6
:10BE38008A95156FCCB3E5FDD35A10095186A4161F
:10BE4800E4600FC5494B87E4D9D4C95D151D49BFC6
:10BE580008DBCB0779366A8F3972D0BAE51196E9D3
:10BE6800559679B2B4C86D2129748EFCAEA00583AD
:10BE7800DB2543BA4E9A774292B30D5A622C4E3460
:10BE880000953CE0E2938D58326923D6EC8DA048AA
:10BE98002ECA4FB4C489C970AB093D41E67D290358
:10BEA800E288CA3D88D46ACAD10EA8D592273E93A3
:10BEB800893C9B4F6AC4CFF2D7205E3F362BDFF711
:10BEC800EA6454751BDA57F83227F986FF00D91A45
:10BED80068932B4C00C7190F781C32EE02F3DE96DC
:10BEE8001BFEB3CDA7F6E93D06B531F82957370B48
:10BEF800D619F843903F44B78688E812D437E988C2
:10BF0800C3AC481129336528E0331DD709FA904F8F
:10BF1800ECD0028FE8C95F89B457439F8F72AD5F39
:10BF2800A62307531D0A96A343B90F88DB7B73C961
:10BF380027019A34E70FD8C2CEA99285CBD1A6E8BB
:10BF48005F0EF25BCF56AE29693F6B31D5FB753179
:10BF5800D0A96A35E7B7DA354489B70272FD777632
:10BF680077F648394BD71A5C07EB9537531D59526A
:10BF7800D10E56A892B400943B239BD278CB59F7A4
:10BF8800283E17FF008E52BF6EA7CE2BCD1D7D51C8
:10BF980025680131E356786F884E1FE3F37F235BF2
:10BFA8000F1FB66C34FECD4CB52A3A31CD1DB544C1
:10BFB80089DF1257A563882DDAA6F08DB755175972
:10BFC800A6A1E4CBBDAA51D590CB0D94AD4C647419
:10BFD800F63292A07BBAB6927DD50D4BCF2452CBC8
:10BFE80031B1B62DAA259D6F53AD6B729EDC2A65C3
:10BFF8002A337122C76C6036DA0600F99F324F5235
:10C008004927A9D5126D340108DE6DA8B7B7A76F07
:10C018002AB605C49096A737CF1A48482B89253DDC
:10C028005A7D19F34ABB8F349524F42749AB8D3BCD
:10C038000BE705BBB970D0AAB55E16375D6A66E82E
:10C04800B3D6E33495B8ACFACC46FA9652A3D55C8D
:10C0580089295B67E932A1F8874A2F80E4B88DD631
:10C06800A8939F1E9089122F9DF7DB8DA888E170F9
:10C078002D86505B1E4ECE9896BF4F2343F4EA257B
:10C088009B2E3A019DC469BDE5E32E5D01AE554185
:10C09800A85DF1E80C840F6530A33888F81F2F0DD0
:10C0A800959FB74B563D11BEF4835DFF007C7C43E2
:10C0B8004AA132E24C5B5A991698D253EEA56B4FBF
:10C0C8008EE74F8FE1503FA2344B508E8686CE02CA
:10C0D800C7E126F5BA414227EE0DC312D68CAFA6AA
:10C0E800214649912397F254A2507EA1AC56D8AB71
:10C0F800DAF0AE2BCE76FE59D95D8AB66AC76F0CD8
:10C108006B4965462E7EDF263F577F600F3D4E7593
:10C11800A81EA22DA00EAC7029B762C4E1FA913E08
:10C128004C7F0EA17538BAE482A4E15C8E612C0FB5
:10C13800A832841FAD475BA6C7A1DA70A9BD659F69
:10C1480057D0F29764EDAFDF4DE0A94E2EF0A36A09
:10C158006BA5795FF937EE3338E5875499C325DC49
:10C168009A6739F07D4DF9294F731D129A539F60D4
:10C178000327E40EAB6BA93C1CEDEAFDCE1EC67589
:10C188002953DE7C376DE3CA4BFECE124BA8E4E19F
:10C19800EFD75A49EB333E816FD72EAACC4B76DACC
:10C1A800A4CAA9D4E7B81B8D122B656EBAAF901E2E
:10C1B80043CC9C003A9206AA10954928415DB3E702
:10C1C800C5E2E86068CB13899A84239B6DD92FF365
:10C1D8009B57C0E94F0A5C18D2768111AFBDC26E79
:10C1E8003552F45279D96D38723D2723DD6CF65BF0
:10C1F800D8E8A77B0EA11D32A56DBB3765470B6A32
:10C2080095739FEDFDFACF34EFD7645ADBC0E58014
:10C21800D9EDC30DC784AA74F3479A3ED9679269CA
:10C2280075993AB4B1E83401C8AE30B70D9DC9E28A
:10C2380006E6AA417C3B4FA5388A243505652A4481
:10C248006CA56A07E05D2E91F2C6B47DA95FB7E2DE
:10C25800A4D68B2F77F67AF3B1F6C996C7DDFA1410
:10C26800AA2B4E779CBA659AF746C46F876A9BB427
:10C278007DFADBEA832A2929B8E13471E6971C0D97
:10C28800A87DA9591AE1C0CB9189A6FD68C8EF7DA0
:10C298001588D818DA6FD1CDFB95D7D5129DC56B07
:10C2A800D5F8D9A9A200C286E2C652027C966632A7
:10C2B800A38FE913ADEB89E36E040F7E5A440DEEAC
:10C2C800DC46E3FB2962E9AB1463CB129C2349EA01
:10C2D80035A0E5FA47D8FBA1B49B75702C65C4540A
:10C2E800CA33F27A1151FD6D8FD1AA9684C75128AD
:10C2F800A7EE05620408D05A7DD088CCA1A4804F4F
:10C308004094803FBB5250D76D1EC4F1BFB0F57A40
:10C31800DD576FEDBB4DDFBBCA47ADB536A2CBE9E4
:10C328005842D6A411ED20A4FE115E7E7F2D524DF9
:10C33800684DD30A2E5C9E923909F053B7DB791009
:10C348009E9E2FAC36AC7CF1EB07FBB4FC6178A762
:10C35800839B1BC6DEEA2044DD1DFCA6DAD4877267
:10C3680097E1DB8D10EA907BA496D2DE73DBAB8A73
:10C378001F23A2CD85D2D0346C7F0C9B5DB0B19CBD
:10C3880072D3A63B2EB3291C92EB35050765BC0F6B
:10C398005290A0006D04F5E54000F4CF3119D34A5E
:10C3A800C26EE1674C42D7C71EC8EE36F958B40BC7
:10C3B8007F6EE1C192FC1AAAE5C944A98238083106
:10C3C800DC6D2415020FB4BEDA992B951760F16362
:10C3D80053EA349B2E814BAC3686E7C3A5C4625220
:10C3E80010BE74A5E43294AC050EE3981EBE7AA282
:10C3F80059B9799664B2B8F21A438D389285A16911
:10C40800052A49182083DC11E5A004AEF4E13F7742
:10C41800363EFE91BAFC245559F024F37ADDB12555
:10C42800C48496C92A53280B210F339C94A14A4AE5
:10C43800D1F4147CA2D6D0ABA7A920A6F189BE94CA
:10C44800D6D14DBCB83EBD55544FB2A55310F16579
:10C45800C57C53CCD2B03FA6AFACE9F29F3059733C
:10C468009ED55AB7185C44C65DB54FB258D9AB567D
:10C4780070F0A754AA12BD62ACE327A290D369E575
:10C4880028241F820FE58D19B0C9078D9CD9DB338D
:10C49800642CB8D655970D4861B3E2C992EE0BF3F8
:10C4A8001F20053AEA801951C0000C048000000DD5
:10C4B80034AC26EE4E74C42CBC716C76E46F8DB12E
:10C4C8006BD236EE04194ED32A4F4A94254D4C7040
:10C4D80094A9928490540E7A93D3532572A2EC3285
:10C4E80054F65C8F063B0F63C46DA42158ED909001
:10C4F8000EA893234002CE27EC4BA7733632E7B140
:10C508006CC8D1DFABD59B8CDB0DBEF86504264B20
:10C518004B5E567A0F650AD26AE869D997E18AC2F2
:10C52800B9B6C762ED6B16F08F1D8ABD29A90892AE
:10C53800DB0F879092B92EB89C2C743ECAD3A164A5
:10C5480081E6C296988D35E70AA352B42B74EA3A6D
:10C5580010B9F2A9B2998A95AF912A794D2928057F
:10C568005E43988EBE5A0005703DB277FEC76DD502
:10C578006ADDDC2850E2CE9B58F5B651165A642481
:10C58800B5EACD3792A48001E642BA7CB531562A85
:10C598004EEC34EE651EAB70EDCDD340A1B4DB9507
:10C5A8001A9D166C388871C084A9E7185A100A8F2A
:10C5B800BA39943AF96A99280E7049B3BB83B25BC9
:10C5C8006756B4F70A0438B2E45697363A62CC4C48
:10C5D800849694C328C9291D0F336AE9A98AB152E0
:10C5E80069BC861C8C8D5122C7C1CEC4EE4ED05C6E
:10C5F8003B8F59DC1870238B9EA0CC884234D12005
:10C60800AD297642D4A5600E5FE593DFAF7D4A562B
:10C618002A4EE33BAA24B1D002B51361F74071CC8E
:10C62800FEFA49A7C016918EA611204E497F1F73A6
:10C638008303F058CFF2808FABAEA6D9DCABE561AF
:10C64800A6D5125680158E26B61773F73F7DF6CEFF
:10C65800F6B4E9F01FA1DAEEC7727B8FCE4B4E20FD
:10C66800A6721D5F2A08CABD8403D3CFA6A5A772E8
:10C6780093560F9BA2FDFD1EC1AC9DB0A7C5997432
:10C68800B91CB54C44A7D2D3287964243AA52BA663
:10C6980010095E3CCA40F3D37EA2501AE0C7878BCC
:10C6A8008B65E815FAFEE2B2C39795C93D4B94FA3B
:10C6B8002489244649CA01731D54B714E38AF892A1
:10C6C8009CF6D28AB15277190D51256802B400A69A
:10C6D800F163C386E55E1B9568EF2EC5B305ABA273
:10C6E80091EC4C5BF2D31828B2A0A8EE648F6FA22D
:10C6F8009C6D40F74103B6A5A77BA293E0C6968C34
:10C70800FD4A451E0C9AD416E14F76336B9519B73E
:10C71800038965E2905680B1EF04AB201F3C675453
:10C7280049CF3DCBA8B1707A47213AFA8AA2DBB348
:10C7380061B8AC9F7530A9EA94AFFAC09D43F28BFB
:10C748005E482EE09632AEAE2A2D4A84DFC22FC54F
:10C75800A8559C27AE5CF567559FEB3834A3A8E530
:10C76800A03BDF1B80DD7BD17CDC057CC99B70CEC8
:10C77800520E73F834BCA6D1FF005509D27A8D68E1
:10C788004FF79DC144D87D8CB2D08F0D4ED1EA377A
:10C798002C81E6B72649F6147FA09235AE6DE9F8EC
:10C7A800D4E9F4B3BF7B0BE0D46862F18F8CA31F8C
:10C7B800726DFEE8086B5F3BB8DD5936ACBBE6F13D
:10C7C800A1D97001F1EBB518F4F411F47C570254B7
:10C7D800AFB1249FB35C94A9BAD5234D71763E2D91
:10C7E800A58E86CCC1D5C6D4D29C652F72BFD5E4A0
:10C7F80076E6954D8746A644A453990D4482C371A5
:10C80800986C764368484A47D800D761462A094554
:10C81800688F10D7AD3C455956A8EF2936DF4B77BE
:10C828006555A954EAED2E5D16AF0DA97067B0E401
:10C83800692C3A32875A5A4A56850F30412344A206
:10C84800A69C65A30A15EA61AAC6B5176945A69A02
:10C85800D5359A629B37D1A7B3F22B0A970EF1BB55
:10C8680021D3D4BE61052EB0BE44FE225D5B65585F
:10C87800F204E4FCCEB08F60D072BA93B736476C3E
:10C88800D3ECC9B62147913A34E53FBD692F6B4ACD
:10C8980056F7597A83D6D2EC1ED66CA415C5B06D5E
:10C8A8008662C87D011267BCA2F4C903E0B755EDE2
:10C8B80063F24613F2D64F0D82A38456A51F6F1359
:10C8C80042DBDBD3B57792A29ED0AADA5A4565152A
:10C8D800D11597B5DDFAC21EBEA35E2B40013E2DD1
:10C8E800F7C19D91DA79D3E0494A2E3AD85D368866
:10C8F800DE7DA0F293EDBF8FC56924AF3DB9B907BE
:10C90800D2D63F6962D612836BCA792EBF61BAEE5E
:10C9180016ECCB7976B429D45FE8D3F1A7D0B48FDD
:10C928004C9E5D177C0E471249C952944F5254725F
:10C9380049F893E675A39EBB0ABC2C5B8E5CDC4071
:10C94800D94C7B298F4DA8A6B131C59C21B8F112CD
:10C958005F5A947C865091F5A86BEDD9B4DD5C5490
:10C9680012E0EFEECCD477EF1D0D9FBBB8BA927EE4
:10C97800545C174CFC5FE5BF61BFD9143FBCFC6534
:10C98800D26E069BE76EA37649B91CC8E8961A7161
:10C9980072139F9612D8FB46B7759B3C82F2409360
:10C9A800732AA2E4DC3BB6B6DAB98552B751909245
:10C9B8003CC3921C23F511A4343D5E9185085B238A
:10C9C80060525CFE57EEC34307BFE0E0B80FF78D37
:10C9D80054B4223A895D2F6FAAF3E99127351DC215
:10C9E800892C36EA481DC29208FEFD49773B112A78
:10C9F800F96A2920DAF72BB8FF00254A715A4EB593
:10CA0800BCD7EE3EE86CC73FF960BA668D6BBBA633
:10CA1800C35DEC4BD97F994174EA5E212F365EE302
:10CA2800E98EC394BFE7A5F31188E6F2476FFC5C73
:10CA38006E0ABF36DB78FEDD4BC52FB92F71CCB738
:10CA4800764FED347E6231D7BE11D1FE2BB7255F0C
:10CA58009B6C3C7F6EA7BAFF0024BE13916ECC9FDF
:10CA6800DAA87CD4782F7EA3A3FC536E791F116AB1
:10CA7800BC7F6E97767E497C2CB5BAD27F6BC3FC9F
:10CA8800D89E4AE2063A7BED06EA9FAAD378FEDDF5
:10CA98001DDABD1CBE1296EA49FDB30FF3A2799EBA
:10CAA80022230EFB35BB3F65A2F1FF007B4BBB97F2
:10CAB800A39FC25F82327F6DC3FCE8F51E6788D8EA
:10CAC800E9EFB2BBBBF65A0F1FF7B47772F473F8ED
:10CAD80047E0849FDB70DF3A3D47C2B8918E9CFFE8
:10CAE80000E2477808F88B3DEFDED2EEF5E8E7F094
:10CAF80095E074BF1D86F9CBA8F83C4AC503A6C7C4
:10CB0800EF17D42CE7BF7B4777AF473F847E06CB30
:10CB1800F1D86F9CBA8F95713311070763778C67CB
:10CB2800E1673BFBDA5DF05E8E7F08D6E5CDFDBBA5
:10CB38000DF39751F2789D863B6C66F21FAACE776B
:10CB4800F7F477C17A39FC23F02A7F8FC2FCE5D449
:10CB58007CAB8A1849F7B62F7947FA1CEFEFE977CB
:10CB6800C17A39FC252DC99BD31F85F9CBA8B7F10C
:10CB7800A481FCC6EF2FF639DFDFD1DF15E8E7F037
:10CB88008FC08A9F8EC2FCE5D47C9E296083D362C5
:10CB9800B798FF00A1CE7EFE8EF8AF473F843C08D1
:10CBA800A9F8FC2FCE5D457F1A685FCC4EF37F63F2
:10CBB800DCFDFD1DF15E8E7F08780F53F1F85F9C58
:10CBC800BA8B2B8A8808F7B62B7987FA1EE7EFE825
:10CBD800EF8AF473F846B71EA3FB7E17E72EA3E788
:10CBE800F8D5D37F98BDE6FEC739FBFA3BE2BD1CFA
:10CBF800FE10F01AA7E3F0BF397515FC6AE9BFCC3F
:10CC08005EF37F639CFDFD1DF15E8E7F08780D53FA
:10CC1800F1F85F9CBA8AFE3574DFE62F79BFB1CE92
:10CC28007EFE8EF8AF473F843C06A9F8FC2FCE5D08
:10CC380047D278A8A7AF3CBB15BCC71FFB1CE7EFC2
:10CC4800E8EF8AF473F841EE3D45F6FC2FCE5D45DA
:10CC5800FF008D342FE62779BFB1EE7EFE8EF8AF48
:10CC6800473F845E03D4FC7E17E72EA28714B049A1
:10CC7800EBB15BCC3E7F79EE7EFE8EF8AF473F840A
:10CC88003C08A9F8FC2FCE5D47D7F1A481FCC6EF7C
:10CC98002FF639DFDFD1DF15E8E7F08781153F1D73
:10CCA80085F9CBA8BA78A184AF7762F794FF00A181
:10CCB800CEFEFE8EF8AF473F844F7266B5C7E17E61
:10CCC80072EA3E8713B10F7D8CDE41F5D9CEFEFEA8
:10CCD8009F7C17A39FC227B953FC7E17E72EA3E9B1
:10CCE8003C4D4451C2763B78FF00B1CF7EF68EF8BA
:10CCF8002F473F8497B9735F6EC37CE5D47D8E253B
:10CD0800A3119FE03F7887FA1CF7EF69F77AF4736D
:10CD1800F845E06CBF1D86F9CBA8FA4F1251D583B0
:10CD2800FC08EF0007CCD9EF7EF68EEF5E8E7F0809
:10CD38009EE74BF1D86F9CBA8FB1C46C7576D95DFC
:10CD4800DDFB6D0787FBDA7DDCBD1CFE127C1092D3
:10CD5800FB6E1BE747A8F41C44463DB66B767EDBAA
:10CD680045E1FEF68EEE5E8E7F08BC1192FB6E1FCB
:10CD7800E747A8F44F1051D5DB67F7547D7693C386
:10CD8800F6E9F76AF472F8497BA725F6CC3FCE8F0F
:10CD980051EA8DFA8EB3FF009A6DD01F336A3C3F7B
:10CDA8006E8EECFC92F8487BAD25F6BC3FCD89EC45
:10CDB8008DF18EBFF15BB949FCEB61E1FB74FBAF10
:10CDC800F24BE121EECC97DAA87CD8990DEF2C77BD
:10CDD8003FC5BEE0A7F3ADB787EDD57752FB92F715
:10CDE8001C6F7764BED347E6232DADD561EED61D03
:10CDF800EE8FCFA0BA354B129F9B2F71C32D87287A
:10CE0800FDA297CC46C62DF8D4A200B56E76F3FEE7
:10CE18005692E27FBF54AB5FCD7EE3E79ECB70FFB7
:10CE280000969BE89A2431A40971D2F865D682C786
:10CE3800BAEA0A143EB07B6B953BAB98E9C3912ED6
:10CE48004DEFD072CEB3572BE2FF00756BBCF930B3
:10CE580023DDEB42BE05AA648653FDC351C47C0C96
:10CE68005E009D443E22E99216062350EA6B19FCA7
:10CE78009653FB33A23A84B417B9F2972E54A9CB30
:10CE88003953EEBAF93F12A5157EDD2186FE299F9A
:10CE98004A6ADB71476FA374BDB6B7D9481D815B79
:10CEA8006B70FE92AD6A9B7257C4A5CC97F27A67F5
:10CEB800B10D154F77E53FBD564FDCA2809EB0E718
:10CEC800690CD7A3E2C5FBEADFB45C4FB21716D3EF
:10CED800A73D3C950C8F5877F02C8FAF0B7543F31B
:10CEE8003597D8947B662796FCD57FE0EB1ECB3B25
:10CEF80053B87603C345F8D5A4A3FA578D2FD92F75
:10CF080069D44EDADC4F2E95A00AD0056802B40128
:10CF18001CDC0DC1B4B6C2D599795EB586A9D4C852
:10CF280049CA9C59CA9C59F75B6D3DD6B576091D0F
:10CF38004EB8AB57861E0EA547648C8ECAD938BD2D
:10CF4800B78B8E0B050729CBE8B8B6F825C5B39281
:10CF58001C426F8D777EF70E4DDF536D7129EC24DF
:10CF6800C5A453CAB2224507201F22E2CFB4B23B60
:10CF78009C01D1235A3E37172C6D5ED8F4E0B99145
:10CF8800EB8DD2DD9A1BABB3A383A4F95379CE5FA3
:10CF98007A5D4B48AE6CF56C19EBE4367192A25190
:10CFA8009CE1EB86BAA5FF00580A8B7A6ED46344DD
:10CFB800A04750E5762518E15224907A82E2718FD5
:10CFC8009299F89D6D5B1B06E8D3EDF3D65A747FF2
:10CFD800679C3B2AEF4C769E316C8C2CAF4E8BBCF9
:10CFE8009AE33D2DFA165D2DF31BEE0F688DEDB615
:10CFF800D2EE8F131556BC214BA43F45A1A88F79BB
:10D00800F201594FD6E98ED83F10B1ACD2CB33A834
:10D018005E6EC2CBB7F417EE8BEED9B65B05D76A56
:10D02800957830BE2545C7D0951FD049D228723D86
:10D038002857337F742C3B45B3EDC58F3EACEA4788
:10D04800C1450D37FEC39AA9131187DADE1E2DA636
:10D0580036CAD166A6C72CC6E8501320140C8744DC
:10D0680074057EBCEA9225B08E378F67CF6DD4B336
:10D078008F9FF8722FEFE8BA0CC9041B86DCA9A2AF
:10D088000BB4DAE5365A2A6D2DF82A624B6E094D33
:10D09800A31CCB688279D23993929C81919EFA32F3
:10D0A8000CCC97E6D3A2C88D124CB8ECBF316A6E8F
:10D0B800334E3894ADE525256A4A01EAA21295282F
:10D0C80081D8027B0D311A8ADDFF0060DB334536DB
:10D0D800E3BD6DFA4CB2D874479D52658739092073
:10D0E8002B956A070483D7B743F0D171E667D0EB75
:10D0F800F6FDCD04552DBADD3EAB0D4B53624C19F0
:10D10800287DA2A4F45279D048C8F319D01998758B
:10D11800EBEAC7B5A53706E6BC6874892F37E2B6CF
:10D12800CCEA832C2D68CE398256A048C8233DB25C
:10D13800340666C69756A4D6E03555A354A24F8444
:10D14800F82A6A4C5792EB4B00E094AD2483D41E26
:10D15800C74088E0DE1DA32A084EE95A054A212067
:10D168000ADC6C924E00F7FBE74AE87664A65CB8E6
:10D17800B022BD3A7496A3C68EDA9D79E75610861A
:10D18800D09195294A3D00001249E800D3118D2E0F
:10D19800BD42A7D1D5714FAD418D4A432242A73D2B
:10D1A80025088E1A2010B2E13CBCA7230738EA34C0
:10D1B800011DFE193683F9D6B3FA0CFF008762F613
:10D1C800FEBE95D0ECC9143AED0EA0B8EDC0ACC1C6
:10D1D80092B9717D763A59928597A3E40F19001F89
:10D1E8006919527DA1D3DA1D7AE988F68951A74FCA
:10D1F8005C96A0CF8F2170DE31E4A5A752B2CBA1F7
:10D208002145B5807D9572A92707AE140F9E803EF3
:10D21800913213B2DD80D4B657263A10E3ACA5C0DC
:10D228005C6D0B2A0852939C80AE45609EFCA71D3E
:10D238008E8035771DEB675A0842EEBBAA93474BA1
:10D24800A096FD7E6B6C73E3BF2F3919FB34019FE9
:10D2580048ABD26BF4D62B142AA44A8C0948F1188F
:10D268009511F4BCCBA9ED94AD24850E87A83A009E
:10D27800B55EB348A04076A95CAA44A7C36705C9B0
:10D28800129F4B4D2327032A5100649C68030EDD2F
:10D29800BC2D3BB9A75EB5AE4A6D590C10978C39B9
:10D2A800487BC227380B0924A49C1C6719D0079512
:10D2B80076FDB16D7969A7DCD7A50A93296D8752E8
:10D2C800C4EA8B2C38A41240504AD40F2E4119EDD1
:10D2D800D0E8B81B3A5D5A955C82D5528B528B3E8A
:10D2E8001BE096A4457D2EB4E007194AD2483D4775
:10D2F80091D00605C57A59F6821B72EBBAA9347427
:10D30800BA096CCF9ADB1CF8EFCBCE467ECD17B0AE
:10D3180019D48AC522E0A6B158A1552254604A4FB3
:10D328003B12A23E97997539C652B49214320F63D4
:10D33800E5A00BC7AA52E5CE954B8B528AF4C821BB
:10D34800B32A3B6F254EB01C04A39D20E53CC012B8
:10D3580032064038D005DFA953634D8D4D93508E6A
:10D36800D4B981C5468EB792971E0800ACA124E5B2
:10D378005CA08271DB233A00FB93361422C89931F2
:10D38800960C8752C321D7027C470E7084E4F5516E
:10D39800C1C01D7A1D006AEE3BDACEB40326EBBA93
:10D3A800A9347F59CF83EBD35B63C4C633CA16470E
:10D3B8003632338ED9D17033E9357A4D7A9CC55ED1
:10D3C8008753895183253CEC4A88FA5E69D4E7196A
:10D3D8004AD24850C823A1F2D007DD42A34FA4C2C5
:10D3E8007AA5559D1E1C48E9E779F90EA5B6DB4FCD
:10D3F800C54A51000F993A00D65BB7CD9976B8EB7C
:10D4080036BDD549AB38C00A7510E636F29B49ECF3
:10D41800549492403E44F4D006CD552A70A8A69064
:10D42800A9F184E5B2A9298A5D4F8A5A4A8254E053
:10D4380046798A429490558C0240F3D007D3D32181
:10D44800467E3C69129869E94A52186D6B0953AADD
:10D45800092A2100F5510949240F204F96803DB033
:10D468003E1A00D0DC97E58D6729B45DB77D128C34
:10D47800A793CEDA6A13DA8E569CE39805A8123E73
:10D488007DB45C799B3FBAD47E786D7DD387CF51CC
:10D498000550D3E32732404F392D8CFB784FB5D355
:10D4A8003D3AF6D023EE54DA7C25C76A64B8EC2EF0
:10D4B8005BBE0474BAE2525E77954AE4403EF2B924
:10D4C80052A381D70927C8E80284EA72A72E98993F
:10D4D80071CCC6DA4C85C70E27C54B4A2529594F4A
:10D4E800709252A00E304A48F2D0068266E7ED9557
:10D4F8003A73D4B9FB876C46991DC2CBD19EAB4712
:10D5080043ADB83A142925790A1F03D74AE3CC92C8
:10D51800B6E36F3487595A568580A4A9272083D843
:10D5280083E634C4720A5CF2ADF6DDA96A57B4FC2E
:10D538003BD120FCCB7206B8F89CBC0CCE0C25FA6B
:10D54800AF1054A682B065D26B3193F3260BAB03B0
:10D55800F4A342D452D00524154748F8B607EAD2B6
:10D56800186EE275A5AAE0B12A9DDAA96DD5B8FBB7
:10D578004AF22131D48563EA520EB52DB516B1575A
:10D58800E748F4EF625AB1A9BBBC95AC6A4D3FFCC1
:10D598005FF20735893B38E96FA39B6ED76CECFCCB
:10D5A800EBE26305126EFA829D6891D4C38F969A56
:10D5B800FB0AFC657D446B6DD8743B5D0751F9CF60
:10D5C800E8BFC6799FB2F6D758DDB10C0C1F8B4661
:10D5D800367FF6966FDCB9286C759B3A9CAD005681
:10D5E800802DDB4000FDFCE2E36C762D87A99225B7
:10D5F8008AEDD1CB96A8B05D056827B190BEA1840D
:10D60800FD7951F249D63B1BB4E8E0D59E72E65F3E
:10D61800CF31BC6EB6E16D4DE792AB15DAE8719C7F
:10D62800965FA56B27D1973B4734F7977CF7077C24
:10D63800EE2FBBD7BD5399A614AF51A747CA2241B5
:10D6480041EE1B413D544632B5654AF8E3006A583D
:10D65800AC655C64F9551F42E08F4BEEEEEC6CED67
:10D66800D8C3F68C0C337E549F952E97CDCC964B11
:10D67800A7307DAF94D8466B868E1AA055A98EEF39
:10D68800C6F872D1B6E2DF6CCF4A2582935628EAF3
:10D698003D93D4B19C0F8BAA2109C824EB35B3362E
:10D6A80063AED56ACBC45F5FEBF73A9BB217640AE7
:10D6B8007B169CB666CC95F12F2935A535FF00BFA2
:10D6C80032F37579D903EDD1BF6F2E2C37C230A351
:10D6D800D3D685D5243747B76987DD871798F205EC
:10D6E80063A038E675C3D875F248D6D3A9E6DF5BE0
:10D6F8000EBC6CD6A83B43B5363F0AF66490A6E14B
:10D70800B0D54AACB49C29C420ABC32BC1F79D7CCF
:10D71800B8F11F909F223552CB22639E60AF814B98
:10D728001DCBCF88DA0CB5B05C896D32FD6DF3E4A2
:10D7380095213E1B3FEB5D41FE89D28EA393B23704
:10D748009BE337F8C4F1AECDA54F74BF4E45621DBB
:10D75800B4D29279808F195994B18F2E6F583F5057
:10D768001A1E6C1648EA2251C89086C84A12309090
:10D7780006001E435C871832954CA68E21692D0A37
:10D788007C508FBCBA8FB2194E3FE5F13E5A5C47C8
:10D79800C0F0DC49CC5BFBB3B7F35AA1D4270669C8
:10D7A800B5D6D0C5362875690A10F27972309E98B8
:10D7B800CFC481E7A1EA0B4312BF74A6E2DD2DB204
:10D7C8006DCB66BF4C53355A92D0E5460F82859F84
:10D7D800B972472A55CC7DAC1271F04ABE1D4E2154
:10D7E800C0A957143A0EF45E01567D66B8B7A894DE
:10D7F8003528D3A026478785CEC05732860907A08B
:10D80800D1C438054A1486265262CE6296FD393252
:10D818005B4BDEAB2180CBAD150CF2AD03DD50F3D5
:10D8280019D31030B86B6E50B7D273ED59D58AF949
:10D838007ED18495229AC30E168266CAC7378AE2B9
:10D84800319E638C67B1CE31A5C47C0F4D8F9B4E42
:10D85800A8556F990DD25EB725CEAB353245B325A5
:10D8680080CC8A7A551D0D25F7509FC19548F056F2
:10D87800E733456838C73A9695E040CD6EC5DD1068
:10D888005DDBCB16DF5EDE5C042A951638A82A928B
:10D89800DFAA0E56BA385CE6CF21E5C8563AE41F2F
:10D8A8003D25A0324FBB35BA1BCF5176FEAF56810E
:10D8B8000D8AFBCA9151F5B908692AA6C72853E809
:10D8C8003CCA1CC1D5A99648F34BAB3E474DF30261
:10D8D80031367AB1415A2BFB5F12A34FA947B624C0
:10D8E80024C1F01E43E8552A4953915270481E1925
:10D8F8000EB18F83093E6342E607CE543A65307114
:10D90800075768408B855994ECA7C14F613E6796CD
:10D9180034710E064C98CCB5BFF4A71B6D29E5B33E
:10D9280027B4004E00489D13A0FF00BB4710E041FC
:10D9380062A256DFDDB7B6EDD29B5B94F6AE5763B5
:10D948005D511B4A945D8022C5299A948EEEC625A6
:10D9580044E0654CA9C1D4A1B016998F5C89AC4A42
:10D96800CC2A66E0DFB7520A24C562D7A34C0B6500
:10D978006141D691F745C1CAA1D0823B1F9E988CC0
:10D98800DDA3B6E9E2D5A7DE7516DA9F70DCB0D95B
:10D99800A9D4EA6EA02DD756F361CF0D2A3D52CBFC
:10D9A80061410DB63094A523A6492440C9B405D3D6
:10D9B800CB4A629AA8FE1C75A9A521829E56D60F4D
:10D9C800B49213D0104F51DFAE9881F5362B578E95
:10D9D800F157E4D71A4488B65B5062D2632F0A6DB8
:10D9E800A94FB45E7A5729E85C28534DA55DD294B7
:10D9F800AF971CEACAE23E07C6F2D3E1D099A56EFA
:10DA08008D39A11EB943AA53E3990D2405CA852669
:10DA18005B51DF8AE1FA68525D2A4839E57108509E
:10DA2800C11A1F382E630AB374DB56AEF656D75D9B
:10DA3800893DE32ED5A5147A9D1A54F56112E78223
:10DA480015E034BE5F78639B19EB8CE0E8BD985B0A
:10DA5800231B692A74914DBEB74A810C44B76AF3F7
:10DA6800153A2535080CB81716306E43AEB23F90FC
:10DA780079D5B6799B500B1C892B016A5240B9C1E4
:10DA8800F3124DA3B7A0AAD3A6DEB5365A9D715C92
:10DA9800B098A9D4AA4EA029D716F3697034851E68
:10DAA800A965B0A08436309094F6C951220649AAD7
:10DAB80035FB72D9B7AA55A7E54562994465E7A62B
:10DAC80029A29E5612D24ADC040E80819E9D0E4FDA
:10DAD800CF4C405A875CB72D1B86DCDC39371D10CC
:10DAE800D56ED96AA7DD0CB15065C5A5731C0610A3
:10DAF800385E562339E1C607AE10EA95D86A46491A
:10DB0800378AD55DDB7FD97120CDFB9F578706B358
:10DB1800328F5109C98535B110B6E63E920F542DA2
:10DB28001D96DAD693DF3A6C118F52BC05F348B2D2
:10DB3800A54EA78A7D629B7AC48158A72941460CC5
:10DB4800F69A77C46C1FA4820A56DAFE9B6B42874A
:10DB5800BDA2F7033AA6E55F6F771AB979D52CEA23
:10DB6800857E895E8F0DB454A971FD6E5D292CA345
:10DB78009151DC8E3F0AA609E6742990B3CCB5858D
:10DB8800207451340D498C0BFF006F3EF6E05C7138
:10DB98002EAA247A2CFE6F5492A94DB0CB8413CCB4
:10DBA80091CC53850214149E8A04104020E8B8884A
:10DBB800B2CD3B71376DA8926446A9DBF6DD0A1534
:10DBC8006A132950763499931E7D0DC9E84A5CF092
:10DBD8009B8C7C33D4053CA50EA1241C467B6FB5D9
:10DBE8002E3C5B2E5EE253D9698B86CD68D5A9D3CE
:10DBF80092395D4868853B1CA8752D3CD85B6B4104
:10DC0800CA485038E64A481F38223DB976B54EBF53
:10DC1800BBB4CA9DB0FB316E6A2DB126751DF78164
:10DC2800E42EA6632151DDC75F05E4294DB9DF0164
:10DC38004163DA424E86B305A19E6ED817ED6F6B2D
:10DC4800AE3831DD8CBFBB152665C27C61F8329BCE
:10DC5800A74A6DE8EE8F25B6B0A41F238C8C820EE0
:10DC68008D42C4AAEADD0B5A896FDC33E997051E99
:10DC7800A153A1D2E6D40D3DB9CDADD57ABB4A5A50
:10DC880092509573000A707A74CE8B858BEDDD9374
:10DC98004CA0D0599D2DA6A7D6EAAC3722AF54790F
:10DCA800B4A9F9AFAD00AD4A5119E40490840F65E9
:10DCB80009094A40034240C896ED545144DD1DAC61
:10DCC8009C9A54E9C1995574A5880C075DEB4F508F
:10DCD800C84E4741F5E8608F3BC6EB4DCB76EDC4A7
:10DCE800372D3B869DE0DD7E3A5EA840F05AC8A6F7
:10DCF800CE1CA15CC7DA3CDD07C8E8606E60A127CE
:10DD0800888AE3800E616552524E3AE3D7A7F9E854
:10DD1800E21C0895837F6DF5218BBE875569D9B3C1
:10DD2800C5DD5D0B811A8EFCB79D2A96B3CA128693
:10DD3800D41590479E3AF523070930689FECEDBB50
:10DD480051B5EC48F4DA8D37EE5F89366CC8F4CEFD
:10DD580074A853A33F29C7598B94929FC1B6B4A7FF
:10DD680009252920A524A403A6819CA69E148DFA22
:10DD7800BFA12BA2A548BB22E3E6A666607E90352C
:10DD8800C7C4E4E060F0D75A450F7EEC1A8BAB09A4
:10DD980069CADB111C3E5C9202983FA9DD0B507AE0
:10DDA80003C7E3AA1CA761B830A8EEAD9503E450F9
:10DDB800A293FDDA0069B72F6DAABB8DC23ED56F5D
:10DDC8000DB911C9D22D1A63F41AD36CA4ADC6E2E9
:10DDD80034FAD287703A94B6A41E6F825DCF604E33
:10DDE800B07B6F0B2A908D782D327D1FD1DC9D88FA
:10DDF800B78A8E0B135764E265C9555A942F92E57A
:10DE08002C9AE992B5B9DAB6AD011D9BDA8B937BF2
:10DE18002FCA7D8D6B32A5192B0B9B2D2399B831F9
:10DE280041FC23EB23A0007BA3E928A40EFAC061E0
:10DE380070D3C5D554E1EDF52E73BB378B6F61B741
:10DE48006B013C7629E9E4AE329708AFE7995DB3F8
:10DE5800B2B6C5B949B42DCA65AB418C23D3A91153
:10DE68001A8515A1F45A6D212907E2703A9F339D4E
:10DE78006FB4E11A50508E88F19E37195B68626A58
:10DE880062ABBBCE6DC9BF5B7766CF567CC7CB8E06
:10DE9800B6D214EB8B4A509054A528E0003CC9D167
:10DEA8007B0D2727640677338BFD85DB043AC54A4B
:10DEB800F58F57A9343FC1D452263E4FC14507C3F9
:10DEC8006FFA6A1AC7E2369E1B0F9395DF32CCDCD5
:10DED800F63763FDBFB6DA952A0E107E74FC55EC52
:10DEE800BE6FD898966F4F1F9BA5B88DBF45B11AC6
:10DEF800365515CCA14B8EF78951793F94F80034EB
:10DF08000FC1B00FE59D6BF8BDB35ABF8B4BC55F12
:10DF18005F7F51DD5BB9D8AB65EC86ABE3DF6FA8FB
:10DF2800B9D5A0BF4F9DFAB2FCA2BEEBAA5AD6FB48
:10DF3800EE952DD515AD6E2B256A3DC927A927E28B
:10DF48007A9D61DBE2CED18C525C98AD0286D970A5
:10DF5800C9BDBBB2A69EB56C698D53DD23FF000910
:10DF6800D48187100F885AC657FD04AB5F661F67B8
:10DF7800E2313E4472E7792356DB5BE9B0F60DE304
:10DF88008BAE9CD79B1F1A5EE592FD4D0E46D7704F
:10DF98002FB51B3B4E7370B7C2E1875F7692DFAD3A
:10DFA800BC9923C0A44309EA54A4ABDA7B1D3DFC09
:10DFB80024FE2671AD8309B16951F1EB3E53FA7F16
:10DFC8007FE6474A6F2F658DA1B5232C36CB8F6826
:10DFD800A6F2BDEF51AE9D23FA73FCC2C7C58F15DB
:10DFE80013F7DAB08B66D60F53EC5A43A0C28A53A4
:10DFF800E1AE7389E8243A9F2007F26DFD10727D27
:10E00800A384E61BE0754E6DDDEA14F837B2ADCD9A
:10E0180096DB5AEF169B9E80CB2DC57235BECABFC4
:10E028009471B27954B6C1EEE3EBC348FC90A3D91E
:10E0380059D359664BCF24295B8D7ED7F746F8AC68
:10E048005FB733BCF51ACC92FAD20929651D9B65D6
:10E0580019FA28404A07C939F3D4EA568359C3FC48
:10E06800C6B869E152EADFAA8250DDC77C3A299630
:10E07800D36E01CCA4A39D0D2C7E4F3979E3F14BCF
:10E0880049F88D52C95C979BB18BE8DBDB97AE1DD5
:10E09800CCAE6E8D450B758B6E21891DE59EAB9DB3
:10E0A8002B3CEACF990D05E7FCE8D11412674835F7
:10E0B80064101934D94BDF6A755C16BD5DAB4A6CC8
:10E0C80062398F395AE6C650E98C63083D73DF1D03
:10E0D80034B88F817B9E9D2DFDDEB1EA2D29AF5787
:10E0E8008B4DADA1E4A9479895889CB818C11EC965
:10E0F800CE48F2EFA388702F7CD2A4CCDC1DB79E4B
:10E10800C168354EABCF75E0A510A2154C92D8E585
:10E1180000609CA87723A7E8D000E6FBDD146CF626
:10E12800F1DC1509F4355499B828D490CF8520210D
:10E138004D98EB9615CC0A08C1F153820F91EDE684
:10E1480068C35411F68F7459DD5A34EABB1465D389
:10E15800910E5FAA842DF0E95FB09573642463DEA5
:10E16800C63AF6D09DC1E44077437318DA6DE65598
:10E178006EA34872A11EAD6C4588CA597821687192
:10E18800A97216AE60538E521C4E0839E87A79E8A7
:10E19800D182CD139B0E9D57AD56266EA579A83119
:10E1A8005EAB52E341810623AB743111B538E853B5
:10E1B800AEA928E7716B749C0404A02401CC4A948E
:10E1C80045CE003EC1E26A2EDFEDFD0ECF9966BB5B
:10E1D8002A5D069AD4175C6E780DB8B691CA4A497A
:10E1E8006F3824798CE92761B570C9655BF12F2BED
:10E1F80082E5BE6E9A64098A9525AA6535879A4B89
:10E20800E22C28E807195A7A2D6F3AFAD58F2F0C85
:10E2180064F2E988F5B96D7896BDE9695DD6B53ED1
:10E228000412A96E512A6CB2CA591221C949524F17
:10E23800B09EAB6DF69A5273F454E8C8E6EA0193BF
:10E2480012952C6FB552B854D7AB3968D3E2A53CB8
:10E25800C79F9D3365A892318C6149EB9EF9E9A36C
:10E2680088702A4D3A62F7D29F550A6BD55BB4A6DF
:10E27800C729E63CFE22A6C75038C631841EB9CE4F
:10E288007CB4710E0646DD53A446997AAA6784A425
:10E29800CCB9A43CD8492AFC198F1D202B2075F62F
:10E2A8004F4EA3420668F6DB6F5FB2EF0BBA82EB04
:10E2B800F1E55BAED3E9CD51A32B2A722C3E7984CC
:10E2C800C45E460B68538B4B7D4E1B2949F70122D0
:10E2D80040C89DC1BA69E16E874EB52F184FD72D3A
:10E2E800F61063D1264158F5D44446036C486D7C3A
:10E2F800A82A6D3840752BF6C2412949CE55EC162F
:10E30800B928E1C6AB0EE7B2EA97BD362AA343BAED
:10E318002E1A8D5A3B4E63C5436E38123C4C740B13
:10E32800F60920123AF73A6819E3B9F547B666AD27
:10E3380051DE88CCA265165C58D12E1A78572BE589
:10E348004DAD496254724149580E29B5B6A290A400
:10E358008410A4946143CB3059E46B6D2BF22712DF
:10E36800D2A2C9A1C7914DB4EDDA8C79D39A98009D
:10E37800975096D10E476B91054843287025D52BA9
:10E38800994A529B427091924D41AB136A743989F4
:10E39800DE8AFD416B6FD55CB6692C2121479F9DB4
:10E3A80032A729448C63185A71D7E3DBCCE21C0CE2
:10E3B8007896EAA83BAD533152C1A35E54B32E6C94
:10E3C800524F4A8462DB4A78271CA43AC3ADA1673E
:10E3D800BE584743927471007D5CDD44F0B94AA68B
:10E3E800D977843915DA13482C5066C258F5C443D6
:10E3F80046036C486D7CA82A6D3840752BF6D29080
:10E408004A1273957B05AE6058EE237168F4D622E4
:10E41800446E3D06F7BD2A370CE65F214E3B0E3FA2
:10E428002BA98EB4849492E3C8679C648E40A1950E
:10E438006742CC7A065B876BEC7B8A8551A14AB62A
:10E44800A98CB7528CEC55BCCC2690EB7CE9239D6B
:10E458000A09CA569242811D4100F969D89B90CB9E
:10E4680045CB8EBF57DB3AEDC0F45727C5A1D6235D
:10E47800D49C6D6A21E92954568B881CA3A294DA8E
:10E48800D5838C7301D7421991B87B7CFAF706D6ED
:10E49800BE6812A3C6F16AF0D9AEC65A48131A6903
:10E4A8002F7ABBA9207479B52D48C9F79B70827D56
:10E4B80084606811A0DCEE2BED5DAABDE658D5EBB3
:10E4C80062AD29F8ECB0F34FC45B4A42C38807A891
:10E4D80051494904E3A737C7E5A4DDB204AE4BF6BA
:10E4E800D2CE8732DF995EB8E914A79574D51DB8E6
:10E4F800DB86190F350C3EDB694A52A5A4656528F1
:10E508000B5A824656B5F71D4B481989B96CCCDBB6
:10E5180079BFC31DBED46721D2695F73AB74A512DE
:10E52800D091010E171A5B0A48212F32B5B9CA9546
:10E538000E55A5D582524254079660B3C88ADBFBB4
:10E54800A34AE28DB76D8B6204BA6DBB0DD8D22B8E
:10E55800CBA884A64CA682F9D315A436A52421C538
:10E5680020071C52F211CC909CAB992AF70B58212A
:10E57800394F96ADE98F53E66BD59BB5DE631CC763
:10E588009F9D531B56718C6309F8FD9A7C44696BF7
:10E598009B7F2A9FBCB6D5E544951D9A6542648742
:10E5A800AB10565595CD4D3DE69A94D60602CB470D
:10E5B800C3701C7306D93DD0725B31F02732ACCBE7
:10E5C800525C69F11DB7A9E115461E8D2CB71D08CF
:10E5D80053CDBA921C4A94900FB409CF5D3B080AF8
:10E5E8005737B9FE1BA3D2EC3DC58722E069B8C9ED
:10E5F8006E9754A7AD3EB1222A3D86FD69A73952D0
:10E60800974252029485A82C8E6C233CA26F61DA43
:10E61800E4A175177702E6DA3BF60C74C588F7DDD6
:10E62800396B61E732E250EC15252060609CE33DD0
:10E63800BEDD30247B934F9532B7B7CEC42D25303D
:10E64800EEA4C87B9D4412DFDCF9A8C2700E4E56BA
:10E658003A1C74CF5D0C11E70E972D3BE957AC952A
:10E6680035EACE5A54D8A94F31E7F11132628923DD
:10E6780018C6163AE739CF4D1C43817DA0A74CA692
:10E68800D3AE56A6ADB578B76D6E435E1AC901B75D
:10E6980025AD69072060F5EA3B67CCE840C9E1EDA4
:10E6A800A6239457E6DC5728BC51D69F53F0151E75
:10E6B80075DB392809757CDE1C971C4E08E4C03CC4
:10E6C800AEF5EA75C7C4E44F20274FA5D62DB9F09B
:10E6D8002AAD3D1FC7A63EC4A6CA5C57BED292B19A
:10E6E800F47E291A43D4DDDF1694D7771EE8830D0C
:10E6F8005192115A9BCA14B500029E5280E893DBCE
:10E708009B1A00E837A3D2356A95B3F58B6AB0A88F
:10E71800AE22156DD76329A714B01B79A6D4A4908F
:10E72800A48C7B6147FA5AB8E84379DD1327AC5EBD
:10E73800242D395397B6AF6CAC3892DD2EB83EF71E
:10E74800264171D3D705CF05D585ABAF73AC7BA375
:10E758008BA6DF69E425D0D7ECCDE63B4F76F1F008
:10E7680082DA6B1529455BFDC84D2E8E545597A846
:10E778008D546ADC71254596EB5B3ACA87D2446AA8
:10E7880081FF00681D70CA5B474BC3EA64A951DC6E
:10E7980067E338625FB69FF0466A142E3EEE22A801
:10E7A800AD6F2D874B42FA7FC021A9B23EA52A3210
:10E7B800943F4EB8A50DA73CBB645747FF0086524F
:10E7C800962B70309693C1569FFDA49FD1544885CF
:10E7D8005C5C11714FB8202AFBDFEA7D51B575F0FA
:10E7E800A4CF9CF363EA6F9528FD5AF9EA6C9C6DF7
:10E7F8007FF72ADFDACCDE13B256EAEC9FFE86CF2B
:10E80800707CEA34D3F7DDBFA9874BF460DCAA2912
:10E818004D5B776951D03B889477178FAB99D48F2C
:10E82800D5A98EEFCFCEA8BDDFD9CB5FB35E197F58
:10E83800B383937EB9A5FB4593EB63D1A5B5901C33
:10E848000BBA6FAB96B453DDB603309B57D7CA9556
:10E858002FF42B5F553D83463E5C9BFA180C6F6680
:10E868005DAB555B0B429D3E9BC9FD5A5F40EB611A
:10E8780070CBB15B6CB449B5B6DA90DCC6C0C4C91C
:10E888006D9972411E61C78A9493F9B8D6468ECFA6
:10E89800C350CE1057F7FEE68BB537CF6EED94E335
:10E8A8008BC4C9C5F9A9F263EE8D93F6DC25C87946
:10E8B8001163B92169252D214B2077C019E9AFB023
:10E8C800D5CE5A7129BE3B9BC42548404BB168F64A
:10E8D8007C477C48548449592EA8767A4A8230E38A
:10E8E8009F04FBA8F2C9CA8F1B773912B101D94D11
:10E8F800899DBA1BAB40B12A3518D1614F90553567
:10E90800D6DC595FABB692E3A947B3EFA92929042E
:10E91800F404E7CB492B837641678B2B96EDDD1BFF
:10E92800CFF82EB619A7D16CBB09F5D2A9B4DF1957
:10E93800680B7991E1179612823A005084E4F2A7A5
:10E9480027BA8E9BCDD85120DB57C25DDB7F5E9402
:10E958007A0D4AB747894D99252263ACBEEA9E4C89
:10E968007482A73C305A039CA5240C900120F968B6
:10E97800B0EE48F8C6AD572F1DC536351A343A5D86
:10E98800A5B768343A45392EA804F8612971D2022E
:10E9980048C9E54A475E8940F327430590F2F08964
:10E9A800B61176AF622DCA5A16D3B36AEC0AD541AE
:10E9B800E6F3CAE3F2121781900E128F0D03F33EAD
:10E9C8007AB4AC886EEC336988FFD9006CC00F400C
:10E9D800030000000E0D0000DD7201002A36000061
:10E9E800140000001300000001000000F4841F4020
:10E9F8002B3200001400000013000000010000008A
:10EA0800F8841F402D31000014000000130000009E
:10EA180001000000F0841F402CFFFF0014000000DC
:10EA280000000000000000000100000000000000DD
:10EA3800EC841F4000000000000000006CC00F4084
:10EA480030000000100F0000DD72010001270000F7
:10EA580017000000120000000001000014851F408C
:10EA68001AFF000012000000000000000100000072
:10EA780018851F401BFF0000120000000000000066
:10EA88000100000010851F400026FF00170000004D
:10EA98001200000000000000010100000100000059
:10EAA8000C851F400C851F40000000006CC00F4003
:10EAB800C0000000504F0000B17301000CFF0000BF
:10EAC80013000000000000000000000024851F4023
:10EAD8000BFF000013000000000000000000000011
:10EAE80028851F400DFF00001300000000000000F3
:10EAF8000000000020851F400A25240013000000A4
:10EB080012000000120000000102030000000000D3
:10EB1800000000000000000000000000160355007F
:10EB28005300420020005300650072006900610034
:10EB38006C00000018035400650065006E00730047
:10EB480079006400750069006E006F000403090411
:10EB580009026200030100C032080B000202020130
:10EB6800000904000001020201000524001001054B
:10EB78002401010104240206052406000107058278
:10EB88000310001009040100020A00000007050331
:10EB98000240000007058402400000090402000248
:10EBA800FF6AFF00070581024000010705010240D6
:10EBB8000001000009026200030100C032080B00D6
:10EBC80002020201000904000001020201000524FA
:10EBD8000010010524010101042402060524060091
:10EBE800010705820310000509040100020A00005C
:10EBF800000705030200020007058402000200095D
:10EC080004020002FF6AC70007058102000201072B
:10EC180005010200020100000A060002EF0201409D
:04EC280001000000E7
:10EC2C0000000000000000000000000000000000D8
:10EC3C0000000000000000000000000000000000C8
:10EC4C000548064B1B1AD90F01EBA301491002D042
:10EC5C00034B03B118477047C0920020C0920020AC
:10EC6C000000000008B5054B1BB105490548AFF382
:10EC7C000080BDE80840FFF7E3BF00BF00000000C4
:10EC8C007CC3002000040460B2F1000C1E4A10B5D5
:10EC9C0092F800E008BF4FF47A7C86450FD072B62C
:10ECAC0010705180C2F804C082ED020A1373029BEB
:10ECBC001361039B5361049B936162B610BDB2F860
:10ECCC0002E01FFA8EFE8E45E9D1D2F804E0E6454B
:10ECDC00E5D1D2ED027AF4EE407AF1EE10FADED103
:10ECEC0092F80CE09E45DAD1D2F810E0029CA645D1
:10ECFC00D5D1D2F814E0039CA645D0D1D2F818E0B7
:10ED0C00049CA645CBD110BDA4890020314B324ABE
:10ED1C001B889BB207EE903A10B41278F8EE677A23
:10ED2C002E4C012AC4ED007A34D0D1B202291DD068
:10ED3C00002944D12A4C07212A4AD4ED007A3324E5
:10ED4C009FED297AF8EE677A284B116066222849E4
:10ED5C0067EE877A1A60274B40221A609622264B60
:10ED6C000C601A60C0ED007A10BC70471C4C072177
:10ED7C001C4AD4ED007A33241C4BF8EE677A1160F0
:10ED8C009FED197A66221A491A6067EE877A194B39
:10ED9C008522E2E713498124144BA8220C609324AA
:10EDAC001A6063221249134B1A60B322124BDFED27
:10EDBC00137A0C601A60C0ED007A10BC70470949D8
:10EDCC0081240A4BA8220C6093241A60B9220849AA
:10EDDC00084BE9E742C6002053C600202CC6002091
:10EDEC00D89E0020648C00206F12833A688C00201F
:10EDFC006C8C0020188E00201C8E0020000000005F
:10EE0C00036818470B680360704700BF0B6803600A
:10EE1C00704700BF704700BF08B5836803B19847BF
:10EE2C00034AD38843F48043D380BFF34F8F08BD8C
:10EE3C0000800B4008B5836803B19847034A1378E8
:10EE4C0003F0F7031370BFF34F8F08BD00400B4066
:10EE5C0000B583B001901DF0C9FC019803B000BD52
:10EE6C008B4A8C4B8C491B681068F0B51A1A0C68CD
:10EE7C0083B08A4D944260D0894C0A60217801F0AD
:10EE8C00FF06D1B94FF0FF32334631468548067044
:10EE9C008548864E0360864B1A6033889BB28B4242
:10EEAC0050D0844B9B68DB0753D4834A01232B70CF
:10EEBC0013680133136003B0F0BD8049097801F089
:10EECC00FF0600295DD1217B00296BD133462178C7
:10EEDC00012971D02178022900F08680616894EDB7
:10EEEC00017ADFED776AB8EE477A0193B2FBF1F065
:10EEFC0001FB102207EE902A6288F8EE677A97B22F
:10EF0C0087EE870A20EE260A1FF0DAFE07EE907ACB
:10EF1C00B6EE007A4FF0FF32F8EEE77AF7EE006AC1
:10EF2C0067EE877A30EE260AA7EE807ABCEEC77AB7
:10EF3C0017EE103A99B2019BA8E72C78002C9BD1C4
:10EF4C0003B0F0BD2B78002BB5D05A4B9B68DB0778
:10EF5C00ABD500225B4801911DF048FA63883288DA
:10EF6C00C3F34E03019992B29A4210D3328892B2F3
:10EF7C009A4201D3994210D3002331802B7003B0F5
:10EF8C00F0BD00234FF0FF321E4619467EE7994232
:10EF9C0041D2328892B29342EED84B4A1368013375
:10EFAC001360E9E72169D4F814C09142D4F818E051
:10EFBC0007D90144CB1A8AE761884FF0FF3289B236
:10EFCC0064E76144914208D88E4496454FD9C01AE3
:10EFDC00521A022600EB0E0379E7C91A4FF0FF32E2
:10EFEC0001260B18002151E76068D4ED017A94EDED
:10EFFC00027AF8EE677AB2FBF0F167EE877A00FBE3
:10F00C001122FCEEE77A17EE901A8A422BD3616834
:10F01C008A1A00213AE72D4A2D4C136801910133CD
:10F02C0013601DF06DFF23680199D3B12368DFF8DD
:10F03C00B0E0C31ADFF8ACC0DEF80020254F1A444C
:10F04C00CEF80020DCF800200132CCF800203A6821
:10F05C009A4200D93B60204AD2F800C09C4500D2AD
:10F06C001360206088E78A1A618889B20EE71B4911
:10F07C008A4207D801314FF0FF3203260144CB1AE4
:10F08C00002103E733464FF0FF3203261946FDE615
:10F09C00E4C20020F8C50020E88900204EC60020FC
:10F0AC00A489002053C60020D89E002042C6002010
:10F0BC00A089002000400042C09E00204BC60020CA
:10F0CC00DB0FC94054C30020389F0020409F002014
:10F0DC00D49E002098890020B09E0020FF5B26055E
:10F0EC00B49E00203C9F002008B51EF08DFA002134
:10F0FC0008BD00BF831EFDEEC07A70B50DB204468C
:10F10C00D6B21D4819B24FF410632A462DED028B6E
:10F11C0084B0B0EE678ACDED017A009333468DED65
:10F12C00030A15F019FA154B2A4621B2124801931D
:10F13C0000230093334615F0BDF9B8EEC87A9DED67
:10F14C00030AF6EE007ADFED0E6A04F1080130EEE8
:10F15C00470A022433462A4609B20748E0EE267ACB
:10F16C000094FDEEE77ACDED017A15F0F5F904B0D7
:10F17C00BDEC028B70BD00BF209900208C0F0020CD
:10F18C000000C842194A1A49138812889BB292B2DD
:10F19C0007EE903AF8EE677AC1ED007AA2B1154B02
:10F1AC008220154A1B68DFF860C00233A2FB0312F1
:10F1BC0022F0010101EB52029B1A5CF823200F494B
:10F1CC000F4B08601A6070470E4B9F200A4A1B6851
:10F1DC00DFF838C00233A2FB031222F0010101EB6D
:10F1EC0052029B1A5CF82320E9E700BF42C60020BC
:10F1FC002CC60020409F0020ABAAAAAA1C8E00207F
:10F20C00188E0020389F0020DC200020E8200020F1
:10F21C002B4B1B7843B12B4A2B4B1268A3FB0232AE
:10F22C00C2F34013920600D5704700B585B027484D
:10F23C00039314F05BFC0399244814F08FFCFF211A
:10F24C00224814F0B1FF2249204814F0C1FCA0213F
:10F25C001E4814F0FBFC09211C4815F041F8039BD7
:10F26C00F42246210093194815F0B4FA039B4FF48D
:10F27C0087724FF4CD710093144815F0ABFAFF234D
:10F28C0012481A46194615F0A3F8124B4FF4C060F9
:10F29C0040F201121B78F021012B4FF01B030CBF25
:10F2AC00DFF834C0DFF834C0CDE9000C074815F0A6
:10F2BC0001F9064805B05DF804EB14F0DFBB00BFA4
:10F2CC004FC60020F8C50020D34D621020990020B5
:10F2DC002417BD004AC60020500400206C040020F6
:10F2EC00214B944640F6C3121B889BB207EE903A12
:10F2FC00F8EE677A30B51D4CDFF880E0C4ED007A8B
:10F30C001B4CDEF8003025685B1B934214D9036854
:10F31C00032B09D8DFE803F019200211154B9A22B0
:10F32C001A60154B196003680133042BA8BF002326
:10F33C000360DEF80030236030BD0E4BCE221A6025
:10F34C000D4BC3F800C00368EEE70A4B34221A6079
:10F35C00094B19600368E7E7064B68221A60064BF5
:10F36C00C3F800C00368DFE742C600202CC60020AB
:10F37C00ECC20020188E00201C8E0020F8C5002046
:10F38C000A4B186880B10368094A1B6893420CD178
:10F39C00836810B503B19847064AD38843F4804379
:10F3AC00D380BFF34F8F10BD70471847F49E0020D9
:10F3BC00F901000000800B4010B5242184B01F48D7
:10F3CC001FF07AFA1E481DF0B5FA1E481DF00EFA11
:10F3DC000023B6EE000A4FF47A72194618460093D1
:10F3EC00194CCDE90133FFF74FFC0A4617481CF0C6
:10F3FC00FDFF2378DBB116490022164813F01CFEE2
:10F40C002378C3B114490022124813F015FE237857
:10F41C007BB1124900220F4813F00EFE64201DF040
:10F42C0019FD642004B0BDE810401DF013BD0C495B
:10F43C00E2E70C49EEE70C49E5E700BF8804002041
:10F44C0088890020C08C00205AC6002054C300209C
:10F45C00942030002099002070203000D4203000FF
:10F46C0090241000C42410006C2410002DE9F043EB
:10F47C00002491B081460F4690462546504E56F8D2
:10F48C0024003946033420F05BFF002861D001359D
:10F49C000C2DF4D14B4BD3F88024EAB10023114648
:10F4AC0002A83A46029318F0B1FC04464946464875
:10F4BC0014F040FEFCB1002208F1FF31424815F077
:10F4CC00D1F900223946404816F064FCB8F1000F1F
:10F4DC0039D011B0BDE8F083D3F8841439B1134698
:10F4EC000E9202A83A4617F07FFB002863D14946DA
:10F4FC00354814F01FFE382134481FF0DDF938462A
:10F50C0021F0EEF8014638461FF0D6F930481DF0D0
:10F51C0011FA304A00212C4813780133137014F07F
:10F52C0019FF0123032128481A4614F07FF8012201
:10F53C0000232548CDE9002219461A4614F0ACF8F0
:10F54C00B8F1000FC5D1204811B0BDE8F04314F05C
:10F55C0095BA1C4A05EB4505D2F8803406EB8506B6
:10F56C00E3B11946029003463A4602A818F04EFC45
:10F57C004946154814F0DEFD08F1FF31002212480F
:10F58C0015F070F91048D6E9011214F0B9F91249C6
:10F59C00B3683A460E481DF0E7F997E7D2F88414A1
:10F5AC0021B13A4602A80E9317F01EFB49460648B5
:10F5BC0014F0C0FDE0E74946034814F0BBFD7AE7C0
:10F5CC00401D00208499002020990020CC040020AC
:10F5DC00888900205EC60020B004002070B507E0CA
:10F5EC001FF046F9C4B220461FF052F9542C04D037
:10F5FC001FF0F8F80A28F3DC70BD00260A25344603
:10F60C001FF036F9C2B23038A100C0B2303AB300A4
:10F61C00092841EA967107D89B1944EB0104DB18C1
:10F62C006441D61844EBE274013DE9D130462146E1
:10F63C001BF0F2FFDCE700BF2DE9F04F0120ADF528
:10F64C00477D1CF03BFF02201CF02EFFBA4BBB4C3D
:10F65C0040F2EE26BA4F1D68DFF8E8821FF0A8F9D9
:10F66C002378002B00F0AF833B78DA0740F1AB83B3
:10F67C00B14B1B68D8F800209B1A0E2B40F2A383C9
:10F68C00AF4DB04E1FF094F92378002B00F0A783F8
:10F69C002B78DB0740F1A383A74B1B6832689B1ABE
:10F6AC000E2B40F29C83A8481CF006F8FFF796FF3F
:10F6BC0064201DF0CFFB1CF0EFFE002800F0CB8384
:10F6CC001821A2481FF0F8F8A1481DF033F9A14801
:10F6DC0026F032FD2121A0481FF0EEF89F4C9C48EB
:10F6EC001DF028F900201DF0EDFC0A2120609C483B
:10F6FC0015F086FC2568002D00F00D84994B012433
:10F70C0097481C6014F0F2F9224697490020FFF745
:10F71C00ADFE002295492046FFF7A8FE0022944931
:10F72C000220FFF7A3FE002292490320FFF79EFE62
:10F73C00002291490420FFF799FE00228F490520F1
:10F74C00FFF794FE00228E490620FFF78FFE002261
:10F75C008C490720FFF78AFE00228B490820FFF70F
:10F76C0085FE002289490920FFF780FE884B1A7814
:10F77C00002A40F0E583092186481CF08DFD00220B
:10F78C00844811461CF032FE0A201DF065F9102049
:10F79C001DF096F900210E201DF0FEFB7E4B402142
:10F7AC0018681971A0B17D4B7D4AC3187D481B1197
:10F7BC00D154537811788B4228BF0B469178D2786C
:10F7CC008B4228BF0B46934228BF134680F87A30F1
:10F7DC00754B76AD754A3EA93C9378A82B600026F4
:10F7EC003E923CACFFF70EFB41F26F7229466A4821
:10F7FC001CF078FF2B6878A86D4FDB68984723685E
:10F80C003EA8DB6898476B4A6B48136C6B4943F412
:10F81C00001313647A6F866042F44032684B7A6747
:10F82C00086040F21450674A6749C2F8B01146F2BA
:10F83C00A0121A8041F210321A8044F20A02DA80C5
:10F84C001A8842F06C021A804FF080521E814FF0E1
:10F85C00E023C3F8082101225C4B1A601DF032FC36
:10F86C00B12800F06283B2464FF6FF764FF0C40920
:10F87C0040F2F44748464FF008081DF023FC464080
:10F88C00B6B206F00103B8F1010803EB830203EBF7
:10F89C00423383EA5606B6B2F3D109F10109B945F0
:10F8AC00E8D10DF10E073E80BAF1000F40F018833D
:10F8BC004FF4A0720021284620F0DCFB4FF47A7341
:10F8CC0047A90022AB60AB64C5F88830C5F8C830D6
:10F8DC00C5F8083110AB43F82C2C2C3343F8542CBE
:10F8EC008B42F8D164201DF0EDFBFF28814600F01F
:10F8FC002C8322213648A3460DF2D71AC4F1C40634
:10F90C001EF0DAFF12481DF015F80BEB06001DF087
:10F91C00D9FB0BF8010BD345F7D105AEC6F59A7A96
:10F92C0006EB0A001DF0CEFB06F8010BA642F7D140
:10F93C002E46C5F56D7A4DE0F8C5002066C6002050
:10F94C0065C6002020C60020C90400000805002060
:10F95C00888900209907000034050020C4C20020CB
:10F96C0020990020E0C200205805002074050020DA
:10F97C0090050020A8050020C0050020DC05002013
:10F98C00FC0500201406002024060020340600206C
:10F99C005EC6002054C30020C08C002000BFF7BFFF
:10F9AC00C089002000E400E0F420002041020000A7
:10F9BC0000C00F4000C00A4030C60020F49E00205A
:10F9CC0000800B40009000206107000020C3002045
:10F9DC00F006002006EB0A001DF074FBC6AB06F81F
:10F9EC00010B9E42F6D10DF23D1A234605E05E292D
:10F9FC0000F23982534500F036821A780133A2F1B5
:10FA0C002001002AF3D104F14C0304F1990605E01E
:10FA1C005E2900F20182B34200F0FE8113F8012F3F
:10FA2C00A2F12001002AF3D104F1E60105E05E2ADF
:10FA3C0000F2FB818E4200F0F88116F8013FA3F131
:10FA4C002002002BF3D1B9F1FF0F00F0FB816420F1
:10FA5C001DF038FB009070201DF034FB83467C2099
:10FA6C001DF030FB814688201DF02CFB8246942033
:10FA7C001DF028FB0646B8201DF024FB5B46012B2D
:10FA8C0038BF0123B9F1010F38BF4FF00109BAF1AA
:10FA9C00010F38BF4FF0010A012E38BF0126012893
:10FAAC0038BF012083462046E7224FF4AF61019313
:10FABC001DF0C2FC05A8DC2240F25F611DF0BCFC0D
:10FACC004FF4A07240F23B7128461DF0B5FC009932
:10FADC0064201DF011FC002140F216501DF00CFCAE
:10FAEC00019B042240F21C5104A804931DF0A4FCB9
:10FAFC0004224FF4A46104A8CDF810901DF09CFCD6
:10FB0C00042240F2245104A8CDF810A01DF094FC5E
:10FB1C0004224FF4A56104A804961DF08DFC012667
:10FB2C00042240F22C5104A8CDF810B01DF084FC36
:10FB3C0004224FF4A66104A804961DF07DFC042257
:10FB4C0040F2345104A8049600261DF075FC0422E2
:10FB5C004FF4A76104A804961DF06EFC04A80422BF
:10FB6C0040F23C5104961DF067FC022238464FF4DB
:10FB7C00A3611DF061FC022140F215501DF0BCFB8D
:10FB8C00B12140F214501DF0B7FB642040F21C5A16
:10FB9C001DF098FA2C46B84B186050460AF1010A31
:10FBAC001DF090FA04F8010BBAF5A46FF5D12B688F
:10FBBC002C46B24F40F224563B6050460AF1010AE3
:10FBCC001DF080FA04F8010BB245F6D12B682C46D7
:10FBDC00AB4E336050460AF1010A1DF073FA04F87B
:10FBEC00010BBAF5A56FF5D12B68AB46A54A40F2CF
:10FBFC002C59136050460AF1010A1DF063FA0BF8F8
:10FC0C00010BCA45F6D12B6840F234549E4AA946E2
:10FC1C001360204601341DF055FA09F8010BB4F5B8
:10FC2C00A76FF6D12968A946984A116050460AF187
:10FC3C00010A1DF047FA09F8010BBAF5A66FF5D1C8
:10FC4C002968AB46924A40F23459116050460AF189
:10FC5C00010A1DF037FA0BF8010BCA45F6D12A68D8
:10FC6C00AA468C4B40F23C591A60204601341DF0D8
:10FC7C0029FA0AF8010B4C45F7D12A68A946864B9C
:10FC8C001A60204601341DF01DFA09F8010BB4F579
:10FC9C00A86FF6D1814C2B68814A04F1E709C4F5B1
:10FCAC00AF65136060191DF00DFA04F8010B4C459B
:10FCBC00F8D17C4D40F23B74AA46641B05F5A07943
:10FCCC000AEB04001DF0FEF90AF8010BCA45F7D146
:10FCDC00754C40F6980B04F10A0AABEB040B04EBE1
:10FCEC000B00DFF8C4911DF0EDF904F8010B54453D
:10FCFC00F5D19FED6E7A40F2B6306D49DFF8D4E164
:10FD0C00DFF8D4C139F8022BA2F132039BB2834243
:10FD1C006FD807EE902AF8EEE77AC7EE876AF6EE10
:10FD2C00007AE6EE877AFCEEE77A17EE903A9BB211
:10FD3C00323B8EFB0342DB17C3EB2213C3EB0343B3
:10FD4C00ACFB03429B1A02EB53031B0908F110088E
:10FD5C0041F8043BB8F1500FD4D1DFF8808140F268
:10FD6C005F6908F1DC05A9EB080908EB09001DF037
:10FD7C00A9F908F8010BA845F7D13F4B4D4D1B686D
:10FD8C002A689A4244D01D2B00F3F780072B3DDDE7
:10FD9C00083B152B3AD8DFE813F036003900390050
:10FDAC0039003900390039000E01390039003900A9
:10FDBC003900390039001B0139003900390039008C
:10FDCC003900390007013C4B1B6822785B1B6AB178
:10FDDC00B3F5FA6F3FF654AC1EF0EAFD3EE4364B39
:10FDEC001B68B3F57A6FFFF44DAC5CE4B342F3D906
:10FDFC0046E445F2D70345F6506455F82820012A0D
:10FE0C0018BF2346A2E72D4B3A681A601E232B60BD
:10FE1C000DF5477DBDE8F08F50464C22284920F067
:10FE2C00A9F9002384F89930FEE54C2225490DF5FB
:10FE3C00C57020F09FF90023B9F1FF0F84F8E6306C
:10FE4C007FF405AE4FF0010B00235E460093DA46BB
:10FE5C00D9465B4627E60E211B481EF02DFD1B489C
:10FE6C001CF068FD33E44C221949204620F082F93D
:10FE7C00002384F84C30C6E5E8C300208C8C0020AD
:10FE8C00748C0020848C0020A88C00209C8C00207A
:10FE9C00948C00207C8C00200CC600200C8D002043
:10FEAC0010C60020A0870020C8C2002000007A44A1
:10FEBC00D0C50020E4C30020F8C50020888C0020A9
:10FECC001C0700202407002024050020888900201E
:10FEDC00140700201F85EB51CB6B28AF48C40020C2
:10FEEC004FF000094FF4A3601DF0ECF860F3070924
:10FEFC0040F219501DF0E6F860F30F291FFA89F94A
:10FF0C00B1453FF442AE492136481EF0D5FC364887
:10FF1C001CF010FDCCE4354814F024FE0A212846D0
:10FF2C0021601DF0E9F9FFF7E9BB40F215501DF017
:10FF3C00C9F8A0F1020ABAFA8AFA4FEA5A1A93E4FB
:10FF4C002B4929481CF010FD15E42A2129481EF0E4
:10FF5C00B3FC25481CF0EEFCE7220021204620F0E3
:10FF6C0089F84FF4A0720021284620F083F8DC2297
:10FF7C00002105A820F07EF835E5362B7FF446AF3E
:10FF8C001D4A1E4B1E49106809681E4A1B681160E9
:10FF9C001B1A1D4A40F2165013601DF093F80428EA
:10FFAC001A4B1CDC186031E7194A1A4B12681A609C
:10FFBC001E232B602CE7184A104B10681B68174A3D
:10FFCC0031681B1A1160104A13601E232B601FE747
:10FFDC00134A144B12681A601E232B6018E7002278
:10FFEC001A6013E7780600208889002020990020E9
:04FFFC004806002093
:02000004600199
:10000000C406002010C60020F8C500207C8C00200B
:10001000788C0020E4C2002078C30020A88C002047
:10002000A48C00200CC60020708C0020848C002042
:10003000808C0020F0B52C4C85B000252B4F20463D
:100040001C2614F079FEFF2320461A46194613F0A9
:100050007FFE204613F0E0FC204614F06DFE0121E7
:10006000204614F043F92B462D220F2120460095FF
:1000700014F0B6FB204613F03FFDFF2320461A463E
:10008000194614F0ABF91A49204614F0CDF80121B5
:10009000204613F069FD3B88164AD721204600967A
:1000A0000392C722CDE901530125372313F0DEFE69
:1000B0003723C722D7212046CDE9006513F088FEFB
:1000C000204613F0E1FC204614F040FB237C2BB1CA
:1000D000638A4FF6FF7293423B6001D005B0F0BDDA
:1000E000054B1D6005B0F0BD2099002014C600200E
:1000F000A9A9A9002C070020E4C30020F0B5CF482F
:1001000083B014F019FECE4DCC4812F0DBFF322044
:100110001CF0A6FE2B68142B09D800240120013402
:100120001CF09EFE2B68142B01D8192CF6D1C34C61
:1001300000254FF4C066204612F08CFFFA232046BB
:100140001A46194613F004FE204613F065FC4FF4DE
:10015000B461204613F0BEFD0221204614F0C6F81B
:100160005A21204614F026F8D92320461A4619466B
:1001700014F034F92B462A46F0212046009514F05D
:100180002FFB4FF4F061204613F0A4FDFF21204621
:1001900014F010F8DE2320461A46194614F01EF912
:1001A0004FF491722B46F0212046009514F018FB75
:1001B0000921204614F09AF8F22320461A461946DF
:1001C00014F00CF9C3222B4629462046009514F062
:1001D00007FB4FF482722B464FF4F07120460095D6
:1001E00014F0FEFA772379227C21204614F0F6F8E9
:1001F000944A1F23F0212046CDE90062262214F004
:100200005FF9914A1F23F0212046CDE900628F4E0D
:10021000522214F055F93368002B40F05F8100251D
:100220001A23062204218548CDE9005514F09AF9D5
:1002300031681A2306228148CDE900510E2114F0BD
:1002400091F983490025834E1A2306227B48CDE984
:100250000051172114F034F931681A2306220929B4
:1002600000F335811C217548CDE9005514F07AF969
:1002700031681A2306227148CDE90051252114F076
:1002800071F91BF02DF920B1734B1968002900F0AA
:100290003481724800211A230622CDE900102B2157
:1002A000664814F00DF96E4D2968092900F305819F
:1002B00000261A2306224B216048CDE9006614F07F
:1002C00051F929681A2306225C48CDE900615521BD
:1002D00014F048F9634E0025634F1A2306225D216E
:1002E0005648CDE9005614F0EBF83A681A23092A6B
:1002F00000F3DB80062263215048CDE9005514F05D
:1003000031F93A681A236B214C48CDE90052062294
:1003100014F028F900251A23062273214748CDE955
:10032000005614F0CDF851491A23062209684348B3
:10033000CDE90051792114F015F9FF233F481A4601
:10034000194614F04BF805213C4813F00DFC01212F
:100350003A4813F0CBFF0323CD2201213748009503
:1003600014F03EFA0221354813F0FEFB0123CD22A2
:1003700051213248009514F033FA03212F4813F02D
:10038000F3FB0223CD22A1212C48009514F028FA7A
:1003900008212A4813F0E8FB0623CD22F021274844
:1003A000009514F01DFA0721244813F0DDFB052306
:1003B000CD2240F23F112148009514F011FA04219A
:1003C0001E4813F0D1FB0923CD224FF4C7711B48FF
:1003D000009514F005FAFF21184813F0EBFEA02158
:1003E000164813F039FC0921144813F07FFF4A2105
:1003F000124813F0B9FB1E49104813F0EFFB80229E
:100400002B4640F2A7110D48009514F0E9F99E2201
:100410002B464FF4EF710948009514F0E1F9FF23E2
:1004200006481A46194613F0D9FF0121034813F074
:100430005DFF082378224FF4D5711BE0209900203E
:10044000A0890020340700204007002030C300208E
:100450004C07002040C30020C0C2002058070020E5
:10046000DCC200206007002050C300203CC60020F2
:10047000D9D9D9003348009514F0B2F9314814F0B5
:1004800065F994F82030082B41D8012B0BD9023B99
:10049000062B08D8DFE803F04247044C0707510059
:1004A000294B22221A6003B0F0BDCDE90052612130
:1004B0000622244814F056F82CE700201A230622BE
:1004C000CDE900014B211F4814F04CF802E7CDE9BB
:1004D00000511C481B2114F045F8D2E61AF0E0FF49
:1004E000092830607FF79BAE1A2306220421CDE94C
:1004F0000050204614F036F8A3E614481A230622CA
:10050000CDE900102B210F4813F0DAFFCBE64A2B80
:10051000C9D10D4B1F221A6003B0F0BD0A4B022255
:100520001A6003B0F0BD084B09221A6003B0F0BD99
:10053000054B10221A6003B0F0BD034B17221A605E
:1005400003B0F0BD20990020E4C300205007002034
:10055000F0B5CF4883B014F0EFFBCE4DCC4812F08D
:10056000B1FD32201CF07CFC2B68142B09D8002430
:10057000012001341CF074FC2B68142B01D8192CB9
:10058000F6D1C34C00254FF4C066204612F062FD40
:10059000FA2320461A46194613F0DAFB204613F0D8
:1005A0003BFA4FF4B461204613F094FB022120463D
:1005B00013F09CFE5A21204613F0FCFDD92320465F
:1005C0001A46194613F00AFF2B462A46F021204608
:1005D000009514F005F94FF4F061204613F07AFB12
:1005E000FF21204613F0E6FDDE2320461A46194679
:1005F00013F0F4FE4FF491722B46F0212046009543
:1006000014F0EEF80921204613F070FEF223204684
:100610001A46194613F0E2FEC3222B46294620460D
:10062000009514F0DDF84FF482722B464FF4F07110
:100630002046009514F0D4F8772379227C212046B7
:1006400013F0CCFE944A1F23F0212046CDE900622E
:10065000262213F035FF914A1F23F0212046CDE9D1
:1006600000628F4E522213F02BFF3368002B40F0B4
:100670004A8100251A23062204218548CDE9005528
:1006800013F070FF31681A2306228148CDE900512A
:100690000E2113F067FF83490025834E1A2306229B
:1006A0007B48CDE90051172113F00AFF31681A2366
:1006B0000622092900F320811C217548CDE9005547
:1006C00013F050FF31681A2306227148CDE900511A
:1006D000252113F047FF1AF003FF20B1734B19686F
:1006E000002900F03681724800211A230622CDE944
:1006F00000102B21664813F0E3FE6E4D296809298E
:1007000000F3188100261A2306224B216048CDE908
:10071000006613F027FF29681A2306225C48CDE9FA
:100720000061552113F01EFF634E0025634F1A230D
:1007300006225D215648CDE9005613F0C1FE3A6805
:100740001A23092A00F3EE80062263215048CDE9DE
:10075000005513F007FF3A681A236B214C48CDE986
:100760000052062213F0FEFE00251A2306227321F2
:100770004748CDE9005613F0A3FE51491A2306223B
:1007800009684348CDE90051792113F0EBFEFF23BE
:100790003F481A46194613F021FE07213C4813F042
:1007A000E3F90523CD221F213948009514F018F8EC
:1007B0000421374813F0D8F90923CD227421344895
:1007C000009514F00DF8FF21314813F0F3FCA0213F
:1007D0002F4813F041FA09212D4813F087FDD82145
:1007E0002B4813F0C1F93749294813F0F7F9802253
:1007F0002B4629462648009513F0F2FF9E222B46F1
:1008000037212348009513F0EBFFFF2320481A46B9
:10081000194613F0E3FD2C494FF4C0621B231C481A
:10082000CDE900218E221D2113F04AFEFF21184838
:1008300013F0C0FCA021164813F00EFA0921144849
:1008400013F054FD4A21124813F08EF91D49104847
:1008500013F0C4F980222B4640F2A7110C480095F2
:1008600013F0BEFF9E222B464FF4EF71084800950F
:1008700013F0B6FFFF2306481A46194613F0AEFDE3
:100880000121034813F032FD082378221EE000BF47
:1008900020990020A0890020340700204007002074
:1008A00030C300204C07002040C30020C0C20020FD
:1008B00058070020DCC200206007002050C3002041
:1008C0003CC60020D9D9D900640700204FF4D57167
:1008D0002748009513F084FF254813F037FF94F85C
:1008E00020304A2B3FD0D82B2ED0042B02D1214BC5
:1008F00022221A6003B0F0BDCDE900511C481B2133
:1009000013F030FEE7E61AF0CBFD092830607FF7E0
:10091000B0AE1A2306220421CDE90050204613F080
:1009200021FEB8E6CDE9005261210622104813F0FD
:1009300019FE19E700201A230622CDE900014B21F8
:100940000B4813F00FFEEFE60A4B01221A6003B0CA
:10095000F0BD09481A230622CDE900102B210448D6
:1009600013F0AEFDC9E6034B1F221A6003B0F0BDC1
:1009700020990020E4C3002050070020F0B5CF48A4
:1009800083B014F0D9F9CE4DCC4812F09BFB322045
:100990001CF066FA2B68142B09D8002401340120BE
:1009A0001CF05EFA2B68192C01D0142BF6D9C34C1D
:1009B00000264FF4C065C34F204612F04BFBFF23C7
:1009C00020461A46194613F0C3F9204613F024F8BE
:1009D0004FF4AA61204613F07DF90221204613F05E
:1009E00085FC5A21204613F0E5FBD92320461A4600
:1009F000194613F0F3FC33463246F02120460096A8
:100A000013F0EEFEFF21204613F0D4FB772379226A
:100A10007C21204613F0E2FCAB4A1E23F021204645
:100A2000CDE90052202213F04BFD1E233F22F0217E
:100A30002046CDE9005713F043FD772379227C212E
:100A4000204613F0CBFC1723732294212046CDE9D6
:100A5000005713F035FD9D4A1B234FF48771204644
:100A6000CDE90052732213F02BFD994A1B23F0218C
:100A70002046CDE900528C2213F022FD954A1B231B
:100A8000F0212046CDE90052A52213F019FD924A2B
:100A90001B23F0212046CDE90052904DBE2213F0D9
:100AA0000FFD2B68002B40F07D8100261A230622C3
:100AB00004218248CDE9006613F054FD29681A2309
:100AC00006227E48CDE900610E2113F04BFD8449DA
:100AD0000025844E1A2306227848CDE900511721BB
:100AE00013F0EEFC31681A230622092900F3538122
:100AF0001C217248CDE9005513F034FD31681A23EA
:100B000006226E48CDE90051252113F02BFD1AF085
:100B1000E7FC20B1744B1968002900F06981734823
:100B200000211A230622CDE900102B21634813F07F
:100B3000C7FC6F4D2968092900F34B8100261A2351
:100B400006224B215D48CDE9006613F00BFD2968B4
:100B50001A2306225948CDE90061552113F002FD00
:100B6000644E0025644F1A2306225D215348CDE9C7
:100B7000005613F0A5FC3A681A23092A00F32181D4
:100B8000062263214D48CDE9005513F0EBFC3A688D
:100B90001A236B214948CDE90052062213F0E2FCEA
:100BA00000251A23062273214448CDE9005613F08C
:100BB00087FC52491A23062209684FF4C0663F4851
:100BC000CDE90051792113F0CDFCFF233B481A46B3
:100BD000194613F003FC0121384813F087FB012369
:100BE0002A464FF4C8713548009513F0F9FDFF21EE
:100BF000324813F0DFFAA021304813F02DF8092114
:100C00002E4813F073FB0A212C4812F0ADFF3C492B
:100C10002A4812F0E3FF80222B46294627480095F8
:100C200013F0DEFD9E222B4637212448009513F059
:100C3000D7FDFF2321481A46194613F0CFFB314A4E
:100C40001B231D211D48CDE900628E2213F038FCC4
:100C5000FF211A4813F0AEFAA021184812F0FCFF49
:100C60000921164813F042FB0921144812F07CFFB9
:100C70002349124812F0B2FF80222B4640F2A711FE
:100C80000E48009513F0ACFD9E222B464FF4EF71F9
:100C90000A48009513F0A4FDFF2308481A46194698
:100CA00013F09CFB184A1B2340F2BF110348CDE907
:100CB00000628E2213F004FCFF2127E0209900201F
:100CC000A08900207C0700206C07002084070020FA
:100CD0009C070020B8070020D807002030C3002060
:100CE0004C07002040C30020C0C20020580700204D
:100CF000DCC200206007002050C300203CC600205A
:100D0000D9D9D90064070020F8070020404813F023
:100D100051FAA0213E4812F09FFF09213C4813F0F0
:100D2000E5FADE233A481A46194613F057FB0B2121
:100D3000374812F019FF4FF47071354812F0CAFFAE
:100D40000221334813F0D2FA4FF491722B46F0216E
:100D50002F48009513F044FDFF232D481A461946ED
:100D600013F03CFB2B491B23FF222948CDE90061EE
:100D7000F02113F0A5FB264813F0E8FC94F820308E
:100D80000A2B3FD00B2B2ED0092B02D1224B042251
:100D90001A6003B0F0BDCDE900511D481B2113F0CE
:100DA000E1FBB4E61AF07CFB092828607FF77DAEF2
:100DB0001A2306220421CDE90060204613F0D2FB5D
:100DC00085E6CDE9005261210622114813F0CAFBE5
:100DD000E6E600201A230622CDE900014B210C484B
:100DE00013F0C0FBBCE60C4B03221A6003B0F0BD4D
:100DF0000A481A230622CDE900102B21044813F0DB
:100E00005FFB96E6044B01221A6003B0F0BD00BF01
:100E10002099002000080020E4C300205007002093
:100E2000F0B5C84883B013F087FFC74DC54812F02E
:100E300049F932201CF014F82B68142B09D800242F
:100E4000013401201CF00CF82B68192C01D0142B54
:100E5000F6D9BC4C00264FF4C065204612F0FAF8D3
:100E6000FF2320461A46194612F072FF204612F060
:100E7000D3FD4FF4A071204612F0EEFE092120466A
:100E800013F034FAB149204612F0A8FE46225D2143
:100E900033462046009613F0A3FCEB22334640F283
:100EA00083112046009613F09BFC772379227C2146
:100EB000204613F093FAA64A1B23F0212046CDE9E1
:100EC0000052532213F0FCFAA24A1B23F0212046C1
:100ED000CDE900526E2213F0F3FA9F4A1B23F02152
:100EE0002046CDE90052872213F0EAFA9B4A1B23E1
:100EF000F0212046CDE90052A02213F0E1FA984AF1
:100F00001B23F0212046CDE90052B92213F0D8FA74
:100F1000944A1B23F0212046CDE90052D22213F03F
:100F2000CFFA914A1B23F0212046CDE900528F4D84
:100F3000EB2213F0C5FA2B68002B40F0F38000265B
:100F40001A23062204217F48CDE9006613F00AFB2C
:100F500029681A2306227B48CDE900610E2113F08F
:100F600001FB83490025834E1A2306227548CDE9EB
:100F70000051172113F0A4FA31681A230622092917
:100F800000F3C9801C216F48CDE9005513F0EAFA3F
:100F900031681A2306226B48CDE90051252113F050
:100FA000E1FA1AF09DFA20B1734B1968002900F09C
:100FB000F580724800211A230622CDE900102B216A
:100FC000604813F07DFA6E4D2968092900F3998075
:100FD00000261A2306224B215A48CDE9006613F059
:100FE000C1FA29681A2306225648CDE90061552125
:100FF00013F0B8FA634E0025634F1A2306225D21D1
:101000005048CDE9005613F05BFA3A681A23092AD2
:101010006FDC062263214B48CDE9005513F0A2FA9C
:101020003A681A236B214748CDE90052062213F093
:1010300099FA00251A23062273214248CDE9005669
:1010400013F03EFA51491A23062209683D48CDE9BA
:101050000051792113F086FAFF233A481A461946BF
:1010600013F0BCF90121374813F040F901232A4657
:101070004FF4C8713348009513F0B2FBA0213148FA
:1010800012F0EAFD09212F4813F030F90D212D4807
:1010900012F06AFD3E492B4812F0A0FD80222B463B
:1010A00029462848009513F09BFB9E222B463721AA
:1010B0002448009513F094FBFF2322481A46194652
:1010C00013F08CF933484FF4C0611B238E22CDE915
:1010D00000101D211B4813F0F3F91A4813F036FBDA
:1010E00094F820300D2B02D12B4B02221A6003B052
:1010F000F0BDCDE9005261210622124813F032FA08
:1011000097E700201A230622CDE900014B210D4864
:1011100013F028FA6EE7CDE900510A481B2113F0BD
:1011200021FA3EE71AF0BCF9092828607FF707AFDB
:101130001A2306220421CDE90060204613F012FA9A
:101140000FE700BF20990020A0890020F2F2F200F2
:1011500008080020300800205C08002088080020D3
:10116000B0080020D80800200009002030C300206B
:101170004C07002040C30020C0C2002058070020B8
:10118000DCC200206007002050C300203CC60020C5
:10119000D9D9D90064070020E4C3002004481A23E9
:1011A0000622CDE900102B21024813F089F90AE745
:1011B0005007002020990020F0B5CA4883B013F0F2
:1011C000BBFDC94DC74811F07DFF32201BF048FE22
:1011D0002B68142B09D80024013401201BF040FE99
:1011E0002B68192C01D0142BF6D9BE4EBF4C3046BB
:1011F00011F030FFFF2330461A46194612F0A8FDC1
:10120000304612F009FC772379227C21304613F016
:10121000E5F82368002B40F0538200251A23FC22B6
:1012200040F24311AF48CDE9005513F09BF9216816
:101230001A23FC22AB48CDE900514FF4A67113F0FC
:1012400091F9AB490024AB4D1A23FC22A548CDE906
:10125000004140F2551113F033F929681A23FC229A
:10126000092900F3258240F259119E48CDE9004436
:1012700013F078F929681A23FC229A48CDE9004135
:101280004FF4B17113F06EF91AF02AF920B19A4BAC
:101290001968002900F02582984800211A23FC22B1
:1012A000CDE9001040F269118E4813F009F9944C11
:1012B0002168092900F3F18100251A23FC2240F25C
:1012C0008B118848CDE9005513F04CF921681A2399
:1012D000FC228448CDE9005140F2931113F042F909
:1012E000884D0024884F1A23FC2240F29B117D4830
:1012F000CDE9004513F0E4F83A681A23092A00F30F
:10130000C381FC2240F2A1117648CDE9004413F0DC
:1013100029F93A681A2340F2A9117248CDE900422E
:10132000FC2213F01FF900241A23FC2240F2B11111
:101330006C48CDE9004513F0C3F874491A23FC2228
:1013400009684FF4C0656748CDE9004140F2B71124
:1013500013F008F9FF2363481A46194613F03EF8C4
:101360000121604812F0C2FF224601234FF4C871E8
:101370005C48009413F034FA4FF4A071594812F00D
:101380006BFC0921574812F0B1FF6149554812F032
:1013900025FC5022234653481146009413F020FAAE
:1013A0002346C822EB214F48009413F019FA772303
:1013B00079227C214B4813F011F8564A18239B21BF
:1013C0004848CDE90052532213F07AF8524A1B23C1
:1013D000A4214448CDE90052732213F071F84F4A1A
:1013E0001B23A4213F48CDE900528C2213F068F85A
:1013F0004B4A182383213B48CDE90052AC2213F01D
:101400005FF84849374812F0E9FB474A1B238F2110
:101410003448CDE90052CC2213F052F877237922D8
:101420007C21304812F0DAFF404A1B234FF4B87198
:101430002C48CDE900525A2213F042F83C49294881
:1014400012F0CCFB1021274812F08EFB4FF43471C0
:10145000244812F03FFC0221224812F047FF2346A5
:10146000A3224FF49F711F48009413F0B9F9FF2392
:101470001C481A46194612F0B1FF2E4A1B234FF49E
:101480009F711848CDE900528E2213F019F82A4AAC
:101490001B234FF49F711348CDE90052A12213F092
:1014A0000FF8264A1B234FF49F710E48CDE90052D6
:1014B000B42213F005F81E490A4812F08FFB1121DF
:1014C000084812F051FB4FF43471064812F002FC48
:1014D0000221044812F00AFF2346A32240F29F1182
:1014E0002EE000BF20990020A089002030C30020FA
:1014F0004C07002040C30020C0C200205807002035
:10150000DCC200206007002050C300203CC6002041
:10151000F2F2F200100900201C0900202C09002022
:101520004009002058D75A004809002054090020DB
:10153000D9D9D9006C090020740900207C09002049
:101540007748009413F04CF9FF2375481A46194662
:1015500012F044FF734A1B2340F29F117048CDE9FB
:101560000052932212F0ACFF6F4A1B2340F29F11EE
:101570006B48CDE90052AA2212F0A2FFA0216848D0
:1015800012F06AFB0921664812F0B0FE0D21644892
:1015900012F0EAFA6549624812F020FB0422234661
:1015A0005F481146009413F01BF92346232237218C
:1015B0005B48009413F014F9FF2359481A46194662
:1015C00012F00CFF5A4A1B231F215548CDE9005247
:1015D000142212F075FFA021514812F03DFB0921A1
:1015E0004F4812F083FE17214D4812F0BDFA4F49C3
:1015F0004B4812F0F3FA2346EB22042148480094AA
:1016000013F0EEF823464FF48572372144480094D6
:1016100013F0E6F8FF2342481A46194612F0DEFEA0
:10162000444A1B231E213E48CDE90052F02212F00D
:1016300047FF414A1B231E213948CDE9005240F2A1
:10164000011212F03DFF364813F080F83B483C4948
:10165000012204600C6000243A4996F820300C60A6
:1016600039480D3B394902600A600A2B0AD8DFE885
:1016700003F00609094D4809090909094300344BDB
:1016800002221A6003B0F0BDCDE9004240F29F1182
:10169000FC22234812F066FF45E600201A23FC22B4
:1016A000CDE9000140F289111D4812F05BFF17E6F9
:1016B000CDE900411A4840F2591112F053FFE3E519
:1016C00019F0EEFE092820607FF7A7AD00211A234C
:1016D000FC22CDE900104FF4A171304612F042FF18
:1016E000AFE51C481A23FC22CDE9001040F2691135
:1016F0000B4812F0E5FEDAE5154B01221A6003B043
:10170000F0BD134B06221A6003B0F0BD124A05204B
:10171000124B0F49126808601A6003B0F0BD00BF99
:10172000209900208809002090090020D9D9D900EB
:10173000640700209C090020A4090020F0C30020B9
:10174000ECC300202CC60020E8C50020F0C5002016
:10175000E4C3002050070020F8C50020F4C2002098
:10176000F0B5B54883B013F0E7FAB44DB24811F0C4
:10177000A9FC32201BF074FB2B68142B09D8002421
:10178000013401201BF06CFB2B68192C01D0142BA9
:10179000F6D9A94DAA4C284611F05CFCFF23284637
:1017A0001A46194612F0D4FA284612F035F9772372
:1017B00079227C21284612F011FE2368002B40F08C
:1017C000218100261A23062204219B48CDE90066C8
:1017D00012F0C8FE21681A2306229748CDE900615D
:1017E0000E2112F0BFFE97490024974E1A230622BD
:1017F0009148CDE90041172112F062FE31681A23A9
:101800000622092900F3F7801C218B48CDE900440A
:1018100012F0A8FE31681A2306228748CDE900415C
:10182000252112F09FFE19F05BFE20B1874B19684D
:10183000002900F0F780864800211A230622CDE90E
:1018400000102B217C4812F03BFE824C21680929B4
:1018500000F3C78000261A2306224B217648CDE9E3
:10186000006612F07FFE21681A2306227248CDE935
:101870000061552112F076FE774E0024774F1A232F
:1018800006225D216C48CDE9004612F019FE3A6847
:101890001A23092A00F39D80062263216648CDE9B8
:1018A000004412F05FFE3A681A236B216248CDE9CA
:1018B0000042062212F056FE00241A23062273214B
:1018C0005D48CDE9004612F0FBFD65491A2306226A
:1018D00009684FF4C0665848CDE90041792112F0FB
:1018E00041FE4FF4A071544812F0B6F90921524854
:1018F00012F0FCFC5B49504812F070F96422234658
:1019000050214D48009412F06BFF962223464FF46D
:10191000C8714948009412F063FFFF2346481A46F5
:10192000194612F05BFD0121434812F0DFFC012350
:1019300022464FF4C8714048009412F051FF7723BB
:1019400079227C213C4812F049FD474A1D23F021B1
:101950003948CDE900627D2212F0B2FD4FF4A0714A
:10196000354812F079F90921334812F0BFFC1421EF
:10197000314812F0F9F83D492F4812F02FF9D122E1
:101980002346D2212C48009412F02AFFD422234669
:101990004FF487712848009412F022FFFF23264855
:1019A0001A46194612F01AFD31491B23D322224848
:1019B000CDE90061F02112F083FD1F4812F0C6FE50
:1019C00095F82030142B02D12A4B08221A6003B05C
:1019D000F0BDCDE9004261210622174812F0C2FD98
:1019E0006AE700201A230622CDE900014B211248A4
:1019F00012F0B8FD40E7CDE900410F481B2112F07D
:101A0000B1FD10E719F04CFD092820607FF7D9AE31
:101A100000211A230622CDE900100421284612F0E5
:101A2000A1FDE0E614481A230622CDE900102B217F
:101A3000014812F045FD08E720990020A089002008
:101A400030C300204C07002040C30020C0C200204B
:101A500058070020DCC200206007002050C300208F
:101A60003CC60020F2F2F200AC090020D9D9D9001E
:101A7000D0090020E4C3002050070020F0B5CF4873
:101A800083B013F059F9CE4DCC4811F01BFB322036
:101A90001BF0E6F92B68142B09D80024013401202F
:101AA0001BF0DEF92B68192C01D0142BF6D9C34C8E
:101AB00000264FF4C065C34F204611F0CBFAFF2338
:101AC00020461A46194612F043F9204611F0A4FFA9
:101AD0004FF4AA61204612F0FDF80221204612F0D0
:101AE00005FC5A21204612F065FBD92320461A46F0
:101AF000194612F073FC33463246F0212046009618
:101B000012F06EFEFF21204612F054FB772379225B
:101B10007C21204612F062FC1E23AB4AF0212046B5
:101B2000CDE900521A4612F0CBFC1E234122F021CF
:101B30002046CDE9005712F0C3FC772379227C219F
:101B4000204612F04BFC172373227D212046CDE95D
:101B5000005712F0B5FC9D4A1B2340F2111120469C
:101B6000CDE90052732212F0ABFC994A1B23F021FD
:101B70002046CDE900528C2212F0A2FC954A1B238C
:101B8000F0212046CDE90052A52212F099FC924A9C
:101B90001B23F0212046CDE90052904DBE2212F0C9
:101BA0008FFC2B68002B40F0718100261A2306223F
:101BB00004218248CDE9006612F0D4FC29681A237A
:101BC00006227E48CDE900610E2112F0CBFC84494B
:101BD0000025844E1A2306227848CDE900511721AA
:101BE00012F06EFC31681A230622092900F347819E
:101BF0001C217248CDE9005512F0B4FC31681A235B
:101C000006226E48CDE90051252112F0ABFC19F0F7
:101C100067FC20B1744B1968002900F05D8173489E
:101C200000211A230622CDE900102B21634812F06F
:101C300047FC6F4D2968092900F33F8100261A23CC
:101C400006224B215D48CDE9006612F08BFC296825
:101C50001A2306225948CDE90061552112F082FC71
:101C6000644E0025644F1A2306225D215348CDE9B6
:101C7000005612F025FC3A681A23092A00F3158150
:101C8000062263214D48CDE9005512F06BFC3A68FD
:101C90001A236B214948CDE90052062212F062FC5A
:101CA00000251A23062273214448CDE9005612F07C
:101CB00007FC52491A23062209684FF4C0663F48C0
:101CC000CDE90051792112F04DFCFF233B481A4623
:101CD000194612F083FB0121384812F007FB02235A
:101CE0002A464FF4C8713548009512F079FDFF215E
:101CF000324812F05FFAA021304811F0ADFF0921FF
:101D00002E4812F0F3FA18212C4811F02DFF3C490F
:101D10002A4811F063FF80222B4640F2A711274882
:101D2000009512F05DFD9E222B464FF4EF71234883
:101D3000009512F055FDFF2320481A46194612F06F
:101D40004DFB304A1B2340F2BF111C48CDE9006215
:101D50008E2212F0B5FBFF21184812F02BFAA021B9
:101D6000164811F079FF0921144812F0BFFA192121
:101D7000124811F0F9FE2249104811F02FFF80227D
:101D80002B4629460D48009512F02AFD9E222B462F
:101D900037210A48009512F023FDFF2307481A4611
:101DA000194612F01BFB184A1B231D210348CDE9DD
:101DB00000628E2212F084FBDE2327E020990020AF
:101DC000A0890020DC0900206C070020E409002025
:101DD000080A0020280A00204C0A002030C30020F6
:101DE0004C07002040C30020C0C20020580700203C
:101DF000DCC200206007002050C300203CC6002049
:101E0000D9D9D900F8070020640700203A481A46BB
:101E1000194612F0E3FA1A21374811F0A5FE4FF4E3
:101E20007071354811F056FF0221334812F05EFA06
:101E30004FF491722B46F0212F48009512F0D0FC00
:101E4000FF232D481A46194612F0C8FA2B491B23C6
:101E5000FF222948CDE90061F02112F031FB26482C
:101E600012F074FC94F82030192B3FD01A2B2ED08E
:101E7000182B02D1224B0B221A6003B0F0BDCDE922
:101E800000511D481B2112F06DFBC0E619F008FB44
:101E9000092828607FF789AE1A2306220421CDE99C
:101EA0000060204612F05EFB91E6CDE90052612110
:101EB0000622114812F056FBF2E600201A230622F1
:101EC000CDE900014B210C4812F04CFBC8E60C4B4D
:101ED0000A221A6003B0F0BD0A481A230622CDE98F
:101EE00000102B21044812F0EBFAA2E6044B012269
:101EF0001A6003B0F0BD00BF209900200008002048
:101F0000E4C3002050070020F0B5CC4883B012F0A5
:101F100013FFCB4DC94811F0D5F832201AF0A0FFBD
:101F20002B68142B09D80024013401201AF098FFE3
:101F30002B68192C01D0142BF6D9C04C00264FF475
:101F4000C065204611F086F8FF2320461A46194640
:101F500011F0FEFE204611F05FFD4FF4A071204607
:101F600011F07AFE0921204612F0C0F9B549204649
:101F700011F034FE41225F2133462046009612F0D4
:101F80002FFCEB22334640F281112046009612F0DE
:101F900027FC772379227C21204612F01FFAAA4AD7
:101FA0001B23F0212046CDE90052412212F088FA8D
:101FB000A64A1B23F0212046CDE900525C2212F0F4
:101FC0007FFAA34A1B23F0212046CDE90052752257
:101FD00012F076FA9F4A1B23F0212046CDE90052E9
:101FE0008E2212F06DFA9C4A1B23F0212046CDE987
:101FF0000052A72212F064FA984A1B23F0212046CF
:10200000CDE90052C02212F05BFA954A1B23F02161
:102010002046CDE90052D92212F052FA914A1B23F0
:10202000F0212046CDE900528F4DF22212F048FAFD
:102030002B68002B40F0F38000261A23062204218F
:102040007E48CDE9006612F08DFA29681A2306222F
:102050007A48CDE900610E2112F084FA8349002507
:10206000834E1A2306227548CDE90051172112F03C
:1020700027FA31681A230622092900F3C9801C2196
:102080006E48CDE9005512F06DFA31681A23062228
:102090006A48CDE90051252112F064FA19F020FABE
:1020A00020B1744B1968002900F0F68072480021B5
:1020B0001A230622CDE900102B21604812F000FA05
:1020C0006E4D2968092900F3998000261A230622FB
:1020D0004B215A48CDE9006612F044FA29681A23C8
:1020E00006225648CDE90061552112F03BFA644EB4
:1020F0000025644F1A2306225D215048CDE9005681
:1021000012F0DEF93A681A23092A6FDC06226321ED
:102110004A48CDE9005512F025FA3A681A236B2196
:102120004648CDE90052062212F01CFA00251A2377
:10213000062273214148CDE9005612F0C1F95249F7
:102140001A23062209683D48CDE90051792112F091
:1021500009FAFF2339481A46194612F03FF90121BE
:10216000364812F0C3F802232A464FF4C8713348A8
:10217000009512F035FBA021304811F06DFD0921CA
:102180002E4812F0B3F81C212C4811F0EDFC3F4909
:102190002A4811F023FD80222B4629462748009526
:1021A00012F01EFB9E222B4637212448009512F088
:1021B00017FBFF2321481A46194612F00FF934483D
:1021C0004FF4C0611B238E22CDE900101D211B4856
:1021D00012F076F9194812F0B9FA94F820301C2B55
:1021E00002D12C4B09221A6003B0F0BDCDE9005298
:1021F00061210622114812F0B5F997E700201A2351
:102200000622CDE900014B210C4812F0ABF96EE734
:10221000CDE9005109481B2112F0A4F93EE719F05D
:102220003FF9092828607FF707AF1A230622042107
:10223000CDE90060204612F095F90FE720990020C3
:10224000A0890020F2F2F200640A00208C0A00202B
:10225000B40A0020E00A0020040B00202C0B002010
:10226000540B0020740B002030C300204C070020CA
:1022700040C30020C0C2002058070020DCC200205C
:102280006007002050C300203CC60020D9D9D900E7
:1022900064070020E4C3002004481A230622CDE985
:1022A00000102B21024812F00BF909E7500700201B
:1022B00020990020F0B5C94883B012F03DFDC84D0B
:1022C000C64810F0FFFE32201AF0CAFD2B68142B0E
:1022D00009D80024013401201AF0C2FD2B68192C02
:1022E00001D0142BF6D9BD4EBE4C304610F0B2FED4
:1022F000FF2330461A46194611F02AFD304611F0E8
:102300008BFB772379227C21304612F067F8236813
:10231000002B40F0888200251A23FC2240F2431152
:10232000AE48CDE9005512F01DF921681A23FC22B0
:10233000AA48CDE900514FF4A67112F013F9AA4949
:102340000024AA4D1A23FC22A448CDE9004140F202
:10235000551112F0B5F829681A23FC22092900F357
:102360005A8240F259119D48CDE9004412F0FAF822
:1023700029681A23FC229948CDE900414FF4B17134
:1023800012F0F0F819F0ACF820B1994B1968002957
:1023900000F05A82974800211A23FC22CDE9001050
:1023A00040F269118D4812F08BF8934C216809298D
:1023B00000F3268200251A23FC2240F28B11874865
:1023C000CDE9005512F0CEF821681A23FC2283488B
:1023D000CDE9005140F2931112F0C4F8874D00246A
:1023E000874F1A23FC2240F29B117C48CDE900451F
:1023F00012F066F83A681A23092A00F3F881FC22E1
:1024000040F2A1117548CDE9004412F0ABF83A68EA
:102410001A2340F2A9117148CDE90042FC2212F0C2
:10242000A1F800241A23FC2240F2B1116B48CDE937
:10243000004512F045F873491A23FC2209684FF44D
:10244000C0656648CDE9004140F2B71112F08AF844
:10245000FF2362481A46194611F0C0FF01215F4868
:1024600011F044FF224602234FF4C8715B480094E8
:1024700012F0B6F94FF4A071584811F0EDFB0921A4
:10248000564811F033FF6049544811F0A7FB23462A
:10249000502241215148009412F0A2F92346C8224B
:1024A000F7214E48009412F09BF9772379227C2182
:1024B0004A4811F093FF554A18239B214748CDE91C
:1024C0000052532211F0FCFF514A1B23A421434820
:1024D000CDE90052732211F0F3FF4E4A1B23A421D1
:1024E0003E48CDE900528C2211F0EAFF4A4A1823F7
:1024F00083213A48CDE90052AC2211F0E1FF47496F
:10250000364811F06BFB464A1A2347213348CDE980
:102510000052CC2211F0D4FF4249304811F05EFB4A
:10252000414A1A2375212D48CDE90052CC2211F0E1
:10253000C7FF3A49294811F051FB3C4A1A23A82108
:102540002648CDE90052CC2211F0BAFF3549234884
:1025500011F044FB364A1A23E4212048CDE9005209
:10256000CC2211F0ADFF772379227C211B4811F09A
:1025700035FF304A1B234FF4B8711848CDE900529B
:10258000642211F09DFF2C49144811F027FB1F21F4
:10259000124811F0E9FA4FF43471104811F09AFB27
:1025A00002210E4811F0A2FE2346A3224FF49F7190
:1025B0000A48009412F014F9FF2308481A461946F5
:1025C00011F00CFF1D4A1B234FF49F710348CDE906
:1025D00000528E2211F074FF32E000BF20990020DB
:1025E000A089002030C300204C07002040C30020F9
:1025F000C0C2002058070020DCC200206007002075
:1026000050C300203CC60020F2F2F2001009002066
:102610001C0900202C0900204009002058D75A002E
:102620009C0B0020585FD700A40B0020B00B0020AB
:10263000B80B002054090020D9D9D9006C0900201A
:10264000904A1B234FF49F718F48CDE90052A1227D
:1026500011F036FF8D4A1B234FF49F718A48CDE954
:102660000052B42211F02CFF8949874811F0B6FAC4
:102670002021854811F078FA4FF43471824811F026
:1026800029FB0221804811F031FE2346A32240F2AB
:102690009F117D48009412F0A3F8FF237A481A4650
:1026A000194611F09BFE7B4A1B2340F29F1176488E
:1026B000CDE90052932211F003FF774A1B2340F229
:1026C0009F117148CDE90052AA2211F0F9FEA02114
:1026D0006D4811F0C1FA09216B4811F007FE1C2169
:1026E000694811F041FA6A49674811F077FA042203
:1026F000234665481146009412F072F823462322BF
:1027000037216148009412F06BF8FF235E481A46A7
:10271000194611F063FE614A1B231F215A48CDE977
:102720000052142211F0CCFEA021574811F094FA67
:102730000921554811F0DAFD1721534811F014FA18
:102740005349514811F04AFA2346EB2204214E48DE
:10275000009412F045F823464FF4857237214A4819
:10276000009412F03DF8FF2347481A46194611F02D
:1027700035FE4B491B23F02243484A4CCDE900511A
:102780001E2111F09DFE48491B2340F201123E48D4
:10279000CDE900511E2111F093FE3B4811F0D6FF08
:1027A00042490020012296F8203008604049173B3A
:1027B000226007240A6066213E4A3F48116040219A
:1027C0003E4A04603324116096213D483D4A04602E
:1027D0001160092B09D8DFE803F050080808080544
:1027E00008084742384B09221A6003B0F0BDCDE912
:1027F000004240F29F11FC22234811F0B3FE10E684
:1028000000201A23FC22CDE9000140F289111E4864
:1028100011F0A8FEE2E5CDE900411B4840F2591154
:1028200011F0A0FEAEE518F03BFE092820607FF70E
:1028300072AD00211A23FC22CDE900104FF4A171E2
:10284000304611F08FFE7AE520481A23FC22CDE9AC
:10285000001040F269110C4811F032FEA5E51A4B48
:102860000D221A6003B0F0BD194A0C20194B16490D
:10287000126808601A6003B0F0BD134B01221A60A1
:1028800003B0F0BD74090020209900207C090020CD
:10289000D9D9D900880900209009002064070020B8
:1028A0009C090020E8C50020A40900202CC60020B7
:1028B000F0C50020688C0020648C0020188E002059
:1028C0006C8C00201C8E0020E4C3002050070020E8
:1028D000F8C50020F4C20020F0B5B54883B012F06E
:1028E0002BFAB44DB24810F0EDFB32201AF0B8FAD2
:1028F0002B68142B09D80024013401201AF0B0FAF7
:102900002B68192C01D0142BF6D9A94DAA4C2846B6
:1029100010F0A0FBFF2328461A46194611F018FABA
:10292000284611F079F8772379227C21284611F086
:1029300055FD2368002B40F0218100261A23062232
:1029400004219B48CDE9006611F00CFE21681A2392
:1029500006229748CDE900610E2111F003FE974948
:102960000024974E1A2306229148CDE900411721F1
:1029700011F0A6FD31681A230622092900F3F78019
:102980001C218B48CDE9004411F0ECFD31681A237D
:1029900006228748CDE90041252111F0E3FD18F01A
:1029A0009FFD20B1874B1968002900F0F780864809
:1029B00000211A230622CDE900102B217C4811F0BA
:1029C0007FFD824C2168092900F3C78000261A2365
:1029D00006224B217648CDE9006611F0C3FD21683F
:1029E0001A2306227248CDE90061552111F0BAFD83
:1029F000774E0024774F1A2306225D216C48CDE9DB
:102A0000004611F05DFD3A681A23092A00F39D8003
:102A1000062263216648CDE9004411F0A3FD3A681F
:102A20001A236B216248CDE90042062211F09AFD7B
:102A300000241A23062273215D48CDE9004611F0D7
:102A40003FFD65491A23062209684FF4C0665848BD
:102A5000CDE90041792111F085FD4FF4A071544872
:102A600011F0FAF80921524811F040FC5B49504836
:102A700011F0B4F86422234650214D48009411F01F
:102A8000AFFE962223464FF4C8714948009411F0D6
:102A9000A7FE772379227C21454811F09FFC504AFC
:102AA0001D23F0214248CDE900627D2211F008FD8E
:102AB000FF233F481A46194611F090FC01213C487B
:102AC00011F014FC022322464FF4C87138480094D8
:102AD00011F086FE4FF4A071354811F0BDF80921C0
:102AE000334811F003FC2321314811F03DF83D49F2
:102AF0002F4811F073F8D1222346D2212C4800949C
:102B000011F06EFED42223464FF4877128480094BA
:102B100011F066FEFF2326481A46194611F05EFCA6
:102B200031491B23D3222248CDE90061F02111F065
:102B3000C7FC1F4811F00AFE95F82030232B02D164
:102B40002A4B0F221A6003B0F0BDCDE9004261218B
:102B50000622174811F006FD6AE700201A23062214
:102B6000CDE900014B21124811F0FCFC40E7CDE912
:102B700000410F481B2111F0F5FC10E718F090FC04
:102B8000092820607FF7D9AE00211A230622CDE95B
:102B900000100421284611F0E5FCE0E614481A2351
:102BA0000622CDE900102B21014811F089FC08E72D
:102BB00020990020A089002030C300204C0700206D
:102BC00040C30020C0C2002058070020DCC2002003
:102BD0006007002050C300203CC60020F2F2F20043
:102BE000AC090020D9D9D900D0090020E4C30020C5
:102BF00050070020F0B5CF4883B012F09DF8CE4DBD
:102C0000CC4810F05FFA32201AF02AF92B68142B06
:102C100009D80024013401201AF022F92B68192C5C
:102C200001D0142BF6D9C34C00264FF4C065C34F16
:102C3000204610F00FFAFF2320461A46194611F0DD
:102C400087F8204610F0E8FE4FF4AA61204611F004
:102C500041F80221204611F049FB5A21204611F08B
:102C6000A9FAD92320461A46194611F0B7FB334674
:102C70003246F0212046009611F0B2FDFF21204699
:102C800011F098FA772379227C21204611F0A6FBD7
:102C90001E23AB4AF0212046CDE900521A4611F01E
:102CA0000FFC1E234122F0212046CDE9005711F0F0
:102CB00007FC772379227C21204611F08FFB172314
:102CC00073229B212046CDE9005711F0F9FB9D4A64
:102CD0001B234FF487712046CDE90052732211F077
:102CE000EFFB994A1B23F0212046CDE900528C22AC
:102CF00011F0E6FB954A1B23F0212046CDE9005256
:102D0000A52211F0DDFB924A1B23F0212046CDE9DC
:102D10000052904DBE2211F0D3FB2B68002B40F0E7
:102D2000718100261A23062204218248CDE900661B
:102D300011F018FC29681A2306227E48CDE90061AB
:102D40000E2111F00FFC84490025844E1A2306221F
:102D50007848CDE90051172111F0B2FB31681A23F0
:102D60000622092900F347811C217248CDE900554C
:102D700011F0F8FB31681A2306226E48CDE90051A4
:102D8000252111F0EFFB18F0ABFB20B1744B196853
:102D9000002900F05D81734800211A230622CDE945
:102DA00000102B21634811F08BFB6F4D2968092916
:102DB00000F33F8100261A2306224B215D48CDE90E
:102DC000006611F0CFFB29681A2306225948CDE985
:102DD0000061552111F0C6FB644E0025644F1A2393
:102DE00006225D215348CDE9005611F069FB3A688F
:102DF0001A23092A00F31581062263214D48CDE9E3
:102E0000005511F0AFFB3A681A236B214948CDE910
:102E10000052062211F0A6FB00251A230622732178
:102E20004448CDE9005611F04BFB52491A230622C3
:102E300009684FF4C0663F48CDE90051792111F08F
:102E400091FBFF233B481A46194611F0C7FA0121AE
:102E5000384811F04BFA03232A464FF4C87135481D
:102E6000009511F0BDFCFF21324811F0A3F9A0211B
:102E7000304810F0F1FE09212E4811F037FA2721D1
:102E80002C4810F071FE3C492A4810F0A7FE802221
:102E90002B4629462748009511F0A2FC9E222B467E
:102EA00037212448009511F09BFCFF2321481A4646
:102EB000194611F093FA314A1B231D211D48CDE913
:102EC00000628E2211F0FCFAFF211A4811F072F90B
:102ED000A021184810F0C0FE0921164811F006FA8A
:102EE0002621144810F040FE2349124810F076FEC7
:102EF00080222B4640F2A7110E48009511F070FC7D
:102F00009E222B464FF4EF710A48009511F068FCA1
:102F1000FF2308481A46194611F060FA184A1B2385
:102F200040F2BF110348CDE900628E2211F0C8FAC9
:102F3000DE2327E020990020A0890020C40B002078
:102F40006C07002084070020CC0B0020F80B002029
:102F5000180C002030C300204C07002040C3002084
:102F6000C0C2002058070020DCC2002060070020FB
:102F700050C300203CC60020D9D9D90064070020E6
:102F8000F80700203A481A46194611F027FA282176
:102F9000374810F0E9FD4FF47071354810F09AFE93
:102FA0000221334811F0A2F94FF491722B46F0211F
:102FB0002F48009511F014FCFF232D481A4619469E
:102FC00011F00CFA2B491B23FF222948CDE900619F
:102FD000F02111F075FA264811F0B8FB94F8203072
:102FE000272B3FD0282B2ED0262B02D1224B12226A
:102FF0001A6003B0F0BDCDE900511D481B2111F04E
:10300000B1FAC0E618F04CFA092828607FF789AEBB
:103010001A2306220421CDE90060204611F0A2FA0D
:1030200091E6CDE9005261210622114811F09AFA89
:10303000F2E600201A230622CDE900014B210C48BC
:1030400011F090FAC8E60C4B11221A6003B0F0BDE3
:103050000A481A230622CDE900102B21044811F05A
:103060002FFAA2E6044B01221A6003B0F0BD00BFA4
:103070002099002000080020E4C300205007002011
:10308000F0B5C84883B011F057FEC74DC54810F0E1
:1030900019F8322019F0E4FE2B68142B09D800240B
:1030A0000134012019F0DCFE2B68192C01D0142BFF
:1030B000F6D9BC4C00264FF4C06520460FF0CAFF7D
:1030C000FF2320461A46194610F042FE204610F013
:1030D000A3FC4FF4A071204610F0BEFD092120464C
:1030E00011F004F9B149204610F078FD41225F212A
:1030F00033462046009611F073FBDC22334640F243
:1031000081112046009611F06BFB772379227C21F8
:10311000204611F063F9A64A1B23F0212046CDE991
:103120000052452211F0CCF9A24A1B23F02120467F
:10313000CDE900525B2211F0C3F99F4A1B23F02115
:103140002046CDE90052722211F0BAF99B4A1B23A6
:10315000F0212046CDE90052892211F0B1F9984AB8
:103160001B23F0212046CDE900529F2211F0A8F93F
:10317000944A1B23F0212046CDE90052B32211F0DE
:103180009FF9914A1B23F0212046CDE900528F4D33
:10319000C92211F095F92B68002B40F0F38000262E
:1031A0001A23062204217F48CDE9006611F0DAF9DE
:1031B00029681A2306227B48CDE900610E2111F00F
:1031C000D1F983490025834E1A2306227548CDE99B
:1031D0000051172111F074F931681A2306220929C8
:1031E00000F3C9801C216F48CDE9005511F0BAF9F0
:1031F00031681A2306226B48CDE90051252111F0D0
:10320000B1F918F06DF920B1734B1968002900F07D
:10321000F580724800211A230622CDE900102B21E7
:10322000604811F04DF96E4D2968092900F3998025
:1032300000261A2306224B215A48CDE9006611F0D8
:1032400091F929681A2306225648CDE900615521D3
:1032500011F088F9634E0025634F1A2306225D2181
:103260005048CDE9005611F02BF93A681A23092A83
:103270006FDC062263214B48CDE9005511F072F94D
:103280003A681A236B214748CDE90052062211F013
:1032900069F900251A23062273214248CDE9005618
:1032A00011F00EF951491A23062209683D48CDE96B
:1032B0000051792111F056F9FF233A481A46194670
:1032C00011F08CF80121374811F010F803232A4639
:1032D0004FF4C8713348009511F082FAA0213148AB
:1032E00010F0BAFC09212F4811F000F82A212D48CE
:1032F00010F03AFC3E492B4810F070FC80222B461F
:1033000029462848009511F06BFA9E222B4637215A
:103310002448009511F064FAFF2322481A46194602
:1033200011F05CF833484FF4C0611B238E22CDE9C5
:1033300000101D211B4811F0C3F81A4811F006FABD
:1033400094F820302A2B02D12B4B10221A6003B0A4
:10335000F0BDCDE9005261210622124811F002F9B8
:1033600097E700201A230622CDE900014B210D48E2
:1033700011F0F8F86EE7CDE900510A481B2111F071
:10338000F1F83EE718F08CF8092828607FF707AFBE
:103390001A2306220421CDE90060204611F0E2F84C
:1033A0000FE700BF20990020A0890020F2F2F20070
:1033B0002C0C0020580C00207C0C0020A00C0020BD
:1033C000C40C0020E80C0020100D002030C30020A9
:1033D0004C07002040C30020C0C200205807002036
:1033E000DCC200206007002050C300203CC6002043
:1033F000D9D9D90064070020E4C3002004481A2367
:103400000622CDE900102B21024811F059F80AE7F5
:103410005007002020990020F0B5CA4883B011F071
:103420008BFCC94DC7480FF04DFE322019F018FD36
:103430002B68142B09D800240134012019F010FD49
:103440002B68192C01D0142BF6D9BE4EBF4C304638
:103450000FF000FEFF2330461A46194610F078FCA4
:10346000304610F0D9FA772379227C21304610F0CB
:10347000B5FF2368002B40F04B8200251A23FC2265
:1034800040F24311AF48CDE9005511F06BF82168C7
:103490001A23FC22AB48CDE900514FF4A67111F07C
:1034A00061F8AB490024AB4D1A23FC22A548CDE9B5
:1034B000004140F2551111F003F829681A23FC224B
:1034C000092900F31D8240F259119E48CDE90044BC
:1034D00011F048F829681A23FC229A48CDE90041E6
:1034E0004FF4B17111F03EF817F0FAFF20B19A4B8A
:1034F0001968002900F01D82984800211A23FC2237
:10350000CDE9001040F269118E4810F0D9FF944CBB
:103510002168092900F3E98100251A23FC2240F2E1
:103520008B118848CDE9005511F01CF821681A2349
:10353000FC228448CDE9005140F2931111F012F8B9
:10354000884D0024884F1A23FC2240F29B117D48AD
:10355000CDE9004510F0B4FF3A681A23092A00F3B8
:10356000BB81FC2240F2A1117648CDE9004410F065
:10357000F9FF3A681A2340F2A9117248CDE90042D6
:10358000FC2210F0EFFF00241A23FC2240F2B111BC
:103590006C48CDE9004510F093FF74491A23FC22D2
:1035A00009684FF4C0656748CDE9004140F2B711A2
:1035B00010F0D8FF4FF4A071624810F04DFB0921C4
:1035C000604810F093FE6A495E4810F007FB5022F5
:1035D00023465C481146009411F002F92346C822A4
:1035E000EB215848009411F0FBF8FF2355481A4688
:1035F000194610F0F3FE0121524810F077FE2246E2
:1036000003234FF4C8714F48009411F0E9F8772371
:1036100079227C214B4810F0E1FE564A18239B2169
:103620004848CDE90052532210F04AFF524A1B236A
:10363000A4214448CDE90052732210F041FF4F4AC3
:10364000182383213F48CDE90052AC2210F038FF07
:103650004B493C4810F0C2FA4A4A1B238F21394893
:10366000CDE90052CC2210F02BFF772379227C2168
:10367000344810F0B3FE444A1B234FF4B87131486C
:10368000CDE900525A2210F01BFF40492D4810F09E
:10369000A5FA2D212B4810F067FA4FF43471294810
:1036A00010F018FB0221274810F020FE2346A32229
:1036B0004FF49F712348009411F092F8FF232148A2
:1036C0001A46194610F08AFE314A1B234FF49F71A7
:1036D0001C48CDE900528E2210F0F2FE2D4A1B2329
:1036E0004FF49F711748CDE90052A12210F0E8FE77
:1036F000294A1B234FF49F711248CDE90052B4228E
:1037000010F0DEFE21490F4810F068FA2E210D4816
:1037100010F02AFA4FF434710A4810F0DBFA022153
:10372000084810F0E3FD2346A32240F29F1105480C
:10373000009411F055F8FF2302481A46194610F07C
:103740004DFE2BE020990020A089002030C30020EE
:103750004C07002040C30020C0C2002058070020B2
:10376000DCC200206007002050C300203CC60020BF
:10377000F2F2F20010090020380D0020400900206C
:1037800058D75A004809002054090020D9D9D90037
:103790006C090020740900207C090020744A1B2356
:1037A00040F29F117348CDE90052932210F088FE39
:1037B000714A1B2340F29F116E48CDE90052AA22A4
:1037C00010F07EFEA0216B4810F046FA09216948EE
:1037D00010F08CFD2A21674810F0C6F9674965484A
:1037E00010F0FCF90422234662481146009410F0C0
:1037F000F7FF2346232237215E48009410F0F0FFA4
:10380000FF235C481A46194610F0E8FD5C4A1B236A
:103810001F215848CDE90052142210F051FEA0217A
:10382000544810F019FA0921524810F05FFD172191
:10383000504810F099F951494E4810F0CFF92346FD
:10384000EB2204214B48009410F0CAFF23464FF4AA
:10385000857237214748009410F0C2FFFF23454886
:103860001A46194610F0BAFD464A1B231E2141484C
:10387000CDE90052F02210F023FE434A1B231E2103
:103880003C48CDE9005240F2011210F019FE3948CF
:1038900010F05CFF3D483E4901220460002496F888
:1038A00020300C603B48173B3B4902600A60172BF5
:1038B00010D8DFE803F0570F0F0F0F0F0F0F0F0F88
:1038C0000F0F0F0F0F0F0F0F0F0C0F0F4E49334B32
:1038D00010221A6003B0F0BDCDE9004240F29F1102
:1038E000FC22244810F03EFE4DE600201A23FC2264
:1038F000CDE9000140F289111E4810F033FE1FE6A9
:10390000CDE900411B4840F2591110F02BFEEBE5C8
:1039100017F0C6FD092820607FF7AFAD00211A23FC
:10392000FC22CDE900104FF4A171304610F01AFED0
:10393000B7E51B481A23FC22CDE9001040F26911BB
:103940000C4810F0BDFDE2E5144B14221A6003B0E0
:10395000F0BD144A1320144B1049126808601A6015
:1039600003B0F0BD0D4B01221A6003B0F0BD00BFE3
:10397000880900202099002090090020D9D9D90079
:10398000640700209C090020A4090020F8C300203F
:103990002CC60020E8C50020F0C50020E4C30020AC
:1039A00050070020F8C50020F4C20020F0B5B5484B
:1039B00083B011F0C1F9B44DB2480FF083FB32204F
:1039C00019F04EFA2B68142B09D800240134012079
:1039D00019F046FA2B68192C01D0142BF6D9A94DF1
:1039E000AA4C28460FF036FBFF2328461A461946F4
:1039F00010F0AEF9284610F00FF8772379227C21D9
:103A0000284610F0EBFC2368002B40F021810026B3
:103A10001A23062204219B48CDE9006610F0A2FD7E
:103A200021681A2306229748CDE900610E2110F083
:103A300099FD97490024974E1A2306229148CDE913
:103A40000041172110F03CFD31681A230622092994
:103A500000F3F7801C218B48CDE9004410F082FD73
:103A600031681A2306228748CDE90041252110F04C
:103A700079FD17F035FD20B1874B1968002900F05A
:103A8000F780864800211A230622CDE900102B2159
:103A90007C4810F015FD824C2168092900F3C7808D
:103AA00000261A2306224B217648CDE9006610F045
:103AB00059FD21681A2306227248CDE9006155217B
:103AC00010F050FD774E0024774F1A2306225D2117
:103AD0006C48CDE9004610F0F3FC3A681A23092A35
:103AE00000F39D80062263216648CDE9004410F072
:103AF00039FD3A681A236B216248CDE9004206225B
:103B000010F030FD00241A23062273215D48CDE910
:103B1000004610F0D5FC65491A23062209684FF4C7
:103B2000C0665848CDE90041792110F01BFD4FF4E3
:103B3000A071544810F090F80921524810F0D6FBBB
:103B40005B49504810F04AF86422234650214D4802
:103B5000009410F045FE962223464FF4C871494860
:103B6000009410F03DFE772379227C21454810F027
:103B700035FC504A1D23F0214248CDE900627D22E8
:103B800010F09EFCFF233F481A46194610F026FC11
:103B900001213C4810F0AAFB032322464FF4C871D0
:103BA0003848009410F01CFE4FF4A071354810F016
:103BB00053F80921334810F099FBA42131480FF044
:103BC000D3FF3D492F4810F009F8D1222346D221D6
:103BD0002C48009410F004FED42223464FF4877141
:103BE0002848009410F0FCFDFF2326481A46194689
:103BF00010F0F4FB31491B23D3222248CDE90061A8
:103C0000F02110F05DFC1F4810F0A0FD95F8203069
:103C1000A42B02D12A4B16221A6003B0F0BDCDE9C5
:103C2000004261210622174810F09CFC6AE7002040
:103C30001A230622CDE900014B21124810F092FC14
:103C400040E7CDE900410F481B2110F08BFC10E745
:103C500017F026FC092820607FF7D9AE00211A232F
:103C60000622CDE900100421284610F07BFCE0E696
:103C700014481A230622CDE900102B21014810F028
:103C80001FFC08E720990020A089002030C30020F5
:103C90004C07002040C30020C0C20020580700206D
:103CA000DCC200206007002050C300203CC600207A
:103CB000F2F2F200AC090020D9D9D900D0090020D5
:103CC000E4C3002050070020F0B5CF4883B011F0C6
:103CD00033F8CE4DCC480FF0F5F9322019F0C0F88A
:103CE0002B68142B09D800240134012019F0B8F8EE
:103CF0002B68192C01D0142BF6D9C34C00264FF495
:103D0000C065C34F20460FF0A5F9FF2320461A4691
:103D1000194610F01DF820460FF07EFE4FF4AA6100
:103D200020460FF0D7FF0221204610F0DFFA5A217B
:103D3000204610F03FFAD92320461A46194610F0C3
:103D40004DFB33463246F0212046009610F048FDE8
:103D5000FF21204610F02EFA772379227C2120467D
:103D600010F03CFB1E23AB4AF0212046CDE9005267
:103D70001A4610F0A5FB1E234122F0212046CDE972
:103D8000005710F09DFB772379227C21204610F00C
:103D900025FB172373227B212046CDE9005710F025
:103DA0008FFB9D4A1B234FF487712046CDE90052BB
:103DB000732210F085FB994A1B23F0212046CDE9A0
:103DC00000528C2210F07CFB954A1B23F0212046E8
:103DD000CDE90052934DA52210F072FB2B68002B09
:103DE00040F0808100261A23062204218648CDE96E
:103DF000006610F0B7FB29681A2306228248CDE935
:103E000000610E2110F0AEFB87490025874E1A2372
:103E100006227D48CDE90051172110F051FB316891
:103E20001A230622092900F356811C217648CDE980
:103E3000005510F097FB31681A2306227248CDE92D
:103E40000051252110F08EFB17F04AFB20B1784B72
:103E50001968002900F06C81764800211A23062297
:103E6000CDE900102B21684810F02AFB724D29681B
:103E7000092900F34E8100261A2306224B216248AD
:103E8000CDE9006610F06EFB29681A2306225E4811
:103E9000CDE90061552110F065FB684E0025684FA3
:103EA0001A2306225D215848CDE9005610F008FB80
:103EB0003A681A23092A00F3248106226321524812
:103EC000CDE9005510F04EFB3A681A236B214E489D
:103ED000CDE90052062210F045FB00251A230622E8
:103EE00073214948CDE9005610F0EAFA55491A23E2
:103EF000062209684FF4C0664348CDE90051792194
:103F000010F030FBFF2340481A46194610F066FABD
:103F100001213D4810F0EAF906232A464FF4C87102
:103F20003948009510F05CFCFF21374810F042F949
:103F3000A02135480FF090FE0921334810F0D6F942
:103F4000A82131480FF010FE3F492F480FF046FEE0
:103F500080222B4629462C48009510F041FC9E22D9
:103F60002B4637212848009510F03AFCFF232648BD
:103F70001A46194610F032FA344A1B231D212248F2
:103F8000CDE900628E2210F09BFAFF211E4810F04E
:103F900011F9A0211C480FF05FFE09211A4810F00A
:103FA000A5F9A72118480FF0DFFD274916480FF0A3
:103FB00015FE80222B4640F2A7111348009510F001
:103FC0000FFC9E222B464FF4EF710F48009510F026
:103FD00007FCFF230C481A46194610F0FFF91C4A4B
:103FE0001B2340F2BF110848CDE900628E2210F079
:103FF00067FAFF21044810F0DDF8A02102480FF015
:104000002BFE092126E000BF20990020A089002076
:104010004C0D00206C070020540D0020780D00206E
:10402000D807002030C300204C07002040C30020E8
:10403000C0C2002058070020DCC20020600700201A
:1040400050C300203CC60020D9D9D9006407002005
:10405000F80700203E4810F049F9DE233C481A4694
:10406000194610F0BBF9A92139480FF07DFD4FF436
:10407000707137480FF02EFE0221354810F036F9E6
:104080004FF491722B46F0213148009510F0A8FBB7
:10409000FF232F481A46194610F0A0F92D491B237B
:1040A000FF222B48CDE90061F02110F009FA2848E1
:1040B00010F04CFB94F82030A82B43D0A92B32D021
:1040C000A72B06D1244A1920244B254912680860E1
:1040D0001A6003B0F0BDCDE900511D481B2110F05E
:1040E00041FAB1E617F0DCF9092828607FF77AAECB
:1040F0001A2306220421CDE90060204610F032FA8E
:1041000082E6CDE9005261210622114810F02AFA18
:10411000E3E600201A230622CDE900014B210C48DA
:1041200010F020FAB9E60E4B18221A6003B0F0BD69
:104130000C481A230622CDE900102B21044810F068
:10414000BFF993E6064B01221A6003B0F0BD00BF31
:104150002099002000080020F8C50020F4C20020AB
:10416000E4C3002050070020F0B5C84883B010F029
:10417000E3FDC74DC5480EF0A5FF322018F070FED4
:104180002B68142B09D800240134012018F068FE94
:104190002B68192C01D0142BF6D9BC4C00264FF4F7
:1041A000C06520460EF056FFFF2320461A461946EA
:1041B0000FF0CEFD20460FF02FFC4FF4A0712046EB
:1041C0000FF04AFD0921204610F090F8B149204631
:1041D0000FF004FD46225D2133462046009610F084
:1041E000FFFAEB22334640F283112046009610F08E
:1041F000F7FA772379227C21204610F0EFF8A64ABF
:104200001B23F0212046CDE90052532210F058F92B
:10421000A24A1B23F0212046CDE900526E2210F065
:104220004FF99F4A1B23F0212046CDE900528722F7
:1042300010F046F99B4A1B23F0212046CDE900529D
:10424000A02210F03DF9984A1B23F0212046CDE929
:104250000052B92210F034F9944A1B23F021204671
:10426000CDE90052D22210F02BF9914A1B23F02104
:104270002046CDE900528F4DEB2210F021F92B683A
:10428000002B40F0F38000261A23062204217F48E9
:10429000CDE9006610F066F929681A2306227B48EA
:1042A000CDE900610E2110F05DF983490025834EB0
:1042B0001A2306227548CDE90051172110F000F9A4
:1042C00031681A230622092900F3C9801C216F488E
:1042D000CDE9005510F046F931681A2306226B48E3
:1042E000CDE90051252110F03DF917F0F9F820B182
:1042F000734B1968002900F0F580724800211A23D9
:104300000622CDE900102B21604810F0D9F86E4D3F
:104310002968092900F3998000261A2306224B21D7
:104320005A48CDE9006610F01DF929681A230622C3
:104330005648CDE90061552110F014F9634E00256F
:10434000634F1A2306225D215048CDE9005610F034
:10435000B7F83A681A23092A6FDC062263214B4812
:10436000CDE9005510F0FEF83A681A236B21474852
:10437000CDE90052062210F0F5F800251A23062296
:1043800073214248CDE9005610F09AF851491A239A
:10439000062209683D48CDE90051792110F0E2F884
:1043A000FF233A481A46194610F018F801213748F9
:1043B0000FF09CFF06232A464FF4C871334800953E
:1043C00010F00EFAA02131480FF046FC09212F48C9
:1043D0000FF08CFFAB212D480FF0C6FB3E492B4858
:1043E0000FF0FCFB80222B4629462848009510F050
:1043F000F7F99E222B4637212448009510F0F0F95A
:10440000FF2322481A4619460FF0E8FF33484FF4BD
:10441000C0611B238E22CDE900101D211B4810F026
:104420004FF81A4810F092F994F82030AB2B02D1D3
:104430002B4B17221A6003B0F0BDCDE90052612169
:104440000622124810F08EF897E700201A23062261
:10445000CDE900014B210D4810F084F86EE7CDE95D
:1044600000510A481B2110F07DF83EE717F018F8BC
:10447000092828607FF707AF1A2306220421CDE917
:104480000060204610F06EF80FE700BF2099002072
:10449000A0890020F2F2F20008080020A00D002000
:1044A000CC0D0020F00D0020140E00203C0E00204A
:1044B000680E002030C300204C07002040C30020BD
:1044C000C0C2002058070020DCC200206007002086
:1044D00050C300203CC60020D9D9D9006407002071
:1044E000E4C3002004481A230622CDE900102B2142
:1044F00002480FF0E5FF0AE750070020209900204E
:10450000F0B5CA4883B010F017FCC94DC7480EF08B
:10451000D9FD322018F0A4FC2B68142B09D80024F4
:104520000134012018F09CFC2B68192C01D0142BAD
:10453000F6D9BE4EBF4C30460EF08CFDFF23304600
:104540001A4619460FF004FC30460FF065FA77233F
:1045500079227C2130460FF041FF2368002B40F088
:104560003B8200251A23FC2240F24311AF48CDE9DB
:1045700000550FF0F7FF21681A23FC22AB48CDE964
:1045800000514FF4A6710FF0EDFFAB490024AB4D85
:104590001A23FC22A548CDE9004140F255110FF045
:1045A0008FFF29681A23FC22092900F30D8240F2AB
:1045B00059119E48CDE900440FF0D4FF29681A2311
:1045C000FC229A48CDE900414FF4B1710FF0CAFFC7
:1045D00016F086FF20B19A4B1968002900F0288256
:1045E000984800211A23FC22CDE9001040F26911FD
:1045F0008E480FF065FF944C2168092900F306826C
:1046000000251A23FC2240F28B118848CDE9005581
:104610000FF0A8FF21681A23FC228448CDE900513D
:1046200040F293110FF09EFF884D0024884F1A230B
:10463000FC2240F29B117D48CDE900450FF040FF80
:104640003A681A23092A00F3D881FC2240F2A1110A
:104650007648CDE900440FF085FF3A681A2340F20E
:10466000A9117248CDE90042FC220FF07BFF002423
:104670001A23FC2240F2B1116C48CDE900450FF03D
:104680001FFF74491A23FC2209684FF4C06567486C
:10469000CDE9004140F2B7110FF064FFFF236348FA
:1046A0001A4619460FF09AFE012160480FF01EFECF
:1046B000224606234FF4C8715C48009410F090F82D
:1046C0004FF4A07159480FF0C7FA092157480FF06D
:1046D0000DFE614955480FF081FA50222346534898
:1046E0001146009410F07CF82346C822EB214F4875
:1046F000009410F075F8772379227C214B480FF055
:104700006DFE564A18239B214848CDE9005253229A
:104710000FF0D6FE524A1B23A4214448CDE9005293
:1047200073220FF0CDFE4F4A1B23A4213F48CDE951
:1047300000528C220FF0C4FE4B4A182383213B48C1
:10474000CDE90052AC220FF0BBFE484937480FF0CC
:1047500045FA474A1B238F213448CDE90052CC2229
:104760000FF0AEFE772379227C2130480FF036FE21
:10477000404A1B234FF4B8712C48CDE900525A220D
:104780000FF09EFE3C4929480FF028FA3B212748AC
:104790000FF0EAF94FF4347124480FF09BFA02212C
:1047A00022480FF0A3FD2346A3224FF49F711F4818
:1047B000009410F015F8FF231C481A4619460FF014
:1047C0000DFE2E4A1B234FF49F711848CDE900526D
:1047D0008E220FF075FE2A4A1B234FF49F71134857
:1047E000CDE90052A1220FF06BFE264A1B234FF4A5
:1047F0009F710E48CDE90052B4220FF061FE1E49B0
:104800000A480FF0EBF93C2108480FF0ADF94FF4DE
:10481000347106480FF05EFA022104480FF066FD7D
:104820002346A32240F29F112EE000BF20990020D2
:10483000A089002030C300204C07002040C3002086
:10484000C0C2002058070020DCC200206007002002
:1048500050C300203CC60020F2F2F20010090020F4
:104860001C0900202C0900204009002058D75A00BC
:104870004809002054090020D9D9D9006C0900202A
:10488000740900207C090020734800940FF0A8FFF1
:10489000FF2371481A4619460FF0A0FD6F4A1B23EB
:1048A00040F29F116C48CDE9005293220FF008FEB0
:1048B0006B4A1B2340F29F116748CDE90052AA22A0
:1048C0000FF0FEFDA02164480FF0C6F909216248EF
:1048D0000FF00CFDAB2160480FF046F961495E48CE
:1048E0000FF07CF9042223465B48114600940FF038
:1048F00077FF234623223721574800940FF070FF9B
:10490000FF2355481A4619460FF068FD564A1B23E7
:104910001F215148CDE9005214220FF0D1FDA021F2
:104920004D480FF099F909214B480FF0DFFC172192
:1049300049480FF019F94B4947480FF04FF9234602
:10494000EB220421444800940FF04AFF23464FF421
:1049500085723721404800940FF042FFFF233E4804
:104960001A4619460FF03AFD404A1B231E213A48C9
:10497000CDE90052F0220FF0A3FD3D4A1B231E217A
:104980003548CDE9005240F201120FF099FD32484E
:104990000FF0DCFE37483849012304600C60002426
:1049A000364996F820200C6035483C2A354903608A
:1049B0000B604CD035D8172A45D03B2A02D1324B58
:1049C0001A221A6003B0F0BDCDE90041224840F23E
:1049D00059110FF0C7FDFBE516F062FD09282060B4
:1049E0007FF7BFAD00211A23FC22CDE900104FF460
:1049F000A17130460FF0B6FDC7E5CDE9004240F2A7
:104A00009F11FC2214480FF0ADFD30E600201A2360
:104A1000FC22CDE9000140F289110F480FF0A2FD00
:104A200002E6AB2ACED1184B17221A6003B0F0BDB4
:104A300016481A23FC22CDE9001040F269110648FD
:104A40000FF03EFDD7E5104A136003B0F0BD0E4BEA
:104A50001B221A6003B0F0BD2099002088090020B5
:104A600090090020D9D9D900640700209C090020B2
:104A7000A4090020F0C30020ECC300202CC60020B5
:104A8000E8C50020F0C50020E4C300205007002046
:104A9000F0B5B54883B010F04FF9B44DB2480EF000
:104AA00011FB322018F0DCF92B68142B09D80024F4
:104AB0000134012018F0D4F92B68192C01D0142BE3
:104AC000F6D9A94DAA4C28460EF0C4FAFF23284671
:104AD0001A4619460FF03CF928460EF09DFF772341
:104AE00079227C2128460FF079FC2368002B40F0C6
:104AF000218100261A23062204219B48CDE9006665
:104B00000FF030FD21681A2306229748CDE9006195
:104B10000E210FF027FD97490024974E1A230622F5
:104B20009148CDE9004117210FF0CAFC31681A23E2
:104B30000622092900F3F7801C218B48CDE90044A7
:104B40000FF010FD31681A2306228748CDE9004195
:104B500025210FF007FD16F0C3FC20B1874B196823
:104B6000002900F0F780864800211A230622CDE9AB
:104B700000102B217C480FF0A3FC824C21680929EE
:104B800000F3C78000261A2306224B217648CDE980
:104B900000660FF0E7FC21681A2306227248CDE96F
:104BA000006155210FF0DEFC774E0024774F1A2369
:104BB00006225D216C48CDE900460FF081FC3A6881
:104BC0001A23092A00F39D80062263216648CDE955
:104BD00000440FF0C7FC3A681A236B216248CDE904
:104BE000004206220FF0BEFC00241A230622732185
:104BF0005D48CDE900460FF063FC65491A230622A3
:104C000009684FF4C0665848CDE9004179210FF09A
:104C1000A9FC4FF4A07154480FF01EF80921524826
:104C20000FF064FB5B4950480EF0D8FF6422234626
:104C300050214D4800940FF0D3FD962223464FF4A7
:104C4000C871494800940FF0CBFDFF2346481A462F
:104C500019460FF0C3FB012143480FF047FB062321
:104C600022464FF4C871404800940FF0B9FD7723F5
:104C700079227C213C480FF0B1FB474A1D23F021EB
:104C80003948CDE900627D220FF01AFC4FF4A07183
:104C900035480EF0E1FF092133480FF027FB3F2193
:104CA00031480EF061FF3D492F480EF097FFD122A9
:104CB0002346D2212C4800940FF092FDD4222346A3
:104CC0004FF48771284800940FF08AFDFF2326488F
:104CD0001A4619460FF082FB31491B23D322224882
:104CE000CDE90061F0210FF0EBFB1F480FF02EFD26
:104CF00095F820303F2B02D12A4B1D221A6003B0B9
:104D0000F0BDCDE900426121062217480FF02AFCD0
:104D10006AE700201A230622CDE900014B21124840
:104D20000FF020FC40E7CDE900410F481B210FF0B8
:104D300019FC10E716F0B4FB092820607FF7D9AE04
:104D400000211A230622CDE90010042128460FF085
:104D500009FCE0E614481A230622CDE900102B21B5
:104D600001480FF0ADFB08E720990020A089002042
:104D700030C300204C07002040C30020C0C20020E8
:104D800058070020DCC200206007002050C300202C
:104D90003CC60020F2F2F200AC090020D9D9D900BB
:104DA000D0090020E4C3002050070020F0B5CF4810
:104DB00083B00FF0C1FFCE4DCC480EF083F9322006
:104DC00018F04EF82B68142B09D800240134012068
:104DD00018F046F82B68192C01D0142BF6D9C34CC7
:104DE00000264FF4C06520460EF034F9FF2320461C
:104DF0001A4619460EF0ACFF20460EF00DFE4FF499
:104E0000AA6120460EF066FF022120460FF06EFADE
:104E10005A2120460FF0CEF9D92320461A461946CA
:104E20000FF0DCFA33463246F021204600960FF0B0
:104E3000D7FCFF2120460FF0BDF9772379227C2192
:104E400020460FF0CBFA1E23AA4AF0212046CDE9D6
:104E500000521A460FF034FBA74A1E23F0212046C9
:104E6000CDE9005241220FF02BFB772379227C21E0
:104E700020460FF0B3FAA14A17239B212046CDE923
:104E8000005273220FF01CFB9D4A1B234FF48771C5
:104E90002046CDE9005273220FF012FB994A1B23E2
:104EA000F0212046CDE900528C220FF009FB964AF2
:104EB0001B23F0212046CDE90052A5220FF000FB74
:104EC000924A1B23F0212046CDE90052904DBE228C
:104ED0000FF0F6FA2B68002B40F0738100261A239E
:104EE000062204218148CDE900660FF03BFB2968CA
:104EF0001A2306227D48CDE900610E210FF032FB16
:104F000084490025844E1A2306227848CDE90051B1
:104F100017210FF0D5FA31681A230622092900F368
:104F200049811C217148CDE900550FF01BFB316808
:104F30001A2306226D48CDE9005125210FF012FBFE
:104F400016F0CEFA20B1754B1968002900F05F8188
:104F5000734800211A230622CDE900102B21634853
:104F60000FF0AEFA6F4D2968092900F34181002640
:104F70001A2306224B215D48CDE900660FF0F2FAB4
:104F800029681A2306225948CDE9006155210FF0FE
:104F9000E9FA654E0025654F1A2306225D21534824
:104FA000CDE900560FF08CFA3A681A23092A00F36B
:104FB0001781062263214D48CDE900550FF0D2FA42
:104FC0003A681A236B214948CDE9005206220FF0B6
:104FD000C9FA00251A23062273214448CDE9005658
:104FE0000FF06EFA52491A23062209684FF4C06680
:104FF0003E48CDE9005179210FF0B4FAFF233B4838
:105000001A4619460FF0EAF9012138480FF06EF9F7
:1050100005232A464FF4C871344800950FF0E0FB91
:10502000FF2132480FF0C6F8A02130480EF014FEE0
:1050300009212E480FF05AF983212C480EF094FDD7
:105040003C492A480EF0CAFD80222B4629462748B3
:1050500000950FF0C5FB9E222B4637212348009573
:105060000FF0BEFBFF2321481A4619460FF0B6F990
:10507000314A1B231D211D48CDE900628E220FF00D
:105080001FFAFF2119480FF095F8A02117480EF0DC
:10509000E3FD092115480FF029F9822113480EF08C
:1050A00063FD244911480EF099FD80222B4640F201
:1050B000A7110E4800950FF093FB9E222B464FF44C
:1050C000EF710A4800950FF08BFBFF2307481A4643
:1050D00019460FF083F9194A1B2340F2BF11034808
:1050E000CDE900628E220FF0EBF929E02099002033
:1050F000A08900206C070020800E0020880E002070
:1051000084070020900E0020F80B0020180C0020CF
:1051100030C300204C07002040C30020C0C2002044
:1051200058070020DCC200206007002050C3002088
:105130003CC60020D9D9D90064070020F807002018
:10514000DE233A481A4619460FF048F984213748B9
:105150000EF00AFD4FF4707134480EF0BBFD0221D1
:1051600032480FF0C3F84FF491722B46F0212F48CC
:1051700000950FF035FBFF232C481A4619460FF017
:105180002DF92B491B23FF222848CDE90061F0218E
:105190000FF096F925480FF0D9FA94F82030832BB8
:1051A0003FD0842B2ED0822B02D1224B2F221A608B
:1051B00003B0F0BDCDE900511C481B210FF0D2F91E
:1051C000BEE616F06DF9092828607FF787AE1A232E
:1051D00006220421CDE9006020460FF0C3F98FE6D6
:1051E000CDE900526121062210480FF0BBF9F0E62C
:1051F00000201A230622CDE900014B210B480FF0B5
:10520000B1F9C6E60B4B2E221A6003B0F0BD0A4876
:105210001A230622CDE900102B2104480FF050F983
:10522000A0E6044B01221A6003B0F0BD20990020D3
:1052300000080020E4C3002050070020F0B5C84853
:1052400083B00FF079FDC74DC5480DF03BFF32200C
:1052500017F006FE2B68142B09D800240134012016
:1052600017F0FEFD2B68192C01D0142BF6D9BC4C7D
:1052700000264FF4C06520460DF0ECFEFF232046CB
:105280001A4619460EF064FD20460EF0C5FB4FF499
:10529000A07120460EF0E0FC092120460FF026F810
:1052A000B14920460EF09AFC41225F213346204648
:1052B00000960FF095FADC22334640F28111204629
:1052C00000960FF08DFA772379227C2120460FF08B
:1052D00085F8A64A1B23F0212046CDE9005245223D
:1052E0000FF0EEF8A24A1B23F0212046CDE9005230
:1052F0005D220FF0E5F89F4A1B23F0212046CDE9FF
:10530000005276220FF0DCF89B4A1B23F021204646
:10531000CDE900528F220FF0D3F8984A1B23F021D9
:105320002046CDE90052A7220FF0CAF8944A1B2369
:10533000F0212046CDE90052BD220FF0C1F8914A7C
:105340001B23F0212046CDE900528F4DD5220FF0CE
:10535000B7F82B68002B40F0F38000261A230622B2
:1053600004217F48CDE900660FF0FCF829681A2374
:1053700006227B48CDE900610E210FF0F3F8834946
:105380000025834E1A2306227548CDE900511721C6
:105390000FF096F831681A230622092900F3C98014
:1053A0001C216F48CDE900550FF0DCF831681A2355
:1053B00006226B48CDE9005125210FF0D3F816F0F5
:1053C0008FF820B1734B1968002900F0F5807248FE
:1053D00000211A230622CDE900102B2160480FF08E
:1053E0006FF86E4D2968092900F3998000261A2369
:1053F00006224B215A48CDE900660FF0B3F8296820
:105400001A2306225648CDE9006155210FF0AAF86B
:10541000634E0025634F1A2306225D215048CDE9D3
:1054200000560FF04DF83A681A23092A6FDC06225D
:1054300063214B48CDE900550FF094F83A681A23E0
:105440006B214748CDE9005206220FF08BF800256A
:105450001A23062273214248CDE900560FF030F896
:1054600051491A23062209683D48CDE900517921A6
:105470000FF078F8FF233A481A4619460EF0AEFFAF
:10548000012137480EF032FF05232A464FF4C87138
:10549000334800950FF0A4F9A02131480EF0DCFB51
:1054A00009212F480EF022FF86212D480EF05CFBCB
:1054B0003E492B480EF092FB80222B462946284875
:1054C00000950FF08DF99E222B4637212448009538
:1054D0000FF086F9FF2322481A4619460EF07EFF88
:1054E00033484FF4C0611B238E22CDE900101D21EB
:1054F0001B480EF0E5FF1A480FF028F994F8203009
:10550000862B02D12B4B37221A6003B0F0BDCDE9B8
:1055100000526121062212480FF024F897E700207C
:105520001A230622CDE900014B210D480FF01AF88D
:105530006EE7CDE900510A481B210FF013F83EE752
:1055400015F0AEFF092828607FF707AF1A2306225F
:105550000421CDE9006020460FF004F80FE700BFFA
:1055600020990020A0890020F2F2F2002C0C0020EB
:10557000A80E0020D40E0020FC0E0020240F0020D6
:10558000440F00206C0F002030C300204C07002087
:1055900040C30020C0C2002058070020DCC2002009
:1055A0006007002050C300203CC60020D9D9D90094
:1055B00064070020E4C3002004481A230622CDE932
:1055C00000102B2102480EF07BFF0AE75007002055
:1055D00020990020F0B5CA4883B00FF0ADFBC94D4B
:1055E000C7480DF06FFD322017F03AFC2B68142BE2
:1055F00009D800240134012017F032FC2B68192C43
:1056000001D0142BF6D9BE4EBF4C30460DF022FD12
:10561000FF2330461A4619460EF09AFB30460EF02C
:10562000FBF9772379227C2130460EF0D7FE2368E0
:10563000002B40F02D8200251A23FC2240F243115A
:10564000AF48CDE900550EF08DFF21681A23FC22EA
:10565000AB48CDE900514FF4A6710EF083FFAB4982
:105660000024AB4D1A23FC22A548CDE9004140F2AD
:1056700055110EF025FF29681A23FC22092900F391
:10568000FF8140F259119E48CDE900440EF06AFFB7
:1056900029681A23FC229A48CDE900414FF4B171E0
:1056A0000EF060FF15F01CFF20B19A4B196800291D
:1056B00000F01A82984800211A23FC22CDE900103C
:1056C00040F269118E480EF0FBFE944C21680929C6
:1056D00000F3F88100251A23FC2240F28B11884840
:1056E000CDE900550EF03EFF21681A23FC228448C4
:1056F000CDE9005140F293110EF034FF884D0024A3
:10570000884F1A23FC2240F29B117D48CDE90045C9
:105710000EF0D6FE3A681A23092A00F3CA81FC2249
:1057200040F2A1117648CDE900440EF01BFF3A6823
:105730001A2340F2A9117248CDE90042FC220EF072
:1057400011FF00241A23FC2240F2B1116C48CDE96C
:1057500000450EF0B5FE74491A23FC2209684FF487
:10576000C0656748CDE9004140F2B7110EF0FAFE7E
:105770004FF4A07162480EF06FFA092160480EF0F4
:10578000B5FD6A495E480EF029FA502223465C486E
:10579000114600940FF024F82346C822EB21584804
:1057A00000940FF01DF8FF2355481A4619460EF0D5
:1057B00015FE012152480EF099FD224605234FF4B3
:1057C000C8714F4800940FF00BF8772379227C21A1
:1057D0004B480EF003FE564A18239B214848CDE95A
:1057E000005253220EF06CFE524A1B23A42144485F
:1057F000CDE9005273220EF063FE4F4A1823832135
:105800003F48CDE90052AC220EF05AFE4B493C48CD
:105810000EF0E4F94A4A1B238F213948CDE90052A2
:10582000CC220EF04DFE772379227C2134480EF0F5
:10583000D5FD444A1B234FF4B8713148CDE90052DD
:105840005A220EF03DFE40492D480EF0C7F989213D
:105850002B480EF089F94FF4347129480EF03AFACA
:10586000022127480EF042FD2346A3224FF49F71E8
:10587000234800940EF0B4FFFF2321481A4619462E
:105880000EF0ACFD314A1B234FF49F711C48CDE94B
:1058900000528E220EF014FE2D4A1B234FF49F71EE
:1058A0001748CDE90052A1220EF00AFE294A1B2317
:1058B0004FF49F711248CDE90052B4220EF000FE61
:1058C00021490F480EF08AF98A210D480EF04CF953
:1058D0004FF434710A480EF0FDF9022108480EF029
:1058E00005FD2346A32240F29F11054800940EF0C7
:1058F00077FFFF2302481A4619460EF06FFD2BE092
:1059000020990020A089002030C300204C070020EF
:1059100040C30020C0C2002058070020DCC2002085
:105920006007002050C300203CC60020F2F2F200C5
:1059300010090020900F00204009002058D75A007D
:105940004809002054090020D9D9D9006C09002049
:10595000740900207C0900206F4A1B2340F29F112C
:105960006E48CDE9005293220EF0AAFD6C4A1B232B
:1059700040F29F116948CDE90052AA220EF0A0FD25
:10598000A02166480EF068F9092164480EF0AEFCCB
:10599000862162480EF0E8F8624960480EF01EF970
:1059A000042223465D48114600940EF019FF234659
:1059B00023223721594800940EF012FFFF23574845
:1059C0001A4619460EF00AFD574A1B231F21534859
:1059D000CDE9005214220EF073FDA0214F480EF0C5
:1059E0003BF909214D480EF081FC17214B480EF080
:1059F000BBF84C4949480EF0F1F82346EB2204214C
:105A0000464800940EF0ECFE23464FF48572372191
:105A1000424800940EF0E4FEFF2340481A4619461F
:105A20000EF0DCFC414A1B231E213C48CDE900520C
:105A3000F0220EF045FD3E4A1B231E213748CDE9DA
:105A4000005240F201120EF03BFD34480EF07EFE93
:105A50003848394901230460002496F820200C605E
:105A60003648892A364903600B604CD035D8172A4E
:105A700045D0862A02D1334B2D221A6003B0F0BDE7
:105A8000CDE90041254840F259110EF06BFD09E6C1
:105A900015F006FD092820607FF7CDAD00211A23FF
:105AA000FC22CDE900104FF4A17130460EF05AFDF2
:105AB000D5E5CDE9004240F29F11FC2217480EF0D7
:105AC00051FD3EE600201A23FC22CDE9000140F200
:105AD000891112480EF046FD10E68A2ACED1194BE4
:105AE00031221A6003B0F0BD17481A23FC22CDE919
:105AF000001040F2691109480EF0E2FCE5E5114A98
:105B0000136003B0F0BD114A3020114B0D491268EB
:105B100008601A6003B0F0BD8809002020990020B9
:105B200090090020D9D9D900640700209C090020E1
:105B3000A4090020FCC300202CC60020E8C50020DA
:105B4000F0C50020E4C3002050070020F8C5002065
:105B5000F4C20020F0B5B54883B00FF0EDF8B44DB5
:105B6000B2480DF0AFFA322017F07AF92B68142BF7
:105B700009D800240134012017F072F92B68192C80
:105B800001D0142BF6D9A94DAA4C28460DF062FA83
:105B9000FF2328461A4619460EF0DAF828460DF07B
:105BA0003BFF772379227C2128460EF017FC2368DF
:105BB000002B40F0218100261A23062204219B4855
:105BC000CDE900660EF0CEFC21681A230622974824
:105BD000CDE900610E210EF0C5FC97490024974ED7
:105BE0001A2306229148CDE9004117210EF068FCE6
:105BF00031681A230622092900F3F7801C218B48FB
:105C0000CDE900440EF0AEFC31681A230622874825
:105C1000CDE9004125210EF0A5FC15F061FC20B175
:105C2000874B1968002900F0F780864800211A2365
:105C30000622CDE900102B217C480EF041FC824C5D
:105C40002168092900F3C78000261A2306224B2168
:105C50007648CDE900660EF085FC21681A230622FD
:105C60007248CDE9006155210EF07CFC774E00248E
:105C7000774F1A2306225D216C48CDE900460EF0CD
:105C80001FFC3A681A23092A00F39D80062263212B
:105C90006648CDE900440EF065FC3A681A236B2192
:105CA0006248CDE9004206220EF05CFC00241A2373
:105CB000062273215D48CDE900460EF001FC6549DE
:105CC0001A23062209684FF4C0665848CDE90041FE
:105CD00079210EF047FC4FF4A07154480DF0BCFF41
:105CE000092152480EF002FB5B4950480DF076FF47
:105CF0006422234650214D4800940EF071FD9622F7
:105D000023464FF4C871494800940EF069FD77238B
:105D100079227C2145480EF061FB504A1D23F02179
:105D20004248CDE900627D220EF0CAFBFF233F48C6
:105D30001A4619460EF052FB01213C480EF0D6FAE5
:105D4000052322464FF4C871384800940EF048FDF0
:105D50004FF4A07135480DF07FFF092133480EF054
:105D6000C5FA8D2131480DF0FFFE3D492F480DF059
:105D700035FFD1222346D2212C4800940EF030FD6D
:105D8000D42223464FF48771284800940EF028FD52
:105D9000FF2326481A4619460EF020FB31491B23E3
:105DA000D3222248CDE90061F0210EF089FB1F4883
:105DB0000EF0CCFC95F820308D2B02D12A4B3322EB
:105DC0001A6003B0F0BDCDE90042612106221748F8
:105DD0000EF0C8FB6AE700201A230622CDE9000175
:105DE0004B2112480EF0BEFB40E7CDE900410F48C1
:105DF0001B210EF0B7FB10E715F052FB09282060BD
:105E00007FF7D9AE00211A230622CDE90010042124
:105E100028460EF0A7FBE0E614481A230622CDE937
:105E200000102B2101480EF04BFB08E720990020C1
:105E3000A089002030C300204C07002040C3002070
:105E4000C0C2002058070020DCC2002060070020EC
:105E500050C300203CC60020F2F2F200AC09002042
:105E6000D9D9D900D0090020E4C300205007002070
:105E7000F0B5CE4883B00EF05FFFCD4DCB480DF0AE
:105E800021F9322016F0ECFF2B68142B09D80024DE
:105E90000134012016F0E4FF2B68192C01D0142BDB
:105EA000F6D9C24C00264FF4C06520460DF0D2F85A
:105EB000FF2320461A4619460DF04AFF20460DF0F2
:105EC000ABFD4FF4AA6120460DF004FF02212046ED
:105ED0000EF00CFA5A2120460EF06CF9D923204618
:105EE0001A4619460EF07AFA33463246F021204619
:105EF00000960EF075FCFF2120460EF05BF977232B
:105F000079227C2120460EF069FA1E23A94AF0214D
:105F10002046CDE900521A460EF0D2FAA64A1E23B8
:105F2000F0212046CDE9005241220EF0C9FA772334
:105F300079227C2120460EF051FAA04A1B23F4213D
:105F40002046CDE9005282220EF0BAFA9C4A1B2369
:105F5000EF212046CDE900529A4D9B220EF0B0FA77
:105F60002B68002B40F0728100261A2306220421A0
:105F70008E48CDE900660EF0F5FA29681A2306224C
:105F80008A48CDE900610E210EF0ECFA8E49002519
:105F90008E4E1A2306228548CDE9005117210EF0B6
:105FA0008FFA31681A230622092900F348811C213F
:105FB0007E48CDE900550EF0D5FA31681A23062245
:105FC0007A48CDE9005125210EF0CCFA15F088FA77
:105FD00020B17F4B1968002900F04C817D480021D9
:105FE0001A230622CDE900102B2170480EF068FA22
:105FF000794D2968092900F3188100261A23062201
:106000004B216A48CDE900660EF0ACFA29681A23E4
:1060100006226648CDE9006155210EF0A3FA6F4EC5
:1060200000256F4F1A2306225D216048CDE90056F6
:106030000EF046FA3A681A23092A00F3EE80062287
:1060400063215A48CDE900550EF08CFA3A681A23BC
:106050006B215648CDE9005206220EF083FA002546
:106060001A23062273215148CDE900560EF028FA72
:106070005C491A23062209684FF4C0664B48CDE9F3
:10608000005179210EF06EFAFF2348481A4619464E
:106090000EF0A4F9012145480EF028F909232A46FB
:1060A0004FF4C871414800950EF09AFBFF213F481C
:1060B0000EF080F8A0213D480DF0CEFD09213B48AF
:1060C0000EF014F9DE2339481A4619460EF086F907
:1060D0004FF4707135480DF0FDFD022133480EF08C
:1060E00005F94FF491722B46F021304800950EF0DF
:1060F00077FBFF212D480EF05DF8A0212B480DF015
:10610000ABFD092129480EF0F1F85E2127480DF07A
:106110002BFD354925480DF061FD80222B4629468F
:10612000224800950EF05CFB9E222B4637211F482B
:1061300000950EF055FBFF231C481A4619460EF039
:106140004DF92A4A1B231D211848CDE900628E22F1
:106150000EF0B6F9FF2115480EF02CF8A0211348D7
:106160000DF07AFD092111480EF0C0F859210F48B1
:106170000DF0FAFC1C490D480DF030FD80222B4635
:1061800040F2A711094800950EF02AFB9E222B46EB
:106190004FF4EF71054800950EF022FBFF230348F2
:1061A0001A4619460EF01AF922E000BF2099002085
:1061B000A08900206C070020A40F0020AC0F002055
:1061C000D00F002030C300204C07002040C3002027
:1061D000C0C2002058070020DCC200206007002059
:1061E00050C300203CC60020D9D9D9006407002044
:1061F00028491B238E222848CDE9006140F2BF11B7
:106200000EF05EF924480EF0A1FA94F82030592BD4
:106210003AD05E2B29D003B0F0BDCDE90052612108
:1062200006221D480EF09EF919E700201A230622C7
:10623000CDE900014B2118480EF094F9EFE6CDE9C5
:10624000005115481B210EF08DF9BFE615F028F915
:10625000092828607FF788AE1A2306220421CDE999
:10626000006020460EF07EF990E60C4B37221A6053
:1062700003B0F0BD0A481A230622CDE900102B21F5
:1062800005480EF01DF9B3E6044B23221A6003B053
:10629000F0BD00BFF807002020990020E4C30020D3
:1062A00050070020F0B5CC4883B00EF045FDCB4D33
:1062B000C9480CF007FF322016F0D2FD2B68142BD2
:1062C00009D800240120013416F0CAFD2B68142BD4
:1062D00001D8192CF6D1C04EC14C30460CF0BAFE94
:1062E000FF2330461A4619460DF032FD30460DF0B8
:1062F00093FB772379227C2130460EF06FF82368D8
:10630000002B40F0E98200251A23FC2240F24311C1
:10631000B148CDE900550EF025F921681A23FC2279
:10632000AD48CDE900514FF4A6710EF01BF9AD490F
:106330000024AD4D1A23FC22A748CDE9004140F2CC
:1063400055110EF0BDF829681A23FC22092900F323
:10635000BB8240F25911A048CDE900440EF002F989
:1063600029681A23FC229C48CDE900414FF4B17101
:106370000EF0F8F815F0B4F820B19C4B196800291C
:1063800000F0D1829A4800211A23FC22CDE90010A6
:1063900040F2691190480EF093F8964C2168092953
:1063A00000F3B48200251A23FC2240F28B118A48A4
:1063B000CDE900550EF0D6F821681A23FC22864854
:1063C000CDE9005140F293110EF0CCF88A4D002433
:1063D0008A4F1A23FC2240F29B117F48CDE90045E9
:1063E0000EF06EF83A681A23092A00F38682FC221E
:1063F00040F2A1117848CDE900440EF0B3F83A68B4
:106400001A2340F2A9117448CDE90042FC220EF093
:10641000A9F800241A23FC2240F2B1116E48784FEB
:10642000CDE900450EF04CF876491A23FC220968A4
:106430004FF4C0656848CDE9004140F2B7110EF055
:1064400091F8FF2364481A4619460DF0C7FF012151
:1064500061480DF04BFF092322464FF4C8715E4896
:1064600000940EF0BDF9772379227C215A480DF073
:10647000B5FF654A1E23F0215748CDE900521A2284
:106480000EF01EF81E235A22D2215348CDE90057A0
:106490000EF016F807F14D039622D2214E489A3796
:1064A000CDE900531E230EF00BF8D2221E234A48DA
:1064B0001146CDE900570EF003F8D92346481A4695
:1064C00019460DF08BFFB22143480DF04DFB4FF400
:1064D000A07141480DF0FEFB02213F480DF006FF80
:1064E0005A22234664213C4800940EF079F9D923BE
:1064F00039481A4619460DF071FFB32136480DF0A0
:1065000033FB4FF4A07134480DF0E4FB0221324814
:106510000DF0ECFE9622234664212F4800940EF0E5
:106520005FF9D9232C481A4619460DF057FFB421BC
:1065300029480DF019FB4FF4A07127480DF0CAFB54
:10654000022125480DF0D2FED222234664212248A2
:1065500000940EF045F92D491F480DF03FFBB8217E
:106560001D480DF001FB4FF4A0711B480DF074FBAA
:10657000032119480DF0BAFE5A2223464FF4A071A8
:10658000154800940EF02CF95A2223464FF4AA71B4
:10659000114800940EF024F9FF231D4F1A461946A6
:1065A0000D480DF01BFF1B235A224FF4A5710A481A
:1065B000CDE900570DF084FF144907480DF00EFB9C
:1065C000B92105480DF0D0FA4FF4A07102480DF042
:1065D00043FB03211EE000BF20990020A08900207A
:1065E00030C300204C07002040C30020C0C2002060
:1065F00058070020DCC200206007002050C30020A4
:106600000C8D00203CC60020FC0F0020D9D9D900F9
:1066100010100020C9480DF069FE234696224FF461
:10662000A071C64800940EF0DBF8234696224FF482
:10663000AA71C24800940EF0D3F8FF23BF481A464F
:1066400019460DF0CBFE1B2396224FF4A571BB48D3
:10665000CDE900570DF034FFB949B8480DF0BEFA46
:10666000BA21B6480DF080FA4FF4A071B3480DF08E
:10667000F3FA0321B1480DF039FE2346D2224FF43C
:10668000A071AE4800940EF0ABF82346D2224FF42E
:10669000AA71AA4800940EF0A3F8FF23A7481A464F
:1066A00019460DF09BFE1B23D2224FF4A571A3487F
:1066B000CDE900570DF004FFA149A0480DF08EFA76
:1066C000BD219E480DF050FA4FF4A0719B480DF08B
:1066D000C3FA032199480DF009FE5A2223464FF4CC
:1066E000C371964800940EF07BF85A2223464FF46B
:1066F000CD71924800940EF073F8FF23914F1A4623
:1067000019468E480DF06AFE1B235A224FF4C871B9
:106710008A48CDE900570DF0D3FE894987480DF02E
:106720005DFABE2185480DF01FFA4FF4A071834831
:106730000DF092FA032181480DF0D8FD23469622F0
:106740004FF4C3717D4800940EF04AF82346962218
:106750004FF4CD71794800940EF042F8FF2377484A
:106760001A4619460DF03AFE1B2396224FF4C871C3
:106770007248CDE900570DF0A3FE71496F480DF046
:106780002DFABF216D480DF0EFF94FF4A0716B4861
:106790000DF062FA032169480DF0A8FD2346D222CC
:1067A0004FF4C371654800940EF01AF82346D222C4
:1067B0004FF4CD71614800940EF012F8FF235F484A
:1067C0001A4619460DF00AFE1B23D2224FF4C87157
:1067D0005A48CDE900570DF073FEA02157480DF03F
:1067E0003BFA092155480DF081FD5F2153480DF01A
:1067F000BBF9534951480DF0F1F9042223464F48A3
:10680000114600940DF0ECFF2322234637214B481C
:1068100000940DF0E5FFFF2348481A4619460DF095
:10682000DDFD494A1B231F214448CDE900521422B3
:106830000DF046FEA02141480DF00EFA09213F4817
:106840000DF054FD17213D480DF08EF93C493B48B1
:106850000DF0C4F9EB2223460421384800940DF0D2
:10686000BFFF4FF4857223463721344800940DF062
:10687000B7FFFF2331481A4619460DF0AFFD334AE2
:106880001B231E212D48CDE90052F0220DF018FEE9
:106890002F4A1B231E212948CDE9005240F2011244
:1068A0000DF00EFE25480DF051FF96F82030B32B69
:1068B00056D0B42B35D0B22B54D126492922264BA1
:1068C0000C601A6003B0F0BDCDE900411B4840F2F6
:1068D00059110DF047FE4DE514F0E2FD0928206046
:1068E0007FF711AD00211A23FC22CDE900104FF4EF
:1068F000A17130460DF036FE19E5CDE9004240F2B7
:106900009F11FC220D480DF02DFE82E500201A2378
:10691000FC22CDE9000140F2891108480DF022FE69
:1069200054E50224C9E70D481A23FC22CDE90010E2
:1069300040F2691101480DF0C3FD2EE520990020B9
:10694000D9D9D90018100020640700209C09002024
:10695000A409002078C30020E4C3002050070020D1
:106960000124AAE7B92B0CD0BA2B13D0B82B1BD11A
:10697000234A01202349244B14602A2208701A60FC
:10698000A0E701231F4C1E482A211F4A23700360E1
:10699000116097E71A4A02211A4801241A4B116024
:1069A0002A2204701A608DE7BE2B0AD0BF2B10D0AC
:1069B000BD2B16D112492422134B0C601A6003B070
:1069C000F0BD0F490120104B242208601A6003B06B
:1069D000F0BD0B4902200C4B242208601A6003B062
:1069E000F0BD172B07D05F2B7FF46CAF064B222234
:1069F0001A6003B0F0BD044B01221A6062E700BFC9
:106A000078C3002069C60020E4C300202DE9F04FC0
:106A1000C14889B00EF090F9C04DBF480CF052FB50
:106A2000322016F01DFA2B68142B0AD8002401E03E
:106A3000192C06D00120013416F012FA2B68142B01
:106A4000F6D9B54800240CF005FBFF23B2481A46DE
:106A500019460DF07DF9B0480CF0DEFFFF23AE487B
:106A60001A4619460DF0BAFC0121AB480DF03EFC68
:106A700009234FF4C8712246A74800940DF0B0FED8
:106A8000772379227C21A4480DF0A8FCA44B1B7825
:106A9000002B40F0B180A34BDFF8D0920793A24BBC
:106AA000DFF8C4820493A14B0593A14B06939A4D42
:106AB0000024A049282628461B270DF0B5FB952168
:106AC00028464FF04D0A0DF04FF89B4BE722214628
:106AD0002846039302944223CDE900670DF01EFA85
:106AE000972128460DF040F8944BBC2240F2B1119A
:106AF0002846039300962F23CDE901740DF00EFA7A
:106B0000962128460DF030F88D4BE7224FF4CF71D7
:106B10002846039300964223CDE901740DF0FEF957
:106B2000772379227C2128460DF058FC0094D9F86F
:106B3000003014227D2128460AFB038301931F2382
:106B40000DF0BEFCFF2328461A4619460DF046FC00
:106B5000079B662221461B682846CDE90243CDE902
:106B600000674FF4F0730DF033FA049B9122214635
:106B70001B682846CDE90243CDE900674FF4F07366
:106B80000DF026FA059BBC2221461B682846CDE95C
:106B90000243CDE900674FF4D7730DF019FA069B55
:106BA000E72245212846CDE900671B68CDE902436D
:106BB0004FF4AB730DF00CFA28460DF0C7FD5020D2
:106BC00016F04EF995F82030A3F130020A2A03D9C5
:106BD000A3F16102192A4BD85A4A13705A4A116814
:106BE000092940DCD9F800004C1C0AFB0080435402
:106BF000146009B0BDE8F08F4A4A2026534BDFF8F5
:106C00006C9113604D23D9F80050474903FB05F5FB
:106C10004F4B07920B60454A4E4BDFF84C81136097
:106C200005924D4B424ADFF848B1136008F1FF333B
:106C3000DFF82CA15F19049145440692CBF800407F
:106C400006E017F8013FCBF800400AF8013B3E7020
:106C5000284619F04BFDA04204F10104F1D80023AD
:106C60002F4A137023E70A23136009B0BDE8F08FA1
:106C7000972B10D134494D20D9F800200B6800FB28
:106C80000282013B54BF1C4623460C602021D15494
:106C900009B0BDE8F08F952B2ED1D9F80030202710
:106CA0002E4E294A0AFB03880AFB03661460354608
:106CB00001E005F8017F404619F018FDA04204F1FB
:106CC0000104F6D8264D0024DFF8A4B0202704E004
:106CD0002B7805F8017B06F8013F2148CBF80040EE
:106CE00019F004FDA04204F10104F1D81D4B232248
:106CF0001A6009B0BDE8F08F962B7FF47AAF124B83
:106D0000E7224FF4AF6118481C6016F09BFB154B4F
:106D100023221A60EDE700BF20990020A0890020FF
:106D200069C6002014C4002008C400200CC4002040
:106D300010C40020A9A9A90048100020501000206C
:106D4000581000205DC6002038C300201C10002011
:106D50002810002034100020401000200B8D00204F
:106D600094C30020E4C300200C8D002078C30020D1
:106D70003CC30020F0B5C84883B00DF0DDFFC74D1F
:106D8000C5480CF09FF9322016F06AF82B68142BD6
:106D900009D800240134012016F062F82B68192C60
:106DA00001D0142BF6D9BC4DBD4C28460CF052F93D
:106DB000FF2328461A4619460CF0CAFF28460CF055
:106DC0002BFE772379227C2128460DF007FB2368D0
:106DD000002B40F0928100261A23FC2240F243113E
:106DE000AD48CDE900660DF0BDFB21681A23FC22F9
:106DF000A948CDE900614FF4A6710DF0B3FBA94994
:106E00000024A94E1A23FC22A348CDE9004140F2F8
:106E100055110DF055FB31681A23FC22092900F3A6
:106E2000648140F259119C48CDE900440DF09AFB71
:106E300031681A23FC229848CDE900414FF4B17122
:106E40000DF090FB14F04CFB20B1984B1968002911
:106E500000F08381964800211A23FC22CDE900101E
:106E600040F269118C480DF02BFB924C21680929E6
:106E700000F35D8100261A23FC2240F28B11864824
:106E8000CDE900660DF06EFB21681A23FC228248D2
:106E9000CDE9006140F293110DF064FB864E0024B1
:106EA000864F1A23FC2240F29B117B48CDE9004615
:106EB0000DF006FB3A681A23092A00F32F81FC2201
:106EC00040F2A1117448CDE900440DF04BFB3A6843
:106ED0001A2340F2A9117048CDE90042FC220DF0BE
:106EE00041FB00241A23FC2240F2B1116A48CDE98B
:106EF00000460DF0E5FA72491A23FC2209684FF4A6
:106F0000C0666548CDE9004140F2B7110DF02AFB9B
:106F1000FF2361481A4619460DF060FA01215E48C8
:106F20000DF0E4F9092322464FF4C8715A48009441
:106F30000DF056FC4FF4A07157480CF08DFE09215E
:106F400055480DF0D3F95F4953480CF047FE5022E5
:106F500023465D21504800940DF042FCDC2223467C
:106F600040F283114C4800940DF03AFC77237922CB
:106F70007C2149480DF032FA534A1C23F02146483F
:106F8000CDE900625A220DF09BFA504942480CF0BC
:106F900025FEC42140480CF0E7FD4FF45C713E48EB
:106FA0000CF098FE02213C480DF0A0F9AA222346DD
:106FB0003948114600940DF013FCFF2336481A4659
:106FC00019460DF00BFAAA2241491B233248CDE99C
:106FD000006111460DF074FA3C492F480CF0FEFD9B
:106FE000C5212D480CF0C0FD4FF45C712A480CF00F
:106FF00071FE022128480DF079F9AA2223464FF4A8
:107000009B71254800940DF0EBFBFF2322481A46A4
:1070100019460DF0E3F92F4A1B234FF49B711E48CC
:10702000CDE90062AA220DF04BFAA0211A480CF01B
:1070300013FE092118480DF059F9602116480CF08B
:1070400093FD224914480CF0C9FD0422234612483E
:10705000114600940DF0C4FB2322234637210E482D
:1070600000940DF0BDFBFF230B481A4619460DF0A6
:10707000B5F9194A1B231F210748CDE900621422E4
:107080000DF01EFA04480DF061FB95F82030C42B7A
:107090006ED0C52B56D021E020990020A089002079
:1070A00030C300204C07002040C30020C0C2002095
:1070B00058070020DCC200206007002050C30020D9
:1070C0003CC60020F2F2F2005C100020D9D9D900B1
:1070D000701000207C10002064070020602B02D17B
:1070E000284B23221A6003B0F0BDCDE900412648A9
:1070F00040F259110DF036FAA4E614F0D1F909283E
:1071000020607FF768AE00211A23FC22CDE9001031
:107110004FF4A17128460DF025FA70E6CDE9004242
:1071200040F29F11FC2218480DF01CFAD9E600200D
:107130001A23FC22CDE9000140F2891112480DF01A
:1071400011FAABE6114B0121114A25241B680D48A9
:107150009B010460D15003B0F0BD0E481A23FC22FD
:10716000CDE9001040F2691107480DF0A9F97CE65D
:10717000064B2520064A1B6802499B010860D45033
:1071800003B0F0BDE4C300202099002078C30020A4
:10719000A0870020500700202DE9F043A54885B0C6
:1071A0000DF0CAFDA44DA3480BF08CFF322015F062
:1071B00057FE2B68142B09D800240134012015F048
:1071C0004FFE2B68192C01D0142BF6D9994C4FF493
:1071D000C0654FF00009994E2046994F0BF03AFFD9
:1071E000FF2320461A4619460CF0B2FD20460CF04B
:1071F00013FC772379227C2120460DF0EFF891498A
:107200001E2314222046CDE90051F0210DF058F93B
:107210008D491E2337222046CDE90051F1210DF082
:107220004FF9FF2320461A4619460DF0D7F80121E1
:1072300020460DF05BF809234A464FF4C8712046FA
:10724000CDF800900DF0CCFA33689B0157F803801D
:10725000B8F1000F00F01081B8F1010F00F01E82AC
:10726000A02174480CF0F8FC0921724800250DF0AB
:107270003DF85A216F484FF4C0680CF075FC734913
:107280006C480CF0ABFC2B46EB2240F2A91169488C
:1072900000950DF0A5FA2B464FF485724FF4EE7170
:1072A000644800950DF09CFAFF2362481A4619467F
:1072B0000DF094F8664BFA2240F2C1115D4801933B
:1072C0001B23CDF800800DF0FBF8A02159480CF0ED
:1072D000C3FC092157480DF009F8AE2155480CF0C0
:1072E00043FC5A4953480CF079FC04222B46514880
:1072F000114600950DF074FA2B46232237214D4894
:1073000000950DF06DFAFF234A481A4619460DF014
:1073100065F8504A1B231F21464801921422CDF8DC
:1073200000800DF0CDF843480DF010FA237CC62BF9
:1073300000F04F81C72B66D0A22B0BD133689A0186
:10734000BA58002A40F09181434A2C2101FB0323C3
:1073500000221A6094F82030AE2B64D05A2B65D1ED
:1073600032683E48910130F8124007EB821C7B588E
:10737000A4F1320080B2002B40F03C81364D2C2627
:107380009FED376A06FB0256DFED366A9FED367ACF
:10739000D6ED005AC5EE867A67EEA67AF8FE677AD1
:1073A00067EE877AF5EE407ACCED017AF1EE10FACD
:1073B0000BD0B7EE006ADFED2D6A86EE277A67EE16
:1073C000267AFDEEE77A17EE903A39448B602C234B
:1073D00003FB0255AB68264D03EB83035B00A5FB63
:1073E0000353DB0B03EB83035B0007EE903A40F2A1
:1073F000B633F8EEE77A9842C1ED037A40F20281A3
:1074000045F650631FE133689A01BA58002A40F0EC
:107410002381114A2C2101FB0323628A9A6094F88C
:107420002030AE2B9AD1134B24221A6005B0BDE850
:10743000F08300BF20990020A089002078C300209D
:10744000A08700201009002088100020D9D9D90079
:10745000F80700206407002048C40020C8C20020AC
:1074600000FF7F4700007042CDCC4C3D00007A44C5
:1074700001800080E4C300202046772379227C210C
:107480000CF0ACFFB64B20460095019369221D23FA
:1074900078210DF015F8B34B204600950193B622E4
:1074A0001D2378210DF00CF84FF02C0933685C2176
:1074B000AD4A4FF49B70DFEDAD6A09FB03239FEDEE
:1074C000AC7A9FEDAC0A1D2293ED006AC6EE267AD7
:1074D00067EE877AF8FE677A27EE800AF7F710FEE4
:1074E0003368A14A204640F23B1109FB0323A24A1C
:1074F0009B68009503EB83035B00A2FB0323B6228A
:10750000DB0B03EB83035B0001931D230DF02AF8D3
:107510009A4B20460095019369221D2340F26D117C
:107520000CF0CEFF964BB622204600954FF4B47176
:1075300001931D230CF0C4FF2046C6210B250CF03F
:1075400013FB20468F490CF06FFE3368864A4FF6D6
:10755000FF7109FB032303913921D3ED007A4FF426
:10756000AA73CDF80480FCEEE77A009517EE900A36
:1075700082B22046029282220CF084FDC62382222F
:107580002046019339214FF4AA7300950CF020FC9A
:107590002046C7210CF0E8FA4FF6FF71724A2046E8
:1075A00003913921336809FB0323CF221B890095FE
:1075B000CDE901834FF4AA730CF064FDC7224FF4A8
:1075C000AA73392101922046CF2200950CF000FCCD
:1075D00046E633689A01BA58002A55D1618A624A50
:1075E00007EE901A2C21F8EE677A01FB0323C3ED16
:1075F000007AAFE6012B00F0D18040F2B63398421A
:107600003FF6FEAE07EE904A9FED5F7A5F48B8EE18
:10761000E76A5F49F6EE007AC6EE076AE6EE877A19
:10762000FCEEE77A17EE903A9BB2323B80FB0340C8
:10763000DB17C3EB2013C3EB0343A1FB03015B1A6E
:1076400001EB53031B09534C3F20534944F82230AC
:10765000086005B0BDE8F083012A7FF47BAE424AA2
:107660002C2101FB03239D6074E6012A7FF472AE96
:10767000618A3D4A07EE901A2C21F8EE677A01FBE9
:107680000323C3ED017A65E6012A7FF463AE364A2F
:107690002C2101FB032300225A605BE6204677235E
:1076A00079227C210CF09AFE2D4B20460095019307
:1076B00091221D2378210CF003FF4FF02C08336832
:1076C0008421294A4FF49B70DFED286A08FB0323CD
:1076D0009FED277A9FED270A1D2293ED016AC6EEE2
:1076E000267A67EE877AF8FE677A27EE800AF7F740
:1076F00007FD224B91222046009540F26D11019327
:107700001D230CF0DDFE2046A2210B250CF02CFAE7
:1077100020461C490CF088FD3368134A2046392165
:1077200008FB03284FF6FF7303934FF4AA73D8EDB9
:10773000017ACDF80490FCEEE77A009517EE902AD6
:1077400092B20292AA220CF09DFCA2224FF4AA73DC
:10775000392101922046AA2200950CF039FB7FE5E1
:1077600094100020A010002048C4002000FF7F4794
:1077700000007042CDCC4C3D01800080A00F002065
:10778000AC100020A9A9A90000007A441F85EB5184
:10779000CB6B28AFD0C50020E4C300201A4B2C25AA
:1077A0009FED1A6A05FB0233DFED196A9FED197A26
:1077B000D3ED015AC5EE867A67EEA67AF8FE677AAF
:1077C00067EE877AF5EE407ACCED017AF1EE10FAA9
:1077D00017D0B7EE006ADFED106A86EE277A67EE03
:1077E000267AFDEEE77A17EE903A0F44BB600B4B1A
:1077F000FB6040F2B63398427FF604AF45F2D70300
:1078000021E70023F1E700BF48C4002000FF7F47C5
:1078100000007042CDCC4C3D00007A44000048424C
:107820002DE9F043A94885B00DF086FAA84DA74888
:107830000BF048FC322015F013FB2B68142B09D8F1
:1078400000240120013415F00BFB2B68142B01D808
:10785000192CF6D19D4800250BF0FCFBFF239B481B
:107860004FF4C0681A4619460CF072FA97480CF0AB
:10787000D3F8772379227C2194484FF00B090CF040
:10788000ADFD944C4FF4C0601E232022F021924E97
:10789000924FCDE900048D480CF012FEFF238B4877
:1078A0001A4619460CF09AFD012188480CF01EFD7D
:1078B000002209234FF4C871844800920CF090FF15
:1078C000772379227C2181480CF088FD3368844A33
:1078D00037219B017D4CD3582046012B4FF01D03CF
:1078E0000CBF804A804ACDE9005261220CF0E8FDCD
:1078F00033687E481D2257F8231047F6FF739FED2B
:107900007C0A01EBC10C01EB4C01CB186221A0FBFE
:1079100003034FF49670DB0B013303EB830303EB9C
:1079200083035B009BB207EE903AF8EEE77A87EEAE
:10793000800AF7F7E5FB6F4B62224FF4AF712046E8
:10794000CDE900531D230CF0BBFD6B4BE122F02170
:1079500020460193CDF800801A230CF0B1FDDB2105
:1079600020460CF001F9654920460CF05DFC4FF60D
:10797000FF739622392103932046336837F823306A
:10798000CDF80090CDE901534FF4AA730CF07AFBC7
:10799000DB239622392120460193CDF800904FF445
:1079A000AA730CF015FAA02120460CF055F9092114
:1079B00020460CF09BFCD92120460CF0D5F850490C
:1079C00020460CF00BF92B46EB2240F2A911204681
:1079D00000950CF005FF2B464FF485724FF4EE71C5
:1079E000204600950CF0FCFEFF2320461A4619465F
:1079F0000CF0F4FC434BFA2240F2C11120460193F3
:107A0000CDF800801B230CF05BFDA02120460CF07C
:107A100023F9092120460CF069FCDA2120460CF0FC
:107A2000A3F8374920460CF0D9F804222B4620460B
:107A3000114600950CF0D4FE2B4623223721204618
:107A400000950CF0CDFEFF2320461A4619460CF097
:107A5000C5FC2D4A1B231F2120460192CDF8008032
:107A600014220CF02DFD20460CF070FE237CDB2B45
:107A700003D13368628A47F8232094F82030DA2B48
:107A80001ED0D92B19D131682626204D47F6FF7319
:107A900057F821202E6002EBC20514481C4C02EB63
:107AA0004502D318A0FB0303DB0B013303EB830375
:107AB00003EB83035B0024F8113005B0BDE8F083CD
:107AC000124B25221A6005B0BDE8F08320990020F2
:107AD000A0890020C410002078C30020D0C5002059
:107AE000A0870020B0100020B81000200180008086
:107AF00000007A44DC100020E0100020A9A9A900B1
:107B0000D9D9D900F807002064070020E4C3002079
:107B1000C8C20020F0B5BE4883B00DF00DF9BD4DD0
:107B2000BB480BF0CFFA322015F09AF92B68142BD2
:107B300009D800240120013415F092F92B68142B88
:107B400001D8192CF6D1B24C00264FF4C065B24FC3
:107B500020460BF07FFAFF2320461A4619460CF008
:107B6000F7F820460BF058FFAC4920460CF036F8E9
:107B70004FF4A07120460CF06FF8092120460CF05C
:107B8000B5FB32223D213346204600960CF028FEFC
:107B9000E62233464FF4D271204600960CF020FEC8
:107BA000772379227C2120460CF018FC9C4A1D2367
:107BB000F0212046CDE900523E220CF081FC994A8A
:107BC0001B23F0212046CDE900525F220CF078FC07
:107BD000954A1B23F0212046CDE9005276220CF075
:107BE0006FFC924A1B23F0212046CDE900528D22E2
:107BF0000CF066FC3B78002B00F092803246334656
:107C0000C82120460CF0EAFB894A1B23F0212046BC
:107C10004FF4C066CDE90052A42200250CF050FCC0
:107C2000FF237B481A4619460CF0D8FB4FF4A0718D
:107C300077480CF011F8092175480CF057FBDD214D
:107C400073480BF091FFCD22A5212B46704800957B
:107C50000CF0C6FDD0222B46D7216D4800950CF0C4
:107C6000BFFD772379227C2169480CF0B7FB714B6B
:107C7000D022BC216648CDE900631C230CF020FC17
:107C8000FF2363481A4619460CF0A8FB4FF4A07175
:107C90005F480BF0E1FF09215D480CF027FBDE2176
:107CA0005B480BF061FF2B46CD2240F21311584880
:107CB00000950CF095FD2B46D02240F2451154481A
:107CC00000950CF08DFD772379227C2150480CF033
:107CD00085FB594A1C234FF495714D48CDE900624C
:107CE000D0220CF0EDFB4A480CF030FD94F8203027
:107CF000DE2B10D0DD2B11D1504B1B7893B9012313
:107D000035214F483B7016F0DDFD4E4803B0BDE80D
:107D1000F04014F015BE4C4B1F221A6003B0F0BDAA
:107D20004A4A72E727224A49464816F08DFA4548E2
:107D300014F006FE16F0F4FD464814F05DFD464BC7
:107D40001A78002A00F0968072B600224FF07C511B
:107D50004FF47A701A705A80586099601A731A61D9
:107D60005A619A6162B600223C484FF4C0641146E1
:107D700014F042FB26480CF0DFFFFF2324481A468C
:107D800019460BF0E5FF22480BF046FE77237922D7
:107D90007C211F480CF022FB31481E235022F02189
:107DA000CDE900401A480CF08BFB2E481B237D22A6
:107DB000F021CDE9004016480CF082FB2A481B2335
:107DC0009622F021CDE9004011480CF079FB2748BC
:107DD0001A23BE22F021CDE900400D480CF070FBC3
:107DE00023481A23D422F021CDE9004008480CF0A2
:107DF00067FB07480CF0AAFC05480CF0B1FE0448EC
:107E00000BF060F9C82015F02BF81EF0A3F900BFA5
:107E100020990020A08900205BC60020F2F2F20029
:107E200010110020201100204C1100207C11002096
:107E3000A8110020001200200412002066C60020B5
:107E40000C12002088890020E4C30020CC110020FF
:107E500044120020C08C0020A489002054C30020BC
:107E60006C12002080120020A8120020D0120020E6
:107E7000041300205A8892B2002A7FF465AF5A6832
:107E8000B2F57A7F7FF460AFF6EE007A93ED027A76
:107E9000B4EE677AF1EE10FA7FF456AF1A7B002A3F
:107EA0007FF452AF1A69002A7FF44EAF5A69002A54
:107EB0007FF44AAF9A69002A7FF446AF53E700BFC8
:107EC0002DE9F04FDC4885B00CF036FFDB4DDA4889
:107ED0000BF0F8F8322014F0C3FF2B68142B09D8EC
:107EE00000240134012014F0BBFF2B68192C01D0B1
:107EF000142BF6D9D04C0025DFF860934FF6FF7AAB
:107F00002046DFF85C830BF0A5F8FF232046CC4F1A
:107F10001A4619460BF01CFF20460BF07DFD772317
:107F200079227C212046C74E0CF058FAC6491E2300
:107F3000202201914FF4C06120464FF0A00B009128
:107F4000F0210CF0BDFA4FF47F4120460CF06CF9A3
:107F5000FF2320461A4619460CF040FA012120461C
:107F60000CF0C4F909232A464FF4C8712046009545
:107F70000CF036FC772379227C2120460CF02EFA77
:107F80001B232F223C212046CDE900590CF098FA02
:107F900018233F2240F259112046CDE900580CF039
:107FA0008FFA1823592240F2591120460197009563
:107FB0000CF086FA1B232F224FF48C712046019679
:107FC00000950CF07DFAA14B7B223C2120460193C9
:107FD00000951B230CF074FA18238B2240F25911E0
:107FE0002046CDE900580CF06BFA1823A62240F287
:107FF00059112046CDE900570CF062FA1B237B2271
:108000004FF48C712046CDE900560CF059FA1B2331
:10801000C8223C212046CDE900590CF051FA182322
:10802000D32240F2591120464FF02C09CDE90058D7
:108030000CF046FA1823ED2240F259112046019720
:108040000095834F0CF03CFAC8221B234FF48C712F
:108050002046DFF81082CDE900560CF031FA7D4E53
:108060003B68FD21204609FB0363DB68009503EBB9
:108070004303DB00A8FB03233222DB0B01931B230A
:108080000CF070FA3B68322209FB036319691B2369
:108090000095C1EB0110C1EB8001A8FB0101204656
:1080A000C90B019140F223110CF05CFA3B68FD21F1
:1080B000204609FB0363DB69009503EB4303DB0008
:1080C000A8FB03237B22DB0B01931B230CF04AFA52
:1080D0003B687B2209FB0363196A1B230095C1EBF4
:1080E0000110C1EB8001A8FB01012046C90B0191E1
:1080F00040F223110CF036FA3B68FD21204609FBC3
:1081000003635B69009503EB4303DB00A8FB0323D8
:10811000C822DB0B01931B230CF024FA3B68C82216
:1081200009FB036399691B230095C1EB0110C1EBA7
:1081300080012046A8FB01814FF00808C90B01917E
:1081400040F223110CF00EFA7B2120460BF00CFDBF
:10815000414920460CF068F83B68CDF80CA04C2251
:1081600009FB0363362120469B89CDF80080CDE9C9
:1081700001534FF48C730BF085FF7B234C22362187
:1081800020460193CDF800804FF48C730BF020FE55
:108190007C2120460BF0E8FCCDF80CA03B6868225F
:1081A0003621204609FB03631B8ACDF80080CDE908
:1081B00001534FF48C730BF065FF7C23682236214A
:1081C00020460193CDF800804FF48C730BF000FE35
:1081D0007D2120460BF0C8FC1F4920460CF024F8F6
:1081E000CDF80CA03B6898223621204609FB03639A
:1081F0009B8BCDF80080CDE901534FF48C730BF0CD
:1082000041FF7D239822362120460193CDF800803E
:108210004FF48C730BF0DCFD7E2120460BF0A4FCA8
:10822000CDF80CA03B68B2223621204609FB03633F
:108230001B8CCDF8008017E020990020A089002039
:10824000481300204C070020301300204C1300205E
:1082500078C3002048C40020A9A9A9004413002025
:10826000C817002001800080CDE901534FF48C73C2
:108270000BF008FF7E23B222362120460193CDF871
:1082800000804FF48C730BF0A3FDA02120460BF06F
:108290006BFCCDF80CA03B68E1223621204609FB9F
:1082A00003639B8ACDF80080CDE901534FF48C73B2
:1082B0000BF0E8FE4FF48C73E12236212046CDF816
:1082C0000080CDF804B00BF083FDA12120460BF017
:1082D0004BFCCDF80CA03B68FB223621204609FB65
:1082E00003631B8BCDF80080CDE901534FF48C73F1
:1082F0000BF0C8FEA123FB22362120460193CDF8C6
:1083000000804FF48C730BF063FD594620460BF050
:10831000A3FC092120460BF0E9FF5C2120460BF06D
:1083200023FC8F4920460BF059FC2B46EB2240F2F0
:10833000A911204600950CF053FA2B464FF4857294
:108340004FF4EE71204600950CF04AFAFF232046C8
:108350001A4619460CF042F84FF4C061814BFA22DC
:1083600020460091019340F2C1111B230CF0A8F8A4
:10837000594620460BF070FC092120460BF0B6FF51
:10838000B02120460BF0F0FB754920460BF026FC8F
:1083900004222B462046114600950CF021FA2B466C
:1083A00023223721204600950CF01AFAFF2320469D
:1083B0001A4619460CF012F86B4A4FF4C0611B23A1
:1083C00020460192009114221F210CF079F82046DA
:1083D0000CF0BCF9237C7B3B262B1BD8DFE803F099
:1083E0009DA4ABB21A1A1A1A1A1A1A1A1A1A1A1AB7
:1083F0001A1A1A1A1A1A1A1A1A1A1A1A1A1A1A1ADD
:108400001A1A1A1A1A14B9002C223B6802FB0363C9
:10841000628A5A6194F820305C2B04D0B02B76D05D
:1084200005B0BDE8F08F39682C27DFF8508101FBDB
:1084300007F7DFF84CA13E440AEB8111F36830697D
:1084400003EB430E7569C0EB0014326A4FEACE0E9F
:10845000C0EB840CA8FB0E3EB369A8FB0C0C05EB2B
:108460004505C3EB0310ED00C3EB8004F069A8FBE6
:1084700005354FEADC3CA8FB043400EB4000C2EBBE
:108480000213C000C2EB8303E40BA8FB0323CCEB75
:108490000C12A8FB0080C4EB0419DB0B4FF46168DD
:1084A000C00B4FEADE3EED0B92004FEA890908FB54
:1084B0000E2208FB05990A614A44C1F81C90C1E9E3
:1084C0000B03C3EB03139B0008FB0033486B024410
:1084D0008B621344254A9342C1E905ECC1E9085473
:1084E00015D9234B012218371A600023214AB818E6
:1084F000C6E90333C6E90533D35143600B63C1E9D1
:108500000433C1E90633C1E90833C1E90A331A4B20
:1085100026221A6005B0BDE8F08F2C223B6802FBD2
:108520000363628ADA6075E72C223B6802FB03630F
:10853000628A1A616EE72C223B6802FB0363628A3F
:10854000DA6167E72C223B6802FB0363628A1A62E6
:1085500060E72C223B6802FB0363628A9A6159E759
:10856000D9D9D900F8070020640700208051010004
:10857000D4C200204CC40020E4C30020018000804D
:10858000A08700202DE9F04FAE4885B00CF0D4FB59
:10859000AD4DAC480AF096FD322014F061FC2B681A
:1085A000142B09D800240120013414F059FC2B6845
:1085B000142B01D8192CF6D1A24C4FF4C069A34F4B
:1085C0004FF02C082046A24E0AF044FDFF2320461F
:1085D000DFF8A8A21A4619460BF0BAFB20460BF0AA
:1085E0001BFA772379227C21204600250BF0F6FE2A
:1085F000984920221E2320464FF6FF7BCDE90091AB
:10860000F0210BF05DFF4FF47F4120460BF00CFE94
:108610003B6840F20911204608FB03635B6A009542
:1086200003EB4303DB00AAFB03236222DB0B019372
:108630001D230BF097FF3B68622208FB0363996AD6
:108640001D230095C1EB0110C1EB80012046AAFB60
:1086500001A14FF00B0AC90B01914FF49B710BF074
:1086600081FF7D4B62224FF4957120460193009566
:108670001D230BF025FF794B612237212046019302
:1086800000951D230BF01CFF754B782240F26311FF
:108690002046019300951D230BF012FF714BB2226F
:1086A00040F263112046019300951D230BF008FF53
:1086B000802120460BF058FA6B4920460BF0B4FDA0
:1086C0003B68CDF80CB0822208FB036339212046B9
:1086D0009B8CCDF800A0CDE901534FF48C730BF0C7
:1086E000D1FC80238222392120460193CDF800A0BD
:1086F0004FF48C730BF06CFB812120460BF034FAA5
:10870000CDF80CB03B68BE223621204608FB03633F
:108710001B8DCDF800A0CDE901534FF48C730BF005
:10872000B1FC8123BE22362120460193CDF800A062
:108730004FF48C730BF04CFBFF2320461A4619466E
:108740000BF04CFE012120460BF0D0FD09232A46F8
:108750004FF4C871204600950CF042F8A021204645
:108760000BF07AFA092120460BF0C0FD5D2120466E
:108770000BF0FAF93D4920460BF030FA2B46EB227C
:1087800040F2A911204600950CF02AF82B464FF430
:1087900085724FF4EE71204600950CF021F8FF230E
:1087A00020461A4619460BF019FE314BFA2240F2C8
:1087B000C11120460193CDF800901B230BF080FEE1
:1087C000A02120460BF048FA092120460BF08EFD2F
:1087D000B12120460BF0C8F9244920460BF0FEF9E0
:1087E00004222B462046114600950BF0F9FF2B463C
:1087F00023223721204600950BF0F2FFFF2320466D
:108800001A4619460BF0EAFD1A4A1B231F2120467F
:108810000192CDF8009014220BF052FE20460BF08E
:1088200095FF237C802B70D0812B29D094F82030A9
:108830005D2B2ED0B12B02D10F4B26221A6005B032
:10884000BDE8F08F20990020A089002078C3002087
:1088500048C40020501300204C0700205C13002067
:10886000641300206C130020A9A9A900D9D9D9004C
:10887000F807002064070020E4C300200180008086
:108880003B68628A08FB03639A6294F820305D2B90
:10889000D0D138682C21204C4FF4616700FB01F1E6
:1088A0000E44D6E909231D4E02EB4202D200A4FB7E
:1088B0000252C3EB0315C3EB8503D20BA4FB0343A6
:1088C000174C8501DB0B04EB8010C0E90E23C3EBD2
:1088D00003139B0007FB0233C769026943633A44F1
:1088E000876A3A441344B342A6D900230D4A203183
:1088F000303504340C4E01273760535011442A1987
:108900004B6063515360C36396E73B68628A08FB20
:1089100003635A628AE700BF018000808051010032
:10892000A08700204CC40020D4C20020F0B5C94864
:1089300083B00CF001FAC84DC6480AF0C3FB3220E0
:1089400014F08EFA2B68142B09D80024013401206E
:1089500014F086FA2B68192C01D0142BF6D9BD4ED1
:10896000BE4C30460AF076FBFF2330461A461946C5
:108970000BF0EEF930460BF04FF8772379227C218B
:1089800030460BF02BFD2368002B40F0B281002510
:108990001A23FC2240F24311AE48CDE900550BF0FA
:1089A000E1FD21681A23FC22AA48CDE900514FF4C9
:1089B000A6710BF0D7FDAA490024AA4D1A23FC2268
:1089C000A448CDE9004140F255110BF079FD29682A
:1089D0001A23FC22092900F3848140F259119D4891
:1089E000CDE900440BF0BEFD29681A23FC2299480A
:1089F000CDE900414FF4B1710BF0B4FD12F070FD00
:108A000020B1994B1968002900F09D8197480021F9
:108A10001A23FC22CDE9001040F269118D480BF0B9
:108A20004FFD934C2168092900F37D8100251A230D
:108A3000FC2240F28B118748CDE900550BF092FDE6
:108A400021681A23FC228348CDE9005140F293119A
:108A50000BF088FD874D0024874F1A23FC2240F23B
:108A60009B117C48CDE900450BF02AFD3A681A239A
:108A7000092A00F34F81FC2240F2A1117548CDE98B
:108A800000440BF06FFD3A681A2340F2A9117148B7
:108A9000CDE90042FC220BF065FD00241A23FC22E4
:108AA00040F2B1116B48CDE900450BF009FD734967
:108AB0001A23FC2209684FF4C0656648CDE90041DD
:108AC00040F2B7110BF04EFDFF2362481A461946DB
:108AD0000BF084FC01215F480BF008FC09232246BF
:108AE0004FF4C8715B4800940BF07AFE4FF4A0710C
:108AF00058480BF0B1F8092156480BF0F7FB6049D4
:108B000054480BF06BF8502223465D2151480094E5
:108B10000BF066FEDC22234640F283114D480094A0
:108B20000BF05EFE772379227C214A480BF056FC3D
:108B3000544A1C23F0214748CDE900525A220BF039
:108B4000BFFC514943480BF049F8982141480BF0CC
:108B50000BF84FF45C713F480BF0BCF802213D4824
:108B60000BF0C4FBAA2223463A48114600940BF0AE
:108B700037FEFF2337481A4619460BF02FFC434AAD
:108B80001B23AA213348CDE9005296220BF098FC12
:108B9000AA223F491B232F48CDE9005111460BF073
:108BA0008FFC3C4A1B23AA212A48CDE90052BE2251
:108BB0000BF086FC344927480BF010F89921254822
:108BC0000AF0D2FF4FF45C7122480BF083F80221C7
:108BD00020480BF08BFBAA2223464FF49B711D48C3
:108BE00000940BF0FDFDFF231A481A4619460BF0BE
:108BF000F5FB294A1B234FF49B711648CDE900521F
:108C00009C220BF05DFC254A1B234FF49B711148FD
:108C1000CDE90052B8220BF053FCA0210D480BF017
:108C20001BF809210B480BF061FB922109480AF05F
:108C30009BFF154907480AF0D1FF04222346054847
:108C4000114600940BF0CCFD232223463721014826
:108C5000009425E020990020A089002030C3002046
:108C60004C07002040C30020C0C20020580700204D
:108C7000DCC200206007002050C300203CC600205A
:108C8000F2F2F20054090020D9D9D9006C09002071
:108C9000740900207C090020880900209009002028
:108CA0000BF09EFDFF2332481A4619460BF096FB47
:108CB00030491B2314222E48CDE900511F210BF00F
:108CC000FFFB2B480BF042FD96F82030982B45D047
:108CD000992B33D0922B02D1274B29221A6003B053
:108CE000F0BDCDE90041224840F259110BF03AFCA9
:108CF00084E612F0D5FB092820607FF748AE0021FA
:108D00001A23FC22CDE900104FF4A17130460BF07C
:108D100029FC50E6CDE9004240F29F11FC221448A4
:108D20000BF020FCB9E600201A23FC22CDE900015B
:108D300040F289110E480BF015FC8BE60E4B3422E5
:108D40001A6003B0F0BD0D481A23FC22CDE90010D3
:108D500040F2691106480BF0B3FB62E6084A2C208A
:108D6000084B0549126808601A6003B0F0BD00BFE7
:108D70002099002064070020E4C300205007002051
:108D8000F8C50020F4C20020F0B5B54883B00BF060
:108D9000D3FFB44DB2480AF095F9322014F060F8D0
:108DA0002B68142B09D800240134012014F058F842
:108DB0002B68192C01D0142BF6D9A94DAA4C2846A2
:108DC0000AF048F9FF2328461A4619460AF0C0FF60
:108DD00028460AF021FE772379227C2128460BF0D1
:108DE000FDFA2368002B40F0218100261A23062279
:108DF00004219B48CDE900660BF0B4FB21681A23DF
:108E000006229748CDE900610E210BF0ABFB974994
:108E10000024974E1A2306229148CDE900411721DC
:108E20000BF04EFB31681A230622092900F3F78064
:108E30001C218B48CDE900440BF094FB31681A23C8
:108E400006228748CDE9004125210BF08BFB12F06B
:108E500047FB20B1874B1968002900F0F78086484E
:108E600000211A230622CDE900102B217C480BF0AB
:108E700027FB824C2168092900F3C78000261A23AA
:108E800006224B217648CDE900660BF06BFB21688A
:108E90001A2306227248CDE9006155210BF062FBCE
:108EA000774E0024774F1A2306225D216C48CDE9C6
:108EB00000460BF005FB3A681A23092A00F39D804F
:108EC000062263216648CDE900440BF04BFB3A686B
:108ED0001A236B216248CDE9004206220BF042FBC7
:108EE00000241A23062273215D48CDE900460BF0C9
:108EF000E7FA65491A23062209684FF4C066584804
:108F0000CDE9004179210BF02DFB4FF4A0715448BD
:108F10000AF0A2FE092152480BF0E8F95B495048DB
:108F20000AF05CFE6422234650214D4800940BF069
:108F300057FC962223464FF4C871494800940BF021
:108F40004FFC772379227C2145480BF047FA504AA1
:108F50001D23F0214248CDE900627D220BF0B0FADA
:108F6000FF233F481A4619460BF038FA01213C48C6
:108F70000BF0BCF9092322464FF4C871384800941D
:108F80000BF02EFC4FF4A07135480AF065FE092164
:108F900033480BF0ABF99B2131480AF0E5FD3D4920
:108FA0002F480AF01BFED1222346D2212C480094E0
:108FB0000BF016FCD42223464FF487712848009406
:108FC0000BF00EFCFF2326481A4619460BF006FA52
:108FD00031491B23D3222248CDE90061F0210BF057
:108FE0006FFA1F480BF0B2FB95F820309B2B02D193
:108FF0002A4B36221A6003B0F0BDCDE90042612150
:10900000062217480BF0AEFA6AE700201A23062260
:10901000CDE900014B2112480BF0A4FA40E7CDE95D
:1090200000410F481B210BF09DFA10E712F038FAAF
:10903000092820607FF7D9AE00211A230622CDE946
:109040000010042128460BF08DFAE0E614481A239C
:109050000622CDE900102B2101480BF031FA08E778
:1090600020990020A089002030C300204C07002058
:1090700040C30020C0C2002058070020DCC20020EE
:109080006007002050C300203CC60020F2F2F2002E
:10909000AC090020D9D9D900D0090020E4C30020B0
:1090A0005007002070B5584C82B000255749204623
:1090B0004FF4C0660AF092FD092120460BF016F924
:1090C000462251212B46204600950BF089FBE622D3
:1090D0002B464FF4C871204600950BF081FB772397
:1090E00079227C2120460BF079F9494A1C23F3218F
:1090F0002046CDE900625F220BF0E2F9454A1B23CE
:1091000096212046CDE900527D220BF0D9F9424A42
:109110001B237B212046CDE900529B220BF0D0F986
:10912000FF2320461A4619460BF058F94FF4A07158
:1091300020460AF091FD092120460BF0D7F8422184
:1091400020460AF011FDCD222B46A5212046009590
:109150000BF046FBD0222B46D721204600950BF082
:109160003FFB772379227C2120460BF037F92B4AED
:109170001C23BC212046CDE90062D0220BF0A0F9CF
:10918000FF2320461A4619460BF028F94FF4A07128
:1091900020460AF061FD092120460BF0A7F8432183
:1091A00020460AF0E1FCCD222B4640F21311204666
:1091B00000950BF015FBD0222B4640F245112046BE
:1091C00000950BF00DFB772379227C2120460BF0D4
:1091D00005F9134A1C234FF495712046CDE900622E
:1091E000D0220BF06DF994F82030422B07D0432B9E
:1091F00003D10C4A0C4B15601D6002B070BD094BC9
:1092000001221A6002B070BD20990020F2F2F20033
:109210007413002098130020B4130020D8130020EA
:10922000DC130020E4C50020E8C500202DE9F04152
:10923000B34882B00BF080FDB24DB14809F042FF57
:10924000322013F00DFE2B68142B09D800240134B2
:10925000012013F005FE2B68192C01D0142BF6D930
:10926000A74C00254FF4C066DFF8D482204609F0F1
:10927000F1FEFF2320461A4619460AF069FD2046F2
:109280000AF0CAFB772379227C2120460BF0A6F84E
:109290004FF4A07120460AF0DFFC092120460BF0B4
:1092A00025F8994920460AF099FC64225A212B4658
:1092B000204600950BF094FA96222B464FF4C3718A
:1092C000204600950BF08CFAFF2320461A461946DB
:1092D0000BF084F8012120460BF008F801232A4600
:1092E0004FF4C871204600950BF07AFAA021204671
:1092F0000AF0B2FC092120460AF0F8FF0F212046AF
:109300000AF032FC814920460AF068FC04222B4610
:109310002046114600950BF063FA23222B46372195
:10932000204600950BF05CFAFF2320461A461946AA
:109330000BF054F8764A1B231F212046CDE900622A
:1093400014220BF0BDF8FFF7ADFED8F80070012F26
:1093500033D0704B1B6813B96F4B04221A606848F6
:109360000BF0F4F994F820300F2B20D0122B02D000
:1093700002B0BDE8F0810020684A4121684BC8F87E
:1093800000008220116067491D6808601A681C6827
:109390001968654B65481A60654A05605E4B65480B
:1093A0001160082204601A6002B0BDE8F0815A4BD7
:1093B00004221A6002B0BDE8F081FF2320461A465D
:1093C00019460AF0C5FC20460AF026FB20464FF459
:1093D000A0710AF041FC204609210AF087FF2046CF
:1093E00049490AF0FBFB2B46204664225A2100958E
:1093F0000BF0F6F92B46204696224FF4C3710095E8
:109400000BF0EEF9FF2320461A4619460AF0E6FF54
:10941000394620460AF06AFF3B462A4620464FF46A
:10942000C87100950BF0DCF92046A0210AF014FC6D
:10943000204609210AF05AFF20460F210AF094FB2A
:10944000204632490AF0CAFB04222B462046114628
:1094500000950BF0C5F92B462046232237210095B5
:109460000BF0BEF9FF2320461A4619460AF0B6FF54
:10947000274B2046142201931F211B2300960BF03B
:109480001FF82046772379227C210AF0A7FF2A4B78
:109490007D222046F021CDE900631D230BF010F85A
:1094A00020464FF4A0710AF0D7FB204609210AF0AC
:1094B0001DFF204612210AF057FB204613490AF0EF
:1094C0008DFB2B462046D122D72100950BF088F941
:1094D0002B462046D42240F2091100950BF080F96A
:1094E000FF2320461A4619460AF078FF134A1B2329
:1094F000F0212046CDE90062D3220AF0E1FF28E7FF
:1095000020990020A0890020F2F2F200D9D9D900D8
:1095100064070020E8C50020E4C30020188E002066
:10952000F8C500201C8E0020E8C20020E4C2002004
:10953000F0C20020ECC20020E01300200014002044
:10954000E4C50020F0B57B4883B00BF0F5FB7A4D05
:10955000784809F0B7FD322013F082FC2B68142BF9
:1095600009D800240134012013F07AFC2B68192C4F
:1095700001D0142BF6D96F4C00254FF4C0666F4F05
:10958000204609F067FDFF2320461A4619460AF0D7
:10959000DFFB20460AF040FA4FF4A07120460AF0A3
:1095A0005BFB092120460AF0A1FE654920460AF02E
:1095B00015FB64225A212B46204600950BF010F92A
:1095C00096222B464FF4C371204600950BF008F904
:1095D000772379227C2120460AF000FF594A1D2377
:1095E000F0212046CDE900627D220AF069FFFF23C9
:1095F00020461A4619460AF0F1FE012120460AF0DB
:1096000075FE02232A464FF4C871204600950BF0E0
:10961000E7F84FF4A07120460AF01EFB092120460E
:109620000AF064FE212120460AF09EFA46492046AF
:109630000AF0D4FA2B46D122D721204600950BF010
:10964000CFF82B46D42240F20911204600950BF0AA
:10965000C7F8FF2320461A4619460AF0BFFE3B4BC7
:10966000D322F0212046019300961B230AF028FF05
:10967000A02120460AF0F0FA092120460AF036FE21
:109680001E2120460AF070FA2F4920460AF0A6FA59
:1096900004222B462046114600950BF0A1F82B46DC
:1096A00023223721204600950BF09AF8FF2320460D
:1096B0001A4619460AF092FE254B14221F21204615
:1096C000019300961B230AF0FBFEFFF7EBFC3B68BF
:1096D000012B51D017480BF039F81E4B1B6813B9FA
:1096E0001D4B0B221A6094F820301E2B1DD0212B0D
:1096F00001D003B0F0BD0020184A4021184B38605B
:109700009620116017491D6808601A681C6819685E
:10971000154B16481A60164A05600F4B1548116024
:109720000F2204601A6003B0F0BD0B4B0B221A60CD
:1097300003B0F0BD20990020A0890020E4C50020DE
:10974000F2F2F200E0130020D9D9D9000014002071
:1097500064070020E8C50020E4C30020188E002024
:10976000F8C500201C8E0020F0C20020E4C20020BA
:10977000ECC20020E8C20020FF2320461A4619460A
:109780000AF0E6FA20460AF047F9772379222046C4
:109790007C210AF023FE20464FF4A0710AF05CFA07
:1097A000204609210AF0A2FD204655490AF016FA82
:1097B0002B46204664225A2100950BF011F82B46C7
:1097C000962220464FF4C37100950BF009F820460D
:1097D000A0210AF041FA204609210AF087FD20461F
:1097E00048490AF0FBF92B462046042240F2A71113
:1097F00000950AF0F5FF2B46204623224FF4EF7127
:1098000000950AF0EDFFFF2320461A4619460AF09C
:10981000E5FD3D4B1422204601934FF4E0711B23DC
:1098200000960AF04DFE2046A0210AF015FA2046C7
:1098300009210AF05BFD20461E210AF095F9204619
:1098400032490AF0CBF904222B46204611460095F6
:109850000AF0C6FF2B4620462322372100950AF046
:10986000BFFFFF2320461A4619460AF0B7FD284BD2
:10987000204614221F21CDE900631B230AF020FE9D
:109880002046772379227C210AF0A8FD214B7D22F6
:109890002046F021CDE900631D230AF011FE204689
:1098A0004FF4A0710AF0D8F9204609210AF01EFDF4
:1098B000204621210AF058F9204614490AF08EF971
:1098C0002B462046D122D72100950AF089FF2B464E
:1098D0002046D42240F2091100950AF081FFFF23AF
:1098E00020461A4619460AF079FD0B4A1B23F0213F
:1098F0002046CDE90062D3220AF0E2FDEAE600BF8D
:10990000F2F2F2003366070008140020D9D9D9001A
:1099100064070020E0130020001400202DE9F0412E
:10992000CF4882B00BF008FACE4DCD4809F0CAFB03
:10993000322013F095FA2B68142B09D80024013437
:10994000012013F08DFA2B68192C01D0142BF6D9B5
:10995000C34C00254FF4C066C34F204609F07AFB84
:10996000FF2320461A4619460AF0F2F920460AF06B
:1099700053F84FF4A07120460AF06EF909212046F1
:109980000AF0B4FCB94920460AF028F964225A21A9
:109990002B46204600950AF023FF96222B464FF4D3
:1099A000C371204600950AF01BFF772379227C21A2
:1099B00020460AF013FDAE4A1D23F0212046CDE9D2
:1099C00000627D220AF07CFDFF2320461A461946DC
:1099D0000AF004FD012120460AF088FC03232A46F0
:1099E0004FF4C871204600950AF0FAFE4FF4A071BA
:1099F00020460AF031F9092120460AF077FC2F2190
:109A000020460AF0B1F89B4920460AF0E7F82B46B9
:109A1000D122D721204600950AF0E2FE2B46D4221F
:109A200040F20911204600950AF0DAFEFF23204695
:109A30001A4619460AF0D2FC8F4BD322F021204659
:109A4000019300961B230AF03BFDA02120460AF05B
:109A500003F9092120460AF049FC2C2120460AF08E
:109A600083F8844920460AF0B9F804222B462046A0
:109A7000114600950AF0B4FE2B46232237212046DA
:109A800000950AF0ADFEFF2320461A4619460AF05B
:109A9000A5FC7A4B14221F212046019300961B231C
:109AA0000AF00EFDFFF7FEFAD7F80080B8F1010FBB
:109AB00032D0734B1B6813B9724B12221A6068487C
:109AC0000AF044FE94F820302C2B1FD02F2B02D00C
:109AD00002B0BDE8F08100206B4A34216B4B386046
:109AE0006E2011606A491D6808601A681C68196850
:109AF000684B69481A60694A0560624B68481160A2
:109B0000162204601A6002B0BDE8F0815D4B12229B
:109B10001A6002B0BDE8F081FF2320461A461946BC
:109B20000AF016F9204609F077FF20464FF4A0719D
:109B30000AF092F8204609210AF0D8FB20464B494A
:109B40000AF04CF82B46204664225A2100950AF070
:109B500047FE2B46204696224FF4C37100950AF02B
:109B60003FFEFF2320461A4619460AF037FC4146BD
:109B700020460AF0BBFB2A46032320464FF4C87157
:109B800000950AF02DFE2046A0210AF065F8204637
:109B900009210AF0ABFB20462C2109F0E5FF204605
:109BA00034490AF01BF804222B4620461146009542
:109BB0000AF016FE2B4620462322372100950AF094
:109BC0000FFEFF2320461A4619460AF007FC2B4BCE
:109BD000204614221F21CDE900631B230AF070FCEC
:109BE0002046772379227C210AF0F8FB204B7D2246
:109BF0002046F021CDE900631D230AF061FC2046D8
:109C00004FF4A0710AF028F8204609210AF06EFBF3
:109C100020462F2109F0A8FF2046164909F0DEFF53
:109C20002B462046D122D72100950AF0D9FD2B469C
:109C30002046D42240F2091100950AF0D1FDFF23FD
:109C400020461A4619460AF0C9FB0B4A1B23F0218D
:109C50002046CDE90062D3220AF032FC29E700BF9A
:109C600020990020A0890020E4C50020F2F2F20033
:109C7000E0130020D9D9D900001400206407002087
:109C8000E8C50020E4C30020188E0020F8C500209D
:109C90001C8E0020E8C20020E4C20020F0C2002098
:109CA000ECC200202DE9F041B34882B00BF044F83B
:109CB000B24DB14809F006FA322013F0D1F82B6802
:109CC000142B09D800240134012013F0C9F82B68A3
:109CD000192C01D0142BF6D9A74C00254FF4C066DF
:109CE000A74F204609F0B6F9FF2320461A46194629
:109CF0000AF02EF8204609F08FFE772379227C2186
:109D000020460AF06BFB4FF4A071204609F0A4FF37
:109D1000092120460AF0EAFA9A49204609F05EFF36
:109D200064225A212B46204600950AF059FD9622BE
:109D30002B464FF4C371204600950AF051FDFF23D6
:109D400020461A4619460AF049FB012120460AF02E
:109D5000CDFA06232A464FF4C871204600950AF032
:109D60003FFDA021204609F077FF092120460AF097
:109D7000BDFAAD21204609F0F7FE8349204609F0DF
:109D80002DFF04222B462046114600950AF028FD9F
:109D900023222B463721204600950AF021FDFF2380
:109DA00020461A4619460AF019FB784A1B231F2140
:109DB0002046CDE9006214220AF082FBFFF772F917
:109DC000D7F80080B8F1010F32D0714B1B6813B97E
:109DD000704B19221A6068480AF0B8FC94F82030D9
:109DE0003D2B0AD0AD2B02D002B0BDE8F081694B0B
:109DF00019221A6002B0BDE8F0810020664A4121B4
:109E0000664B38608220116065491D6808601A68D9
:109E10001C681968634B64481A60644A05605D4BAE
:109E2000634811601D2204601A6002B0BDE8F08131
:109E3000FF2320461A46194609F08AFF204609F0FA
:109E4000EBFD20464FF4A07109F006FF20460921E2
:109E50000AF04CFA20464B4909F0C0FE2B4620463A
:109E600064225A2100950AF0BBFC2B46204696221C
:109E70004FF4C37100950AF0B3FCFF2320461A4645
:109E800019460AF0ABFA414620460AF02FFA2A4654
:109E9000062320464FF4C87100950AF0A1FC204625
:109EA000A02109F0D9FE204609210AF01FFA204618
:109EB000AD2109F059FE2046334909F08FFE0422F6
:109EC0002B462046114600950AF08AFC2B46204678
:109ED0002322372100950AF083FCFF2320461A46EF
:109EE00019460AF07BFA294B2046142201931F21C0
:109EF0001B2300960AF0E4FA2046772379227C217E
:109F00000AF06CFA2B4B7D222046F021CDE900634C
:109F10001D230AF0D5FA20464FF4A07109F09CFEEB
:109F2000204609210AF0E2F920463D2109F01CFEF5
:109F30002046154909F052FE2B462046D122D72152
:109F400000950AF04DFC2B462046D42240F2091120
:109F500000950AF045FCFF2320461A4619460AF0F0
:109F60003DFA154A1B23F0212046CDE90062D32299
:109F70000AF0A6FA29E700BF20990020A089002056
:109F8000E4C50020F2F2F200D9D9D900640700201C
:109F9000E8C50020E4C30020188E0020F8C500208A
:109FA0001C8E0020E8C20020E4C20020F0C2002085
:109FB000ECC20020E0130020001400202DE9F04145
:109FC000CF4882B00AF0B8FECE4DCD4809F07AF8FD
:109FD000322012F045FF2B68142B09D800240134DD
:109FE000012012F03DFF2B68192C01D0142BF6D95B
:109FF000C34C00254FF4C066C34F204609F02AF831
:10A00000FF2320461A46194609F0A2FE204609F011
:10A0100003FD4FF4A071204609F01EFE09212046E1
:10A020000AF064F9B949204609F0D8FD64225A21A2
:10A030002B46204600950AF0D3FB96222B464FF480
:10A04000C371204600950AF0CBFB772379227C214F
:10A0500020460AF0C3F9AE4A1D23F0212046CDE97F
:10A0600000627D220AF02CFAFF2320461A46194688
:10A070000AF0B4F9012120460AF038F905232A46EE
:10A080004FF4C871204600950AF0AAFB4FF4A07166
:10A09000204609F0E1FD092120460AF027F98B212D
:10A0A000204609F061FD9B49204609F097FD2B46AB
:10A0B000D122D721204600950AF092FB2B46D422CC
:10A0C00040F20911204600950AF08AFBFF23204642
:10A0D0001A4619460AF082F98F4BD322F021204606
:10A0E000019300961B230AF0EBF9A021204609F00A
:10A0F000B3FD092120460AF0F9F88821204609F02D
:10A1000033FD8449204609F069FD04222B46204690
:10A11000114600950AF064FB2B4623223721204686
:10A1200000950AF05DFBFF2320461A4619460AF007
:10A1300055F97A4B14221F212046019300961B23C8
:10A140000AF0BEF9FEF7AEFFD7F80080B8F1010FB4
:10A1500032D0734B1B6813B9724B2F221A606848B8
:10A160000AF0F4FA94F82030882B1FD08B2B02D001
:10A1700002B0BDE8F08100206B4A34216B4B38609F
:10A180006E2011606A491D6808601A681C681968A9
:10A19000684B69481A60694A0560624B68481160FB
:10A1A000332204601A6002B0BDE8F0815D4B2F22BB
:10A1B0001A6002B0BDE8F081FF2320461A46194616
:10A1C00009F0C6FD204609F027FC20464FF4A07197
:10A1D00009F042FD204609210AF088F820464B4943
:10A1E00009F0FCFC2B46204664225A2100950AF017
:10A1F000F7FA2B46204696224FF4C37100950AF0D9
:10A20000EFFAFF2320461A4619460AF0E7F84146BE
:10A2100020460AF06BF82A46052320464FF4C87101
:10A2200000950AF0DDFA2046A02109F015FD204630
:10A2300009210AF05BF82046882109F095FC2046A8
:10A24000344909F0CBFC04222B46204611460095E8
:10A250000AF0C6FA2B4620462322372100950AF041
:10A26000BFFAFF2320461A4619460AF0B7F82B4BCF
:10A27000204614221F21CDE900631B230AF020F998
:10A280002046772379227C210AF0A8F8204B7D22F2
:10A290002046F021CDE900631D230AF011F9204684
:10A2A0004FF4A07109F0D8FC204609210AF01EF8ED
:10A2B00020468B2109F058FC2046164909F08EFCF7
:10A2C0002B462046D122D72100950AF089FA2B4649
:10A2D0002046D42240F2091100950AF081FAFF23AA
:10A2E00020461A4619460AF079F80B4A1B23F0213A
:10A2F0002046CDE90062D3220AF0E2F829E700BF48
:10A3000020990020A0890020E4C50020F2F2F2008C
:10A31000E0130020D9D9D9000014002064070020E0
:10A32000E8C50020E4C30020188E0020F8C50020F6
:10A330001C8E0020E8C20020E4C20020F0C20020F1
:10A34000ECC200202DE9F041824882B00AF0F4FC12
:10A35000814D804808F0B6FE322012F081FD2B6856
:10A36000142B09D800240134012012F079FD2B6848
:10A37000192C01D0142BF6D9764C00254FF4C06669
:10A38000764F204608F066FEFF2320461A461946FF
:10A3900009F0DEFC204609F03FFB4FF4A071204697
:10A3A00009F05AFC0921204609F0A0FF6C4920461B
:10A3B00009F014FC64225A212B46204600950AF02D
:10A3C0000FFA96222B464FF4C371204600950AF0EF
:10A3D00007FA772379227C21204609F0FFFF614AA2
:10A3E0001D23F0212046CDE900627D220AF068F8A5
:10A3F000FF2320461A46194609F0F0FF01212046A6
:10A4000009F074FF09232A464FF4C87120460095CD
:10A410000AF0E6F94FF4A071204609F01DFC09216D
:10A42000204609F063FF9A21204609F09DFB4E4922
:10A43000204609F0D3FB2B46D122D7212046009598
:10A440000AF0CEF92B46D42240F20911204600959D
:10A450000AF0C6F9FF2320461A46194609F0BEFF46
:10A46000424BD322F0212046019300961B230AF091
:10A4700027F8A021204609F0EFFB0921204609F02A
:10A4800035FF9421204609F06FFB3749204609F03B
:10A49000A5FB04222B462046114600950AF0A0F9A0
:10A4A0002B4623223721204600950AF099F9FF23F5
:10A4B00020461A46194609F091FF2D4B14221F2100
:10A4C0002046019300961B2309F0FAFFFEF7EAFDF0
:10A4D000D7F80080B8F1010F62D0264B1B6813B982
:10A4E000254B29221A601B480AF030F994F82030D5
:10A4F000942B29D09A2B02D002B0BDE8F0811F4BDB
:10A500001F4A1B689B01D358002B00F0EC80012BE5
:10A5100005D11C4934201C4B802208601A601B4B5B
:10A5200000201B491C681B4A0C6019681C681160DC
:10A530001968194A104B38601160362217481A60A2
:10A54000046002B0BDE8F0810B4B2B221A6002B010
:10A55000BDE8F08120990020A0890020E4C50020FA
:10A56000F2F2F200E0130020D9D9D9000014002043
:10A5700064070020E8C50020E4C3002078C3002061
:10A58000A0870020188E00201C8E0020F8C5002017
:10A59000E4C20020F0C20020ECC20020E8C200208B
:10A5A000FF2320461A46194609F0D2FB204609F03F
:10A5B00033FA20464FF4A07109F04EFB20460921E2
:10A5C00009F094FE20464B4909F008FB2B46204633
:10A5D00064225A2100950AF003F92B462046962260
:10A5E0004FF4C37100950AF0FBF8FF2320461A468A
:10A5F000194609F0F3FE4146204609F077FE2A4647
:10A60000092320464FF4C87100950AF0E9F8204666
:10A61000A02109F021FB2046092109F067FE204610
:10A62000942109F0A1FA2046334909F0D7FA04220F
:10A630002B462046114600950AF0D2F82B462046BC
:10A640002322372100950AF0CBF8FF2320461A4633
:10A65000194609F0C3FE294B204614221F21CDE9DB
:10A6600000631B2309F02CFF2046772379227C21ED
:10A6700009F0B4FE224B7D222046F021CDE9006393
:10A680001D2309F01DFF20464FF4A07109F0E4FAE4
:10A690002046092109F02AFE20469A2109F064FA91
:10A6A0002046154909F09AFA2B462046D122D72197
:10A6B00000950AF095F82B462046D42240F2091165
:10A6C00000950AF08DF8FF2320461A46194609F036
:10A6D00085FE0C4A1B23F0212046CDE90062D322DF
:10A6E00009F0EEFEF9E608494020084B9622086082
:10A6F0001A6014E7F2F2F200D9D9D90064070020F9
:10A70000E013002000140020188E00201C8E002072
:10A7100070B5B04884B00AF00FFBAF4DAD4808F0FB
:10A72000D1FC322012F09CFB2B68142B09D800249A
:10A730000120013412F094FB2B68142B01D8192C42
:10A74000F6D1A44C00254FF4C066204608F082FCE8
:10A75000FF2320461A46194609F0FAFA204609F066
:10A760005BF99E49204609F039FA4FF4A071204662
:10A7700009F072FA0921204609F0B8FD32223D2184
:10A780002B46204600950AF02BF8E6222B464FF484
:10A79000D271204600950AF023F8772379227C2194
:10A7A000204609F01BFE8E4A1D23F3212046CDE9E9
:10A7B00000623C2209F084FE8A4A1C23F0212046D4
:10A7C000CDE90062692209F07BFE874A1B239621AE
:10A7D0002046CDE900527D2209F072FE834A1B23F8
:10A7E00096212046CDE900529B2209F069FEFF2305
:10A7F00020461A46194609F0F1FD4FF4A071204693
:10A8000009F02AFA0921204609F070FD4821204666
:10A8100009F0AAF9CD222B46A5212046009509F082
:10A82000DFFFD0222B46D7212046009509F0D8FF24
:10A83000772379227C21204609F0D0FD6C4A1C2325
:10A84000BC212046CDE90062D02209F039FEFF2369
:10A8500020461A46194609F0C1FD4FF4A071204662
:10A8600009F0FAF90921204609F040FD4921204666
:10A8700009F07AF9CD222B4640F2131120460095BB
:10A8800009F0AEFFD0222B4640F24511204600953C
:10A8900009F0A6FF772379227C21204609F09EFD4E
:10A8A000544A1C234FF495712046CDE90062D02212
:10A8B00009F006FE204609F049FF94F82030482BA5
:10A8C0005FD0492B5BD14C4C2368083B362B4ED8CC
:10A8D000DFE813F073004D004D004D004D004D00BA
:10A8E0004D00AC004D004D004D004D004D004D00A1
:10A8F000C3004D004D004D004D004D004D00D000F7
:10A900004D004D004D004D004D004D004D004D00DF
:10A910004D004D004D004D004D004D004D004D00CF
:10A920004D004D004D004D004D00DD004D004D002F
:10A9300037004D004D004D004D004D004D004D00C5
:10A940006600012504224FF4A66103A800260395A2
:10A9500012F078FD042203A840F23C51039612F055
:10A9600071FD264B264A1D60264B15601E60002196
:10A97000642012F0C7FC0023234A2360136004B054
:10A9800070BD224B012422491D600968214B1A4ADF
:10A990001960214812681C4B04601A6004B070BD35
:10A9A0000125042240F2345103A8039512F04AFD18
:10A9B0001A4A1B4B15601D60D9E70125042240F29D
:10A9C0001C5103A8039512F03DFD164A164B156065
:10A9D0001D60CCE720990020A0890020F2F2F2004F
:10A9E00014140020201400204814002060140020BB
:10A9F000D8130020DC130020E8C30020788C00204E
:10AA00007C8C002010C60020E4C30020ECC5002090
:10AA1000F8C50020F0C20020F0C500209C8C00206A
:10AA2000988C00208C8C0020888C0020012504222A
:10AA30004FF4A46103A80026039512F003FD04223D
:10AA400003A84FF4A761039612F0FCFC164B174ABB
:10AA50001D60174B15601E6089E70125042240F236
:10AA6000245103A8039512F0EDFC124A124B156015
:10AA70001D607CE7012504224FF4A56103A803951E
:10AA800012F0E0FC0D4A0E4B15601D606FE70125CA
:10AA9000042240F22C5103A8039512F0D3FC094A7A
:10AAA000094B15601D6062E7708C0020748C0020DB
:10AAB0000CC60020848C0020808C0020A88C0020F4
:10AAC000A48C0020948C0020908C002070B5584CF1
:10AAD00082B00025574920464FF4C06609F07EF841
:10AAE0000921204609F002FC462251212B4620462E
:10AAF000009509F075FEE6222B464FF4C8712046FA
:10AB0000009509F06DFE772379227C21204609F01B
:10AB100065FC494A1C23F3212046CDE900625F22EF
:10AB200009F0CEFC454A1B23AA212046CDE900525C
:10AB30007D2209F0C5FC424A1B238C212046CDE929
:10AB400000529B2209F0BCFCFF2320461A461946FE
:10AB500009F044FC4FF4A071204609F07DF809216A
:10AB6000204609F0C3FB4421204608F0FDFFCD221A
:10AB70002B46A5212046009509F032FED0222B4617
:10AB8000D7212046009509F02BFE772379227C21DE
:10AB9000204609F023FC2B4A1C23BC212046CDE98A
:10ABA0000062D02209F08CFCFF2320461A46194689
:10ABB00009F014FC4FF4A071204609F04DF809216A
:10ABC000204609F093FB4521204608F0CDFFCD2219
:10ABD0002B4640F213112046009509F001FED022C9
:10ABE0002B4640F245112046009509F0F9FD7723E8
:10ABF00079227C21204609F0F1FB134A1C234FF4F3
:10AC000095712046CDE90062D02209F059FC94F8F4
:10AC10002030442B08D0452B04D10C4901220C4B89
:10AC20000D601A6002B070BD094B1D6002B070BDAE
:10AC300020990020F2F2F200741300207814002012
:10AC400090140020D8130020DC1300201CC3002027
:10AC500020C3002070B5584C82B0002557492046CB
:10AC60004FF4C06608F0BAFF0921204609F03EFB08
:10AC7000462251212B462046009509F0B1FDE622DF
:10AC80002B464FF4C8712046009509F0A9FD7723A3
:10AC900079227C21204609F0A1FB494A1C23F3219B
:10ACA0002046CDE900625F2209F00AFC454A1B23D9
:10ACB000AA212046CDE900527D2209F001FC424A3A
:10ACC0001B23AA212046CDE900529B2209F0F8FB64
:10ACD000FF2320461A46194609F080FB4FF4A07165
:10ACE000204608F0B9FF0921204609F0FFFA462165
:10ACF000204608F039FFCD222B46A521204600959D
:10AD000009F06EFDD0222B46D7212046009509F090
:10AD100067FD772379227C21204609F05FFB2B4ACF
:10AD20001C23BC212046CDE90062D02209F0C8FBDB
:10AD3000FF2320461A46194609F050FB4FF4A07134
:10AD4000204608F089FF0921204609F0CFFA472163
:10AD5000204608F009FFCD222B4640F21311204671
:10AD6000009509F03DFDD0222B4640F245112046CA
:10AD7000009509F035FD772379227C21204609F0E2
:10AD80002DFB134A1C234FF495712046CDE9006238
:10AD9000D02209F095FB94F82030462B08D0472BA1
:10ADA00004D10C4901220C4B0D601A6002B070BD39
:10ADB000094B1D6002B070BD20990020F2F2F20034
:10ADC0007413002078140020B0140020D813002041
:10ADD000DC130020ECC50020F0C5002070B53C4C11
:10ADE00082B000253B4920464FF4C06608F0F6FECD
:10ADF0000921204609F07AFA462251212B462046A5
:10AE0000009509F0EDFCE6222B464FF4C871204670
:10AE1000009509F0E5FC772379227C21204609F092
:10AE2000DDFA2D4A1C23F0212046CDE900625F2285
:10AE300009F046FB294A1B236E212046CDE900522A
:10AE40007D2209F03DFB264A1B23B4212046CDE993
:10AE50000052912209F034FBFF2320461A4619467E
:10AE600009F0BCFA4FF4A071204608F0F5FE092164
:10AE7000204609F03BFA9E21204608F075FECD22BF
:10AE80002B46DC212046009509F0AAFCD0222B4657
:10AE90004FF487712046009509F0A2FC77237922B0
:10AEA0007C21204609F09AFA0E4A1C23F5212046FF
:10AEB000CDE90062CF2209F003FB94F820309E2BED
:10AEC00004D109492622094B0D601A6002B070BDF9
:10AED00020990020F2F2F200C8140020E8140020AB
:10AEE0000C1500201C150020D4C20020E4C3002053
:10AEF00030B5AC4883B009F01FFFAB4DA94808F04E
:10AF0000E1F8322011F0ACFF2B68142B09D8002493
:10AF10000120013411F0A4FF2B68142B01D8192C47
:10AF2000F6D1A0484FF4C06508F094F8FF239D487F
:10AF300000241A46194608F00BFF9A4808F06CFDE9
:10AF4000772379227C21974809F048FA97481E23F5
:10AF50002022F021CDE90050924809F0B1FA4FF4D7
:10AF60007F41904809F060F9FF238E481A46194640
:10AF700009F034FA01218B4809F0B8F90923224677
:10AF80004FF4C8718748009409F02AFC8849854825
:10AF900008F024FEC021834808F0E6FD4FF48C71D0
:10AFA000804808F059FE03217E4809F09FF96C2281
:10AFB00023466E217B48009409F012FC6C22234644
:10AFC0004FF4B9717748009409F00AFCFF237548E3
:10AFD0001A46194609F002FA76491B236C22714879
:10AFE000CDE90051FA2109F06BFA71496D4808F07A
:10AFF000F5FDC3216B4808F0B7FD4FF48C7169482B
:10B0000008F02AFE0321674809F070F9B4222346AC
:10B010007D216448009409F0E3FBB422234640F20A
:10B0200063116048009409F0DBFBFF235D481A467A
:10B03000194609F0D3F960491B23B4225948CDE9D8
:10B040000051F12109F03CFAA021564808F004FE15
:10B050000921544809F04AF95B21524808F084FD5F
:10B060005349504808F0BAFDEB22234640F2A9119B
:10B070004C48009409F0B4FB4FF4857223464FF41A
:10B08000EE714848009409F0ABFBFF2345481A468F
:10B09000194609F0A3F949491B23FA224148CDE991
:10B0A000005140F2C11109F00BFAA0213D4808F00F
:10B0B000D3FD09213B4809F019F9AF21394808F0BF
:10B0C00053FD3B49374808F089FD042223463548A3
:10B0D0001146009409F084FB23222346372131488E
:10B0E000009409F07DFBFF232E481A46194609F00B
:10B0F00075F933481B2314221F21CDE9005029483C
:10B1000009F0DEF92F4B1B68012B15D0254C20468A
:10B1100009F01CFB94F82030C22B06D8BF2B0ED9A7
:10B12000294B27221A6003B030BDC32BFBD1264B1D
:10B1300028221A6003B030BDFFF750FEE6E75B2B14
:10B1400029D1224B224A1B68224902EB8312136940
:10B15000D469906A2344526B034413448B4202D84F
:10B160001D4B01221A604FF4A07240F23B71184847
:10B1700012F068F9DC2240F25F61184812F062F9BF
:10B180000A2240F69801164812F05CF90E4B29226B
:10B190001A6003B030BDAF2BC5D10B4B3F221A60F4
:10B1A00003B030BD20990020A08900204009002074
:10B1B000D9D9D900241500205C130020F8070020FD
:10B1C00064070020D4C20020E4C3002078C300201C
:10B1D000A08700207F510100D8C2002048C4002071
:10B1E000C8C2002070B53C4C82B000253B492046C7
:10B1F0004FF4C06608F0F2FC0921204609F076F809
:10B20000462228212B462046009509F0E9FADC2247
:10B210002B464FF4DC712046009509F0E1FA7723C4
:10B2200079227C21204609F0D9F82D4A1C23F021EF
:10B230002046CDE900624B2209F042F9294A1B233E
:10B240006E212046CDE90052692209F039F9264ADB
:10B250001B23B4212046CDE90052822209F030F9A7
:10B26000FF2320461A46194609F0B8F84FF4A0719A
:10B27000204608F0F1FC0921204609F037F89F210B
:10B28000204608F071FCB9222B46DC2120460095AF
:10B2900009F0A6FABC222B464FF487712046009590
:10B2A00009F09EFA772379227C21204609F096F84E
:10B2B0000E4A1C23F5212046CDE90062BB2209F08D
:10B2C000FFF894F820309F2B04D109492622094B1E
:10B2D0000D601A6002B070BD20990020F2F2F200F9
:10B2E00034150020E81400200C1500201C15002047
:10B2F000D8C20020E4C300202DE9F047704882B096
:10B3000009F01AFD6F4D6E4807F0DCFE322011F097
:10B31000A7FD2B68142B09D800240120013411F05B
:10B320009FFD2B68142B01D8192CF6D1644D0024F5
:10B33000654E4FF4C0682846644F07F08BFEFF232C
:10B3400028461A46194608F003FD284608F064FB13
:10B35000772379227C21284609F040F8FF232846EC
:10B360001A46194609F03AF80121284608F0BEFFAE
:10B37000224609234FF4C8712846009409F030FA98
:10B380004FF4A071284608F067FC0921284608F010
:10B39000ADFF4F49284608F021FC234646223221C2
:10B3A0002846009409F01CFA2346C82240F2AD1149
:10B3B0002846009409F014FA772379227C21284644
:10B3C00009F00CF832684D21424B284601FB02334C
:10B3D0001A22F021CDE900831E2309F071F83E4BBB
:10B3E00049225F212846CDE90083182309F068F837
:10B3F0003A4B692268212846CDE900831B2309F0D6
:10B400005FF833681B225F2107EB8313A32093EDC2
:10B41000010AF3F775FE324A1B2300940192C321FF
:10B420005F22284609F04CF833689B01FC58002C39
:10B4300062D12C4A1A235021284601927D22CDF850
:10B44000008009F03DF833687422642107EB831310
:10B450002846D3ED037A1A230094FCEEE77ACDED6B
:10B46000017A09F07FF8204A1A237B2128460192AD
:10B470000094742209F024F81C4B316840F2B63075
:10B4800033F81130A3F1320292B2824200F22083EB
:10B4900007EE903A9FED167AF8EEE77A87EE870A84
:10B4A0001A227421AA20F3F72BFE124A0023C82186
:10B4B0000348CDE900321A23742209F001F848E06C
:10B4C00020990020A089002078C30020A0870020B8
:10B4D000F2F2F2000C8D0020100900205C15002013
:10B4E000A00F00206815002070150020C8C20020A1
:10B4F00000007A44DC100020CD4A1B236821284636
:10B5000001927D22CDF8008008F0DAFFC94B316846
:10B5100040F2B63033F81130A3F1320292B28242D7
:10B5200000F2DD8207EE903A9FEDC37AF8EEE77AFB
:10B5300087EE870A1B227321AA20F3F7E1FDBF4A99
:10B540000023C821BE48CDE900321B23732208F036
:10B55000B7FFBC4A4FF4C0634C21B9480024DFF860
:10B56000F8A2DFF8F892DFF8F882CDE9003218236C
:10B570009D2208F0A5FFB24808F0BEFA33236622E8
:10B580000721AF4808F02AFF1023B6224221AC4819
:10B59000CDE9004A08F094FFA94808F0ADFA33233A
:10B5A00066220721A64808F019FF1223B1227F2145
:10B5B000A3480094CDF8049008F082FF1223B22231
:10B5C0009C219F480094CDF8048008F079FF9C48A6
:10B5D00008F05AFA3368B6226C2107EB83139848B7
:10B5E0005B69CDE90043102308F0BCFF3368B62245
:10B5F0008C2107EB831392489B69CDE9004310230C
:10B6000008F0B0FF8E4808F03FFA8D4808F074FA51
:10B6100056231722BD218A4808F0E0FE8A4BC42237
:10B620004221874801931023009408F049FF122318
:10B63000BF227F218248CDE9004908F041FF122353
:10B64000C2229C217E48CDE9004808F039FF3368CA
:10B65000C4226C2107EB83137948DB6ACDE90043F0
:10B66000102308F07FFF3368C4228C2107EB83137B
:10B6700073481B6BCDE90043102308F073FF70483B
:10B6800008F002FA6E4808F037FA332366220721E1
:10B690006B4808F0A3FE1023D22242216848CDE96E
:10B6A000004A08F00DFF1223CD227F216448CDE926
:10B6B000004908F005FF1223CE229C216048CDE905
:10B6C000004808F0FDFE3368D2226C2107EB83139B
:10B6D0005B481B6ACDE90043102308F043FF336841
:10B6E000D2228C2107EB831355485B6ACDE90043D6
:10B6F000102308F037FF524808F0C6F9504808F008
:10B70000FBF9772379227C214D4808F067FE4F4BE7
:10B71000C422AF214A4801931023009408F0D0FEC0
:10B720001223BF22EA214648CDE9004908F0C8FEAD
:10B730001223C22240F209114148CDF8048000943E
:10B7400008F0BEFE3368C422D72107EB83133C48C0
:10B750009B6BCDE90043102308F004FF3368C4223B
:10B76000F72107EB83133648DB6BCDE90043102349
:10B7700008F0F8FE324808F087F933689B01FE585C
:10B78000002E00F0C480012E10D1FF232C481A4651
:10B79000194608F023FE3146294808F0A7FD072383
:10B7A0006222F0212648009409F01AF8A0212448CA
:10B7B00008F052FA09212248002408F097FD902150
:10B7C0001F484FF4C06608F0CFF921491C4808F023
:10B7D00005FAEB2240F2A91123461948009408F01B
:10B7E000FFFF4FF4857223464FF4EE711448009426
:10B7F00008F0F6FFFF2312481A46194608F0EEFD3E
:10B80000144A1B2340F2C1110D48CDE90062FA220F
:10B8100008F056FEA0210A4808F01EFA092108483F
:10B8200008F064FD9121064808F09EF91AE000BF77
:10B8300074150020C8C2002000007A44DC100020EB
:10B840002099002040090020881500205C1300206A
:10B85000D9D9D900F807002080150020C81700208A
:10B8600084150020A449A54808F0B8F9042223460D
:10B87000A2481146009408F0B3FF23222346372143
:10B880009E48009408F0ACFFFF239C481A461946D6
:10B8900008F0A4FD9A491B2314229848CDE90061C1
:10B8A0001F2108F00DFE974B1B68012B00F00D8146
:10B8B0009248002408F04AFF9349944801230C6001
:10B8C000002493490460072492480C60662492493E
:10B8D0000460332491480C6040249149046096240C
:10B8E00095F820200C608F48912A8F4903600B60E7
:10B8F00007D0902A02D18D4B2B221A6002B0BDE8EE
:10B90000F0878A4B23221A6002B0BDE8F0877723C4
:10B9100079227C21794808F061FD1021774808F0F0
:10B920009BF90421754808F0E1FC33469222FA2184
:10B930007248009608F054FF3346922240F20911F3
:10B940006E48009608F04CFF33466B2240F2091116
:10B950006A48009608F044FF33466B224FF4877123
:10B960006648009608F03CFF334692224FF48771F8
:10B970006248009608F034FF3346922240F21311D9
:10B980005E48009608F02CFF33466B2240F21311FC
:10B990005A48009608F024FF33466B224FF48C710E
:10B9A0005648009608F01CFF334692224FF48C71E3
:10B9B0005248009608F014FF3346922240F21D11BF
:10B9C0004E48009608F00CFF33466B2240F21D11E2
:10B9D0004A48009608F004FF33466B224FF49171F9
:10B9E0004648009608F0FCFE334692224FF49171CF
:10B9F0004248009608F0F4FE3346922240F24F117E
:10BA00003E48009608F0ECFE33466B2240F24F11A0
:10BA10003A48009608F0E4FE33466B224FF4AA71D0
:10BA20003648009608F0DCFE334692224FF4AA71A5
:10BA30003248009608F0D4FE3346922240F2591163
:10BA40002E48009608F0CCFE33466B2240F2591186
:10BA50002A48009608F0C4FE33466B224FF4AF71BB
:10BA60002648009608F0BCFE334692224FF4AF7190
:10BA70002248009608F0B4FE3346922240F2631149
:10BA80001E48009608F0ACFE33466B2240F263116C
:10BA90001A48009608F0A4FE33466B224FF4B471A6
:10BAA0001648009608F09CFE334692224FF4B4717B
:10BAB0001248009608F094FE922233464FF4D97152
:10BAC0000E48009608F08CFE70E6FFF78BFBEFE661
:10BAD00089017B58012B09D09FED150AE0E489010B
:10BAE0007B58012B05D09FED120A23E59FED110A2B
:10BAF000D6E49FED100A1DE5D9D9D9002099002080
:10BB000064070020D8C20020F4C300202CC6002007
:10BB1000648C0020688C00206C8C0020188E002023
:10BB20001C8E0020E8C50020F0C50020E4C30020E2
:10BB3000CDCCCC3E3333B33E000000002F49304A19
:10BB40000B6812682F489B1A834202D92E4B0020A3
:10BB500018602C4BD1F800C0D3182C482C4AA3EB0A
:10BB60000C032C4907EE103A2B4B9FED226BB8EEDD
:10BB7000477B0360137827EE067B012BBCEEC77B67
:10BB800081ED007A14D072B64FF0010C40F299505A
:10BB900000234FF07E5182F800C050804FF47A703D
:10BBA00050609160137313615361936162B6704783
:10BBB000538840F299519BB28B42E4D15368B3F55C
:10BBC0007A7FE0D1F7EE007A92ED027AB4EE677AEE
:10BBD000F1EE10FAD7D1137B002BD4D11369002BCF
:10BBE000D1D15369002BCED19369002BCBD1DEE7A5
:10BBF000AFF30080FCA9F1D24D62503FF8C50020A0
:10BC0000F4C2002040771B00FC8D00202CC60020D1
:10BC1000A4890020048D00200020B344F0B5C14861
:10BC200083B009F089F8C04DBE4807F04BFA3220C6
:10BC300011F016F92B68142B09D8002401340120C7
:10BC400011F00EF92B68192C01D0142BF6D9B54D33
:10BC5000B64C284607F0FEF9FF2328461A46194637
:10BC600008F076F8284607F0D7FE772379227C2162
:10BC7000284608F0B3FB2368002B40F0B48100266F
:10BC80001A23FC2240F24311A648CDE9006608F0D1
:10BC900069FC21681A23FC22A248CDE900614FF417
:10BCA000A67108F05FFCA2490024A24E1A23FC22D0
:10BCB0009C48CDE9004140F2551108F001FC316883
:10BCC0001A23FC22092900F3868140F25911954874
:10BCD000CDE9004408F046FC31681A23FC22914863
:10BCE000CDE900414FF4B17108F03CFC0FF0F8FBD6
:10BCF00020B1914B1968002900F086818F480021FE
:10BD00001A23FC22CDE9001040F26911854808F0A1
:10BD1000D7FB8B4C2168092900F3528100261A2396
:10BD2000FC2240F28B117F48CDE9006608F01AFC36
:10BD300021681A23FC227B48CDE9006140F293116F
:10BD400008F010FC7F4E00247F4F1A23FC2240F2A3
:10BD50009B117448CDE9004608F0B2FB3A681A23FB
:10BD6000092A00F32481FC2240F2A1116D48CDE99B
:10BD7000004408F0F7FB3A681A2340F2A911694819
:10BD8000CDE90042FC2208F0EDFB00241A23FC223E
:10BD900040F2B11163486D4FCDE9004608F090FBC9
:10BDA0006B491A23FC2209684FF4C0665D48CDE94F
:10BDB000004140F2B71108F0D5FBFF2359481A465D
:10BDC000194608F00BFB0121564808F08FFA22466D
:10BDD00001234FF4C8715348009408F001FD4FF45B
:10BDE000A071504807F038FF09214E4808F07EFA4C
:10BDF00058494C4807F0F2FE234664228221494804
:10BE0000009408F0EDFC2346D2224FF4AF71454870
:10BE1000009408F0E5FC3A684F4977234148A1FBBC
:10BE200002127C2152093A60792208F0D7FA4B4B72
:10BE30008722F0213B48CDE900631F2308F040FB37
:10BE4000BE22474B11463748CDE90063172308F05F
:10BE500037FB3B68BE22F5213248CDE900631C2345
:10BE600008F080FB3F4BBE2240F227112D48CDE960
:10BE70000063172308F024FBA0212A4807F0ECFEFA
:10BE80000921284808F032FA0F21264807F06CFEF5
:10BE90003549244807F0A2FE0422234621481146D2
:10BEA000009408F09DFC2346232237211D4800946E
:10BEB00008F096FCFF231B481A46194608F08EFA34
:10BEC0002A4A2B4C1B231F211648CDE9006214225D
:10BED00008F0F6FA2368012B00F0A180114808F061
:10BEE00035FCFFF72BFE95F820300F2B01D10123F5
:10BEF0002360204A13687BB901201F49236010602A
:10BF00004FF4E16009681D4A1D4B116000211D4A74
:10BF10003860116004221A601B4B1A68002A44D151
:10BF200034E000BF20990020A089002030C3002009
:10BF30004C07002040C30020C0C20020580700204A
:10BF4000DCC200206007002050C30020048D0020C8
:10BF50003CC60020F2F2F200898888889015002003
:10BF60009C150020A8150020D9D9D900640700200D
:10BF70001CC3002020C30020F8C50020F4C200200C
:10BF8000E4C300202CC60020FC8D002025490120A0
:10BF9000254A096818604FF4E16011600021234AC6
:10BFA000234B1160042238601A6003B0F0BDCDE964
:10BFB000004240F29F11FC221E4808F0D3FAE4E64A
:10BFC00000201A23FC22CDE9000140F28911194812
:10BFD00008F0C8FAB6E6CDE90041164840F259111A
:10BFE00008F0C0FA82E60FF05BFA092820607FF7BC
:10BFF00046AE00211A23FC22CDE900104FF4A171B6
:10C00000284608F0AFFA4EE60B481A23FC22CDE989
:10C01000001040F26911074808F052FA79E6FEF77D
:10C0200055FD5BE7F8C50020F4C200202CC60020B7
:10C03000E4C300202099002050070020F0B5C0483C
:10C0400083B008F079FEBF4DBD4807F03BF83220C1
:10C0500010F006FF2B68142B09D8002401340120AE
:10C0600010F0FEFE2B68192C01D0142BF6D9B44D1C
:10C07000B54C284606F0EEFFFF2328461A4619461F
:10C0800007F066FE284607F0C7FC772379227C215B
:10C09000284608F0A3F92368002B40F0AD81002664
:10C0A0001A23FC2240F24311A548CDE9006608F0AE
:10C0B00059FA21681A23FC22A148CDE900614FF406
:10C0C000A67108F04FFAA1490024A14E1A23FC22C0
:10C0D0009B48CDE9004140F2551108F0F1F9316873
:10C0E0001A23FC22092900F37F8140F25911944858
:10C0F000CDE9004408F036FA31681A23FC22904852
:10C10000CDE900414FF4B17108F02CFA0FF0E8F9D5
:10C1100020B1904B1968002900F07F818E480021E2
:10C120001A23FC22CDE9001040F26911844808F07E
:10C13000C7F98A4C2168092900F34B8100261A238C
:10C14000FC2240F28B117E48CDE9006608F00AFA25
:10C1500021681A23FC227A48CDE9006140F293114C
:10C1600008F000FA7E4E00247E4F1A23FC2240F293
:10C170009B117348CDE9004608F0A2F93A681A23EA
:10C18000092A00F31D81FC2240F2A1116C48CDE97F
:10C19000004408F0E7F93A681A2340F2A911684808
:10C1A000CDE90042FC2208F0DDF900241A23FC222C
:10C1B00040F2B11162486C4FCDE9004608F080F9B9
:10C1C0006A491A23FC2209684FF4C0665C48CDE92D
:10C1D000004140F2B71108F0C5F94FF4A07158487A
:10C1E00007F03AFD0921564808F080F860495448A4
:10C1F00007F0F4FC2346642282215148009408F0A1
:10C20000EFFA2346D2224FF4AF714D48009408F064
:10C21000E7FA3A68574977234948A1FB02127C2183
:10C2200052093A60792208F0D9F8534B8722F0215D
:10C230004348CDE900631F2308F042F9BE224F4B6B
:10C2400011463F48CDE90063172308F039F93B68F0
:10C25000BE22F5213A48CDE900631C2308F082F99B
:10C26000474BBE2240F227113548CDE90063172322
:10C2700008F026F9FF2332481A46194608F0AEF8AE
:10C2800001212F4808F032F8224602234FF4C871EA
:10C290002B48009408F0A4FAA021294807F0DCFC00
:10C2A0000921274808F022F81E21254807F05CFCE8
:10C2B0003449234807F092FC0422234620481146C3
:10C2C000009408F08DFA2346232237211C4800945D
:10C2D00008F086FAFF231A481A46194608F07EF835
:10C2E000294A1B231F211648284CCDE9006214223D
:10C2F000274E08F0E5F8012323603368012B00F096
:10C3000097800F4808F022FAFFF718FC95F82030C4
:10C310001E2B01D101233360236863B91D4A01211B
:10C320003360216011681C4A1C4B11604FF4E161BD
:10C330000B2239601A601A4B1A68002A3ED131E08C
:10C3400020990020A089002030C300204C07002045
:10C3500040C30020C0C2002058070020DCC20020DB
:10C360006007002050C30020048D00203CC6002040
:10C37000F2F2F20089888888901500209C15002030
:10C38000A8150020D9D9D9006407002020C30020B7
:10C390001CC30020F8C50020F4C20020E4C3002024
:10C3A000FC8D002024490120244A0968186011608E
:10C3B0004FF4E161224B0B2239601A6003B0F0BDEB
:10C3C000CDE9004240F29F11FC221E4808F0CAF855
:10C3D000EBE600201A23FC22CDE9000140F289118E
:10C3E000184808F0BFF8BDE6CDE90041154840F215
:10C3F000591108F0B7F889E60FF052F809282060C3
:10C400007FF74DAE00211A23FC22CDE900104FF436
:10C41000A171284608F0A6F855E60B481A23FC221D
:10C42000CDE9001040F26911064808F049F880E6AD
:10C43000FEF74CFB65E700BFF8C50020F4C2002002
:10C44000E4C300202099002050070020F0B5C14827
:10C4500083B008F071FCC04DBE4806F033FE3220B8
:10C4600010F0FEFC2B68142B09D8002401340120A5
:10C4700010F0F6FC2B68192C01D0142BF6D9B54D11
:10C48000B64C284606F0E6FDFF2328461A46194614
:10C4900007F05EFC284607F0BFFA772379227C215B
:10C4A000284607F09BFF2368002B40F0B48100264C
:10C4B0001A23FC2240F24311A648CDE9006608F099
:10C4C00051F821681A23FC22A248CDE900614FF4FB
:10C4D000A67108F047F8A2490024A24E1A23FC22B4
:10C4E0009C48CDE9004140F2551107F0E9FF316861
:10C4F0001A23FC22092900F3868140F2591195483C
:10C50000CDE9004408F02EF831681A23FC22914846
:10C51000CDE900414FF4B17108F024F80EF0E0FFCE
:10C5200020B1914B1968002900F086818F480021C5
:10C530001A23FC22CDE9001040F26911854807F06A
:10C54000BFFF8B4C2168092900F3528100261A2372
:10C55000FC2240F28B117F48CDE9006608F002F81A
:10C5600021681A23FC227B48CDE9006140F2931137
:10C5700007F0F8FF7F4E00247F4F1A23FC2240F281
:10C580009B117448CDE9004607F09AFF3A681A23D8
:10C59000092A00F32481FC2240F2A1116D48CDE963
:10C5A000004407F0DFFF3A681A2340F2A9116948F6
:10C5B000CDE90042FC2207F0D5FF00241A23FC221B
:10C5C00040F2B11163486D4FCDE9004607F078FFA6
:10C5D0006B491A23FC2209684FF4C0665D48CDE917
:10C5E000004140F2B71107F0BDFFFF2359481A463A
:10C5F000194607F0F3FE0121564807F077FE224660
:10C6000003234FF4C8715348009408F0E9F84FF43D
:10C61000A071504807F020FB09214E4807F066FE44
:10C6200058494C4807F0DAFA2346642282214948E7
:10C63000009408F0D5F82346D2224FF4AF71454854
:10C64000009408F0CDF83A684F4977234148A1FBA0
:10C6500002127C2152093A60792207F0BFFE4B4B4F
:10C660008722F0213B48CDE900631F2307F028FF14
:10C67000BE22474B11463748CDE90063172307F028
:10C680001FFF3B68BE22F5213248CDE900631C2321
:10C6900007F068FF3F4BBE2240F227112D48CDE93D
:10C6A0000063172307F00CFFA0212A4807F0D4FAF3
:10C6B0000921284807F01AFE2C21264807F054FAD1
:10C6C0003549244807F08AFA0422234621481146B6
:10C6D000009408F085F82346232237211D48009452
:10C6E00008F07EF8FF231B481A46194607F076FE2D
:10C6F0002A4A2B4C1B231F211648CDE90062142225
:10C7000007F0DEFE2368012B00F0A180114808F03D
:10C710001DF8FFF713FA95F820302C2B01D10123D7
:10C720002360204A13687BB901201F4923601060F1
:10C730004FF4E16009681D4A1D4B116012211D4A2A
:10C740003860116000221A601B4B1A68002A44D11D
:10C7500034E000BF20990020A089002030C30020D1
:10C760004C07002040C30020C0C200205807002012
:10C77000DCC200206007002050C30020048D002090
:10C780003CC60020F2F2F2008988888890150020CB
:10C790009C150020A8150020D9D9D90064070020D5
:10C7A0001CC3002020C30020F8C50020F4C20020D4
:10C7B0002CC60020E4C30020FC8D00202549012068
:10C7C000254A096818604FF4E16011600021234A8E
:10C7D000234B1160122238601A6003B0F0BDCDE91E
:10C7E000004240F29F11FC221E4807F0BBFEE4E627
:10C7F00000201A23FC22CDE9000140F289111948DA
:10C8000007F0B0FEB6E6CDE90041164840F25911F6
:10C8100007F0A8FE82E60EF043FE092820607FF7AD
:10C8200046AE00211A23FC22CDE900104FF4A1717D
:10C83000284607F097FE4EE60B481A23FC22CDE966
:10C84000001040F26911074807F03AFE79E6FEF75A
:10C850003DF95BE7F8C50020F4C200202CC600209B
:10C86000E4C300202099002050070020F0B5C04804
:10C8700083B008F061FABF4DBD4806F023FC3220BA
:10C8800010F0EEFA2B68142B09D800240134012093
:10C8900010F0E6FA2B68192C01D0142BF6D9B44D00
:10C8A000B54C284606F0D6FBFF2328461A46194603
:10C8B00007F04EFA284607F0AFF8772379227C215B
:10C8C000284607F08BFD2368002B40F0AD81002641
:10C8D0001A23FC2240F24311A548CDE9006607F077
:10C8E00041FE21681A23FC22A148CDE900614FF4E2
:10C8F000A67107F037FEA1490024A14E1A23FC229D
:10C900009B48CDE9004140F2551107F0D9FD31684F
:10C910001A23FC22092900F37F8140F2591194481F
:10C92000CDE9004407F01EFE31681A23FC2290482E
:10C93000CDE900414FF4B17107F014FE0EF0D0FDC7
:10C9400020B1904B1968002900F07F818E480021AA
:10C950001A23FC22CDE9001040F26911844807F047
:10C96000AFFD8A4C2168092900F34B8100261A2368
:10C97000FC2240F28B117E48CDE9006607F0F2FD03
:10C9800021681A23FC227A48CDE9006140F2931114
:10C9900007F0E8FD7E4E00247E4F1A23FC2240F271
:10C9A0009B117348CDE9004607F08AFD3A681A23C7
:10C9B000092A00F31D81FC2240F2A1116C48CDE947
:10C9C000004407F0CFFD3A681A2340F2A9116848E5
:10C9D000CDE90042FC2207F0C5FD00241A23FC2209
:10C9E00040F2B11162486C4FCDE9004607F068FD96
:10C9F0006A491A23FC2209684FF4C0665C48CDE9F5
:10CA0000004140F2B71107F0ADFDFF2358481A4628
:10CA1000194607F0E3FC0121554807F067FC224660
:10CA200006234FF4C8715248009407F0D9FE4FF422
:10CA3000A0714F4807F010F909214D4807F056FC46
:10CA400057494B4807F0CAF82346642282214848D8
:10CA5000009407F0C5FE2346D2224FF4AF7144483C
:10CA6000009407F0BDFE3A684E4977234048A1FB89
:10CA700002127C2152093A60792207F0AFFC4A4B3E
:10CA80008722F0213A48CDE900631F2307F018FD03
:10CA9000BE22464B11463648CDE90063172307F006
:10CAA0000FFD3B68BE22F5213148CDE900631C2310
:10CAB00007F058FD3E4BBE2240F227112C48CDE92D
:10CAC0000063172307F0FCFCA021294807F0C4F8F5
:10CAD0000921274807F00AFCAD21254807F044F852
:10CAE0003449234807F07AF80422234620481146A7
:10CAF000009407F075FE2346232237211C4800943A
:10CB000007F06EFEFF231A481A46194607F066FC26
:10CB1000294A1B231F211648284CCDE90062142204
:10CB2000274E07F0CDFC012323603368012B00F072
:10CB300097800F4807F00AFEFFF700F895F82030BD
:10CB4000AD2B01D101233360236863B91D4A012154
:10CB50003360216011681C4A1C4B11604FF4E16185
:10CB6000192239601A601A4B1A68002A3ED131E046
:10CB700020990020A089002030C300204C0700200D
:10CB800040C30020C0C2002058070020DCC20020A3
:10CB90006007002050C30020048D00203CC6002008
:10CBA000F2F2F20089888888901500209C150020F8
:10CBB000A8150020D9D9D9006407002020C300207F
:10CBC0001CC30020F8C50020F4C20020E4C30020EC
:10CBD000FC8D002024490120244A09681860116056
:10CBE0004FF4E161224B192239601A6003B0F0BDA5
:10CBF000CDE9004240F29F11FC221E4807F0B2FC32
:10CC0000EBE600201A23FC22CDE9000140F2891155
:10CC1000184807F0A7FCBDE6CDE90041154840F2F1
:10CC2000591107F09FFC89E60EF03AFC09282060B4
:10CC30007FF74DAE00211A23FC22CDE900104FF4FE
:10CC4000A171284607F08EFC55E60B481A23FC22FA
:10CC5000CDE9001040F26911064807F031FC80E68A
:10CC6000FDF734FF65E700BFF8C50020F4C20020DF
:10CC7000E4C300202099002050070020F0B5C148EF
:10CC800083B008F059F8C04DBE4806F01BFA3220B8
:10CC900010F0E6F82B68142B09D800240134012089
:10CCA00010F0DEF82B68192C01D0142BF6D9B54DF5
:10CCB000B64C284606F0CEF9FF2328461A461946F8
:10CCC00007F046F8284606F0A7FE772379227C2154
:10CCD000284607F083FB2368002B40F0B481002630
:10CCE0001A23FC2240F24311A648CDE9006607F062
:10CCF00039FC21681A23FC22A248CDE900614FF4D7
:10CD0000A67107F02FFCA2490024A24E1A23FC2290
:10CD10009C48CDE9004140F2551107F0D1FB316844
:10CD20001A23FC22092900F3868140F25911954803
:10CD3000CDE9004407F016FC31681A23FC22914823
:10CD4000CDE900414FF4B17107F00CFC0EF0C8FBC7
:10CD500020B1914B1968002900F086818F4800218D
:10CD60001A23FC22CDE9001040F26911854807F032
:10CD7000A7FB8B4C2168092900F3528100261A2356
:10CD8000FC2240F28B117F48CDE9006607F0EAFBF8
:10CD900021681A23FC227B48CDE9006140F29311FF
:10CDA00007F0E0FB7F4E00247F4F1A23FC2240F265
:10CDB0009B117448CDE9004607F082FB3A681A23BC
:10CDC000092A00F32481FC2240F2A1116D48CDE92B
:10CDD000004407F0C7FB3A681A2340F2A9116948DA
:10CDE000CDE90042FC2207F0BDFB00241A23FC22FF
:10CDF00040F2B11163486D4FCDE9004607F060FB8A
:10CE00006B491A23FC2209684FF4C0665D48CDE9DE
:10CE1000004140F2B71107F0A5FBFF2359481A461D
:10CE2000194607F0DBFA0121564807F05FFA22465F
:10CE300005234FF4C8715348009407F0D1FC4FF418
:10CE4000A071504806F008FF09214E4807F04EFA3D
:10CE500058494C4806F0C2FE2346642282214948C4
:10CE6000009407F0BDFC2346D2224FF4AF71454831
:10CE7000009407F0B5FC3A684F4977234148A1FB7D
:10CE800002127C2152093A60792207F0A7FA4B4B33
:10CE90008722F0213B48CDE900631F2307F010FBF8
:10CEA000BE22474B11463748CDE90063172307F0F0
:10CEB00007FB3B68BE22F5213248CDE900631C2305
:10CEC00007F050FB3F4BBE2240F227112D48CDE921
:10CED0000063172307F0F4FAA0212A4806F0BCFEED
:10CEE0000921284807F002FA8821264806F03CFE6E
:10CEF0003549244806F072FE042223462148114693
:10CF0000009407F06DFC2346232237211D4800942E
:10CF100007F066FCFF231B481A46194607F05EFA25
:10CF20002A4A2B4C1B231F211648CDE900621422EC
:10CF300007F0C6FA2368012B00F0A180114807F022
:10CF400005FCFEF7FBFD95F82030882B01D101236D
:10CF50002360204A13687BB901201F4923601060B9
:10CF60004FF4E16009681D4A1D4B11602F211D4AD5
:10CF70003860116000221A601B4B1A68002A44D1E5
:10CF800034E000BF20990020A089002030C3002099
:10CF90004C07002040C30020C0C2002058070020DA
:10CFA000DCC200206007002050C30020048D002058
:10CFB0003CC60020F2F2F200898888889015002093
:10CFC0009C150020A8150020D9D9D900640700209D
:10CFD0001CC3002020C30020F8C50020F4C200209C
:10CFE0002CC60020E4C30020FC8D00202549012030
:10CFF000254A096818604FF4E16011600021234A56
:10D00000234B11602F2238601A6003B0F0BDCDE9C8
:10D01000004240F29F11FC221E4807F0A3FAE4E60A
:10D0200000201A23FC22CDE9000140F289111948A1
:10D0300007F098FAB6E6CDE90041164840F25911DA
:10D0400007F090FA82E60EF02BFA092820607FF7AD
:10D0500046AE00211A23FC22CDE900104FF4A17145
:10D06000284607F07FFA4EE60B481A23FC22CDE94A
:10D07000001040F26911074807F022FA79E6FDF73F
:10D0800025FD5BE7F8C50020F4C200202CC6002077
:10D09000E4C300202099002050070020F0B5C148CB
:10D0A00083B007F049FEC04DBE4806F00BF83220B1
:10D0B0000FF0D6FE2B68142B09D800240134012070
:10D0C0000FF0CEFE2B68192C01D0142BF6D9B54DDC
:10D0D000B64C284605F0BEFFFF2328461A461946DF
:10D0E00006F036FE284606F097FC772379227C214D
:10D0F000284607F073F92368002B40F0B48100261E
:10D100001A23FC2240F24311A648CDE9006607F03D
:10D1100029FA21681A23FC22A248CDE900614FF4C4
:10D12000A67107F01FFAA2490024A24E1A23FC227E
:10D130009C48CDE9004140F2551107F0C1F9316832
:10D140001A23FC22092900F3868140F259119548DF
:10D15000CDE9004407F006FA31681A23FC22914811
:10D16000CDE900414FF4B17107F0FCF90EF0B8F9C8
:10D1700020B1914B1968002900F086818F48002169
:10D180001A23FC22CDE9001040F26911854807F00E
:10D1900097F98B4C2168092900F3528100261A2344
:10D1A000FC2240F28B117F48CDE9006607F0DAF9E6
:10D1B00021681A23FC227B48CDE9006140F29311DB
:10D1C00007F0D0F97F4E00247F4F1A23FC2240F253
:10D1D0009B117448CDE9004607F072F93A681A23AA
:10D1E000092A00F32481FC2240F2A1116D48CDE907
:10D1F000004407F0B7F93A681A2340F2A9116948C8
:10D20000CDE90042FC2207F0ADF900241A23FC22EC
:10D2100040F2B11163486D4FCDE9004607F050F977
:10D220006B491A23FC2209684FF4C0665D48CDE9BA
:10D23000004140F2B71107F095F9FF2359481A460B
:10D24000194607F0CBF80121564807F04FF822465F
:10D2500009234FF4C8715348009407F0C1FA4FF402
:10D26000A071504806F0F8FC09214E4807F03EF83E
:10D2700058494C4806F0B2FC2346642282214948B2
:10D28000009407F0ADFA2346D2224FF4AF7145481F
:10D29000009407F0A5FA3A684F4977234148A1FB6B
:10D2A00002127C2152093A60792207F097F84B4B21
:10D2B0008722F0213B48CDE900631F2307F000F9E6
:10D2C000BE22474B11463748CDE90063172307F0CC
:10D2D000F7F83B68BE22F5213248CDE900631C23F4
:10D2E00007F040F93F4BBE2240F227112D48CDE90F
:10D2F0000063172307F0E4F8A0212A4806F0ACFCED
:10D300000921284806F0F2FF9321264806F02CFC5C
:10D310003549244806F062FC042223462148114680
:10D32000009407F05DFA2346232237211D4800941C
:10D3300007F056FAFF231B481A46194607F04EF825
:10D340002A4A2B4C1B231F211648CDE900621422C8
:10D3500007F0B6F82368012B00F0A180114807F010
:10D36000F5F9FEF7EBFB95F82030932B01D1012363
:10D370002360204A13687BB901201F492360106095
:10D380004FF4E16009681D4A1D4B116000211D4AE0
:10D390003860116029221A601B4B1A68002A44D198
:10D3A00034E000BF20990020A089002030C3002075
:10D3B0004C07002040C30020C0C2002058070020B6
:10D3C000DCC200206007002050C30020048D002034
:10D3D0003CC60020F2F2F20089888888901500206F
:10D3E0009C150020A8150020D9D9D9006407002079
:10D3F0001CC3002020C30020F8C50020F4C2002078
:10D40000E4C300202CC60020FC8D0020254901200B
:10D41000254A096818604FF4E16011600021234A31
:10D42000234B1160292238601A6003B0F0BDCDE9AA
:10D43000004240F29F11FC221E4807F093F8E4E6F8
:10D4400000201A23FC22CDE9000140F2891119487D
:10D4500007F088F8B6E6CDE90041164840F25911C8
:10D4600007F080F882E60EF01BF8092820607FF7AD
:10D4700046AE00211A23FC22CDE900104FF4A17121
:10D48000284607F06FF84EE60B481A23FC22CDE938
:10D49000001040F26911074807F012F879E6FDF72D
:10D4A00015FB5BE7F8C50020F4C200202CC6002065
:10D4B000E4C30020209900205007002030B52E4BF7
:10D4C00087B02E4C1A6820682D49121A8A4218D843
:10D4D0002C4D1A682968521A2B498A421FD80023FA
:10D4E000B6EE000A4FF47A7240F29951022000938E
:10D4F000CDE90133F1F7CEFB07B0BDE83040F1F7DD
:10D5000047BE1A68214822600268196801321D4D21
:10D5100002601A682960521A1B498A42DFD91B4BE4
:10D5200040F21C5105A81A68059204220FF08AFFE8
:10D53000114B1A682A6011F041FA154A1278002A34
:10D54000CDD0144A1278D307C9D513490A4B1A68AB
:10D550000968521A0E2AC2D911F0BEF9FF28064BEB
:10D56000BDDD1868094A23681268C31A0B490C48C4
:10D570000FF000FAB3E700BFF8C50020E4C20020B6
:10D58000005C2605F0C20020A0BB0D00888C0020A6
:10D5900066C6002065C6002020C60020B415002005
:10D5A000888900202DE9F041C64884B007F0C4FB0B
:10D5B000C54DC44805F086FD32200FF051FC2B68A4
:10D5C000142B09D80024013401200FF049FC2B68EA
:10D5D000192C01D0142BF6D9BA4EBC4C304605F0AC
:10D5E00039FDFF2330461A46194606F0B1FB304696
:10D5F00006F012FA772379227C21304606F0EEFEFF
:10D600002368002B40F0808200251A230622042183
:10D61000AC48CDE9005506F0A5FF21681A23062283
:10D62000A848CDE900510E2106F09CFFA84900242E
:10D63000A84D1A230622A348CDE90041172106F080
:10D640003FFF29681A230622092900F356821C216C
:10D650009C48CDE9004406F085FF29681A2306227C
:10D660009848CDE90041252106F07CFF0DF038FFF8
:10D6700020B1994B1968002900F056829748002183
:10D680001A230622CDE900102B218E4806F018FF40
:10D69000934C2168092900F3268200251A230622CB
:10D6A0004B218848CDE9005506F05CFF21681A231C
:10D6B00006228448CDE90051552106F053FF894DDB
:10D6C0000024894F1A2306225D217E48CDE90045BA
:10D6D00006F0F6FE3A681A23092A00F3FC810622B6
:10D6E00063217848CDE9004406F03CFF3A681A23EC
:10D6F0006B217448CDE90042062206F033FF002476
:10D700001A23062273216F48784FDFF80C82CDE987
:10D71000004506F0D5FE76491A23062209684FF423
:10D72000C0656848CDE90041792106F01BFF7723E9
:10D7300079227C21634806F051FE6E4A172340F29D
:10D7400063116048CDE90052492206F0B9FE6A4AE9
:10D750001A234FF4B6715B48CDE90052642206F0FB
:10D76000AFFE664A1A234FF4B6715648CDE900520F
:10D770007D2206F0A5FE624A172340F24F11514860
:10D78000CDE90052952206F09BFE5E494D4806F019
:10D7900025FA5D4A1A234FF4AD714A48CDE900528B
:10D7A000AD2206F08DFE4FF4A071464806F054FA03
:10D7B0000921444806F09AFD5449424806F00EFA01
:10D7C0004122234628213F48009407F009F8B92256
:10D7D0002346D2213B48009407F002F877237922B0
:10D7E0007C21384806F0FAFD494A1C23302135488F
:10D7F000CDE90052502206F063FE00953B685022AE
:10D800004C21304801931C2306F0ACFE414B5022C2
:10D810009A212C48CDE900531C2306F051FE7723B2
:10D8200079227C21274806F0D9FD1021254806F0F1
:10D8300013FA0421234806F059FD2346AE22242181
:10D840002048009406F0CCFF2346AE2233211D4829
:10D85000009406F0C5FF2346912233211948009415
:10D8600006F0BEFF2346912251211648009406F08F
:10D87000B7FF2346AE2251211248009406F0B0FFB4
:10D880002346AE226F210F48009406F0A9FF2346DD
:10D8900091226F210B48009406F0A2FF23469122AB
:10D8A0008D210848009406F09BFF2346AE228D216F
:10D8B0000448009406F094FF2346AE22AB210148B1
:10D8C00000942BE020990020A089002030C3002084
:10D8D0004C07002040C30020C0C200205807002091
:10D8E000DCC200206007002050C30020888C00208C
:10D8F0003CC60020100900201C0900202C09002033
:10D900004009002058D75A0048090020F2F2F200DE
:10D91000EC150020F0150020ECC5002006F060FF9B
:10D9200023469122AB219D48009406F059FF2346DF
:10D930009122C9219948009406F052FF2346AE2255
:10D94000C9219648009406F04BFF2346AE22D82109
:10D950009248009406F044FF9149904806F03EF941
:10D9600098218E4806F0B6F902218C4806F0BEFCDC
:10D970008C4B00941A888C4B88481988234606F0F3
:10D980002FFFFF2385481A46194606F027FD01217F
:10D99000824806F0ABFC012322464FF4C8717F4851
:10D9A000009406F01DFF4FF4A0717C4806F054F976
:10D9B00009217A4806F09AFC1521784806F0D4F837
:10D9C0007A49764806F00AF92346D72240F2131125
:10D9D0007248009406F004FF2346DA2240F2451113
:10D9E0006E48009406F0FCFEFF236C481A46194668
:10D9F00006F0F4FC6E4BD8224FF495716748CDE9E0
:10DA000000531C2306F05CFD4FF4A071634806F040
:10DA100023F90921614806F069FC16215F4806F0E8
:10DA2000A3F862495D4806F0D9F82346D72240F2B0
:10DA300081115A48009406F0D3FE2346DA2240F2C0
:10DA4000B3115648009406F0CBFEFF2353481A4604
:10DA5000194606F0C3FC574A1C2340F29B114F485D
:10DA6000CDE90052D82206F02BFDD8F80030012B6A
:10DA700000F09180F1F7D2FB484806F067FEFFF70F
:10DA80001DFD96F82030162B02D10123C8F8003076
:10DA9000494B4A4D1C682A68A24207D02C60E4B268
:10DAA000642021460FF02EFC434B2C60444A14683E
:10DAB000002C43D096F82020152A09D10022414895
:10DAC000414C0260002041492260072208601A6030
:10DAD00004B0BDE8F081CDE90042612106222F4863
:10DAE00006F040FD0BE600201A230622CDE90001D6
:10DAF0004B212A4806F036FDE1E5CDE900412748F3
:10DB00001B2106F02FFDB1E50DF0CAFC09282060AD
:10DB10007FF77AAD00211A230622CDE900100421F7
:10DB2000304606F01FFD81E529481A230622CDE97B
:10DB300000102B21194806F0C3FCA9E52549C8F8B7
:10DB400000404FF001080868C2F80080224AC7F878
:10DB5000008010600868214A10600868204A09683F
:10DB6000106064201F4A11600021174A1460154A92
:10DB70001460164A116021460FF0C4FB042240F2E3
:10DB80001C5103A82C60CDF80C800FF05BFC042224
:10DB9000094B1A608EE7FDF75DF86BE720990020CE
:10DBA0002417BD001C8E0020188E0020D9D9D90062
:10DBB0000016002008160020E4C30020E8C300205F
:10DBC000F0C50020F0C30020ECC300202CC60020CC
:10DBD00050070020F8C50020E4C20020E8C2002061
:10DBE000ECC20020F0C2002070B5334C86B0334D3B
:10DBF00023682968324A5B1A93421BD8314E236846
:10DC000032689B1A304A934222D83048B6EE000A56
:10DC10002F4C012300904FF47A7240F26661CDE9F7
:10DC200001400220F1F736F82A4806B0BDE87040FE
:10DC3000F1F772B8284920680B6822680133214E39
:10DC400028600B60236832609B1A1F4A9342DCD91C
:10DC5000214B04224FF4A46105A81B6805930FF023
:10DC6000F1FB2A6805A823684FF4A7619B1A0422D8
:10DC700005930FF0E7FB2368336010F09FFE174B0E
:10DC80001B78002BC1D0164B1B78DB07BDD5154A7E
:10DC9000236812689B1A0E2BB7D910F01DFEFF28BF
:10DCA000B3DD20682B680C4AC31A0F4912680F486D
:10DCB0000EF060FEA9E700BFF8C50020E4C2002016
:10DCC000005C2605F0C20020A0BB0D0000DD6D0049
:10DCD00000BADB00F48D0020708C002066C60020A6
:10DCE00065C6002020C6002010160020888900206C
:10DCF000000000002DE9F04FCA4885B007F01CF87D
:10DD0000C94DC84805F0DEF932200FF0A9F82B689C
:10DD1000142B09D80024013401200FF0A1F82B683E
:10DD2000192C01D0142BF6D9BE4EC04C304605F04C
:10DD300091F9FF2330461A46194606F009F8304695
:10DD400005F06AFE772379227C21304606F046FBF7
:10DD50002368002B40F08B8300251A230622042120
:10DD6000B048CDE9005506F0FDFB21681A230622D4
:10DD7000AC48CDE900510E2106F0F4FBAC4900247B
:10DD8000AC4D1A230622A748CDE90041172106F021
:10DD900097FB29681A230622092900F361831C21B5
:10DDA000A048CDE9004406F0DDFB29681A230622CD
:10DDB0009C48CDE90041252106F0D4FB0DF090FBF5
:10DDC00020B19D4B1968002900F061839B48002118
:10DDD0001A230622CDE900102B21924806F070FB91
:10DDE000974C2168092900F3318300251A23062264
:10DDF0004B218C48CDE9005506F0B4FB21681A236D
:10DE000006228848CDE90051552106F0ABFB8D4D27
:10DE100000248D4F1A2306225D218248CDE900455A
:10DE200006F04EFB3A681A23092A00F307830622FC
:10DE300063217C48CDE9004406F094FB3A681A233C
:10DE40006B217848CDE90042062206F08BFB0024C6
:10DE50001A23062273217348DFF83492DFF83482E4
:10DE60007A4FDFF834A2DFF834B2CDE9004506F08E
:10DE700027FB77491A23062209684FF4C0656948D1
:10DE8000CDE90041792106F06DFB772379227C21D1
:10DE9000644806F0A3FA6F4A182340F26311614800
:10DEA000CDE90052492206F00BFB6B4A1B234FF4CD
:10DEB000B6715C48CDE90052642206F001FB674A66
:10DEC0001B234FF4B6715748CDE900527D2206F06E
:10DED000F7FA634A182340F24F115248CDE9005235
:10DEE000952206F0EDFA5F494E4805F077FE5E4A4E
:10DEF0001A234FF48A714B48CDE90052AD2206F047
:10DF0000DFFA5A49474805F069FE594A1A234FF487
:10DF1000A1714448CDE90052AD2206F0D1FA514931
:10DF2000404805F05BFE534A1A234FF4BA713D484E
:10DF3000CDE90052AD2206F0C3FA4C49394805F04C
:10DF40004DFE4D4A1A234FF4D8713648CDE90052A0
:10DF5000AD2206F0B5FA4FF4A071324805F07CFE10
:10DF60000921304806F0C2F944492E4805F036FE32
:10DF70004122234624212B48009406F031FCB9228B
:10DF80002346E6212748009406F02AFC3C4B9FEDEF
:10DF90003D7A7922D3ED007A7C2177232148B7EEB0
:10DFA000E73AC7EE876A9FED1B4B9FED1C5B83EE44
:10DFB000047BFDEEE66AB8EEE66AC9ED006AB7EEEC
:10DFC000C66A37EE467B27EE057BBDEEC77B88ED44
:10DFD000007A06F003FA2C4B5022362111480193A7
:10DFE0001C23009506F06CFA009538681C2350221B
:10DFF000522101900B4806F0B5FA244B5022A02183
:10E00000084801931C23009506F05AFA48E000BF27
:10E01000AFF30080000000000020AC4000000000D2
:10E0200000004E4020990020A089002030C300202D
:10E030004C07002040C30020C0C200205807002029
:10E04000DCC200206007002050C30020708C00203C
:10E050003CC60020100900201C0900202C090020CB
:10E060004009002058D75A009C0B0020585FD70069
:10E07000A40B0020B00B0020B80B0020F2F2F2003D
:10E08000F48D002000006145EC150020F015002003
:10E0900028C3002044C30020688C0020648C00202A
:10E0A000C54B75224821C54801931B23009506F0F6
:10E0B00007FAD9F8003075228121C048DFF81C9397
:10E0C000CDE900531B2306F04DFABD4B7522A2216A
:10E0D000BA4801931B23009506F0F2F9D8F80030F6
:10E0E0007522C521B548DFF8F882CDE900531B231E
:10E0F00006F038FAB34B7522E321B048CDE900535E
:10E100001B2306F0DDF9772379227C21AB4806F04A
:10E1100065F91021A94805F09FFD0421A74806F0E4
:10E12000E5F82346C2222421A448009406F058FBB7
:10E130002346C2223321A148009406F051FB234616
:10E14000A52233219D48009406F04AFB2346A522D0
:10E1500038219A48009406F043FB2346C222382116
:10E160009648009406F03CFB2346C2223D2193488A
:10E17000009406F035FB2346A5223D218F480094EC
:10E1800006F02EFB2346A52242218C48009406F07F
:10E1900027FB2346C22242218848009406F020FB38
:10E1A0002346C22247218548009406F019FB2346E6
:10E1B000A52247218148009406F012FB2346A522A0
:10E1C0004C217E48009406F00BFB2346C2224C21D2
:10E1D0007A48009406F004FB2346C222792177484E
:10E1E000009406F0FDFA2346A52279217348009495
:10E1F00006F0F6FA2346A5227E217048009406F028
:10E20000EFFA2346C2227E216C48009406F0E8FA19
:10E210002346C22283216948009406F0E1FA23468E
:10E22000A52283216548009406F0DAFA2346A52248
:10E2300088216248009406F0D3FA2346C22288213E
:10E240005E48009406F0CCFA2346C2228D215B483A
:10E25000009406F0C5FA2346A5228D215748009464
:10E2600006F0BEFA2346A52292215448009406F0F7
:10E27000B7FA2346C22292215048009406F0B0FA21
:10E280002346C222DC214D48009406F0A9FA99F8F1
:10E2900000309AF8002049489BF8001006F09EF8DC
:10E2A0009821464805F016FD0221444806F01EF864
:10E2B000454A46492346009440481288098806F09A
:10E2C0008FFAFF233D481A46194606F087F80121C8
:10E2D0003A4806F00BF8022322464FF4C87137483B
:10E2E000009406F07DFA4FF4A071344805F0B4FCB8
:10E2F0000921324805F0FAFF2421304805F034FCAA
:10E3000033492E4805F06AFC2346D72240F2131108
:10E310002A48009406F064FA2346DA2240F24511B6
:10E320002648009406F05CFAFF2324481A46194652
:10E3300006F054F8274BD8224FF495711F480193EB
:10E340001C23009506F0BCF84FF4A0711B4805F0A3
:10E3500083FC0921194805F0C9FF2521174805F05C
:10E3600003FC1B49154805F039FC2346D72240F22F
:10E3700081111248009406F033FA2346DA2240F263
:10E38000B3110E48009406F02BFAFF230B481A46EF
:10E39000194606F023F8104BD82240F29B11019346
:10E3A0001C230648009506F08BF8D8F80030012BA6
:10E3B00000F0B08016E000BF4C160020209900202D
:10E3C0005C160020481300201C8E0020188E0020B0
:10E3D000D9D9D90000160020081600206C8C002026
:10E3E000ECC50020F0F71AFF4C4806F0AFF9FFF734
:10E3F000FBFB96F82030252B02D10123C8F8003012
:10E40000474B484D1C682868A04207D02C60E4B2F6
:10E41000642021460EF076FF414B2C6042490C6887
:10E42000002C3ED096F82020242A04D13F49002019
:10E430000E2208601A6005B0BDE8F08FCDE90042F9
:10E4400061210622354806F08DF800E500201A23E8
:10E450000622CDE900014B21304806F083F8D6E4CE
:10E46000CDE900412D481B2106F07CF8A6E40DF013
:10E4700017F8092820607FF76FAC00211A230622C5
:10E48000CDE900100421304606F06CF876E4284807
:10E490001A230622CDE900102B21204806F010F89F
:10E4A0009EE4244A0120244B086038602349106808
:10E4B000C8F80040086010681168214A10606420A4
:10E4C000204A116007220021CBF800206622CAF8FA
:10E4D00000203322C9F8002040221A6096221A4BED
:10E4E0001A60124A116021460EF00CFF3A684FF490
:10E4F000A46103A8039204222C600EF0A3FF04225F
:10E5000003A84FF4A76103940EF09CFF0B22044B69
:10E510001A6087E7FCF79EFB64E700BF20990020A4
:10E52000E4C30020E8C30020F0C500202CC6002072
:10E5300050070020F8C50020188E0020E4C20020FB
:10E54000E8C20020ECC200201C8E002030B52F4B0A
:10E5500087B02F4C1A6820682E49121A8A421BD89D
:10E560002D4D1A682968521A2C498A4222D8002354
:10E57000B6EE000A41F2883240F29951032000932E
:10E58000CDE90133F0F786FBBE226E21244807B0A7
:10E59000BDE83040F0F7AABE1A682248226002683F
:10E5A000196801321C4D02601A682960521A1B4911
:10E5B0008A42DCD91B4B40F2245105A81A68059207
:10E5C00004220EF03FFF114B1A682A6010F0F6F992
:10E5D000154A1278002ACAD0144A1278D307C6D531
:10E5E00013490A4B1A680968521A0E2ABFD910F04B
:10E5F00073F9FF28054BBADD18680A4A23681268C8
:10E60000C31A0C490C480EF0B5F9B0E7F8C5002064
:10E61000E4C20020005C2605F0C20020A0BB0D0073
:10E62000F8C30020808C002066C6002065C600204C
:10E6300020C6002064160020888900202DE9F041C2
:10E64000C94884B006F078FBC84DC74804F03AFDCD
:10E6500032200EF005FC2B68142B09D8002401345D
:10E6600001200EF0FDFB2B68192C01D0142BF6D9DC
:10E67000BD4EBF4C304604F0EDFCFF2330461A4639
:10E68000194605F065FB304605F0C6F97723792277
:10E690007C21304605F0A2FE2368002B40F0148256
:10E6A00000251A23FC224FF4AD71AF48CDE9005587
:10E6B00005F058FF21681A23FC22AB48CDE9005130
:10E6C0004FF4B27105F04EFFAA490024AA4D1A2357
:10E6D000FC22A548CDE900414FF4B77105F0F0FEEA
:10E6E00029681A23FC22092900F3E68140F27311FC
:10E6F0009D48CDE9004405F035FF29681A23FC2226
:10E700009948CDE900414FF4BE7105F02BFF9B4CB9
:10E710002168092900F3C58100251A23FC224FF442
:10E72000C6719148CDE9005505F01CFF21681A23F8
:10E73000FC228D48CDE900514FF4CB7105F012FF5A
:10E740008F4D00248F4F1A23FC224FF4CF7186483F
:10E75000CDE9004505F0B4FE3A681A23092A00F312
:10E760009781FC224FF4D2717F48CDE9004405F037
:10E77000F9FE3A681A234FF4D6717B48CDE900427E
:10E78000FC2205F0EFFE00241A23FC224FF4DA717C
:10E7900075487D4FDFF82C82CDE9004505F090FEED
:10E7A0007A491A23FC2209684FF4C0656E48CDE906
:10E7B00000414FF4DD7105F0D5FE772379227C21ED
:10E7C000694805F00BFE724A172340F26311664850
:10E7D000CDE90052492205F073FE6E4A1A234FF428
:10E7E000B6716148CDE90052642205F069FE6A4ABB
:10E7F000172340F24F115C48CDE90052952205F0F5
:10E800005FFE6649584805F0E9F9654A1A234FF456
:10E81000AD715548CDE90052AD2205F051FE4FF4DF
:10E82000A071514805F018FA09214F4805F05EFD26
:10E830005C494D4805F0D2F94122234623214A483C
:10E84000009405F0CDFFBE222346E0214648009407
:10E8500005F0C6FF772379227C21434805F0BEFDF1
:10E86000514A1C2330214048CDE90052502205F086
:10E8700027FE00953B6850224C213B4801931C2306
:10E8800005F070FE494B50229A213748CDE90053DC
:10E890001C2305F015FEFF2333481A46194605F0E0
:10E8A0009DFD0121304805F021FD07237D221B211C
:10E8B0002D48009405F094FF3D492B4805F08EF952
:10E8C0009821294805F006FA0221274805F00EFD97
:10E8D000384B00941A88384B23481988234605F092
:10E8E0007FFFFF2320481A46194605F077FD0121D6
:10E8F0001D4805F0FBFC032322464FF4C8711A485B
:10E90000009405F06DFF4FF4A071174805F0A4F9CD
:10E910000921154805F0EAFCA521134805F024F962
:10E920002649114805F05AF92346D72240F213111F
:10E930000D48009405F054FF2346DA2240F24511B9
:10E940000948009405F04CFFFF2307481A46194672
:10E9500005F044FD1A4BD8224FF495710248CDE9D9
:10E9600000531C2330E000BF20990020A089002024
:10E9700030C300204C07002040C30020DCC2002030
:10E980006007002050C30020808C00203CC600207F
:10E9900010090020380D00204009002058D75A00E7
:10E9A00048090020F2F2F200EC150020F0150020DA
:10E9B0000092F3001C8E0020188E0020D9D9D900B7
:10E9C00000160020ECC5002005F07AFD4FF4A07180
:10E9D0005F4805F041F909215D4805F087FCA62153
:10E9E0005B4805F0C1F85B49594805F0F7F8234644
:10E9F000D72240F281115648009405F0F1FE2346DB
:10EA0000DA2240F2B3115248009405F0E9FEFF23E8
:10EA10004F481A46194605F0E1FC4F4A1C2340F2C4
:10EA20009B114B48CDE90052D82205F049FDD8F89A
:10EA30000030012B00F08880F0F7F0FB444805F02F
:10EA400085FEFFF783FD96F82030A62B02D1012327
:10EA5000C8F80030414B424D1C682A68A24207D0DA
:10EA60002C60E4B2642021460EF04CFC3B4B2C6041
:10EA70003C4A1468002C38D096F82020A52A04D1EE
:10EA800039490020152208601A6004B0BDE8F08101
:10EA9000CDE900424FF4D171FC222D4805F062FD12
:10EAA00071E600201A23FC22CDE900014FF4C67163
:10EAB000274805F057FD43E6CDE90041244840F2E0
:10EAC000731105F04FFD22E60CF0EAFC09282060E6
:10EAD0007FF7E6AD00211A23FC22CDE9001040F2B9
:10EAE0005B11304605F03EFDEEE52049C8F80040D8
:10EAF0004FF001081E48C7F800800F68D1F800C029
:10EB000007600F6808681B49C2F800800022C1F83E
:10EB100000C019490F6019490860642018490C6049
:10EB200018490A6010490A6021460EF0EBFB0422E6
:10EB300040F2245103A82C60CDF80C800EF082FC2A
:10EB40001222064B1A6097E7FCF784F874E700BFBF
:10EB500020990020D9D9D90008160020E4C300204C
:10EB6000E8C30020F0C500202CC60020F8C5002016
:10EB7000E4C20020E8C20020ECC20020F0C2002065
:10EB8000F8C3002004C6002030B52E4B87B02E4CB1
:10EB90001A6820682D49121A8A4218D82C4D1A6812
:10EBA0002968521A2B498A421FD80023B6EE000A60
:10EBB0004FF47A7240F2995102200093CDE901336B
:10EBC000F0F768F807B0BDE83040F0F7E1BA1A682E
:10EBD000214822600268196801321D4D02601A68DE
:10EBE0002960521A1B498A42DFD91B4B4FF4A56199
:10EBF00005A81A68059204220EF024FC114B1A682D
:10EC00002A600FF0DBFE154A1278002ACDD0144A94
:10EC10001278D307C9D513490A4B1A680968521AE2
:10EC20000E2AC2D90FF058FEFF28064BBDDD18682A
:10EC3000094A23681268C31A0B490C480DF09AFE62
:10EC4000B3E700BFF8C50020E4C20020005C260541
:10EC5000F0C20020A0BB0D00A48C002066C60020DE
:10EC600065C6002020C600209C1600208889002050
:10EC70002DE9F041C64884B006F05EF8C54DC448A1
:10EC800004F020FA32200EF0EBF82B68142B09D890
:10EC90000024013401200EF0E3F82B68192C01D078
:10ECA000142BF6D9BA4EBC4C304604F0D3F9FF23EE
:10ECB00030461A46194605F04BF8304604F0ACFED3
:10ECC000772379227C21304605F088FB2368002BCE
:10ECD00040F0808200251A2306220421AC48CDE9A9
:10ECE000005505F03FFC21681A230622A848CDE90B
:10ECF00000510E2105F036FCA8490024A84D1A2326
:10ED00000622A348CDE90041172105F0D9FB296867
:10ED10001A230622092900F356821C219C48CDE9BA
:10ED2000004405F01FFC29681A2306229848CDE903
:10ED30000041252105F016FC0CF0D2FB20B1994BC7
:10ED40001968002900F05682974800211A230622EC
:10ED5000CDE900102B218E4805F0B2FB934C2168C1
:10ED6000092900F3268200251A2306224B21884810
:10ED7000CDE9005505F0F6FB21681A2306228448E8
:10ED8000CDE90051552105F0EDFB894D0024894F57
:10ED90001A2306225D217E48CDE9004505F090FB4F
:10EDA0003A681A23092A00F3FC8106226321784875
:10EDB000CDE9004405F0D6FB3A681A236B2174486C
:10EDC000CDE90042062205F0CDFB00241A230622DD
:10EDD00073216F48784FDFF80C82CDE9004505F0CC
:10EDE0006FFB76491A23062209684FF4C06568480C
:10EDF000CDE90041792105F0B5FB772379227C210B
:10EE0000634805F0EBFA6E4A172340F2631160483D
:10EE1000CDE90052492205F053FB6A4A1A234FF408
:10EE2000B6715B48CDE90052642205F049FB664AA1
:10EE30001A234FF4B6715648CDE900527D2205F0F1
:10EE40003FFB624A172340F24F115148CDE900526F
:10EE5000952205F035FB5E494D4804F0BFFE5D4A42
:10EE60001A234FF4AD714A48CDE90052AD2205F0A6
:10EE700027FB4FF4A071464804F0EEFE09214448F8
:10EE800005F034FA5449424804F0A8FE41222346D2
:10EE900028213F48009405F0A3FCB9222346D22143
:10EEA0003B48009405F09CFC772379227C2138486C
:10EEB00005F094FA494A1C2330213548CDE9005227
:10EEC000502205F0FDFA00953B6850224C21304855
:10EED00001931C2305F046FB414B50229A212C48FC
:10EEE000CDE900531C2305F0EBFA772379227C212E
:10EEF000274805F073FA1021254804F0ADFE0421DF
:10EF0000234805F0F3F92346AE222421204800943B
:10EF100005F066FC2346AE2233211D48009405F01F
:10EF20005FFC2346912233211948009405F058FCD8
:10EF30002346912251211648009405F051FC2346A6
:10EF4000AE2251211248009405F04AFC2346AE221D
:10EF50006F210F48009405F043FC234691226F2156
:10EF60000B48009405F03CFC234691228D21084873
:10EF7000009405F035FC2346AE228D210448009410
:10EF800005F02EFC2346AE22AB21014800942BE075
:10EF900020990020A089002030C300204C070020C9
:10EFA00040C30020C0C2002058070020DCC200205F
:10EFB0006007002050C30020A48C00203CC6002025
:10EFC000100900201C0900202C0900204009002005
:10EFD00058D75A0048090020F2F2F200EC15002040
:10EFE000F0150020ECC5002005F0FAFB2346912225
:10EFF000AB219D48009405F0F3FB23469122C921E3
:10F000009948009405F0ECFB2346AE22C9219648AE
:10F01000009405F0E5FB2346AE22D82192480094E7
:10F0200005F0DEFB9149904804F0D8FD98218E4808
:10F0300004F050FE02218C4805F058F98C4B0094E6
:10F040001A888C4B88481988234605F0C9FBFF2392
:10F0500085481A46194605F0C1F90121824805F094
:10F0600045F9062322464FF4C8717F48009405F005
:10F07000B7FB4FF4A0717C4804F0EEFD09217A48FB
:10F0800005F034F94021784804F06EFD7A4976485D
:10F0900004F0A4FD2346D72240F2131172480094D5
:10F0A00005F09EFB2346DA2240F245116E4800949B
:10F0B00005F096FBFF236C481A46194605F08EF9B9
:10F0C0006E4BD8224FF495716748CDE900531C234D
:10F0D00005F0F6F94FF4A071634804F0BDFD092175
:10F0E000614805F003F941215F4804F03DFD6249A4
:10F0F0005D4804F073FD2346D72240F281115A483F
:10F10000009405F06DFB2346DA2240F2B311564815
:10F11000009405F065FBFF2353481A46194605F095
:10F120005DF9574A1C2340F29B114F48CDE900522C
:10F13000D82205F0C5F9D8F80030012B00F09180F5
:10F14000F0F76CF8484805F001FBFFF71DFD96F855
:10F150002030412B02D10123C8F80030494B4A4DE1
:10F160001C682A68A24207D02C60E4B264202146C1
:10F170000EF0C8F8434B2C60444A1468002C43D06E
:10F1800096F82020402A09D100224148414C0260D3
:10F190000020414922601C2208601A6004B0BDE8CA
:10F1A000F081CDE90042612106222F4805F0DAF90D
:10F1B0000BE600201A230622CDE900014B212A4844
:10F1C00005F0D0F9E1E5CDE9004127481B2105F024
:10F1D000C9F9B1E50CF064F9092820607FF77AAD30
:10F1E00000211A230622CDE900100421304605F043
:10F1F000B9F981E529481A230622CDE900102B210F
:10F20000194805F05DF9A9E52549C8F800404FF017
:10F2100001080868C2F80080224AC7F80080106020
:10F220000868214A10600868204A09681060642054
:10F230001F4A11600021174A1460154A1460164ACB
:10F24000116021460EF05EF804224FF4A56103A878
:10F250002C60CDF80C800EF0F5F81922094B1A60DD
:10F260008EE7FBF7F7FC6BE7209900206246AC00C5
:10F270001C8E0020188E0020D9D9D900001600203D
:10F2800008160020E4C30020E8C30020F0C50020D9
:10F29000F0C30020ECC300202CC600205007002043
:10F2A000F8C50020E4C20020E8C20020ECC2002023
:10F2B000F0C2002030B52F4B87B02F4C1A68206861
:10F2C0002E49121A8A421BD82D4D1A682968521AE3
:10F2D0002C498A4222D80023B6EE000A40F6A662E4
:10F2E00040F2995103200093CDE90133EFF7D2FCAE
:10F2F000BE226E21244807B0BDE83040EFF7F6BFCC
:10F300001A68224822600268196801321C4D0260A6
:10F310001A682960521A1B498A42DCD91B4B40F2F9
:10F320002C5105A81A68059204220EF08BF8114B97
:10F330001A682A600FF042FB154A1278002ACAD0D8
:10F34000144A1278D307C6D513490A4B1A680968BC
:10F35000521A0E2ABFD90FF0BFFAFF28054BBADDAB
:10F3600018680A4A23681268C31A0C490C480DF041
:10F3700001FBB0E7F8C50020E4C20020005C2605D0
:10F38000F0C20020A0BB0D00FCC30020908C002028
:10F3900066C6002065C6002020C60020D4160020C6
:10F3A000888900202DE9F041C94884B005F0C4FCEB
:10F3B000C84DC74803F086FE32200DF051FD2B6882
:10F3C000142B09D80024013401200DF049FD2B68CD
:10F3D000192C01D0142BF6D9BD4EBF4C304603F08A
:10F3E00039FEFF2330461A46194604F0B1FC304678
:10F3F00004F012FB772379227C21304604F0EEFFE3
:10F400002368002B40F0148200251A23FC224FF4BD
:10F41000AD71AF48CDE9005505F0A4F821681A2375
:10F42000FC22AB48CDE900514FF4B27105F09AF8D7
:10F43000AA490024AA4D1A23FC22A548CDE900417F
:10F440004FF4B77105F03CF829681A23FC2209290A
:10F4500000F3E68140F273119D48CDE9004405F0C8
:10F4600081F829681A23FC229948CDE900414FF41C
:10F47000BE7105F077F89B4C2168092900F3C5811E
:10F4800000251A23FC224FF4C6719148CDE900559E
:10F4900005F068F821681A23FC228D48CDE9005157
:10F4A0004FF4CB7105F05EF88F4D00248F4F1A2377
:10F4B000FC224FF4CF718648CDE9004505F000F8F5
:10F4C0003A681A23092A00F39781FC224FF4D2717B
:10F4D0007F48CDE9004405F045F83A681A234FF417
:10F4E000D6717B48CDE90042FC2205F03BF80024B0
:10F4F0001A23FC224FF4DA7175487D4FDFF82C8215
:10F50000CDE9004504F0DCFF7A491A23FC220968A2
:10F510004FF4C0656E48CDE900414FF4DD7105F050
:10F5200021F8772379227C21694804F057FF724A39
:10F53000172340F263116648CDE90052492204F0D6
:10F54000BFFF6E4A1A234FF4B6716148CDE90052ED
:10F55000642204F0B5FF6A4A172340F24F115C4859
:10F56000CDE90052952204F0ABFF6649584804F0FB
:10F5700035FB654A1A234FF4AD715548CDE9005269
:10F58000AD2204F09DFF4FF4A071514804F064FBDC
:10F5900009214F4804F0AAFE5C494D4804F01EFBC7
:10F5A0004122234623214A48009405F019F9BE223E
:10F5B0002346E0214648009405F012F9772379228A
:10F5C0007C21434804F00AFF514A1C233021404863
:10F5D000CDE90052502204F073FF00953B685022A1
:10F5E0004C213B4801931C2304F0BCFF494B5022A3
:10F5F0009A213748CDE900531C2304F061FFFF2313
:10F6000033481A46194604F0E9FE0121304804F057
:10F610006DFE07237D221B212D48009405F0E0F8A4
:10F620003D492B4804F0DAFA9821294804F052FBAE
:10F630000221274804F05AFE384B00941A88384BB0
:10F6400023481988234605F0CBF8FF2320481A46A3
:10F65000194604F0C3FE01211D4804F047FE0523AE
:10F6600022464FF4C8711A48009405F0B9F84FF4D7
:10F67000A071174804F0F0FA0921154804F036FE8D
:10F680008E21134804F070FA2649114804F0A6FAB6
:10F690002346D72240F213110D48009405F0A0F83C
:10F6A0002346DA2240F245110948009405F098F803
:10F6B000FF2307481A46194604F090FE1A4BD82239
:10F6C0004FF495710248CDE900531C2330E000BF90
:10F6D00020990020A089002030C300204C07002082
:10F6E00040C30020DCC200206007002050C300207F
:10F6F000908C00203CC6002010090020900F0020B4
:10F700004009002058D75A0048090020F2F2F200C0
:10F71000EC150020F01500208B3426001C8E0020F4
:10F72000188E0020D9D9D90000160020ECC5002081
:10F7300004F0C6FE4FF4A0715F4804F08DFA092171
:10F740005D4804F0D3FD8F215B4804F00DFA5B495E
:10F75000594804F043FA2346D72240F28111564813
:10F76000009405F03DF82346DA2240F2B3115248E6
:10F77000009405F035F8FF234F481A46194604F067
:10F780002DFE4F4A1C2340F29B114B48CDE90052FD
:10F79000D82204F095FED8F80030012B00F08980C3
:10F7A000EFF73CFD444804F0D1FFFFF783FD96F8E6
:10F7B00020308F2B02D10123C8F80030414B424D3D
:10F7C0001C682A68A24207D02C60E4B2642021465B
:10F7D0000DF098FD3B4B2C603C4A1468002C38D04F
:10F7E00096F820208E2A04D1394900203222086060
:10F7F0001A6004B0BDE8F081CDE900424FF4D17148
:10F80000FC222D4804F0AEFE71E600201A23FC22F3
:10F81000CDE900014FF4C671274804F0A3FE43E68A
:10F82000CDE90041244840F2731104F09BFE22E62A
:10F830000BF036FE092820607FF7E6AD00211A2381
:10F84000FC22CDE9001040F25B11304604F08AFE44
:10F85000EEE520490120C8F80040D1F800C0106052
:10F86000002238601C48D1F800E0C0F800C0D1F890
:10F8700000C008681949C1F800E01949C1F800C082
:10F8800018490860642018490C6018490A6010493A
:10F890000A6021460DF036FD3868042240F22C51F2
:10F8A000039003A82C600DF0CDFD2F22054B1A60AC
:10F8B00096E7FBF7CFF973E720990020D9D9D90053
:10F8C00008160020E4C30020E8C30020F0C5002093
:10F8D0002CC60020F8C50020E4C20020E8C20020A9
:10F8E000ECC20020F0C20020FCC3002008C60020AB
:10F8F00070B5504C86B0504D236829684F4A5B1A4A
:10F9000093424DD84E4E236832689B1A4D4A93421B
:10F9100054D84D4A4FF47A714C4812684C4B30F829
:10F9200012E0950103EB821CAEF13202DCF81040CC
:10F93000DCF8280092B2DCF81C6001FB04F401FB47
:10F9400000F001FB06FC40F2B6318A4269D807EEAE
:10F9500090EADFED405ADFED406AB8EEE77AF6EE66
:10F96000007A87EE256AE6EE267AFCEEE77A17EE55
:10F97000902A91B22B44DFED397A93ED030A9A680D
:10F98000012380EE270A0190CDF808C002200094E0
:10F99000EFF780F9324806B0BDE87040EFF7BCB928
:10F9A000304920680B6822680133254E28600B60BF
:10F9B000236832609B1A234A9342AAD9294B042216
:10F9C0004FF4A66105A81B6805930DF03BFD2A685E
:10F9D00005A8236840F23C519B1A042205930DF0C0
:10F9E00031FD236833600EF0E9FF1F4B1B78002BBD
:10F9F0008FD01E4B1B78DB078BD51D4A23681268FE
:10FA00009B1A0E2B85D90EF067FFFF2881DD206839
:10FA10002B68144AC31A1749126817480CF0AAFF3A
:10FA200077E75A5940F2666140F29956012A08BFB9
:10FA300031469FE7F8C50020E4C20020005C26059F
:10FA4000F0C20020A0BB0D0078C30020C8C2002077
:10FA5000A087002000007A4400F07F450000C842E3
:10FA6000F88D0020788C002066C6002065C6002036
:10FA700020C600200C1700208889002070B5644C37
:10FA800086B0644D23682968634A5B1A934271D833
:10FA9000624E236832689B1A614A934278D8614B60
:10FAA0004FF47A72604D19689FED607A05EB81130F
:10FAB0008E01D3ED017A1869F4EEC77A9C6ADB698E
:10FAC00002FB00F002FB04FCF1EE10FA02FB03F370
:10FAD0000DDDF7EE005ADFED566A85EEA76AF6EE09
:10FAE000007AE6EE267AFCEEE77A17EE902A514C81
:10FAF00034F811E040F2B634AEF1320189B2A142DD
:10FB00007DD807EE90EADFED4A5ADFED4B6AB8EE9A
:10FB1000E77AF6EE007A87EE256AE6EE267AFCEEC4
:10FB2000E77A17EE901A89B20293B6EE000A012323
:10FB3000CDE9000C0320EFF7ADF8404B1A782AB15D
:10FB40001B78022B02D0DFED3E7A08E03D4B9FEDA3
:10FB5000377AD3ED007AF8EE677A67EE877A3A4B18
:10FB6000D02280213948C3ED007A06B0BDE870404C
:10FB7000EFF7BCBB364920680B6822680133274E7B
:10FB800028600B60236832609B1A254A934286D90D
:10FB90002F4B04224FF4A66105A81B6805930DF0B6
:10FBA00051FC2A6805A8236840F23C519B1A0422A4
:10FBB00005930DF047FC236833600EF0FFFE254BE4
:10FBC0001B78002B3FF46BAF234B1B78DB077FF5D3
:10FBD00066AF224A236812689B1A0E2B7FF65FAF2E
:10FBE0000EF07AFEFF287FF75AAF20682B68184A7C
:10FBF000C31A1B4912681B480CF0BCFE4FE7AD59F5
:10FC000040F2666140F29954012D08BF21468BE70E
:10FC1000F8C50020E4C20020005C2605F0C20020E8
:10FC2000A0BB0D0078C30020A08700206F12833A8C
:10FC300000007A44C8C2002000F07F4553C600206F
:10FC400000000000D89E0020F88D0020F4C30020A2
:10FC5000788C002066C6002065C6002020C60020E3
:10FC60000C17002088890020000000002DE9F04FCB
:10FC7000B34885B005F060F8B24DB14803F022FA00
:10FC800032200DF0EDF82B68142B09D80024013434
:10FC900001200DF0E5F82B68192C01D0142BF6D9B2
:10FCA000DFF89C82A84C404603F0D4F9FF2340467D
:10FCB0001A46194604F04CF8404603F0ADFE77238F
:10FCC00079227C21404604F089FB2368002B40F018
:10FCD000268100251A23062204219948CDE90055E2
:10FCE00004F040FC21681A2306229548CDE9005112
:10FCF0000E2104F037FC95490024954D1A23062265
:10FD00008F48CDE90041172104F0DAFB29681A2356
:10FD10000622092900F3FC801C218948CDE9004412
:10FD200004F020FC29681A2306228548CDE9004109
:10FD3000252104F017FC0BF0D3FB20B1854B19688B
:10FD4000002900F05184844800211A230622CDE9BD
:10FD500000102B217A4804F0B3FB804C216809295C
:10FD600000F3378400251A2306224B217448CDE97D
:10FD7000005504F0F7FB21681A2306227048CDE9EC
:10FD80000051552104F0EEFB754D0024754E1A23E9
:10FD900006225D216A48CDE9004504F091FB3268F6
:10FDA0001A23092A00F30C84062263216448CDE952
:10FDB000004404F0D7FB32681A236B216048CDE978
:10FDC0000042062204F0CEFB00241A2306227321EF
:10FDD0005B48654ECDE9004504F072FB6349644D14
:10FDE0001A23096806225648CDE9004179214FF4CB
:10FDF000C06404F0B7FB772379227C21504804F0DB
:10FE0000EDFA2B684D215B4A4D4801FB03221E236E
:10FE1000F021CDE900421A2204F052FB564A182381
:10FE200040F259114648CDE90042492204F048FB0E
:10FE3000524A1B234FF4B1714148CDE9004264227C
:10FE400004F03EFB2B681B225A2106EB83134FF470
:10FE5000CD7093ED010AEFF753F9494B642240F25C
:10FE6000B3113748CDE900431B2304F029FB2B686D
:10FE70009B01F758002F40F08F80424A1A234FF41D
:10FE8000A5712F4801927D22009404F019FB2B6884
:10FE900074224FF4AF7106EB83132948D3ED037A34
:10FEA0001A230097FCEEE77ACDED017A04F05AFBB5
:10FEB000354A1A2340F275112148019274220097A5
:10FEC00004F0FEFA314B296840F2B63033F81130B5
:10FED000A3F1320292B2824200F2CA8407EE903A53
:10FEE0009FED2B7AF8EEE77A87EE870A1A227421C3
:10FEF0004FF4D270EFF704F9264A00234FF4E17172
:10FF00000F48CDE900321A23742204F0D9FA72E0C6
:10FF1000CDE900410A481B2104F024FB0BE70BF05C
:10FF2000BFFA092820607FF7D4AE00211A230622E9
:10FF3000CDE900100421404604F014FBDBE600BFCD
:10FF400020990020A089002030C300204C07002009
:10FF500040C30020C0C2002058070020DCC200209F
:10FF60006007002050C30020A08700203CC600206E
:10FF700078C300200C8D0020100900205C150020A3
:10FF8000280900206815002070150020C8C2002034
:10FF900000007A44DC100020D04A1B234FF4B171DA
:10FFA000CF4801927D22009404F08AFACD4B296853
:10FFB00040F2B63033F81130A3F1320292B28242ED
:10FFC00000F25E8407EE903A9FEDC77AF8EEE77A8A
:10FFD00087EE870A1B2273214FF4D270EFF790F857
:10FFE000C24A00234FF4E171BD48CDE900321B2322
:10FFF000732204F065FA4FF4C06ABD4B952240F2BB
:02000004600298
:100000004511B7480024DFF80CB3DFF80C93B94F63
:10001000CDE900A3182304F053FAB14803F06CFDB6
:10002000332366220721AE4804F0D8F91023AB220F
:1000300040F21311AA480094CDF804B004F040FA3D
:100040002B68AB224FF49D7106EB8313A4485B69C8
:10005000CDE90043102304F085FA2B68AB2240F26F
:100060005B1106EB83139E489B69CDE90043102387
:1000700004F078FA9A4803F007FD994803F03CFD34
:10008000332366220721964804F0A8F91223A622FA
:1000900040F24D1192480094CDF8049004F010FA0B
:1000A0001223A72240F26B118D480094019704F0AF
:1000B00007FA8B4803F0E8FC894803F01DFD56233E
:1000C0001722BD21864804F089F98B4BB92240F2F2
:1000D0001311834800940193102304F0F1F92B6865
:1000E000B9224FF49D7106EB83137D48DB6ACDE99D
:1000F0000043102304F036FA2B68B92240F25B115A
:1001000006EB831376481B6BCDE90043102304F004
:1001100029FA1223B42240F24D117148CDE9004969
:1001200004F0CEF91223B52240F26B116C48CDE9F0
:10013000004704F0C5F96A4803F0A6FC684803F0DC
:10014000DBFC332366220721654804F047F91023BE
:10015000C72240F213116248CDE9004B04F0B0F918
:100160002B68C7224FF49D7106EB83135C481B6A12
:10017000CDE90043102304F0F5F92B68C72240F2C3
:100180005B1106EB831356485B6ACDE900431023ED
:1001900004F0E8F91223C22240F24D115048CDE993
:1001A000004904F08DF91223C32240F26B114C4830
:1001B000CDE9004704F084F9494803F065FC772352
:1001C00079227C21464804F009F94C4BB9224FF4BE
:1001D000BB71434800940193102304F071F9404827
:1001E00003F08AFC2B68B9224FF4CE7106EB83131F
:1001F0003B489B6BCDE90043102304F0B3F92B6817
:10020000B9224FF4DE7106EB83133548DB6BCDE981
:100210000043102304F0A6F9314803F035FC3048C0
:1002200003F06AFC1223B4224FF4D7712C48CDE9B5
:10023000004904F045F91223B52240F2CD112848B7
:10024000DFF8D890CDE9004704F03AF9244803F0EC
:100250001BFC4FF4A071224803F0FEFC092120484A
:1002600004F044F826491E4803F0B8FC2346412216
:1002700024211B48009404F0B3FA2346CD22E62142
:100280001748009404F0ACFA1E4B9FED1F7A7922B8
:10029000D3ED007A7C211D4F7723B7EEE73A1C4C53
:1002A000C7EE876A0E489FED094B9FED0A5B83EE10
:1002B000047BFDEEE66AB8EEE66AC7ED006AB7EECB
:1002C000C66A37EE467B27EE057B29E0000000007A
:1002D0000020AC400000000000004E4074150020DB
:1002E00020990020C8C2002000007A44DC100020C1
:1002F0004009002084150020881500205C13002090
:10030000F2F2F200F88D0020000061452CC30020BD
:1003100048C3002080150020C8170020788C0020DA
:10032000BDEEC77B84ED007A04F058F8BC4B462242
:100330003621BC4801931C23CDF800A004F0C0F87E
:10034000CDF800A0D9F800001C23462252210190CC
:10035000B44804F007F9B44B4622A02101931C23B2
:10036000B048CDF800A004F0ABF82B68AF4A06EB1C
:1003700083131969914200F04281DB69934200F0D6
:100380003E81AB4B6B224821A64801931B23CDF83D
:1003900000A004F095F83B686B228121A148CDE9CB
:1003A00000A31B2304F0DEF8A24B6B22A2219D4880
:1003B00001931B23CDF800A004F082F823686B2280
:1003C000C5219848CDE900A31B2304F0CBF89A4A35
:1003D0001B23E32101926B229248CDF800A004F088
:1003E0006FF8772379227C218E4803F0F7FF2B6882
:1003F0009B01F458002C00F03B81012C11D1FF230C
:1004000088481A46194603F0E9FF2146854803F05B
:100410006DFF00238F221B2100930723814804F0E6
:10042000DFF900237F480024DFF83CA21A46194672
:1004300003F0D4FF98217B484FF4C06703F04AFCD7
:100440000221784803F052FF7C4A00942346128828
:10045000BAF80010734804F0C3F9FF2371481A4634
:10046000194603F0BBFF01216E4803F03FFF09234B
:1004700022464FF4C8716B48009404F0B1F94FF470
:10048000A071684803F0E8FB0921664803F02EFFDD
:100490009C21644803F068FB6949624803F09EFBB5
:1004A0002346EB224FF48C715E48009404F098F9D7
:1004B0002346EE224FF4A5715A48009404F090F9B7
:1004C000FF2358481A46194603F088FF5D4BEC227B
:1004D00040F22F11534801931C23009703F0F0FFC3
:1004E0004FF4A0714F4803F0B7FB09214D4803F0CA
:1004F000FDFE9D214B4803F037FB5149494803F06D
:100500006DFB2346EB224FF4C3714648009404F080
:1005100067F92346EE224FF4DC714248009404F060
:100520005FF9FF233F481A46194603F057FF464B31
:10053000DFF838B1EC2201934FF4D0711C23394815
:10054000009703F0BDFFDBF80030012B00F08D8138
:10055000EEF764FE334804F0F9F82B689B01F3587A
:10056000002B00F07F81012B00F0928198F8203061
:100570009D2B02D10123CBF80030344E344F346828
:100580003A68A2420BD03C60E4B2642021460CF0F1
:10059000B9FE297840F216503C600CF0B3FE2D4AAB
:1005A0001468002C00F0238198F820309C2B04D193
:1005B000294A002135231160336005B0BDE8F08F72
:1005C000CDE9004261210622164803F0CBFFFFF778
:1005D000FBBB00201A230622CDE900014B21114864
:1005E00003F0C0FFFFF7D0BB1C481A230622CDE959
:1005F00000102B210B4803F063FFFFF7AEBB184937
:10060000084803F0EBFA174B6B22482101934FF493
:10061000C063044800931A2303F052FFE1E600BFD1
:10062000EC15002020990020F015002080510100D9
:100630004C1600205C160020481300201C8E002061
:10064000D9D9D9000016002008160020E4C30020E4
:10065000E8C30020F0C500202CC600205007002071
:1006600058D75A0048090020188E0020ECC50020F9
:1006700010218D4803F0F0FA04218B4803F036FE78
:100680002346C22224218848009404F0A9F8234676
:10069000C22233218448009404F0A2F82346A52204
:1006A00033218148009404F09BF82346A522382189
:1006B0007D48009404F094F82346C22238217A48F9
:1006C000009404F08DF82346C2223D217648009420
:1006D00004F086F82346A5223D217348009404F0D7
:1006E0007FF82346A52242216F48009404F078F851
:1006F0002346C22242216C48009404F071F823463C
:10070000C22247216848009404F06AF82346A522D3
:1007100047216548009404F063F82346A5224C2144
:100720006148009404F05CF82346C2224C215E48E4
:10073000009404F055F82346C22279215A480094C7
:1007400004F04EF82346A52279215748009404F07E
:1007500047F82346A5227E215348009404F040F830
:100760002346C2227E215048009404F039F82346E3
:10077000C22283214C48009404F032F82346A5227B
:1007800083214948009404F02BF82346A5228821B0
:100790004548009404F024F82346C22288214248A8
:1007A000009404F01DF82346C2228D213E48009497
:1007B00004F016F82346A5228D213B48009404F04E
:1007C0000FF82346A52292213748009404F008F838
:1007D0002346C22292213448009404F001F82346B3
:1007E000C222DC213048009403F0FAFF19E62F49B9
:1007F0000120CBF800400B68106000220D68C9F89A
:10080000000008682A490B602A492B4B0D602B49D0
:10081000086064202A490C602A490C602A490C604F
:100820003421CAF800108021196028490A6028493B
:100830000C6028490A6021460CF064FDD9F80020BC
:100840004FF4A66103A8039204223C600CF0FAFD69
:10085000042203A840F23C5103940CF0F3FD292339
:100860003360A1E6FFF744F880E6FAF7F3F96FE6A4
:1008700089017358012B0ED09FED170AFFF736BB85
:1008800089017358012B0AD09FED130AFFF7A2BB11
:10089000FFF7F4F86AE69FED110AFFF727BB9FED1B
:1008A0000F0AFFF797BB00BF20990020F8C5002072
:1008B000E4C20020E8C200201C8E0020ECC2002010
:1008C000648C0020688C00206C8C00202CC60020DA
:1008D000F4C3002000C60020CDCCCC3E3333B33E61
:1008E000F0B5CB4883B004F027FACA4DC84802F0EF
:1008F000E9FB32200CF0B4FA2B68142B09D8002441
:10090000013401200CF0ACFA2B68192C01D0142B07
:10091000F6D9BF4EC04C304602F09CFBFF23304658
:1009200019461A4603F014FA304603F075F82168A8
:10093000092900F3A28100251A23FC224FF4AD718E
:100940003046CDE9005503F00DFE21681A23FC2244
:100950003046CDE9005140F2651103F003FEAF4986
:100960000024AF4D1A23FC22A948CDE900414FF4E1
:10097000B77103F0A5FD29681A23FC22092900F3A9
:100980009B8140F27311A248CDE9004403F0EAFDD7
:1009900029681A23FC229E48CDE900414FF4BE711C
:1009A00003F0E0FD9F4C2168092900F37A810025BE
:1009B0001A23FC2240F283119548CDE9005503F03B
:1009C000D1FD21681A23FC229148CDE900514FF452
:1009D000CB7103F0C7FD944D0024944F1A23FC22E1
:1009E0004FF4CF718A48CDE9004503F069FD3A68BC
:1009F0001A23092A00F34C81FC224FF4D271844857
:100A0000CDE9004403F0AEFD3A681A234FF4D671E5
:100A10007F48CDE90042FC2203F0A4FD00241A2304
:100A2000FC224FF4DA717A48CDE9004503F048FD25
:100A30007F491A23FC2209684FF4C0657448CDE948
:100A400000414FF4DD7103F08DFD4FF4A07170484B
:100A500003F002F909216E4803F048FC75496C481F
:100A600003F0BCF8462223465D216948009403F058
:100A7000B7FEE622234640F283116548009403F056
:100A8000AFFE772379227C21614803F0A7FC6A4AF4
:100A90001B23F0215E48CDE90052532203F010FDE4
:100AA000664A1B23F0215A48CDE900526E2203F01A
:100AB00007FD6349564803F091F84C21544803F070
:100AC00053F84FF42071524803F004F902215048C2
:100AD00003F00CFCB922234696214D48009403F004
:100AE0007FFEFF234A481A46194603F077FC554A11
:100AF0001B2396214648CDE90052B92203F0E0FCC1
:100B00004F49434803F06AF8BC21414803F02CF8F0
:100B10004FF420713E4803F0DDF802213C4803F019
:100B2000E5FBB9222346F0213948009403F058FE32
:100B3000FF2337481A46194603F050FC424A1B234C
:100B4000F0213348CDE90052B92203F0B9FC3C4909
:100B50002F4803F043F8DC212D4803F005F84FF44B
:100B600020712B4803F0B6F80221294803F0BEFBA0
:100B7000B92223464FF4A5712548009403F030FEB6
:100B8000FF2323481A46194603F028FC2F4A1B234B
:100B90004FF4A5711E48CDE90052B02203F090FC3D
:100BA0002B4A1B234FF4A5711948CDE90052C422EA
:100BB00003F086FCA021164803F04EF809211448E2
:100BC00003F094FB4B21124802F0CEFF1C49104861
:100BD00003F004F8042223460D481146009403F064
:100BE000FFFD2322234637210948009403F0F8FD36
:100BF000FF2307481A46194603F0F0FB154A1B234A
:100C00001F210348CDE90052142203F059FC23E0D0
:100C100020990020A089002030C300204C0700202C
:100C200040C30020DCC200206007002050C3002029
:100C30003CC60020F2F2F2004817002060170020A6
:100C4000D9D9D9007C1700208817002094170020DC
:100C5000A017002064070020254803F077FD96F8D0
:100C60002030BC2B3ED02FD84B2B36D04C2B32D142
:100C7000204B20221A6003B0F0BD00201A23FC2272
:100C8000CDE9000140F25B11304603F06BFC66E6F3
:100C9000CDE900424FF4D171FC22154803F062FC0B
:100CA000BCE600201A23FC22CDE900014FF4C671F6
:100CB0000F4803F057FC8EE6CDE900410C4840F2A6
:100CC000731103F04FFC6DE6DC2B04D10A4940227E
:100CD000084B0C701A6003B0F0BD064B01221A607D
:100CE00003B0F0BD034B21221A6003B0F0BD00BF7A
:100CF00020990020E4C300205BC6002070B5424C60
:100D000082B0FF21002520464FF4C06603F052FA5E
:100D1000A021204602F0A0FF0921204603F0E6FAB8
:100D20005821204602F020FF3849204602F056FFA5
:100D3000802220462B462946009503F051FD9E2235
:100D40002B4637212046009503F04AFDFF2320461D
:100D50001A46194603F042FB2D4A1B231D2120464B
:100D6000CDE900628E2203F0ABFBFF21204603F0A9
:100D700021FAA021204602F06FFF0921204603F04E
:100D8000B5FA5721204602F0EFFE2049204602F036
:100D900025FF80222B4640F2A7112046009503F044
:100DA0001FFD9E222B464FF4EF712046009503F065
:100DB00017FDFF2320461A46194603F00FFB154A7C
:100DC0001B2340F2BF112046CDE900628E2203F0C2
:100DD00077FB94F82030572B09D0582B05D10E4AB9
:100DE0001368002B0CDD013B136002B070BD0A4A92
:100DF00013680B2BCCBF0C230133136002B070BD02
:100E0000156002B070BD00BF20990020D9D9D9006B
:100E1000A8170020AC17002034C3002070B5424C46
:100E200082B0FF21002520464FF4C06603F0C2F9CE
:100E3000A021204602F010FF0921204603F056FAB7
:100E40005821204602F090FE3849204602F0C6FEA6
:100E5000802220462B462946009503F0C1FC9E22A5
:100E60002B4637212046009503F0BAFCFF2320468D
:100E70001A46194603F0B2FA2D4A1B231D212046BB
:100E8000CDE900628E2203F01BFBFF21204603F018
:100E900091F9A021204602F0DFFE0921204603F04F
:100EA00025FA5721204602F05FFE2049204602F035
:100EB00095FE80222B4640F2A7112046009503F0B4
:100EC0008FFC9E222B464FF4EF712046009503F0D5
:100ED00087FCFF2320461A46194603F07FFA154A7D
:100EE0001B2340F2BF112046CDE900628E2203F0A1
:100EF000E7FA94F82030572B09D0582B05D10E4A29
:100F00001368002B0CDD013B136002B070BD0A4A70
:100F100013683A2BCCBF3B230133136002B070BD82
:100F2000156002B070BD00BF20990020D9D9D9004A
:100F3000A8170020AC1700204CC3002070B5414C0E
:100F400082B0FF21002520464FF4C06603F032F93D
:100F5000A021204602F080FE0921204603F0C6F9B8
:100F60005821204602F000FE3749204602F036FEA6
:100F7000802220462B462946009503F031FC9E2214
:100F80002B4637212046009503F02AFCFF232046FC
:100F90001A46194603F022FA2C4A1B231D2120462B
:100FA000CDE900628E2203F08BFAFF21204603F088
:100FB00001F9A021204602F04FFE0921204603F04E
:100FC00095F95721204602F0CFFD1F49204602F037
:100FD00005FE80222B4640F2A7112046009503F023
:100FE000FFFB9E222B464FF4EF712046009503F045
:100FF000F7FBFF2320461A46194603F0EFF9144980
:101000001B238E222046CDE9006140F2BF1103F080
:1010100057FA94F82030572B0BD0582B07D10D4A94
:101020001368012BD4BF012303F1FF33136002B017
:1010300070BD084A13681E2BCCBF1F2301331360F9
:1010400002B070BD20990020D9D9D900A81700207E
:10105000AC170020A08C002070B5414C82B0FF215D
:10106000002520464FF4C06603F0A4F8A0212046D6
:1010700002F0F2FD0921204603F038F958212046FC
:1010800002F072FD3749204602F0A8FD802220467A
:101090002B462946009503F0A3FB9E222B463721C1
:1010A0002046009503F09CFBFF2320461A46194674
:1010B00003F094F92C4A1B231D212046CDE9006240
:1010C0008E2203F0FDF9FF21204603F073F8A021E2
:1010D000204602F0C1FD0921204603F007F95721FF
:1010E000204602F041FD1F49204602F077FD802294
:1010F0002B4640F2A7112046009503F071FB9E227B
:101100002B464FF4EF712046009503F069FBFF2357
:1011100020461A46194603F061F914491B238E2212
:101120002046CDE9006140F2BF1103F0C9F994F8FF
:101130002030572B0BD0582B07D10D4A1368012BA9
:10114000D4BF012303F1FF33136002B070BD084A1E
:1011500013680B2BCCBF0C230133136002B070BD9E
:1011600020990020D9D9D900A8170020AC17002059
:10117000088D002070B5414C82B0FF21002520462B
:101180004FF4C06603F016F8A021204602F064FD7B
:101190000921204603F0AAF85821204602F0E4FC79
:1011A0003749204602F01AFD802220462B46294668
:1011B000009503F015FB9E222B4637212046009513
:1011C00003F00EFBFF2320461A46194603F006F9EA
:1011D0002C4A1B231D212046CDE900628E2203F0FC
:1011E0006FF9FF21204602F0E5FFA021204602F022
:1011F00033FD0921204603F079F85721204602F0FB
:10120000B3FC1F49204602F0E9FC80222B4640F245
:10121000A7112046009503F0E3FA9E222B464FF4D7
:10122000EF712046009503F0DBFAFF2320461A46B3
:10123000194603F0D3F814491B238E222046CDE92A
:10124000006140F2BF1103F03BF994F82030572BB6
:101250000DD0582B09D10D4A1368B3F5FD6FB4BFFB
:1012600040F2E77303F1FF33136002B070BD074A29
:1012700013680133136002B070BD00BF20990020D5
:10128000D9D9D900A8170020AC170020208E002043
:101290002DE9F04FD44883B003F04EFDD34DD24832
:1012A00001F010FF32200BF0DBFD2B68142B09D866
:1012B0000024012001340BF0D3FD2B68142B01D83E
:1012C000192CF6D1C84C00264FF4C065C84F2046F3
:1012D000DFF8449301F0BEFEFF2320461A4619466C
:1012E00002F036FD204602F097FB4FF4A071204635
:1012F00002F0B2FC0921204602F0F8FFBD49204669
:1013000002F06CFC4622672133462046009603F02B
:1013100067FAC822334640F279112046009603F05E
:101320005FFA772379227C21204603F057F8B24AEE
:101330001823F0212046CDE900524E2203F0C0F8D8
:101340001823A022BE212046CDE9005703F0B8F8AB
:101350001823A0224FF491712046CDE9005703F0E5
:10136000AFF8A649204602F039FC5121204602F090
:10137000FBFB4FF40C71204602F0ACFC022120462E
:1013800002F0B4FFA02233468C212046009603F0E1
:1013900027FA772379227C21204603F01FF8984A08
:1013A0001A238C212046CDE90052732203F088F8DD
:1013B000772379227C21204603F010F8914A1A23E2
:1013C000F0212046CDE90052732203F079F877230B
:1013D00079227C21204603F001F88B4A1A234FF42E
:1013E000AA712046CDE90052732203F069F8D9F8BA
:1013F0000030092B00F33381FF2320461A4619469B
:1014000002F0ECFF1B23A02287212046CDE90056E5
:1014100003F0A8F8D9F800201B2391212046CDE93C
:101420000052A02203F09EF8744900256E4802F095
:10143000D5FB52216C4802F097FB4FF40C716A48BF
:1014400002F048FCDFF8D4A10221674802F04EFF09
:101450002B46A022F0216448009503F0C1F9DAF888
:101460000030092B4FF0FF0300F31A814FF4C066E0
:101470001A4619465C4802F0B1FF1B23A022EB215B
:101480005948CDE9006503F06DF8DAF800201B2318
:10149000F5210192A0225448009603F063F85749C1
:1014A0000025514802F09AFB53214F4802F05CFBA3
:1014B0004FF40C714C4802F00DFCDFF864B10221CE
:1014C000494802F013FF2B46A0224FF4AA71464868
:1014D000009503F085F9DBF800304348092B4FF005
:1014E000FF031A46194600F3CB8002F077FF0195FF
:1014F0004FF4C0651B23A02240F24F113A480095DB
:1015000003F030F80095DBF800201B2340F259115E
:1015100035480192A02203F025F8A021324802F0BC
:101520009BFB09213048002502F0E0FE54212E48A3
:101530004FF4C06602F018FB30492B4802F04EFB16
:101540002B46EB2240F2A7112748009503F048F9FB
:101550002B464FF485724FF4EF712348009503F04A
:101560003FF9FF2320481A46194602F037FF274B60
:10157000F72240F2BF111C4801931B23009602F092
:101580009FFFA021184802F067FB0921164802F0CE
:10159000ADFE5621144802F0E7FA1849124802F04D
:1015A0001DFB04222B4610481146009503F018F944
:1015B0002B46232237210C48009503F011F9FF2315
:1015C00009481A46194602F009FF114B00961422E9
:1015D000104E1F2101931B23034802F071FF336853
:1015E000DFF84080012B1FE020990020A089002017
:1015F00060070020F2F2F200B0170020D9D9D9001C
:10160000EC150020C4170020CC170020D4170020B0
:1016100064070020BCC50020A08C0020088D00209D
:10162000208E0020C8C500206DD0504FD8F8003063
:10163000012B62D03B68012B58D04D4803F086F84F
:1016400094F82030512B48D0522B3BD1002301225B
:1016500033603B60C8F8002003B0BDE8F08FFF2383
:1016600020461A46194602F0B9FED9F800201B237D
:101670008C212046CDE90052A02202F073FFD3E670
:1016800002F0ACFEDBF80030A0224FF4AA71019307
:101690004FF4C063364800931B2302F063FF3CE71E
:1016A0001A461946324802F099FEDAF800204FF443
:1016B000C063F0210192A02200931B232C4802F06A
:1016C00051FFECE6532B25D1002301223360C8F8EB
:1016D00000303A6003B0BDE8F08F00230122C8F863
:1016E00000303B60326003B0BDE8F08F0023336010
:1016F000C8F80030FFF73EFD9FE7002333603B60F2
:10170000FFF7AAFC96E7194FC8F800503D60FFF7B5
:1017100015FC8BE7542B20D1DBF80030154A0193E0
:101720001549DAF8003015480093D9F800301268EE
:101730000968006809F094FF64200BF091FB09F040
:101740004DFE0BF079FF00220D493260C8F80020F1
:101750003A601F2294F820300A60562B7FF47CAF49
:10176000074B1F221A6003B0BDE8F08FCCC50020E4
:101770002099002038C5002040C3002030C300203D
:10178000E4C3002010B5124C82B023681BB1012BBA
:1017900010D002B010BD0F484FF4C0611B239B2234
:1017A000CDE900104FF4AD710B4802F089FE2368BB
:1017B000012BEED1094C4FF4C0601B239B224FF448
:1017C000AD71CDE90004044802F07AFE02B010BD0C
:1017D000C0C20020DC17002020990020E417002060
:1017E0002DE9F043CA4883B003F0A6FAC94DC848B2
:1017F00001F068FC32200BF033FB2B68142B09D866
:101800000024012001340BF02BFB2B68142B01D892
:10181000192CF6D1BE4C00254FF4C066BE4F2046B1
:1018200001F018FCFF2320461A46194602F090FAF0
:10183000204602F0F1F84FF4A071204602F00CFAB5
:101840000921204602F052FDB449204602F0C6F9B3
:10185000462267212B462046009502F0C1FFC82290
:101860002B4640F279112046009502F0B9FF77230C
:1018700079227C21204602F0B1FDA94A1823F021EB
:101880002046CDE90062532202F01AFEA54A182331
:10189000D3212046CDE900629B2202F011FEA2492D
:1018A000204602F09BF94E21204602F05DF94FF4EC
:1018B0002071204602F00EFA0221204602F016FDA9
:1018C0002B469B22A0212046009502F089FF3B6811
:1018D000092B00F3FA80FF2320461A46194602F02E
:1018E0007DFD9B221B2320461146CDE9006502F0B9
:1018F00039FE3A681B23A5212046CDE900629B22D0
:1019000002F030FE88490025814802F067F94F2136
:101910007F4802F029F94FF420717D4802F0DAF98E
:10192000DFF8149202217A4802F0E0FC2B469B2259
:101930004FF482717648009502F052FFD9F80030DA
:10194000092B4FF0FF0300F3D0804FF4C0661A4616
:1019500019466F4802F042FD1B239B22FF216C4871
:10196000CDE9006502F0FEFDD9F800201B2340F20E
:10197000091101929B226648009602F0F3FDA02116
:10198000634802F069F909216148002502F0AEFCC4
:1019900050215F484FF4C06602F0E6F862495C48A7
:1019A00002F01CF92B46912240F24511584800954F
:1019B00002F016FF2B46A52240F26D115448009507
:1019C00002F00EFFFF2352481A46194602F006FDA8
:1019D000DFF86881FFF7D6FEA0214D4802F03CF900
:1019E00009214B4802F082FC5421494802F0BCF81E
:1019F0004D49474802F0F2F82B46EB2240F2A7117E
:101A00004348009502F0ECFE2B464FF485724FF4EC
:101A1000EF713F48009502F0E3FEFF233C481A4671
:101A2000194602F0DBFC414BF72240F2BF11384867
:101A300001931B23009602F043FDA021344802F0DD
:101A40000BF90921324802F051FC5521304802F0CF
:101A50008BF835492E4802F0C1F804222B462C4859
:101A60001146009502F0BCFE2B4623223721284860
:101A7000009502F0B5FEFF2325481A46194602F0EC
:101A8000ADFC2B4A00961B232A4E1F2101921422E3
:101A90001F4802F015FD3368012B00F09580D8F83F
:101AA0000030012B00F09980194802F04FFE94F8A5
:101AB00020304E2B4FD04F2B42D1002201233260D9
:101AC000C8F8003003B0BDE8F083FF2320461A4673
:101AD000194602F083FC3A681B23A0212046CDE979
:101AE00000629B2202F03EFD0CE71A4619460848A8
:101AF00002F074FCD9F800204FF4C0634FF48271F7
:101B000001929B2200931B23014802F02BFD36E734
:101B100020990020A089002034C30020F2F2F200B6
:101B2000EC1700204C070020D9D9D900D417002089
:101B300064070020C0C500204CC30020C4C500209D
:101B4000502B10D1354B1A68002A4BD0012AB9D13D
:101B500000221A60B6E700220123C8F80020336093
:101B600003B0BDE8F083542B26D12C4B1D68012D0A
:101B70003DD08DB938682A4F2A4B0C28D7F800C0C1
:101B8000294F1A683F68294BD9F800101B68CDE926
:101B900000C73FD009F064FD64200BF061F909F043
:101BA0001DFC0BF049FD002221493260C8F80020DD
:101BB0001F2294F820300A60552B83D11C4B1F2222
:101BC0001A6003B0BDE8F083C8F80050FFF796F83C
:101BD000D8F80030012B7FF467AF00233360FFF7A4
:101BE0001DF961E701221A6003B0BDE8F08338688F
:101BF0000C4B0B4D0C280C4F1A682D680B4B3F6893
:101C0000D9F800101B68CDE90057C3D00C3009F09B
:101C100027FDC1E7284609F023FDBDE7C0C200202B
:101C200050C3002038C500203CC60020DCC2002084
:101C3000E4C300202DE9F041284D98B02B68402BDB
:101C400044D8DFE813F0DD021003E0021C0319039F
:101C500016031303340331032E032B032803250338
:101C600022031F035B030D030A0307030403550349
:101C700052034F034C0349034603430340033D0310
:101C80003A033703DA02D702D402D102CE02CB02E2
:101C9000C802C502C202BF02BC02B902B602B30248
:101CA000F802F502F202EF02EC02E902E602E302B8
:101CB0000103FE02FB0243004300430043004300D4
:101CC0004300430041005803F5F7AAFD044B45F2D9
:101CD00055514AF6AA2259805A800CE0E4C30020EC
:101CE00000800B400CF0CAFDC0B2572800F03581CF
:101CF000562800F03C810CF07BFD04460028F1D111
:101D00000BF004F9A34A13689BB1A34EC31ADFF882
:101D1000F0C23168DFF8E4E219443160DCF8001009
:101D20000131CCF80010DEF800108B4288BFCEF8ED
:101D300000302B6810601D2B00F32181042B04DD83
:101D4000964A22FA03F3D9070BD40023B6EE000A11
:101D50004FF47A72194618460093CDE90133ECF737
:101D600099FF8F4B8F491A680868121A632A47D95E
:101D70001A680E200A600AF01BFE8B4A07EE900AD2
:101D80009FED8A7AB7EE006A1288F8EEE77ADFED07
:101D9000886AB5EE004A92B2DFED864A67EE877A2E
:101DA000854907EE102A854A9FED855AB8EEC77A15
:101DB0008448C7EEA65AD1ED007A794BC7EE246A63
:101DC00092ED007AF0EE674A35EEC66AC0ED005A31
:101DD000D6EE044A76EEC76AA6EE857AE4EE857AF8
:101DE00082ED007A784AC1ED007A1278002A40F03C
:101DF0001D81002275490A6075490A7075490A708B
:101E0000754942F20F701A680E68921B824240F2C6
:101E100089801A680A600CF0D1FD704A604B127814
:101E2000002A6AD06E4A1278D20766D56D4A1B68BE
:101E300012689B1A0E2B60D90CF04EFDFF285CDD5A
:101E400072B6694ADFF8ACC11368DFF8ACE16748E5
:101E50001F46674900239CED007A9EED006AD0ED95
:101E6000006A0E6813604FF0FF32CCF80030B046C5
:101E7000CEF8002003600B6062B6D5F800E0AEF14A
:101E80000803362B00F20381DFE813F07C02010126
:101E900001010101010101010101790201010101B9
:101EA00001010101010101017602010101010101AC
:101EB000010101010101730201010101010101019F
:101EC0000101010101010101010101010101010102
:101ED00001010101010101010101010101010101F2
:101EE00001017002010101013E0201010101010134
:101EF00001010101010101013B0272B600233A49CF
:101F00003C4A4FF0FF340B603B4813603749384A76
:101F100004600B60136062B61F483849384A03609A
:101F20000B60136009F0A2FA364B186009F0F6FA5C
:101F3000354B186009F00CFB344B186009F022FB9C
:101F4000334B186009F038FB324B186009F04EFB38
:101F5000314B186018B0BDE8F08135212F480CF0E6
:101F6000B1FC2F480AF0ECFC0CF0DAFCFEE7212172
:101F70002C480CF0A7FC2A480AF0E2FCBBE62C3BFC
:101F8000122B3FF6E2AE284A22FA03F3D8073FF5B8
:101F9000E8AEDAE6C49E0020309F0020209148245D
:101FA000F8C50020349F002042C600200D68533B36
:101FB0009A99193F00F07F45C89E0020BC9E0020E2
:101FC000CDCC4C3D209F0020A4890020D09E002035
:101FD0004FC600204AC60020ACBF002066C60020C5
:101FE00065C6002020C600203C9F0020B09E002037
:101FF000C09E0020B49E0020988900202C9F0020C5
:10200000249F002030C3002040C3002038C500209A
:10201000DCC2002050C300203CC600200018002075
:10202000888900203405002091840400BB4A12787E
:10203000002A7FF4DEAEBA4A1178002940F0B18060
:10204000DFEDB86AF4EEE65AF1EE10FA00F1A18184
:1020500077EEC77A9FEDB47AF0EEE77AF4EEC77ABE
:10206000F1EE10FA7FF7C5AE0220B0490A680AB94E
:102070001A680A6019688A1A47F230518A427FF654
:10208000BFAEAB4A01211170AA4A1070B8E6002316
:10209000A949DFEDAA5A0878A149C0B20D78A8492C
:1020A000EAB2098889B207EE901AA649F8EEE77AF3
:1020B00091ED002AA449B7EEC22A87EEA53A91ED28
:1020C000001A9B490978B7EEC11AB7EEC33A09B1B5
:1020D00098490C78002F49D19FED8E7BB0EE476B6D
:1020E000B0EE475B994D2968002900F04E8104EE5F
:1020F000901A97499FED970A0E460968F8EE644AD0
:1021000004EE101A1791B8EE444AC4EE000A80EEAD
:10211000A44AB7EEC44A019272460090CDF84080BE
:10212000DFED8C0A8C498D48CDE908478C4C8DED4C
:102130000C7B8DED124B8DED0E5B8DED0A6B8DEDF5
:10214000061B8DED042B8DED023BD4ED007AF8EEED
:10215000677A87EEA07AB7EEC77A8DED147B0AF026
:1021600009FC0023336023602B60DBE6B8EE477A7E
:10217000DFED787AB8EE466AF8EE666AC7EE275A5F
:1021800086EEA75A86EE277A07EE907AF8EE677AFF
:1021900085EEA76AB7EEC55AB7EEC77AB7EEC66A3C
:1021A000A0E71278022A7FF424AE49E7FAF776FF17
:1021B0008CE5F6F7BBFB89E5F4F728FC86E5F9F733
:1021C0009BF883E5F6F7DEF980E5F5F779FE7DE526
:1021D000F8F78EFE7AE5F4F7DFFF77E5F4F7CAFD4E
:1021E00074E5F4F75FF871E5F3F742FE6EE5FFF78B
:1021F0004FF86BE5FFF7F4FA68E5FEF771FB65E56C
:10220000EDF718FF62E5EEF7B9FB5FE5F8F79AF82E
:102210005CE5FDF7C7F859E5F3F79CFC56E5F7F7E1
:10222000CDFE53E5FAF72AFD50E5F3F7D3F94DE576
:10223000F3F704F84AE5F2F7B9FD47E5EEF788F958
:1022400044E5FDF713FD41E5F6F79EFD3EE5FAF79F
:10225000FDF83BE5F1F7E0F838E5F0F711FF35E57B
:10226000F0F7C8FC32E5EDF749FF2FE5F6F7DEFFA2
:102270002CE5F9F7D3FC29E5EEF79EFF26E5EEF70E
:10228000CFFD23E5F0F728FB20E5F7F75BF91DE527
:10229000F9F7D4FE1AE5F0F70DF817E5EFF734FE7D
:1022A00014E5EFF7EBFB11E5FBF77CF90EE5EFF733
:1022B00057FA0BE5F8F72CFA08E5FCF7D9FC05E529
:1022C000F2F7E6FB02E5F7F7EDFCFFE4FAF7CEFAEA
:1022D000FCE4F2F715F9F9E4F1F746FFF6E4F1F75B
:1022E000F3FCF3E4FCF7AAF9F0E4F1F75FFBEDE4AB
:1022F000F7F714FBEAE4F5F70DFCE7E4FBF7FAFC6B
:10230000E4E4184B1B68C3E6174B1B68C0E600BF2C
:10231000AFF3008000000000000000004BC600206A
:1023200053C600203333333FCDCCCC3DD09E00206C
:102330004FC600204AC60020A489002000F07F4537
:1023400042C60020209F0020C89E0020249F00201D
:10235000309F002000007A4438180020888900202F
:102360002C9F0020988C0020788C00200D4B1B683F
:102370008EE60D4B1B688BE60C4B1B6888E60C4BFE
:102380001B6885E60B4B1B6882E69FED044B0A4EEB
:10239000C1E6012069E600BFAFF300800000000045
:1023A00000000000908C0020A48C0020808C002075
:1023B000708C0020888C0020309F002008B50AF027
:1023C00063FE124912480AF04FF8124B1249D3F833
:1023D00000C0D3F800E01148114AC1F800E01968C4
:1023E000C0F800C01160D3F800C00E4819680E4B49
:1023F0000E4A1960C0F800C00D490E480CF080FD6F
:102400000D4B00210D4AC3E9002108BDE8880020DA
:1024100054C30020F8C50020E8C20020E4C2002018
:10242000ECC20020F4C20020F0C20020F489002099
:1024300031020000C08C002030C60020D41F0020D4
:102440000020704700B5836C83B08DF807103BB156
:1024500001220DF10701184605F0E6FC03B000BDAE
:10246000C06C0028FAD001220DF1070104F0A8FD8C
:1024700003B000BD836C13B1184605F0E5BBC06C1A
:1024800008B104F099BC7047836C13B1184605F08D
:10249000DFBAC06C08B104F0A5B84FF0FF30704748
:1024A00010B504460AF040FA2046BDE810400AF094
:1024B00047BA00BF91B100B583B0019008460091C2
:1024C0000EF014F9019B02460099D3F800C018469B
:1024D000DCF8043003B05DF804EB1847704700BF28
:1024E000836C13B1184605F09FBCC06C08B104F0B2
:1024F00067BD7047836C53B1187810F008000DD099
:10250000D8695B69C01A48BF6FF000407047C36C60
:10251000A3B193F8310010F0080000D1704718699A
:1025200019685A69401A5B6862EB0303B0F1004F07
:1025300073F10003F2D36FF0004070471846EDE7E7
:10254000836C00B583B05BB101220DF10701184621
:1025500005F094F901280BD19DF8070003B000BDE8
:10256000C06C28B101220DF1070103F071FFF1E702
:102570004FF0FF30F2E700BF70B504460E4600781A
:1025800001212E4D0AF0ECFC002120780AF0E8FC35
:10259000C6F307422B685A66DA6D12F4F81FFBD0B7
:1025A000C6F30722596F5A66DA6D12F4F81FFBD092
:1025B000F6B25A6F5E66DA6D12F4F81FFBD0002295
:1025C000596F5A66DA6D12F4F81FFBD00022596F6A
:1025D0005A66DA6D12F4F81FFBD0207801215E6F85
:1025E0000AF0BEFC164A0021A388F6B212782078C1
:1025F000C3F30B04002A0CBF4FF484134FF44213AF
:102600001C440AF0ADFC2B68220C42F080025A6692
:10261000DA6D12F4F81FFBD0C4F30722596F5A6623
:10262000DA6D12F4F81FFBD0E4B25A6F5C66DA6D13
:1026300012F4F81FFBD05B6F304670BDE8880020B5
:102640005AC60020F8B505460C4600780121174609
:102650000AF086FC002128780AF082FC274EC4F399
:102660000742336842F080025A66D96D11F4F81FB0
:10267000FBD05A6FC4F307225A66D96D11F4F81FC4
:10268000FBD0E4B25A6F5C66D96D11F4F81FFBD031
:102690005A6F5F66DA6D12F4F81FFBD001212878BB
:1026A0005B6F0AF05DFC164B0021AC881B78C4F30D
:1026B0000B0428788B420CBF4FF484134FF4421361
:1026C0001C440AF04DFC3368220C42F080025A662A
:1026D000DA6D12F4F81FFBD0C4F30722596F5A6663
:1026E000DA6D12F4F81FFBD0E4B25A6F5C66DA6D53
:1026F00012F4F81FFBD05B6FF8BD00BFE888002024
:102700005AC6002070B504460E4600780121334DAC
:102710000AF026FC002120780AF022FCC6F30742CA
:102720002B685A66DA6D12F4F81FFBD0C6F3072245
:10273000596F5A66DA6D12F4F81FFBD0F6B25A6F71
:102740005E66DA6D12F4F81FFBD00022596F5A66EC
:10275000DA6D12F4F81FFBD00022596F5A66DA6D59
:1027600012F4F81FFBD0586F0022C0B25A66DA6D1F
:1027700012F4F81FFBD05B6F012140EA032320789D
:102780009EB20AF0EDFB164AA38800211278207849
:10279000C3F30B04002A0CBF4FF484134FF442130D
:1027A0001C440AF0DDFB2B68220C42F080025A66C2
:1027B000DA6D12F4F81FFBD0C4F30722596F5A6682
:1027C000DA6D12F4F81FFBD0E4B25A6F5C66DA6D72
:1027D00012F4F81FFBD05B6F304670BDE888002014
:1027E0005AC6002070B5044682B00E46007801211A
:1027F00001920AF0B5FB002120780AF0B1FB2D4DC3
:10280000C6F30741019A2B6841F080015966D96DE2
:1028100011F4F81FFBD0596FC6F307215966D96D23
:1028200011F4F81FFBD0F6B2596F5E66D96D11F442
:10283000F81FFBD0D1B2586F5966D96D11F4F81F4B
:10284000FBD0C2F30722596F5A66DA6D12F4F81FF3
:10285000FBD0207801215B6F0AF082FB164A002131
:10286000A38812782078C3F30B048A420CBF4FF47C
:1028700084134FF442131C440AF072FB2B68220CA1
:1028800042F080025A66DA6D12F4F81FFBD0C4F3EE
:102890000722596F5A66DA6D12F4F81FFBD0E4B2C2
:1028A0005A6F5C66DA6D12F4F81FFBD05B6F02B0F2
:1028B00070BD00BFE88800205AC6002070B50446ED
:1028C0000D46007801213D4E0AF04AFB0021207898
:1028D0000AF046FBC5F3074233685A66DA6D12F414
:1028E000F81FFBD0C5F30722596F5A66DA6D12F450
:1028F000F81FFBD0EDB25A6F5D66DA6D12F4F81F67
:10290000FBD00022596F5A66DA6D12F4F81FFBD023
:102910000022596F5A66DA6D12F4F81FFBD05A6F15
:10292000002562F3070500225A66DA6D12F4F81FDB
:10293000FBD05A6F62F30F2500225A66DA6D12F44B
:10294000F81FFBD05A6F62F3174500225A66DA6D02
:1029500012F4F81FFBD05B6F0121207863F31F6531
:102960000AF0FEFA164A0021A38812782078C3F3F1
:102970000B04002A0CBF4FF484134FF442131C4481
:102980000AF0EEFA3368220C42F080025A66DA6DE1
:1029900012F4F81FFBD0C4F30722596F5A66DA6DA0
:1029A00012F4F81FFBD0E4B25A6F5C66DA6D12F4D1
:1029B000F81FFBD05B6F284670BD00BFE888002081
:1029C0005AC6002070B5044682B00E460078012138
:1029D00001920AF0C5FA002120780AF0C1FA344DBC
:1029E000C6F30741019A2B6841F080015966D96D01
:1029F00011F4F81FFBD0596FC6F307215966D96D42
:102A000011F4F81FFBD0F6B2596F5E66D96D11F460
:102A1000F81FFBD0D1B2586F5966D96D11F4F81F69
:102A2000FBD0C2F30721586F5966D96D11F4F81F16
:102A3000FBD0C2F30741586F5966D96D11F4F81FE6
:102A4000FBD0120E596F5A66DA6D12F4F81FFBD0E4
:102A5000207801215B6F0AF083FA164A0021A388CF
:102A600012782078C3F30B048A420CBF4FF484130E
:102A70004FF442131C440AF073FA2B68220C42F004
:102A800080025A66DA6D12F4F81FFBD0C4F30722F5
:102A9000596F5A66DA6D12F4F81FFBD0E4B25A6F20
:102AA0005C66DA6D12F4F81FFBD05B6F02B070BD8C
:102AB000E88800205AC6002038B501210546007874
:102AC0000AF04EFA154BAC8800211B78C4F30B04B6
:102AD00028788B420CBF4FF484134FF442131C44EC
:102AE0000AF03EFA0E4B220C1B6842F080025A6636
:102AF000DA6D12F4F81FFBD0C4F30722596F5A663F
:102B0000DA6D12F4F81FFBD0E4B25A6F5C66DA6D2E
:102B100012F4F81FFBD05B6F38BD00BF5AC600200F
:102B2000E888002038B50C460546002100780AF0F8
:102B300017FA1C4BC4F307421B685A66DA6D12F48D
:102B4000F81FFBD0C4F30722596F5A66DA6D12F4EE
:102B5000F81FFBD0E4B25A6F5C66DA6D12F4F81F0E
:102B6000FBD00022596F5A66DA6D12F4F81FFBD0C1
:102B70000022596F5A66DA6D12F4F81FFBD05C6FB1
:102B80000022E4B25A66DA6D12F4F81FFBD05B6FD4
:102B9000012128781B029BB21C430AF0E1F9204670
:102BA00038BD00BFE88800202DE9F041654D0027C1
:102BB0000C2604464FF4A0700AF052F90021207848
:102BC0000AF0CEF92B685E66DA6D12F4F81FFBD0BE
:102BD0005A6F5F66DA6D12F4F81FFBD05A6F5F66AA
:102BE000DA6D12F4F81FFBD05A6F5F66DA6D12F4DB
:102BF000F81FFBD05A6F5F66DA6D12F4F81FFBD036
:102C0000D3F874C05F66DA6D12F4F81FFBD05B6F07
:102C1000012120784FEA03281FFA88F848EA0C08B7
:102C20000AF09EF95FFA88F8B8F1080FC6D10021C2
:102C300020780AF095F90C222B685A66DA6D12F4A6
:102C4000F81FFBD00022596F5A66DA6D12F4F81F94
:102C5000FBD00022596F5A66DA6D12F4F81FFBD0D0
:102C60000022596F5A66DA6D12F4F81FFBD0002269
:102C7000596F5A66DA6D12F4F81FFBD0586F0022B4
:102C8000C0B25A66DA6D12F4F81FFBD05B6F0121F7
:102C90001B029BB243EA000620780AF061F9330A6E
:102CA000294E172B0DD8DFE803F04A4A0C0C0C0C08
:102CB0000C0C0C0C0C0C0C0C0C0C464646460C4830
:102CC000480C03234FF4402120463370FFF72AFFBE
:102CD0001E4A030A012113801D4B207863600AF00D
:102CE0003FF93278A38800212078C3F30B048A428D
:102CF0000CBF4FF484134FF442131C440AF030F914
:102D00002B68220C42F080025A66DA6D12F4F81F2A
:102D1000FBD0C4F30722596F5A66DA6D12F4F81F1C
:102D2000FBD0E4B25A6F5C66DA6D12F4F81FFBD088
:102D30005B6FBDE8F0810123C4E70223C2E70023F3
:102D4000C0E700BFE88800205AC6002040C6002027
:102D50000000FC0F38B5124C2378EBB11149124832
:102D6000FFF7ACFD1149124A0546124B486812683C
:102D7000A3FB023243F60953920C03FB02F24B68A9
:102D80001B1A9A42FBD8237843B106490648FFF73D
:102D900095FD401B800138BD0749E0E70649F5E78E
:102DA0005AC6002008203000EC9E0020001000E0F1
:102DB000E488002083DE1B43082410002DE9F04F37
:102DC00083B00421884C019088480BF07BFD884833
:102DD00009F0B6FD2388012B00F0F780132B00F0DB
:102DE000E580132B00F2D480082182480BF06AFDA5
:102DF0002B217F4809F098FD7D4809F0A1FD0D21A8
:102E00007D480BF05FFD7D4E7D49794809F08CFDD2
:102E1000774809F095FD3378002B00F0B7807949A9
:102E20007948FFF74BFD002301460A22704809F05C
:102E3000AFFD012175480BF045FD3378002B00F004
:102E4000A380734970480025FFF738FD0023014631
:102E50000A22674809F09CFDDFF8E48103216D48F0
:102E6000694C0BF02FFD6C4F614809F069FD01982A
:102E7000FFF770FF40455ED23378002B7BD04FF0D8
:102E8000800A4FF0210B4FF0B009012120780AF0A1
:102E900067F8002120780AF063F83B68C3F8649073
:102EA000DA6D12F4F81FFBD05A6FC3F864B0DA6D14
:102EB00012F4F81FFBD05A6FC3F864A0DA6D12F455
:102EC000F81FFBD05A6F5D66DA6D12F4F81FFBD065
:102ED000012120785B6F0AF043F833780021B4F8C1
:102EE00004A08B420CBF4FF484134FF4421320789C
:102EF000CAF30B0A9A440AF033F83B684FEA1A42C5
:102F000042F080025A66DA6D12F4F81FFBD0CAF361
:102F10000722596F5A66DA6D12F4F81FFBD05FFA78
:102F20008AF2596F5A66DA6D12F4F81FFBD0013538
:102F30005B6F1F2D9BD10F2138480BF0C3FC3378FA
:102F400003B3374900230A22294809F021FD284804
:102F500009F0F6FC042125480BF0B4FC244809F0E4
:102F6000EFFC01212F480BF0ADFC214803B0BDE878
:102F7000F04F09F0E5BC4FF06C0A4FF0250B4FF015
:102F8000900982E72849DDE728495BE7284947E7B8
:102F9000032128480BF096FC0023102221881448B6
:102FA00009F0F6FC124809F0CBFC1DE7032122488A
:102FB0000BF088FC0023102221880D4809F0E8FC62
:102FC0000B4809F0BDFC23880BE704211B480BF0DC
:102FD00079FC002310222188054809F0D9FC044817
:102FE00009F0AEFC2388F9E640C600202419002031
:102FF000888900203C190020481900205AC600206A
:103000000051250234203000EC9E00205819002089
:10301000482030005C190020E8880020601900205A
:103020000C203000541900200C24100044241000FF
:103030003024100038190020341900202C190020E9
:1030400000C6CD02024808B5FFF7FCFA08BD00BF74
:10305000EC9E002038B5184D0121287809F080FF3A
:10306000164BAC8800211B78C4F30B0428788B42E4
:103070000CBF4FF484134FF442131C4409F070FF4B
:103080000F4B220C1B6842F080025A66DA6D12F474
:10309000F81FFBD0C4F30722596F5A66DA6D12F499
:1030A000F81FFBD0E4B25A6F5C66DA6D12F4F81FB9
:1030B000FBD05B6F38BD00BFEC9E00205AC60020DD
:1030C000E8880020024B0121187809F049BF00BFB1
:1030D000EC9E002005460A21B44C00B583B001F0F7
:1030E00095FF284601F0B8FA0021284601F0F0FAD1
:1030F00045F21232AE49284600F008FC4FF0A061BC
:10310000AC4800F05DFA4FF08071AA4800F058FA20
:10311000C8234FF4C8720021A74800F08DFA00239D
:10312000C822A5481946CDE900221A4600F0BAFA8D
:103130002388012B00F01B81132B00F00181132B3E
:1031400000F2E2809B4C9D49204600F039FAE3886A
:10315000032B40F2EF801A1FA18899480431E280C6
:1031600003680722A1805A66DA6D12F4F81FFBD0BB
:103170000022596F5A66DA6D12F4F81FFBD0002254
:10318000596F5A66DA6D12F4F81FFBD02622596F78
:103190005A66DA6D12F4F81FFBD0874C0026894975
:1031A00084485B6F00F00CFA0121204601F09EF884
:1031B000626821683346002A7F480096B8BF013212
:1031C0000029B8BF013152104910643A643992B2F3
:1031D00089B201F005FBFF2233462846114601F073
:1031E000FDF87949734800F0EBF9626821682846D8
:1031F000B242764BB8BF0132002901934FF4C0634D
:103200004FEA6202B8BF013100931D231D3241F322
:103210004F0112B201F054F9626821682846002A71
:103220006B4BB8BF0132002901934FF4C0634FEAE2
:103230006202B8BF0131009314230C3241F34F01F5
:1032400012B201F03DF9626821682846002A614BFC
:10325000B8BF0132002901934FF4C063B8BF0131F8
:1032600042F34F020093142341F34F0101F028F978
:10327000626821682846002A574BB8BF01320029EE
:1032800001934FF4C0634FEA6202B8BF013100936B
:1032900014230C3A41F34F0112B201F011F96268A4
:1032A00021682846002A4D4BB8BF013200290193FE
:1032B0004FF4C0634FEA6202B8BF01310093142398
:1032C000333241F34F0112B201F0FAF8626821681B
:1032D0004FF4C063002A4248B8BF013200294FEAC8
:1032E0006202B8BF01314F3241F34F01CDE90030E6
:1032F00012B21423284601F0E3F8284601F026FA1A
:103300002C4801F059FBFEE736493748FFF7D2F861
:10331000002310222188344809F03AFB324809F092
:103320000FFB2846002101F0EDF800212E48FFF7A1
:10333000B7F807E70421204600F062F8E3880AE7BF
:103340002A492948FFF7B6F8002310222188264889
:1033500009F01EFB244809F0F3FA0021284601F089
:10336000D1F800212048FFF79BF82388E7E62049A1
:103370001D48FFF79FF80023102221881A4809F002
:1033800007FB194809F0DCFA1A4A1B4B11781B4A53
:10339000084800290CBF114619460022FFF752F9D0
:1033A00000211148FFF77CF82388C5E640C60020BD
:1033B000A0280020EC9E002020990020000065023B
:1033C000E888002055000010FF0000107019002050
:1033D000841900209C190020C0190020F019002039
:1033E000041A002038190020888900203419002090
:1033F0002C1900205AC600205820300054241000F8
:1034000083882DE9F04FC3F30B0383B00546DFF843
:10341000A891007800910121AB8009F0A1FD99F8F5
:103420000030002B00F0BD80FC274FF0200AB022B6
:10343000AE8840F6FC74DFF884810021287834409F
:10344000019209F08DFDD8F80030019A5A66DA6DC4
:1034500012F4F81FFBD05A6FC3F864A0DA6D12F4AF
:10346000F81FFBD05A6F5F66DA6D12F4F81FFBD0BD
:1034700006F0FC065A6F5E66DA6D12F4F81FFBD098
:10348000240A5A6F5C66DA6D12F4F81FFBD000262E
:10349000012128785B6F09F063FD99F80030AC8852
:1034A000002B78D0F8274FF0200B4FF0300A002186
:1034B000287809F055FDD8F80010C1F864A0CA6D4D
:1034C00012F4F81FFBD04A6FC1F864B0CB6D13F44F
:1034D000F81FFBD04B6F4F66CB6D13F4F81FFBD07A
:1034E0004B6F4E66CB6D13F4F81FFBD04B6F4E66DF
:1034F000CB6D13F4F81FFBD04A6F4E66D2B2CB6D82
:1035000013F4F81FFBD04F6F012128783F02BFB2A0
:10351000174309F025FD40F6FF739F4246D0E31B99
:10352000009AC3F30B03C3F57F630C339BB2934242
:10353000EB80B2D30121287809F012FD99F8003010
:10354000AC88002128788B420CBF4FF484134FF4D1
:103550004213C4F30B041C4409F002FDD8F80030F8
:10356000220C42F080025A66DA6D12F4F81FFBD08A
:10357000C4F30722596F5A66DA6D12F4F81FFBD0B4
:10358000E4B25A6F5C66DA6D12F4F81FFBD05B6F21
:1035900003B0BDE8F08FE4274FF0240B4FF0100A82
:1035A00085E7E8274FF0240A902241E70148FFF71A
:1035B00091FD00BF209900205AC60020E888002015
:1035C000C3880246032B10B50C4682B02BD9B2F843
:1035D00004C0191FDFF85CE0E0B20CF1040CD180EC
:1035E000DEF80030A2F804C05866DA6D12F4F81F55
:1035F000FBD0C4F30722596F5A66DA6D12F4F81F34
:10360000FBD0C4F30742596F5A66DA6D12F4F81F03
:10361000FBD0240E5A6F5C66DA6D12F4F81FFBD0F3
:103620005B6F02B010BD04210190FFF7E9FE019A23
:10363000D388CCE7E888002010B5C3F3002000242D
:1036400082B040EA420063F30704019360F30F2461
:10365000C2F3C210009240EAC100072160F3174490
:103660000E4861F31F642146FFF7AAFF0C49097851
:10367000DDE9002309B902B010BD120AC3F34123EA
:103680002821064802F00C021A4362F3070461F392
:103690001F642146FFF794FF02B010BDEC9E00208E
:1036A0005AC6002070B543EA4203BDF81060BDF869
:1036B0001450002443EA8103C6F3C11265F30704E2
:1036C000082142EA8303C5F300220F4842EA46027A
:1036D00062F30F2463F3174461F31F642146FFF77D
:1036E0006FFF0A4B1B7803B970BD760AC5F34125FD
:1036F0002923054845EA860565F3070463F31F643B
:103700002146FFF75DFF70BDEC9E00205AC60020E9
:1037100070B5C48882B00E4694426CD38188A41AD6
:10372000082A1144C480818076D9A2F1090106F1EA
:1037300008053B4C1036C1F3CC01AC46236806EBC0
:10374000C10E1CF8080C5866D86D10F4F81FFBD099
:103750001CF8070C5E6F5866D86D10F4F81FFBD08C
:103760001CF8060C5E6F5866D86D10F4F81FFBD07D
:103770001CF8050C5E6F5866D86D10F4F81FFBD06E
:103780001CF8040C5E6F5866D86D10F4F81FFBD05F
:103790001CF8030C5E6F5866D86D10F4F81FFBD050
:1037A0001CF8020C5E6F5866D86D10F4F81FFBD041
:1037B0001CF8010C5E6F5866D86D10F4F81FFBD032
:1037C0000CF1080C586FF445BBD1083AC1EB4133FA
:1037D00005EBC10602EBC30292B22068324416F830
:1037E000013B4366C36D13F4F81FFBD09642436F51
:1037F000F5D102B070BD044611460192FFF700FEFC
:10380000019AE188A388082AA1EB02011344E18010
:10381000A3808AD8024CE0E7002AEAD0FAE700BF8A
:10382000E888002082071FD0F8B5104C451C104FC7
:103830000026E18889B1A38801393A68013389B249
:103840005666A380E180D36D13F4F81FFBD0536F4D
:10385000AB0708D001350029EDD101212046FFF743
:10386000CFFDE188E7E7F8BD704700BFEC9E002080
:10387000E88800202DE9F041224C90F80080E18892
:10388000B8F1000F3BD0064607461F4DA9B1A388EB
:1038900001392A68013389B2C2F86480A380E180CB
:1038A000D36D13F4F81FFBD097F80180536FB8F174
:1038B000000F08D001370029E9D101212046FFF788
:1038C0009FFDE188E3E7BB1B0233DEB289B1A2882A
:1038D000013928680132E1800021A2804166C26D71
:1038E00012F4F81FFBD0426F3046BDE8F041FFF7FD
:1038F00099BF01210348FFF783FDE188E7E701262F
:10390000014DE3E7EC9E0020E88800202DE9F84314
:1039100002F00306CAB14F1E1F4C204DE18802EB96
:10392000070817F8019F00292ED0A38801392A68BB
:10393000013389B2C2F86490A380E180D36D13F49F
:10394000F81FFBD04745536FEBD11EB3124C013625
:10395000124D0027E18889B1A38801392A68013313
:1039600089B25766A380E180D36D13F4F81FFBD0B2
:10397000536FB3070ED001360029EDD1012106485F
:10398000FFF73EFDE188E7E701210348FFF738FD37
:10399000E188CAE7BDE8F883EC9E0020E8880020B3
:1039A00070B51B4C0546E18811B3B4F804C0013969
:1039B000184EEAB20CF1010C89B233681FFA8CFC84
:1039C000E1805A66A4F804C0DA6D12F4F81FFBD047
:1039D0005A6F2D0A91B10CF1010C01395D66A4F802
:1039E00004C0E180DA6D12F4F81FFBD05B6F70BD8C
:1039F00001212046FFF704FDE188D6E701210448B4
:103A0000FFF7FEFCB4F804C0E1883368E3E700BFC9
:103A1000EC9E0020E8880020194808B5C388032BD5
:103A200027D981881A1FDFF85CE04FF0070C0431BA
:103A3000C280DEF800308180C3F864C0DA6D12F411
:103A4000F81FFBD00022596F5A66DA6D12F4F81F86
:103A5000FBD00022596F5A66DA6D12F4F81FFBD0C2
:103A60002622596F5A66DA6D12F4F81FFBD05B6F8D
:103A700008BD0421FFF7C4FC0148C388D1E700BF9B
:103A8000EC9E0020E8880020194808B5C388032B65
:103A900027D981881A1FDFF85CE04FF0000C043151
:103AA000C280DEF800308180C3F864C0DA6D12F4A1
:103AB000F81FFBD00022596F5A66DA6D12F4F81F16
:103AC000FBD00022596F5A66DA6D12F4F81FFBD052
:103AD0002322596F5A66DA6D12F4F81FFBD05B6F20
:103AE00008BD0421FFF78CFC0148C388D1E700BF63
:103AF000EC9E0020E8880020194808B5C388032BF5
:103B000027D981881A1FDFF85CE04FF0000C0431E0
:103B1000C280DEF800308180C3F864C0DA6D12F430
:103B2000F81FFBD00022596F5A66DA6D12F4F81FA5
:103B3000FBD00022596F5A66DA6D12F4F81FFBD0E1
:103B40002222596F5A66DA6D12F4F81FFBD05B6FB0
:103B500008BD0421FFF754FC0148C388D1E700BF2A
:103B6000EC9E0020E88800201A480A46C388032BF0
:103B700010B541F0407482B023D9043B8188C380E2
:103B80000431154B81801B685A66DA6D12F4F81FF8
:103B9000FBD00022596F5A66DA6D12F4F81FFBD081
:103BA0000022596F5A66DA6D12F4F81FFBD0240E0A
:103BB0005A6F5C66DA6D12F4F81FFBD05B6F02B0CF
:103BC00010BD01910421FFF71BFC0248019AC38834
:103BD000D3E700BFEC9E0020E88800201C480A467E
:103BE000C38810B5032B21F07F4482B044F0806479
:103BF00026D9043B8188D2B2C3800431154B818021
:103C00001B685A66DA6D12F4F81FFBD0C4F3072262
:103C1000596F5A66DA6D12F4F81FFBD0C4F30742ED
:103C2000596F5A66DA6D12F4F81FFBD0240E5A6FE2
:103C30005C66DA6D12F4F81FFBD05B6F02B010BD4A
:103C400001910421FFF7DCFB0148019AC388D0E70A
:103C5000EC9E0020E88800201C480A46C38810B566
:103C6000032BC1F30B0482B044F0606425D9043BFC
:103C70008188D2B2C3800431154B81801B685A669B
:103C8000DA6D12F4F81FFBD0C4F30322596F5A66A1
:103C9000DA6D12F4F81FFBD00022596F5A66DA6D04
:103CA00012F4F81FFBD0240E5A6F5C66DA6D12F422
:103CB000F81FFBD05B6F02B010BD01910421FFF72C
:103CC0009FFB0248019AC388D1E700BFEC9E002009
:103CD000E88800201C480A46C38810B5032BC1F3AE
:103CE0000C0482B044F0506425D9043B8188D2B2E0
:103CF000C3800431154B81801B685A66DA6D12F45B
:103D0000F81FFBD0C4F30422596F5A66DA6D12F41F
:103D1000F81FFBD00022596F5A66DA6D12F4F81FB3
:103D2000FBD0240E5A6F5C66DA6D12F4F81FFBD0DC
:103D30005B6F02B010BD01910421FFF761FB0248E7
:103D4000019AC388D1E700BFEC9E0020E8880020DC
:103D50001D4843EA0143C18843EA0222032910B502
:103D600042F0007482B026D983880439D2B2043379
:103D7000C180164983800B685A66DA6D12F4F81F09
:103D8000FBD0C4F30722596F5A66DA6D12F4F81F9C
:103D9000FBD0C4F30742596F5A66DA6D12F4F81F6C
:103DA000FBD0240E5A6F5C66DA6D12F4F81FFBD05C
:103DB0005B6F02B010BD04210192FFF721FB0248A6
:103DC000019AC188D0E700BFEC9E0020E88800205F
:103DD00024482DE9F0419846C3880E461746032B28
:103DE000BDF818409DF81C5036D9043B2C22C380E6
:103DF0008388043383801C4B1B685A66DA6D12F487
:103E0000F81FFBD05A6FFF225A66DA6D12F4F81FC2
:103E1000FBD05A6FFF225A66DA6D12F4F81FFBD0FE
:103E20005A6FFF225A66DA6D12F4F81FFBD0B0B257
:103E30005B6FFFF7B5FDB8B2FFF7B2FD4046FFF785
:103E4000AFFD2046FFF7ACFD2846FFF7A9FD002097
:103E5000BDE8F041FFF7A4BD0421FFF7D1FA014806
:103E6000C388C2E7EC9E0020E888002029482DE99D
:103E7000F0479A46C38888469146032B9DF8204018
:103E8000BDF82450BDF828600B9F3CD9043B12229A
:103E9000C3808388043383801F4B1B685A66DA6DA6
:103EA00012F4F81FFBD05A6FFF225A66DA6D12F433
:103EB000F81FFBD05A6FFF225A66DA6D12F4F81F12
:103EC000FBD05A6FFF225A66DA6D12F4F81FFBD04E
:103ED0001FFA88F05B6FFFF763FD1FFA89F0FFF7A9
:103EE0005FFD1FFA8AF0FFF75BFD2046FFF758FDE4
:103EF0002846FFF755FD3046FFF752FD3846BDE82E
:103F0000F047FFF7B7BC0421FFF77AFA0148C388EE
:103F1000BCE700BFEC9E0020E88800202DE9F047B8
:103F2000074629489A468846C3889146BDF82040EE
:103F3000032B9DF82450BDF828603ED9043B0D2288
:103F4000C380838804338380204B1B685A66DA6DF4
:103F500012F4F81FFBD05A6FFF225A66DA6D12F482
:103F6000F81FFBD05A6FFF225A66DA6D12F4F81F61
:103F7000FBD05A6FFF225A66DA6D12F4F81FFBD09D
:103F80001FFA88F05B6FFFF70BFD1FFA89F0FFF750
:103F900007FD5046FFF704FD2046FFF701FD2846C8
:103FA000FFF7FEFC3046FFF7FBFC0B98FFF762FCC7
:103FB000FF2387F86030BDE8F0870421FFF720FA7F
:103FC0000148C388BAE700BFEC9E0020E8880020C3
:103FD0002DE9F047074629489A468846C388914606
:103FE000BDF92040032B9DF82450BDF828603FD92F
:103FF000043B0E22C380838804338380204B1B68DC
:104000005A66DA6D12F4F81FFBD05A6FFF225A6617
:10401000DA6D12F4F81FFBD05A6FFF225A66DA6D80
:1040200012F4F81FFBD05A6FFF225A66DA6D12F4B1
:10403000F81FFBD01FFA88F05B6FFFF7B1FC1FFA87
:1040400089F0FFF7ADFC1FFA8AF0FFF7A9FCA0B2D8
:10405000FFF7A6FC2846FFF7A3FC3046FFF7A0FCBD
:104060000B98FFF707FCFF2387F86030BDE8F08767
:104070000421FFF7C5F90148C388B9E7EC9E002089
:10408000E88800202DE9F84F80462B489B4689465A
:10409000C3889246BDF82840032BBDF82C50BDF8CC
:1040A0003060BDF8347041D9043B1022C38083884E
:1040B00004338380214B1B685A66DA6D12F4F81FB3
:1040C000FBD05A6FFF225A66DA6D12F4F81FFBD04C
:1040D0005A6FFF225A66DA6D12F4F81FFBD05A6F3E
:1040E000FF225A66DA6D12F4F81FFBD01FFA89F02E
:1040F0005B6FFFF755FC1FFA8AF0FFF751FC58463B
:10410000FFF74EFC2046FFF74BFC2846FFF748FC24
:104110003046FFF745FC3846FFF742FC0020FFF72A
:104120003FFCFF2388F86030BDE8F88F0421FFF7DB
:1041300067F90148C388B7E7EC9E0020E8880020B3
:104140001A480A46C388032B10B541F0A06482B018
:1041500023D9043B8188C3800431154B81801B68BF
:104160005A66DA6D12F4F81FFBD00022596F5A66B6
:10417000DA6D12F4F81FFBD00022596F5A66DA6D1F
:1041800012F4F81FFBD0240E5A6F5C66DA6D12F43D
:10419000F81FFBD05B6F02B010BD01910421FFF747
:1041A0002FF90248019AC388D3E700BFEC9E002094
:1041B000E88800201A480A46C388032B10B541F04E
:1041C000805482B023D9043B8188C3800431154BCD
:1041D00081801B685A66DA6D12F4F81FFBD000224A
:1041E000596F5A66DA6D12F4F81FFBD00022596F2E
:1041F0005A66DA6D12F4F81FFBD0240E5A6F5C6613
:10420000DA6D12F4F81FFBD05B6F02B010BD0191A4
:104210000421FFF7F5F80248019AC388D3E700BFED
:10422000EC9E0020E888002070B52E4D0C46E988F1
:10423000032949D9A88804392B4E0A22043089B2AF
:10424000336880B2E9805A66A880DA6D12F4F81FEC
:10425000FBD05A6FFF225A66DA6D12F4F81FFBD0BA
:104260005A6FFF225A66DA6D12F4F81FFBD05A6FAC
:10427000FF225A66DA6D12F4F81FFBD003295A6F39
:1042800028D904300439E2B2A880E9805A66DA6D90
:1042900012F4F81FFBD0C4F30722596F5A66DA6D87
:1042A00012F4F81FFBD0C4F30742596F5A66DA6D57
:1042B00012F4F81FFBD0240E5A6F5C66DA6D12F40C
:1042C000F81FFBD05B6F70BD04212846FFF798F8FC
:1042D000E988AFE704210348FFF792F8A888E98846
:1042E0003368CEE7EC9E0020E88800201A4AD38885
:1042F000032B70B506460C4641F0F85524D9043B13
:104300009188D3800431154B91801B685C66DA6D0F
:1043100012F4F81FFBD00022596F5A66DA6D12F4BE
:10432000F81FFBD00022596F5A66DA6D12F4F81F9D
:10433000FBD02D0E5A6F5D66DA6D12F4F81FFBD0BC
:104340005B6F86F8604070BD10460421FFF758F897
:10435000014AD388D3E700BFEC9E0020E888002004
:104360001C480A46C38810B5032B21F07F4482B055
:1043700044F0807426D9043B8188D2B2C3800431D2
:10438000154B81801B685A66DA6D12F4F81FFBD05A
:10439000C4F30722596F5A66DA6D12F4F81FFBD086
:1043A000C4F30742596F5A66DA6D12F4F81FFBD056
:1043B000240E5A6F5C66DA6D12F4F81FFBD05B6F47
:1043C00002B010BD01910421FFF71AF80148019ACB
:1043D000C388D0E7EC9E0020E88800201B48B0F896
:1043E00006C0BCF1030F30B50C4683B0154623D987
:1043F000174AACF1040C1268A0F806C05366838813
:1044000004338380D36D13F4F81FFBD0536F5566CC
:10441000D36D13F4F81FFBD0536F5466D36D13F4B0
:10442000F81FFBD00423516F5366D36D13F4F81FAC
:10443000FBD0536F03B030BD04210193FEF7E0FFC2
:104440000248019BB0F806C0D2E700BFEC9E0020F6
:10445000E8880020184AD388032B10B5044624D9D5
:104460009088191FDFF854C00430D180DCF8003088
:1044700090805C66DA6D12F4F81FFBD0FF22596F52
:104480005A66DA6D12F4F81FFBD0FF22596F5A6694
:10449000DA6D12F4F81FFBD0FF22596F5A66DA6DFD
:1044A00012F4F81FFBD05B6F10BD10460421FEF71D
:1044B000A7FF014AD388D3E7EC9E0020E8880020BC
:1044C00030B585B005460C200193BDF82040CDE9FC
:1044D0000221FFF7BFFFBDF80C00FFF761FABDF83E
:1044E0000800FFF75DFA0198FFF75AFA2046FFF738
:1044F00057FA0998FFF7BEF9012385F8603005B037
:1045000030BD00BF70B50D460446104E3620FFF793
:10451000A1FF29460E48FFF753F833789BB10D49A8
:104520000B48FEF7EFF83378206053B10A4908488A
:10453000FEF7E8F8AB07606002D52368C4E9000322
:1045400070BD0649F3E70649EAE700BF5AC60020F6
:10455000EC9E00203420300048203000442410001D
:10456000302410002DE9F84F394D9B46804689468E
:10457000EB889246BDF82870032B0B9C5CD9043B5A
:10458000344E2E22EB80AB880433AB8033685A66FE
:10459000DA6D12F4F81FFBD05A6FFF225A66DA6DFB
:1045A00012F4F81FFBD05A6FFF225A66DA6D12F42C
:1045B000F81FFBD05A6FFF225A66DA6D12F4F81F0B
:1045C000FBD01FFA89F05B6FFFF7EAF91FFA8AF058
:1045D000FFF7E6F95846FFF7E3F93846FFF7E0F949
:1045E000EB88032B2ED9043BE2B2EB8033685A668A
:1045F000AA880432AA80DA6D12F4F81FFBD0C4F343
:104600000722596F5A66DA6D12F4F81FFBD0C4F313
:104610000742596F5A66DA6D12F4F81FFBD0240E68
:104620005A6F5C66DA6D12F4F81FFBD001225B6FE3
:1046300088F86020BDE8F88F04212846FEF7E0FEE8
:10464000EB889CE704210248FEF7DAFEEB88CAE714
:10465000EC9E0020E88800201B4AD388032B10B56D
:1046600004462AD99088191FDFF860C00430D18031
:10467000DCF80030908000225A66DA6D12F4F81FE0
:10468000FBD0FF22596F5A66DA6D12F4F81FFBD087
:10469000FF22596F5A66DA6D12F4F81FFBD0FF2221
:1046A000596F5A66DA6D12F4F81FFBD0FF2104220D
:1046B0005B6F84F86010227310BD10460421FEF772
:1046C0009FFE014AD388CDE7EC9E0020E8880020B9
:1046D00038B51C4D0C466FF0DD012846FEF770FF23
:1046E000EB88032B27D9A9881A1FDFF85CC0E0B23A
:1046F0000431EA80DCF80030A9805866DA6D12F4E3
:10470000F81FFBD0C4F30722596F5A66DA6D12F412
:10471000F81FFBD0C4F30742596F5A66DA6D12F4E2
:10472000F81FFBD0240E5A6F5C66DA6D12F4F81F86
:10473000FBD05B6F38BD04212846FEF761FEEB8895
:10474000D1E700BFEC9E0020E8880020224AD388F1
:10475000032B10B5044637D99088191FDFF87CC0A9
:104760000430D180DCF80030908000225A66DA6D87
:1047700012F4F81FFBD00022596F5A66DA6D12F45A
:10478000F81FFBD00022596F5A66DA6D12F4F81F39
:10479000FBD00022596F5A66DA6D12F4F81FFBD075
:1047A00001205B6FFFF756FE2620FFF753FE002027
:1047B000FFF750FEFF2204230021074884F8602001
:1047C0002373FEF71DFE10BD10460421FEF718FEF0
:1047D000014AD388C0E700BFEC9E0020E888002093
:1047E00030B583B015019DF8180045EA530500F077
:1047F0007F00EDB240EAC310C3B24801C1F3C70164
:1048000040EA1212184841F08004C188D2B203294C
:1048100020D90439C1808188043181801349096815
:104820004B66CB6D13F4F81FFBD04B6F4D66CB6D11
:1048300013F4F81FFBD04B6F4A66CB6D13F4F81FCF
:10484000FBD04B6F4C66CB6D13F4F81FFBD04B6F56
:1048500003B030BD0421CDE90032FEF7D1FD02489E
:10486000DDE90032C188D4E7EC9E0020E888002012
:1048700070B54F4C82B00D46E088032879D9B4F862
:1048800004C004384B4E24210CF1040C80B2336870
:104890001FFA8CFCE0805966A4F804C0D96D11F4AD
:1048A000F81FFBD0596FFF215966D96D11F4F81F1D
:1048B000FBD0596FFF215966D96D11F4F81FFBD059
:1048C000596FFF215966D96D11F4F81FFBD00328E9
:1048D000596F61D90CF1040C0438E9B21FFA8CFC51
:1048E00080B25966A4F804C0E080D96D11F4F81FB5
:1048F000FBD0596FC5F307215966D96D11F4F81F24
:10490000FBD0596FC5F307415966D96D11F4F81FF3
:10491000FBD02D0E596F5D66D96D11F4F81FFBD0D9
:104920000328596F2DD90CF1040C0438D1B2A4F826
:1049300004C0E0805966D96D11F4F81FFBD0C2F3B2
:104940000721586F5966D96D11F4F81FFBD0C2F3D7
:104950000741586F5966D96D11F4F81FFBD0120E3C
:10496000596F5A66DA6D12F4F81FFBD05B6F02B014
:1049700070BD204604210192FEF742FDE088019AB5
:104980007DE70B4804210192FEF73AFDB4F804C01C
:10499000E0883368019AC6E7054804210192FEF7D2
:1049A0002FFDB4F804C0E0883368019A92E700BF95
:1049B000EC9E0020E88800208388012123F47043C6
:1049C0002DE9F04723F003030446624F0078A380EB
:1049D00008F0C6FA3B78002B00F0B2804FF0FC08DC
:1049E0004FF020094FF0B00A5B4E00212078A588D7
:1049F00008F0B6FA3368C3F864A0DA6D12F4F81F51
:104A0000FBD05A6FC3F86490DA6D12F4F81FFBD034
:104A10005A6FC3F86480DA6D12F4F81FFBD05A6F36
:104A2000EAB25A66DA6D12F4F81FFBD02D0A5A6FFB
:104A30005D66DA6D12F4F81FFBD0002501212078A5
:104A40005B6F08F08DFA3B78002B72D04FF0F808BE
:104A50004FF020094FF0300A0021207808F080FA4A
:104A60003368C3F864A0DA6D12F4F81FFBD05A6FF4
:104A7000C3F86490DA6D12F4F81FFBD05A6FC3F8D4
:104A80006480DA6D12F4F81FFBD05A6F5D66DA6D40
:104A900012F4F81FFBD05A6F5D66DA6D12F4F81F3E
:104AA000FBD05A6F5D665FFA82FCDA6D12F4F81F74
:104AB000FBD05B6F012120784FEA03281FFA88F8AA
:104AC00048EA0C0808F04CFA40F6FF7398453ED0CF
:104AD000A3884345B7D12078012108F041FA3A78FC
:104AE000A38800212078C3F30B048A420CBF4FF443
:104AF00084134FF442131C4408F032FA3368220C3A
:104B000042F080025A66DA6D12F4F81FFBD0C4F34B
:104B10000722596F5A66DA6D12F4F81FFBD0E4B21F
:104B20005A6F5C66DA6D12F4F81FFBD05B6FBDE85C
:104B3000F0874FF0E4084FF024094FF0100A8BE79C
:104B40004FF0E8084FF024094FF0900A4CE7034873
:104B5000FEF7C0FA5AC60020E888002020990020FD
:104B6000024808B5FFF728FF08BD00BFEC9E0020F3
:104B700070B504460020FFF76DFC0423FF222220BD
:104B8000237384F86020FFF765FC00215B48FEF783
:104B900017FD40F29B725A495A48FEF7B7FE4FF094
:104BA000A0615648FEF70CFD574D4FF080715348F9
:104BB000FEF706FD55495148FEF702FD2B78002B04
:104BC00040F0918052494D48FEF7FAFC2B78002BBB
:104BD00040F08E804F494948FEF7F2FC4E49474865
:104BE000FEF7EEFC4D494548FEF7EAFC454D012332
:104BF0004B49424885F86030FEF7E2FC49493F489E
:104C0000FEF7DEFC2B686A680021002BB8BF013379
:104C1000002A4FEA6303B8BF0132323B52109BB205
:104C2000323A580192B2DB0840EA1210120163F0E6
:104C30007F0362F30F2160F31741304863F31F6174
:104C4000FEF7BEFC38492D48FEF7BAFC6FF07B41F9
:104C50002A48FEF7B5FC2E686D680C20002EB8BF00
:104C60000136002DB8BF01357610FFF7F3FB6D104C
:104C7000B0B2FEF795FEA8B2FEF792FE1D20FEF739
:104C80008FFE4FF40070FEF78BFE2848FEF7F2FD12
:104C90000123092084F86030FFF7DCFBFF2117486F
:104CA000FEF78EFC0A20FFF7D5FB4FF47F41134837
:104CB000FEF786FC1520FFF7CDFBFF20FFF7CAFBB0
:104CC0000E48FFF779FE2620FFF7C4FB0020FFF710
:104CD000C1FBFF2204230021084884F860202373CD
:104CE000FEF78EFB70BD12490448FEF769FC69E7C8
:104CF00010490248FEF764FC6CE700BFEC9E002000
:104D000004210020209900205AC600207A5401076F
:104D10007AAA000835003502070000260100001FAE
:104D200000FFFF0455000010FF000010341A00209F
:104D30000054012800AA00292DE9F84FDFF8B882B5
:104D40000746AB48FFF738FE98F80030A84E01211F
:104D5000002BA84D30780CBF1024302408F000F947
:104D60000021307808F0FCF82A685466D36D13F4FB
:104D7000F81FFBD0536F90235366D36D13F4F81FC5
:104D8000FBD0536F00235366D36D13F4F81FFBD091
:104D9000536F00235366D36D13F4F81FFBD0536F8A
:104DA00007F10F0107F1130400205066D36D13F4CF
:104DB000F81FFBD0536F01F8013F8C4201D02A68E5
:104DC000F3E70121307808F0CBF898F80030B2888A
:104DD0000021002B3078C2F30B020CBF4FF4841378
:104DE0004FF4421302EB030908F0BAF82B684FEABC
:104DF000194242F080025A66DA6D12F4F81FFBD0B5
:104E00005A6FC9F307225A66DA6D12F4F81FFBD005
:104E10005FFA89F2596F5A66DA6D12F4F81FFBD007
:104E20005B6F98F80030002B00F0E8804FF020090D
:104E30004FF0210B4FF0300A0121307808F090F844
:104E40000021307808F08CF82A68C2F864A0D36D8D
:104E500013F4F81FFBD0536FC2F864B0D36D13F492
:104E6000F81FFBD0536FC2F86490D36D13F4F81F92
:104E7000FBD0536F00235366D36D13F4F81FFBD0A0
:104E8000536F07F1200000215166D36D13F4F81F12
:104E9000FBD0536F04F8013F844201D02A68F3E746
:104EA0000121307808F05CF898F80030B2880021D1
:104EB000002B3078C2F30B020CBF4FF484134FF475
:104EC0004213D41808F04CF82B68220C42F08002F0
:104ED0005A66DA6D12F4F81FFBD05A6FC4F307223A
:104EE0005A66DA6D12F4F81FFBD0E4B2596F5C66B3
:104EF000DA6D12F4F81FFBD05B6F98F80030002BCE
:104F000070D07C244FF020094FF0300A0121307816
:104F100008F026F80021307808F022F82B68C3F852
:104F200064A0DA6D12F4F81FFBD05A6FC3F86490D6
:104F3000DA6D12F4F81FFBD05A6F5C66DA6D12F46A
:104F4000F81FFBD05A6F00225A66DA6D12F4F81F70
:104F5000FBD05A6F00225A66DA6D12F4F81FFBD0AC
:104F60005B6F0121307887F8213007F0F9FF98F85E
:104F70000030B4880021002B3078C4F30B040CBF40
:104F80004FF484134FF442131C4407F0E9FF2B68DD
:104F9000220C42F080025A66DA6D12F4F81FFBD040
:104FA000C4F30722596F5A66DA6D12F4F81FFBD06A
:104FB000E4B25A6F5C66DA6D12F4F81FFBD0B7F9F1
:104FC0001A20B7F9181012F500404FEA02124FEA02
:104FD00001115B6F18BF0120C7E9092187F8220082
:104FE000BDE8F88F78244FF024094FF0100A8DE7C0
:104FF000EC9E0020E88800205AC600204FF00C09E3
:105000004FF0250B4FF0100A16E700BF2DE9F84FBF
:10501000A94C8246C8B2A94D0121207007F0C2FFF9
:105020000121207807F09CFF284601F041F8EB7C35
:10503000002B31D072B6EB7CDE0708D54FF0E021B3
:105040006869D1F880210240C1F88021AA629807DE
:1050500008D54FF0E021A869D1F884210240C1F8B9
:105060008421EA62590708D54FF0E021E869D1F8B8
:1050700088210240C1F888212A631A0708D54FF019
:10508000E021286AD1F88C210240C1F88C216A63A2
:10509000DB0600F1F38262B68949AB688B4200F00F
:1050A0003783884BA9609B69874AC3F30116C3F312
:1050B0008263864852F826200133B2FBF3F2824223
:1050C00000F2C8820023EB602A68002603212078C2
:1050D000166151623146136407231366012313617D
:1050E00007F03EFF2B685E66DA6D12F4F81FFBD006
:1050F0000022596F5A66DA6D12F4F81FFBD00022B5
:10510000596F5A66DA6D12F4F81FFBD0012120782E
:105110005B6F07F025FF0021207807F021FF682250
:105120002B685A66DA6D12F4F81FFBD00022596F13
:105130005A66DA6D12F4F81FFBD00022596F5A66D6
:10514000DA6D12F4F81FFBD0614F0121207807F5CA
:1051500092665B6F07F004FFFF230021304687F85B
:10516000BC3487F8C81405F081FA3046C7F88C645F
:1051700004F01EFD30B90123D7F88C1438461A46C6
:1051800003F03EFE4C48FDF70FFD52494A48FEF73A
:1051900017FA514E5046FFF7D9FA4748FFF70CFC73
:1051A0003378002B00F090824C4900224248FDF7F2
:1051B00049FA3378002B00F0A982494983223E48FE
:1051C000FDF740FA3378002B00F09E82454F3946B8
:1051D0003948FDF7D1F960F07F0239463648D2B23E
:1051E000FDF730FA3B493448FEF7EAF95046FFF73D
:1051F000ADFA3378002B00F085823B494FF4F07212
:105200002D48FDF7DFFB3378002B00F0798237491A
:105210004FF409722848FDF7D5FB3378002B00F0D6
:105220006D8233492B222448FDF7CCFB3378002BC9
:1052300000F062822F4900221F48FDF7C3FB33783C
:10524000002B00F057822C4929221B48FDF7BAFB9E
:105250003378002B00F04C8228494FF488721648AE
:10526000FDF7B0FB3378002B00F0408224494FF467
:1052700092721148FDF7A6FB3378002B00F03482C0
:1052800020490C220C48FDF79DFB3378002B00F0E1
:1052900029821D4900220848FDF794FB3378002B32
:1052A00000F01E8219490A220348FDF78BFB337870
:1052B000002B00F013822BE0EC9E0020E8880020F9
:1052C0000051250200C00F40B47B0020FF50250292
:1052D00084990020070000265AC60020D420300000
:1052E0009020300094203000342030002C203000FA
:1052F00030203000382030003C2030004820300082
:1053000040203000442030004C203000502030003D
:10531000B6490522B648FDF755FB3378002B00F05F
:10532000DB81B4490122B248FDF74CFB3378002BF6
:1053300000F0D081B0490122AD48FDF743FB33783E
:10534000002B00F0C581AD490122A948FDF73AFBC9
:10535000A748FFF731FB3378002B00F0B381A84951
:10536000A348FDF7CFF93378CAF80000002B00F00E
:10537000A781A4499E48FDF7C5F90023E288984615
:105380001F46CAF80400CAF80830032A48F0A0698A
:1053900040F28E81A088043A2B68043092B2C3F8A0
:1053A000648080B2E280A080D96D11F4F81FFBD038
:1053B000C9F30721D3F874C05966D96D11F4F81FE9
:1053C000FBD0C9F30741D3F874C05966D96D11F405
:1053D000F81FFBD04FEA1961D3F874C05966D96D34
:1053E00011F4F81FFBD0032A596F40F259810430A1
:1053F000043A5F6680B292B2A080E280D96D11F467
:10540000F81FFBD0596F5F66D96D11F4F81FFBD000
:10541000596F5F66D96D11F4F81FFBD02821D3F8BE
:1054200074C05966D96D11F4F81FFBD0032A596F67
:1054300040F22E81043A04305F6692B2A080E2808E
:10544000D96D11F4F81FFBD0596F5F66D96D11F457
:10545000F81FFBD0596F5F66D96D11F4F81FFBD0B0
:105460002921586F5966D96D11F4F81FFBD008F146
:1054700001085B6FB8F1200F87D163495C48FEF7E4
:105480009FF85046FFF762F95F495948FEF798F8D0
:105490005046FFF75BF95C495548FEF791F85046D6
:1054A000FFF754F93378002B00F00881574F1A208A
:1054B000FEF7D0FF39464E48FEF782F804214C48EB
:1054C000FEF77EF880214A48FEF77AF80021484826
:1054D000FDF796FF002007F0FBFD0746002800F0CF
:1054E000198100244A4DDFF838813378002B0CBF36
:1054F0002F46474627440134204607F0E9FD394648
:1055000002463B48FDF79EF8182CEED13378002B6D
:1055100000F0DC803F494FF496623548FDF762F9B0
:10552000FF254FF07733042450468AF86050CAF8BC
:105530005C308AF80C40FDF741FC0020FEF78AFF42
:105540008AF860508AF80C4033492948FEF738F849
:105550002D492748FEF734F8DAF80050DAF804400D
:105560000C20002DB8BF0135002CB8BF01346D10E0
:10557000FEF770FF6410A8B2FEF712FAA0B2FEF7B1
:105580000FFA1E20FEF70CFA4FF4C060FEF708FA7F
:105590002248FEF76FF9DAF800500122DAF80440E9
:1055A000002D4FF016008AF86020B8BFAD18FEF746
:1055B00051FF6D10A8B2FEF7F3F907EE904A002CE8
:1055C000B8EEE75BB8BF0134641007EE904A9FED78
:1055D000056BB8EEE77BA5EE067BBDEEC77B21E051
:1055E000AFF300809A9999999999B93F702030004A
:1055F000EC9E00206C2030006820300060203000DD
:10560000342030004820300007000026D42030002D
:105610001C25100018213000005500024C1A0020F3
:105620005021300017EE103A98B2FEF7B9F9012078
:10563000FEF7B6F90020FEF7B3F95046FFF786F8FB
:105640004FF004516F48FDF7BBFF6E48FFF7B4F908
:10565000BDE8F88F6C4BA3FB02035B0EB2FBF3F2C9
:105660008A4288BF0133022B38BF02235A08023B0B
:10567000013A02EB022243EA022324E54FF0E02242
:10568000696AD2F890310B40AB63C2F8903102E501
:105690005C480421FDF7B4FEA088E2882B68C9E6C7
:1056A00058480421FDF7ACFEA088E2882B689EE6EE
:1056B00004215448FDF7A4FEE2886BE6534FF6E65A
:1056C000534957E653494BE650496EE5524922E7A4
:1056D000524939E652492EE6524923E6524918E624
:1056E0005249E0E55249D5E55249CAE55249BEE57D
:1056F0004749B2E55149A7E551499CE5514991E532
:10570000514985E5434979E5504F60E5504955E5F4
:10571000EB68D9E4B846BB465046FFF729FA337820
:1057200001214C4A002B4C4B207818BF134608EB44
:105730000309884407F014FC0021207807F010FCCE
:105740002B684FEA19425A66DA6D12F4F81FFBD043
:10575000C9F30722596F5A66DA6D12F4F81FFBD0AD
:105760005FFA89F2596F5A66DA6D12F4F81FFBD0AE
:105770005A6FC3F864B0DA6D12F4F81FFBD05A6F99
:10578000C3F864B0DA6D12F4F81FFBD05B6F01212F
:1057900020785FFA83F907F0E3FB00213378A288D1
:1057A0008B420CBF4FF484134FF442132078C2F3A2
:1057B0000B02D71807F0D4FB2B68390C41F080019D
:1057C0005966D96D11F4F81FFBD0C7F30721586F44
:1057D0005966D96D11F4F81FFBD0FAB2596F5A66A9
:1057E000DA6D12F4F81FFBD0494640465B6F07F0B4
:1057F00089FDB8F1180F92D10121002007F082FD38
:1058000084E600BFEC9E0020B5FA9BEEC424100095
:105810004424100030241000042510005C241000E3
:1058200064241000682410006C2410004C24100024
:1058300048241000402410003C241000382410009C
:10584000342410002C241000282410009024100070
:105850008C241000502130001C2510002DE9F04F41
:10586000A34C89B00E4601212078039207F078FB03
:10587000B26C002A00F0028233689E491B690791CE
:105880008B4240F02782137813F0080549D102219A
:10589000994809F017F82946984807F045F8DFF8C5
:1058A000689206219648DFF864B209F00BF8934835
:1058B00007F046F82078012107F052FB9BF8002002
:1058C000A38800212078C3F30B048A420CBF4FF455
:1058D00084134FF442131C4407F042FBD9F8003004
:1058E000220C42F080025A66DA6D12F4F81FFBD0E7
:1058F000C4F30722596F5A66DA6D12F4F81FFBD011
:10590000E4B25A6F5C66DA6D12F4F81FFBD099F8B6
:1059100013205B6F002A40F07381012009B0BDE8BD
:10592000F08FD1695369CB1A049300F1D78102211A
:10593000714808F0C7FF049D7048294606F0F4FF3F
:1059400006216F4808F0BEFF6C4806F0F9FF002DF5
:1059500040F313820023DFF8B091DFF8B0B1029377
:1059600008E018460022674901F088FF049B029A6C
:1059700093429FDD3368079A1B69934240F0EC80A5
:10598000B36C002B00F0C4801A781207E9D5DA69ED
:105990005969521A03D4B2F5005F40F3F5801846F6
:1059A0004FF40052029B57491344069301F066FFDF
:1059B0004FF400530193DDF8048000270596B8F5F5
:1059C000006F4FF0010120784546A8BF4FF40065F5
:1059D00007F0C6FA9BF800300021A288ADB2002B78
:1059E0002078C2F30B0205F103060CBF4FF48413B9
:1059F0004FF4421326F0030602EB030A07F0B0FA55
:105A0000D9F800304FEA1A4141F080015966DA6D49
:105A100012F4F81FFBD0596FCAF307215966DA6DEB
:105A200012F4F81FFBD05FFA8AF2596F5A66DA6DEA
:105A300012F4F81FFBD05B6F039B1BB1029A049911
:105A4000D01998472F4BB2B22948A8EB0508D919AD
:105A50002F44FDF75DFEA3880121207823F0030386
:105A60001B051B0DA38007F07BFA9BF80030002B71
:105A700039D0FC264FF0200AB02200212078009275
:105A8000A58807F06DFAD9F80010009A4A66CB6D28
:105A900013F4F81FFBD04A6FC1F864A0CB6D13F468
:105AA000F81FFBD04B6F4E66CB6D13F4F81FFBD085
:105AB0004B6FEBB24B66CB6D13F4F81FFBD02D0A86
:105AC0004B6F4D66CB6D13F4F81FFBD04B6F01216C
:105AD000207807F045FA019B9F42FFF670AFDDE9A1
:105AE0000563029342E7E8264FF0240A9022C4E7B8
:105AF000EC9E0020C93801005C1A00208889002033
:105B0000601A0020A49F0020E88800205AC60020C8
:105B1000F06C00283FF42AAF90F831301B0766D5AF
:105B20000268036941689B1A426962EB0102B3F1A2
:105B3000004F72F1000202D2B3F5005F57DD029B05
:105B400003F5005306934FF400528E4900F080FC99
:105B50004FF4005301932EE730469847B0F5005FAD
:105B600027DD029BB06C03F500530693002840F03C
:105B7000C980F06C0028E6D14FF4005301931AE776
:105B80001A7817077FF5EDAEDA695969521A00F1F4
:105B9000948092B202991144019206911846794973
:105BA00001F06CFE019B002B7FF405AF069B029376
:105BB000DCE63368079A1B69934211D03046984758
:105BC000029985B2D6E9123029442A4601950691F8
:105BD000002BE3D10028E5D06A4900F039FCE1E769
:105BE000B36C002BCCD1F06C00283FF4BFAE90F822
:105BF000313013F008022DD1624900F029FCB5E6DE
:105C0000D50705D5D9F828104FF0E023C3F80011C7
:105C1000940705D5D9F82C104FF0E023C3F80411F0
:105C2000500705D5D9F830104FF0E023C3F808111C
:105C3000110705D5D9F834104FF0E023C3F80C1143
:105C4000D3067FF56AAED9F838204FF0E023C3F8C9
:105C5000102162E6036802694168D21A436963EB66
:105C60000103B2F1004F73F10003029B28BF6FF0F4
:105C7000004292B2134401920693ADE7F26C002AFF
:105C800049D0336840491B6907918B4222D192F871
:105C9000313013F008053FF4FAAD116813695B1A4F
:105CA0005169526861EB0202B3F1004F72F10002D8
:105CB00028BF6FF00043049339E618464FF6FF7291
:105CC000029B30491344069301F0D8FD4FF6FF7351
:105CD000019370E630469847049028E602212B484D
:105CE00008F0F0FD6FF00041294806F01DFE062186
:105CF000284808F0E7FD264806F022FE6FF0004332
:105D0000049327E64FF400521E4901F0B7FD4FF40B
:105D1000005301934FE6DFF880902046FCF7CCFE5D
:105D200099F813303BB3DE0705D5D9F828104FF0AA
:105D3000E022C2F800119D0705D5D9F82C104FF0CC
:105D4000E022C2F804115C0705D5D9F830104FF0F5
:105D5000E022C2F80811180705D5D9F834104FF021
:105D6000E022C2F80C11D90605D5D9F838204FF039
:105D7000E023C3F810210020D0E5DFF81C90DFF805
:105D80001CB097E5A49F0020C93801005C1A0020D0
:105D900088890020601A0020E88800205AC6002068
:105DA000F0B50023A9B00C464FF47A7106461746A9
:105DB00000201A4A8DF80C3000922246184DCDE989
:105DC00001310021CDE91201164914A803F086F82B
:105DD000159B18A904A80193169B02939DF85C30AB
:105DE0008DF80C3002F04CFF18A8149502F0A2FFB9
:105DF00034B120460AF07AFC0146204608F062FDE4
:105E00003A4669463046FFF729FD044604A8009546
:105E100002F090FF204629B0F0BD00BFB01F002067
:105E2000E81E00208499002008B507F02DF9104BDA
:105E30001048002210494FF0070CC3F890042920A5
:105E4000C3F8A4140D49C3F88024C3F88424C3F80C
:105E50008C24A3F89824C3F8A8C483F8B12483F849
:105E6000AD04C3F89C1483F8B82483F8C82408BD93
:105E700084990020E41F002000093D00181F002025
:105E800090F81CC04160BCF1020FC26001D1836870
:105E9000184706F023BB00BF30B504468E460068A5
:105EA000114640F20122026123B31D46BEF1000FEC
:105EB00021D0724612F801CB9646013DC0F864C06D
:105EC000026F920707D48C46013B426F19B10CF860
:105ED000012B614620684269D207F1D5002DE5D13A
:105EE00043B1026F9207FCD4426F09B101F8012B54
:105EF000013B03D130BD94F83CC0DEE72068026F5F
:105F00009207EED4F0E700BF304B314910B5D3E92A
:105F1000114E9EF80400C8771A6C94F804C081F8FA
:105F20001CC0087752B1B2F5004F23D3294951184C
:105F3000274A1964D07682F81BC010BD19680F2457
:105F4000D86C8C6540F20134CA610C614FF47C540A
:105F50004C6103210468246883F83D101E4B9C4269
:105F600020D1037F4260022BC26020D18368BDE84C
:105F7000104018472468E18B090421D4E283DEF83D
:105F80000010B4F81EE0A4F816E0CC8B240412D460
:105F9000CA83CA8BCA8200210D4A1964D07682F85E
:105FA0001BC010BD23461146BDE810401847BDE890
:105FB000104006F093BACC8B62F30804CC83E8E778
:105FC000E18B62F30801E183D9E700BF3889002043
:105FD00000800E400180FFFF55720100304B3149B7
:105FE00010B5D3E9114E9EF80400C8771A6C94F8E6
:105FF00004C081F81CC0087752B1B2F5004F23D31A
:1060000029495118274A1964D07682F81BC010BD5F
:1060100019680F24D86C8C6540F20134CA610C6198
:106020004FF47C544C6103210468246883F83D10CC
:106030001E4B9C4220D1037F4260022BC26020D1C4
:106040008368BDE8104018472468E18B090421D417
:10605000E283DEF80010B4F81EE0A4F816E0CC8B62
:10606000240412D4CA83CA8BCA8200210D4A19643F
:10607000D07682F81BC010BD23461146BDE8104003
:106080001847BDE8104006F029BACC8B62F308042B
:10609000CC83E8E7E18B62F30801E183D9E700BF35
:1060A000E888002000800E400180FFFF557201004B
:1060B00043682DE9F04FD3E90041814D4FF0B80915
:1060C00022684FF00F0B22EA01027E492260AA6982
:1060D00011407D4A0A43AA6190F810E07B4A03EB25
:1060E0000E0603EB8E0E317C02EB01118968C1F8BC
:1060F000009090F811C003EB0C050CF10A0C95F818
:10610000241002EB01118968C1F80090817C03EB37
:10611000010803EB810198F838A002EB0A1ADAF8BB
:1061200008A0CAF80090D4F800905F6849EA07090F
:10613000C4F80090347CDEF814E002EB04146468C8
:10614000C4F800E095F8244053F82CC002EB041486
:106150006468C4F800C098F83840C96B02EB0412B8
:10616000526811609A6C98F8441011601A6A317F75
:106170005B6B116095F830201A60022203681A6187
:10618000C3F858B0C27C002A32D072B6C37CDD0797
:1061900008D54FF0E0214469D1F880212240826285
:1061A000C1F880219C0708D54FF0E0218469D1F81F
:1061B00084212240C262C1F88421590708D54FF0DA
:1061C000E021C469D1F8882122400263C1F8882106
:1061D0001A0708D54FF0E021046AD1F88C2122403B
:1061E0004263C1F88C21DF065CD462B6C27C0368CE
:1061F000374D8168A9425FD0314985608969354C46
:10620000C1F30117C1F38261334E54F827400131C5
:10621000B4FBF1F4B44230D80021C16000241C6109
:1062200003245C620724196401211C66196112B3FE
:10623000D60704D5816A4FF0E023C3F80011950713
:1062400004D5C16A4FF0E023C3F80411540704D504
:10625000016B4FF0E023C3F80811110704D5416B1F
:106260004FF0E023C3F80C11D30604D5826B4FF036
:10627000E023C3F81021BDE8F08F1849A1FB0461A9
:10628000090DB4FBF1F4AC4288BF0131B1F5817F57
:1062900014D20229C0D902394C0804EB042441EA83
:1062A0000421BAE74FF0E022416AD2F890310B4066
:1062B0008363C2F8903198E7C168AFE70849ACE75B
:1062C00000C00F40CFFFFFE310000008487D002012
:1062D00000093D00B47B0020FF083D0083DE1B4326
:1062E000FF7F7F000BB1FFF7D7BD70474268D2E94F
:1062F00000130968194200D17047034600200521A8
:1063000010B51C6882B02061187C01930244107C97
:1063100006F048FE019B0521587C5A68024492F819
:10632000240006F03FFE019B05215A689B7C134424
:1063300093F8380002B0BDE8104006F033BE00BF4D
:1063400030B500F1240385B08C460446154693E829
:10635000070001AB83E807004FEA4C121946206A98
:1063600001F0C8F8012806D12A4601A9206A01F0E7
:106370007DF805B030BD002005B030BD10B5044635
:1063800000F01AFD002384F8313084F8333010BD5A
:1063900090F831C0BCF1000F01D00020704710B55B
:1063A00082B00C4638226146019009F069FE012254
:1063B000019B402110461C6283F8332083F8311082
:1063C00002B010BD70B514460A781E460B46202A4E
:1063D00004D113F801CFBCF1200FFAD02360A360E1
:1063E000197881B32F2920D05A1C184DA1F1220C05
:1063F0001F295FFA8CFC07D9BCF11D0F25FA0CFE92
:1064000004D81EF0010F05D0002070BD01F0DF039D
:106410005C2BF9D02E29134602D0202918BFA26088
:1064200012F8011B79B12F29E0D113F801CFBCF18B
:10643000200FFAD0BCF12F0FF7D021463360BDE812
:10644000704000F029BF2F29EFD0F6E70121003579
:106450002DE9F04F90F8333083B00446DD076FD557
:1064600058060E46924640F1AA80D4E90023D4E9AA
:1064700004101AEB020543F10003A94270EB030379
:10648000C0F0A380BAF1000F56D05546D4E90032CF
:10649000276AD7F8381411EA030970D1134370D171
:1064A00094F831305A064CBFD7F83414E169A16131
:1064B00097F845240239D7F82C34C9F3080B9140DA
:1064C00040F2FF1003EB59231944BBF1000F42D1F6
:1064D000854240D9D7F81C0281423CD0B5F5806F87
:1064E00056D301239340A3EB59296B0A994528BF42
:1064F000994681420AD801EB0903984206D207F572
:106500000470019104F008FD0199C8B1D7F8140294
:106510004B46324607687F69B84788B14FEA492938
:106520004B464E44D4E900125B1842F10002B5EB31
:106530000905C4E90032ABD1504603B0BDE8F08F85
:1065400094F832304FF0FF3043F0020384F83230D9
:1065500003B0BDE8F08F002207F5047004F006FDDB
:106560000028EDD0CBF5007900EB0B013046A945B2
:1065700028BFA9464A4606F07DFF4B46D1E7A169F0
:1065800096E794F83330A1695B060DD501318EE7AB
:10659000D7F81402324603681B6998470028CFD009
:1065A0004FF400739946BCE704F11802384600F036
:1065B00079FF0028C4DB0BD0276AA16978E794F83B
:1065C000313019077FF55EAF4FE7A1EB020A59E7BB
:1065D00094F8313013F0500FB2D0AAEB050A5046B0
:1065E000ABE700BFF0B583B00122044685690DF129
:1065F0000701D0E90067FFF72BFF0128A5610CBF59
:106600009DF807004FF0FF30C4E9006703B0F0BD0C
:106610002DE9F04F044690F83110806983B0804630
:1066200000295BD0D4E900CE9E4508BF94455FD0D9
:1066300052EA030058D00F0704D5D4E9045095421C
:1066400098414BD3206A551E94F83360834690F8E6
:106650004504009663F100060930C0B225FA00F93E
:10666000C0F12007A0F12005BA4606FA07F7019508
:1066700026FA05F5009E49EA0709760649EA050566
:106680003AD41CF1FF3626FA00F04EF1FF365CEAF0
:106690000E0E06FA0AF70097019F26FA07F6009FEA
:1066A00040EA070040EA060001D0854228D24906A8
:1066B0004CBFDBF83414E169A1611746994606E046
:1066C000A169013D206A00F0EDFE002806DD04F11D
:1066D0001802002DF4D13A464B4607E00020C4F8DA
:1066E000188003B0BDE8F08F0021A161C4E9002348
:1066F000012003B0BDE8F08FE1692944A161F5E70D
:106700002D1ADAE72DE9F04F8DB00C4619460646F2
:10671000009390F83130002B40F0D480904694F8EC
:10672000312012F0500F00F0CD8001F00302032A57
:1067300000F0C880013201F008010A430192B8F16B
:10674000000F00F0C980D8F8102002F10E07AC4A03
:10675000A2FB0727D4E90021FF080A4307F102073B
:10676000FFB204D00022A3610023C4E900234FF04C
:1067700000094D46202204A92046FFF769FE10B308
:10678000202840F09F809DF910309DF81020002BAC
:10679000C0F2A480B9F1000F04D12368A3F1200A4C
:1067A000A3699B4609F10103DBB2B94538BF99469D
:1067B000002A00F01481202204A920460025FFF7BA
:1067C00047FE0028DCD1009B9A057BD5019BC3F3D3
:1067D000400383F00103DB0774D4B8F1000F71D0DC
:1067E000B94580F0618143464D46B0461E462022A1
:1067F00004A92046FFF72CFE6B1C002859D0202846
:106800005FD125B92268A2F1200AA2699346DDB2C0
:10681000BD42ECD3334646463822002130469846E6
:1068200094F8335009F02CFC236AC5F380153362C9
:10683000082386F82C5086F83130D8F80030C6E9A5
:1068400009BAC8F804300023A8F80C30002507F175
:10685000FF3A0122E9B23046FFF772FD044688B3E1
:1068600090F90030002B2DDB2022002109F008FCDC
:10687000002D00F0C780012D00F0DD80C123A1466E
:106880001E3404F81E3CB8F80C3040461BB9D8E959
:1068900001239A4205D004F0A1FB29F8020F4C45D0
:1068A000F1D10135BD42D4D1304600F085FA05461C
:1068B0000EE02046D4F8189000F0B6FA002840F018
:1068C0009B80464600231D4686F8313086F83330DB
:1068D00028460DB0BDE8F08F032748E74DBBB9450A
:1068E00038BFA946852A7FF445AF2946382230466D
:1068F000012509F0C5FBBDF814309DF8112013F0F7
:10690000100F03F0370386F8302043F0080208BF69
:10691000134686F831302368226A203B3262A2692E
:10692000C6E9092394F83330C3F3801386F82C307A
:1069300020E7C02A23D0C12A7FF43DAF424604A9F4
:10694000304600F083FCC0B1B8F80C30ABB9D8E9E0
:1069500001329A4211D1009B1B05B3D4009B13F462
:10696000884F7DD196F833309F07B1D596F83130F6
:10697000DC06A7D4D807ABD5A4E70546FAE69DF810
:106980001130019A990786F8332003D542F040036D
:1069900086F83330099BF361DDE90623C6E9042359
:1069A000DDE90A23C6E90223B8F1000FD3D04FF086
:1069B0000003D8F81020A8F80C30D8F80030C8F838
:1069C00004309DF813309A427FF4F5AEB8F81450B5
:1069D000BDF81430ED1AB5FA85F56D09CAE6B8F1BF
:1069E000000F3FF46FAF009B98057FF56BAF019BE5
:1069F00099073FF5F5AE65E7C4F8189008E700BFC2
:106A000089888888852323703C4B86F830A084F8D9
:106A100001A01B68F3B10DF10B020DF10E0103A8EB
:106A20009847BDF80C306381BDF80E3023819DF886
:106A30000B30237535E74FF4E0732380019B63F03F
:106A40007F0386F83330D8F81030E370B8F814308C
:106A5000A38026E745F621436381E381638220E733
:106A600096F83130D9063FF52DAF13F001017FF4D0
:106A700029AF009A520534D596F8332097077FF551
:106A800021AF002B3FF41EAFD6E90032134304D0F0
:106A900000220023B161C6E90023304600F01CFA51
:106AA00000287FF415AF0DE738220021304694F816
:106AB000335009F0E5FA236AC5F3801533620823E1
:106AC00086F82C5086F83130D8F80030C6E909BA7B
:106AD000C8F804300023A8F80C30002F7FF4B6AEBD
:106AE000E2E6009B5C047FF5F3AE3046D6E9042372
:106AF000FFF78EFD00287FF4EBAEE3E64C9F00200D
:106B00002DE9F043002597B00E4690F83110019220
:106B10001495ADF8145000293DD196F8311011F0BC
:106B2000500F38D099461378044615462F2B36D08F
:106B3000002701AB02AA29462046FFF743FC50B3C9
:106B4000019D2B78002B3ED0002302AA314620461F
:106B5000FFF7D8FDF8B1A44608AE04F13008DCF820
:106B600000000CF1100C5CF80C1CB6465CF8082C0C
:106B700010365CF8043CC445AEE80F00EFD1DCF8F9
:106B800000003060204600F017F908AE84F831703C
:106B900084F83370CDE7002017B0BDE8F08315F816
:106BA000011F2F29FBD0366A38220195A1B9204652
:106BB00009F066FA012340222662184684F8333031
:106BC00084F83120E8E74B4602AA31462046FFF719
:106BD00099FD17B0BDE8F083002108A809F050FA2C
:106BE0000123109608AE8DF8533040238DF85130B4
:106BF0009EE700BF19B101F58961FFF781BF084623
:106C0000704700BF8169F8B50446006A01B10131DF
:106C1000012200F075FB0128074632D90123014605
:106C2000206A1A4600F0CAFB054650B3A36994F8DF
:106C300033204BB3510612D5591CB94218D022F05B
:106C40004002E16984F8332005E0206A00F076FC18
:106C50003146B0B1A3694E1C99423246F5D34FF08C
:106C6000FF323946206A00F069FC50B1A16911B9C0
:106C70002846A761F8BD3A46206A00F05FFC00286C
:106C8000F6D100252846F8BD42F0400284F83320B2
:106C9000EEE700BFF0B5002783B006463C46394614
:106CA00000223046FFF74CFB0546002855D00278FD
:106CB000C02A5BD0C12A22D0852A4ED196F8313025
:106CC00003F0370383803B4B1B6883B10DF1030254
:106CD0000DF1060101A898479DF803306B75BDF8CA
:106CE0000630AB812B82BDF80430EB816B82326AB7
:106CF00092F8103243F0010382F810322A78A2F1A0
:106D000085000023B0FA80F04009E103012B01EB7C
:106D100054010A4494B24FEAC43206D128B102EBBE
:106D20005402297904230A4494B20133202B01D060
:106D3000EA5CEAE7013796F83030F9B28B42AFD21D
:106D4000012206F12401306A00F090FB28B1356A77
:106D50004480284604F0E0F8E8B996F83230002084
:106D600043F0010386F8323003B0F0BD96F83320CB
:106D7000437852064CBF43F0020303F0FD03437017
:106D8000D6E90423C0E90223F3694361D6E902236B
:106D9000C0E90623ABE705F5047004F0BDF8002850
:106DA000DBD0D5F8400403681B6A98470028DBD184
:106DB000D3E700BF4C9F002090F83120F2B190F94A
:106DC000331090F83320002912DB026A10B582B02C
:106DD00014460190104604F09FF8019B80B993F887
:106DE0003220002042F0010283F8322002B010BDB0
:106DF00002F07F0280F83320FFF74CBF012070477C
:106E000004F50470019304F087F8019B0028E6D094
:106E1000D4F840040268126A904710B1012002B011
:106E200010BD019BDBE700BF70B590F8313005461F
:106E30005A064CD480682B6AD3F83C341844B0F11D
:106E4000806F01D3002070BD2846FFF7DBFE0028CD
:106E5000F8D0286A0024AE6990F84534023E9E407E
:106E6000D0F82C341E440522311900F5047004F0CA
:106E70007DF84FF4007200210028E3D009F000F9FA
:106E8000286A012390F845241C4493409C42EAD38D
:106E900095F831305B0615D495F8332062F07F0207
:106EA000D5E9023185F83320D0F83C249B1841F114
:106EB0000000AB60D5E90431E8609B1841F10001A6
:106EC000C5E904312846BDE87040FFF775BF006A88
:106ED00000F02AFCAFE700BF90F833309A0764D582
:106EE000C169B9B313F0400C70B50446D0F818E08E
:106EF00082B0006A30D090F845C4A2680CF1090C49
:106F0000E568013A5FFA8CFC45F1FF35CCF12006CB
:106F100022FA0CF2ACF1200C05FA06F625FA0CFC6C
:106F2000324342EA0C020132BEF1000F20D1C4F814
:106F30001CE001918ABB63F07F03204694ED007B47
:106F400084F8333084ED027B84ED047BFFF734FF5B
:106F500002B070BD01207047BEF1000F0FD101914A
:106F6000C4F81CE000F00EFBE0B194F83330E2E727
:106F70000139A1EB0E010A440EF10101D9E701AA82
:106F80007146CDF804C000F08DFA00280ADB0ED15E
:106F900001990029E9D0206AE4E7002300F00EFA05
:106FA0000028E2D1002002B070BD002070474FF0F1
:106FB000FF32A169206A00F0C1FA0028E8D1F1E7A8
:106FC0002DE9F84F90F8333004469D0740F1AC802E
:106FD00093461A070E4600F12581D4E90031BBF132
:106FE000000F00F0D1805D464FF00109206AA169D1
:106FF000D0F8382412EA03086CD1002900F0D580BB
:1070000094F833305B0640F1ED80A268E368013A02
:1070100043F1FF3C90F845340933DBB2C3F1200E55
:10702000DA40203B0CFA0EFE2CFA03F342EA0E0281
:107030001A43E36913448B4240F2DB800131A161C2
:1070400090F845240239D0F82C3491401944B5F514
:10705000007F72D3B5F5806FD0F81C32C0F0AB80E2
:1070600009FA02F2A2EB08086A0A904528BF904686
:10707000994204D808EB01029A4200F2CB80D0F882
:10708000140243463246D0F800C0DCF828A0D047AE
:10709000002849D04FEA48284346A5EB0805226856
:1070A000464461689B182269606941F100019A4277
:1070B0008841C4E9003102D3002D97D164E094F8EF
:1070C000332062F07F02C4E9043184F83320002DBC
:1070D0008CD159E090F845240239C8F3080A4FEAE8
:1070E00058289140D0F82C3441441944BAF1000F8B
:1070F000ADD0012200F5047003F038FFA0B1CAF54D
:10710000007850443146A84528BFA846C2444246AC
:1071100006F0B0F9BAF5007FBED1206A00F5047020
:1071200003F0FAFE0028B7D194F83230002043F083
:10713000010384F83230BDE8F88F2268276963695B
:10714000BA42626872EB030333D2012200F5047085
:1071500003F00CFF0028E7D02A46314606F08AF9F2
:1071600020696269D4E90031EB1841F100019842CD
:107170008A41C4E9003107D294F8332062F07F02DB
:10718000C4E9043184F83320D4E9020298428A41E8
:1071900050D32D4B1B682BB194F8333063F07F0331
:1071A00084F833305846BDE8F88FE16949B3A161EE
:1071B00046E70522CAE7994206D1002380F810323B
:1071C0004FF0FF33C0F81C32D0F814023246036887
:1071D0005B6A98470028A7D04FF40073A5F50075A7
:1071E00098465CE704F1180200F05CF900289BDB8C
:1071F00004D12046FFF706FD002895D0A169206A3A
:107200001EE72046FFF7FEFC00288DD0A169206A0A
:10721000E16115E7002380F810324FF0FF33C0F82A
:107220001C322CE7D0E90423FFF7F2F900287FF4A1
:10723000D4AE79E794F833205846C4E9023162F0BD
:107240007F0384F83330AEE74C9F00202DE9F041F6
:1072500015460C4601F11E08AB89284634F8026F2A
:107260001BB9D5E901239A420ED003F0B7FE03F013
:1072700027FF0746304603F023FF874209D14445E4
:10728000EAD10120BDE8F081B6FA86F04009BDE8F8
:10729000F0810020BDE8F08170B500230E460A6839
:1072A0004FF6FF7519461C46B3813361726015E0D5
:1072B00003F094FEA84220D003F002FF3269E303FA
:1072C000B189013203EB5403326153FA80F3C3F303
:1072D0004E0404EBC33404EB1024A4B2304600295E
:1072E000E6D1D6E901239A42E2D13069B48201386D
:1072F000FE288CBF0020012070BD002070BD00BFA3
:107300002DE9F84F8A4680469146002940D08F1ECD
:10731000D8F83034BB4241D907F007030125C7F341
:10732000C80B9D403E463C46D8F82C1400224046EF
:1073300001EB143103F01AFEE8B10BF1FF3C844479
:1073400000F2FF101CF8011F0AE04A452AD0A742AC
:1073500010D0D8F83024A24214D913F0FF050CD075
:10736000013429424FEA4503A4EB0602EDD0A742BF
:107370002646EED10120BDE8F88F84454FF0010587
:10738000E0D101E00026344601254FF0000BCBE7A9
:10739000D0F82074D8F83034BB42BDD8002701257E
:1073A000BB46BFE7BAF1000F04D1B9F1010F08BF26
:1073B000C8F82064B01CBDE8F88F00BF2DE9F0418B
:1073C00014468A1ED0F8305482B01119A9423BD815
:1073D000D0F82064002B3BD1B24238BFC0F8202443
:1073E00002F007011D4601230646C2F3C8078B4081
:1073F000D0F82C1401EB1231012230460193009198
:1074000003F0B4FD00B3009900EB070E00F500781F
:10741000019B01319EF800C05A001CEA030F8CEA60
:10742000030C14BF01200020A8420DD0013C8EF8AF
:1074300000C017D012F0FF03ECD10EF1010E1F4671
:107440000123F045E6D1D7E7002002B0BDE8F08186
:10745000B242C5D8B142C3D9A94228BF0021C0F861
:107460002014BDE7012002B0BDE8F08138B50C461C
:107470000B6890F845C400F50470D0F82812023B60
:10748000656803FA0CF3294003EB5123D0F81C1272
:10749000194403F06BFD18B16368C3F30803184483
:1074A00038BD00BFD0F8303401338B4202D24FF0E8
:1074B000FF3070470B46D0F8241400F5047001EB40
:1074C000D31110B582B014460022019303F04EFD93
:1074D00050B1019B9900C1F3080143585A1C07D0D1
:1074E0000120236002B010BD4FF0FF3002B010BD8C
:1074F0000020F7E74B6870B5D0F838441C401344BF
:107500004B60144490F845340933DBB2DC4012D0B0
:1075100006460D46013C02E02A60013C0BD3296877
:107520002B7A4A1C002BF7D12A463046FFF7BAFFC8
:107530000128F2D070BD012070BD00BF012904D91F
:10754000D0F8303401338B4201D2002070470B4613
:10755000D0F8241400F5047001EBD31110B582B0FB
:1075600014460122019303F001FD024638B1019B4C
:1075700001209900C1F30801545002B010BD002051
:1075800002B010BD2DE9F04F05460C4683B04FF018
:107590000008D5F830340F4601339C423DD8D5F869
:1075A0002414002205F504704FEAD41B01EBD4111A
:1075B00003F0DCFC88B3A300C3F30803C258511CDA
:1075C0002FD0012C29D916464FF0010AD5F83024C6
:1075D0000132944221D8D5F82414012205F5047013
:1075E0000193594403F0C2FCB8B1019B40F80380F9
:1075F000BAF1000F1AD0631CB34208D0E21B00237B
:10760000394628460132FFF7D9FE30B13746D5F862
:107610003034344601339C42C1D9002003B0BDE868
:10762000F08F012CF9D94FF0000ACFE7E21B534647
:10763000394628460132FFF7C1FE0028EDD003B0DD
:10764000BDE8F08F70B5002304464FF0FF301546BB
:1076500082B01A46C4F840146160E060C4F81412A5
:107660001946C4F81C0204F5047084F844342370ED
:1076700084F8103203F07AFC042D0DD8034658B17B
:10768000BDB1013D00EB051595F8BE2112F07F025A
:1076900002D195F8C23113B9002002B070BDD5F8FF
:1076A000C65104F50470294603F060FC0346002827
:1076B000F2D005221B49D81C019308F025FD0028B3
:1076C000EAD1019B93F86C20092AE5D11A6D014695
:1076D0002A44C4F824245A6DC4F828249A6D2A44F4
:1076E0000125C4F82C24DA6DC4F830241A6EC4F8CD
:1076F000342493F86D20C4F82004204602F10903D5
:1077000084F8452405FA03F35A1EC4F83C34C4F83F
:1077100038242A46FFF7F4FD4023284684F84434F1
:10772000BBE700BF681A0020F8B5D0F83034054632
:10773000D0F8344401339C4207D9002695F845041B
:107740000930C0B206FA00F0F8BD002600F5047753
:10775000D5F8241400223846013601EBD41103F089
:1077600005FCA4000028E8D0C4F308040459631CF5
:10777000E4D0D5F830340133A342DED3E8E700BFCC
:10778000024630B552F8101F83B00446806801915C
:1077900001F060F960B10199A37859B1013103F0AA
:1077A000BF0225698D4218BF134663F07F03A370A3
:1077B00003B030BD43F04003F7E700BFF8B50478ED
:1077C00014F0200404D11A4B054642699A4202D3B0
:1077D00000263046F8BDFFF7D3FF06460028F7D055
:1077E000A86803798279CBB12F694369023F97403A
:1077F0001F4407E008F044FC0134A868E3B20279B2
:107800009A420AD905223919283003F0AFFB4FF408
:10781000007200210028EDD1DAE782794FF400737D
:1078200069693046934011FA83F36B61F8BD00BF7C
:1078300000FE1F0090F800C0BCF1000F01D0002036
:10784000704710B582B00C4624226146019008F0C2
:1078500017FC019B9C60E279102A06D0202A0BD0ED
:107860000C2A02D0002002B010BD20210122197084
:1078700010469A7002B010BD4021F7E72DE9F04F95
:10788000837883B00446DE0740F196809146027803
:107890000F46150700F19980900608D5A36859890D
:1078A0006369C3EB41139BB2994528BF9946B9F16F
:1078B000000F7DD0636912F020004D464FF00008A4
:1078C000A668C3F3080B3FD0326A02EB5321BBF129
:1078D000000F57D1B5F5007F54D3736B8B4251D055
:1078E000B5F5806FC0F0A28022784FEA552B920642
:1078F00005D43279A2EB0802934528BF93468B4208
:107900000BD30BEB0102934207D206F12800019141
:1079100003F002FB019900284ED0F06A5B463A461C
:1079200006687669B047002846D04FEA4B2663695F
:10793000AD1B334463613BD022783744C3F3080B5B
:10794000A66812F02000BFD196F8058008EA5328F7
:10795000BBF1000F40D1B8F1000F3DD1002B43D156
:1079600051064FF000084CBF336A236AB5F5007F1B
:107970002361A3F10203B179726903FA01F303EB06
:107980000201AAD2002206F1280003F0EFFA98B112
:10799000CBF5007600EB0B013846AE4228BF2E46F1
:1079A000324605F067FD6369AD1B33446361C3D1A3
:1079B000484603B0BDE8F08F63784FF0FF3043F0E6
:1079C0000203637003B0BDE8F08FC36941695B1ABD
:1079D000994528BF99466AE72169B27973690239E6
:1079E00043449140194472E7120721690CD5A378EA
:1079F0005B0609D54B1C013980462361B379726956
:107A000001FA03F3991865E704F11002304600F01B
:107A1000FFFE0028D0DB13D0A6684FF000082369D2
:107A2000B279023B93407269991853E7F06A3A467B
:107A300003681B6998470028BED04FF4007676E7AC
:107A4000237813F0700FB7D0A9EB05094846B0E7CB
:107A500070B582B0012204460DF10701D0E904653A
:107A6000FFF70CFF01280CBF9DF807004FF0FF3017
:107A7000C4E9046502B070BD436913F4F07F10B52A
:107A8000044684B00BD0012909D103F120024261E0
:107A9000A06803F4F0733830184404B010BD01221C
:107AA0000DF10F0120460193FFF7E8FE019B40B264
:107AB000012803D162691F326261E9E70020ECE727
:107AC0002DE9F0410269044603781746002B38D0AF
:107AD0000E464169B1423ED0002E36D0180729D556
:107AE000E269B2422DD3D4F808C0751EA2789CF882
:107AF000060012F0400F00F10900C0B225FA00F5AF
:107B00002CD14A1EC24009B195422BD25B064CBF14
:107B1000DCF82030236A236106E02169013DA0687A
:107B200000F076FE00280CDD04F11002002DF4D1E7
:107B3000A2780CE09A06D6D5A3685B89B6EB431F02
:107B4000F6D900202761BDE8F0818278066122F035
:107B500020026661A2700120BDE8F081236A2B44F7
:107B60002361F4E7AD1ADFE7F0B50E4683B01546A2
:107B700000212422044601939DF8207008F080FA29
:107B8000B068326AA58005F00F05C4E9020200F171
:107B9000380202EB4512D17A0B072DD401F0170100
:107BA000019B2170D57A15F0180F02D141F0080120
:107BB000217003F00301E770012923D0022938D096
:107BC000D1B95F0518D403F0080141F00101A1709B
:107BD000416B908AA161518B41EA00412162D269D7
:107BE000E2615F0402D4012003B0F0BDE1692046E8
:107BF000FFF766FF0028F6D1002318462370A37014
:107C000003B0F0BD02252178CE06F5D4C907F3D420
:107C100003F008010D43A570416B968AA161518B59
:107C200041EA06415E05D9D529B965F07F05A57001
:107C3000D7E70325E7E7019300F050FF0028DBD0EA
:107C4000A578019BF1E700BF0378002B5CD030B52D
:107C500090F9023085B00446002B0EDBA36803F1D7
:107C600028001D4603F058F900283ED16378002013
:107C700043F00103637005B030BD80680122A16943
:107C8000283003F073F90028F0D0A38803F00F0325
:107C90005A0100EB4313825CE52AE7D022781207F1
:107CA00001D5E269DA61226A1848110C5A83056825
:107CB000998275B10DF10B020DF10E0103A801932C
:107CC000A847019BBDF80C20BDF80E101A835A82FC
:107CD000D982A37803F07F03A370A36803F128007F
:107CE0001D4603F019F90028C0D005F50E7003F009
:107CF00013F90028BAD0286803681B6A984700283F
:107D0000B4D0012005B030BD012070474C9F002049
:107D100010B50446FFF798FF00232370A37010BD31
:107D20002DE9F041002594B00E460178ADF83850A9
:107D3000CDE90125002935D1317811F0700F31D00E
:107D400098461378044615462F2B2DD000271CE0AB
:107D5000019D2D78002D40D000F062FBA6460DF16C
:107D6000080CF8B102AEBEE80F00ACE80F00BEE8A8
:107D70000F00DEF80050ACE80F002046CCF80050B1
:107D8000FFF762FF019D2770A770294601AB0BAA80
:107D9000204600F08BFC054600230BAA3146204606
:107DA000002DD5D100201CE00135019529782F291F
:107DB000FAD0B6682422B9B9204608F061F9A66065
:107DC000F379102B03D0202B22D00C2BEAD12022C8
:107DD000012322701846A37003E043460BAA00F06B
:107DE0001FFB14B0BDE8F081002102A808F048F99B
:107DF0000496F379102B03D0202B0BD00C2BD1D170
:107E000020238DF80830012302AE8DF80A309DE75B
:107E10004022DDE74023F4E719B101F58961FFF75E
:107E20007FBF0846704700BF2DE9F04783780446BE
:107E30009D0740F1A58017461A070E4600F1D08035
:107E40006269D31980F09C80002F77D03D46A068EE
:107E5000C2F30809216990F8058018EA522838D140
:107E6000B9F1000F35D1002974D0A3785B0677D51E
:107E7000E369934274D901312161023982794369FE
:107E800091401944B5F5007F43D3B5F5806F436B3E
:107E90007DD30279A2EB08086A0A904528BF904674
:107EA000994240F29180C06A43463246D0F800C001
:107EB000DCF82890C847002862D0A5EB48254FEA97
:107EC00048286169464408EB01026261002DBED179
:107ED00034E0023982794369914019444144B9F14F
:107EE000000FCFD00122283003F040F8002847D0FF
:107EF000C9F5007848443146A84528BFA846C14482
:107F0000424605F0B7FAB9F5007F33D0A5EB080576
:107F1000D7E76269E3699A4220D2A37813F0200F71
:107F200014BF05220122283003F020F840B32A466E
:107F3000314605F09FFA62692A446261E36993421F
:107F40005BD3314B1B681BB1A37863F07F03A37035
:107F500038461AE0216A71B321618EE70522E2E713
:107F600004F1100200F054FC002809DB3FD0A068A7
:107F7000216982E7A068283002F0CEFF0028C5D131
:107F80006378002043F001036370BDE8F0879942F5
:107F900005D1002380F828304FF0FF334363C06AD7
:107FA000324603685B6A98470028E9D0A5F500755A
:107FB0004FF4007885E72046FFF7E2FB0028DFD08A
:107FC0002169A068216258E708EB01029A427FF616
:107FD0006AAF002380F828304FF0FF33436362E735
:107FE000C169FFF76DFD00287FF42AAFC8E720467E
:107FF000FFF7C6FB0028BAD1C2E7A3783846E26192
:1080000063F07F03A370C0E74C9F00202DE9F04F81
:1080100007468DB01446064689469C4603AD4FF090
:10802000000E0FCF0FC50FCF0FC53B68A4F80CE0B3
:108030002B6023686360BCF1000F45D04FF0010A4C
:10804000CDF804C0A9EB0A0103A889B24901FFF7E2
:1080500037FD70B3002103A8FFF70EFD804640B343
:108060004FF0000B10E002F0B9FF074628460BF175
:10807000010B03F025F80546384603F021F8854248
:1080800017D1BBF10D0F18D05FFA8BF24146304685
:1080900000F086FBA38905462046002BE3D1D4E9F6
:1080A00001239A42DFD1B5FA85F040090DB0BDE851
:1080B000F08F00200DB0BDE8F08F0AF1010A019B9E
:1080C0005FFA8AFA5345BDD20120EFE72DE9F04F60
:1080D00007468BB015468A4699460DF1040C02F10D
:1080E000150402F120064FF000080FCFACE80F0096
:1080F0000FCFACE80F003B68CCF800304FEAC81354
:1081000014F8012F03EB5803B44213445FFA83F8C9
:10811000F4D12B6800276B60AF81B9F1000F56D006
:108120000126AAEB060101A889B24901FFF7C8FCA4
:1081300000284DD0002101A8FFF79EFC002847D061
:10814000039AB14500F1010B92F8283043F0010386
:1081500082F828300CBF49F040023246002380F8F4
:108160000D8002701C460F224383A0F80B20A889C3
:1081700018B9D5E901239A420ED0284602F02EFF05
:10818000042C10D82BF8020B0134A8890028F4D154
:10819000D5E901239A42F0D1EFB10137042C4FF613
:1081A000FF70FFB2EED90A2C05D8ABF803000134FA
:1081B0000BF1020BDBE70C2CABF8050003D00BF145
:1081C000020B0C24D3E70136F6B2B145A9D2012047
:1081D0000BB0BDE8F08F0127D2E700BF02464FF099
:1081E000203152F8163B2DE9F04FC0F81610846884
:1081F0005160C2F807101D782E2D03D113F8012FFE
:108200002E2AFBD0611E99420BD90A4602E0934206
:1082100000F0868092F800C01146013ABCF12E0FA2
:10822000F5D19C4279D94FF0000AB5F12E0C4FF0F0
:1082300007074FF0080818BF4FF0010CD646D34689
:1082400007E001330A274FF0080E4FF010089C4258
:1082500053D91A782E2A08BF8B420CBF012600265C
:10826000EFD0222A37D07C2A35D0A2F15B09B9F1B0
:10827000020F30D9A2F12A09B9F1050F8CBF0025F0
:1082800001252D2A08BF00252DBBA2F13A09B9F11D
:10829000050F20D9A2F12109B9F15D0F51D8774519
:1082A00043D28B4294BF4FF0000C4FF0010C0A2FC9
:1082B00008BF4CF0010CBCF1000F33D0837D202BA4
:1082C0002BD0037D012143F27E1203444175DA82F3
:1082D0000120BDE8F08F7745E3D35F220EF1010C5A
:1082E000864401338EF816205FFA8CF2B446062AD3
:1082F000964698BF02759C42ABD8837D202B0CD04C
:10830000BCF1000FDDD00BEA0A03DBB2002B18BF73
:108310004FF0020A80F815A0DAE70020BDE8F08FE0
:1083200019467EE70B46072791E7A2F16106192E51
:108330000ED8203A4AEA08056646D2B25FFA85FAB4
:10834000CCE702F0C002802AC5D10133AC467EE7FB
:10835000A2F14106192E664698BF4BEA080BBDE70D
:108360002DE9F04F01F11A0983B004466225CDF8DA
:10837000049001F11B0A0F7D4FF07E0801F11606F3
:108380004FF000098B46254B032F1B6828BF03279E
:108390004B440AEB07011FFA83F9019B03EB070C1F
:1083A000ACF1030C09F00F034FEA1919092B03F183
:1083B000370298BF03F1300201F8012D8C45F1D14D
:1083C0000BEB07030021204683F81680FFF778FBAC
:1083D00001212046FFF750FB03460B223046194689
:1083E0008BB193F800C0BCF1000F13D0DB7A1B07F0
:1083F000EED407F071FD0028EAD1013D15F0FF052C
:10840000C1D1284603E06078B0FA80F0400903B09B
:10841000BDE8F08F012003B0BDE8F08FF8C5002063
:108420002DE9F04F0C788DB014F0700F55D0047812
:10843000002C52D18C689A4D089414690C34A5FB19
:108440000454C4F38705547DA407059500F0E48027
:1084500005F101085FFA88F80E464FF0000B14464C
:108460000990002130460793DA4604925F46FFF7F1
:1084700027FBD94604F116035C46CDF818B00393E8
:10848000756900213046FFF7F7FAC5F34F1503462B
:1084900000B30278E52A24D01AB3A04588BF00248F
:1084A0002E2A32D0C17A0F2933D011F008012CD1F5
:1084B000002F40F0D5800B22039907F00DFD002816
:1084C000DED1049B5B7D13F0010300F0E18001230A
:1084D0000693D5E77378002B36D000200DB0BDE8A9
:1084E000F08F631C002C08BFA946DBB2A04588BFF3
:1084F0001C464AB30027C3E70AF1FF3A5FFA8AFA3B
:10850000524502D1437B5B4510D0B2FA82F77F0916
:10851000B6E7002FF0D102F01F0A05995145AFD1FF
:1085200012F04007ACD090F80DB00F46BAF1010F31
:10853000A6D1691C3B46049A304689B2FFF766FD16
:10854000002808BF00279BE7079B9A05C5D503F0C5
:108550000303013B012BC0D8002C60D1A946B8F120
:10856000000F62D1069B2BB104993046FFF7F8FE4D
:108570000028B2D008F1FF38049A30465FFA88F339
:1085800003EB09051F46ADB22946FFF79FFD002802
:10859000A3D069013046FFF793FA00289DD000214F
:1085A0003046FFF769FA0446002896D020220021C1
:1085B00007F066FD0499D1F81620D1F81A30226030
:1085C000636091F82030CA8BA37222814B7D03F047
:1085D00018032373334B1B68002B5BD00DF12B0268
:1085E0000DF12E010BA89847BDF82C302382BDF861
:1085F0002E30E3819DF82B306373089A92F828306F
:1086000043F0010382F82830079B2A463146099837
:108610000097FFF7A9FA61E74FF001081CE7A045B2
:1086200003D89FE7DCB2A0459CD900213046FFF774
:1086300023FA631C0028F5D17378002B7FF44DAF2B
:10864000A0458FD9089D05E02B7904EB0314E4B213
:10865000A04587D93046FFF7B1F80028F4D13CE7B0
:10866000BAF1010F7FF439AF013803F10A02CB01EF
:1086700003EB510310F8011F0B448242D9B2F6D12B
:108680008B457FF42AAF079B19053FF526AFBBE763
:108690001F46F8E745F621432383034B2361ACE7EC
:1086A0004FECC44E4C9F0020215C215CF0B5154678
:1086B0000A781F4683B0202A0B4603D113F8012FF6
:1086C000202AFBD02B601A78002A34D02F2A32D0EF
:1086D0000024234E06E002342C61AB601A7852B3BA
:1086E0002F2A28D0191D184601AA02F09FFC034624
:1086F00098B1019AB2F5803FEDD27F2A04F10104CE
:10870000EAD8D0B21F2808D9A0F12201C9B21D2988
:1087100006D826FA01F1C90706D5002003B0F0BD3E
:1087200000F0DF005C28F8D02E2AD7D0202AD3D141
:108730001A78002AD4D12A69013AFE2AEDD81A788B
:10874000202A03D113F8012F202AFBD02F2AF9D099
:1087500028463B6003B0BDE8F040FFF73FBD00BFD7
:10876000012100352DE9F843DDF82090A2B10C4637
:1087700098460546571801E0BC420DD02B68494683
:1087800020465E6AC0472146024628460134B0476B
:108790000028F1D1BDE8F8830120BDE8F88300BFCF
:1087A000042A04D801EB4201B1F8010070470A2AFB
:1087B00003D801EB4201888870470C2A03D801EBEB
:1087C0004201C88870470020704700BF2DE9F84378
:1087D000DDE90898BBB10C46164605465F1803E074
:1087E0000134C847BC420ED02B6832462146284689
:1087F0001B6998470346424631462046002BEFD17D
:108800001846BDE8F88301231846BDE8F88300BF89
:10881000012941D9C3698B423ED30B46F0B5C179DA
:1088200083B01646044620294CD0102966D00C2966
:1088300044D1C3F34E028169019312FA83F295B2D7
:10884000C2F346221144027A00F50E70A2F1020230
:1088500000910746B2FA82F25209520002F086FBFA
:1088600060B3C5F3080202F1010C835CBCF5007F24
:108870001D46DDE9001312D060440278DB0745EAAB
:1088800002224CBF1309C2F30B03E269934232D8B0
:108890000120336003B0F0BD4FF0FF307047227A03
:1088A000013138460093A2F10202B2FA82F2520973
:1088B000520002F05BFB009B0028DED14FF0FF303E
:1088C00003B0F0BD027A816900F50E70A2F10202D8
:1088D000009301EBD311B2FA82F25209520002F076
:1088E00045FB0028EAD0009BE269990001F4FE7183
:1088F00043589342CCD9002003B0F0BD027AC3F3B1
:1089000007218069A2F102020093014404F50E7070
:10891000B2FA82F25209520002F028FB0028CDD0B0
:10892000009B590001F4FF71435AAEE701293CD97D
:10893000C3698B4239D30B46F0B5C17983B0164673
:108940000446202936D010294BD00C292FD1C3F34F
:108950004E028169019312FA83F295B2C2F3462264
:108960001144027A00F50E70022A009107460CBFEE
:108970000322012202F0FAFAC8B1019BC5F30802F2
:1089800040F2FF1C009913F0010302F1010E3ED1E9
:10899000624586544AD0C6F307127044037823F028
:1089A0000F0343EA1212027018E000207047002003
:1089B00003B0F0BD027A816900F50E70022A0093BF
:1089C00001EBD3110CBF0322012202F0CFFA0028E1
:1089D000EDD0009B990001F4FE714650012003B0D8
:1089E000F0BD8269C3F3072100F50E7000931144B6
:1089F000227A022A0CBF0322012202F0B7FA0028D1
:108A0000D5D0009B590001F4FF714652E6E710F8FB
:108A100002C0BEF5007F0CF00F0C4CEA061C00F8FB
:108A200002C003D0320970440270D7E7227A0131C4
:108A300038460093022A0CBF0322012202F096FA64
:108A40000028B4D0009BC6F30712002BA6D00270FA
:108A5000C4E700BF2DE9F041C46882B005460E4668
:108A60008C4290462CD20C4600270134EB6901AAB7
:108A70002846A34205D267BBEC6801273C44A342C9
:108A800027D3A642214624D0FFF7C2FE431C20D0A4
:108A90000028EAD0019B002BE7D107B1EC606FF012
:108AA000704221462846FFF741FF074688B14EB97C
:108AB0006B6A002B01DB013B6B62C8F8004009E0E8
:108AC0000127D2E7314622462846FFF72FFF00282C
:108AD000EED10027384602B0BDE8F08170B50546FA
:108AE00082B00C460FE0FFF721FF621EB0B16B6A47
:108AF000002B03F10103A8BF6B62EB68A342019C4A
:108B000088BFEA605EB101AA21462846FFF780FED1
:108B1000064600222146731C2846E4D1002002B0FC
:108B200070BD00BF30B503464FF0010C0020144665
:108B30004FF0FF3283B01960D871C3F80CC0D9620E
:108B400083F82800C3F83C125A6383F83802C3F84C
:108B5000442204B3042C02D9002003B030BD0246E5
:108B6000014603F1280003F12805019302F0FEF904
:108B70000028F1D06FF0704200F5DF70A2181401E8
:108B800000EB021211790029E6D0015D4B06E3D11A
:108B90009468019B01E003F1280500222146284644
:108BA000019302F0E3F90028D6D0B0F80B20B2F51B
:108BB000007FD1D1027C019B511E1A720129CBD8B2
:108BC00090F80DE00EF1FF32BEF1010F83F804E0E2
:108BD0005A7151D04FF0010C624652000CF1010164
:108BE000D2B2964507D05FFA81FCBCF1090FF4D1EF
:108BF00008229A71B0E7654683F806C0B0F816C03F
:108C0000C3F810C0BCF1000F03D1D0F824C0C3F8E2
:108C100010C0C189B0F8112021445A8152019961D4
:108C200090F810E002F2FF120CFB0E1101EB522241
:108C30001962B0F813105A6101B9016AA41A6218D6
:108C4000EA40511CD9614FF0FF31596240F6F4718E
:108C50008A420DD94FF6F4718A420BD9C16A20229B
:108C600019620120DA71C3F830C0C3F840C274E75A
:108C70000C22F6E71022F4E7002215469A71BDE7B0
:108C8000884230B5044683B020D0806B0D4618B1C1
:108C9000FFF73EF8002841D1E06B18B1FDF76EFBFD
:108CA000002841D1AB6BA3B12146242000F0A6F8E7
:108CB000002384460360A063AD6B0FCDACE80F00CA
:108CC0000FCDACE80F002B68CCF80030204603B085
:108CD00030BDEA6B002AF9D021463820019300F01C
:108CE0008DF8019B0363E063EB6B03F13002D3F873
:108CF00000E0103353F80CCC103053F8085C53F8F4
:108D0000041C934240F810EC40F80CCC40F8085C8E
:108D100040F8041CEBD11B680360D7E70023A36372
:108D2000AB6B002BC0D1D4E70023E363AB6B002B0C
:108D3000BAD1CEE710B50446806B10B1FEF7E8FF5C
:108D400028B9E06B10B1FDF719FB20B910BD002365
:108D5000A363012010BD0023E363FAE700294BD091
:108D6000F0B50446806B83B01F4616460D4610B121
:108D7000FEF7CEFF78BBE06B18B1FDF7FFFA0028D5
:108D800030D1D5F880348BB12146242000F036F85C
:108D900000213B4632460160A063D5F88014FFF7FE
:108DA0003BF830BBA063002003B0F0BDD5F88424AD
:108DB000002AF8D021463820019300F01FF8019BCB
:108DC000324603633B46D5F88414E063FDF712FF97
:108DD00078B9E063E7E70023A363D5F88034002B7C
:108DE000D2D1E3E70023E363D5F88034002BCBD165
:108DF000DCE7012003B0F0BD002070470846704753
:108E00002DE9F041002604461F46C0F88814C0F83A
:108E1000806401464FF490609046FFF7EFFF3A46BA
:108E2000C0F844640546C0F87864C4F88404D4F8F3
:108E30008814FEF707FC88BB06462146C4F8840464
:108E400040F26C40FFF7DAFF4FF40073C0F848645B
:108E50003A46A0F807300546D4F88814C4F88004D0
:108E6000FFF760FE28B91A4AC4F880041060BDE814
:108E7000F08105F58960FEF74BFF294605F589600D
:108E8000FEF7D8FC0028EED0124B1A68AAB91D6074
:108E90000F4BB8F1000F14D01C6015E005F5896088
:108EA000FDF76CFA294605F58960FDF771FA00288F
:108EB000C2D0094B1A68002AE9D0054BB8F1000F5F
:108EC000EAD11A68002AE7D00120BDE8F08100BF8E
:108ED000A4BF0020A8BF0020509F002010B504466A
:108EE0000020DFF820C04FF47A7E60602073C4F861
:108EF00008E0C4E91200204640F810CBFFF72EFF2F
:108F0000204610BDB01F00204FF0FF30704700BF5B
:108F1000407C7047007D7047407D7047012070475E
:108F2000007F70472DE9F0411F46C37C06460D4681
:108F3000022B144623D03368294630461B6E9847CF
:108F400078B1B5617FB1002501E0AF420BD0336845
:108F5000214630460135DB6D04F500749847002842
:108F6000F3D1BDE8F081B369307F3B44B3610028A1
:108F7000F7D1336830465B6EBDE8F041184783692E
:108F80008B42D8D1DEE700BF2DE9F0471F46C37CF6
:108F900005469146022B0C46089E27D02B68214699
:108FA00028461B6E984798B1AC61B9F1000F11D0FB
:108FB00004EB090801E0A0450CD031462046B84733
:108FC0002B6801462846DB6D013498470028F2D112
:108FD000BDE8F087AB69287F4B44AB610028F7D12F
:108FE0002B6828465B6EBDE8F047184783698B42C3
:108FF000D4D1DAE7704700BF043001F05FBF00BF93
:1090000000B583B02021019004F0CEFA019803B09E
:1090100000BD00BFF0B5204E83B00746346804F5AC
:10902000167403E03368E31A1B0410D4381D01F0F2
:1090300049FFFF28F6D10190FD21381D01F05CFFAA
:10904000BA7CD2B900230120FB7403B0F0BD1E220C
:10905000BB7C7A7413B9002003B0F0BD0121387CC9
:1090600001F06EFEFF21381D01F046FF381D01F0B2
:10907000FDFE00230020BB74EEE70121387C01F0E7
:109080005FFE0199381D01F037FF381D01F0EEFE3B
:109090000023BB74D6E700BFF8C50020C37C012BBA
:1090A0003BD0827C30B5044683B04AB1043001F035
:1090B00009FFB0F1FF0318BF0123184603B030BD0C
:1090C0000430009201F0C8FE0099207C01F038FEC7
:1090D000FF21201D01F010FF0121201DA17401F0CE
:1090E000F1FEB0F1FF03A07C4FF0010118BF012396
:1090F000009A0028E1D0207CCDE9003201F020FE6A
:10910000FF21201D01F0F8FE201D01F0AFFE009BA5
:10911000019A1846A27403B030BD00231846704768
:109120002DE9F8431F4F0446884691463D6805F5F2
:10913000967503E03B68EB1A1B040ED4201D01F06A
:10914000C1FEFF282075F5D0FE2819D01822A37C77
:1091500062743BB90020BDE8F8831D22A37C6274D1
:10916000002BF7D00121207C01F0EAFDFF21201D1A
:1091700001F0C2FE201D01F079FE0023A374E9E78F
:109180004A464146201D01F0A9FE207538B9201D30
:1091900001F098FE201D01F095FE0120DBE725225D
:1091A000D5E700BFF8C5002030B50025044683B0E0
:1091B0000C212A46C57400F063F8A27C90B912B95C
:1091C000012003B030BD01210190207C01F0B8FDE9
:1091D000FF21201D01F090FE201D01F047FE019BA4
:1091E000A374EDE70923637412B9002003B030BD06
:1091F0000121207C01F0A4FD201DFF21019001F040
:109200007BFE019801F032FEA574EEE7C37C022BD1
:1092100003D0012B04D00120704703685B6E184710
:10922000FFF7C2BF02680346DFF850C010B50C4616
:10923000116A82B0614513D190F813C0BCF1020FDE
:1092400006D0BCF1010F11D001201C7702B010BD77
:10925000526E01909047019B0028F5D102B010BDDD
:1092600001908847019B0028F8D0EDE70190FFF7B7
:109270009BFF019B0028F1D0E6E700BFE1A50100BC
:109280002DE9F041036882B00F4634490192064649
:109290001A6A8A425DD1C27C022A43D0012A5AD07E
:1092A000B47C351D002C43D00C2F10D0DFF8B080DB
:1092B000D8F8004004F5967404E0D8F80030E31ABA
:1092C0001A0443D4284601F0FDFDFF28F5D10DF125
:1092D000040802AC47F04001284601F00DFE14F8E6
:1092E000011D284601F008FEA045F8D1002F2846B0
:1092F0004FF00A0414BF8721952101F0FDFD284697
:1093000001F0E0FD2846013C01F0DCFD0306A4B2BB
:10931000307502D402B0BDE8F081002CF2D102B069
:10932000BDE8F0815B6E98470028B9D1FF20F1E7D6
:10933000284601F091FD2146307C01F001FDFF211E
:10934000284601F0D9FD0123B374ADE7002FBED04C
:10935000ECE79047E8E7FFF727FFE5E7E1A5010025
:10936000F8C50020F8B500220D463A210646FFF761
:1093700087FFD8B92C1D371D384601F0A3FD04F82E
:10938000010DA542F8D1B37C0BB90120F8BD012134
:10939000307C01F0D5FCFF21384601F0ADFD3846A8
:1093A00001F064FD00230120B374EFE71222B37CC7
:1093B00072740BB90020F8BD0121307C01F0C0FCB3
:1093C000FF21301D01F098FD301D01F04FFD0023FD
:1093D000B374EFE770B5164682B000220446FFF77B
:1093E0004FFFA8B11B236374A37C1BB9002318464D
:1093F00002B070BD0121207C01F0A2FCFF21201DE4
:1094000001F07AFD201D01F031FD0023A374EDE78A
:109410000546102231462046FFF782FE034600280B
:10942000E2D0A27C002AE2D001900121207C01F050
:1094300087FC201DFF21009001F05EFD009801F0E7
:1094400015FD019BA574184602B070BD0368254A3E
:10945000DB6C934200B585B00FD16A460921FFF756
:10946000B9FF40B19DF800303F2B09D903F0C0038C
:10947000402B27D0002005B000BD69469847F0E793
:109480009DF806C09DF807009DF809100CF0030C2C
:109490009DF80A308000C1F301019DF80520C3F357
:1094A000C01340EA8C2002F00F029DF808C043EA86
:1094B000410340EA9C1042FA83F30130073B984095
:1094C00005B000BD9DF809009DF8073001309DF8FA
:1094D000082003F03F0300EB034000EB0220800272
:1094E00005B000BD4DAC010003680A46DFF860C05E
:1094F0009B6D634510B5044682B015D1407D0328AD
:109500004FF01201204618BF5202FFF7B9FE20B9F2
:1095100001231846E37402B010BD0C22A37C6274D0
:1095200033B9002002B010BD01919847019AE6E7D7
:109530000121207C01F004FC201DFF21019001F09D
:10954000DBFC019801F092FC0023A374E9E700BF63
:10955000EDA20100F8B51F46C37C06460D46012B5F
:10956000144602D183698B4205D029463046FFF765
:10957000BBFF80B1B5617FB1002501E0AF420BD0E8
:1095800021464FF400723046013504F50074FFF7B0
:10959000C7FD0028F2D1F8BDB369307F3B44B36109
:1095A0000028F8D13046BDE8F840FFF7FDBD00BF08
:1095B0002DE9F0479A46C37C06461546012B0C461A
:1095C000DDF82080099F02D183698B4205D02146B6
:1095D0003046FFF789FFB0B1B461BAF1000F15D082
:1095E00004EB0A0903E00134C047A1450ED04FF453
:1095F000007229463046FFF793FD03463A46294656
:109600002046002BEFD10020BDE8F087B369307F02
:109610005344B3610028F7D13046BDE8F047FFF767
:10962000C3BD00BF30B5046883B0164B64699C426B
:109630001CD1C37C15460446012B02D18369994293
:1096400006D020460191FFF74FFF019960B1A1615B
:109650004FF4007229462046FFF762FD20B1A3694E
:10966000207F0133A36138B103B030BD0123A4468C
:1096700003B0BDE830406047204603B0BDE830404D
:10968000FFF792BD29A9010003680A46DFF860C010
:109690009B6D634510B5044682B015D1407D03280B
:1096A0004FF01901204618BF5202FFF7E9FD20B91B
:1096B00002230120E37402B010BD0E22A37C627469
:1096C00033B9002002B010BD01919847019AE6E736
:1096D0000121207C01F034FB201DFF21019001F0CD
:1096E0000BFC019801F0C2FB0023A374E9E700BF63
:1096F000EDA2010003682DE9F041DB6C17463D4AFD
:1097000084B004460E46934243D16A460921FFF7CE
:1097100061FE0546B5B19DF80A305A0619D5637D3C
:10972000032B01D076027F02324620212046FFF72C
:10973000A7FD28B93A4621212046FFF7A1FD60B3D5
:1097400026236374A37CB3B90025284604B0BDE882
:10975000F081C3F305029DF80B30C3F3C01343EA55
:1097600042037A1C5BB232431342D8D0272363747E
:10977000A37C002BE8D00121207C01F0E1FAFF213D
:10978000201D01F0B9FB201D01F070FB0023A37424
:10979000DAE7694698470546BCE702462621204697
:1097A000FFF76EFD0028CBD1134B42F210771B68F8
:1097B0001F4404E0104B1B68FB1A1B0416D4201D29
:1097C00001F080FBFF280646F4D1A37C002BBCD01F
:1097D0000121207C01F0B4FA3146201D01F08CFB00
:1097E000201D01F043FB0023A374AEE7282363741C
:1097F000A8E700BF4DAC0100F8C5002070B50022FD
:1098000082B00E460A210446FFF73AFDA8B11B2399
:109810006374A37C1BB90023184602B070BD0121FC
:10982000207C01F08DFAFF21201D01F065FB201D39
:1098300001F01CFB0023A374EDE70546102231461E
:109840002046FFF76DFC03460028E2D0A27C002AE8
:10985000E2D001900121207C01F072FA201DFF214D
:10986000009001F049FB009801F000FB019BA574FA
:10987000184602B070BD00BF70B5002282B00E461F
:1098800009210446FFF7FCFCA8B11B236374A37CE9
:109890001BB90023184602B070BD0121207C01F0E5
:1098A0004FFAFF21201D01F027FB201D01F0DEFAF9
:1098B0000023A374EDE70546102231462046FFF74A
:1098C0002FFC03460028E2D0A27C002AE2D00190BF
:1098D0000121207C01F034FA201DFF21009001F0CD
:1098E0000BFB009801F0C2FA019BA574184602B068
:1098F00070BD00BF70B505461646043001F0FCFA95
:109900004FF400723146281D01F000FBFF21281D95
:1099100001F0F2FAFF21281D01F0EEFA281D01F0F6
:10992000D1FA00F01F032875052B05D02022AB7C4F
:109930006A741BB9002070BD012070BD0121287C14
:1099400001F0FEF9FF21281D01F0D6FA281D01F0D3
:109950008DFA00230020AB74EDE700BF2DE9F04144
:10996000164D074688462C6804F5167403E02B68EC
:10997000E31A1B040CD4381D01F0A4FAFF28F6D119
:109980004246FC213846FFF7B5FF18B1BDE8F0812B
:1099900024237B74BB7C13B90020BDE8F081012136
:1099A000387C01F0CDF9FF21381D01F0A5FA381DF2
:1099B00001F05CFA00230020BB74EEE7F8C500203C
:1099C000036870B59B6D16460A46234982B004466B
:1099D0008B423DD1407D03284FF01801204618BF2F
:1099E0005202FFF74DFC0546A8B10D236374A37C1A
:1099F0001BB90023184602B070BD0121207C01F084
:109A00009FF9FF21201D01F077FA201D01F02EFAA9
:109A10000023A374EDE73246FE212046FFF76AFFDC
:109A200003460028E3D0A27C002AE3D00190012164
:109A3000207C01F085F9201DFF21009001F05CFAE7
:109A4000009801F013FA019BA574184602B070BD8E
:109A500000929847009ABEE7EDA2010090F81CC062
:109A6000BCF1000F09D0D0F800C0012300B5DCF82C
:109A700028E0F4465DF804EB6047FFF7A1BF00BFA4
:109A8000002070470020704700207047704700BFDB
:109A9000084B0021084A9963D3F830C00748C2F840
:109AA00000C012681A639A6C22F081029A640170F5
:109AB000704700BF00002C40489F002054C6002083
:109AC000034B586A80F08070C0F30060704700BF9D
:109AD00000002C40014B1878704700BF54C600208E
:109AE0002D4A2E4B526AD3F800312D49C2F3C222BF
:109AF00003F03F03013230B52A4C4FF47A75A4FBD2
:109B0000034305FB00F09B08B1FBF3FEBEFBF2FE36
:109B1000B0EB1E1F3CD2082101231D465B001A0139
:109B2000BEFBF2F2824201D90139F6D12D02BEFB11
:109B3000F3F2904228D259004FF0010C00E059187E
:109B4000BEFBF1F282421CD90CF1010CBCF1100FEA
:109B5000F5D14FF0F00C4FF47A73134A134803FB1E
:109B600001F1BEFBF1F10160D36A6FF3131343EA15
:109B70000C032B4343F46023D362536A1B07FCD5C9
:109B800030BD4FEA0C1CE6E719464FF0000CE2E747
:109B9000724600250123CCE700C00F4000800D4035
:109BA00000EC695EABAAAAAA00002C40A89E002087
:109BB000014B1878704700BF248E0020014B1868B5
:109BC000704700BF489F0020DFF81CC000B58E46DC
:109BD000BCE80F00CEF800000120CEF80410CEF84B
:109BE0000820CEF80C3000BDF89E0020DFF81CC025
:109BF00000B58E46BCE80F00CEF800000120CEF87C
:109C00000410CEF80820CEF80C3000BD089F0020CC
:109C1000024B01201B680B60704700BF189F00209B
:109C2000704700BF00B583B00C21019003F0BCFC6D
:109C3000019803B000BD00BF044B1B7823B1044B57
:109C400018780230C0B27047012070474DC600201E
:109C500050C60020194B1A783F2A11D902F0C002D1
:109C6000402A01D000207047587ADA79197A0130F9
:109C700002F03F0300EB034000EB0120800270473D
:109C80009979D87993F809C001F003019A7A800094
:109C9000CCF3010CC2F3C01240EA8120597900B51F
:109CA00093F808E042EA4C0301F00F0240EA9E10EC
:109CB00042FA83F30130073B984000BD089F002023
:109CC000424A0520424B434910B5D2F8004182B0C8
:109CD00044F08004C2F80041D2F8004124F03F046F
:109CE000C2F80041D2F8004144F01804C2F8004123
:109CF000D2F8004124F08004C2F80041D3F880205B
:109D0000354C42F00C02C3F880205A6A22F46052AB
:109D10005A62DA6942F48032DA615A6A42F40062C5
:109D20005A62C1F8CC01C1F8D001C1F8BC01C1F838
:109D3000C001C1F8C401C1F8C801A26C274B42F0B0
:109D40000042A264E26A1343E362E36A13F08073A1
:109D5000FBD14FF4C8700193FFF7C2FE019B1D4A6F
:109D600047F2B80141F2B800C2F8CC31C2F8D031A4
:109D7000C2F8BC31C2F8C031C2F8C431C2F8C8312F
:109D8000C2F8BC13164BC2F8C013C2F8AC13C2F829
:109D9000B003C2F8B4131348C2F8B813124A606390
:109DA000C3F8F8214FF0E0234FF480420F496020C0
:109DB00081F86E00C3F80C21E36A074A43F00063A0
:109DC000E362D36A1B01FCD402B010BD00800D40D9
:109DD00000C00F4000801F4000002C4000800001A8
:109DE000009000200B007F1165AE010000E400E050
:109DF0002DE9F843DFF8848098F8003013B901208A
:109E0000BDE8F88303F082F8154D0746154C164E51
:109E100004E003F07BF8C01BB04219D82B6B13EAA7
:109E20000409F6D00022114B88F800202A6B1A6032
:109E300019680F4A29631B681342E0D00D491F249B
:109E40000D4B40F27A2200200C701A60BDE8F883B6
:109E50002A6B064B88F800901A601B682B63EDE7AD
:109E600000002C4002007F1140420F00489F00205C
:109E700000007F11248E0020B89E002051C60020D3
:109E80002DE9F0418846FFF7B3FF00283FD0224B71
:109E900004465A6AD1052AD51F4D204EAB6A43F4B9
:109EA0008033AB6203F032F8074604E003F02EF88B
:109EB000C01BB04224D86B6A5A05F7D508F13C0C98
:109EC00008F50F7014494B6A5B05FCD5ACF14003F3
:109ED00053F8042F63450A62FAD103F1400C84451C
:109EE000F1D10F4B012220461A70BDE8F0819A6A29
:109EF00022F480329A629A6A42F400329A62CBE784
:109F000008492120084B4FF47E7208701A60002423
:109F10002046BDE8F08100BF00002C4040420F0009
:109F200051C60020248E0020B89E00202DE9F0416B
:109F3000074688461F4C02F0E9FF1F4D064604E025
:109F400002F0E4FF801BA84228D8636AD907F7D43F
:109F5000BB02C4F8088024D427F0FF07154C174D26
:109F6000E76002F0D3FF144E074604E002F0CEFF94
:109F7000C01BB04212D8236B2B42F7D0226B104B80
:109F80001A601A6822631A68D20707D51B6813F48F
:109F9000702F0CBF01200020BDE8F0810020BDE83B
:109FA000F081A26CFBB222F0FF02A264A26C134308
:109FB000A364D1E700002C4040420F0001000F00D5
:109FC000489F0020134B10B50C4684B01968FFF76A
:109FD000ADFFE0B1104BA4461A6900925969019196
:109FE00099690291D96901230CF80E2F039123F08E
:109FF000030203F0030101336A44C9000F2B126806
:10A0000022FA01F20CF8012DF1D10023E37304B020
:10A0100010BD00BF1C9F002000002C40037ADB070E
:10A0200003D5174B1B68A3B11847164B1B783BB9D8
:10A03000154B5B6A83F08073C3F300631846704767
:10A04000114A124B126B1340B3FA83F35B091846A3
:10A0500070470F4B1B78002BF0D00E4A0E4811684A
:10A0600000B583B00193FFF761FF019B28B1064B58
:10A070001B6983F48073C3F30023184603B000BD4B
:10A08000449F002051C6002000002C4002007F1198
:10A090004CC600201C9F002000001A0D08B5044B80
:10A0A00004481968FFF742FF08B1034B186908BD5F
:10A0B0001C9F002000001A0D00002C4008B5074B23
:10A0C00007481968FFF732FF30B1064B186980F472
:10A0D0008070C0F3002008BD012008BD1C9F002037
:10A0E00000001A0D00002C402DE9F843244B89464E
:10A0F000244D254C2B6002F009FFDFF8A8800746AD
:10A10000224E06E002F002FFC01BB04223D804F04A
:10A1100055FC21681E48FFF709FF0028F2D0D8F847
:10A120001030DB05EED500234FF400722B60D8F819
:10A13000283023F48033C8F82830164BC8F80420A0
:10A140001B78A3B149461448FFF7F0FE68B90E2208
:10A1500040F2574304E000210A2240F24B432960B9
:10A160000E4C00200E4922700B60BDE8F8834FEAC8
:10A17000492909484946FFF7D9FE0028F5D1E6E705
:10A1800091B40100449F00201C9F002040420F001A
:10A1900000001A0D50C6002020003A19248E00201D
:10A1A000B89E002000002C40F8B5214C0021214829
:10A1B000A36A23F48033A362FFF7B8FE48B90922EB
:10A1C00040F23D231C4800251C4902700B602846C4
:10A1D000F8BD1B4B05461B4A136002F097FE636AED
:10A1E0000646D80112D4184F04E004F0E7FB636A76
:10A1F000D9010BD402F08AFE831BBB42F5D90021A2
:10A2000010480A224FF410730160DBE70022084B6C
:10A210000C490A605A6A9207D9D5586B9A6AD96A6A
:10A2200022F4803241F08061D96258639A62CEE7AD
:10A2300000002C400000DB0C248E0020B89E002083
:10A2400095AE0100449F002040420F0012F0030F22
:10A2500000D143B93C4925203C4B40F2F51208702F
:10A2600000201A6070472DE9F04114461F46384A15
:10A270000E46384B8046136002F048FE054607E064
:10A2800002F044FE344B401B984229D804F096FB60
:10A29000324B33481968FFF749FE0028F0D0314BA4
:10A2A0001B69DA05ECD5002229492F4B0A600121F0
:10A2B0002E4803EA0743017043F400732C490A60F7
:10A2C000284A146053602B4B93632B4B1B7893B13C
:10A2D00031464046FFF72AFE78B90020BDE8F081FC
:10A2E000194A0A210020194B194C11704FF4FC72C5
:10A2F00020601A60F1E77602EAE7204B144A136007
:10A3000002F004FE194B05461B787BB1124C04E0A9
:10A3100004F054FB154B1B7843B102F0F7FD401BD2
:10A32000A042F5D900230A4A1360D6E710491A461D
:10A3300007480B6802609B07CFD50A68104B1A428A
:10A340000CBF01200020C9E7248E0020B89E002009
:10A35000449F002091B4010040420F001C9F002048
:10A3600000001A0D00002C400000FF1F54C6002002
:10A37000489F002002007F1150C60020A9AE0100B6
:10A3800000007F11F8B50646007A0C461546C00756
:10A390001F4613D483B10F4401E0BC420CD0336894
:10A3A0002A46214630461B69013405F50075984759
:10A3B0000028F2D10020F8BD0120F8BD900712D08E
:10A3C000002BF9D00F4401E0A742F5D033682A46AC
:10A3D000214630461B69013405F500759847002871
:10A3E000F2D10020E7E70648FFF730FF0028E3D16D
:10A3F00004490C20044B40F2A13208701A60D9E7DE
:10A4000037003A12248E0020B89E0020F8B5064688
:10A41000007A0C461546C0071F4613D483B10F447B
:10A4200001E0BC420CD033682A46214630465B6AC4
:10A43000013405F5007598470028F2D10020F8BDD9
:10A440000120F8BD900712D0002BF9D00F4401E095
:10A45000A742F5D033682A46214630465B6A01346C
:10A4600005F5007598470028F2D10020E7E7064877
:10A47000FFF7ECFE0028E3D104490E20044B40F224
:10A480003D4208701A60D9E727003A19248E00204F
:10A49000B89E00202DE9F843814688462E4C02F0F4
:10A4A00035FD2E4F06462E4D04E002F02FFD801B99
:10A4B000A84225D821682B48FFF738FD0028F4D0A2
:10A4C0003B69DA05F1D50123274E284A4946337006
:10A4D000002327481360274BC7F800807B60264B7A
:10A4E000BB63FFF723FD074670B9042240F29F13B8
:10A4F00022480027224902700B603846BDE8F883E5
:10A500000A224FF4CC73F3E71E4B1F4A136002F08C
:10A51000FDFC337804468BB1114D03E004F04EFA94
:10A5200033785BB102F0F2FC031BAB42F6D9002397
:10A53000154A136025224FF4D173D9E71A460B4B05
:10A5400011491B680A609B07F4D5084B1A680F4B2A
:10A550001A42EFD1D1E700BF1C9F002000002C4021
:10A5600040420F0000001A0D54C60020489F0020F2
:10A5700011003A064000010002007F11248E0020E5
:10A58000B89E0020A9AE0100449F002000007F116A
:10A590002B4B987A10B5440682B012D4DB7AC0F304
:10A5A000050002F1010CC3F3C0134CEA010C43EAAD
:10A5B00040035BB213EA0C0F03D0272240F20233B0
:10A5C0000CE0204B1B780BB9490252021E48019245
:10A5D000FFF7ACFC58B90F2240F20A33DFF888C00D
:10A5E00000201A498CF800200B6002B010BD0199C0
:10A5F0001748FFF79BFC18B9102240F20D33EDE726
:10A6000000211448FFF792FC18B911224FF444734B
:10A61000E4E702F07BFC04460F4B10481968FFF793
:10A6200085FC18B10E4B1B69DB05DED402F06EFC15
:10A630000C4B001B9842EFD9282240F21333CDE790
:10A64000089F002050C6002000001A20B89E00205D
:10A6500000001A2100001B261C9F002000001A0D7C
:10A6600000002C4040420F00248E00202DE9F043D2
:10A670004FF00008884D894E93B0894C894F017284
:10A6800080F8098085F8008086F8008084F80080D2
:10A6900087F80080FFF714FB41464046FFF746FC71
:10A6A000E8B14FF003084FF4D5717F48FFF73EFC47
:10A6B00000284CD1B8F10108F5D13B78002B3AD0F5
:10A6C000DFF82C9202F022FC784F80460021784877
:10A6D000FFF72CFC70B917224FF42A7302E0012215
:10A6E00040F28E237349002432700B60204613B071
:10A6F000BDE8F08349467048FFF718FC0028EAD00F
:10A7000002F004FCA0EB08006C4BB842E3D81A69D5
:10A71000002ADBDA19696A4A11601B695A0001D5FF
:10A720000123237000216748FFF700FCD8B90222FB
:10A7300040F2B123D6E7FFF7C3FA41464046FFF7A0
:10A74000F5FB3B78002BBBD14FF44019BAE75B4BCC
:10A750001B69B3F5D57F03D006224FF42573C1E7FB
:10A7600001233B70ACE700215748FFF7DFFB18B926
:10A7700003224FF42D73B5E7504F544C3B695449B5
:10A780006FF30F0353482360FFF71CFC18B907222F
:10A7900040F2B923A6E750495048FFF713FC18B917
:10A7A00008224FF42F739DE721684D48FFF7BEFB49
:10A7B00018B9052240F2BF2394E721683C48FFF70F
:10A7C000B5FB18B9142240F2C3238BE70221454898
:10A7D000FFF7ACFB04460028F4D0BB6A02A96FF077
:10A7E0007F4023F00603BB62BB6A43F00203BB62F7
:10A7F0004FF010137B64FFF74DFE9DF815309B075B
:10A8000047D5002845D02B4F02A937483A6896F81B
:10A8100000800192FFF73EFE9DF81830019A03F088
:10A820000F03012B32D188B34CF250302F4E052349
:10A83000C6F8CC31C6F8D031C6F8BC31C6F8C03144
:10A84000C6F8C431C6F8C831FFF74AF9002347F209
:10A85000B802C6F8CC31C6F8D031C6F8BC31C6F85B
:10A86000C031C6F8C431C6F8C83141F2B803C6F8E1
:10A87000BC23C6F8C023C6F8AC23C6F8B033012306
:10A88000C6F8B423C6F8B8232B702FE786F80080EB
:10A890003A6046F2A810C9E74CC60020248E00207A
:10A8A00050C600204DC6002000001A0840420F008C
:10A8B00000001A37B89E00200000022900002C403A
:10A8C000189F00200000090200001A031C9F0020AE
:10A8D000089F002000000909F89E00200000090AD6
:10A8E00000001B0700001A06F1FFFF8000801F40D8
:10A8F00000003040F8B5324B0F465A6A92050DD42D
:10A900009A6A22F480329A6272B69A6A42F40032EB
:10A910009A629A6A42F480329A6262B602F0F6FA59
:10A92000274C0646274D04E002F0F0FA801BA842AF
:10A9300033D8636A1B05F7D507F13C0007F50F74A0
:10A940001F494B6A1D05FCD5A0F140030A6A43F874
:10A95000042F8342FAD103F14000A042F1D102F06A
:10A96000D5FA174C0746184D164E04E002F0CEFA01
:10A97000C01BB0421AD8236B2B42F7D0226B134B6B
:10A980001A601A6822631A6892070DD51A68104B6C
:10A990001A420CBF01200020F8BD0E491A200E4BB0
:10A9A00040F2563208701A600020F8BD1D20094997
:10A9B000094B40F26132087000201A60F5E700BFD1
:10A9C00000002C4040420F0002007F11489F0020F1
:10A9D00000007F11248E0020B89E00202DE9F8434E
:10A9E000244B8946244D254C2B6002F08FFADFF86A
:10A9F000A8800746224E06E002F088FAC01BB0424B
:10AA000023D803F0DBFF21681E48FFF78FFA0028E8
:10AA1000F2D0D8F81030DB05EED500234FF40072E9
:10AA20002B60D8F8283043F48033C8F82830164B10
:10AA3000C8F804201B78A3B149461448FFF776FAFA
:10AA400068B90C2240F2BD3304E000210A2240F232
:10AA5000B13329600E4C00200E4922700B60BDE816
:10AA6000F8834FEA492909484946FFF75FFA002869
:10AA7000F5D1E6E791B40100449F00201C9F00201F
:10AA800040420F0000001A0D50C6002030003A125C
:10AA9000248E0020B89E002000002C4070B50023BA
:10AAA0001C4D0E4643721946AB6A1B4823F4803393
:10AAB000AB62FFF73BFA18B104465EB9204670BDA1
:10AAC000092240F2D333154800241549027020466C
:10AAD0000B6070BD134B144A136002F017FA6B6AD7
:10AAE0000646DA0112D404E003F068FF6B6ADB016A
:10AAF0000CD402F00BFA0D4A831B9342F4D90021C7
:10AB000009480A2240F2D7330160DCE70023064AF5
:10AB10001360D3E700002C400000DB0C248E0020E3
:10AB2000B89E002095AE0100449F002040420F00D7
:10AB300010B50446FFF75CF908B1637A03B910BD9C
:10AB400020460121BDE81040FFF7A8BF30B50346FD
:10AB5000007AADF5037D1446C00720D593070FD1C9
:10AB600001233048FFF772FBB8B92F490B202F4B58
:10AB70004FF45D7208701A6000200DF5037D30BD42
:10AB8000012302AA2748FFF761FB0028EDD04FF40C
:10AB9000007202A9204602F06DFC0120EDE701934E
:10ABA0000D46FFF725F9019B0028E5D05A7A012AC6
:10ABB00023D01A681E49126A8A4222D10193FFF7F4
:10ABC00017F90028D8D0019B5A7A0ABB18462946A3
:10ABD0000193FFF703FF019B0028CDD001225D60A8
:10ABE0005A72214618460193FFF784FE0028C3D00D
:10ABF000019B5A6801325A60CFE75A68AA42D8D1FD
:10AC0000EFE7184601939047019B0028B4D0DDE799
:10AC1000184601210193FFF741FF019B0028ABD0AB
:10AC2000D4E700BF11003A11248E0020B89E002006
:10AC300005BF010030B50D46017A1446ADF5037D20
:10AC4000CA071BD5A30706D0214602AC4FF40072F9
:10AC500002A802F00FFC0123224629463248FFF7E2
:10AC6000F5FA002841D131490D20314B40F2114213
:10AC700008701A6000200DF5037D30BD0190FFF7CC
:10AC8000B7F8019B0028F5D05A7A022A2FD01A680B
:10AC90002849126A8A422ED10193FFF7A9F80028A9
:10ACA000E8D0019B5A7A002A2CD11A682249126EE8
:10ACB0008A4230D1184629460193FFF715FA019BC5
:10ACC0000028D7D002225D605A721A6818461B49C4
:10ACD000D26D01938A42214623D1FFF7D1F8019B1F
:10ACE0000028C7D05A6801325A600120C3E75A6869
:10ACF000AA42CCD1E9E7184601939047019B00286E
:10AD0000D3D1B7E7184601210193FFF7C7FE019B96
:10AD10000028CAD1AEE71846019329469047019B07
:10AD2000CEE79047019BDBE701003A18248E002014
:10AD3000B89E002005BF0100BDB4010055B201005E
:10AD400002F00EB910B483B00B46CDE90012C27CFC
:10AD5000002A30D072B6C27CD40708D54FF0E02C60
:10AD60004469DCF8801121408162CCF880119107A0
:10AD700008D54FF0E02C8469DCF884112140C162D1
:10AD8000CCF88411540708D54FF0E02CC469DCF8E6
:10AD9000881121400163CCF88811110708D54FF0C4
:10ADA000E02C046ADCF88C1121404163CCF88C1152
:10ADB000D2063AD462B68268934240D0234A836076
:10ADC00092692349C2F3011CC2F3826251F82CC07C
:10ADD0000132BCFBF2F103B38B4232D8B1FBF3F288
:10ADE000B1FBF2F18B422ED3B2F5817F1BD2022A46
:10ADF00027D9023A530803EB032342EA0323C36033
:10AE00000268032100201061516201211364019B3B
:10AE10001366116103B010BC70479445EFD34A1C10
:10AE2000B2F5817FE3D30B4BE9E74FF0E021446AB1
:10AE3000D1F8902122408263C1F89021BAE7C3681B
:10AE4000DEE70023DBE71146E9E700BF00C00F4063
:10AE5000B47B0020FF7F7F0008B5034653F8040B46
:10AE600093E80600FFF76EFF08BD00BF0268D37CC1
:10AE700013B3D80704D5906A4FF0E021C1F8000160
:10AE8000990704D5D06A4FF0E021C1F804015807B2
:10AE900004D5106B4FF0E021C1F80801190704D563
:10AEA000506B4FF0E021C1F80C01DB0604D5926B2A
:10AEB0004FF0E023C3F81021704700BF0068FBF794
:10AEC00015BA00BF0268FF2312685366D36D13F4EE
:10AED000F81FFBD0506FC0B2704700BF4FF0FF0C9F
:10AEE000006808B5134680F83CC00A460021FBF70D
:10AEF000F9F9002008BD00BF03681A685166D36DD8
:10AF000013F4F81FFBD0536F704700BF134600685F
:10AF10000022FBF7E7B900BF0378DB0701D401206B
:10AF200070470346406810B503F1100282B0016813
:10AF300001924C6A0093D968A047DDE9003298B1CC
:10AF4000197888070CD5DC680093D3E90101D0F8A3
:10AF500000C02144DCF82430984728B1009B1978C0
:10AF600021F001010120197002B010BD10B5446834
:10AF700084B07CB31446C26803468A420AD10246B2
:10AF800012F810CB04F0030410464CEA04021A70C5
:10AF900004B010BDCDE90101FFF7BEFFD0B114F040
:10AFA000040FDDE9013105D003F110024FF0000C70
:10AFB000D960E7E7586803F11002D0F800C00192A9
:10AFC000CDE90213DCF810309847039BDDE901213D
:10AFD0000028EBD1002004B010BD00BF03468089DB
:10AFE00010B100229A817047D3E901C18C4500D38A
:10AFF000704700B585B0604603AA019300F016F8CB
:10B00000019B80B1039A5860B2F5803F90B208D39B
:10B01000920AC0F30900A2F52152A0F5105190B296
:10B02000998105B000BD4FF6FF70FAE7884238D22B
:10B03000034690F90000002893F800C02DDA0CF0C8
:10B04000E000C02831D00CF0F000E02831D00CF046
:10B05000F800F02825D10CF0070C04201844884291
:10B060001FD8013300B51978013301F0C00E01F08B
:10B070003F01BEF1800F41EA8C1C14D18342F2D112
:10B08000ACF180010D4B99420DD8ACF55843B3F5A6
:10B09000006F08D3C2F800C000BD581CC2F800C041
:10B0A000704700207047002000BD0CF01F0C0220EC
:10B0B000D4E70CF00F0C0320D0E700BF7FFF100097
:10B0C0007E2843D90023DFF8ACC000B54FF0350E21
:10B0D00004E03CF82120824223D80B46AEEB030269
:10B0E000012A03EB5201F4D89BB23CF82320904292
:10B0F00019D24FF04B0C0023DFF87CE005E03EF85E
:10B10000212082428CBF8C460B46ACEB0302012A05
:10B1100003EB5201F3D89BB23EF8232082421FD0AA
:10B1200000BD8E46DAE70CEB830C821A9CF80330E4
:10B130009A42DEDA9CF90230012B16D04EF2A03290
:10B14000002B08BF1346034498B200BDA0F1610371
:10B15000192B8CBF00230123A0EB431398B2704737
:10B160000EEB830EBEF8020000BD02F00102821A4F
:10B1700090B200BDD01D0020141C0020554B4FF094
:10B18000000C2DE9F043A3FB001540F26D19DFF828
:10B190005C816D09A3FB05134F49C5EB05165B09DF
:10B1A000A0EB8607A1FB03414C4C09090E1DA4FB33
:10B1B0000640002467F30704371A00EB5700484F96
:10B1C0008008C0EBC000361AC3EB0310A5EB800566
:10B1D000013601EB410065F30F24A3EBC003604689
:10B1E00063F3174466F31F643E4E146001E00CF1F4
:10B1F000010C5FFA8CF340F26D1E03F2B27313F090
:10B20000030506FB03F408D1B7EBB40F4FF4B77E88
:10B2100003D3B8EB341F38BFCE4670448142E6D228
:10B2200082F806C04DB92F4C2D4E03FB04F4B6EB4B
:10B23000B40F43D24FF4B77401E040F26D14091A11
:10B24000294E002021440BE096F800E001308E45A5
:10B25000C0B213D80C28A1EB0E0106F1010625D0CF
:10B260000128F1D17DB11B2931D91C39022096F872
:10B2700001E0013601308E45C0B2EBD90131507189
:10B280001171BDE8F0831748154C03FB00F0B4EBD7
:10B29000B00F11D3154CB4EB301F2CBF1D201C2058
:10B2A000884214D8091A01360220CDE70D20013159
:10B2B00050711171BDE8F0831D20F1E70B4EB6EB24
:10B2C000341F40F26D1428BF4FF4B774B7E7022063
:10B2D000D4E700BF89888888ABAAAAAA2549922406
:10B2E000285C8F02295C8FC2A41E00200AD7A3000D
:10B2F0002DE9F0418679002E60D0314A06F2B27E07
:10B3000040F2B273DFF8D0C006FB02F22D4C2E4D96
:10B310002E4F13F0030F0CFB03F103F1010306D1D1
:10B32000B4EBB10F02D3B7EB311F00D32A449E45D3
:10B33000EFD190F805E0BEF1010F2BD906F2B277FC
:10B34000234D2449A5FB0735642307F003081E4C51
:10B350006D0903FB1575012306E0013311F801CBDC
:10B36000734504FB0C2215D0022BF6D1B8F1000F67
:10B37000F3D1194E35B907FB06F6DFF850C0BCEB28
:10B38000361FEAD3032302F5181201319E4502F558
:10B390006E52E2D143784FF461648178C3EB0313BA
:10B3A00005789B0004FB01330179074C58194B1EAB
:10B3B000002104FB03001044BDE8F0813246B8E7E9
:10B3C0008033E101285C8F02805101000AD7A3007D
:10B3D0001F85EB51A41E0020295C8FC270B51C4C48
:10B3E0001C4E236832681C4D9B1A2868B3F57A7F7F
:10B3F0000BD3411C236802F57A72084601319B1A6F
:10B40000B3F57A7FF6D228603260144B1A68824214
:10B4100010D8134A12686AB19047124A01430F4B81
:10B42000126809D00244216828601A6002220E4B7B
:10B4300031601A70002170BD0B4C286821780244DD
:10B4400000391A6018BF01212170002170BD00BFB2
:10B45000F8C50020AC9E0020289F0020CC9E002034
:10B4600024C300209C89002052C6002070B5FFF73D
:10B47000B5FF094BD3E90062914208BFB04207D043
:10B48000064A05460C46FFF779FE034BC3E9005414
:10B49000024B987870BD00BF00950020E09E002010
:10B4A00070B5FFF79BFF0C4BD3E90062914208BFD8
:10B4B000B04207D0094A05460C46FFF75FFE064B2F
:10B4C000C3E90054054B987818B10C2800D90C3802
:10B4D00070BD0C2070BD00BF00950020E09E0020D4
:10B4E00070B5FFF77BFF0B4BD3E90062914208BFB9
:10B4F000B04207D0084A05460C46FFF73FFE054B11
:10B50000C3E90054044B98780B288CBF002001201D
:10B5100070BD00BF00950020E09E002070B5FFF7D1
:10B520005DFF094BD3E90062914208BFB04207D0EA
:10B53000064A05460C46FFF721FE034BC3E90054BB
:10B54000024B587870BD00BF00950020E09E00209F
:10B5500070B5FFF743FF094BD3E90062914208BF82
:10B56000B04207D0064A05460C46FFF707FE034BDC
:10B57000C3E90054024B187870BD00BF009500204D
:10B58000E09E002070B5FFF729FF094BD3E9006268
:10B59000914208BFB04207D0064A05460C46FFF765
:10B5A000EDFD034BC3E90054024B187970BD00BF99
:10B5B00000950020E09E002070B5FFF70FFF094BBB
:10B5C000D3E90062914208BFB04207D0064A05465F
:10B5D0000C46FFF7D3FD034BC3E90054024B5879E7
:10B5E00070BD00BF00950020E09E002070B5FFF701
:10B5F000F5FE0A4BD3E90062914208BFB04207D082
:10B60000074A05460C46FFF7B9FD044BC3E9005451
:10B61000034B987900F2B27070BD00BF0095002016
:10B62000E09E0020084B09491B68094A0344126840
:10B6300010B4084C0860022023600749074B0870CB
:10B640001A6010BC704700BF9C890020289F002012
:10B65000F8C50020CC9E002052C60020AC9E0020E1
:10B6600038B504460598049D6328CCBFA0F2B27C8F
:10B6700000F11E0C0C4803718470027080F806C043
:10B6800045714170FFF734FE084B09491B68094AB0
:10B690000344094C08600220126808492360084BE3
:10B6A00008701A6038BD00BFE09E00209C89002011
:10B6B000289F0020F8C50020CC9E002052C6002004
:10B6C000AC9E0020034A0449044B126808601A60CB
:10B6D000FFF784BE289F002024C30020CC9E0020BA
:10B6E00000231B60FFDE00BF704700BF704700BF34
:10B6F000704700BF10B5044650F8083BDB68984718
:10B70000204610BD0A4A0346116878B109488142B3
:10B710000CD002F1080010B584B00C68039303A9A3
:10B720000193A047019B184604B010BD184670470E
:10B73000F0980020C01E0020044B0548054A064929
:10B7400010B410BC036003F0DBBB00BFC01E0020C0
:10B75000F0980020F4890020C9CA01000020704739
:10B7600010B5044650F8083BDB689847204610BDEA
:10B7700000231B60FFDE00BF704700BF704700BFA3
:10B78000704700BF08B56920FFF7BCFF9FED010AB5
:10B7900008BD00BF0000C07F6920FFF7B3BF00BF36
:10B7A0006920FFF7AFBF00BF6920FFF7ABBF00BF45
:10B7B00008B5104B1A68D10704D50F4B1A68D20789
:10B7C0000BD508BD01200D490D4A18600D4B1960BD
:10B7D00018460D4903F094FBEFE701200749084A9A
:10B7E00018600A4B196018460749BDE8084003F085
:10B7F00087BB00BF509E0020549E0020B01E00203A
:10B80000F48900200895002035CB010030950020F8
:10B810000146044B03220020C96803EB01139A6020
:10B82000704700BF00410840C1680022024B10462B
:10B8300003EB01139A607047004108400369044A12
:10B84000DB6810B5044640F8182B9847204610BD19
:10B8500054200020064BDFED076AD3ED007A9FED00
:10B86000067AF8EE677A86EEA70A80EE070A704736
:10B87000C48900200000804F0024744970B5074C33
:10B88000074EA4F1E00554F8083C204644F8186C33
:10B89000383CDB689847AC42F5D170BD1896002063
:10B8A00054200020064A036910B50446DB6840F8BE
:10B8B000182B98472046382101F076FE204610BD0F
:10B8C000542000206920FFF71DBF00BF6920FFF74B
:10B8D00019BF00BF144B9FED157AD3ED007AF8EE37
:10B8E000677A27EE800AB4EEC70AF1EE10FA0ADC96
:10B8F000FCEEC07AC2680E490020120117EE903AA1
:10B90000013B5350704700B583B001906FF0630066
:10B91000FFF7F8FE019B064A6FF00101DB6800208B
:10B920001B01995003B000BDC48900200000804F66
:10B9300000410840214B01469FED217AD3ED007A6A
:10B94000C2680020F8EE677A10B527EE800A1D4C19
:10B9500082B004EB0213B4EEC70A98600120F1EE46
:10B9600010FAD86015DCFCEEC07A4FEA021C1648CB
:10B9700017EE903A013B4CF804300B689B69834208
:10B9800017D1104B0321002003EB0213996002B082
:10B9900010BD6FF063000191FFF7B4FE01996FF0E5
:10B9A0000100CA68130118510B6807489B6983425C
:10B9B000E7D008469847002002B010BDC489002097
:10B9C0000000804F00410840E5CB010001680246BD
:10B9D000DFF8CCC0CB69634510B582B04CD1D468D8
:10B9E00000202A4B03EB041398600B6B284883421A
:10B9F0003CD1284B9FED287AD3ED007AF8EE677A98
:10BA000027EE800AB4EEC70AF1EE10FA17DCFCEE5E
:10BA1000C07AD068DFF874C0000117EE903A013B9D
:10BA200040F80C308B691D498B421AD1D168002037
:10BA3000164B032203EB01139A6002B010BD6FF0A6
:10BA400063000092FFF75EFE009A10486FF0010C51
:10BA5000D36811681B0143F800C08B690F498B4202
:10BA6000E4D010469847002002B010BD1046009266
:10BA70009847009A1168D5E78DED010A0090984724
:10BA8000009A9DED010A1168AFE700BF0041084030
:10BA9000A9CC0100C48900200000804FE5CB010043
:10BAA000FDCB010010B551F8083B04462DED028B8B
:10BAB0008CB002725A68B0EE408A04A80293904794
:10BAC000236904F11800DB6801909847264A04A90D
:10BAD000DDE9010302929A6823619047029B04A862
:10BAE000DB689847237A13B3E36800201F49226874
:10BAF00001EB0311126B886018010123CB601C4B12
:10BB00009A4219D11B4BDFED1C7A93ED000AB8EE77
:10BB1000400A20EE080AB4EEE70AF1EE10FA14DC4F
:10BB2000FCEEC07A114A17EE903A013B8350002098
:10BB30000CB0BDEC028B10BDB0EE480A2046904719
:10BB400000200CB0BDEC028B10BD6FF06300FFF75E
:10BB5000D9FDE3686FF0010204491B0100205A502F
:10BB60000CB0BDEC028B10BDB01E0020004108409F
:10BB7000A9CC0100C48900200000804FDFF8B4C0C8
:10BB80000020284BDCF81CC02749284A1CF0400F35
:10BB900000B519605860C3E9030201D12448006868
:10BBA00024484FF0000C9963C069C3F83CC04FF0C3
:10BBB000010C40069A64C3F844C001D41C480068D4
:10BBC0001C484FF0000C1967C069C3F874C04FF0EF
:10BBD000020C4006C3F88020C3F87CC001D414488E
:10BBE0000068DFF850E04FF0000CC3F8A810032005
:10BBF000DEF81C10C3F8ACC0C3E92D024B060FD40D
:10BC00000B4B0D4A1B68B3FBF2F3DFF838C0002082
:10BC10000A4A0B495DF804EBCCF8003003F070B928
:10BC20001823F2E75895002054200020B01E002071
:10BC3000E088002000C00F4040420F00F48900203F
:10BC400051CC0100C489002069207047B7EE000A7A
:10BC5000704700BF044A936823F008039360936819
:10BC60001B07FCD4704700BF00400D40044B9A688E
:10BC700022F008029A60986810F00800FBD1704723
:10BC800000400D40084A936823F0080300B583B0D4
:10BC9000936093681B07FCD40C21019001F084FC95
:10BCA000019803B000BD00BF00400D406920FFF7C0
:10BCB00029BD00BF90ED026ABFEE007B0F4AB7EED0
:10BCC000C66A9FED0C5BA6EE057BFCEEC77B17EE0C
:10BCD000903AB3FA83F3C3F120031B01DBB2936004
:10BCE000936843F00803936093681B07FCD500201A
:10BCF000704700BF8DEDB5A0F7C6A03F00400D40D6
:10BD0000002A47D00368284ADB69934210B50446ED
:10BD10008EB041D1254A936823F00803936093685D
:10BD20001B07FCD451F8083B06A88DED030A5A689E
:10BD30000493904762681046029250F8083BDB6813
:10BD400001909847049B029A19490198049106A909
:10BD500013609B689847049B06A8DB689847DFED53
:10BD6000157A9DED030AB4EEE70AF1EE10FA04D558
:10BD70000020C4ED027A0EB010BDDFED0F7A002076
:10BD8000B4EEE70AF1EE10FA77FE807AC4ED027A9B
:10BD90000EB010BD692070478DED020A01919847E1
:10BDA0009DED020A0199BDE741D0010000400D4020
:10BDB000B01E00200024F44100247449D0F800C0D3
:10BDC00001462C4ADCF81C30934200B583B03BD1CD
:10BDD000294A936823F00803936093681807FCD4FA
:10BDE0009FED266AB4EEC60AF1EE10FA07D49FED75
:10BDF000246AB4EEC60AF1EE10FA36FE006ADCF8E8
:10BE00001830204A81ED026A934227D1B7EEC66A04
:10BE1000194ABFEE007B9FED155BA6EE057BFCEE9D
:10BE2000C77B17EE903AB3FA83F3C3F120031B01EB
:10BE3000DBB29360936843F00803936093681B0739
:10BE4000FCD5002003B000BD8DED010A009098479D
:10BE500000999DED010AD1F800C0C1E70846984756
:10BE6000002003B000BD00BFAFF300808DEDB5A092
:10BE7000F7C6A03F41D0010000400D40E0FDF34176
:10BE80000024744989D0010010B5094C094B0A49B6
:10BE900020460A4A236003F033F8094B0948074A51
:10BEA0000949C0E90034BDE8104003F029B800BFDB
:10BEB00048960020B01E002035CB0100F4890020F8
:10BEC0009C2000203896002029D0010010B5074B97
:10BED00082B003600190EFF3108472B600F06CFB47
:10BEE000019804B962B602B010BD00BF0C1F00205B
:10BEF000024A0349034803F003B800BFF489002055
:10BF0000A1D20100C889002038B5064CA4F1A005D3
:10BF100054F8083C2046283CDB689847AC42F7D1EF
:10BF200038BD00BFF096002038B5064CA4F1A0053E
:10BF300054F8083C2046283CDB689847AC42F7D1CF
:10BF400038BD00BF9097002038B5064CA4F1A0057D
:10BF500054F8083C2046283CDB689847AC42F7D1AF
:10BF600038BD00BF3098002038B5064CA4F1A005BC
:10BF700054F8083C2046283CDB689847AC42F7D18F
:10BF800038BD00BFD0980020834A106810F001002F
:10BF900008B510D10121814BDFF8F8C21160804A49
:10BFA0008049C3F800C0C3F828C0C3F850C0C3F824
:10BFB00078C002F0A5FF7C4B1A68D00704D401209A
:10BFC0007A4A7B49186011607A4A106810F00100C3
:10BFD00010D10121784BDFF8BCC21160704A77495B
:10BFE000C3F800C0C3F828C0C3F850C0C3F878C075
:10BFF00002F086FF724B1A68D10704D40120714AFF
:10C00000714918601160714A106810F0010010D178
:10C0100001216F4BDFF87CC21160614A6D49C3F8A2
:10C0200000C0C3F828C0C3F850C0C3F878C002F0FD
:10C0300067FF694B1A68D20704D40120674A684930
:10C0400018601160674A106810F0010010D10121DA
:10C05000654BDFF840C21160514A6449C3F800C023
:10C06000C3F828C0C3F850C0C3F878C002F048FF36
:10C070005F4B1A68D00704D401205E4A5E491860FD
:10C0800011605E4B1A68D10770D55D4B1A68D207F4
:10C0900077D55C4B1A68D00704D401205A4A5B4913
:10C0A000186011605A4B1A68D10704D40120594A0C
:10C0B000594918601160594B1A68D20704D40120FD
:10C0C000574A584918601160574B1A68D00704D472
:10C0D0000120564A564918601160564B1A68D1071C
:10C0E00004D40120544A554918601160544B1A6811
:10C0F000D20704D40120534A534918601160534BAE
:10C100001A68D00704D40120514A524918601160BE
:10C11000514B1A68D10704D40120504A5049186085
:10C120001160504B1A68D20704D401204E4A4F497F
:10C13000186011604E4B1A68D00704D401204D4A94
:10C140004D49186011604D4B1A68D10704D4012085
:10C150004B4A4C49186011604B4B1A68D20704D403
:10C1600001204A4A4A491860116008BD0120494926
:10C170000B4A1860484B19601846484902F0C0FE47
:10C1800083E701204349064A1860454B1960184669
:10C19000424902F0B5FE7CE7689E002070960020C0
:10C1A000F4890020DDD20100589E0020649F002009
:10C1B00000C01D407C9E002010970020FDD2010091
:10C1C0006C9E0020749F002000001E40909E002066
:10C1D000B09700201DD30100809E0020849F002086
:10C1E00000401E40A49E0020509800203DD3010036
:10C1F000949E0020949F002000801E40509E0020AE
:10C20000549E00205C9E0020689F002020C01D409E
:10C21000609E00206C9F002040C01D40649E002056
:10C22000709F002060C01D40709E0020789F0020FD
:10C2300020001E40749E00207C9F002040001E4075
:10C24000789E0020809F002060001E40849E002079
:10C25000889F002020401E40889E00208C9F002048
:10C2600040401E408C9E0020909F002060401E4059
:10C27000989E0020989F002020801E409C9E0020B9
:10C280009C9F002040801E40A09E0020A09F002078
:10C2900060801E40B01E00200895002035CB0100B4
:10C2A000309500200B46012110B5044682B0184697
:10C2B000A37000F077FE0121A07800F051FE072165
:10C2C000A2682379C4E907210BB102B010BD207820
:10C2D0000121019300F066FE6078012100F062FE0A
:10C2E0000199207800F03CFE0199607802B0BDE829
:10C2F000104000F035BE00BF2DE9F04706460F465E
:10C300008078002100F02CFE33794FEA1729002BAA
:10C310003FD0B069D6E90712FEF714FDB1690B688A
:10C32000C3F86490DA6D12F4F81FFBD0FFB25A6FB5
:10C330005F66DA6D12F4F81FFBD0CA7C5B6F12B334
:10C34000D70704D5886A4FF0E023C3F800019507AA
:10C3500004D5C86A4FF0E023C3F80401540704D59C
:10C36000086B4FF0E023C3F80801100704D5486BB1
:10C370004FF0E023C3F80C01D30604D58A6B4FF0CD
:10C38000E023C3F81021B0780121BDE8F04700F0A8
:10C39000E7BD96F80180082596F800A0802409EAF8
:10C3A0000401504600F0DCFD01214046640800F025
:10C3B000D7FD0021404600F0D3FD013DEFD196F8B6
:10C3C0000180082596F80090802407EA0401484679
:10C3D00000F0C6FD01214046640800F0C1FD0021C7
:10C3E000404600F0BDFD013DEFD1B0780121BDE830
:10C3F000F04700F0B5BD00BF037B934231D9C3893C
:10C40000994210B50C4628BF1C46012A02F10802C9
:10C4100020F812100CBF4FF410414FF48051427DB0
:10C4200090F814E041EA823140F6FF7289B241F49B
:10C43000005CBEF1010F08BF614693420CD040F290
:10C44000FF3293420CBF41EA840141EA041189B2F0
:10C45000FFF752FF012010BD2143FFF74DFF0120E0
:10C4600010BD0020704700BF0C4A012381616FF4AA
:10C470007F0182604FF480720371A0F81520084A92
:10C48000037301600021C2610722037540F6FF7348
:10C4900041820262C0F80E30704700BF0024F400F1
:10C4A00000093D00024BD86CC0F38040704700BFCC
:10C4B00000400D40034A936B23F4402343EA80433A
:10C4C0009363704700400D40034A936B23F440137D
:10C4D00043EA00539363704700400D40EFF310822E
:10C4E00072B6437F33B9017F012907D0032911D0E8
:10C4F000012343770AB962B670477047DFF868C016
:10C50000DCF80010F9B1164943610B6808608361DB
:10C510005861EDE700B5DFF854E01249DEF800C0DD
:10C52000BCF1000F16D043610B68836158614FF076
:10C53000E0234FF0805C0860C3F804CD012343770B
:10C5400002B962B600BD064BCCF800001860C0E925
:10C550000511CDE7C0E905CCCEF80000E7E700BF44
:10C56000609F0020589F0020549F00205C9F002067
:10C5700070B5EFF3108272B60C4C206880B10C4E8F
:10C5800000254369236073B19D6102B962B6836877
:10C5900045779847EFF3108272B620680028F0D1F3
:10C5A00002B962B670BD3360EFE700BF5C9F002048
:10C5B000589F0020FFF7DCBF037F012B0ED0032B19
:10C5C00000D07047437F33B1D0E90523C3B15A612E
:10C5D00062B90E4A1360002303777047437F002B34
:10C5E000F9D0D0E905232BB15A6132B19361002310
:10C5F0000377704706490A60F7E7064A1360EAE7DF
:10C6000005490A60002AF1D1E3E700BF589F0020E6
:10C61000549F0020609F00205C9F00200449054A31
:10C620004968054B1960136801331360704700BFF8
:10C63000001000E0F8C50020F4C50020704700BFDE
:10C64000704700BF704700BF704700BF70B51A4CFD
:10C650001A4D2368AB4202D0194AD16829BBA3699D
:10C66000AB4202D0164AD169C9B9236BAB4202D0A2
:10C67000134AD16A69B9A36CAB4209D0104AD16B95
:10C6800031B101211B680F48D163BDE870401847E4
:10C6900070BD01211B680C48D1629847EBE701216E
:10C6A0001B680A48D1619847DFE701211B6804F144
:10C6B0000800D1609847D2E7C0920020D01E002029
:10C6C0000041084010930020F8920020E0920020E2
:10C6D00038B5064CA4F1600554F8083C2046183CD7
:10C6E000DB689847AC42F7D138BD00BF10930020FB
:10C6F000036870B5164688B0002B50D000229A60AF
:10C700000122DA60324C054604A81C1951F8083B96
:10C71000241102935B6898472E4904EB4403DB0025
:10C7200003F10800CA5801930844D268009090476A
:10C73000DDF808C0019B2749009841F803C026494D
:10C74000DCF80830029104A99847029B04A8DB6832
:10C7500098472B68032021491E6098602B79204858
:10C760000B550B784A78DFF88CC09342C0F828C28A
:10C7700028BF13468878CA78834228BF034693426D
:10C7800028BF1346174C4FF0E0214FF08060012284
:10C7900084F87A30C1F80C01104608B070BD124A16
:10C7A000D36E43F44053D3660122104B1A60104AF3
:10C7B0001346026040329C68002CA3D01033934291
:10C7C0000360F8D100231A460360104608B070BD1C
:10C7D00000BFF7BFC0920020D01E0020C0890020FB
:10C7E0000090002000E400E000C00F40004008403E
:10C7F0000041084021DA01000268002A32D01A4BB9
:10C800001A49D3181B1103EB430210B5D20082B0B2
:10C810000446019302F108008B5808440092DB683B
:10C820009847009A12481149019B885000212268BC
:10C8300001209160D060FF200E4AD05413785078C8
:10C8400092F802C0834228BF0346D0780A4A634563
:10C8500028BF6346834228BF034682F87A302160AE
:10C8600002B010BD704700BF00BFF7BFC0920020EC
:10C87000D01E0020C089002000E400E0074B00200B
:10C88000DFF824C0064A0749C3F800C0C3F818C03F
:10C89000C3F830C0C3F848C002F032BBC0920020D9
:10C8A000F4890020A5DA0100D01E0020084601F01E
:10C8B000F5BF00BF012A70B508BF0A228AB005463D
:10C8C0001E4659B34FF0210C01E05FFA84FC0CF1D5
:10C8D000FF34B1FBF2F302FB131EBEF1090F0EF1A0
:10C8E000370098BF0EF130000DEB0C0E9142194647
:10C8F0008EF80400E9D23EB10CF1FF3C2D225FFA24
:10C900008CFC0DEB0C031A712B6801A9CCF12202EF
:10C9100028465B68614498470AB070BD30234FF0E9
:10C92000210C8DF82530E6E7002903DB00230A22DD
:10C93000FFF7C0BF49422D230A22FFF7BBBF00BF4C
:10C9400000B5036883B040F60D2C022201A95B6894
:10C95000ADF804C0984703B000BD00BF044B0228E7
:10C9600088BF0346D3F800C01846DCF804301847E7
:10C97000888900200EB400B582B003AA52F8041BC7
:10C98000019203F063FA02B05DF804EB03B0704764
:10C9900042B90368C9B2054A1B68934204D10846EC
:10C9A00001F07CBFFFF786BF184700BF81DC0100A4
:10C9B0002A284AD8264B70B51B780646E3B9254B82
:10C9C0009B5DFF2B2AD0244A02EB061291680A686D
:10C9D00002F44050B0F5805F31D01C0620D41F4CCB
:10C9E0002360236AD80704D401F0E8FF236AD9073B
:10C9F000FAD51A4B586A70BD184C194D01E001F078
:10CA0000DDFFA36C1B06FAD4AB6C13F08003F6D1E8
:10CA10000F4A13700F4B9B5DFF2BD4D1002070BDCC
:10CA20000F4C03F07F032360236ADA0704D401F07C
:10CA3000C5FF236ADB07FAD5094B586A70BD22F49B
:10CA400080521C060A60EBD4C9E70020704700BF83
:10CA500058C60020C4800020487D002000400C40C3
:10CA600000800C40082829D00A2814BF4FF44670D3
:10CA70004FF40570DFF850C01249DCF84430DCF8A0
:10CA800044206FF3090302F003021A43DCF8443038
:10CA900003F0E00313430343CCF84430D1F844C01F
:10CAA0004A6C6FF3090C4B6C02F0030203F0E003D5
:10CAB00042EA0C0213431843486470474FF4407035
:10CAC000D8E700BF00800C4000400C401D4A1F28E2
:10CAD0001D4B916C21F020019164D2F844C0996CF7
:10CAE00021F020019964596C10D94CF4404041F474
:10CAF0004041506459641349134A8B6C43F020033E
:10CB00008B64936C43F02003936470470F282CF4DC
:10CB1000404C21F4404106D94CF4004041F400411E
:10CB200050645964E7E7072806D94CF4804041F483
:10CB3000804150645964DEE70328C2F844C0596458
:10CB4000D9D8704700400C4000800C40A94AAA4B3D
:10CB500090422DE9F047A94CD3F814E09969D4F834
:10CB60000CC000F2088103F1437303F5F45303335F
:10CB7000A3FB0023DB0D03EB830303EB830202F231
:10CB8000B63240F227639A4228BF1A469C4BA3FB59
:10CB90000232D208203A984D0CF01F04D5F88030AC
:10CBA000944243F0C003C5F880300BD22CF01F0C28
:10CBB000924C4CEA020CC4F80CC02368002BFCDA3F
:10CBC0000CF01F041EF0007327D18E4D2E698E4D80
:10CBD000B54300F0FA8081F4805576464FF48057D3
:10CBE00016F0605F06D02EF0605E4EEA030E824BB8
:10CBF000C3F814E015F4405F07D021F440517E4D96
:10CC00003943A961AB6C1B07FCD44EF0007E7A4916
:10CC1000C1F814E08B6C9F06FCD47C49884200F27A
:10CC2000DF80012635460EE0082D0CD1042E00F2DF
:10CC300091800136022506FB00F38B4200F2C3808F
:10CC40005B008B4206D8013506FB05F300FB03F3BE
:10CC50008B42E9D9771E05F1FF384FEA872A8EEA21
:10CC600087276B4959186B4B99427CD9DFF8E491BF
:10CC70006C2369486349B0FBF5F0684DB0FBF6F0F2
:10CC80000E6835404D4508D043F400534FF48055AD
:10CC90000D600B600B68002BFCDA57490B6903F041
:10CCA0000703434504D0C1F810808B6CDE03FCD42D
:10CCB00017F4E05F0BD02EF4E05E0AF4E0534E4927
:10CCC00043EA0E0EC1F814E08B6C9D07FCD4544D62
:10CCD000544945198D4239D8534BED09A3FB05350D
:10CCE0002D0B6B1E1B028EEA030111F4407F07D04F
:10CCF0002EF4407E03F440733F4943EA0E034B6138
:10CD00003D494B6923F000734B618B6C9B06FCD44F
:10CD1000464BA242A3FB00134FF0FF314FEA93436F
:10CD2000B0FBF5F5B1FBF3F34149086041490D60F3
:10CD300041490B6008D22CF01F0C30494CEA02022A
:10CD4000CA600B68002BFCDABDE8F0874FF4407333
:10CD50000425C8E7771E2E494FF007084FEA872AB7
:10CD600059188EEA8727294B99421CD8DFF8E8909A
:10CD7000362332487EE7324B984201D80E220AE72A
:10CD8000304B984228D9304A904227D9821A2F4BEB
:10CD9000120AA3FB0232D20902EB820202EB8202E8
:10CDA00002F2E242EDE6A3F182532948DFF8AC90AB
:10CDB000A3F589337E3BA3FB01310B0D03FB00F090
:10CDC00043EA090956E7012544E71F468EF0C0569D
:10CDD0000D464FF0C05303E70F22DCE61222DAE6DD
:10CDE000012603464FF0000A77464FF0000835460B
:10CDF00037E700BF001C4E0E00C00F400000084087
:10CE00001F85EB5100800D4040300080FFB19F2610
:10CE1000808D5B00FF7EF64D00643F4D7F300180CA
:10CE20007FD1F0087F17B42C9F10E50083DE1B43F1
:10CE3000E4880020E088002034C5002000B29F264E
:10CE4000FF0A6B1B00A4781F0046C32323B24C00CB
:10CE5000001BB7006C20008036200080002000807E
:10CE600000B970472DE9F84F01218146224C234E2D
:10CE7000234D54E8003F3268286844E80013002B33
:10CE8000F7D120494B684FF47A7BDFF87CA01B1A5E
:10CE900001270BFB02F8DAF80020A2FB03235B4515
:10CEA00094BF9844D84454E8003F3268286844E866
:10CEB0000073002BF7D14B68DAF800C01B1A0BFB8C
:10CEC00002F2ACFB03C3B3F57A7F94BFD21802F52C
:10CED0007A72A2EB0802B2F57A7F08D3B9F1010F9A
:10CEE00008F57A7809F1FF39DDD1BDE8F88F01F056
:10CEF00065FD0449D7E700BFFCC50020F8C5002048
:10CF0000F4C50020001000E034C5002010B50F4B20
:10CF10004FF0010C0E4CDFF844E053E8002F20687E
:10CF2000DEF8001043E800C2002AF6D1094B5B6826
:10CF3000094A5B1A4FF47A71126801FB00F0A2FBF8
:10CF400003238B4294BFC018401810BDFCC50020BD
:10CF5000F8C50020001000E034C50020F4C5002012
:10CF6000362812D802010C4B03EB00109B58C26804
:10CF7000D3F804C01CEA020F03D039B1C3F88420EF
:10CF80007047836829B9054A1A607047C3F888203A
:10CF90007047034A1A607047487D0020383001000E
:10CFA00038F00100362831D802011B4B012903EB70
:10CFB00000109B5800B55A68D0E902EC12D0042941
:10CFC00010D022EA0C025A60C9B102291FD00329ED
:10CFD0004FF015020CBF114B114BCEF800304368D7
:10CFE0001A6000BD42EA0C0201295A6007D040F6DF
:10CFF0003803CEF80030436815221A6000BD38238C
:10D000001522CEF8003043681A6000BD7047054B0A
:10D01000CEF80030EFE700BF487D00203830010037
:10D020003800010038F0010010B4134A0020134BFF
:10D030000121134CDFF84CC0C2F8F032C2F8F40200
:10D04000C2F8B810C2F8A000C2F8A440C2F8B010EC
:10D050005369DB07FCD551619CF80030DB07EFD446
:10D060001368054943F0010313600B68DB07FCD428
:10D0700062B610BC704700BF00802A40050401243E
:10D0800001000F0000812A4010B5DFF840E04FF6A4
:10D09000FF7C0C480EF17E04A0F58053002203E0D3
:10D0A000834202F1010203D2198802336145F7D1AC
:10D0B0002EF8022FA64500F58050EDD1024B01223B
:10D0C0001A7010BD00107C605CC600203AC50020BC
:10D0D00041F2BB03984238D81D4B10B51B7882B083
:10D0E0005BB382081B4BDFF874C0A3FB0213D11A99
:10D0F00003EB510318495B09C3EB831E1C46A2EBEB
:10D100000E033CF813C059184FEA4C0C0A030CEB01
:10D11000013CBCEB013F15D900F0030EFF204EEAA5
:10D12000840E134602321B88D9B21B0A8E4508BFF3
:10D1300018469445F5D802B010BD0190FFF7A4FF42
:10D140000198CEE7FF2002B010BDFF20704700BF5E
:10D150005CC6002005411004C00706003CC5002045
:10D1600030B583B072B6334B40F20645324C9C6109
:10D170000224DC610024C3F8A040C3F8F0528518F3
:10D18000C3F8F442C3F8F842C3F8FC424FF47024E9
:10D19000C3F8A4400124C3F8B04020F01F03BFF33C
:10D1A0004F8F4FF0E024C4F85C3F20339D42FAD803
:10D1B000BFF34F8FBFF36F8F1E4D6B69DC07FCD53C
:10D1C0000123DFF87CC094B220F07F406B6144F40F
:10D1D0007024C5F8F0C242F2012CC5F8F4C2C5F8BB
:10D1E000BC30C5F8A000C5F8A440124CC5F8B0305A
:10D1F00001E05B060AD4636913F00105F9D041230D
:10D20000636103B0BDE83040FFF70EBF082A0DD8B8
:10D2100042B10A48CDE9001200F02CF9DDE9001214
:10D2200011442A46034B40205861E4E7A2F1080567
:10D230000822EEE700802A40F05AF05A80812A4006
:10D240003204180800B5864672B6294B02212948D7
:10D25000002298614FF47020D96140F20641C3F872
:10D26000F0120121C3F8F422C3F8F822C3F8FC221B
:10D27000C3F8A020204AC3F8A4000EEA0202C3F8B3
:10D28000B010BFF34F8F02F1200302F580514FF031
:10D29000E02C8B422CBF0121802102EB41118B42FB
:10D2A000CCF85C2F1A4603F12003F8D1BFF34F8F5F
:10D2B000BFF36F8F0E4A5369D907FCD501200F4980
:10D2C0000F4B4FF4702C50610EEA0303C2F8F012BA
:10D2D0000749C2F8A030C2F8A4C0C2F8B0004B6938
:10D2E000DB07FCD501235DF804EB4B61FFF79CBE27
:10D2F00000802A40F05AF05A00F0FFFF200418087E
:10D3000000F0FF0041F2BB03984200F28E80484BD0
:10D310002DE9F0471B78C2B00E460546002B00F001
:10D320008180AB08434F05F00305A7FB0327DA1BF9
:10D3300007EB5207404A7F0945EA8705C7EB871785
:10D34000DF1B3E4B32F81740FB1860004FEA0338F2
:10D3500000EB0330B0EB033F68D94246FF21134690
:10D3600002321B885FFA83FC1B0AAC4508BF1946D2
:10D370008242F4D38E4244D0B4F5006F44D302AC61
:10D380004FF48072FF21204602F07AFE08F102027B
:10D3900008F580532A48934294BF01234FF4006359
:10D3A000424603EBC72318184000134602321B887D
:10D3B0008242D9B24FEA13236354F6D10DF1070923
:10D3C00066550DF2071A00254C464046FFF73AFF16
:10D3D00014F801CF02220DF1060108EB4500631E8F
:10D3E000BCF1FF0FA3EB090306D043EA0C23013580
:10D3F000ADF80630FFF7B4FE5445E9D10E4B23F8E3
:10D40000175042B0BDE8F08702A945EA062502227E
:10D4100001340D80FFF7A4FE074B23F8174042B0FC
:10D42000BDE8F087FFF730FE7BE77047FF21A1E7FB
:10D430005CC60020054110043CC50020C007060062
:10D4400000003E3062B170B505460C468E1820468D
:10D45000013415F8011BFFF755FFA642F7D170BD47
:10D46000704700BF08B5E2F7EDF8F4F7E3FB01F011
:10D47000A5FAFAE7844641EA000313F003036DD1ED
:10D48000403A41D351F8043B40F8043B51F8043B87
:10D4900040F8043B51F8043B40F8043B51F8043B8E
:10D4A00040F8043B51F8043B40F8043B51F8043B7E
:10D4B00040F8043B51F8043B40F8043B51F8043B6E
:10D4C00040F8043B51F8043B40F8043B51F8043B5E
:10D4D00040F8043B51F8043B40F8043B51F8043B4E
:10D4E00040F8043B51F8043B40F8043B51F8043B3E
:10D4F00040F8043B51F8043B40F8043B51F8043B2E
:10D5000040F8043B403ABDD2303211D351F8043BCD
:10D5100040F8043B51F8043B40F8043B51F8043B0D
:10D5200040F8043B51F8043B40F8043B103AEDD27C
:10D530000C3205D351F8043B40F8043B043AF9D2CD
:10D54000043208D0D2071CBF11F8013B00F8013BA0
:10D5500001D30B8803806046704700BF082A13D3AD
:10D560008B078DD010F003038AD0C3F10403D21AC5
:10D57000DB071CBF11F8013B00F8013B80D331F8F9
:10D58000023B20F8023B7BE7043AD9D3013A11F879
:10D59000013B00F8013BF9D20B7803704B784370E4
:10D5A0008B7883706046704701F06CBE01F1FF3CE0
:10D5B00070B566464FF0000E01E00EF1010EB0FBB3
:10D5C000F2F402FB1403092B03F1370598BF03F1B2
:10D5D00030059042204606F8015FEED201EB0E03C3
:10D5E00000225A70BEF1000F11D0481C70440CF19B
:10D5F00002021CF8014F10F8015DA1EB0C03521A56
:10D600008CF80050013B047073449A42EFDB0846EB
:10D6100070BD00BF074A506A936A19468446506A33
:10D62000936A9942F9D18445F7D1DB0B43EA404034
:10D63000704700BF00400D4010498B6823F0011374
:10D640008B608B68DB07FCD48B6B0C4A23F00103E7
:10D650008B63936BD907FCD4C3030849400C536513
:10D660001065936B43F0010393638B6BDB07FCD571
:10D670008B6843F001138B60704700BF00400D4082
:10D6800072B6EFF30583524CC4F884301EF0040FD9
:10D690000CBFEFF30882EFF309824FF0E0234D4D0A
:10D6A000D3F8280DD3F82C1DC4E92201D3F8341D7A
:10D6B000D3F8383DC4E924139369A83444F8103CE6
:10D6C000D36944F80C3C00F0CDF804ED020AFFF7F2
:10D6D000A1FF0B2344F8040C4FF0FF323E4844F8FE
:10D6E000283C2B68202104355A4042F300030139BD
:10D6F00003EA000383EA5202F7D1A542F1D1344B89
:10D70000C3F8A820BFF34F8F4FF0E0233149334ACD
:10D71000C3F8701FC3F8702FBFF34F8FBFF36F8F25
:10D720002F4A02242F48D36E2F4943F44053D36627
:10D730000460D3692D4823F07F0343F04003D36195
:10D740000B68834240D8274D00204FF0E0234FF074
:10D75000FF3228600121C5F8080125480C460E4615
:10D76000C5F80001C5F80811C3F88021C3F8842169
:10D77000C3F88821C3F88C21C3F8902101E000F0A0
:10D7800071F9D5F80C31002BF9D04F2CC5F80C618C
:10D7900004F10104F3D9174B022017494FF000425E
:10D7A000C1F840015A63D5F80C313BB9134814490C
:10D7B0000C4A0163D2F80C31002BFAD04FF0E02371
:10D7C000104AC3F80C2DFEE7FFF7C0F9BBE700BF16
:10D7D00000FF272080FF27202083B8EDA0FF27200F
:10D7E00000C00F4000400840E4880020803DCD0B81
:10D7F000009F240000900D4000002E4000800F404C
:10D80000F100AD0B0400FA05094A08B5034610689B
:10D8100023B1034407498B4201D8136008BD02F0CD
:10D8200051FD0C2203464FF0FF301A6008BD00BFC7
:10D83000F089002000002820002070474FF0FF30C2
:10D84000704700BF4FF4005300204B60704700BF8B
:10D85000012070474FF0FF30704700BF30BFFDE739
:10D86000FFF70EBF124AD2F880305B07FBD5D2F823
:10D8700080301048C3F30B230F4990ED007A07EE78
:10D88000903A91ED006AB8EE477A0C4AF8EEE77AE2
:10D890000B4BD2ED006A77EEC77A93ED007AB8EEC3
:10D8A000477A67EE867A87EEA60A37EE400A704717
:10D8B00000810D4024C500202CC5002030C500206B
:10D8C00028C50020836B70B586460E4610461BB1F6
:10D8D000536843F40043536072B6DEF8342042B319
:10D8E0001B4B1060D3F8B02132421ED1194C656831
:10D8F00005E06268A2EB050CBCF5166F0BD2D3F8FD
:10D90000402142F48042C3F84021D3F8B811D3F843
:10D9100040215204EDD5314007D10D4ACEE9020134
:10D92000D2F8B0313343C2F8B031CEF8340062B629
:10D9300070BD0749CEE90202D1F8B0313343C1F8D6
:10D94000B031CEF83000CEF8340062B670BD00BF02
:10D9500000002E40001000E070B5056B95B12B461D
:10D96000002403E01B680134012B0CD05A68120616
:10D97000F8D5036306462CB12846B36B2D6898474B
:10D98000013CF9D170BD00220023C0E90C23F1E76E
:10D9900000B501BBDFF8A0C0234B0021234A4FF0A4
:10D9A000010E4FF001109960C3F800E0CCE902319C
:10D9B0004FF0800CC3F804C0C2F8BC01D2F8B031FB
:10D9C0001B4843EA0E03C2F8B0310160D2F8B0310F
:10D9D000002BFBD100BD0904164BDFF85CC04FF0F3
:10D9E000010E41F080019860104A596000F58051A5
:10D9F000C3F800E0D96000F50051CCF84830196157
:10DA000000F5405100F58040596100219861CCF843
:10DA10004C10D2F8B03143F48033C2F8B031D2F8B0
:10DA2000B031002BFBD1B7E74093002000002E401F
:10DA300000C300206093002000000020074901225D
:10DA40000B78824023EA02030B7033B9044AD2F800
:10DA5000483123F08003C2F84831704761C6002086
:10DA600000002E402DE9F047A64C82B0D4F8446166
:10DA7000F107C4F844614CD5D4F8AC31002B43D045
:10DA8000A14DA24FDFF8B882C4F8AC31D5E90A2025
:10DA9000D4F8403143F40053C4F84031D4F8403155
:10DAA0009B04F5D5D4F840314FF0011123F4005315
:10DAB000C4F84031C4F8B411D4F8B43113F00113F0
:10DAC000FAD191B284463B60B1F5086F00F03A811B
:10DAD00000F2958040F2023E714500F0928100F222
:10DAE000A480822900F0E181B1F5817F00F0B3814B
:10DAF000802940F09580864802210380FFF748FF87
:10DB0000D4F8AC31002BBFD17E4AD2F8BC31002B07
:10DB100042D1720616D57B4BD3F8AC21C3F8AC21A9
:10DB2000D3F8BC21C3F8BC21D3F8B041002CFBD101
:10DB30004FF0FF32C3F8B421D3F8843100F046FD32
:10DB4000744B1C60F40103D5734B1B6803B19847F9
:10DB5000B00103D5714B1B6803B19847710708D515
:10DB6000684BD3F8843113F4007345D06C4B012219
:10DB70001A70644BD3F848311A060AD5330608D513
:10DB8000684A13782BB1013BDBB21370002B00F015
:10DB90006D8202B0BDE8F0875C49C2F8BC3108680C
:10DBA000034240F098815B4A12681340B1D01C0CCC
:10DBB000554D1FFA83F810D094FAA4F7B7FA87F7F7
:10DBC00005EBC7104030FFF7C7FE012303FA07F744
:10DBD000BC43F1D1B8F1000F9BD0012798FAA8F40B
:10DBE000B4FA84F405EBC41007FA04F4FFF7B4FEAA
:10DBF00038EA0408F2D18CE7494A1370B9E742F2D7
:10DC0000212E71455AD049D8B1F5106F00F0A2808D
:10DC100042F2210C614503D1010C072900F08C81EF
:10DC20004FF00113C4F8C0316AE7B1F5A06F00F0FE
:10DC3000CA80A1F5D0610129F2D83B4B596800296F
:10DC4000EED01FFA8CFE120C03E019690C33002988
:10DC5000E6D0B3F800C09445F7D1B3F802C0F4455C
:10DC6000F3D14FEA122C000CBCF1030F00F0CB8172
:10DC70001B89834228BF0346B2F5007F9A4640F0D5
:10DC80009A81274B1B78002B40F0EE8127495246A2
:10DC90002748DFF89C90FFF7EDFB9EE142F221332D
:10DCA000994214D04FF6C0039942B9D183B2FF2BE9
:10DCB000B6D843F46E4363F30F0CBEE780B230B9BD
:10DCC0001C4B120C19681C4B19601C4B1A7000235A
:10DCD000C5F84880EB64C8F808300123C8F8003064
:10DCE0008023C8F804304FF00113C4F8BC31D4F8D5
:10DCF000B03143F48033C4F8B031D4F8B031002BE4
:10DD0000FBD1FDE600002E400000002000C30020F3
:10DD100000C4002004C3002024C6002028C6002020
:10DD200067C6002068C60020F080002058EB006025
:10DD300000002020F8C5002020C6002065C6002075
:10DD400040930020B34B0121B3481B780370FFF7C9
:10DD50001FFED5E6AF49120C01930A70AF4AC4F812
:10DD6000C821AF4AC4F8CC21AE4AC4F8D02100F093
:10DD70002FFC80220199AC4802F082F9AB49802245
:10DD8000019BA9644A60AA4AEB64C5F8A02002F18D
:10DD90003C428B6002F56C2202F56F72C5F8E02000
:10DDA00001220A604FF00112C4F8BC21D4F8B0215E
:10DDB00042F48032C4F8B0219E4A3B60D2F8B031C0
:10DDC000002BFBD19CE69949EB648B600123A9648D
:10DDD0000B6080234B604FF001139649C4F8BC31AF
:10DDE000D4F8B03143F48033C4F8B031D1F8B03155
:10DDF000002BFBD1130C5B0643F08073C1F8543148
:10DE00007EE610F0780F7FF40BAF00F07F028A4BB4
:10DE1000000653F822104CBF41F4803141F001015B
:10DE200043F822100021814BE96499600121AB6421
:10DE3000196080217F4A59604FF00113C2F8BC314C
:10DE4000D2F8B03143F48033C2F8B031D2F8B031F7
:10DE5000002BFBD154E610F0780F7FF4E1AE00F018
:10DE60007F02754B000653F822104CBF21F480311D
:10DE700021F0010143F8221000216C4BE964996004
:10DE80000121AB64196080216A4A59604FF0011387
:10DE9000C2F8BC31D2F8B03143F48033C2F8B031AB
:10DEA000D2F8B031002BFBD12AE610F078037FF4D2
:10DEB000B7AE00F07F01604A000652F82110564AC2
:10DEC000138036D5C90301D50123137002215248AE
:10DED000FFF75EFD14E60020086058490C8848688A
:10DEE00042F221018C427FF45EAE80B200287FF4C2
:10DEF0005AAE5349534C03C9A18086284FEA1141B9
:10DF00002060A1717FF44FAE72B64F48017841F0A6
:10DF100008010170D2F848110D0605D48020014394
:10DF2000C2F84401C2F8481162B6484A5021117043
:10DF300039E6CB07CAD5C7E74049EB60444BC1E996
:10DF400000200122AB601A60424A5A603C4A9A6043
:10DF5000D4F8B01141F00101C4F8B01102F58051BC
:10DF6000D96002F50051196102F5405102F5804275
:10DF700059619A612F4AD2F8B031002BFBD12B495D
:10DF8000EB648B600123A9640B6048F280034B6053
:10DF90004FF00113C2F8BC31D2F8B03143F48033F2
:10DFA000C2F8B0314FF48033224A3B60D2F8B0312E
:10DFB000002BFBD1A4E5B2F5E06F7FF468AE264BF1
:10DFC0001B78002B4ED12549DFF8949052464846E5
:10DFD000FFF750FA072389F8013029F01F0309EBF6
:10DFE0000A02BFF34F8F4FF0E021C1F8703F20339A
:10DFF0009A42FAD8BFF34F8FBFF36F8F184851463C
:10E00000FFF7C6FC7CE50B78834228BF03469A469F
:10E010003DE600BF66C6002000C400200200CC0020
:10E02000C80002000200C8008000002040930020C9
:10E030005DCFC6B800002E40C0012E4018990020C8
:10E04000F8C2002018C6002061C6002068C6002063
:10E05000609300208000070067C60020BCEB0060D2
:10E06000000020200449AFE7044910E60320FFF731
:10E07000E5FC08F06FF800BF58EB0060BCEB0060F7
:10E080002DE9F043841E83B0022C02D903B0BDE811
:10E09000F083124D90460F46C60105EBC0143C229A
:10E0A00000210190201D994601F0EAFFB8FA88F29C
:10E0B0003904520941EA42710122A951C4F8389049
:10E0C000A260B9F1000FE1D00549019B9A400B68AD
:10E0D0001A430A6003B0BDE8F08300BF00000020CF
:10E0E00004C300202DE9F043A0F1020E83B0BEF17D
:10E0F000020F02D903B0BDE8F0839146C201124F6E
:10E10000884602F1400605463C220021F41901939D
:10E11000201D01F0B5FFB9FA89FC4FEA0842019BC6
:10E120004FEA5C1C42EA4C72BA510122A363A2601E
:10E13000002BDFD0054905F110000B6882401A431F
:10E140000A6003B0BDE8F0830000002004C3002093
:10E1500012044FF0010C816042F08002C0F800C050
:10E16000C36101F5805C01F54053426001F5005246
:10E1700001F58041C0F80CC08161C0E904237047FB
:10E18000831E022B00D9704700F1100C064B0A4683
:10E1900003EBC01000B54FF0010E0EFA0CF15DF864
:10E1A00004EBFFF78FBB00BF40000020831E022B53
:10E1B00000D970474FF0010C034B0A460CFA00F1EE
:10E1C00003EBC010FFF77EBB0000002040687047E3
:10E1D000144B0A22DFF850C0D3F8200220F07F4011
:10E1E00000EB800300B55B0085B0604538BF184682
:10E1F0006946FFF7DBF9DFF834C06B460022604662
:10E2000019780132013341B10A2A20F8021FF7D1EF
:10E2100016228CF8002005B000BD52008CF80020BA
:10E2200005B000BD00441F4080969800008E00207D
:10E2300000F0ECBA00F0BABA00F020BB00F0D8BA97
:10E2400000F06EBB00F048BB0846114600F03ABB38
:10E2500070B5164D4FF0E02415494FF40032154EBD
:10E2600005EB401582B001EB4021C4F88C21034638
:10E27000328828460191FFF76BFF019933880B44E0
:10E28000BFF34F8FC4F85C1F20318B42FAD8BFF325
:10E290004F8FBFF36F8F03202946FFF787FF4FF49F
:10E2A0000033C4F80C3102B070BD00BF8093002071
:10E2B0008000202044C60020264B1A884368C3F300
:10E2C0000E43D21A002AF0B5C46983B028DD224873
:10E2D000224D01782D78CBB2DFF894C0A942204DB1
:10E2E00009D01CF803100F4635F811100E46C1F581
:10E2F00000718A421AD90133002125F81420082B15
:10E30000184D88BF0B4625F8141098BF19460CF815
:10E310000340154B017019680A441A6003B0F0BD40
:10E32000204603B0BDE8F040FFF792BF0F4906EB6F
:10E3300047200192084401EB4421FFF79BF8019A22
:10E3400009492046B31825F817300B6813440B60B1
:10E35000E7E700BF44C600205FC6002060C600207B
:10E360001CC400202CC4002018C4002080002020E1
:10E370003CC40020224B1A78002A3FD102F0FF0350
:10E38000204A1278002A39D01F4A1288002A35D034
:10E390001E49C2F5006210B5087884B01C4901EB33
:10E3A00040141C4901EBC0212046CDE90223019114
:10E3B000FFF7CEFEDDE901120A44BFF34F8F4FF0A5
:10E3C000E020039BC0F8701F20318A42FAD80193E5
:10E3D000BFF34F8FBFF36F8F04202146FFF7D0FEAE
:10E3E0000A480021084B027819800132019BD2B201
:10E3F000032A98BF1346037004B010BD704700BFD6
:10E4000064C6002066C6002046C6002063C6002001
:10E4100080940020801020202DE9F04F87B00490D8
:10E42000002900F0BF8000235F4C604F4FF00109CE
:10E43000DFF890A15E4E029303915E4B5E4A1D7819
:10E440003B8802EB451284F800900192002B40F0CB
:10E45000A58098461D469B460198FFF7B7FE10F031
:10E46000800000F08B80BFF34F8F9AF8003084F863
:10E4700000B00DB9D6F80080002B7BD13368A3EB38
:10E480000803782B00F283804C4B1B78002B71D053
:10E4900000F094FA3B88012584F80090002BDBD033
:10E4A00044491A46C3F500600D78039900EBC52076
:10E4B000DFF814B19142584417D20593DDE90321E6
:10E4C0000192FEF7D7FF019A4FF04041059B9B1A3E
:10E4D0003B803B4BC3F88410BFF34F8F029800235F
:10E4E0001044237007B0BDE8F08F0499FEF7C2FF17
:10E4F00000230BEBC5214FF400620198FFF728FEC3
:10E500000BEBC521BFF34F8F01F1200201F5006332
:10E51000934294BF012340234FF0E02201EB4313C9
:10E52000C2F8701F20318B42FAD1BFF34F8FBFF377
:10E530006F8F04200199FFF723FE1E4A13780133E1
:10E54000DBB2042B28BF002313703B88039AD11A37
:10E55000029A1A4403910292049A1A4400230492E4
:10E56000174A3B80C2F88430BFF34F8F23700029D5
:10E570007FF463AF029807B0BDE8F08F4FF40062FC
:10E580000C4B8AF800001D7813463A808DE7012372
:10E5900002988AF8003007B0BDE8F08F1A46C3F53C
:10E5A000006082E70846E6E764C6002046C6002011
:10E5B000F8C5002063C600208094002066C60020B5
:10E5C00000002E4062C6002080102020704700BF4F
:10E5D0002D4B002180222D4870B51B7800242C4E35
:10E5E0008B420CBF40234FF400732A4D33802B80A5
:10E5F00001F046FD284A2146284B14704FF48072E2
:10E6000027481C8001F03CFD264A1021264B0220A1
:10E61000C2E90044C2E90244244AC3E90044147038
:10E62000234AC3E90244234B1C702346146022464C
:10E63000FFF758FD204B224631880320FFF720FDCD
:10E640002346012229880420FFF74CFD204601348F
:10E65000FFF7FEFD082CF9D1184B00214A2218487B
:10E66000184C0460C3F88410C3F88020D3F8482104
:10E67000154942F08072C3F8482121B1134A13783A
:10E6800043F00103137070BD67C600208094002022
:10E6900044C6002048C6002063C6002046C60020AD
:10E6A000809300201CC400202CC400205FC60020E2
:10E6B00018C4002060C600208DF6010000002E4026
:10E6C00024C6002049F70100000000006AC60020AF
:10E6D0002DE9F84F4FF400324FF0E023C3F88C21BE
:10E6E0002B4B1C78002950D082468B46E4B2002781
:10E6F000DFF8B490274B5046274AABEB07081B784E
:10E70000A34204F1010437D0092C244B244928BF2B
:10E7100000241E5D39F8163031F8165003EB4621FF
:10E72000ED1A1144A8452A4617D21E4C42465046BF
:10E73000FEF7A0FE236839F816105846A3EB0B032A
:10E7400088443B4429F8168023604FF0E0234FF4BF
:10E750000032C3F80C21BDE8F88FFEF78BFE114A9A
:10E760002F4430461368AA445B1B1360084A147098
:10E77000FFF76EFDBB45BDD84FF0E0234FF40032EC
:10E780003846C3F80C21BDE8F88F0846DDE700BF26
:10E7900060C600205FC60020800020203CC400200E
:10E7A0001CC4002018C400202CC400200B4B0C4AB1
:10E7B00012781978D3B28A420DD0013309480A4A37
:10E7C000092B0A4928BF0023C35C31F8131002EB60
:10E7D0004323585C70474FF0FF3070475FC60020FE
:10E7E00060C600203CC40020800020202CC40020F3
:10E7F000054B186800B1704700B583B0019000F078
:10E80000DDF8019803B000BD18C400202DE9F84FD1
:10E81000144E154D33782A78934220D0DCB2DFF8BD
:10E820005090DFF850B0DFF85080104F0134082CC2
:10E83000A24601D90024A24619F80400DBF80030F2
:10E8400038F8102037F81010521A9B1ACBF8003005
:10E85000FFF7FEFC86F800A02B78A342E6D1BDE8C6
:10E86000F88F00BF60C600205FC600202CC40020C7
:10E870003CC4002018C400201CC4002000B583B094
:10E8800001210DF10700FFF723FF18B19DF80700E4
:10E8900003B000BD4FF0FF30FAE700BF084B00B5F2
:10E8A00083B01B788DF8070033B101210DF107000B
:10E8B000FFF7B2FD03B000BD03F0FF0003B000BDE1
:10E8C00066C60020034B1B780BB1FFF7A5BD03F014
:10E8D000FF00704766C600202DE9F04100240D4E70
:10E8E00001230D4DA0460D4F33703B782846A342BF
:10E8F00005D0FFF76BFC030658BF08F5006801342C
:10E900002035042CF1D1BFF34F8F002340463370E4
:10E91000BDE8F08164C600208094002063C600201A
:10E92000204B1B7813B1204B1A8802B970471F4B3C
:10E93000C2F500621E481F4930B51B7883B01E4CDB
:10E9400000EB431001EBC321012305462370002394
:10E95000CDE90012FFF7FCFBDDE900120A44BFF32A
:10E960004F8F4FF0E023C3F8701F20318A42FAD84E
:10E97000BFF34F8FBFF36F8F04202946FFF700FCD2
:10E980000A49002208480B7802800133DBB2042BCD
:10E9900028BF13460B70BFF34F8F074B1A7003B09D
:10E9A00030BD00BF66C6002046C6002063C60020FA
:10E9B000809400208010202064C600202E4B2DE97A
:10E9C000F0411E7886B1DFF8C88098F800305BB956
:10E9D0000123F10788F8003040D4B20727D4002380
:10E9E00088F80030730701D4BDE8F081234B1A6822
:10E9F000002AF9D0EFF30582002AF5D1EFF3108554
:10EA000072B61868002830D01D4C217800292CD10E
:10EA10000122227042691A60002A2AD0916105B948
:10EA200062B600258368457798472570DCE7154B6B
:10EA30001B78002BD3D0144F002557F8044F2368C0
:10EA400020461B69984710B163699B6898470D4B36
:10EA500001351A78EBB29A42EFD8C0E7FFF7C8FE4B
:10EA60000028BAD0AFF30080B7E7002DBCD162B662
:10EA7000BAE7064B1A60D2E76AC60020549F00200E
:10EA800055C6002056C600201C930020609F002021
:10EA900057C6002010B500234FF470440F224FF4E6
:10EAA000806EA0F88C411946A0F88E214FF4604486
:10EAB000A0F890310A46B0F8883148F2B82C43F0FB
:10EAC000F003A0F8883101EB4103013100EB43135F
:10EAD00004299C80A3F806E05A841A865A805A8139
:10EAE000A3F80EC05A82DA825A83DA83EBD1B0F8E7
:10EAF000883143F00F03A0F88831B0F8883143F42F
:10EB00007063A0F8883110BD374B384A996F384888
:10EB100041F47F0170B5996741F20106D3F8801086
:10EB200045F6C05543F226040A43C3F88020FFF798
:10EB3000B1FF00F58040FFF7ADFF00F58040FFF723
:10EB4000A9FF00F58040FFF7A5FF0022A0F5031004
:10EB50004FF00F0E114600EB42134FEA421C0132F8
:10EB60009981042A5981A3F80EE09E82DD8020F865
:10EB70000C1019829C81EED100221E484FF00F0E1E
:10EB800041F20106114645F6C05543F2260400EB5A
:10EB900042134FEA421C01329981042A5981A3F899
:10EBA0000EE09E82DD8020F80C1019829C81EED14F
:10EBB000002211480F2641F20105114645F6C054C6
:10EBC00043F2260E00EB42134FEA421C01329981B8
:10EBD000042A5981DE819D82DC8020F80C10198284
:10EBE000A3F80CE0EED170BD00C00F40000003FCA4
:10EBF00000C03D4000001E4000401E4008B5D0E966
:10EC000000325BB1BAB10F4BA3FB0213DB0803EB7D
:10EC10004303B2EB83030AD1012008BD094BA3FBD8
:10EC20000213DB0803EB4303B2EB830301D0D21AD8
:10EC30004260F02AF0D801F045FB1C220346002078
:10EC40001A6008BDABAAAAAA30B583B060B3044667
:10EC500021B11D46B2FA82F35B09A2B9206818B34C
:10EC600062680AB3164B174902FB03F3B1EBB30F0B
:10EC70001AD3A368FBB9002323606360A360E36039
:10EC8000012003B030BD0193069BC0E90012C360B0
:10EC9000FFF7B4FF60B1002DF2D0626801992068DF
:10ECA000A56001F0EDF9EBE701F00CFB1623036022
:10ECB000002003B030BD002101F0E2F9DBE700BF26
:10ECC000ABAAAAAA555555150000000010B510EEC4
:10ECD000102AC2F30A53B3F57D7FB7EEC06A84B041
:10ECE0001BD226EE067BB3F5667F6CD326EE072B90
:10ECF00027EE021B714B93ED1A3B93ED185B93EDDE
:10ED0000164BA7EE035BA2EE046BB0EE460BA5EE2E
:10ED1000010BB7EEC00B04B010BD40F22E418B4288
:10ED200059D8664A92ED087B26EE077BFDEEC77B3D
:10ED300092ED0A5B17EE903A03F500031B16990754
:10ED400007EE903A54BF114602F17001DC07B8EEAD
:10ED5000E77BA7EE456B26EE067B1DD403F003038D
:10ED600002EBC30291ED185B92ED000B91ED1A3BA3
:10ED700026EE000BB0EE456B91ED164BA7EE036B44
:10ED800020EE075B27EE057BA5EE040BA6EE070B36
:10ED9000B7EEC00B04B010BD91ED144B27EE075B2E
:10EDA00091ED126B91ED0E2BA7EE046B27EE054B48
:10EDB00091ED0C0B91ED103BA7EE020BA5EE030BB2
:10EDC000A6EE040BE4E712F0FF4FE3D1B7EEC77BEA
:10EDD0008DED037ADEE7B3F5FF6F4CD2C2F38361AA
:10EDE000374B8DED010A03EB810C53F82110C2F370
:10EDF0001603C2F3C25043F400038340DCF8200042
:10EE0000DCF810C003FB01F1A3FB00E0E3FB0C0105
:10EE100001F100539C0F03F04043C91A00F004FABB
:10EE2000019A9FED246B04EBD27241EC170B900713
:10EE300054BF224B234B27EE067BE10727EE076BDF
:10EE40001ED41E4901EBC20293ED185B93ED1A3BF1
:10EE500092ED000B93ED164B27EE000BB0EE457BC9
:10EE600020EE065BA6EE037BA5EE040B26EE056BFB
:10EE7000A7EE060B8CE704B0BDE8104000F030B8F8
:10EE800093ED144B26EE065B93ED127B93ED0E2B68
:10EE9000A6EE047B26EE054B93ED0C0B93ED103B99
:10EEA000A6EE020BA5EE030BA7EE040B70E700BF66
:10EEB000AFF30080182D4454FB21193C700300204F
:10EEC000C47B0020E003002010B582B08DED010A64
:10EED000044601F0F7F99DED010A046002B010BD8F
:10EEE00070EE407AB4EE400A87EEA77AF1EE10FA9F
:10EEF000B0EE470A02D62120FFF7E6BF704700BFF9
:10EF000003460846194600F03DBE00BF81F00041AF
:10EF100002E000BF83F0004330B54FEA41044FEAFE
:10EF2000430594EA050F08BF90EA020F1FBF54EA99
:10EF3000000C55EA020C7FEA645C7FEA655C00F035
:10EF4000E2804FEA5454D4EB5555B8BF6D420CDD06
:10EF50002C4480EA020281EA030382EA000083EA89
:10EF6000010180EA020281EA0303362D88BF30BD29
:10EF700011F0004F4FEA01314FF4801C4CEA11317F
:10EF800002D0404261EB410113F0004F4FEA0333DE
:10EF90004CEA133302D0524263EB430394EA050F69
:10EFA00000F0A780A4F10104D5F1200E0DDB02FAD8
:10EFB0000EFC22FA05F2801841F1000103FA0EF26C
:10EFC000801843FA05F359410EE0A5F120050EF132
:10EFD000200E012A03FA0EFC28BF4CF0020C43FA63
:10EFE00005F3C01851EBE37101F0004507D54FF070
:10EFF000000EDCF1000C7EEB00006EEB0101B1F5C0
:10F00000801F1BD3B1F5001F0CD349085FEA300005
:10F010004FEA3C0C04F101044FEA445212F5800F10
:10F0200080F09A80BCF1004F08BF5FEA500C50F1AD
:10F03000000041EB045141EA050130BD5FEA4C0C90
:10F04000404141EB0101013C28BFB1F5801FE9D2ED
:10F0500091F0000F04BF01460020B1FA81F308BF10
:10F060002033A3F10B03B3F120020CDA0C3208DDDC
:10F0700002F1140CC2F10C0201FA0CF021FA02F1B7
:10F080000CE002F11402D8BFC2F1200C01FA02F127
:10F0900020FA0CFCDCBF41EA0C019040E41AA2BF4C
:10F0A00001EB0451294330BD6FEA04041F3C1CDA14
:10F0B0000C340EDC04F11404C4F1200220FA04F034
:10F0C00001FA02F340EA030021FA04F345EA0301DE
:10F0D00030BDC4F10C04C4F1200220FA02F001FAA0
:10F0E00004F340EA0300294630BD21FA04F0294622
:10F0F00030BD94F0000F83F4801306BF81F48011BB
:10F100000134013D4EE77FEA645C18BF7FEA655C2D
:10F1100029D094EA050F08BF90EA020F05D054EAFF
:10F12000000C04BF1946104630BD91EA030F1EBF04
:10F130000021002030BD5FEA545C05D14000494108
:10F1400028BF41F0004130BD14F580043CBF01F5FB
:10F15000801130BD01F0004545F0FE4141F47001E1
:10F160004FF0000030BD7FEA645C1ABF19461046BC
:10F170007FEA655C1CBF0B46024650EA013406BFBD
:10F1800052EA033591EA030F41F4002130BD00BF7C
:10F1900090F0000F04BF0021704730B54FF4806439
:10F1A00004F132044FF000054FF0000150E700BFBA
:10F1B00090F0000F04BF0021704730B54FF4806419
:10F1C00004F1320410F0004548BF40424FF0000106
:10F1D0003EE700BF42004FEAE2014FEA31014FEA49
:10F1E00002701FBF12F07F4393F07F4F81F0605198
:10F1F000704732F07F4208BF704793F07F4F04BFE3
:10F2000041F40021704730B54FF4607401F00045BF
:10F2100021F000411CE700BF50EA010208BF70471F
:10F2200030B54FF000050AE050EA010208BF704710
:10F2300030B511F0004502D5404261EB41014FF479
:10F24000806404F132045FEA915C3FF4D8AE4FF081
:10F2500003025FEADC0C18BF03325FEADC0C18BF64
:10F26000033202EBDC02C2F1200300FA03FC20FAB5
:10F2700002F001FA03FE40EA0E0021FA02F1144402
:10F28000BDE600BF024B0146186801F033BB00BF6A
:10F29000608C00202DE9F04F01F10B02162A85B099
:10F2A000804624D8102900F2AB8000F0C9FA02256C
:10F2B00018211022B74C2144A1F108004E68864263
:10F2C00000F062817268F168B46822F0030232448F
:10F2D000E1608C60516841F001014046516000F0EE
:10F2E000B5FA06F10804204605B0BDE8F08F32F00B
:10F2F000070200F18580914200F28280019200F0C5
:10F300009FFA019AB2F5FC7FC0F0BA81570A7FD00C
:10F31000042F00F27281970907F139052BB207F12A
:10F32000380CDB009B4C2344A3F108065B689E422B
:10F3300007D10DE00028DF6880F21381BE4207D0BC
:10F340003B46596821F00301881A0F28F2DD654613
:10F35000236991498B4200F0F1805E6826F0030634
:10F36000B11A0F2900F391818B480029C4E90400E8
:10F3700080F27981B6F5007F676880F01981F10825
:10F3800001310FFA81FC76090121B14054F83C00AB
:10F3900098600F4304EBCC010839D960676044F8EA
:10F3A0003C30C360AB1001269E40BE4236D83E4280
:10F3B00006D125F0030576003E4205F10405FAD09A
:10F3C00004EBC50A04EBC507A946F9680EE04868D6
:10F3D00020F0030EAEEB020CBCF10F0F0B46C96818
:10F3E00000F31881BCF1000F80F22D818F42EED125
:10F3F00009F1010919F0030F07F10807E5D17FE1D1
:10F400000C23C8F800300024204605B0BDE8F08F7A
:10F410004FF4007340254FF03F0C83E7A7687968ED
:10F4200021F0030393429A4603D3991A0F2900F35C
:10F4300087805A495A4E0968103111440820CDE995
:10F44000011200F073FF01994B1E034445428346AD
:10F4500030681D40B0F1FF3F18BF2946404601917A
:10F4600000F008FF411C0546DDE9011200F02B8188
:10F4700007EB0A0C844500F224814A4B186800EB24
:10F4800001090BF1FF3EC3F8009000F0898130685C
:10F4900001301BBFA5EB0C0C09EB0C0035601860AC
:10F4A00015F00700814600F04881C0F108000544CE
:10F4B000CDE901236B1803EA0E015844401A00EA13
:10F4C0000E06314640469B4600F0D4FE421CDDE964
:10F4D000012300F09581401B304440F00101186881
:10F4E000A56000EB0609A7426960C3F8009017D039
:10F4F000BAF10F0F40F25E81AAF10C0121F0070C66
:10F50000796801F0010141EA0C017960052607EBF9
:10F510000C01BCF10F0FC1E9016600F2638169685B
:10F52000214B1E684E4538BFC3F800901F4B1E6824
:10F530004E4501D2C3F800902F46C6E0676831E718
:10F54000BD1841F0010142F001027A604046A56019
:10F55000696000F07BF907F10804204605B0BDE8BA
:10F56000F08F9A6801931944D760BA604A6842F0F4
:10F57000010240464A6000F069F9019B03F108046A
:10F58000204605B0BDE8F08FCE68B1427FF49AAE58
:10F590000235DDE698810020A081002080C1002096
:10F5A0004C8C002050C1002078C100207CC100207C
:10F5B000B6F5206F4FEA56207CD3142800F2D38092
:10F5C00000F15C0109B25B30C90004EB010C615829
:10F5D000ACF1080C8C4503D1A8E089688C4504D0B7
:10F5E000486820F00300B042F7D8D1F80CC0C3E956
:10F5F000021CCCF80830CB60D4E6142F72D9542FFB
:10F6000000F2BA80170B07F16F052BB207F16E0CF1
:10F61000DB0087E69D1842F001025A609E68864A28
:10F62000F1608E60C4E90455C5E902224CF0010284
:10F630006A60404643F80EC0019300F007F9019B51
:10F6400003F10804E0E69E441C46DEF8043043F073
:10F650000103CEF8043054F8083F4046D9608B606F
:10F6600000F0F4F8D0E61E4440467268019342F080
:10F670000102726000F0EAF8019B03F10804C3E69E
:10F68000D508691C09B2C90014E69D1842F00102B0
:10F690005A60694A0193C4E90455C5E9022241F060
:10F6A00001026A604046995100F0D0F8019B03F1D5
:10F6B0000804A9E6B00900F1390109B23830C900DF
:10F6C00083E7A74263D0A768796821F003009042DE
:10F6D000A0EB020102D30F293FF732AF404600F002
:10F6E000B5F890E607F15C052BB207F15B0CDB0087
:10F6F00018E6514651F808398B428A4640F09A8004
:10F7000015F0030F05F1FF35F3D1636823EA060313
:10F71000636076009E423FF681AE1EB97EE67600BB
:10F7200009F104091E42FAD04D4649E6801001262F
:10F7300006FA00F00743676059E7CDE902236B182A
:10F7400003EA0E01ABEB010606EA0E06314640461F
:10F75000019300F08FFD431C019B04BF4E461846E9
:10F76000DDE90223B7E6542827D8300B00F16F01FA
:10F7700009B26E30C90028E7B7F5AA7F27D8D70BA2
:10F7800007F178052BB207F1770CDB00CAE52B4BAC
:10F79000186800EB01090BF1FF3EC3F8009076E614
:10F7A00015EA0E0F7FF473AEA568514441F00101D4
:10F7B0006960B5E601236B6090E7B0F5AA7F25D8B4
:10F7C000F00B00F1780109B27730C900FDE640F294
:10F7D00054539F4224D8930C03F17D0503F17C0C14
:10F7E000EB009FE507F108014046CDE9012301F058
:10F7F00081F8A568029B6968D3F80090019A8FE6AA
:10F80000A9F108010BEB0100002664E640F2545117
:10F8100088420BD8B00C00F17D01C9007C30D4E6E1
:10F820004FF47E737F254FF07E0C7BE54FF47E71A5
:10F830007E20CAE663686CE7A081002050C10020EA
:10F84000014800F06FBD00BF48C10020014800F032
:10F850006BBD00BF48C10020002900F09F802DE94A
:10F86000F04383B00C4600928046FFF7E9FF009911
:10F8700001F10B03162B60D81023994260D854F87D
:10F8800004EC2EF003029A42A4F1080565DAB348AD
:10F89000806805EB020C6045DCF8046000F09080A5
:10F8A00026F0010060444068C0076CD426F00306CF
:10F8B000901983424CDD1EF0010F0FD154F8080C53
:10F8C000281A0746406820F0030006441644B34255
:10F8D00040F3EF801618B34240F3C9804046CDE9AB
:10F8E0000023FFF7D7FCDDE900230646002800F0DF
:10F8F000178154F8041C21F001012944A0F1080CDF
:10F90000614500F0AE80043A242A00F2CE80132A2A
:10F9100000F29C80034622461168196051685960C4
:10F9200092689A602146404600F0E4FF4046FFF7A7
:10F930008DFF304603B0BDE8F08333F007039CD55C
:10F940000C23C8F800300026304603B0BDE8F08331
:10F950000246DCE90201C16088606968D01A0F289C
:10F9600001F0010105EB02061BD8114369607368C1
:10F9700043F0010373604046FFF768FF26463046B8
:10F9800003B0BDE8F0831EF0010FA7D154F8080CB6
:10F99000281A0746406820F003009BE71146FFF74E
:10F9A00079BC19436960E91840F001004860736848
:10F9B00043F0010308317360404600F09BFFDAE733
:10F9C00026F00306B01803F1100C604580F28B801E
:10F9D0001EF0010F82D154F8080C281A074640681F
:10F9E00020F0030006441644B445B1463FF772AF19
:10F9F0003E46F96856F8080F043A242AC160886028
:10FA000000F2A580132A40F2A0802168B9606168E5
:10FA1000F9601B2A00F2A480083407F11002216863
:10FA2000116061685160A1689160F918A9EB030247
:10FA30004A4D42F00102A9604A607A6802F0010270
:10FA4000134340467B60FFF701FF98E7236803609C
:10FA5000636843601B2A3BD804F1080200F10803E5
:10FA60005AE750F8041C21F003010A4475E7043AF0
:10FA70003D46F96855F8080F242AC160886020D8EF
:10FA8000132A1CD92168B9606168F9601B2A3DD826
:10FA9000083407F110022168116061685160A168A3
:10FAA00091602C4632463D4657E7214600F056FA13
:10FAB00038E7DCE90201043AC1608860D8E72A46E9
:10FAC000E9E721462846009300F048FA009BE8E762
:10FAD000A3688360E368C360242A25D004F1100280
:10FAE00000F1100318E71D4A1D449560C21A42F048
:10FAF00001026A6054F8042C02F0010213434046EC
:10FB000044F8043CFFF7A2FE264638E7A1683961B5
:10FB1000E1687961242A10D0103407F11802BAE79D
:10FB20004046FFF793FE0EE7236903616169416177
:10FB300004F1180200F11803EEE62269BA61626965
:10FB4000FA61183407F12002A5E7324667E721463B
:10FB50003046009300F002FA009B66E7988100208F
:10FB6000A1683961E1687961242A03D0103407F172
:10FB7000180254E72269BA616269FA61183407F120
:10FB800020024CE713460A460146022000F01ABE46
:10FB9000024A0349034800F0C9B800BF548C002052
:10FBA000AD470200A08500200C4B4168994210B57A
:10FBB000044601D003F010FCA168094B994202D021
:10FBC000204603F009FCE168064B994204D0204628
:10FBD000BDE8104003F000BC10BD00BF84C1002090
:10FBE000ECC1002054C200202DE9F843314A324CC8
:10FBF0003249DFF8DC90DFF8DC80314F11600025FE
:10FC000004232946082204F15C00C4E903352D4E83
:10FC1000A560C4E90055C4E90555656600F030FAF1
:10FC200004F15800C4E90749C4E90987E66200F015
:10FC300075FB2946244B6367082204F1C400C4E91C
:10FC40001A55C4E91E552567C4F8CC50C4F8805035
:10FC500000F016FA04F1680304F1C000C4F884301F
:10FC6000C4E92298C4E9247600F058FB174BC4F885
:10FC7000DC30294604F596700822C4E93455C4E9FD
:10FC80003855C4F8D850C4F83451C4F8E85000F0DE
:10FC9000F7F904F1D003C4E93D87C4F8F09004F506
:10FCA0009470C4F8FC60C4F8EC30BDE8F84300F090
:10FCB00035BB00BFBCC2002084C10020650F02001C
:10FCC000A9110200CD11020009000100120002007A
:10FCD000451102006911020010B504460A4800F0FF
:10FCE00021FB636B23B9094B094A1B68626323B18B
:10FCF000BDE81040044800F017BBFFF775FFBDE8F2
:10FD00001040014800F010BB4CC10020BCC20020D4
:10FD10007D0F0200014800F005BB00BF4CC1002070
:10FD2000014800F001BB00BF4CC100202DE9F843A1
:10FD30000746884616464FF000097568013D11D404
:10FD4000B468A389012B08D9B4F90E3001332146D8
:10FD5000384602D0C04749EA0009013D6B1C04F156
:10FD60006804EED13668002EE7D14846BDE8F88336
:10FD700010B50C46B1F90E1000F066FA002803DB4E
:10FD8000236D0344236510BDA38923F48053A3810D
:10FD900010BD00BF2DE9F0411F46B1F90C301646E9
:10FDA000DA050C4605460BD423F48053A381B4F93D
:10FDB0000E103B4632462846BDE8F04100F06CBAD2
:10FDC0000223B1F90E10002200F028FAB4F90C3029
:10FDD000EAE700BF10B50C46B1F90E1000F01EFAAC
:10FDE000B4F90C30421C0EBF23F4805343F480530B
:10FDF0002065A38110BD00BFB1F90E1000F0FCB961
:10FE000070B5ADF5067D0E46009313464FF40072B3
:10FE1000059206A905AA054600F028F898B1024601
:10FE2000059B03903146284600F036FA039A059068
:10FE300006AB9A4204D02846114600F05BFD0598B7
:10FE40000DF5067D70BD4FF0FF30F9E700B5DFF826
:10FE500018E084461346DEF800005DF804EB0A461D
:10FE60006146FFF7CDBF00BF608C002010B59AB08F
:10FE700021B1D2F800C0BCF1000F1CD100214FF419
:10FE8000227CADF80CC01991009104914FF6FF7CD3
:10FE900002910591144669461A461C9BADF80EC0A6
:10FEA00001F04CFA002814DB009B206000221A703D
:10FEB00004981AB010BD0091049161464FF4C16CD2
:10FEC000ADF80CC04FF0000CCDF864C0DEDA8B2327
:10FED000036000201AB010BD032A11D8002A3BD0BD
:10FEE000013A431E0139024401E09A4234D013F82A
:10FEF000010F11F801CF6045F7D0A0EB0C0070475F
:10FF000010B541EA0004A40784460B460FD0013A1D
:10FF1000431E0139024401E09A421BD013F8010F3D
:10FF200011F801CF6045F7D0A0EB0C0010BDDCF854
:10FF30000040D3F800E074451946604603F104031D
:10FF40000CF1040CE3D1043A032AF0D860461946B8
:10FF5000002ADCD1002010BD00207047884270B517
:10FF600031D98B1883422ED9032A00EB02011DD907
:10FF700041EA030C1CF0030F1D4618D14FEA920C06
:10FF80000CF1FF36A1EB8C048C4653F804ED4CF8D1
:10FF900004EDA445F9D1C6EB867301EB830105EBB3
:10FFA000830CACF10403043902F0030252B102F1F4
:10FFB000FF3C6FEA0C0C9C4413F8012D01F8012D55
:10FFC0006345F9D170BD032A50D941EA00039B076C
:10FFD0004ED10F2A51D922F00F0301F1100601F181
:10FFE000100C103B203100F1100E19445CF8104C3D
:10FFF0004EF8104C5CF80C4C4EF80C4C5CF8084C6D
:02000004600397
:100000004EF8084C5CF8044C4EF8044C0CF1100C03
:100010008C450EF1100EE9D1F11812F00C0F0344CB
:1000200002F00F0503F1100325D025F0030CACF10D
:10003000040426461A1F1C198C465CF804EB42F88F
:1000400004EFA242F9D1043104333144334405F0C2
:100050000302002AB6D0013A0132013B0A4411F8EA
:1000600001CB03F801CF9142F9D170BD0346F0E70F
:10007000013A0346F0E72A46EBE703461546D4E784
:1000800030B584078646034606D0A2B303F8011BA9
:10009000980702F1FF32F8D1032A26D95FFA81FCD2
:1000A0000CEB0C2C0F2A0CEB0C402AD922F00F0C75
:1000B0009C44C3E90000C3E9020010336345F8D152
:1000C00012F00C0F02F00F0417D04FEA940C0CF151
:1000D000FF351A4603EB8C0C42F8040B6245FBD14A
:1000E000043304F0030203EB850322B11A4403F83E
:1000F000011B9A42FBD1704630BD2246002AF5D141
:10010000F9E71446E1E700BF8AB340EA01039B0721
:1001100030B504468E4618D1032A07D815E0043AB4
:1001200023D01CF0803F20D1032A26D92368DEF893
:100130000050A3F10131AB4221EA030C2046714685
:1001400004F104040EF1040EE9D003780C78A34204
:100150000FD1013A024406E06BB110F8013F11F8EB
:10016000014FA34205D19042F6D1002030BD104688
:100170007047181B30BD184630BD20467146E4E775
:1001800010B504460843830701D1032A19D8A446B1
:1001900001F1FF3E07E01EF8011F03F8011B501E8E
:1001A00031B19C4602466346002AF4D1204610BD78
:1001B00094440028FAD003F8011B6345FBD1204684
:1001C00010BD0B46A44618681946A0F1013323EA76
:1001D000000313F0803F01F10403D9D1043A032A4C
:1001E0004CF8040BEFD81946D2E700BF014B93F847
:1001F00010027047F889002038B5074C00230546E7
:1002000008462360FDF71AFB431C00D038BD236865
:10021000002BFBD02B6038BD08C3002038B58C46BE
:10022000084C114605461A46604600232360FDF738
:1002300011FB431C00D038BD2368002BFBD02B6082
:1002400038BD00BF08C3002038B58C46084C1146A5
:1002500005461A46604600232360FDF7EDFA431C6D
:1002600000D038BD2368002BFBD02B6038BD00BF09
:1002700008C3002038B5074C002305460846236014
:10028000FDF7C2FA431C00D038BD2368002BFBD019
:100290002B6038BD08C3002038B58C46084C114689
:1002A00005461A46604600232360FCF757FB431CB3
:1002B00000D038BD2368002BFBD02B6038BD00BFB9
:1002C00008C30020014B1868704700BF608C0020F5
:1002D00070B50E4E0E4DAE4208D0761BB6100024FF
:1002E00055F8043B01349847A642F9D8094E0A4D07
:1002F00005F02CFFAE4208D0761BB610002455F84E
:10030000043B01349847A642F9D870BD701F0060C5
:10031000701F0060981F0060701F0060704700BF72
:10032000704700BF704700BF704700BF082802D168
:100330004FF48050704708B5FFF7C4FF16230360E1
:100340004FF0FF3008BD00BF0000000002780B78BE
:10035000012A28BF9A4240F0D8806DE9044540EA5E
:100360000104CDE902676FF0000C4FEA44721AB342
:1003700080EA010414F0070F6BD100F0070420F0AD
:10038000070004F0030521F007014FEAC505F0E876
:10039000042314F0040FF1E804670CFA05F462EA90
:1003A000040266EA04060BD063EA0403624667EAC5
:1003B0000407664604E000BFF0E80423F1E80467A0
:1003C00082FA4CF582EA0604A4FA8CF46CBB83FA38
:1003D0004CF583EA0705A5FA8CF595B950E9022397
:1003E00051E9026782FA4CF582EA0604A4FA8CF419
:1003F00083FA4CF583EA0705A5FA8CF52543DBD093
:100400009CB92DBAB5FA85F424F0070427FA04F153
:10041000DDE9026723FA04F303F0FF0001F0FF01B6
:10042000FDE80445A0EB0100704724BAB4FA84F457
:1004300024F0070426FA04F1DDE9026722FA04F247
:1004400002F0FF0001F0FF01FDE80445A0EB010010
:10045000704714F0030F3CD110F0030428D150F87A
:10046000082B51F8083B82FA4CF582EA0305A5FAFD
:100470008CF55DB950F8042C51F8043C82FA4CF527
:1004800082EA0305A5FA8CF5002DE8D02DBAB5FA5D
:1004900085F424F0070423FA04F122FA04F202F0AE
:1004A000FF0001F0FF01FDE80445A0EB01007047EB
:1004B0004FEAC40420F0030050F8082B21F0030198
:1004C00051F8083B0CFA04F462EA040263EA0403FC
:1004D000C9E710F003041DD0A1EB040120F00300D4
:1004E000E40750F8042B06D012D28B785FFAA2F4FE
:1004F000E41A06D12BB1CB785FFAB2F4E41A00D13A
:1005000033B920465DF8104B7047A2EB03007047EB
:1005100001F1040150F8042BCC0721F0030151F83C
:10052000043B48D824D222F07F4482FA4CF594EA66
:100530001325A5FA8CF50AD165B951F8043B84EA74
:100540000204B4EB036F0ED150F8042BEBE74FEA33
:10055000132355E035F07F454DD10878FDE804457B
:10056000C0F1000070474FEA126203F0FF0347E05A
:1005700002EA1C4482FA4CF594EA1345A5FA8CF57C
:100580000AD165B951F8043B84EA0204B4EB034F85
:100590000CD150F8042BEBE74FEA134330E015EA97
:1005A0001C4528D10B884FEA124229E04FEA12423B
:1005B00003EA1C4324E002F0FF0482FA4CF594EABB
:1005C0001365A5FA8CF50AD165B951F8043B84EAA4
:1005D0000204B4EB032F09D150F8042BEBE74FEAE8
:1005E00013630DE015F0FF0F05D10B684FEA1222DF
:1005F00023F07F4304E04FF00000FDE8044570471E
:1006000012BA1BBA82FA4CF482EA0304A4FA8CF5FB
:10061000B5FA85F402FA04F203FA04F34FEA126021
:10062000FDE80445A0EB1360704700BF01F0FF0137
:10063000102A2BDB10F0070F08D010F8013B013A0D
:100640008B422DD010F0070F42B3F6D1F0B441EA3F
:10065000012141EA014122F007047FF00007002355
:10066000F0E80256083C85EA010586EA010685FAAB
:1006700047F5A3FA87F586FA47F6A5FA87F68EB905
:10068000EED1F0BC01F0FF0102F0070232B110F828
:10069000013B013A83EA010313B1F8D1002070470E
:1006A00001387047002D06BF35460338073815F06E
:1006B000010F07D1013015F4807F02BF013015F41E
:1006C000C03F0130F0BC0138704700BF000000009F
:1006D000000000000000000000000000000000001A
:1006E00000000000000000000000000030B490F89E
:1006F00000F020F007016FF0000C10F0070491F8F3
:1007000020F040F048804FF000046FF00700D1E97E
:10071000002391F840F000F1080082FA4CF2A4FAAC
:100720008CF283FA4CF3A2FA8CF34BBBD1E902238F
:1007300082FA4CF200F10800A4FA8CF283FA4CF32E
:10074000A2FA8CF3E3B9D1E9042382FA4CF200F166
:100750000800A4FA8CF283FA4CF3A2FA8CF37BB96A
:10076000D1E9062301F1200182FA4CF200F10800E0
:10077000A4FA8CF283FA4CF3A2FA8CF3002BC6D0C5
:10078000002A04BF04301A4612BAB2FA82F200EB11
:10079000D20030BC7047D1E9002304F00305C4F156
:1007A00000004FEAC50514F0040F91F840F00CFA70
:1007B00005F562EA05021CBF63EA050362464FF0D5
:1007C0000004AAE7F0B51D4C83B0054620680191EE
:1007D00016461F46FFF7A6FD194A0199136823B371
:1007E0005A6820681F2A23DC4DB9541C02325C6011
:1007F00043F82210FFF798FD002003B0F0BD03EB93
:10080000820E0124CEF88860D3F88861944046EACD
:10081000040C022DC3F888C1CEF80871E5D1D3F8D5
:100820008C512543C3F88C51DFE7064B1360D7E7A3
:10083000FFF77AFD4FF0FF30DFE700BFEC890020C3
:10084000B0BF0020B4BF0020F8B5064608200C4613
:10085000FFF76CFD07463046FEF7F2FF224A936829
:100860005D6825F00305A5F111031C1B3C44B4FB96
:10087000F7F4013C07FB04F4A74208DC00213046F2
:10088000FFF7F8FC184A93682B44984204D030468E
:10089000FEF7DCFF0020F8BD61423046FFF7EAFCBE
:1008A0000130114A0DD0114993682D1B45F0010507
:1008B0005D600B6830461B1B0B60FEF7C7FF012015
:1008C000F8BD00213046FFF7D5FC074A9268831A2D
:1008D0000F2BDCDD43F001035360054B03491B681C
:1008E000C01A0860D3E700BF9881002050C10020E3
:1008F0004C8C0020002965D02DE9F0410C460746BC
:10090000FEF79EFF54F804EC7D49A4F1080C2EF08C
:1009100001030CEB03028D685068954220F0030040
:100920000EF0010600F08B80151850606D6805F020
:100930000105A846AEBB54F8084CACEB040C2344AC
:10094000DCF8084001F1080E74456BD0DCF80C505F
:10095000E560AC60B8F1000F00F08C8043F001005E
:10096000CCF804001360B3F5007F35D2DA0848688C
:100970005C090132012312B2A34003434B6051F8DA
:100980003200CCF8080001EBC203083BCCF80C3075
:1009900041F832C0C0F80CC03846BDE8F041FEF75F
:1009A00055BF85B9034401F1080E9068704543F0C6
:1009B00001047AD0D268C2609060CCF804404CF850
:1009C0000330D0E770474EF00102B3F5007F44F8E2
:1009D000042C4CF80330C9D3B3F5206F4FEA5320F1
:1009E0004AD2980900F1390212B200F13804D2005B
:1009F00088188A580838904203D15FE09268904284
:100A000004D0516821F003019942F7D8D068CCE9AD
:100A10000220C0F808C03846C2F80CC0BDE8F0415A
:100A2000FEF714BFA5BB1844D2E90223D3609A6035
:100A300040F00103CCF804304CF80000ACE7184457
:100A400046B954F8083CACEB030C1844DCE902232B
:100A5000D3609A6040F00103CCF80430294BC1F810
:100A600008C01B68834297D8274B38461968FFF7A0
:100A7000EBFE91E7034498E714280FD9542824D8B3
:100A8000180B00F16F0212B200F16E04D200AFE752
:100A900043F00101CCF8041013607DE700F15C0223
:100AA00012B200F15B04D200A2E7C1E904CCCCE9A8
:100AB00002EECCF804404CF803306DE7A41001239B
:100AC000A3404C6823434B60A1E7B0F5AA7F07D849
:100AD000D80B00F1780212B200F17704D20087E758
:100AE00040F25452904206D8980C00F17D0200F179
:100AF0007C04D2007CE74FF47E727E2478E700BF4E
:100B000098810020508C002080C1002082B049B123
:100B10005AB16BB113780B601278101E18BF012008
:100B200002B0704701A9002AF3D1104602B0704705
:100B30006FF00100F4E700BF30B5436C83B00546A9
:100B40000C4653B153F8240088B1026843F82420BE
:100B50000023C0E9033303B030BD2122042102F099
:100B6000D9FD034668640028ECD10020F3E7012199
:100B700001FA04F35A1D92002846019302F0CAFDBF
:100B80000028F2D0019B44608360E1E731B1436CFF
:100B90004A6853F82200086043F82210704700BFEB
:100BA0002DE9F0410E6917460D461C4601F114026D
:100BB0004FF0000E11688BB207FB03434FEA134C52
:100BC000090C07FB01CC0EF1010E9BB203EB0C43A9
:100BD000764542F8043B4FEA1C44EBDC3CB1AB6881
:100BE000B34207DD05EB860301365C612E612846C2
:100BF000BDE8F081696801318046FFF79DFF074637
:100C0000B0B12A69023205F10C0192000C30FCF7F8
:100C100031FCD8F844306A6853F82210296043F850
:100C200022503D4605EB860301365C612E61DEE70E
:100C3000024B03483A46BA2102F04CFDB41A002098
:100C4000C81A0020B0F5803F034636BF03040020D9
:100C50001020B3F1807F3CBF1B020830B3F1805FEE
:100C600006D3B3F1804F0FD29A0012D403307047ED
:100C70001A01B2F1804F00F1040006D29B0108D4A2
:100C80005B00F3D4202070471A46002AFBDB0130BA
:100C900070470230704700BF0368590708D0DA0771
:100CA0001FD499072AD55B080360012210467047BC
:100CB0009AB282B91B0CDAB2B2B11022190701D173
:100CC00004321B09990714D0D90701D401325B08FB
:100CD000036010467047DAB24AB11A0717D10422EE
:100CE000EFE700221046704718221B0AE6E70822A9
:100CF000FBE7590707D502329B08E9E79B08022268
:100D0000036010467047DB0804D12022CEE7DB08E1
:100D10000322DDE70332DBE738B5436C04460D46BA
:100D20004BB15868B0B102685A6000220123C0E993
:100D30000323456138BD2122042102F0EBFC034668
:100D400060640028EDD1094B0948002240F24511AA
:100D500002F0C0FC1C220121204602F0DBFC00282E
:100D6000F1D001220223C0E90123DEE7B41A0020FA
:100D7000C81A00202DE9F04F0F691569AF4285B000
:100D80000E46904605DB2A4643463D4688461746B2
:100D90001E46D8F80830D8F80410EC19A342B8BFA2
:100DA0000131FFF7C9FE8446002800F09C80143012
:100DB00000EB840E704505D20346002143F8041B66
:100DC0009E45FBD8143606EB870296427CD208F18A
:100DD000140707EB8505A5EB080308F11508A845DE
:100DE000A3F11503CDE902E44FEA930A8CBF002476
:100DF00001249146E34605E0090C34D1B14500F1E8
:100E000004005ED956F8041B8AB2002AF4D0CDE95A
:100E10000090B8468646002358F8041BDEF8000010
:100E20001FFA81F94FEA114C81B202FB0911000C43
:100E3000194402FB0C0000EB114089B241EA004169
:100E400045454EF8041B4FEA1043E5D8DDE9009014
:100E5000002C4FEA8A0208BF00220244536056F871
:100E6000041C090CCAD00368CDF800908846BC4623
:100E7000864600221946BCF8009008FB092909EBB8
:100E800011499BB243EA09434EF8043B5CF8043B2A
:100E9000DEF800101B0C8AB208FB032303EB194396
:100EA00065454FEA1342E6D8002C4FEA8A02DDF886
:100EB000009008BF00220244B145536000F10400D5
:100EC000A0D8DDE902E4DC46002C02DC05E0013CB0
:100ED00003D05EF8043D002BF9D06046CCF81040FA
:100EE00005B0BDE8F08F034B034862464FF4B17183
:100EF00002F0F0FBB41A0020C81A0020F8B512F076
:100F00000303144607462FD10E46A4102AD03D6C89
:100F1000002D32D004F0010364103BB92868B8B149
:100F2000054604F001036410002BF7D02A46314631
:100F30003846FFF71FFF36B17B6C716853F82120EC
:100F4000326043F8216074B1064628680028E7D172
:100F50002A4629463846FFF70DFF00232860036024
:100F60000546DEE73046F8BD013B0F4A52F8232024
:100F70000023FFF715FE0646C7E701213846FFF7B5
:100F8000DBFD054640B1012340F27122C0E9043285
:100F9000002338640360BDE7044B05482A4640F24D
:100FA000451102F097FB00BFB8800020B41A002062
:100FB000C81A00202DE9F0470D4691462E69AB680E
:100FC000496806EB6216741C9C4207464FEA621899
:100FD00004DD5B009C4201F10101FADC3846FFF7B9
:100FE000ABFD844600284FD0B8F1000F00F114008B
:100FF0000BDD08F105010CEB81010346002243F8EB
:10100000042B8B42FBD100EB8800296905F1140306
:1010100019F01F0803EB810E2ED0C8F120090246FB
:101020004FF0000A196801FA08F141EA0A0142F892
:10103000041B53F8041B9E4521FA09FAF2D8AEEBC3
:101040000503153B23F0030305F11502964538BF50
:101050000023043340F803A0BAF1000F00D1344656
:101060007B6C6A68CCF8104053F822102960604607
:1010700043F82250BDE8F087043853F8042B40F8B9
:10108000042F9E45F9D8EAE7034B044862464FF423
:10109000EF7102F01FFB00BFB41A0020C81A002035
:1010A00003690A6900B5B3EB020E12D100F1140C0A
:1010B00014310CEB820301EB820101E09C4508D264
:1010C00053F8040D51F8042D9042F7D003D24FF09D
:1010D000FF3E704600BD4FF0010E704600BD00BFE0
:1010E0002DE9F04F17460A693B69A2EB0308B8F1F6
:1010F000000F83B00C4615D1143107F1140505EB30
:10110000830501EB830302E0994280F0858053F868
:10111000046D55F8042D9642F6D080F08A804FF089
:10112000010805E0FBDB3B464FF000080F461C467C
:101130007968FFF701FD002800F086803A6926698A
:10114000C0F80C8007F1100107F11408834600F184
:10115000140704F1140008EB820E944600EB860697
:101160000023B946C2460A46019450F8041B52F8BF
:10117000045F8CB21FFA85F8A8EB0408090C9844A8
:10118000C1EB154101EB28411FFA88F848EA0144F8
:10119000864249F8044B4FEA2143E6D8A146019C18
:1011A000301B1538153420F00300A64238BF00204C
:1011B0000AEB00010431C4198E4562460846DC463C
:1011C00098BF23461AD9A7EB0A070434C61950F86A
:1011D000045B13FA85F82B442D0C05EB28459BB2D4
:1011E00043EA05498645C6F800904FEA2543EDD805
:1011F0000EF1FF335B1A23F003032344B9F1000F10
:1012000004D153F8041D013A0029FAD06046CCF805
:10121000102003B0BDE8F08F0021FFF78DFC84465D
:1012200058B101220023C0E90423604603B0BDE8A1
:10123000F08F3B4627461C467AE7074B0748624635
:1012400040F2372102F046FA0246034B034840F2CF
:10125000452102F03FFA00BFB41A0020C81A00204E
:101260002DE9F043894683B0012157EC106B90467D
:10127000FFF762FC0446002846D0C7F30A55C7F3BF
:1012800013030DB143F480130193331E15D101A84C
:10129000FFF702FD019B636101212030216115B33D
:1012A000A5F233450544C0F13500C9F80050C8F82F
:1012B0000000204603B0BDE8F08368460093FFF7C6
:1012C000EBFCDDE9002328B1C0F1200103FA01F1B4
:1012D0000A43C340002B0CBF012102216261A361BC
:1012E0002161002DDCD104EB8103A0F23240C9F86A
:1012F00000001869FFF7A6FCC0EB4110C8F8000019
:10130000204603B0BDE8F083034B0448224640F278
:101310000F3102F0DFF900BFB41A0020C81A002014
:1013200049B1FF2A02D80A70012070478A2303605E
:101330004FF0FF3070470846704700BF2DE9F04F6F
:101340002DED028BD1B00C46079190460993824651
:1013500002F076F9036811931846FFF7C7F90822DF
:101360001090002120A8FEF78BFEA389180603D554
:101370002369002B01F06E8000239FED728BCDE975
:101380002533CDE9143327AA0D93249217461293DF
:101390001393059345462C466C4BD3F8CC61FEF76E
:1013A00025FF20AA034600921AA922465046B047BC
:1013B000002800F09880C0F28E801A9A252A0346F1
:1013C00001D01C44E8E7B4EB0508064640F08F80E6
:1013D00000234FF0FF328DF85F309B4606930134B7
:1013E0002378049201349946A9F120035A2B00F284
:1013F000AF80DFE813F0FE02AD00AD00FA02AD00F1
:10140000AD00AD00DD02AD00AD00A802B702AD0039
:10141000B302C002AD00BC025B005B005B005B007E
:101420005B005B005B005B005B00AD00AD00AD00EE
:10143000AD00AD00AD00AD002101AD009C01AC03DD
:10144000210121012101AD00AD00AD00AD00A803D7
:10145000AD00AD000803AD00AD00AD007302AD00FE
:101460006103AD00AD009807AD00AD00AD00AD006B
:10147000AD00AD00AD00AD002101AD009C018701C4
:10148000210121012101ED0387016C00AD00080459
:10149000AD00F8033D0413046C00AD0073026A0054
:1014A0008303AD00AD00FB07AD006A00A9F1300376
:1014B000002214F8019B02EB820203EB4202A9F125
:1014C0003003092BF5D906928EE723788AE7237833
:1014D0004BF0200B86E70822002120A8FEF7D0FD64
:1014E00001231C4458E7B4EB0508064610D02599A3
:1014F000269B013143440729C7E9005826932591CB
:1015000017DC0837059B43440593002E7FF460AF3A
:10151000269B002B41F00383079B9B8903F040032C
:10152000002B41F0CF86059851B0BDEC028BBDE891
:10153000F08F079924AA504601F022FF0028EBD132
:1015400027AFDFE70000000000000000F88900205E
:10155000B9F1000FDCD00023CDE90B3301228DF867
:10156000DC908DF85F3008930A9204930E9337ADA8
:101570000292269A1BF08403904600F005819DF8A4
:101580005F1009B3DDF894C000260CF101010120C1
:101590000132786007290DF15F00CDE9251238602E
:1015A00000F33E8408377EB1DDF894C00CF10101F0
:1015B00018A80232386007294FF00200CDE9251241
:1015C000786000F320840837802B00F06583049B4B
:1015D0000A995E1A002E00F3E8801BF4807F40F029
:1015E00021810A9B7B601A44259B3D600133072BB8
:1015F0002692259300F3BC8308371BF0040F05D017
:10160000069B02995D1A002D00F31884DDE905316F
:1016100002988142ACBF5B181B180593002A40F06A
:10162000778300232593089B1BB108995046FFF749
:1016300061F927AF2546AEE6099B073323F0070380
:10164000B3EC028B9FEDA17BB0EEC86BB4EE476BA1
:10165000F1EE10FA099300F33986B4EE488BF1EEFF
:1016600010FA81F14685B9F1610F01F07A83B9F181
:10167000410F01F07084049B013301F07F82B9F1C6
:10168000670F18EE903A4BF4807801F0F584B9F1C9
:10169000470F01F0F1840023089318EE903A002BD5
:1016A000C1F20885B0EE487B0026A9F14103252B45
:1016B00001F2DD81DFE813F0A50CDB09DB09DB09B2
:1016C000700ADD0ADB09DB09DB09DB09DB09DB0961
:1016D000DB09DB09DB09DB09DB09DB09DB09DB09EA
:1016E000DB09DB09DB09DB09DB09DB09DB09DB09DA
:1016F000DB09DB09DB09DB09A50CDB09DB09DB09FD
:10170000700ADD0A1BF0200F40F0DE85099A1BF0FD
:10171000100F52F8046B41F01C861BF0400F099229
:1017200001F08E8046F3C038434636B21FE2B9F16D
:10173000430F03D01BF0100F00F065860822002134
:1017400022A8FEF79DFC099A37AD126822AB294604
:10175000504602F0C5FF0A90013001F0AE850A9BA9
:1017600023EAE3730293099B269A04330993002327
:10177000CDE90B338DF85F30089304930E931BF083
:10178000840390467FF4FBAE0699029E8E1B002ECA
:1017900000F321849DF85F1000297FF4F3AE049BD1
:1017A0000A995E1A002E7FF718AF4A49259B0F91C0
:1017B000102E27DD39464FF0100837462E462546B5
:1017C000079C04E0103F102F01F1080116DD0133E2
:1017D00040481032072BC1E90008CDE92532F1DD80
:1017E00024AA2146504601F0CBFD002840F0988203
:1017F000103F102FDDE9253227A9E8DC2C463546BD
:101800003E460F4601330F9939603244072BCDE92C
:1018100025327E6000F364841BF4807F07F10807A3
:101820003FF4DFAEB9F1650F40F3AC82B5EE408B0B
:10183000F1EE10FA40F05283259B274939600133BD
:1018400001320121072B26922593796000F37F87CF
:101850000837199B0D998B4280F2EB84109B1199EC
:101860001A44C7E90013259B26920133072B2593C1
:1018700000F3D38508370D9B5D1E002D7FF7BDAEAD
:101880001449259B0F91102D40F39787A146DDF851
:101890001C8010260C4604E00837103D102D40F344
:1018A0008B8701331032072BC7E90046CDE925327B
:1018B000F2DD24AA4146504601F062FD002840F0C6
:1018C0002F82DDE9253227AFE7E700BFFFFFFFFFEB
:1018D000FFFFEF7F74810020641B0020DDF824806F
:1018E00058F8045B00238DF85F30002D00F0A185CF
:1018F000B9F1530F00F037871BF010030B9340F042
:101900003287049B002BC1F2FC801A460B992846B3
:10191000FEF78CFE9DF85F300890002801F04884A7
:10192000089A521B0A9222EAE27202920BB1013229
:1019300002920B9BCDF8248004930E930C93089392
:101940004FF0730915E6099B53F8042B0692002A01
:1019500080F27584069A09935242069223784BF0DE
:10196000040B3FE52B238DF85F3023783AE523788D
:101970004BF0800B36E5214611F8019BB9F12A0F97
:1019800001F09084A9F13003092B98BF002201F2E5
:10199000DD8211F8019B02EB820203EB4202A9F106
:1019A0003003092BF5D942EAE27304930C461BE598
:1019B000504601F045FE436813931846FEF796FE25
:1019C00015900646504601F03BFE8268237814923B
:1019D000002E3FF407AD002A3FF404AD1278002A30
:1019E0003FF400AD4BF4806BFCE423784BF0010B2B
:1019F000F8E49DF85F202378002A7FF4F3AC2022DE
:101A00008DF85F20EEE41BF0200F4BF0100000F08B
:101A10002884099B073323F007031A46596852F8B4
:101A2000083B099200228DF85F20049A002A18DBF7
:101A300053EA010220F4906B15D1049A9AB910F080
:101A400001031A46029300F0738630238DF83F316C
:101A5000049B0A92CDE90B330E9308930DF23F15C8
:101A600087E520F4806B50AD03F00702DB0843EA02
:101A70004173C908303253EA0106284605F8012DA2
:101A8000F2D11BF0010F00F01582302A00F0128213
:101A90003023049905F8013C023850AB1B1A9942D7
:101AA0004FF00002B8BF1946CDE90B2208920A9305
:101AB000054602910E925CE51BF0200F4BF01001E1
:101AC00021D1099B1A1D099B04981B684FF000083F
:101AD00040458DF85F801E4659DB21F0800B002BBE
:101AE00040F08C850992002840F0E983CDE90B0095
:101AF0000A900E900290089050AD3AE51BF0200F2E
:101B000000F0BE835946099B073323F007020023E8
:101B10008DF85F30049BD2F8048052F8086B09926C
:101B2000002B35DB56EA080321F0800B31D1049BF2
:101B3000002B40F0C483CDE90B330A930E9302933C
:101B4000089350AD15E523784BF0080B4AE41BF0E1
:101B5000200F4BF0100300F07A83099A073222F02D
:101B600007029B46536852F8086B09929846002B6F
:101B7000C0F2C282049A002A0BDB56EA08032BF05B
:101B8000800B06D1002A00F04187302607E0099239
:101B90008B460A2E78F1000380F0BF823036049A1B
:101BA0009DF85F308DF83F61012AB8BF0122029293
:101BB00001220A920DF23F15002B01F06D83029B6A
:101BC000013302930023CDE90B3308930E93D0E445
:101BD0002378682B03BF63784BF4007B01344BF010
:101BE000400BFFF7FFBB099A1BF0200F02F1040323
:101BF00000F08883126805991160C9175160099334
:101C00002546FFF7C8BB23786C2B03BF63784BF0E6
:101C1000200B01344BF0100BFFF7E4BB099A049E34
:101C200052F8041B002047F630038642ADF86030BE
:101C30008DF85F000B46C0F2DB832BF0800545F08A
:101C4000020B002940F0D683002E00F0E6860992B0
:101C500030230122CDE90A210E918DF83F31029601
:101C60000DF23F154FF078098E4608910C91A5E3CF
:101C70001BF0200F40F02583099A1BF0100F52F83B
:101C8000043B41F05E831BF0400F00F0E9859BB2FE
:101C9000099258460021C5E6069B02995E1A002E5D
:101CA0007FF795AC8B49259B0F91102E24DD38468C
:101CB0004FF010082F4619462546864C04E0103E8A
:101CC000102E00F1080013DD013110320729C0E9A0
:101CD0000048CDE92512F2DD079924AA504601F00B
:101CE0004FFBE8B9103E102EDDE9251227A8EBDCEA
:101CF0002C460B463D46074601330F993960324466
:101D0000072BCDE925327E6000F3638508375EE45A
:101D1000079924AA504601F033FB00283FF481AC18
:101D2000089B002B3FF4F8AB08995046FEF7E2FD04
:101D3000079B9B8903F04003FFF7F2BB109B1199AF
:101D40001A44C7E90013259B26920133072B2593DC
:101D500000F3068707F108010028C1F21E810D98E3
:101D60000D6001330244072BCDE92532486046DD82
:101D7000079924AA504601F003FB0028D0D1269AE7
:101D800027AF3AE40D98259B012802F1010203F1E7
:101D9000010307F1080140F364810120072BCDE91D
:101DA00025323D60786000F32C821098119E01333B
:101DB0000244072BC1E90060CDE9253200F32D82F2
:101DC00008310D98B5EE408BF1EE10FA00F1FF36B8
:101DD00000F05F81013301353244072BCDE9253214
:101DE0000D604E6000F3498108311298486001335C
:101DF0000244072B1CA8CDE925320860B8DC01F1AC
:101E00000807FFF7FABB07990F9324AA504601F081
:101E1000B7FA002884D1269A0F9B27AFFFF7D4BBCF
:101E200007990F9324AA504601F0AAFA00287FF4DC
:101E300077AF269A0F9B27AFFFF7B5BB102D259BD9
:101E400041F3D580A046DDF81C90234C102604E019
:101E5000103D102D07F1080715DD01331032072B57
:101E6000C7E90046CDE92532F2DD24AA49465046AD
:101E700001F086FA00287FF453AF103D102DDDE904
:101E8000253227AFE9DC21464446884601332A44FF
:101E9000072BC7E90085CDE925327FF7B7AB079956
:101EA00024AA504601F06CFA00287FF439AF269A34
:101EB000FFF7ACBB049950AA521B91424FF00003AC
:101EC000B8BF1146CDE90B3308930A9202910E93E5
:101ED000FFF74FBB74810020287D0020199800284F
:101EE00040F300840B9B0D998B42A8BF0B46002B3F
:101EF00098460ADD1A44C7E90053259B2692013310
:101F0000072B259300F3B48708370B9EB8F1000F19
:101F1000A8BFA6EB0806002E00F3AB820B9B1BF4B8
:101F2000806F03EB050940F0CA82199B0D998B4223
:101F300003DB1BF0010F00F07D85109911980A4416
:101F4000C7E900012599269201310729259100F35F
:101F50009B8708370D996E18A6EB0906CD1AAE427D
:101F6000A8BF2E46002E0BDD259BC7F8009001333D
:101F70003244072B7E602692259300F3D3870837DF
:101F8000002EA8BFAD1B002D7FF737ABB949259BAD
:101F90000F91102D40F31184A146DDF81C8010260E
:101FA0000C4604E00837103D102D40F30584013342
:101FB0001032072BC7E90046CDE92532F2DD24AA0D
:101FC0004146504601F0DCF900287FF4A9AEDDE976
:101FD000253227AFE7E72599102E404640F3618769
:101FE0000F943A46A846079CA34D1F4604E0103EB6
:101FF000102E02F1080216DD0131103010230729DE
:10200000CDE9251015605360F1DD24AA2146504624
:1020100001F0B6F900287FF483AE103E102EDDE902
:10202000251027AAE8DC3B460F9C17462A46454662
:10203000904601F1010C3218BCF1070FCDE925C221
:10204000C7F800807E6000F336839DF85F10083784
:10205000002940F0F880002B3FF4B9AA0B46FFF7A7
:10206000A5BA1BF0010F7FF498AE0120072BCDE934
:1020700025323D6078607FF7B8AE079924AA5046B4
:1020800001F07EF900287FF44BAEDDE9253227A967
:10209000ABE60D9801287FF7A8AE112875480F9080
:1020A00040F3B783A046079F1025044604E008319B
:1020B000103E102E40F3AC8301331032072BC1E9E0
:1020C0000045CDE92532F2DD24AA3946504601F01B
:1020D00057F900287FF424AEDDE9253227A9E7E788
:1020E000079924AA504601F04BF900287FF418AE56
:1020F000269A27AFFFF771BA2D238DF85F30049B26
:10210000764268EB4808002BFFF643AD0A2E78F1C3
:1021100000032BF0800BFFF441AD0294CDF8289022
:1021200050A9DDF8509008974FF0000C0BF4806434
:1021300026E016EB0803514843F10003A0FB0320FF
:1021400020F0030202EB90029B1AF31A4B484FF067
:10215000CC32B646474602FB03F268F1000800FBAA
:102160000822A3FB0063BEF10A0F13444FEA560690
:1021700077F10007294646EAC3764FEA53082DD384
:102180003E4D16EB080343F10003A5FB032020F0AE
:10219000030202EB90029B1AF31AA3FB053268F1CB
:1021A000000005FB00225B0843EAC27303EB8303D4
:1021B000A6EB430330330CF1010C01F8013C4D1E3A
:1021C000002CB6D099F800306345B2D1BCF1FF0FB6
:1021D000AFD00A2E78F1000380F0B3830499029CFB
:1021E000CDF8509050AB5A1B9142B8BF1146DDF864
:1021F0002890089F9DF85F30CDF834C00A92029174
:10220000DAE4079924AA504601F0BAF800287FF4CE
:1022100087ADDDE9253227A9C7E5079924AA5046ED
:1022200001F0AEF800287FF47BADDDE9253227A967
:10223000C7E51BF0010F3FF4E0A9FFF70FBB0993BF
:102240002378FFF7CFB81E460023FFF79EB9099AFF
:102250000432099909920E684FEAE6789B46434694
:1022600085E4099B1A1D099B09921B680021FFF751
:10227000D9BB00BF74810020287D0020CDCCCCCC00
:10228000099A1BF0100052F8043B41F057801BF0F4
:10229000400100F0A8818DF85F009BB204994FF0D7
:1022A000000841451E46C0F2A9812BF0800B002B8F
:1022B00040F0A481049B0992002B3FF43CAC002623
:1022C0006CE45846FFF7A5BB5B4646E4B5EEC08B11
:1022D000F1EE10FA2BF0800B00F11E839DF85F30B9
:1022E000B9F1470FCCBFA44DA44D002B40F052874D
:1022F0000322CDE90B3308930A9204930E930292C2
:10230000FFF737B91BF0100F40F07C821BF0400F35
:1023100040F0A7831BF4007F00F07482099A0599AE
:10232000126811706BE4964E1BF0200F00F07D8157
:10233000099B073323F007031A46586852F8083BF5
:1023400009921BF0010140F05C81049A8DF85F1046
:10235000002AC0F28B8153EA00022BF4906B00F04C
:10236000948103F00F02B25C8DF83F211B0943EA10
:102370000073020953EA10100DF23F150BD003F061
:102380000F001B09305C05F8010D43EA02731209C6
:1023900053EA0200F3D1049A50AB4FF0000E5B1BDE
:1023A0009A42CDE90BEEB8BF1A460A930292CDF8D5
:1023B00020E0CDF838E000293FF4DBA8029BDDE9FE
:1023C00025C2023302931BF084039046614604D178
:1023D000069E0298361A002E06DCBEF1000F3FF46E
:1023E000E5A80226FFF7D1B80223F5E5654E9BE785
:1023F0004BF0020B0992634E03F00F020221B25C14
:102400004FF07809B0E7099B1B688DF8DC30012399
:1024100002930A9337ADFFF7A6B9079924AA50464D
:1024200000F0AEFF00287FF47BAC269A27AFFFF7C1
:1024300022BA049B0895062B28BF062302930A9311
:102440002B460495CDE90B334F4DCDF824800E93E8
:10245000FFF78FB840215046FCF71CFF079B186020
:102460001861002800F06087079A40235361FEF747
:1024700083BF102E259B40F32E874448DDF81C8037
:102480000F9039464FF01009074604E00831103E1E
:10249000102E40F32B8201331032072BC1E9007953
:1024A000CDE92532F2DD24AA4146504600F068FF0E
:1024B00000287FF435ACDDE9253227A9E7E70D9B3D
:1024C000DDF83880CDF83CB0EB1804930C9BDDF8B8
:1024D0001CB00B94002B4E463946DDF85090159FEA
:1024E0000E9531DDB8F1000F40F32B8108F1FF3874
:1024F0002598139B01303A440728C1E900372692FA
:10250000259000F39F800831049B99F800009D1BE3
:102510008542A8BF0546002D0CDD259801302A44D0
:102520000728C1E900652692259000F35E8199F89D
:1025300000000831002DACBF441B0446002C14DC05
:1025400006440C9B002BCDDCB8F1000FCEDCDDE99E
:102550000D35EB189E42CDF850900B9CDDF83CB049
:10256000B1460F4628BF9946DFE4102C2598074B4B
:102570002BDD10250A9310E0281B0020241B0020CF
:10258000481B0020341B00205C1B002074810020AD
:10259000103C102C01F1080116DD0130AE4B103259
:1025A0000728C1E90035CDE92502F1DD24AA594605
:1025B000504600F0E5FE00287FF4B2AB103C102C32
:1025C000DDE9250227A9E8DC0A9B0B6001302244E3
:1025D0000728CDE925024C6000F3588399F80000E4
:1025E00008310644ADE71BF4007840F032820499CC
:1025F0008DF85F8000291E46BFF657AE0992FFF79F
:10260000C8BA53EA000237D030228DF86020002289
:102610008DF85F20049A8DF86190002A23DB2BF45B
:10262000906242F0020B02219BE6099A1BF0100F08
:1026300052F8043B099214D11BF0400F0DD09BB20D
:1026400000207EE624AA5946504600F099FE002854
:102650007FF466AB269A27A956E71BF4007F40F06B
:10266000F58100206DE64BF0020B022103F00F0212
:102670002BF4806BB25C77E6049B00218B428DF8D3
:102680005F10C0F241812BF4906B049A002A00F095
:10269000CB80012A33788DF83F31B8BF0122002367
:1026A00002920122CDE90B3308930A920E930DF2A8
:1026B0003F15FEF75EBF07990F9324AA504600F01E
:1026C0005FFE00287FF42CAB9DF85F10269A0F9BCD
:1026D000002900F0AC801E46DDF894C0034627AF09
:1026E000FEF753BF259B5D4939600133013201215B
:1026F000072B26922593796000F37C810837002808
:102700007FF41CAB0D990BF001030B433EF475AF46
:10271000109B11991A44C7E90013259B2692013397
:10272000072B259300F31C8207F10801FFF717BB65
:10273000049B0A93CDE90B330E93089350ADFEF73B
:1027400018BF0C9B013B09F1FF390C93D0E60799A8
:1027500024AA504600F014FE00287FF4E1AA269A2D
:1027600027AFFFF776B80822002122A81B95FDF7B6
:1027700087FC049B002B7DDB00260294CDF8208093
:10278000344698460EE037A9504601F0A9FF411C97
:10279000204400F09484404509DC06F1040600F072
:1027A000008504461B9A925922AB002AEBD10A9469
:1027B000DDF82080029C6AE04C4601330F993960B5
:1027C0002A44072B7D60CDE925327EF715AFFFF750
:1027D000CFBA079924AA504600F0D2FD00287FF412
:1027E0009FAA269A27AFFEF7F2BE24AA5946504662
:1027F00000F0C6FD00287FF493AA99F80000269AFD
:1028000027A997E6099A059912681160FFF7F7B9A9
:10281000444601330F9808603244072BCDE9253236
:102820004E607FF7E1AA28E4049BFFF784B9002BF0
:1028300000F00981DDF894C00B4627AFFEF7B6BE65
:102840001BF4007F16BF46F3C0184FEAE67876B255
:102850004346FFF78CB900BF74810020641B002041
:102860001BF4007100F0F980DBB209925846002198
:10287000FFF7D8B822AB009300231BAA1946504695
:1028800001F056FF0A90013000F019841B950A9B55
:10289000002B00F09F80632B00F34C8100230893F2
:1028A00037AD0822002122A8FDF7EAFB0A9E22ABE1
:1028B00000931BAA33462946504601F039FF864251
:1028C00040F042850A9A0023AB5422EAE272029257
:1028D0009DF85F20049312B1029A01320292CDE971
:1028E0000B33CDF824800E93FEF743BE0F46013321
:1028F0000F9939603244072BCDE925327E6000F311
:1029000023810837FFF70ABB33788DF83F312BF46A
:10291000806B0DF23F153EE52D238DF85F30B9F148
:10292000470F4FF000030893049340F3E68003221F
:10293000964D0A92CDE90B330E9304230293FEF7D2
:1029400018BE159A1399AD1A2846FDF719FC99F887
:1029500001300BB109F101098D4A16EB080343F16F
:102960000003A2FB030727F0030000EB97001B1AEC
:10297000F31A4FF0CC3168F1000803FB01F102FBC0
:102980000811A3FB023001445B0843EAC1764FEA19
:10299000510816EB080343F10003A2FB031020F0DB
:1029A000030101EB90015B1AF31AA3FB023168F1FA
:1029B00000005B0802FB001243EAC27303EB8303CF
:1029C000A6EB4303303305F8013C4FF0010C013D09
:1029D000FFF7F8BB9DF85F30CDF82480003B18BFAF
:1029E000012302930A9B0493CDE90B330E930893C2
:1029F000FEF7BFBD079924AA504600F0C1FC00288D
:102A00007FF48EA91998269A27AF78E69DF85F3053
:102A100002920A9250ADFFF7CFB8049B0992CDE91C
:102A20000A330E930C93029350AD4FF078099E46F3
:102A30000893C3E46E18A6EB0906CD1AAE42A8BFF0
:102A40002E46FFF79DBA27AFFEF7C1BDDBB20020CF
:102A500077E48DF85F10DBB220E409925846FEF768
:102A6000E1BF099A059912681180FFF7C8B822AB37
:102A700001931BAB0093B0EE470B049A19AB0221F4
:102A800050468DED027B00F015FF9DED027B054663
:102A90001BF0010F40F05582229B5A1B199B0D928F
:102AA000D81C0B93C0F2018204999942C0F20B81A9
:102AB0009A4200F392820B9B0A931BF4806F03D01F
:102AC0000B9B002B00F32D830A9B23EAE373C34681
:102AD00002934FF0670900230E930C930BF0020151
:102AE000002E00F0CA804FF02D0E8DF85FE0029BA3
:102AF00001330293002304935DE40322254D0A92DF
:102B000018E72846FDF7F2FD9DF85F300A9020EAAD
:102B1000E0720292002B3EF40CAFFEF708BF079C58
:102B200024AA2146504600F02BFCA38903F0400361
:102B3000FEF7F6BC591C5046FCF7ACFB05460028D6
:102B400000F0F6830890ACE6079924AA504600F0FE
:102B500017FC00287FF4E4A8269A27AFFFF7DEB918
:102B6000079924AA504600F00BFC00287FF4D8A84F
:102B7000DDE92532199827A9FFF7EEB8002308935D
:102B8000062304934BF48078FEF787BD281B0020B2
:102B9000CDCCCCCC241B0020049B01330D9302210F
:102BA00022AB01931BAB0093B0EE470B19AB0D9A10
:102BB00050468DED027B00F07DFE0D9B29F0200C30
:102BC000BCF1460F9DED027B054600EB030100F0D2
:102BD0009880B5EE407BF1EE10FA00F0D882229B8F
:102BE000994288BF4FF0450C40F2CF8230205A1CEA
:102BF00022921870229B8B42F9D35B1B0D93BCF180
:102C0000470F199B0B9356D0BCF1460F00F08F80F5
:102C10000B9B8DF87090013B002B1993C0F24C81F7
:102C20002B22092B8DF8712000F34F8130228DF873
:102C300072200DF17302303302F8013B1CABD31A42
:102C400012930D9B129A012B1A440A9240F341826F
:102C50000A9B109A13440A930A9A2BF4806343F454
:102C6000807B22EAE2720023CDE90B330E930292BD
:102C700034E7049B0D93032192E79DF85FE0BEF1DA
:102C8000000F7FF434AF0496FFF795BB24AA594692
:102C9000504600F075FB00287FF442A899F8000028
:102CA000269A27A906444CE4199B0B934B1BBCF1B5
:102CB000470F0D933BD10B9B0333C0F2F680049B6F
:102CC0000B9A93420FDA0B9B013BA9F10209002BEF
:102CD0008DF870901993A3DA0B9B2D22C3F1010399
:102CE0008DF87120A2E70D9B0B9A934200F375813A
:102CF0001BF0010F0B9B00F0B282109A13440A9351
:102D0000DBE62B78302B00F06182199B1944B5EE7D
:102D1000407BF1EE10FAC7D0229B8B42FFF466AFE6
:102D20005B1B0D93BCF1470F199B0B93C3D00B9901
:102D3000049A0BF00103002943EA020340F3CF8217
:102D4000002B40F01A820B9B0A934FF066091BF48C
:102D5000806F40F0E8810A9B23EAE373C346029345
:102D6000B9E647F63003ADF86030049B632B4BF0B7
:102D7000020B00F35C8118EE903A002BC0F23B810D
:102D8000B0EE480B19A800F061FCB4EE007B20EE19
:102D9000077BB5EE407BF1EE10FA40F04082012354
:102DA0000026199337AD0896AE480499B3EE004B50
:102DB0002B4606E0B5EE407BF1EE10FA00F00F82F4
:102DC000114627EE047BFDEEC76B4A1E16EE90CA35
:102DD00010F80CE0B8EEE65B9C4637EE457B03F856
:102DE00001EB0029E6D1B6EE005BB4EEC57BF1EE57
:102DF00010FA08DCB4EE457BF1EE10FA1ED116EEA7
:102E0000902AD2071AD5CDF888C013F8011C90F883
:102E10000FC08C451A460AD14FF0300E02F801EC73
:102E2000229A511E229112F8011C6145F6D03929CF
:102E300016BF0131817AC9B202F8011C199A5B1BD5
:102E40000D93B9F1610F02F1FF33199300F01F8266
:102E500050214FF04109002B8DF87010C0F20E8206
:102E60002B22092B8DF871202FDC0DF17202E2E686
:102E7000079924AA504600F083FA00287EF450AF48
:102E8000269A27AFFFF741B8079924AA504600F0C9
:102E900077FA00287EF444AF199B269A27AFFFF7F4
:102EA00059B8DFF8CC81FFF7C4B80B9BA9F1020930
:102EB000013B8DF8709019930B9A2D238DF871308A
:102EC000C2F101030832BFF6B1AE0DF17F0CDFF89D
:102ED000A4E162461046AEFB0312D20802EB820167
:102EE000A3EB41013031632B00F8011C134600F1C4
:102EF000FF32EFDC303302F8013C831E634580F083
:102F0000C8810DF1710213F8011B02F8011F63451E
:102F1000F9D103F5A0736B44CC3B1B1A1CAA9B1A76
:102F200012938EE6079924AA504600F029FA002849
:102F30007EF4F6AE199D0D9B269A5D1B27AFFFF719
:102F40001FB8049B4FF0470CE918E0E600230C463D
:102F50000493FEF749BA45F63003ADF86030049BA0
:102F6000632B4BF0020B62DC18EE903A002B42DB35
:102F7000B0EE480B19A800F069FBB4EE007B20EE20
:102F8000077BB5EE407BF1EE10FA01D101231993D6
:102F900000263548089637AD07E7464210303348DB
:102FA0000F9052DA1027804603E00831103E102EB1
:102FB0004BDD01331032072BC1E90087CDE9253203
:102FC000F3DD079924AA504600F0DAF900287EF4D0
:102FD000A7AEDDE9253227A9E8E70D9B109A9A18DC
:102FE0000B9B0A92002B79DD4FF06709AFE6DFF803
:102FF0008080FEF74BBF0023089337AD2D26B1EE3E
:10300000487BB0EE470B19A800F020FBB4EE007B24
:1030100020EE077BB5EE407BF1EE10FA04BF0123F2
:103020001993B9F1610F3FF4BFAE0F48BDE6049BA1
:103030005046591CFCF72EF90546002800F03D814A
:1030400008904BF48078FEF728BB01330F98086096
:103050003244072BCDE925324E6000F3028108315E
:10306000FEF77DBE341B0020481B00207481002029
:10307000287D0020CDCCCCCC049A002A00F0D4804E
:10308000002BC0F22481B0EE487B002622AB0193D6
:103090001BAB0093B0EE470B19AB049A02215046CC
:1030A0008DED027B00F006FC00239DED027B0546C2
:1030B0000893EDE42D26B1EE487BFEF7F6BA079BA8
:1030C0009B890022089243F04003079A9381FEF700
:1030D00027BE1BF0010F3FF4BFADB9E5C3F10103FB
:1030E0001A4422EAE273C3460A9202934FF0670938
:1030F000F1E418EE903A13F000432BF0800B0B93A1
:1031000000F09A802D238DF85F30B9F1470F4FF012
:1031100000030893049340F3F8800322944D0A922D
:1031200008E44FF0670914990B78FF2B00F0F88042
:1031300000200B9A0E90844603E001300131FF2BF2
:1031400009D0934207DAD21A4B78002BF5D10B78CD
:103150000CF1010CF3E7CDE90B201491CDF838C048
:103160000C9A0E9B159913440A9A01FB03230A93A8
:1031700023EAE373C3460293B0E4109B02EB010918
:103180004B440A934FF06609E1E55B1B0D93199BD5
:103190000B933DE50023032208930A920493FFF763
:1031A000C9BB049B029CDDF820800A93FFF76FBB2C
:1031B000CDF824801BB3049B0A935A1C02920490FE
:1031C0000E900C904FF07309FEF7D3B9B5EE407B2B
:1031D000F1EE10FA1ED1199B0B93194466E5002AF3
:1031E0000491FFF62BAE0499302001EB030C194635
:1031F00001F8010B6145FBD11A44531C1EE6049BE8
:103200000A930293089B0E930C9304934FF0730957
:10321000FEF7AFB90D9BC3F10103199376E50026C4
:103220005448089637ADC0E5934273DBB0EE487B57
:103230000123049E049329E79DF85F30B9F1470FFD
:10324000CCBF4B4D4C4D002B40F0868003220493A5
:103250000A920E930C9308930292FEF78AB90A938E
:103260002BE4079924AA504600F08AF800287EF43F
:1032700057ADDDE9253227A9FEF771BD2D238DF865
:103280007130C2F101030832FFF61FAEEDE5702187
:10329000E1E502231293D4E4CDE90B3308930E93B6
:1032A000FEF767B9099A63780C4652F8041B099235
:1032B00041EAE1710491FEF795B8079A938943F0CA
:1032C000400393814FF0FF330593FEF72CB92D2671
:1032D000B1EE487BDAE629490F91FFF708BBC346F8
:1032E00033B9012302934FF066090A93FFF7F3BB4A
:1032F000109B03F10109049B4B440A9323EAE373F7
:1033000002934FF06609FFF7E6BB03221A4D0A92BB
:10331000FFF710BB01232D260493B1EE487BB5E6E1
:1033200000230E930C931BE70C23CAF80030C9E767
:10333000079B08909B8943F04003C6E65946FEF779
:10334000C2BB5846FEF78FBF079B9B8943F04003E3
:10335000BBE65B46FEF77DBF002304930E930C9300
:10336000089303230A9304230293FEF702B900BFD4
:10337000301B0020341B00202C1B002074810020F7
:103380002DE9F0411546926802B32C68074688463D
:10339000083401E00834C9B16B68581E002B11468F
:1033A000686013DD54F8046C002EF3D0334654F8F3
:1033B000082C4146384602F051FB431C07D0AA684E
:1033C000921B1146AA6008340029E5D10020002391
:1033D000C5E90133BDE8F08170B5002941D006464A
:1033E0000C4610B1436B002B3ED0FCF793FC636E90
:1033F000B4F90C20DD0730D4900538D5214630468D
:1034000000F04CF8E36A054633B1E169304698476D
:103410000028B8BF4FF0FF35A3891A0639D4216BB5
:1034200041B104F14003994202D03046FDF762FAFF
:1034300000232363616C21B13046FDF75BFA002362
:103440006364636E0022DB07A2811ED5A06DFCF7CA
:1034500067FFFCF765FC284670BD002ACED1FCF75B
:103460005FFC0025284670BDFCF736FCBDE7A06D6B
:10347000FCF758FFB4F90C30002BBFD1636ED907AD
:10348000EDD4A06DFCF750FFE9E7A06DFCF74CFF11
:10349000DCE721693046FDF72DFAC0E7B1F90C20D1
:1034A0002DE9F041804610070C4650D4496842F49B
:1034B00000630029A38164DDA66A002E44D00021A8
:1034C00012F48052D8F80050C8F8001065D1E169B4
:1034D00001234046B047411C02466CD0B4F90C3081
:1034E000A66A5B0705D56368D21A236B0BB1E36B41
:1034F000D21A0023E1694046B047471CB4F90C30AA
:103500004DD1D8F800101D2940D8304ACA40D607FE
:103510003CD52269226023F40062A281D9044FF0D5
:103520000002626003D5D8F80030002B41D0216B37
:10353000C8F8005041B104F14003994202D040461E
:10354000FDF7D8F9002323630020BDE8F0810E6960
:10355000002EF9D00D680E6092070CBF4B69002356
:10356000AD1B8B600AE02B463246E169676A404634
:10357000B8470028A5EB0005064406DD002DF2DC67
:10358000E2E7E16B002997DCDEE7A38943F0400323
:10359000A3814FF0FF30BDE8F081226DA1E72269E1
:1035A000226023F40062A281DB044FF0000262601B
:1035B000BDD52065BBE7D8F80030002B8ED01D2B81
:1035C00001D0162BE1D1C8F80050BDE70100402022
:1035D00000B5034683B008B1426B52B3B1F90C0099
:1035E00098B14A6ED20701D4820512D518460091CF
:1035F000FFF754FF00994A6E0346D00702D48A8928
:1036000092050ED5184603B000BD0346184603B018
:1036100000BD886D01930091FCF784FEDDE9001385
:10362000E4E7886D0093FCF77FFE009B184603B02B
:1036300000BDCDE90001FCF74FFBDDE90031CDE72E
:1036400000487047D08B0020000000004DF804BDFA
:1036500083B08DED000B019ADFF870C022F00043BB
:1036600000216345016025D8DDF800C053EA0C0C49
:1036700020D0DFF85CC002EA0C0CBCF1000F0AD1CC
:103680009FED107B20EE077B8DED007B019A6FF0A4
:10369000350122F00043DDE900BC6FF31E5242F019
:1036A0007F5C1B154CF4001CA3F2FE33CDE900BC7B
:1036B0000B4403609DED000B03B05DF804BB704745
:1036C000AFF300800000000000005043FFFFEF7FD9
:1036D0000000F07F00B50B4C2468864685B0E0689A
:1036E0009C460C4652B108490094CDE9011273463C
:1036F0000649624601F028F8FAF7B0F804490A468C
:10370000F2E700BF608C0020681B0020781B0020BF
:103710004417002010B5A1FB021482B074BBFBF764
:10372000B9FD034670B350F8042C22F00302043AAA
:10373000242A10D8132A16D91B2AC0E900441AD902
:10374000242AC0E902440ABFC0E9044400F1100180
:1037500000F1180108E021460190FCF791FC019B63
:10376000184602B010BD014600221846C1E90022E9
:103770008A6002B010BD00F10801F5E7FCF7A2FD78
:103780000C2303600023184602B010BD2DE9F04F52
:1037900003690C69A34283B0C0F28880013C01F147
:1037A000140500F1140855F8243058F8242001338A
:1037B00008EB84069A4200964FEA840B05EB8407D7
:1037C000B2FBF3F63AD300230191C64629469C4644
:1037D00051F8042BDEF800901FFA82FA06FB0A3338
:1037E0004FEA134A120C06FB02A29BB21FFA89FA97
:1037F000AAEB030363441FFA82FCCCEB234C0CEBD3
:10380000194C9BB243EA0C438F424EF8043B4FEAFB
:103810002C4C4FEA1243DBD258F80B3001996BB9AC
:10382000009B043B984504D307E0984504F1FF341E
:1038300003D21A68043B002AF7D004618146FDF7E1
:103840002FFC00282EDB01364146002255F8040BE0
:10385000D1F800C01FFA80FE1FFA8CF3A3EB0E0311
:103860001344020CC2EB234202EB1C429BB243EA1C
:103870000243AF4241F8043B4FEA2242E6D258F8F5
:10388000242008EB84036AB9043B984504D307E07D
:10389000984504F1FF3403D21A68043B002AF7D09C
:1038A000C9F81040304603B0BDE8F08F002003B0E7
:1038B000BDE8F08F2DE9F04F93B08DED000B049132
:1038C000816B1C9D069257EC106B0446089341B126
:1038D000C26B4A60012393408B60FDF757F90023C8
:1038E000A363B7F10008B4BF012300232B60A34BEF
:1038F000BCBF28F00048CDF8048033EA080300F08C
:1039000092809DED007BB5EE407BF1EE10FA0DD17B
:10391000089A012313601D9B13B11D9A984B1360E5
:10392000984B0293029813B0BDE8F08F10AAB0EE46
:10393000470B11A920468DED027BFDF791FC5FEA54
:1039400018539DED027B109A834640F08280119BB4
:10395000134403F23241202940F3E281C1F14001D6
:1039600008FA01F803F2124126FA01F148EA0101CE
:1039700006EE101AB8EE466B013B16EE901A4FF0A9
:103980000108A1F1F8719FED772BB7EE081B9FEDB1
:10399000775B9FED784B06EE901A03EE903A36EE89
:1039A000416BB8EEE33BA6EE025BB0EE456BA3EED7
:1039B000046BFDEEC65BB5EEC06BF1EE10FACDED1B
:1039C000055A00F1C0800599D21A162902F1FF3A72
:1039D00000F2A4806C4B03EBC10393ED006BB4EEDB
:1039E000C67BF1EE10FA00F1A281002A40F3C084F8
:1039F0000027CDE90A178A4400230993049B092B69
:103A00003DD8052BC4BF043B0493049BA3F10203E0
:103A1000CCBF00250125032B33D8DFE813F0FA01D2
:103A2000F701ED019201089AC8F3130842F20F73EF
:103A300058EA060813601BD11D9B002B00F042863C
:103A4000524B029308331D9A0298136013B0BDE8DD
:103A5000F08F17EE901AB0EE476BC1F3130141F0EF
:103A60007F51A3F2FF3341F440114FF000088AE781
:103A70001D9B002B40F06181454B029352E70023D0
:103A800004930025E563294620468DED067BFDF76E
:103A900053F89DED067B0290002800F0B485119A42
:103AA000029BA363002A75DB05990E2972DC364B55
:103AB00003EBC10393ED003B87EE036BBDEEC66BDA
:103AC000029916EE103A303301F8013B4FF0FF39FE
:103AD000B8EEC65BA5EE437B0123B2EE044B11E0CA
:103AE00087EE036BBDEEC66B013316EE102A4B4515
:103AF00002F13002B8EEC65B01F8012BA5EE437B64
:103B000000F0A38427EE047BB5EE407BF1EE10FAC3
:103B1000E6D1059B013304930D46ECE001230B93A2
:103B2000059BBAF1000FBABFC2F101074FF0000ABE
:103B30000027002B80F2F180059BFF1A5B4209935E
:103B400000230A935AE7B8EEE55BB4EE465BF1EE6C
:103B500010FA3FF438AF05990139059133E700BFFA
:103B6000AFF3008061436F63A787D23FB3C8608B18
:103B7000288AC63FFB799F501344D33F0000F07F53
:103B8000651B0020641B0020A8020020A81B002049
:103B9000B41B00204FF0FF390695CDF83090B8F1F6
:103BA000000F00F0E984DDF8248002F233420121A5
:103BB00020469244BD18FDF7AFF80646002F40F0AE
:103BC0009F82099B002B00F09383B8F1000F40F017
:103BD00077835946099A2046FDF790F901238346D9
:103BE000099301212046FDF797F80A9B8046002B98
:103BF00040F04582049B012B40F3AA8201205044EF
:103C000010F01F0000F008811B2800F3D582C0F1DE
:103C10001C00054407448244002D05DD59462A4610
:103C20002046FDF7C7F98346BAF1000F05DD41468E
:103C300052462046FDF7BEF980460B9B002B40F014
:103C40000082B9F1000F40F3D781099B002B40F0AF
:103C50002481059B01330493029F012507E0594607
:103C600000230A222046FCF79BFF0135834641468C
:103C70005846FFF78BFD4D4500F1300A07F801ABC0
:103C8000EDDB029BB9F1000F03F1010209F1FF39ED
:103C90004FF00003D8BF4FF00009914400935946FC
:103CA00001222046FDF786F941468346FDF7F8F9E3
:103CB000002840F32083029A02E0914500F0268319
:103CC0004D4609F1FF3915F8013C392BF5D0013388
:103CD00089F8003041462046FCF758FF5EB1009B52
:103CE0002BB1B34203D019462046FCF74FFF3146B3
:103CF0002046FCF74BFF59462046FCF747FF0023C0
:103D00002B70089B049A1A601D9B002B3FF40AAE8F
:103D100002981D6013B0BDE8F08F9A440A936BE6D9
:103D2000C1F1200106FA01F106EE101A22E6059B08
:103D3000013B059300230B93F2E6AC4B0293033354
:103D400081E601230D93DDE90523134403F1010905
:103D50004E46012E0C93B8BF0126172E40F39C84CB
:103D6000012204235B0003F11400B042114602F16A
:103D70000102F7D9E16320468DED0E7BFCF7DCFEF6
:103D80000290002800F03F84B9F10E0F9DED0E7BEC
:103D9000A06346D8002D44D00599002940F3F18254
:103DA000934B01F00F0203EBC203CD0593ED006BC3
:103DB0004FEA211340F18A838E4A92ED085B03F0AB
:103DC0000F03032187EE054B002B00F0FB81894A8E
:103DD00001E05B100832D80703D45B100832DE071D
:103DE000F7D592ED005B5B1001F1010126EE056B4A
:103DF00000F0E8810832F2E701230D93069B002BC7
:103E000040F38B81069E0C96B146A6E700230D93E6
:103E100099E700230D93F1E71C20054407448244F1
:103E2000FAE6119A002AC0F24081059B0E2B00F39E
:103E30003C816F4B059A03EBC20393ED003B069B5D
:103E4000002B80F2ED82B9F1000F00F3E98240F01F
:103E50008682B1EE046B23EE066BB4EEC67BF1EE08
:103E600010FA494640F27C82029D312305F8013B5D
:103E70002046FCF78BFE059B023304933BE731465B
:103E800000230A222046FCF78BFE0C9B002B0646E3
:103E900040F3FA83DDF830900595002F05DD3146BB
:103EA0003A462046FDF786F806460A9B002B40F06E
:103EB000F6823746029D6B1E4B440A93009B03F02B
:103EC00001030C9341465846FFF760FC31460B90C6
:103ED00000F1300A5846FDF7E3F8414681463A467C
:103EE0002046FDF7FDF8C3680146002B36D1099046
:103EF0005846FDF7D5F8099906902046FCF746FE8E
:103F0000069A002A5AD1049B1BB90C9B002B00F087
:103F1000A483B9F1000F43DB0A9BA9469D4209F82F
:103F200001AB00F0D782594600230A222046FCF755
:103F300037FEBE42834631464FF000034FF00A027F
:103F4000204635D0FCF72CFE3946064600230A22CF
:103F50002046FCF725FE4D460746B3E72046FCF712
:103F600015FEB9F1000F08DB009B03F00102049B72
:103F700049EA030952EA09022ED159460122204694
:103F8000FDF718F841468346FDF78AF8002840F30C
:103F90004183BAF1390F00F024830B9B03F1310AFE
:103FA00005F801AB059B0096013304933E4691E66C
:103FB000FCF7F6FD4D460646074683E7B9F1000FCC
:103FC000C0F28483049B49EA03090C9B53EA090964
:103FD00000F07C83002A9FDDBAF1390F00F00183E5
:103FE0000AF1010305F8013BDCE700BFB41B002028
:103FF000A802002080020020049B022B7FF725AE40
:10400000B9F1000F40F0008241464B4605222046A0
:10401000FCF7C6FD014680465846FDF741F8484585
:1040200040F3F281029D312305F8013B41462046D1
:10403000FCF7ACFD059B02330493002E7FF457AED2
:1040400059E641465846FDF72BF80028BFF6F9AD72
:10405000594600230A222046059DFCF7A1FD099B35
:10406000013D8346002B7FF40AAF0C9B002B40F3ED
:10407000FE82059BDDF8309004930595ECE51A4629
:1040800001462046FCF73AFF049B012B804640F393
:10409000F98100230A93D8F8103008EB83031869DC
:1040A000FCF7D0FDC0F12000A9E50D9B73B9002FEE
:1040B00067D1099B002B74D11D461E4691E5119ACC
:1040C000002A03DB05990E297FF7B4AE049B012B70
:1040D0007FF765AD099B09F1FF384345C0F2778151
:1040E000B9F1000FA3EB080880F2BE82A7EB090329
:1040F000012120460D93FCF70FFE3D460D9F06461D
:10410000BAF1000F7FF75DAD57453B46A8BF534658
:10411000ED1AFF1AAAEB030A53E50021E1632046DA
:104120008DED067BFCF708FD9DED067B02900028D7
:1041300000F06982029BA363002D40F09F81119AD9
:10414000AA42C0F27C8201230C93994606936CE646
:10415000009B002B7FF452AD019BC3F31303002B94
:104160007FF44CAD019B23F000431B0D1B05002B7E
:104170003FF444AD012301350AF1010A0A931846C0
:104180003DE5BAF1000F00F0FE8157453B46099E20
:10419000A8BF5346FD1AAAEB030A2F46002E3FF490
:1041A00020AD5946099A2046FCF7A8FE0023834615
:1041B00009933D461E4614E51C283FF42DADC0F181
:1041C0003C002AE684EE065B0B9B3BB1B7EE006B2E
:1041D000B4EEC65BF1EE10FA00F1E081B1EE0C4BEB
:1041E00006EE901AB8EEE66BA6EE054B14EE901AAA
:1041F00053EC142BA1F15073B9F1000F00F09B8028
:10420000DDF814C0484643EC142BB64B029DFDEE7E
:10421000C53B03EBC00212ED022B13EE902A02F114
:10422000300E0D9A691CB8EEE36B0E4635EE466B08
:10423000002A00F05B81B6EE003B83EE025B35EEB8
:10424000445BB4EEC65BF1EE10FA85F800E000F3D3
:104250002782B7EE001BB2EE043B002518E00135C3
:104260008542BFF62CAF26EE036B25EE035BFDEE19
:10427000C64B14EE902AB8EEE42B303236EE426B89
:10428000B4EEC56BF1EE10FA01F8012B00F1DF81FD
:1042900031EE464BB4EEC54BF1EE10FADFD5029A83
:1042A0000CF1010C02E0914200F097810D4611F8EB
:1042B000013D392BF7D001330B70CDF810C01AE552
:1042C000314642462046FCF719FE5A46014606464C
:1042D0002046FCF74FFD59460D902046FCF756FC52
:1042E000099BDDF834B0B3EB080309937FF471AC9C
:1042F0000123099375E403D11AF0010F7FF4DBACBD
:104300004D4619F8013D302BFAD0E3E4059B029AA3
:104310000233049331231370DCE406EE901AB1EEFD
:104320000C4BB8EEE66BA5EE064B14EE901A53EC70
:10433000142BA1F1507343EC142BB1EE046B35EE4A
:10434000466BB4EEC46BF1EE10FA00F35681B1EE99
:10435000444BB4EEC46BF1EE10FA7FF562AD002170
:104360002046FCF713FC069B029D5B420493C2E4CB
:10437000059B0A939A460023C2F101070B93FFF7AE
:104380003BBB00F00781059A564B524202F00F01E9
:1043900003EBC10393ED005B131127EE055B00F007
:1043A0007981514A022101E05B100832DD0703D414
:1043B0005B100832D807F7D592ED006B5B1001F166
:1043C000010125EE065B3FF4FFAE0832F2E7099BE0
:1043D0000A9AA8EB03031A44012120460A92FCF72B
:1043E0009BFCCA4407EB09050646CDF82480002F44
:1043F0003FF4EFAB57453B46A8BF5346ED1AFF1AB3
:10440000AAEB030AFFF7E5BB41462046FCF7BEFBDB
:10441000069B029D5B420493002E7FF468AC6AE425
:10442000029B5E1C87EE036BBDEEC66B029A16EE16
:10443000103AB9F1010F03F13003B8EEC65B314613
:104440001370A3EE457B7FF447AB37EE077BB4EEEA
:10445000C37B059BF1EE10FA03F1010304939C4624
:1044600008DCB4EE437BF1EE10FA05D116EE103AFB
:10447000DB0701D5029A19E70D463CE40C95A946E5
:10448000069589E4009B002B7FF403AEDDE9001262
:10449000C2F31303002B00F0C4800A91FBE571689E
:1044A0002046FCF749FB0546002800F004813369EB
:1044B00002339A0006F10C010C30F8F7DBFF2946B5
:1044C00001222046FCF776FD0746F3E40221B0EE18
:1044D000474B79E4059B009601333E460493FFF772
:1044E000DEBB00BFA802002080020020029A24EE5A
:1044F000022B012882F800E014D0B2EE043B029AAD
:10450000151826EE036BFDEEC65B15EE902A3032D1
:1045100001F8012BA942B8EEE54B36EE446BF0D121
:10452000711E0144B6EE005B32EE054BB4EEC64B95
:10453000F1EE10FA3FF5B3AE35EE425BB4EEC65B7A
:10454000F1EE10FA0DDC119A002AFFF6B0AD059AD3
:104550000E2A3FF7ACAD059A03EBC20393ED003B87
:1045600060E70D46013915F8013C302BF9D00CF10C
:1045700001030493FFF7BFBB109ADDF82480C2F15A
:104580003602FFF714BB099E002E7FF40AAE3D46AB
:10459000FFF727BB0221B0EE475B15E6B9F1000F2C
:1045A0003FF4BBAE0C9800287FF73BACB2EE043B67
:1045B000B1EE0C4B013106EE901A25EE035B059B24
:1045C000B8EEE66BA5EE064B14EE901A03F1FF3C35
:1045D00053EC142BA1F1507315E60CF1010C3123AF
:1045E0006AE6A946392309F8013B059B0096013389
:1045F000029A04933E46FFF763BB029D312305F800
:10460000013B002134E4334B3348002240F2AF1128
:10461000FFF760F87FF4C4AC1AF0010F7FF4B9AC77
:10462000BEE4019B23F000431B0D1B05002B3FF450
:1046300031AD012301350AF1010A0A932BE50D9BE7
:10464000002B33D101230C93994606932FE50CF1EF
:10465000010304930D46FFF74EBBBAF1390FC0D0EA
:1046600091453FF79AAC9BE44A46FFF7A0BA049AFB
:10467000022A05DC059A049299460595FFF7ECBAE3
:104680000595DDF83090BBE4049A0595022AF8DC24
:10469000994602E4022197E50021E163FFF76BBB35
:1046A0000CF1010304930D46FFF725BB0D9B069308
:1046B00099460C930EE5074B07482A4640F2EF2136
:1046C000FFF708F8054B0293FFF72CB9002A3FF7D4
:1046D00054AC65E4B41A0020B81B0020A81B0020CD
:1046E00030B5044687B05BB110480193D0F8C8518B
:1046F00071B12046A847421C019B10D007B030BDC5
:1047000000F5827309480193D0F8C8510029F0D10F
:104710000A46204603A9A847421C019BEED100216E
:104720008A221960226007B030BD00BFF8890020DE
:1047300010B582B0049CCDE900344FF0FF3301F096
:1047400055FC02B010BD00BF0EB400B582B003AB83
:10475000DFF81CC053F8042B01930146DCF800007D
:1047600000F008F802B05DF804EB03B0704700BF3A
:10477000608C00202DE9F04FC5B00DF1500A834642
:10478000049116460021082250461C460B93FBF765
:1047900077FCBBF1000F04D0DBF83430002B00F0C5
:1047A0004987049B5A6EB3F90C30D00740F1418120
:1047B000990400F1A985049943F4005322F40052AE
:1047C0008B814A66930401F1AE80049BB3F90C30EF
:1047D0001D0740F1BD80049A1269002A00F0B880DC
:1047E00003F01A020A2A00F0C2800023CDE919332F
:1047F000CDE90E331BAADFF86C980D93189217467B
:104800000793B0464546D9F8CC41FBF7EFFCCDF80D
:1048100000A003462A4612A95846A047002800F0E7
:10482000C580C0F2BB80129A252A034601D01D44E0
:10483000E9E7B5EB0806044640F0BC8000231946C2
:104840008DF8433008934FF0FF326B78059205F1F5
:104850000108039108F101081946A1F120035A2B20
:1048600000F2F280DFE813F0E603F000F000DF036F
:10487000F000F000F000BF03F000F0000702530268
:10488000F00012020004F000F1035B005B005B002B
:104890005B005B005B005B005B005B00F000F00016
:1048A000F000F000F000F000F000F000F000D8019F
:1048B0009F03F000F000F000F000F000F000F000C6
:1048C000F000F000F0001902F000F000F000AA0182
:1048D000F000FB02F000F000BA05F000F000F0007C
:1048E000F000F000F000F000F000F000F000D8015F
:1048F0006801F000F000F000950368016D00F00021
:104900008B03F0007D036A0320036D00F000AA0111
:104910006A005902F000F000FB05F0006A00A1F106
:104920003003002218F8011B02EB820203EB420263
:10493000A1F13003092BF5D908928EE798F80030E1
:1049400088E7039B43F02003039398F8003081E746
:10495000049D5846294601F05FFA002840F0F6878A
:10496000B5F90C3003F01A020A2A7FF43EAF04991D
:10497000B1F90E20002AFFF638AF4A6ED20702D4F2
:104980009F0540F19087049923463246584601F02E
:1049900015F80790079845B0BDE8F08F0822002170
:1049A0005046FBF76DFB01231D442CE7B5EB0806D1
:1049B000044610D01A9B33441A93199B0133072BDA
:1049C000C7E90086199310DC0837079B3344079327
:1049D000002C7FF433AF1A9B002B40F06E87049BB2
:1049E0000022B3F90C30199218E0049918AA58461D
:1049F00001F024F878B91BAFE7E7049918AA5846E4
:104A000001F01CF8002800F08380099B1BB1099974
:104A10005846FBF76FFF049BB3F90C30049A526EB3
:104A2000D0077FD55B0600F16687079845B0BDE8E3
:104A3000F08F9F0540F114819D047FF5BCAE90047A
:104A40007FF5C6AE00F071BF0029C4D0002301225B
:104A50008DF8AC108DF8433009930A9205932BAD75
:104A60000692DDE919C0039C14F0840601466246F3
:104A700026D1089B069C1C1B002C00F3ED839DF89F
:104A8000433003B300260C960132012301317B60D1
:104A9000072A0DF14303CDE919213B6000F386831A
:104AA00008370C9B63B1013211AB02313B60072A1E
:104AB0004FF00203CDE919217B6000F36B830837C7
:104AC000802E00F0EE82059B0A981C1A002C00F341
:104AD00026830A9B3D6001321944072ACDE919213A
:104AE0007B6000F34C830837039B5C0705D5089B6C
:104AF000069A9C1A002C00F36583DDE907320698BC
:104B00008242ACBF9B181B18079300297FF475AF36
:104B100000231993099B1BB109995846FBF7EAFE3C
:104B20001BAF6FE69A053FF57DAF049CA06DFBF7C8
:104B3000FBFBB4F90C3075E7039B980640F13C840D
:104B40000B9B073323F00702536852F8084B0B9274
:104B50001E46002BC0F23882059A002A07DB039B11
:104B600023F08003039354EA060300F08C840A2C9C
:104B700076F1000380F0F7803034059A9DF84330D9
:104B80008DF80F41012AB8BF01220692002B00F0D8
:104B9000AF83069B0133002506930123CDE909531A
:104BA0000DF20F15DDE91921039B13F08406084669
:104BB00094463FF45EAF00230C9365E70B9E002301
:104BC0008DF8433056F8043B0993002B00F05585CF
:104BD000532900F07284039B13F0100440F06D849D
:104BE000059A002AC0F2138509982146FBF71EFD9D
:104BF0009DF84330099D002800F08B86421B0A92E5
:104C000022EAE2720692002B00F00E850132059432
:104C100006920B960994C5E7432903D0039BDD0652
:104C200040F127840822002116A8FBF729FA0B9AE5
:104C30002BAD126816AB29465846FFF751FD0A9076
:104C4000013000F04F860A9B23EAE37306930B9B27
:104C500004330B9300238DF843300993059300E749
:104C6000049DA86DFBF75EFBB5F90C306A6E9904E4
:104C70003FF5A8AD9FE50B9B53F8042B0892002A43
:104C800080F23D83089A0B9352420892039B43F0B3
:104C90000403039398F80030DCE5039B43F0100015
:104CA0009B0640F14E830B9B073323F007031A4604
:104CB000596852F8083B0B9200228DF84320059A60
:104CC000002AC0F2118320F49062039253EA010299
:104CD00000F01E8344AD03F00702DB0843EA417392
:104CE000C908303253EA0104284605F8012DF2D1F3
:104CF000039B13F0010340F09E82059A099344AB95
:104D00005B1B9A42B8BF1A460A930692A9E62B2368
:104D10008DF8433098F800309CE503998E0600F139
:104D2000A48003990B9A11F0100052F8043B40F054
:104D30002783039911F0400100F0CA848DF84300E5
:104D40009BB205990026B1421C4606DB039921F06F
:104D500080010391002B00F07B850A2C76F1000383
:104D60000B92FFF409AF039B09970020CDF830B0F8
:104D700044A9DDF834B0069003F48067CDF82880AC
:104D800025E00690A319B54843F10003A0FB032CCE
:104D90002CF0030202EB9C029B1AE31A4FF0CC3278
:104DA000A046B64602FB03F266F1000600FB0622AF
:104DB000A3FB0043B8F10A0F13444FEA54047EF1F9
:104DC000000E294644EAC3744FEA53062ED3069BCD
:104DD000A24A01330693A31943F100031046A2FB34
:104DE000032525F0030202EB95029B1AE31AA3FBAD
:104DF000003266F1000500FB05225B0843EAC2733E
:104E000003EB8303A4EB4303303301F8013C4D1E55
:104E1000002FB7D006989BF800308342B1D1FF280D
:104E2000AFD00A2C76F1000380F0AF8405999DF88D
:104E30004330CDF834B044AA521B9142B8BF11465A
:104E4000DDE90978DDF830B00A920691002B00F018
:104E5000EE83069B0133069300230993A2E6039B8E
:104E600043F010019B0640F189820B9B073323F02E
:104E7000070200238DF84330059B566852F8084B13
:104E80000B92002BC0F2EE8221F08003039354EAD0
:104E900006037FF46CAE059B002B40F0DE840A9382
:104EA0000693099344ADDCE5059C0B990398002219
:104EB00047F630039442ADF844308DF8432051F862
:104EC000043BC0F2D28220F0800040F00200039048
:104ED000002B00F0E58303F00F0461481B09045D1B
:104EE0008DF80F410B9100F05685022106910DF2CD
:104EF0000F1503F00F011B09415C05F8011D43EA82
:104F00000273120953EA0201F3D144AB5A1B059B09
:104F10000A929342B8BF1346069A002A00F03985D8
:104F2000DDE91921039C023314F084060693084638
:104F3000944600F0E98200230993B4E503988606BD
:104F40003FF5B1AE03990B9ACD0652F8043B00F140
:104F500014850398440640F1C8839BB20B9200214C
:104F6000AAE603990B9A8C0602F1040340F1F08142
:104F7000126807991160C91751600B9342E498F8C1
:104F800000306C2B00F08F82039A42F010020392E3
:104F900060E498F80030682B00F07B82039A42F0BE
:104FA0004002039256E4039A940642F0100300F183
:104FB00000820B9A04320B9903930C680B92E6174C
:104FC0003346002BBFF6C8AD2D238DF84330059B2B
:104FD000644266EB4606002BFFF6C9AD039B23F047
:104FE00080030393C3E55846FEF72AFB43680F93FB
:104FF0001846FBF77BFB0E9004465846FEF720FB55
:10500000826898F800300D92002C3FF423AC002AFF
:105010003FF420AC1278002A3FF41CAC039A42F40F
:105020008062039216E4039B43F00103039398F814
:1050300000300FE49DF8432098F80030002A7FF4F8
:1050400009AC20228DF8432004E4039B43F0800345
:10505000039398F80030FFF7FDBB00BFCDCCCCCC5C
:10506000341B0020F8890020404610F8011B2A2933
:1050700000F07784A1F13003092B98BF002200F2E1
:10508000178410F8011B02EB820203EB4202A1F12C
:105090003003092BF5D942EAE27305938046FFF706
:1050A000DCBB089B06981C1A002C7FF70CAD102C5B
:1050B00040F3268438460C95AE4F049D102604E03C
:1050C000103C102C00F1080015DD01321031072AC8
:1050D000C0E90076CDE91921F2DD18AA2946584623
:1050E00000F0ACFC00287FF490AC103C102CDDE903
:1050F00019211BA8E9DC0C9D3B46074601322144DF
:10510000072ACDE919213B607C6000F3A482059B4E
:105110000A981C1A002C07F108077FF7DAAC102C4C
:1051200040F3ED8238461026924F04E0103C102CDC
:1051300000F1080016DD01328E4B1031072AC0E95C
:105140000036CDE91921F1DD049918AA584600F07E
:1051500075FC00287FF459AC103C102CDDE91921B6
:105160001BA8E8DC3B46074601322144072ACDE96B
:1051700019213B607C6000F3AA800837A9E40499F8
:1051800018AA584600F05AFC00287FF43EAC1A9941
:105190001BAFA9E4049918AA584600F04FFC002858
:1051A0007FF433ACDDE919211BAF89E4049918AA17
:1051B000584600F043FC00287FF427ACDDE91921B4
:1051C0001BAF6EE4102C199B40F381833A46049E7A
:1051D000694F102504E0103C102C02F1080215DD87
:1051E00001331031072BC2E90075CDE91931F2DD29
:1051F00018AA3146584600F021FC00287FF405AC7F
:10520000103C102CDDE919311BAAE9DC3E4617469B
:1052100001332144072BC7E90064CDE919317FF739
:105220006CAC049918AA584600F008FC00287FF4DA
:10523000ECAB1A9961E4302A00F001823023059A20
:1052400005F8013C023844AB1B1A9A42B8BF1A4613
:105250000A9306920546EFE000230C93102C464E6D
:10526000624623DD394610232F46049D04E0103C9E
:10527000102C01F1080117DD01321030072AC1E9B5
:105280000063CDE91920F2DD18AA2946584600F03E
:10529000D5FB00287FF4B9AB103C102CDDE91920B8
:1052A0001BA94FF01003E7DC3D460F4601322118E1
:1052B000072ACDE919213E607C6000F37A819DF8D0
:1052C00043600837002E36D00026FFF7DDBB049977
:1052D00018AA584600F0B2FB00287FF496ABDDE92F
:1052E00019211BAFFFF7F5BB20F480620392F1E4B4
:1052F000099301230A930DF20F15FFF7B2BB0B932D
:1053000098F80030FFF7A6BA92047FF561AAF2E29E
:10531000059A002A7FF4DEAC10F00102069200F03C
:10532000428130238DF80F31059B0A9209930DF2CB
:105330000F15FFF796BB0C9B002B7FF4B4ABFFF768
:10534000C2BB0B9B1A1D0B9B0B921B680021B3E485
:10535000039AD00600F18C81039A510600F19582E0
:10536000039A920540F184810B9A07991268117093
:1053700003E600BF84810020387D00200B9B1A1DAE
:105380000B9B05981B680026B0428DF843601C46B5
:1053900067DB21F080010391002B7FF4DEAC0B92E0
:1053A000002840F05A820A900690099044ADFFF719
:1053B00058BB0393FFF7C4BB039B0B9AD90652F863
:1053C000044B3FF5F8AD039B5E0640F1768144F354
:1053D000C0360B9224B23346FFF7BBBBAD48039BEC
:1053E0009D0640F1B5800B9B073323F007031A4657
:1053F0005C6852F8083B0B92039A12F00102069285
:1054000040F08C808DF84320059A002AC0F2B780C6
:10541000039A22F49062039253EA040240F0F3806C
:10542000059A002A00F0F68103788DF80F310123E8
:1054300006920A930DF20F15DDE91921039B13F073
:1054400084060846944600F0A1829DF84330002B64
:1054500000F0AB82002309930C93FFF715BB8E4835
:10546000BDE70B920391FFF782BB40F0020003906F
:1054700031E50B9B1B688DF8AC30012306930A9332
:105480002BADFFF7E4BB002A00F0D4813024FFF7F6
:1054900074BB039B43F40073039308F1010898F86D
:1054A0000030FFF7D7B9039B43F02003039308F1C3
:1054B000010898F80030FFF7CDB9099B1393082233
:1054C000002116A8FAF7DCFD059B002BC0F219811C
:1054D0000024069725461F460EE02BA95846FFF7E5
:1054E000FFF8411C284400F0FD81B84209DC04F1BA
:1054F000040400F008820546139A125916AB002ADC
:10550000EBD1069F05950AE1089C069B0996E41AD3
:10551000002C7FF7C8AA02230C939FE653EA0402EB
:105520005ED100238DF84330059B002BC0F2218112
:10553000039B23F49063039300F0878103788DF835
:105540000F31069B0A93059B06930DF20F1573E727
:105550000B9A52F8043B0B92039AD40608D45206D5
:1055600002D59BB2002447E7039A960500F181819A
:10557000002441E742F00202039202220692039ABB
:1055800022F48062039203F00F02825C8DF80F21F7
:105590001B0943EA0473220953EA14147FF4A7ACED
:1055A0000DF20F15B1E4059B44ADCDE90933FFF7CA
:1055B00058BA049918AA584600F040FA064600283E
:1055C0007FF423AA9DF84330DDE91921002B40F038
:1055D00089800C9B1BAF002B7FF465AAFFF773BA81
:1055E00030228DF8442000228DF84320059A8DF852
:1055F0004510002A039ABDDB22F4906242F00202B9
:1056000003920222069203F00F02825CBEE7099D1C
:105610002846FBF76BF89DF843300A9020EAE072C9
:105620000692002B7FF4F2AA099D05930B9609932D
:10563000FFF717BA5846FAF74FFBFFF7B2B8059ACB
:1056400044AB5B1B9A42B8BF1A460A9300230692EA
:105650000993FFF706BA049918AA584600F0EEF924
:1056600000287FF4D2A9DDE919211BAFFFF72BBA7F
:105670000B9A0799126811607FE4059B074D0B9602
:10568000062B28BF062306930A93099B0593FFF771
:10569000E8B900BF481B0020341B00205C1B002021
:1056A0000B91002C00F0DC80302301228DF80F31AB
:1056B0000DF20F1523460A9232E4039B0B929D05CF
:1056C0004ABF44F3C016E61764B23346FFF741BA47
:1056D000039810F4007600F0CF808DF84310DBB211
:1056E000FFF72FBB1BAFFFF7CFB9039810F4007182
:1056F00000F0BB80DBB20B920021FFF7DDBAAC4BB0
:1057000032E516AB0093002313AA19465846FFF75B
:105710000FF80590013000F0E580099B1393059B7D
:10572000002B7CD0632B00F3B680002309932BADB4
:105730000822002116A8FAF7A3FC059C16AB0093DB
:1057400013AA234629465846FEF7F2FF844240F04A
:105750001681059900236B5421EAE17206929DF8A7
:105760004320002A40F0B580CDE90A160592FFF7E4
:1057700078B903788DF80F31039B23F4806303938A
:10578000069B0A930DF20F1556E60E9A0F99AD1A65
:105790002846FAF7F5FC9BF801300BB10BF1010B31
:1057A000844AA31943F10003A2FB030C2CF003006D
:1057B00000EB9C001B1AE31A4FF0CC3166F1000697
:1057C00003FB01F102FB0611A3FB023001445B085D
:1057D00043EAC1744E08A31943F10003A2FB03106E
:1057E00020F0030101EB90015B1AE31AA3FB0231E5
:1057F00066F1000002FB00125B0843EAC27303EB90
:105800008303A4EB4303303305F8013C0120013D41
:10581000FFF701BB059B0A9344A805460CE69DF8DB
:105820004330099D0B96003B18BF01230693059B4F
:105830000A9301E69DF843303BB1059BCDE909335E
:10584000012344AD0693FFF7ADB9059BFFF727BBD6
:10585000059B0B92002B3FF422AB0024FFF78CB981
:10586000059B0A9344ADFFF75BBB03980B92FFF7D0
:1058700023BADBB20024BFE505998DF84360002907
:105880001C46BFF663AAFFF768BA0B9A079912681D
:105890001180FFF772BB591C5846F9F7FBFC05460F
:1058A00000B3099044E7886DFAF73EFDFFF76BB847
:1058B000002380460593FEF7D0BF049918AA5846E6
:1058C00000F0BCF800283FF48AA8FFF7A4B83A4ECD
:1058D0009EE4059A0A92069A0B9601320692059367
:1058E000FFF760B90498B0F90C30426E43F0400104
:1058F000D207818109D54FF0FF330793FFF795B8A1
:105900002B4BFFF7FBBB069F09E79905F3D4FFF785
:105910000CB99BB1059B0B965A1C06920A930590F5
:105920000990FFF73FB9D707E5D4049B9B899E05F3
:10593000E1D4049B986DFAF7F7FCDCE7059A09932C
:10594000CDE905320B960A92FFF78BB8049A536E95
:10595000D807D0D493899905CDD4906DFAF7E4FC9B
:10596000C9E70B9A98F8013052F8041B0B9241EAF0
:10597000E17180460591FEF76DBF0846E3E4049AA5
:10598000938943F040039381FFF73FB80996FFF7EF
:1059900070B8069350E5059B0122012BB8BF012387
:1059A0000DF20F150A92FFF7BBBA0993FFF788B8FB
:1059B00084810020CDCCCCCC387D0020F0B50D46C4
:1059C000ADF2744D164689896A6E1B92EA89ADF86C
:1059D000162021F00201EA69ADF8141009921CA901
:1059E0006A6A0291074606910B924FF48061002289
:1059F00018A80193049107910892FAF78FFC324698
:105A0000019B02A93846FEF7B5FE061E07DB02A978
:105A10003846FDF7DDFD002818BF4FF0FF36BDF812
:105A200014305B0603D5AB8943F04003AB81189873
:105A3000FAF776FC30460DF2744DF0BD936810B560
:105A400014461BB918460023636010BD00F068F8C7
:105A50000023A3600023636010BD00BF2DE9F04365
:105A60008E681D46AE420B6883B00C4690463AD80D
:105A7000B1F90CC01CF4906F0FD135461846414661
:105A80002A46FAF76BFAA3689E1B2368A6602B448C
:105A90000020236003B0BDE8F0834A69096902EB86
:105AA00042025E1A02EBD2726B1C521033449342D4
:105AB00094BF17461F46934288BF1A461CF4806F56
:105AC000814612D01146F9F7E5FBF0B13246216963
:105AD0000190F7F7CFFCA289019B22F4906242F07B
:105AE0008002A28105E02E46C8E7F9F7B5FE03461D
:105AF00038B123613344BE1BA660676123602E4624
:105B0000BCE721694846FAF7F5FEA3890C2243F069
:105B10004003C9F800204FF0FF30A381BAE700BF6F
:105B20009368002B00F0B7802DE9F04FB1F90CC05D
:105B30001CF0080F83B00C46804617462DD00B6929
:105B40005BB31CF002033E6833D04FF0000ADFF86D
:105B5000C4B25546B9465D452B46524628BF5B4602
:105B60004046B5B1E169676AB847002840F38B80C9
:105B7000D9F808301B1A8244C9F80830002B79D0B4
:105B80002D1A5D452B46524628BF5B464046002DE8
:105B9000E8D1D6E900A50836DDE72146404600F009
:105BA0003BF9002874D1B4F90CC03E681CF0020324
:105BB000CBD11CF0010A70D1236800975546002D07
:105BC00054D01CF4007FD4F80890184600F0AB8045
:105BD000A945CB4600F2E4801CF4906F34D02169D3
:105BE0006269A3EB010902EB420202EBD27209F1F6
:105BF000010352102B44934294BF93469B46934219
:105C000088BF1A461CF4806F00F0E98011464046B8
:105C1000F9F740FB002800F0F7804A46216901901F
:105C2000F7F728FCA289019B22F4906242F08002DF
:105C3000A28103EB09002361ABEB0903C4F814B0A4
:105C4000A3602060A946AB4651465A46FAF786F94A
:105C5000A2682368A2EB0902A260009A91685B44E3
:105C6000491B2360916029B1B4F90CC0D6E900A5A5
:105C70000836A4E7002003B0BDE8F08F2146404677
:105C8000FDF7A6FC68B3B4F90C3043F04003A381E0
:105C90004FF0FF30EFE7002070471D469A46184648
:105CA000B946009365B3002831D05246D4E90413B5
:105CB0002068AA4228BF2A46884204D9A16803EB7B
:105CC000010B5A457CDC93426DDCE169009A676AFE
:105CD0004046B847B0F1000BD5DDBAEB0B0ACDD08A
:105CE0000120D9F80830A3EB0B03C9F80830002BCA
:105CF000C0D0009BA5EB0B055B440093002DD2D1D7
:105D0000756833460836002DFAD01B680093009F53
:105D10002A460A213846FAF789FC002871D001305A
:105D2000A0EB070AC1E722699A4221D36269AA421D
:105D30001ED86FF00043AB4228BF2B46E16993FBAE
:105D4000F2F3676A02FB03F340465246B847B0F1EC
:105D5000000998DD009A9368A3EB0903A5EB0905F8
:105D60009360002B86D0B4F90CC02368CA4426E7A0
:105D7000A94528BFA94618464A465146FAF7EEF803
:105D8000A2682368A2EB09024B44A2602360002AA8
:105D9000E0D121464046FDF71BFC0028DAD072E72F
:105DA000A946AB4650E700990192FAF7D7F8019A55
:105DB000A3689B1AA36023681344236093468CE76F
:105DC00000995A46FAF7CAF823685B4423602146D3
:105DD0004046FDF7FDFB00283FF47FAF53E7404608
:105DE000F9F73AFD034600287FF423AF21694046C6
:105DF000FAF780FDA3890C22C8F8002023F0800365
:105E000043E76A1C924651E70C22B4F90C30C8F8FB
:105E100000203AE700FCFF7F10B5354B04461868B8
:105E200082B00B4610B1426B002A53D0B3F90C205C
:105E3000110711D51869C8B1B3F90C2012F001018E
:105E400026D059694FF0000C4942C3F808C0996147
:105E500020B3002002B010BDD00640D5510723D496
:105E6000186942F008029A810028E5D19A8902F463
:105E70002072B2F5007FDFD019462046019300F072
:105E8000C9F8019BB3F90C20186912F00101D8D1AF
:105E9000940758BF596999600028DAD11106D9D5FD
:105EA00042F040029A811FE0196B61B103F140009A
:105EB000814206D020460193FAF71CFD019BB3F9FD
:105EC0000C200021196318690021C3E9000122F0A8
:105ED0002402C6E70191F9F7FFFE019BA6E709211D
:105EE00042F0400221609A814FF0FF30B2E700BFDC
:105EF000608C00202DE9F04F8BB0DDE91589149FEF
:105F000002901C46B8F1000F57D016680196002980
:105F1000C34608BF4FF0FF370025884603919246DD
:105F200006E0019B53F8040B0193002837D0654627
:105F3000AF423ED9002C3CD0DBF800300493DBF8B4
:105F400004300593019B02981A68D9F8C8615B4632
:105F500006A9B047431C33D000EB050CBC453AD82A
:105F6000039B013C002BDCD000280DDD08F1FF3243
:105F7000019E06A900EB020E11F8013B02F8013F59
:105F80007245F9D101968044019BDAF8002053F85C
:105F9000040B01930432CAF800200028C7D10399EA
:105FA000D84609B1CAF800000022C8F800200CF158
:105FB000FF3528460BB0BDE8F08F00F58678A4E7E2
:105FC000029B05468A21002228461960CBF8002052
:105FD0000BB0BDE8F08FD846DDF810A0DDF814B0A6
:105FE0002846C8E900AB0BB0BDE8F08F00B585B01E
:105FF000DFF81CC0069800900798019003480068DD
:10600000CDF808C0FFF776FF05B000BD608C00201A
:10601000F8890020B1F90C20930706D501F143035C
:106020000122C1E904320B60704730B50B46B1F96B
:106030000E10002999B0044632DB02AA009300F04A
:106040005BF80028009B29DB4FF480612046009319
:10605000039DF9F71FF9009BB3F90C20002839D0F4
:1060600005F4704142F0800218601861B1F5005FDC
:106070004FF480609A8158613AD1B3F90E100093C1
:10608000204600F04DF8009BB3F90C2080B322F0BD
:10609000030242F001024FF4006117E0B3F90C2053
:1060A000019312F0800F0CBF4FF480614021204615
:1060B0000091F9F7EFF8019B0099B3F90C2048B172
:1060C000C3E9040142F08002186000210A439A816A
:1060D00019B030BD9105FBD422F0030203F1430156
:1060E00042F002020120C3E904109A811960EFE72F
:1060F0004FF40061EAE700BF38B5084C00230546BD
:10610000084611462360F7F79DFB431C00D038BDBD
:106110002368002BFBD02B6038BD00BF08C30020D4
:1061200038B5074C0023054608462360F7F790FB77
:10613000431C00D038BD2368002BFBD02B6038BD3A
:1061400008C300205FF800F0B51600605FF800F0AB
:0C615000211F00605FF800F0CD1E006011
:04615C00F8B500BFD3
:08616000A08DFF7F010000008B
:106168000000000000000000000000000000000027
:106178000000000000000000000000000000000017
:106188000000000000000000000000000000000007
:1061980000000000000000000000000000000000F7
:1061A80000000000000000000000000000000000E7
:1061B80000000000000000000000000000000000D7
:1061C80000000000000000000000000000000000C7
:1061D80000000000000000000000000000000000B7
:1061E80000000000000000000000000000000000A7
:1061F8000000000000000000000000000000000097
:106208000000000000000000000000000000000086
:106218000000000000000000000000000000000076
:106228000000000000000000000000000000000066
:106238000000000000000000000000000000000056
:106248000000000000000000000000000000000046
:106258000000000000000000000000000000000036
:106268000000000000000000000000000000000026
:106278000000000000000000000000000000000016
:106288000000000000000000000000000000000006
:1062980000000000000000000000000000000000F6
:1062A80000000000000000000000000000000000E6
:1062B80000000000000000000000000000000000D6
:1062C80000000000000000000000000000000000C6
:1062D80000000000000000000000000000000000B6
:1062E80000000000000000000000000000000000A6
:1062F8000000000000000000000000000000000096
:106308000000000000000000000000000000000085
:106318000000000000000000000000000000000075
:106328000000000000000000000000000000000065
:106338000000000000000000000000000000000055
:106348000000000000000000000000000000000045
:106358000000000000000000000000000000000035
:106368000000000000000000000000000000000025
:106378000000000000000000000000000000000015
:106388000000000000000000000000000000000005
:1063980000000000000000000000000000000000F5
:1063A80000000000000000000000000000000000E5
:1063B80000000000000000000000000000000000D5
:1063C80000000000000000000000000000000000C5
:1063D80000000000000000000000000000000000B5
:1063E8000080E03779C34143176E05B5B5B89346C9
:1063F800F5F93FE9034F384D321D30F94877825A95
:106408003CBF737FDD4F1575000000000000F03FB2
:106418000000000000002440000000000000594077
:106428000000000000408F40000000000088C340CA
:1064380000000000006AF8400000000080842E413F
:1064480000000000D01263410000000084D797418B
:106458000000000065CDCD41000000205FA0024291
:10646800000000E876483742000000A2941A6D4206
:10647800000040E59C30A2420000901EC4BCD642F9
:1064880000003426F56B0C430080E03779C34143A4
:1064980000A0D8855734764300C84E676DC1AB431A
:1064A800003D9160E458E143408CB5781DAF154438
:1064B80050EFE2D6E41A4B4492D54D06CFF0804413
:1064C800F64AE1C7022DB544B49DD9794378EA4428
:1064D800000000000000F03F000000000000F0BFD6
:1064E800000000000000F0BF000000000000F03FC6
:1064F80083C8C96D305F6441182D4454FB21F93FAE
:10650800000000000000F03F1C620CFDFFFFDFBF31
:10651800198F06E15355A53F9D359AE887C056BFA8
:10652800C3F87B024393F93E03A695595455C5BF5A
:10653800C40B23057610813F24CF7437EB9429BF11
:10654800000000000000F03F000000000000F0BF65
:10655800000000000000F0BF000000000000F03F55
:1065680083C8C96D305F6441182D4454FB21F93F3D
:10657800000000000000F0BF1C620CFDFFFFDF3FC1
:10658800198F06E15355A5BF9D359AE887C0563F38
:10659800C3F87B024393F9BE03A695595455C5BF6A
:1065A800C40B23057610813F24CF7437EB9429BFA1
:1065B800436865636B20726567756C61746F7220E0
:1065C800636F6E6E656374696F6E00004368656320
:1065D8006B2061697220737570706C79202F207040
:1065E800726573737572650043616C6C6261636B8D
:1065F8002063616C6C6564202D205377697463682F
:10660800696E67206F6666206E6F772E0000000047
:1066180025732C20256C7520627974657320286693
:1066280069726D77617265290A000000494D4D4114
:1066380047494E45204D414E43414E544520286E12
:106648006527206E656C206669726D7761726520BA
:106658006E65272073756C6C61206D6963726F536A
:1066680044293A2000000000526573746172742056
:10667800616674657220706F77657220646F776EDB
:1066880000000000466972737420706F776572208D
:106698006F6E000075426F782050726F20666972C5
:1066A8006D776172652076382E342E31205354412F
:1066B8004E4441524400000042696F6D696D585F55
:1066C8004C6F676F5F35305F63726F702E6A7067EB
:1066D8000000000075486561727453796D626F6CD3
:1066E8005F776562736974652E6A706700000000E1
:1066F800754B6E656553796D626F6C5F7765627314
:106708006974652E6A7067007547757453796D6290
:106718006F6C5F576562736974652E6A70670000F5
:10672800754C697665725F6C6F636B65645F6277E1
:106738005F75426F782E6A7067000000754C756E41
:106748006753796D626F6C5F6C6F636B65645F62D2
:10675800775F75426F782E6A7067000075536361C2
:106768007253796D626F6C5F776562736974652EB9
:106778006A706700754775745F6F6E6169722E6A1B
:106788007067000073657474696E67732E6A70674A
:1067980000000000637573746F6D53796D626F6CE0
:1067A8005F312E6A70670000415454454E5A494F74
:1067B8004E453A20257520696D6D6167696E6920BF
:1067C8006D616E63616E74692028766564692073F3
:1067D8006F707261290A0000454550524F4D3A20AA
:1067E8006172656120637573746F6D207631206DF9
:1067F8006F646966696361746120646120756E20E5
:106808006669726D776172652076382E31202D3E6B
:10681800206E756F7661206D696772617A696F6E37
:1068280065000000454550524F4D3A207072696D21
:106838006120696E697A69616C697A7A617A696FCF
:106848006E6520286C61796F757420763229000096
:10685800454550524F4D3A206D696772617A696FAC
:106868006E65206C61796F7574207631202D3E201D
:10687800763200004E657720310000004E657720A3
:10688800320000004E657720330000007374617297
:1068980074FF000053656C65637420796F7572002E
:1068A8006F7267616E206D6F64656C003A0000005E
:1068B80020612E6D2E00000020702E6D2E0000002D
:1068C8002F0000004261636B00000000596F7520C3
:1068D80073656C65637465640000000075486561E4
:1068E8007274000069732061206D696E6961747546
:1068F80072697A6564206D6F64656C006F662061EB
:106908002066756E6374696F6E616C20616E6420B9
:1069180062656174696E670068756D616E2068658F
:10692800617274206F6E20612063686970206465ED
:1069380076656C6F7065640077697468696E207538
:1069480042656174205374726574636820706C6169
:1069580074666F726D2E00004E657874000000003A
:106968004D6F7265000000005468616E6B7320748F
:106978006F2075426561742C2061206D65636861C4
:106988006E6963616C20747261696E696E6700007C
:10699800726573656D626C696E67207468652070D6
:1069A800687973696F6C6F676963616C206865618A
:1069B80072742062656174696E6700006973206192
:1069C80070706C69656420746F2068756D616E20E5
:1069D800636172646961632063656C6C73206375BD
:1069E8006C74757265640000696E2033442E2057FC
:1069F800697468696E2066657720646179732C20F4
:106A08007468652067656E65726174696F6E0000F1
:106A18006F6620612066756E6374696F6E616C20A5
:106A280068756D616E206361726469616320746961
:106A3800737375652C00000073706F6E74616E65FA
:106A48006F75736C7920616E642073796E636872F8
:106A58006F6E6F75736C792062656174696E67001B
:106A680069732061636869657665642E00000000BB
:106A78005374696D756C6174696F6E0046726571E7
:106A880075656E63793A203120487A0044757479C7
:106A9800206379636C653A203530202500000000BA
:106AA80054696D696E6700004F6E20666F72657677
:106AB800657200005768617420646F20796F7520D3
:106AC80077616E7420746F20646F3F0046696C6C48
:106AD80000000000796F757200000000706C61742E
:106AE800666F726D000000005374617274000000DC
:106AF8007374696D756C6174696F6E004D61696E50
:106B0800000000004D656E7500000000526561646C
:106B18007920746F2072652D7374617274207468A3
:106B280065207374696D756C6174696F6E0000001F
:106B3800434F4E54494E554500000000754B6E6555
:106B48006500000069732074686520666972737453
:106B580020696E20766974726F206D696E69617440
:106B68007572697A656400006D6F64656C206F6684
:106B780020612068756D616E206F7374656F617236
:106B88007468726974696300284F412920636172CF
:106B980074696C616765206F6E20636869702C206A
:106BA800646576656C6F7065640000007769746869
:106BB800696E20754265617420436F6D70726573EC
:106BC800732E00005468616E6B73207542656174A2
:106BD80020746563686E6F6C6F67792C2061206D17
:106BE800656368616E6963616C0000006F76657249
:106BF8006C6F616420726573656D626C696E672085
:106C080074686520706174686F6C6F676963616C24
:106C180000000000636F6E646974696F6E73206FA3
:106C280066204F416973206170706C6965642074D7
:106C38006F20746865206865616C7468790000006D
:106C48006D6963726F746973737565732E2075420D
:106C580065617420706174686F6C6F676963616CDB
:106C6800000000007374696D756C6174696F6E2043
:106C78006C656164732077697468696E20666577EE
:106C8800206461797320746F0000000074686520C7
:106C980067656E65726174696F6E206F66204F411B
:106CA8002D6C696B65206D6963726F746973737598
:106CB80065730000776974682061207068656E6F7D
:106CC8007479706520616E642067656E6F74797081
:106CD80065000000636F7272656C6174696E67208D
:106CE80077697468204F4120636C696E6963616CD1
:106CF8002066656174757265732E00003268204FD6
:106D08004E0000002D203468204F46460000000049
:106D18002D203268204F4E002D20313668205245F4
:106D28005354000075477574000000006F662061B9
:106D38002066756E6374696F6E616C20696E746528
:106D48007374696E616C206570697468656C6961DB
:106D58006C206F6E00000000612063686970206419
:106D68006576656C6F7065642077697468696E20F4
:106D7800754265617400000053747265746368201D
:106D8800706C6174666F726D2E00000075426561EB
:106D98007420656E61626C657320746865206D652A
:106DA8006368616E6963616C207374696D756C6189
:106DB80074696F6E000000006F6620746865206952
:106DC8006E74657374696E616C206570697468654A
:106DD8006C69616C2063656C6C732000726563611B
:106DE800706974756C6174696E6720626F7468206D
:106DF80074686520706572697374616C7469630086
:106E08006D6F76656D656E747320616E642074684D
:106E18006520666C6F7720696E7369646520746895
:106E280065000000696E74657374696E616C206C2E
:106E3800756D656E2E2057697468696E2066657772
:106E48002064617973200000612066756E6374693F
:106E58006F6E616C206570697468656C69616C201F
:106E68006261727269657220776974680000000057
:106E780033442076696C6C692D6C696B652073747A
:106E880072756374757265732069732067656E65C2
:106E980072617465642E00004672657175656E6373
:106EA800793A20302E3220487A0000007553636109
:106EB8007200000069732061206D696E69617475E4
:106EC80072697A656420696E20766974726F206DC4
:106ED8006F64656C000000006F662061206669625F
:106EE800726F746963206865617274206F6E2063C5
:106EF80068697020646576656C6F70656400000071
:106F08006973206170706C69656420746F206361B7
:106F180072646961632063656C6C7320616E6420C0
:106F2800666962726F626C617374730063756C7406
:106F38007572656420696E2033442E207542656140
:106F480074207374696D756C6174696F6E000000EC
:106F580070726F76696465732063656C6C732077F3
:106F6800697468206120666962726F7369732D6C39
:106F7800696B6500656E7669726F6E6D656E7420FB
:106F8800616E64206C656164732077697468696EEA
:106F9800206665772064617973000000746F20743F
:106FA80068652067656E65726174696F6E206F66CB
:106FB800206120736361722D6C696B65207469733D
:106FC8007375652C00000000726570726F647563DC
:106FD800696E672068616C6C6D61726B732E00005E
:106FE800754C756E67000000754C756E6720000063
:106FF8006F6620612066756E6374696F6E616C20C0
:107008006C756E67206F6E006F66206C756E6720FA
:1070180063656C6C732C2072656361706974756C40
:107028006174696E67206B6579206173706563743C
:10703800730000006F66207468652064796E616D66
:107048006963206D656368616E6963616C20656E54
:107058007669726F6E6D656E740000006F662074DD
:1070680068652072657370697261746F72792073D4
:10707800797374656D2C20696E636C7564696E67CD
:1070880000000000627265617468696E672D617343
:10709800736F636961746564206D6F76656D656E85
:1070A80074732E0057697468696E2061206665776D
:1070B80020646179732C20612070687973696F6C22
:1070C8006F676963616C6C790000000072656C65BC
:1070D80076616E74206C756E67206D6F64656C20C8
:1070E80069732067656E6572617465642E000000BF
:1070F8004672657175656E63793A20302E32372095
:10710800487A0000637573746F6D000043686F738D
:107118006520796F7572206F776E207374696D754D
:107128006C6174696F6E207061747465726E2C0086
:1071380074756E696E672077617665666F726D2CFF
:10714800206672657175656E637920616E6420646E
:10715800757479206379636C652E000043757374C8
:107168006F6D697A6564205061747465726E73001E
:10717800456469740000000053657400313233348B
:10718800353637383930000071776572747975692A
:107198006F7000006173646667686A6B6C0000005A
:1071A8007A786376626E6D006261636B000000003E
:1071B80063616E63000000004F4B000043686F730B
:1071C8006520796F75722077617665666F726D00DC
:1071D80053717561726520776176650053696E2019
:1071E8007761766500000000706172616D65746595
:1071F800727300004672657175656E6379000000F0
:1072080044757479204379636C650000250000009B
:107218005045414B000000005052455353555245CC
:10722800000000005374696D756C6174696F6E209D
:107238007072657373757265000000006261720098
:10724800526567756C61746F722072616E67652034
:10725800302E3035202D20312E3030206261722CB6
:10726800207374657073206F6620302E30350000EF
:107278004669726D77617265207570646174650026
:10728800436F6E6E656374207468652055534220A1
:107298006361626C6520746F2074686520504320B8
:1072A800616E64206F70656E000000005465656E45
:1072B8007379204C6F6164657220776974682074F3
:1072C8006865206E6577202E6865782066696C652C
:1072D80020284175746F206F6E292E005468652030
:1072E80075426F782077696C6C207265626F6F7475
:1072F80020696E2070726F6772616D6D696E6720AC
:107308006D6F64652E000000555342206361626C06
:1073180065206E6F7420636F6E6E6563746564209C
:10732800746F20612050432E00000000546F2065C8
:1073380078697420776974686F75742070726F67E4
:1073480072616D6D696E673A20756E706C75672035
:107358005553422C20706F776572206F66662E0039
:10736800474F000043414E43454C00004649524DAB
:1073780057415245205550444154453A20555342AF
:10738800206E6F6E20636F6C6C65676174612C2072
:107398007269617676696F2072696669757461745D
:1073A8006F0000004649524D574152452055504400
:1073B8004154453A207269617676696F206E656C32
:1073C80020626F6F746C6F616465720050726F67D2
:1073D80072616D6D696E67206D6F646500000000F5
:1073E80057616974696E6720666F72205465656EAF
:1073F8007379204C6F61646572206F6E20746865C4
:107408002050432E2E2E00005468652075426F7858
:107418002072657374617274732062792069747361
:10742800656C66207768656E20646F6E652E000057
:10743800546F206578697420776974686F75742053
:1074480070726F6772616D6D696E673A20756E70E4
:107458006C75672074686520555342206361626CBF
:10746800652C000072656D6F766520706F776572A8
:1074780020666F72203520732C207468656E20702A
:107488006F776572206F6E20616761696E2E0000EC
:107498005374696D756C6174696F6E20626C6F638B
:1074A8006B0000004F4E00006D696E004F464600AD
:1074B8005265737420626C6F636B000052455354BD
:1074C80000000000686F7572730000006D696E75CA
:1074D8007465730041726520796F752073757265E4
:1074E80020796F752077616E7420746F2070726FC9
:1074F800636565643F00000046696C6C696E6720CF
:107508006D75737420626520706572666F726D6543
:10751800640000006265666F726520626567696E67
:107528006E696E6720746865207374696D756C6127
:1075380074696F6E00000000594553004E4F0000FB
:10754800526561647920746F207374617274207459
:107558006865207374696D756C6174696F6E00007D
:10756800535441525400000043617274696C61675E
:10757800650000005761726E696E672100000000A7
:1075880075426F782050524F20776173206E6F7468
:107598002070726F7065726C792073747769636894
:1075A8006564206F66662E00446F20796F752077BA
:1075B800616E7420746F20636F6E74696E756500F8
:1075C80066726F6D207768657265206974207374C0
:1075D8006F707065643F0000496620796F7520659B
:1075E80078697420746869732070616765000000A9
:1075F80066696C6C696E672077696C6C206E6F7455
:1076080020626520636F6D706C65746564000000AE
:107618007374696D756C6174696F6E2077696C6CD1
:1076280020656E64000000005468652074696D6907
:107638006E6720626C6F636B206578636565647341
:107648002032346800000000436865636B20274FD0
:107658004E272C20274F46462720616E642052452E
:10766800535420626C6F636B730000006265666F31
:10767800726520676F696E67206F6E00474F5420F0
:10768800495400004F4E2F4F464620424C4F434B23
:10769800000000005468652074696D696E67206297
:1076A8006C6F636B2069732073686F7274657220E6
:1076B8007468616E2032346800000000467265719B
:1076C80075656E63793A200044757479200000006E
:1076D80025202D0050726573737572653A2000007D
:1076E8004F4E3A00270000004F46463A000000007F
:1076F80046696C6C696E672E2E2E000054696D65A4
:10770800206C6566743A2000206D696E7574657327
:10771800000000005B454550524F4D5D2073616C81
:10772800766174616767696F20706572696F6469F3
:10773800636F3A206461795F68656172743D256C96
:107748007520743D256C75206D730A0044617900BD
:107758006F66207374696D756C6174696F6E000073
:10776800504155534500000053544F50000000004D
:107778005B454550524F4D5D2073616C7661746175
:107788006767696F20706572696F6469636F3A2013
:107798006461795F63617274696C6167653D256CCA
:1077A8007520743D256C75206D730A004E657874DC
:1077B800207265737420696E3A2000006820616E3B
:1077C800640000005B454550524F4D5D2073616C6D
:1077D800766174616767696F20706572696F646943
:1077E800636F3A206461795F6775743D256C752015
:1077F800743D256C75206D730A0000005B4545508B
:10780800524F4D5D2073616C766174616767696F73
:1078180020706572696F6469636F3A206461795F8B
:10782800736361723D256C7520743D256C75206D00
:10783800730A00005B454550524F4D5D2073616CE3
:10784800766174616767696F20706572696F6469D2
:10785800636F3A206461795F6C756E673D256C755E
:1078680020743D256C75206D730A00005B454550FA
:10787800524F4D5D2073616C766174616767696F03
:1078880020706572696F6469636F3A206461795F1B
:10789800637573746F6D3D256C7520743D256C752B
:1078A800206D730A00000000486172647761726598
:1078B8003A2075426F782050524F2076312E310091
:1078C8004669726D776172653A2076382E342E31AA
:1078D800205354414E4441524400000053657420E3
:1078E80074696D65000000005365742064617465F7
:1078F800000000004669726D776172650000000043
:1079080075706461746500002D0000002B00000094
:10791800576861742064617920697320746F6461A9
:10792800793F00004D6F6E74680000005965617200
:10793800000000005265616479000000612E6D2E20
:1079480000000000702E6D2E000000005768617462
:107958002074696D652069732069743F0000000018
:1079680054455354205741544348444F473A206C98
:107978006F6F7020626C6F636361746F2C20726527
:107988007365742061747465736F20656E74726FAB
:1079980020313020730000004C4F472C7061676520
:1079A8003D25642C6461793D256C752C776176657D
:1079B8003D25752C626C6F636B3D25752C73657462
:1079C8005F6261723D252E33662C6D6F6E5F563D8A
:1079D800252E32662C6D6561735F6261723D252EBE
:1079E80033662C616C61726D3D25752C6379636C0F
:1079F80065733D256C752C706572696F645F6D7376
:107A08003D252E31662C6D696E5F6D733D252E31D7
:107A1800662C6D61785F6D733D252E31662C64652B
:107A28006665727265643D256C752C6C6F6F705F4E
:107A38006D733D252E31662C6C6F6F705F6D6178AC
:107A48005F6D733D252E31660A000000754C756E1A
:107A58006753796D626F6C5F776562736974652EC1
:107A68006A706700754E4D435F73796D626F6C5F26
:107A780075426F785F3330305F6470692E6A706763
:107A8800000000002A2A2A2A000000004654383044
:107A98000000000046543800425438005446542030
:107AA80069643A20000000005350492D312073705A
:107AB8006565643A200000007800000020707800B6
:107AC8005245475F4652455155454E43593A200065
:107AD800496E76616C6964206F7065726174696F54
:107AE8006E000000436865636B2074686520696DEB
:107AF800616765206E616D6500000000436865631D
:107B08006B207468652074797065206F66207468CE
:107B18006520696D6167652066696C650000000015
:107B280049732069742074686520696D61676528E8
:107B380073292066696C65287329206F6E20746824
:107B480065206D6963726F534420636172643F00FE
:107B580047442E737761702829206973206C6F73EE
:107B6800743F000058543858582073756767657318
:107B780074733A2074616B65206120627265616B71
:107B880020616E6420636865636B20616761696E5C
:107B980021000000706C6561736520746170206F4E
:107BA8006E2074686520646F740000004654383194
:107BB800584D616E69612E636F6D00002C200000C6
:107BC80020627974657300004558464154000000EE
:107BD8004C435F434F4C4C41544500004C435F437A
:107BE80054595045000000004C435F4D4F4E4554DA
:107BF800415259004C435F4E554D45524943000090
:107C08004C435F54494D45004C435F4D45535341E8
:107C18004745530042616C6C6F63207375636365FD
:107C280065646564000000002F646174612F6A65F3
:107C38006E6B696E732F776F726B73706163652FEC
:107C4800474E552D746F6F6C636861696E2F617252
:107C58006D2D31352F7372632F6E65776C69622DC8
:107C680063796777696E2F6E65776C69622F6C69C7
:107C780062632F7374646C69622F6D707265632E12
:107C880063000000494E4600696E66004E414E0092
:107C98006E616E00303132333435363738396162CF
:107CA800636465660000000030313233343536379E
:107CB800383941424344454600000000286E756C3F
:107CC8006C290000300000002C2066756E63746912
:107CD8006F6E3A2000000000617373657274696FFB
:107CE8006E2022257322206661696C65643A2066DD
:107CF800696C6520222573222C206C696E6520250D
:107D080064257325730A0000496E66696E69747983
:107D1800000000004E614E002F646174612F6A6597
:107D28006E6B696E732F776F726B73706163652FFB
:107D3800474E552D746F6F6C636861696E2F617261
:107D48006D2D31352F7372632F6E65776C69622DD7
:107D580063796777696E2F6E65776C69622F6C69D6
:107D680062632F7374646C69622F64746F612E632D
:107D780000000000FF0078018001430288018701AC
:107D88008C018B01920191019501F60199019801ED
:107D98009A013D029E012002A801A701AD01AC0194
:107DA800B001AF01B901B801BD01BC01BF01F701C4
:107DB800C601C401C901C701CC01CA01DD018E0198
:107DC800F301F101F501F4013A02652C3C023B0292
:107DD8003E02662C4202410253028101540286018E
:107DE8005602890157028A0159028F015B029001EC
:107DF8006002930163029401680297016902960187
:107E08006B02622C6F029C0172029D0175029F0138
:107E18007D02642C8002A6018302A9018802AE01BA
:107E2800890244028A02B1018B02B2018C02450226
:107E38009202B7017B03FD037C03FE037D03FF036E
:107E4800AC038603C203A303CC038C03CD038E03C8
:107E5800CE038F03F203F903F803F703FB03FA03D6
:107E6800CF04C0047D1D632C511F591F531F5B1F76
:107E7800551F5D1F571F5F1F781FF81F791FF91FB8
:107E8800B31FBC1FCC1FC31FE51FEC1FFC1FF31F34
:107E98004E21322184218321612C602C762C752C73
:107EA80058050020D49A0060FF4E00007405002099
:107EB800788D00605B0D0000900500202880006030
:107EC8004F0D0000A8050020C0710060680E00007A
:107ED800C0050020F4670060CA090000EC18002003
:107EE800C05A0060340D0000DC050020AC50006072
:107EF800110A0000FC050020D8440060D40B0000E3
:107F0800140600200C3C0060CB080000240600206A
:107F18009836006073050000340600202C2C0060A1
:107F28006A0A000004190020981F0060920C0000E3
:107F38006100E01AE000E017F800E00700010130F6
:107F480032010106390101104A01012E79010106A9
:107F580082010104A0010106B3010104CD01011051
:107F6800DE010112F8010128220201124602010A6B
:107F7800AD03DB03B103E011C303E009D803011823
:107F88003004E0205004B010600401228A04013655
:107F9800C104010ED00401446105D026001E0196DB
:107FA800A01E015A001F0808101F0806201F0808F5
:107FB800301F0808401F0806601F0808701F4A0283
:107FC800721F5604761F64027A1F70027C1F7E029D
:107FD800801F0808901F0808A01F0808B01F080283
:107FE800D01F0802E01F08027021F010D024E61A02
:107FF800302CD02F672C0106802C0164002D002620
:1080080041FFE01A1F1C1F1E1F1E1F1F1E1F1E1FC1
:1080180045CB01004DCB010051CB010055CB0100F0
:10802800B5CA0100BDCA0100C1CA0100C5CA010024
:1080380011DA010015DA010019DA01001DDA010070
:10804800000000000000000019380100B5380100E8
:108058001538010049380100C938010015390100F7
:108068005D380100000000000000000055720100AA
:108078000000000000000000C9A30100D5A3010012
:10808800CDA3010071A40100F9A9010029A90100EB
:1080980085A9010021A80100E1A5010031AE010078
:1080A800F9A201005DA30100C9AA0100E5A201002F
:1080B800E9A20100F1A20100F5A20100F9A5010061
:1080C800D1AB01004DAC010039A70100DDA20100D0
:1080D800EDA2010031AD01005DAA0100E9A3010094
:1080E800000000000000000081DC01001DF6010016
:1080F80019F6010015F6010011F601000DF6010050
:1081080009F6010005F6010000000000000000006B
:1081180019380100B5380100153801004938010047
:10812800C9380100153901005D3801000000000060
:1081380000000000F9010000150200000000000026
:1081480000000000F5AF0100F9AF010061AE0100C9
:10815800F1B3010021BF010059B70100A19B010043
:1081680029B0010005BF010009C00100E1B7010005
:10817800399B010065B9010085AF010091AF01008D
:1081880055AE010059AE01005DAE01009DAF010082
:10819800C1AF0100E5AF010071B401000DB00100ED
:1081A80055B20100BDB401007DB50100000000001A
:1081B8000000000079CE010009CD0100A1CC01002A
:1081C8007DCB010099CC010075CB0100E5CB010006
:1081D800FDCB01006DCB010029CC010059CB01007A
:1081E800A1CD0100A9CC010031CB010011CC0100C7
:1081F80079CC01000000000000000000D5D001008B
:108208001DD00100A1CC01007DCB010099CC01005B
:1082180075CB010089D0010041D001006DCB010070
:1082280021D0010059CB010091D1010081D001007A
:1082380031CB010029D0010059D0010041000000D4
:108248007E000000BA000000610000009D000000F0
:10825800D9000000E1010000E5010000ED01000087
:10826800F5010000789CED9B3D881B471480CF41A9
:108278008553E5D2D84979D739DD75B9228D4A7742
:10828800B934890C695CA45071600516B386552110
:10829800830A150751E062CB850B195C2870902B77
:1082A8000E49CD411438B00207B9E2562C812B147F
:1082B800106403E218EE64B3D1ECECFCEEEC8F6EC4
:1082C80067564AF01B0C67EDEEDB4FEFBD7933F3D1
:1082D80066B4B616251B858D5AC6569DFF2B44BE1F
:1082E80040897CB0969992368DAC0AAC29B4A22EFE
:1082F80052F28657CDC6C1CF87B0350E166DE54E02
:108308006D8F6AD2C9B959DB39F13289335B3FDEE7
:108318002431AB9C9378BE32CCC689A479AA2B5E53
:10832800B1DECEA10A4E285B0312ADB71572061650
:108338001DEC3B3355A49E77EFA5FA68F533E0BCF6
:108348007D72A18ED3F34A93621DE9BDA58A33B02D
:1083580068A3A392138ADB576B5564D162DD745509
:1083680093F64190B1AA2AFA15B6A8BABEC44A65CE
:10837800A8CEAA388B96263A489DD9533C0E64B4A9
:108388002AB6E8FDD73A38A1906C959534F00D706F
:108398007491F6C1C34676FF6F04A4EDA62E4E284D
:1083A8009DC3C01E5948833CFAF1B14ED2ED71F617
:1083B8005E8535B4A63A493DEFF6CB6CB18A7BD3DE
:1083C800ED977A393DEFEC3C9B5531A99AD953BCCE
:1083D80010ABDE8C3488D217403FE9F678F3C6F349
:1083E80055E2FB17FA39A19039C0C2AC38436D0D7C
:1083F800F221756683FD9B452BF6FDF6381F521852
:10840800017816B858B422D2870D9573E724D93964
:10841800597CCD82A3F443ED198A97C6018ED6B450
:10842800B36B4CFA4F3F5F526746F255CA18C07794
:108438001F9EE54B0A672CB467A561C5FD49FD3C45
:108448003F599EB864CE9A622D80572479F6272A20
:10845800A6CBD4595279FFE9DE3238116BBB895962
:108468006F559349C7AD6591C27865FA564CD65A8F
:108478004E8EE2C599919C15C38AAEDE6B2F93147C
:10848800CACE0919B722627655483DEFD3318D58C7
:108498003F1BAC2C298C58B2D20A3257714549A1DE
:1084A8000087190FB8A85D3552D8BF764EF07A9B71
:1084B8001D15568F140A8C834DC1B2AB90A5E4628A
:1084C800BAC323920FAA7826B5CCCC1F27A63B6E39
:1084D80071519B33691F1C9EA5ADD3B5A65CCCE634
:1084E8004A8AD651C5FA8FA7E9EE2F7758D23C7B36
:1084F800546982DFEAF6D3CCE0568114EECC9D9D18
:10850800C7DF2D7A7F59A4B0B59B5B83A879FCD9C6
:10851800F9D33DFEEE6592E21972E360E70438A5EF
:10852800C993E9936969029CF56366B422592A8A5A
:10853800B479BA7EFC20A29796266E3F6AF5E5CC00
:108548009AA75B83BEB47A24274D6885F8310AADB3
:10855800CA8B75D91B9D198A1FF9DE2AAA94FFB602
:108568001F4B5A48BDEB9D389ADE7F8DAECA2AEA6A
:10857800A68BAEC9F705EEB5D1D5BEA41ECB92FA2F
:1085880004059FB71A47998514BF2F8154E20D91AE
:108598009490C04699213F77077A4A9EF9F3254D72
:1085A80092F7A4EF49DF93AA27FDEB3F43BA0AF9F4
:1085B800F4FF462ADFDDC3EF9391B6A671DF511FA2
:1085C800A97C3F02D736578974A3D60CAD6AE81E3A
:1085D800671CE967F99116D073C53ABF1FF580A9E2
:1085E80016C791E617A7B4D25FACE3B96F1FF0F5D1
:1085F8001619691F2C81748DCE0D8BF576B3DDE4C9
:108608002A992B64539E55D6BE97ECA6036719A4E6
:108618007497576885E8FE8DEBDD799306BC90ACBE
:108628008A4E37A33D426C6BB1DE41F3C2724825D6
:10863800EC242AE8CACE997DC5D4E4CBD233804B4A
:10864800202D50D6DA7C453E3C6A1CD4B85A81DCD1
:10865800A678DF263FD2E475AEFC8415FE36799203
:10866800F276E55AE409069C17F22625B45542E845
:10867800EFC0609AC13ECFD39AD2DD9AFC4991DC13
:108688005AC33981D0071140CF000387DD555A16E8
:10869800A9286C0CBF6A963BE50EB7F7B542A4C98A
:1086A800FD6D51D2AEA1953566245E94D4363D4B0E
:1086B8002BEB1AC904C1AF776E6E53DBD447FAD6D9
:1086C8004276602B5EA94825E7BABA4617E8B2EAAF
:1086D800C8B0C17548777A52CFBA649E86A4232D54
:1086E800B16ACF35773392F618B2AEAF4F7DBF720D
:1086F8002D5FEF4D490B88D40E938252592D29D600
:108708008B494706B64F1AD2DA1E22656D8835AAFC
:10871800B5EADBC0A298744662CCB3F0AC308EF4F4
:10872800EFFE951590026009A4A0A790D53678525F
:10873800F81722ED02BC2F1B47FAE509B41CB05804
:108748001B52D22E50C569EE529D9014BD0392C2A1
:10875800BF5292CE092F03CF8C4C9174A428B3F644
:108768000C81146937908DD292DAE0D2626DC8928A
:10877800AAB22AABF1DAC2DC2303BD2BB54D816D59
:10878800123D86486AEE2AE0E434B62AC463C1E79B
:10879800E949991622559101788D340BD82948F169
:1087A8009E1B22ED71DE164815F89FD73712F4C7C5
:1087B80093E2EA4BC8A6E0CA524DCAF67BD6925954
:1087C8004947A6489AD5FF61B22852D9EF5878EFA1
:1087D800F35CAA4943FA420D57266427EFF1CAF51C
:1087E8008753F1A95E8834EB48954CFAE608D1AC7A
:1087F8004B7EC584CFEEDDBD4826D568D3E0CA657B
:1088080060B7625D3C6D049CCD607ED29D2EC1FB3D
:1088180012727C32E361833D575119E2B9CB47C7E5
:1088280092678D5E8EA4F85D772EE8B9BC57CDDFD0
:108838008FB606C3237AFAA5DD7C360D3F3BB354C9
:1088480093322360E86D6FC9B547E417A662ABEDB4
:108858007D3E96F95B66836CA4744CC276A4238D26
:108868006D8C08EB2F67621D1EB671EBEB09B52204
:108878004F650B31947DA51AD713E6B300F2BFC735
:10888800EE9B23766FE3D7FD474386837B0E5289A1
:10889800D19E7D9D1AD6C8FE4FF4E237933B177FD1
:1088A8009CDFBD78EC72F6127ABA67F545DFAB1833
:1088B800F7059DB6C98E5BBDF0AC28D44626FFED02
:1088C8007CDF8BCF28984BFD541175F27301C8FAE1
:1088D8002E34DFA0574BE56BCBE63E73BFD011A516
:1088E80050C23612328201638C8D59FA9D643EE182
:1088F8005711AA7CEF934AF446E718CFF22CDC3BD9
:1089080066615BCFEFBBB6447DEA56D2A2AFE0EA20
:108918002DF4993FEEBC9BDBD1DC6D55E0DA457652
:1089280087FFCD439FABAB4F85AD3A32AFAC5E9876
:1089380024BEF95122896885EBFD3FC3FE9AEB7787
:10894800C323622C27D4247B027CAB8E5432AA0228
:10895800D4EBD3B2C215BD27CF10CA6B6823096BFD
:1089680077BEE68F783F6976E0755BCC764153CD6C
:1089780089AB4A729BC07AA3DC5EC862D7D6C8941A
:1089880047B58A757E58B6BF8BB25BCFB8B2D0B741
:108998009959CF2AAD7933773D5A298BB4F9B9B6AD
:1089A800FAF97E8407A90561767A5E795EE919BECF
:1089B80095E3E342639DDFCFE571AC0BB4E7159D0A
:1089C8009C50927A509AD69BCF1775732259288F4C
:1089D8004AA244E74E942892F9C8CA783D2C928A54
:1089E8004D42D3DB87E225B56D0D5BF958741381D1
:1089F800BC51B13B5F172E1C97FF021FB242C0004B
:108A0800789CEDBDCD8E1C579225EC24FBC3E81154
:108A1800BEA553D22CEA2D9C946A53F3125EA2AAE7
:108A2800368D79875BADE89A5CE422175C70C18566
:108A3800B347EC1E01A385801130024A80ABBB28E6
:108A48003417394016900504810C386306A10FBE0F
:108A5800884510880498C0F0BBC78E1DB71B99497C
:108A68009152511255C5483099191119117EED9A34
:108A7800D9B1633FB7AADEDCDEDCDEDCFE4A6FE993
:108A8800D2AF37B71FE776F9EABFCCD79BDBABBBD2
:108A98007D7F29BC91CCABBBBD5A29BC91CCF7BF1B
:108AA800FDF09278239597B9FDB872782397E7DFA0
:108AB8007E5A49BC914A79FB1EAB3674D517D5A3AB
:108AC800764C9BFCB56E56F57238A996F8297F8DC1
:108AD800ED1AF7D68BF4557FF78D4CBED3EDBBACB2
:108AE800D2A7C3366DBA75F5A05E36AB766CC77E75
:108AF800DDAFBB751AAB45B54823EFAD57696C5769
:108B08006D964BBB4A47CDB25BD7CB6A9125B4AEC5
:108B18003E7D23936FB9BDE4BA347B79C54FB0AAC3
:108B2800F53241069B7AD9AEBAF590EF8314FA4D27
:108B38003B7663B3840452BEB79FE79F9690487E06
:108B48006C5E67499964C6B4869C86CDB0EDD6CD77
:108B5800FE1BA9ECDC5EB80EF55E5EBB6D5EE155F2
:108B68003756A70DF6FCD81DA771D854D932C1368F
:108B78009936AC20997E6E562A3F6798578BBCDA97
:108B8800786CD96F1A936063D2EBD6F80EB9D40B10
:108B9800E84CFE6D34EBF63292F9EBBEBDF0FAB15B
:108BA800E7F3FEDFC01AD957D680BCAE23D6311DF5
:108BB800554BFC46BB94577DDE8ECDAAB3BDDFACCA
:108BC800AA27F9AF36F9E7E590B528AFF898A04994
:108BD800593266C3B245C3332127E810ED1B64F54B
:108BE800372C936FBDEABCD7B314860D560D72C8E7
:108BF8006B95D70B7E22FF3BC64FC97E6F57D48833
:108C080076952DD61F9AFCF8301FF29E873EE4F524
:108C18008677DFC036F5597EC9A447899934567CD2
:108C28004EB5A086E5E78CBCF76F4E22DF72B5ED36
:108C380041FD0C56A4352BC2D5C3DA63B727931070
:108C4800BEFA6C8BA031D5292C1724971FCFFFE0D3
:108C580047F0379D3D93F628CBD0FC485EE727596F
:108C6800CAF60A26A13525DEAEE8632079BC5B7E0C
:108C7800D5C5F0B43DF81B91C9B75C657F9857D549
:108C8800B4207BDB93BC46B0F6636D6BD92CE91935
:108C9800B4B6F8BF7354C5FFF3DF981E99FC60E9BA
:108CA800C6EA111E33EFBF823FA14DCA9EE7343F8B
:108CB8007F844DCBF71A32C83E06FE67631EC6771F
:108CC80040C6617FFA2B97C9F33DC5EDC66D7ADEC4
:108CD800B51BAC3B56D1BCF06A9837EE8DE12BE062
:108CE80025B8BAB032FD06F688882AEFEC0D1EEBDF
:108CF80046AD2C75417B7F307DD0BFC12C162C1B17
:108D08006D5F63F62A64025F032CD06FD3EDBF5208
:108D1800993CEF9A3E6946221FECE0216B48956D1D
:108D280011D61A72C8325A6107C3F6B72325857D52
:108D38000EE964146B1EB9E5BA425E0BFC5F3DC1D7
:108D48005A6BE581CA3AB774F82D7F3DC16FD42DAF
:108D5800E81125D68DF036F4F39D79922CD9D1BC43
:108D6800CD66F8F8AF4C22CFDF61675C1B7C413BD6
:108D7800B06ADCEDEE27568689F2BA544B7A6EF764
:108D8800BA6BDA2D60AEFC0A232D4C8E3F56F4D315
:108D9800F2DB900F342FEB91478DFD9A310AF429BD
:108DA800FB7EB77A420F44C0D010DEE36862DD3C38
:108DB800FB2BD292E75C07B00DD614961F3A90FDB4
:108DC800E806B82AFBDD352C5175EAD686529AE4B6
:108DD80081BFC36A677BB6EE88794D36C31CD8B6A7
:108DE8005929D6805C88A97A5B59EE7CB36EF9A7BD
:108DF800647A559DDABBAF24117C02BC73D6534309
:108E08000569859FA09FD593FAECAF4222975E41F2
:108E180077082F502DBB796D919EAD97EDE6C13146
:108E2800506FF10256B5363F919FBB8135CB8F828B
:108E3800933ACB38CCD1515EB379BBE4DEAE0D6149
:108E4800312E6F477A8ED674013F0F5BA2A8CEBC35
:108E58005433BD97699AE928BD3B6C5ABE3FFF4F12
:108E680084DC2C61E720A776F1B396C8E57AF1C5D2
:108E780070D2C0371331292E580FDB6EDE1FE7BDC5
:108E88003A374FB2CD3868435B021B96D774EE5E13
:108E980064697B764DD624FFDD5378817E8EF83C5D
:108EA800ADA91DC96313B368C68E480ED49B6E92D4
:108EB8009269D20A2BCE1812FADA199686E650620F
:108EC800D49A2CA727169D3EF899CAE4D24FDDAE56
:108ED8006B301ED89547BE3627E61FCE68197A8FA5
:108EE800057B8F13103BF766B110B9D58E7BCDB2D9
:108EF800011D678B93AD9E615E46E8B435E4793D0C
:108F0800721C93FB6CBCB245F3F6D78E22469304D1
:108F1800F783D9ACEA0CD2801CEA53A2B5EA89F4EB
:108F2800A33E055A7EAE37797D6F976BC6A2750F43
:108F380050AFD271770C14D503B92EB113F32A1E92
:108F48003B1ADD986ED87E358B32877D718F3B92C8
:108F58004B6F4CAFDA876451CC63DBABC13E0D730A
:108F68003E0B0899BE857AE2D1E446BF338E6F5D29
:108F7800BE59124F88C05C33A0991B4981F7D77C32
:108F88006C9B3FEDF2672493CB7D86C507C363AC2A
:108F980012EC53738475A0D78564AAB3E6AC739CAE
:108FA80063FE7A412C4AC9D4ABE1C46206F8F74D96
:108FB8003226057BBA59D20F935DC75F7463EF966B
:108FC800477A81D768C8395A5CCE77C0DF183FF234
:108FD80028991EE1FEEC210C1DD7A76629379D2391
:108FE8003DEC0F3C4649996F3FFDD968C9A59FB232
:108FF800C7CA9DD44BB1477905FEE87CAD790B67AC
:109008000F1F63C560A1C888F05EC5E0793D4E605A
:10901800958693CEA3B97A592D2DDADB803B691951
:1090280035D86A236614C6B2FF0D95D17A91174BCD
:10903800E3C4F83A7369CF161233A9D0471171F512
:109048001627BA4468BD9E87B85EA7DB259F2F3DCB
:109058004014078FDB8E4444B023DDB1619987F556
:109068009268B45A32FA820701F2CABB92F664E4F3
:10907800EEE73A366665AA053C3F30B0F1B744B72B
:10908800F4F0C657F58E02A077C6AE2F0D436F8752
:109098008DF329EBCEA54D29B4D4AB35B58C384228
:1090A800AC199F03E9D03BB93D5BBB557BF85A4BE4
:1090B800E4C227AB67B68B9FE0AA1AE62AC664DC2F
:1090C8006C37C74AE75DB6CC91C776789C8E894FD6
:1090D800B36D3AEB2CF76A9AE04C88D99C2530148A
:1090E800AC55F330FFB46C46E88B712863B7A1A583
:1090F800CB486A43CCDB39B708EC40160BEF6BB2B0
:10910800D8B8E5DA4C360EB87AC1B8263F022B47F4
:109118001E133AB9EDD7FDBAD48C61235F46A9D5A1
:10912800B3D7542297E129AEBE5910AC30779CEDE5
:10913800DD4367C59F5D49E038AA1571252D7B671A
:10914800561F1140EB393D5B33B379FC8E5D9D357D
:10915800E8986B85F5A7CD771DB0DD0D1BD339CE0B
:10916800F57CD6AA1DC5020B1F60E7CB760A8D35A4
:10917800ABE08AD378F3B36ED213625F7CAF4FE172
:10918800DF0D1DBF8E3A725116B795B3832CB20E00
:109198009C90CDA8CDB7A6FFD11C0D9B1B9F7F7CB3
:1091A800FBFAEC775FE46BDC022B213624B6012E48
:1091B800B57C528EFEE84BC81D564BAD6B858CF8BE
:1091C8001125D56F18CBD152D14330D223166E1D3D
:1091D80069418E860F16F2CEC31493845F216B40CB
:1091E8005DC0DF5F9F5D4BD533780C48C018843570
:1091F800A5336CCDBE5DCE71BD56D2180E730CB0C2
:109208004046957197AD0AE234F39A8815EAB35F40
:109218001FDCBF7D73AF4AD767F5336018448159A7
:10922800534E615B78BDB6CFD79E415AD37A317E13
:109238006C3C026FE90BB0B3194B3F51968AE8A119
:10924800F5C8DC628B05916C6BBC9849C25E35AD84
:10925800028B3922730F637AFAF0E65EFE84B3EB71
:109268009F29421242E7EE0116CE12FEF36B2491BB
:109278000B9FA4435C7C02CBCF28AE638D01908CFE
:10928800AD7146BDE3D52C077CE16ADF9E993D3A76
:10929800439D02337BFD94EDA644638DF18A9DC501
:1092A800825819C6F9788EEDDA2D7E2612E09EE7EF
:1092B800BE67AC4DDBE6BA006C3D22FED1738890E8
:1092C8009B65BDF05C0AACECE9B09D1DDCDCC367B6
:1092D800BCB97725011338436CAC96F4891EEE357A
:1092E80091C845746B361C56AAB5EC42F6D6B6D36F
:1092F80092E72FAAC377B32C6EED5F9FE15AF1FF77
:10930800F5D9F0B4B65D87CC38E597E3BA6364A6BF
:10931800686FBA8D218385FC28EAACB2F53986C717
:10932800551C434E98369EACBC6C51EF5610F13527
:109338003DBEE329E1376200F3FD2EC59136E96AA7
:10934800E2E7C4BF2ADDD8BBF139D82DBE23AC6A09
:10935800BCF3733CC94F2E8DE699E1920DF502EBF3
:10936800D5FE41A8D53CC8E6EB3BB7F67F711FD7C1
:10937800786B1F7BEF7EF621FF7C907DABA2876C1C
:1093880007F22E7D5CDA0F6257476878DE3133BA10
:1093980079E53D2E277B88F5F4CA05E7E72D869801
:1093A80033FA067603DFD5293365D8818C1874CB58
:1093B8001181BCC9A67E0439E0F3528FF1EFAA6986
:1093C80009344B5A275D7C0E97F2934AC33C81219E
:1093D8001AA24CCB67F8EAD04EDCDA7FEBDEECE081
:1093E80017F721895BFB9008E4726B3FAFF752399E
:1093F8000E2219A21E314BF8DB76CA8190A385BCD8
:109408001BFF0BD347AB5FF038C7763923165BE7F2
:109418002DF5C6FCB473864076B453BD47EDC865D8
:109428003172C18EFFD03EE3FDDBD461C8C3AC6BA3
:10943800BECA61A31CC9E0AC27F060D6E29F5222E5
:10944800974A838C68CD98C132DEB64E27B8DEDFE6
:109458007DF9CD5D5C1FBE2083D9C12CFB74FCE572
:10946800ADFD7753677B355F5F8E067ADBFBAD47D3
:10947800143902B41AB6649990BC96AB7AC51568CB
:1094880046DA1FFC4354DE6FE4357AE3B4C24FF783
:109498005EB142BED75EED18F8817F03363FAD5806
:1094A800C942D977EBE5C790C6CDBDD9C13777AFEB
:1094B800CF803DF83BA453FDC964B175C460D12683
:1094C800BD7D46253F8D442EBEEBB3CEA35EAB4596
:1094D80058D05AC0A237C697C35B40025FDF818D60
:1094E8008244201D5C1DB5E4CA9FB2D75F2B0B4494
:1094F8005C6CB84BCCE29AB95BE4D5C15DA5490771
:1095080087292A8076D27621C6631CDAA9DEC1FEB5
:109518009E1C61E3F68D7A4039F56BD91D3CBF7E00
:10952800F6C1BEE441CDC04FB25A37F7D2F4B78185
:10953800C79847199EFE0412B9F08EC8D4990C56E4
:109548007EE56B72135EEB34521FB8FEB4C9F76F39
:10955800533FB4F3DEBAD71C934D52D683D939C6DC
:10956800119DE502AD62D4D90E31F366BFB4F7732D
:109578009C06CBC5881CF60A3B215E8572AB9ED43F
:10958800A76418DB95FC4819B3E0B1AB89D2809D7C
:10959800A29F8BDF299F6B899AA5BA214693EDF389
:1095A800EAB87E547974561B80BC51EFD694BC043B
:1095B800B2B2794DB633B34FBC2E480192A912AE60
:1095C8008EBB8F5AF2FECCE2BBB5B06A754A5DC35A
:1095D8003E6626BC07EBBD3589D1CBF8739CE165A7
:1095E800D4E07F0F0F9D11D98A5C3AA5113959CF64
:1095F800A24FEC077E13F2CD36F699561D68839F6D
:109608002E7C3A3D5EB6B1B37E8BF8BE731BE79FE6
:109618001B7CD745B6F1479446F588EB87BD4BCE02
:10962800B6B1AB4B96FBAECEDE9E51EFEFBB5420EE
:109638000F5A64FCA3946EED43678C935F91016CA1
:109648007D05B17ACC4B111167AFB1B0D777EC6516
:10965800D90FD6428CF21DDD54A5E0D5261BEDFBB3
:109668001CD93F817C9C8367F58AE516271DDA4261
:109678003BA8078A90843B64B9E0F1F0993FDC6F1E
:109688009E1129187B36612D44993F9A44CE7BF16F
:10969800CF8CA5C54E6364B466CC445F3A3C15B222
:1096A800851C783DB45BB453BC36DE7F6BFF9F0FDF
:1096B800584D48BFDA7BE514563CFB5EE8C236FBE2
:1096C8000EAF7620C6E1BE877FEFE6C4C0F4011D69
:1096D80071D89AF1023C37F322D03A7C59844F3B37
:1096E800B725D625D7C57D74EB80E82FAC936C16CB
:1096F800AF415AFDD6BD5BFB9087D94D7F57D3BA92
:10970800FC8ACDE73F9244CE7B8E65EF1566DD4837
:10971800DB6256616B3BEF9976BFFEA70DD03D9497
:10972800C42DF79CBFB8FF8FB7F37E7354DA73CF9D
:1097380079646D88750D068B55D1F62E6BDA6F70CE
:10974800F4CDCA1964AB7363A406CE0C582DC74078
:10975800AAF31AC9F0F35551DF65966ACD57A3BE2F
:10976800D5ABF767F46DFA84948924C22B08B95CE9
:109778004B907691515913B7A5D505EEF707974643
:109788007787D621A3A23532CD8C75C54EA72F89F0
:10979800DFE129687BE5D3C9424863F838A2C45F92
:1097A800DCBF9AAC42C1ADD064DFBD66CE7CFC3173
:1097B800512FAB1AC9998B5149EE53E9773AF57B8A
:1097C800B83FF78E904DEB7C58EF922136775BB718
:1097D8007E6F4FDE9B7BA64A61B9781DF2F0B89682
:1097E800AFEF4072D599DB3B67F5B3069ABF4B776D
:1097F8007E60899CD30DC38F8B7E1D1C2C7338D83B
:10980800CBF5B3DAAE01F2205294964816BC3A5E14
:1098180037FC3B22C59B7B6F7F4AE4849DDD99948E
:10982800C53D99969C281F3B30621FC9DCB222AB0C
:10983800779FDDE5283FB1BBC03A0E0656E9AEBBBF
:1098480089CB656D49EFCCBC479FD0EDA71FDFD60C
:109858002715DFA9CF1D9290B5D20E9B1DD4AA5B08
:10986800B15813DC166DED0F6AB3CE4B833CDAA901
:1098780067203642A1887C9B675792225AEAB72C08
:10988800147E8BC89C5746B4259B303C2DF0FCA613
:109898003A93AF8687A2D7A07534E671137149C68B
:1098A8000E8BDE58A94E28D92B51152958843322FE
:1098B8004AF14C8BA3C1DEEBB187CDB51456899F15
:1098C80091FA1BBE3D7805592CECB70FF75125537B
:1098D8005444785DC40FEAD7775EB7D9A7BD74EB57
:1098E800607B83F538F99E937777B49CD146F872FC
:1098F800BE82904BE016FAFE7FB457AE2C4A476CF6
:109908002E4FECF1BB212054E4988F666F82796367
:10991800C4D88C05B8DFBB35EB7789A1A6F87CD312
:109928007B768318A4F7A803F9F766F1D141A9BBA0
:1099380042BC920462593D16F75283AE24D3874540
:109948006F3ACD4C8945607B3F903CCEC9B99FF2B8
:10995800CC64270CC58FE473DE9F51B7615D8163CA
:10996800C367870C4ADDF8FB4F2529BBE7A04526CE
:1099780074E1B6CFB949A17BE3695D23E80FC4055B
:10998800C23330335572E813EAD92A7EAB4FF179E6
:10999800B15EE20EBDCA7A7C7B26BF01D437B30C18
:1099A800CD2EF2653CB21B1B12FDBEB7D77CDE8DF7
:1099B80094B021C18D90F80FA221E75ED32A2857D1
:1099C800BC3231231DEA07F3DEFDE54C7E1B6BAE8E
:1099D8001823F65C95B8D7422EC43378B4B2B8F8D9
:1099E8009F6F5767AA908A0C059976C6359D676A56
:1099F800C9C033BA1097E8F5574B7237EAFAD8CD91
:109A0800810F5E8F084ED16B4836D59F026D5C9FE3
:109A180024B3CB26963A0F6DE617E3A9FBB7FFEB05
:109A28001D6AA4690A2AEA50FBBBEC7E082FB21B08
:109A38007398AD6CCEC8ADCB8B24EB9D797BA6B566
:109A480057FCA76BA294C40451FBE92F7975E57EF6
:109A5800BCB11F329026DA756E6D8D3DEA636D9B41
:109A6800D5A57B357567FB22790EBC5A8AD972ABAE
:109A78006E919AB82ADA14E7504EBBCD95442C253E
:109A8800DF5125ACF175D775EE95D24271EF501EB6
:109A9800E47D6EEDDF7BC8CF5D2F598FC2ACCC055E
:109AA800DEF7954AA3D92FF71A1912E73656FD564D
:109AB800B138E33D5C0F3FBFD8ABB0CFFCCE7DF8EB
:109AC800D6BD405A78CEC7B7194DD0A6F4BEAA8CD9
:109AD8001B5A67473CF6A29D62D7D41487B3B3B626
:109AE80073EB458E5119F1DEAB2A8477C9CD7C75AD
:109AF800172B0BDB23841BBA21BD5524424B1C3882
:109B0800917C1C7FEF9F2663335951DF5AFD51D654
:109B1800E4F35DBCAF501ED0445E5BD6F65575CA03
:109B28000888F1D4D5243C554650C1FBE0B16FEE0E
:109B3800424ABBF1D6FE67BC32C9E4FEEDAF1E4E09
:109B480088DEAA4B68E7C1EA8A551F36AC2E6C6DD1
:109B58003240F2FC5EAFDAD265EFDD88D22464E8E9
:109B68009B955015FB4B800E8CB97F56C67ED25BF9
:109B7800C8415843880AF7E89F6425DDC1D57D6848
:109B880011BBD51C31D63466BE3ACF68BD32697078
:109B980057D5669F86397642A7FA9963D428147EEA
:109BA800793F58C46049C955C196295F4B8EF1FA6F
:109BB8000CBB4C3A737D7625755E09DA7A0CE7ACF6
:109BC80098579A02E5A7B5387D4640CAD81997F93B
:109BD80084BC8D7C0D11743345D18C3814B35CB1C1
:109BE800D5FDE66EB9C6A52F2FBFE2FE522640BDB1
:109BF800B4B8D752B3147A1BA23AFEBC177945F20F
:109C0800884A29F4D9B5A695E245BFE9B89EDFDCB4
:109C1800FDFACE2FEE33B726AFC135E76A33AA2552
:109C28006F2A8E1139C3FBB7951DC5EBFCDB5D5A56
:109C38002146118C2418DD284BDE7B7655DD03D9AF
:109C4800732813A9BA76F312F92FB6AAF484856A91
:109C58008CB91F3C638218873B3C7463F7AB72CFA7
:109C6800822CFAEEE3422781B7EC59CFE4F12019B0
:109C78007AA90BB1E12B9186F51F8DAC2F36BBEE7F
:109C88000C376A0EF059E8D5BEB94BC4F1D63DFC85
:109C98004E5B5B5EDDAF3EE1B38851189D50B3F477
:109CA8008F68D3223CE327ED8A8092B6C97926B221
:109CB800E67A77C41CE63D0DF7C9DF745EA3C87E5B
:109CC8000F562DD0AE29AA49E8A63D634CB7FF1917
:109CD800575ADF2585D008D9AC523764A9422A568D
:109CE8008BF29415458CC88CC37CF24A6C563A2F7B
:109CF8008F8A0C9DE17A56077466B7DE7504A5A8AD
:109D08004F084B3186A25C3CE37F7D11F8519E5D84
:109D18007C2FE50119DEDAFFFD7EEB78B6F7D84334
:109D2800F959F122E0CF3BCF84485718AF74AA5AAB
:109D38003339A551DD85AC466856CA2CB6E3AE2D3D
:109D480012DFCC7FDCFD8CC2F9281F2FE576DEAE52
:109D58007D7D072C636F9DD5E43C85B25F01EEDD08
:109D6800F9FBB4E9BCA2BFF3DE19EBCDC83EE4EAC7
:109D7800272536DFF5DFD8FFB05EE1AFF73F2BEBE5
:109D880019147FB07220983C7CFFE08BB412AB4171
:109D98009BC5EC86AFFD9ADD6AE2545BEFB7AABDBE
:109DA800BB9CCF01AF831D94CCC733EA208B4C3BBF
:109DB800A275E69E61750F7707575BEBCE4F1B7A4E
:109DC800A1FF4B1C2016E8FA2C2DE53F945BCF3BF6
:109DD800E62FC5BD3B7FDD1E5895C0B1215CAFD6CF
:109DE8001B0C3F34CB8F6F471C856B5024C1AC399B
:109DF800F204BC8772803CE83B9449B8B9F7AB4F92
:109E080064ED989B92ED6AD0C579EA954E9E574DC0
:109E1800362D20AD3D6A1F8317249F0B39298FEEFD
:109E28005863AAC62A1001EDE043F986D90177BF25
:109E38007203E76D53191B9651C945C485677CB8F1
:109E48008F4E11C5A28AD12E4C7FF80BE491EDDF1D
:109E580029A36256C012DFC33ADF7BC0D5934E6098
:109E680065C1817C7D87768739F3B048880423F7FC
:109E7800116C4AC491D4168FD517F2D9F5A277ACD4
:109E88000A698863EC37C2508CC75BEFBA152E4E4F
:109E980063B38ABCA1644A1FD26FE5C7E141C89287
:109EA80068AD1113491265360A9F4CF65712D46EE5
:109EB8002C75E7C6DEB016A6608E25EBE45FE2439C
:109EC80076FE324738ABCAEA00DAE5305971B38F0B
:109ED8004FF57923174EFFACF5A69668E7D3CFD395
:109EE8009F83632763C2BFE2DEC2DFFEEA13D505A4
:109EF8005DF973E7153C9DD7A75BE781F7CC36453D
:109F0800453AE37566A3BAA932B1F3DE1EC6F16617
:109F1800DD1E753EDBE46A22EE8B7D1F388B38230D
:109F280024C2CFB78BBE680D22D655844FA9347F83
:109F38009E2A2FD00FB9B4DD70BEDBED7BCAA363B8
:109F48000E90F59BECE1F74CD06F7D7FC38F953970
:109F58000D62D7E04BF0B9F19CFBB7F73F23DB4824
:109F680079D04641827FFF6964D4C968E1FE2BA994
:109F7800B729177C3755814C7E8395CF862F68A3E8
:109F880098D990EF4E9ECD27E71BF92DFCD42CF4E1
:109F9800EE8CBFB5AAB4B3C162516F849E2226E489
:109FA800F75D4E888FF3D1B793FAAB684FC99FBC62
:109FB8000A79D48FECEAACF2D0F23736ED8B7BF22B
:109FC800839DCC2BB1236D94EC0E7FD74E42ACC150
:109FD80008843AC4AB87C7574CC84C8FECC0FDDB2C
:109FE800FDD3FCAE276409D169A0CEDB9E3D7EACD3
:109FF800DD7554C55A91D66D143180784971BEF417
:10A0080024FDE6ED44B907AE655CBA1B79E04BD296
:10A01800886844BA20E451E63CC3C334CF729C93A9
:10A02800117B6B5997812CE8A3EF258F5DEDB06B01
:10A03800230F4AFE42F560D792A4115C1577887CFD
:10A0480000EF97B42009AC37AE10DC896C1D7CBEDC
:10A05800BC89224879D577531AC99C90BB6D6DCFBE
:10A06800B7BEDB6DFECB9A552EA6C31B72DDD36C33
:10A078009495B2B19DD7E93282BFF9B9F64BE9B3ED
:10A088004B1E57E856311F770FF38617A5111C434F
:10A09800E4ABAE26D9CDD6D9008B10BF8F86EC6243
:10A0A800AB15B9DCC12BFB958F6E97AAA50CEF2CCD
:10A0B8009F2E3F1D3928ADF83777E55360AFA8517B
:10A0C80088CDE36FE0F163056EEEB5CBA23E8A5E04
:10A0D800645DF2F19DFAFB3D634E4CDCAFA5C3E233
:10A0E800D85B9FC29177D653BE3A74B58C01251BB5
:10A0F80079EB88494A5F1DB5A3D42AFD26BB252ED6
:10A10800787690A67EB7E43563DFCB62EDFC45BF79
:10A11800EDD75345F928BC98AFFC6970528CB3C988
:10A128009B97FA1F715F8970A3D64499127ACFA8BA
:10A138001560264B7BED83FDFE2931964D05B0CA8F
:10A148002EE65EFAB52A6EC8A5F4CECF333E340BA0
:10A158008BCA5EB3B3CA93E0A77713DFEF7C442EB4
:10A16800FB5FFAEDF82D1E097B5AF274ACF6233F1B
:10A178004754F91B4359DEE168530EF2A7FCEE2859
:10A18800EB9C2F4FD69564B9B935B35EB8B29B5FD7
:10A19800BC577841464CC24B816EC316489788B26B
:10A1A8009481E3A3BFFAE4579FEC32C2C14A5AED47
:10A1B800D98CF5D5565BC25A52EFBAEAC4992FEA40
:10A1C800D37E9A4703C611FC4A63D58DCAB39B84D4
:10A1D800F2BA5CFF939819D45B288E90169778ABE7
:10A1E8008CFDCA9CA0B8F960E9221B428D97A5682E
:10A1F8001E0D3E5BAB674FE3F89D356417E93E6281
:10A20800CE01553DACC260971DFB55544DA9FACF00
:10A21800C04565760D8FCBBFC046289E9565085B07
:10A22800277F28BE31D067E7F1B67550933D338D4F
:10A23800F0FCC87C9A0030D53613D558CED0F8EF4C
:10A24800E4B9F5CEAA7AC27B942CBAD0C8AE3694BB
:10A25800B941C58FFAE4515FC62B60341B56E19AA9
:10A2680065D655416108703CE7D35F24915DDF6195
:10A27800F356BBB5721CB2C7E0E18243A37E70D728
:10A28800C9FFC95B2BDBC14F4E542584199534CACD
:10A29800E894F9F5325A7C2731DE6838DB6D4D1DBC
:10A2A80021D2809FB6BCDC4275250DEB41D7BD7726
:10A2B8002FD18B33A6AFCE42F74AFE43164B7154CB
:10A2C80069A9820F51C589D82C793A5E5548503210
:10A2D800BEB9D77BA531F34464DBBEAF3CEA3DC5CC
:10A2E800BBA804A83D036AFAF795AE28A4123695D0
:10A2F8005AA228BBF433652D53C48C781D5E933065
:10A308004CB07A9249FFB0E11C1F9FD29A579D1614
:10A3180068D3786C426FDD2AA3BF4E64E19D6DE976
:10A3280098515C5F49E22C8383923C5403277F5EFB
:10A33800CA4B3BAFF4EDB210CA20EA1F6D05AF1748
:10A34800286B8A9E9D393B5777F2D2DA31FCDFD6EB
:10A358002A9DD8A9D729CACAAB707356B224250B2F
:10A36800F8CDDDA8E629B520E4105A15DE3D62C116
:10A37800B85738533FF5F30EDD8527F4045ED9B09E
:10A388002506A64F631CD85A463D620F5587C1B3B0
:10A39800FCEBDD0F1D27ECC6DA5113261E34F67BC5
:10A3A800F0BDC159519ACC1AFCE2BE78DE5DFBA61D
:10A3B80077E83644BA9DE7CDF2A77B796EF19CB574
:10A3C80052E491AC2EB65EB28EA5FA135959319F5C
:10A3D800910B9784C4F594D6871E306C6B99397CA1
:10A3E800EB1E6B4E4ACD902C690B6707BF7E40EE83
:10A3F800232112349467DD65E659384DC3F288513C
:10A4080063BA526D7667B2C8CF7AF641C11D94D649
:10A41800A8ACD9130E91D5A10418D16AB7C4CFB787
:10A42800F6B5FF0213947C24D845ABAF3815EB671B
:10A4380036EB7BC8A37B58631ACBDAECF5748540FE
:10A448009B7F9776BD564446CC3FE99FF65BE4A7D1
:10A45800150747665AB9E732634BEC1BCFE19E7D7F
:10A468007BD66F3BB748C354792BE4C5B85B3897A4
:10A4780019906E14774236519590DC3365762FB477
:10A48800533EFE3C6B8BDF18BD876F281F2B5198FE
:10A49800D08D7EB33CFED8FB7C147CFE7353655F85
:10A4A8004E3F9EF55BD6C9DACCA3A578EE7EFBC1FC
:10A4B800A4F3A517561C545EA576B9ECEAEE1A87E4
:10A4C80047D94554EC6693A4225FF5AF7731032B47
:10A4D80015AB9E7C974816ADCFBFE8B90294C6D697
:10A4E800F9DDED6E54171190785A7C2270FFA5FFA4
:10A4F80008B970DF4775ABEC697893B22A2B74649E
:10A5080076F0F8109548E808AE968975BE672F254D
:10A518008F5DACBBACA90FF08FA3EA0BDAD57B9F9C
:10A52800F33AEE4FD5C7F45E118D841F28E33FA19F
:10A5380093C82186ED96B4888BF9E85BF7C06B0564
:10A54800C6C257BF550444EF5E7BA69C1DB944E3C1
:10A55800EACEC9E8F894EC1173057F97223F2FE4FF
:10A568000124AECFCBFB895823B7A15D56FEADFCC5
:10A578004AE9EF4A8DE79A68FFDDBFFDCB196AB259
:10A588003A9F42C0B9072F65B14A692C5AC7263588
:10A59800E6ACAEDA09C5FCE3C414CAEEB273B6F48D
:10A5A8000762D84ACF12BF45D6AD6453A51FEA400B
:10A5B8002AF19724F84E6286A9770E8216559CB325
:10A5C800234A9F3C8DE8C4AB0FF3F75F1F88ED8CDF
:10A5D80068B3EC9DC54EC0557D7D27B2B361AF828F
:10A5E8003D90E7D0A7BDC8C2C7278EBF564E953C41
:10A5F800167EAA5F86592C9E9177E2E85E739C4E80
:10A6080015407661FDB1752D47F58162A0A87BD311
:10A61800EA475CA81DC53508C667577B76775CE9AD
:10A6280061F5DBF5D9570FD354B96EBAC0AAD0C9B2
:10A638008338637206840E6CA9CA920FF6152984B2
:10A648007E1093C86B89E70CEC15314978B4B009D2
:10A6580042B6945D99FF283D0BFFBA7A96F70FBB77
:10A66800DBD563F4F485F23887AD5A9BD45D2DAB06
:10A6780025A6E6A9FFFEF1C78A2DC81504A7060B73
:10A6880013EB168C62699D881555FF53626245BDB0
:10A69800652625F0B1AC225E0BD3AF7AAF746BBDE3
:10A6A800923D728096115871EA217C07BEF23D8F67
:10A6B800E463CBD8549F4E3AAA552F33E7D02920CC
:10A6C8005B310AF236FCFCE43EC5B3E8DE327EF4C8
:10A6D800EBFC9C9D31D456E6CE5E68B1761EEFE762
:10A6E800FD49E7133E8C33B20994FDFABF789C57B5
:10A6F800DA92B2BF26F232BB9965C54CBAE6C8AB4E
:10A70800E9B39FC75CDAB3611FF8CEFF7AD7AAD541
:10A71800B78DB3EAD4DA344DDFA387F73CBF7508A9
:10A72800D5CB77FCD585EDC27EC65E97DC77D9C4DC
:10A73800EB33D6B346FE30100191B890C16E8D59F7
:10A74800CC68C13D5793F3E38EB12C8EF80EF268B6
:10A75800F681A53873CA62626381B23CB60FEE68AF
:10A7680075C47E08A5289B13C85E386497C32EB5A8
:10A7780042B98392AFE75E2C63C2D0B6FBB73F3ACB
:10A78800B8F1D9540B67332E8323112BCFC7389FC9
:10A798001292FADD97E137CAF8617727878E8437F6
:10A7A8000FED8C6B0816AB8CADC492043B111A6785
:10A7B8007F8FA99D5B54287544EAE7EB7ABF5D3F1C
:10A7C8001686021EC35E7556415BF1A49F0599B8B3
:10A7D800D86565B561C9B147DE2C2423B4A2DF0270
:10A7E8005995F9D212A5947AC2E7B48672F3952DD9
:10A7F800B9CB68B192777A248BD9991BAD3925DE0C
:10A8080073271F4CAC55B99358FF5DD67B97D1750C
:10A8180068AE641412098D0E6C526AD7AE2FBCB99B
:10A82800575BE5017A1CC8E40C9875F3D2F2C8B8F6
:10A838006509EDA8E1838E5109C78947AC0128391C
:10A848009ADDD5A26E444F41C4AA816ACEFB6D69D8
:10A858008BF45D482D2267FDDDB2B3FCA02657AD11
:10A868003959C6784363D5BC0F6D9AA181FC14672A
:10A878001C03FB5F4BFA3C652D247772F0D2652EE2
:10A8880056164A0857DC69ECB2D26F4B5EA52CE429
:10A8980019670757135813765CD3969EC3BCDFEA33
:10A8A8003D78FA86CD85B6E953B85ACCEBFA709F55
:10A8B8005E8CD90B591B4A67B756BF5CFBDD9A7D86
:10A8C80056C22A4A0CFCBE1B219712A47C7FF7258E
:10A8D8006D11B481A73F351E7DD03E510E9DCFB17D
:10A8E80060C6837396A837ADEDA6C8572073A45DDC
:10A8F80015D6ACFC9227D4F790523C5E7AC8909457
:10A90800B2208147DEDB331BBA26EB4416FE5B3DE3
:10A9180048A91D7B79ED8FDBE5B051076BBDB00E03
:10A92800CEED8D3DAEA8BA06E4CB3929468C6FF042
:10A938003C25FA8A150E9B16118090E12EAB18C89B
:10A94800EA97B3CE669111F7B18EA71D950951F715
:10A9580040E71319C4C1F79E4F1F7C4AD03B499A60
:10A9680021EB55FEACDC7258ACB0A2E11FA28E7A86
:10A9780037CB2BED905CA51BB48737F6EA67C92760
:10A98800A5F43E43E25B79DE521E7F42761C538873
:10A99800DA653FF6F3EC3B16E928CBE728FC42954D
:10A9A800CA4A68ADB47266E7393A5D5970EAF4DAB2
:10A9B800B1FAC158443C201D7B7B762D317BD118E0
:10A9C80063A38A3878B5B466AFF2F01453FF9A6778
:10A9D800DD46192B67ADD45DE8B9DE6B29D832C6E0
:10A9E8005111AD07E314DC8178AED0084A2562C660
:10A9F8005D1EABB46525EEBFB997AC4FC83B853932
:10AA0800CBE0DB58ACE2916EDBAEBC1E10F9C5455D
:10AA1800BDE0F483FFDDB1EA1057813856556B6508
:10AA28003FA0D6588C8A345D950F6195222E2C391B
:10AA3800F612934846641269ABC0E2B416A15ABF35
:10AA4800DA887CDF3B8E3B3F30C9BF3BAB3FED39FB
:10AA5800958A993955FCF29CAACD47078175958945
:10AA6800892EE0D23F949E9BBBACAC1A15AA175E08
:10AA7800D9B572F2F2AAFABFB977EF4E32A6842797
:10AA88002E2137F3AD3161290F6371ADBB60412FC2
:10AA980082FF9BE5FBDE05214BC51E3BEC75F43DB3
:10AAA800B10A81DC83AEF8E235967B46E870D7833D
:10AAB800ECF657411AD599CDCFCFF68A332D8116AA
:10AAC8008793FEE98745ED83AAA1F5CA37F66EEEAE
:10AAD800E3EFF865358E3E1DB67AA67C64AC2FA3ED
:10AAE8009B40BAE557445742C1BB3A148C4A74207C
:10AAF800A892A8F493EFA4CEE700B387DE26E23E3F
:10AB08004F1E3B9E45F39BED3A0C5DC17FB44B78DD
:10AB1800F3A8FC800C1435732FB36257B502429327
:10AB2800EC04D9F507BB28AB8C3262FF690FA795F7
:10AB3800F53868729F9F519B638ADBD2A45BFB1137
:10AB4800D79799809B7B98E9288F5FDB5A402657D7
:10AB58003E114FC067CE8ADEAE8BD5D125E3753E58
:10AB6800C719717C89B2027B85DD45BEC0F983B502
:10AB7800BAEACF21DEF43C79B0A22C47F48FBA911F
:10AB8800DA8153E4D278739FB22FB98C9283081B71
:10AB98008C4977C1640597153E436833F81EE9CBA5
:10ABA8006E55D095A43A2B9BEF6A539687CDFB330D
:10ABB800ED81F295A37B317083654BB7CA9EF73E52
:10ABC800DDE47D67F56555D843145EBBAC08C5FD6B
:10ABD800B037BB56A9AC9C89EE5B5983E8570DA9E1
:10ABE800DCD81B9EB6DE0B91ACF7F65B3893E2DE41
:10ABF800BEEBBD621631874E1C40843EBB2D7C1BCC
:10AC0800D63FFA94C313D072C4C4B1125F7157F21D
:10AC1800556225E35397F1337EAB9FB1AFA3F5DEC1
:10AC28004D7C96FF385316B7B47CFC2B3152F17A21
:10AC380057FED4D3A7AF3CFB6F33B5A2F250CC86F6
:10AC4800DEBDB44A44E69C34A8C723DE2BA513BA5C
:10AC5800593E6337C2320CEED5DDD6873A0EDD8B0E
:10AC6800E5311CD954EE273C09909534F0E8CD889D
:10AC78005E3475A1D14F10F7EAD388570B7B547215
:10AC880044B166251F1C8F87CDE29E447C303BF083
:10AC98000CA79FEF648CDC4371CAA5178E578C995B
:10ACA8004E8C0EEA996ADD8987D9B77F2595BBBC9A
:10ACB800F426E7E3BDB001BBBA514A44DAA39D10BC
:10ACC800488D1910FE7DFF156BC05A31D1E3B9E9E3
:10ACD800D6977BF369AE6DC75A593BE30F2833F615
:10ACE800BEEA97C8919676969FF3EB3B717D8AD121
:10ACF8006327C5BDE1CD4BAB1FCF693F676701E651
:10AD0800E0B14BEDDE03BD5BD9351D7159F88FE21B
:10AD1800F3EC273FAFCD4E54B1993FCDB35B07BBA2
:10AD28007A10FE6CB72E61D773EFFA3B49A17CBE4F
:10AD3800FC69E97F5C9E7B585776B2198735B6EB7C
:10AD480097D08F6DF6174F1227E1711AFD0216E39F
:10AD5800ABC340324288B23F9243698122D22AA3D0
:10AD680091723795F885184C58DFAB04F6DA67AA64
:10AD78005FA25CAA6737F6F4EAA15D65656D48BF16
:10AD8800B42E1FEE63AE4867D518C605E7D7BA6676
:10AD9800557A9262F477044722B40E648FDFA27A60
:10ADA8002CEC73C4198182A39A4892A2FFB9862C0D
:10ADB800C68A3E8C516CFF3CC45BA2AB51FA813A07
:10ADC800D96ED424DD1B9F2B2FA87C946A3F950F46
:10ADD800093622FA01C376684A89AE63B7762CF43D
:10ADE8002470256A9758CDD6FBECBEB7771822D5C4
:10ADF800B1041A0B2BB2CB80DCB26987ACFD419F42
:10AE0800AECDAAF9B4AC4C90D7915FDFAD502073AA
:10AE18007D3E5A0C24189393F515912E771C5EF5F8
:10AE28005A1AFC340CE5D35E463F6AEF316ABC0B14
:10AE3800D2CF7B5DFD9F8EBB9CF998DDC8563656F8
:10AE4800714944EBF2F997315565F50965A05DE65E
:10AE58007CD7A7DD3451111A926DCCBEF66C3082C6
:10AE6800658C1979A6C80E712F5C49B454BDF520BC
:10AE7800C01B619228DE13B85DAF10B1B8702BFE0D
:10AE8800DFADD02F91535430440D5129AD5DFCFEF8
:10AE9800CE4CFC5AF28EBA66F932FAA149DB9DA66D
:10AEA800E12FA1E757127722D7EAEB3BF0EEAAF1A0
:10AEB80091250B942349613E005140D401EC72F175
:10AEC800814174A5D2189EF565F3C74E91EDBB720A
:10AED8005F8C45A080B296823BBBACED8857BDB174
:10AEE800072EA5F77A6B563FBCE7D52BD2255928F4
:10AEF800551BEF7E85976617E1AE8709EB18DE30A4
:10AF08005E437614FCA62A58AD2A6B71A93C76508C
:10AF180070E7275DAA5E37D92959D593AB89D693AF
:10AF2800B1857C47AC067F570556D4FC1185490B83
:10AF3800C2B704362CD148D8644C03111E32467D62
:10AF48007C6FEFBC552851DA791D8977E267693E35
:10AF5800ABFC4CD6CEEAD3D2A8A93E213766034B28
:10AF6800EF2C499C8F3E745F484376AFBC96F095B2
:10AF7800F844FFE11E2210FA0FEEF9E7640977EEB4
:10AF88002BA6D97ADF8B4D101EAF4ED556AA26E1D7
:10AF9800FE849E9408B7CCEC04B2A5CF9467A06D4C
:10AFA80008045466DAB436986FD95B766938B16AA2
:10AFB80092671FEC93C7561E3EDE0175F3AADA129C
:10AFC800420D94C1CF7A35B15271D862B272957D73
:10AFD800633575CE479FB62AC24BED555448EB8072
:10AFE800AF521BC46B0949947E3E2C067748EF2765
:10AFF80086AAC6B8B93C22DCB9CF730A5601976C49
:10B00800520D6DD76FA7F81AF250A4147A42BD10EA
:10B01800D68E4842F1947697EA019873863D636F1D
:10B0280027ED9E6A1B6FEEFD5D428DC8B0D114B846
:10B038007651DA06BD33B95AF09C11DD046F16B8A3
:10B04800F4FAEC9DC43A64CB76F28CDA85D6B68CE9
:10B058007EF449639DF189355DA5F433F1A5982700
:10B06800B4A764AEA4B537F6FA693E39AC10EA164F
:10B078005F2C0F7FAE653E349D1CF2D03C254E4DB3
:10B0880052770D5692BD80B458FC64948EFA39C339
:10B09800F796CC4F701AA5BD0D0BF076EAA72A05D6
:10B0A80078E21B9FDF2CFCAC781945CEA5BD8A152C
:10B0B80088F7C4AB9AAE990F818600E3F0D5CAE74A
:10B0C8009C8F34627FAB0755588A7A1A3838AE435A
:10B0D80018B244E1DE937036AC311BB8D1198C2F0D
:10B0E800A11F9C67D02CD591C71E8A66F91FD3BBB8
:10B0F800E9977BBFD97B27BD3BFBCDDEFB19BDFDA7
:10B1080076EF5F0E1EDEFEF7DBEFCFFEE5E01D7B80
:10B11800ECF7FBBF9CE13B1EBD9AAEA4F767EFEFCF
:10B12800FDFE203F1B8F1D5CCDF7BD93EF7927BD3A
:10B13800377BDB7EFEFDC13B333CEF8A3DFBAA7DBE
:10B14800BD93AEE57FF89D7CACEA13965D59B729AF
:10B158000F2CB92A3B1CB6BC8CF06CA71E2023E42C
:10B1680095CDC686556601ED91596D36F08322421C
:10B1780002472C8D669C8FC8B206739C23A31B13B1
:10B188005ABCB1879D9FF7A16B071EA9ED8BBFDD48
:10B19800DAFFF8F6C779977E74F0C13E98D1DABB2A
:10B1A800ED88BE5F2C0FC820FB99478D77D737D61F
:10B1B800CFC9339B1C35DB7DF56298F334589EE18B
:10B1C800877E00E20075C6604A1572BDB59DF664BB
:10B1D800CF5C1AEF716A96709A1E8A5ACA3455E77C
:10B1E800A451F383B09FA7FA98D5E38E9FAF8CC282
:10B1F8005851C8A94265375F309EE153F38A9FE5ED
:10B20800287FEBD31C36ECA3B0FE9827B5459CAC41
:10B2180082AFEC94547E4E5692632A136A593A468A
:10B22800A53E6518CFCF9A76A6FDD24D334CD3E80C
:10B23800B3CA9FF41BCF058EAAF591B522D7FC9C03
:10B248004AF79DFBD865D792499CCEA2EED6B45E4C
:10B25800C88760853139A3D3F937CE73B5CBC657C4
:10B268001ECFA996DE2FB66AFD1CECCEEBE4F9736F
:10B278006F735D5995C4D757F6B5F7732550B16309
:10B28800D5E038C7EC2C7DB9CBD563A5612D85B346
:10B29800772DA190B9A26DB32D67D95E5834D87BAC
:10B2A800759A261D5246CD4A556BC94FFEEEFC8451
:10B2B8009E7ECD295AC869894D1B5CA2DD5AD33AB6
:10B2C8007ABFBE7C654FA60926D39C8E7EAA4742CC
:10B2D80095092B635E463F92CFF8F0955DC8626989
:10B2E8007A89CD22E32C4FACFA23AFDB1C7DC2E96F
:10B2F80082CC386B4CD9AFDE2C873932AB447869B5
:10B308001DBDCAA835C47BD97E5C6AE735EC70F7E9
:10B31800AC6B1A79AA47BBBCB1A7885E95B83A71DD
:10B3280047B592A5B476394D9B3AE7F3F5A35FA9E3
:10B33800F609FB940BF0B5F76978054BB209F0BD37
:10B34800CF2ACDD18331B4CCA2807FA957BD4F84F9
:10B3580067854BEF5D5094AEAA55A57586AD7C5EAA
:10B3680014EBC1BB97D10F9F5BC89DCCAE5AFA9224
:10B37800469DE7A627A848A51E411ED9664DD57348
:10B388009C7CCFDC3D62FB76D469B5CC9BDA294640
:10B398003E939DF77006BF4968A31913C9F729FFA3
:10B3A80087B5BFB1175177C911034F94599092C30C
:10B3B8000A5600538BB936ECF162A59645EC5E252A
:10B3C8003478E7082B4F635AA3734DCE6966DF3391
:10B3D800D69E1FA3D5E93CC754D9AC277537434B34
:10B3E800DC82B91588E9D8FA042F230F754CB31EEF
:10B3F8007B6057EBCACF9358984F59694A71F584C7
:10B40800B58BFDB17B87B566BF36F63D994C5B754C
:10B41800FEADD224679EDAD8F3341D9CC5B9E10C81
:10B42800F8FCC9817CB68326B7FB54384CABBE32D6
:10B43800E17ED58F9F6706221329B62C7880E1A17B
:10B44800EF5ADA99ADAA0AF0BD71BFD6C5FA799D4F
:10B45800FCD4CF63368E1C586BFD17F6D9BDCE4889
:10B46800AFAC2E526946BC4BA51348A7B97A9DF5D7
:10B47800FFBE581E7A05AC1A11BB9DC965F30C11A5
:10B4880093D0637B367ACDF3962D2BBCB449ABAE03
:10B49800498D3DDF6683C27E1DDB69437E725DEFA9
:10B4A800F8863919CEDB03F2301EE00C596FCAC09A
:10B4B8007AE46CA665DE13F959F7EE044F22CDC085
:10B4C8008C05CC032AE3BF92479CB0EB5EFD6CF081
:10B4D800D35A5819E49ED1E731D23B18063E655538
:10B4E8007FDE37F6796DFDF82C5AD02D6339EEBD25
:10B4F800B49EACD464515467D4799D9533D4D3CCDD
:10B5080059F5125EC8A05FCA987444B99C53EB956C
:10B5180000B4E0ECB5C5D944C956D3A6E38D40596B
:10B5280026239E4C6EA725D317504EFC5B43601B09
:10B5380076C762ED5B9FD9D373FEBAF572F45B767A
:10B54800F4D767AC44E8AC3B5356237F926D44195B
:10B5580091630C1620B484D38222FAAED2EF6EAB7C
:10B568003A8BB316D3189572B69EDB7E9A853F3018
:10B57800A3EADE1C6810BB487B9D3B7D9A036C5E8A
:10B58800C6EACDCF7A3F23A6F7C9E1F17E94A3C9D5
:10B598007DDBC72924E7FDC7A57CA22A925BAB9572
:10B5A80081B7C36A92EDADCCA327FEBC30BB7262F3
:10B5B8000CF082338C6993FA35A3E0567ED14F495B
:10B5C800614D67E7BD02981BDC9FB03A9D9897B81C
:10B5D8001A9FBB3EEB1D0DABEACD743CC7206283BE
:10B5E800A24E9E351681AC382142F5394264F533B6
:10B5F800FA8BE427B84907EB53A12CFA12CE1D05A4
:10B60800BED5B424A12FAE893E8F9FEEE2684A28AA
:10B61800CDD8189BD6C7BE02C49D6E63F0DA16D982
:10B628007A3E8A59F0F1C5F2E834B390A7F2791559
:10B63800819DD9BC140F8669ED3CFBBAF31908BC8F
:10B648004A7A997EC3BA1C7EC9CF773E5B0767CE1C
:10B65800F31E5AB0768A3C689DFB691EF560E8B215
:10B668002186311BDFADDFF6B8437369221A8F4E8E
:10B678000EB2CF25DF7E357137D83B922535DB6F8B
:10B688005995B13E756BCFACF0A9BA76079FEDE638
:10B698001D88390AE1674D8EBEC4F259B7C919270A
:10B6A800064A1F880274DE41F253B0149140DB6CE5
:10B6B800C7BE4CFEE31971192338F3C3EE271023D4
:10B6C800665D305B657B776ED36F2123AB7E68D573
:10B6D800E1B664CF882C546378CACE563E698FD8B9
:10B6E8002183EE2B3D9FDD1BFC99BBB837BB6E7BDE
:10B6F800CC39137205B826E59AE4C7A3EE2B3A397C
:10B7080054A92779403BC8DF75F27BCC096DBCC6CC
:10B71800177BDCA24F741C0E3E135D6C8D10AD6A56
:10B72800B93AD7966E4CDEBFCBA865D8281E5444CC
:10B7380032F86C754AA755760DB3B657F046CFADBB
:10B74800883B270FEA93210670DE27586D9E608795
:10B758006A9BCED69E1944D8194683DDB1C58A3A6C
:10B7680061CD677FD964B679D6E193AE98D3D6DA3E
:10B77800EA022F586E85679A6E3D323019E7FD73DD
:10B7880046DFA93E6BFF693374CA845116982C5D55
:10B7980056379478D833AF7FEA1CDFD2FE7146352E
:10B7A8009106633AA12ADA783B9987C8AB9CA4EC46
:10B7B800B37D93FB02DA3346D9934FA0B53B5514BA
:10B7C8009E38CB72EB488E35153E39D0ACDEB317B8
:10B7D800CBA357CDEF867BB3F693CC6DDF8F7EBAC4
:10B7E800B89DC082392EEC66D0F9DAC6417272CAA9
:10B7F8006698A735312FE71A9AF5F3F369AB65A771
:10B80800F303579401391D554863275907CB84F52D
:10B81800FCBB4501FF70004698792E7179AA2A8EE3
:10B82800CCAB38CAEA99A29C6E434900ADF1EC61F1
:10B83800622B44CCF4AF583BB78F1BCE72A267E99A
:10B848007C9A2FE3A2DE27B3F5CEDF0B23640D3BF2
:10B85800337F4D16E654DA35380AB03DA54CAD674E
:10B86800985E2C8FE16177EC154F6E457815644929
:10B878000C67F144D443D8A4C16AE8AB85E35E3FC2
:10B88800AFD6EA7D17C0AFDC8D7E3AA4C784967D1B
:10B8980060B521E2CDB9F07E1AA7EF369D4431B3E9
:10B8A800761A2D2F9E73E3B3E8DF28BD87AA279564
:10B8B80009B896AA67F54A19527A219B70E05DD1BA
:10B8C800C4B7BDCF0C7374B5F5BD48FC73CA73AC6F
:10B8D800A82356470C5BBC565530D6A839732CE0C4
:10B8E800BE24598F35AB307AD95FFAD227C3A46307
:10B8F8008652BE7AB13CDA03EFDDF45835F9C44E0E
:10B9080046188D49857281E56A9794869D17BF48C8
:10B91800C74452F54A1344941DA5ED626786E25A5E
:10B92800C894EBD0793C402D77FFC9B8744DC4D684
:10B93800FB2981368519B1F3F6FD5964E685ADA278
:10B948004A0F39815FCE7A9FB7D2FB2467F07CA972
:10B9580038612ADB51CB10F53E6FB2F3D98CB4FDB8
:10B968008CA5C5539916390290BE1255C95328B6ED
:10B9780010E367F76D295F7226945B374D7F3C377C
:10B9880093F7527900F1B6CE02249F4A6155D51635
:10B998000F4EECC8C26C97EB5D6355A5FD9C1D3C32
:10B9A800AC6B6CA7F3046A8F22D3288EA7353CDFD3
:10B9B800712ABB739FB4018CC2C8242906E93519C2
:10B9C8008755E16649F00AFFF4D5ADA29B43D92C0F
:10B9D80093CFFE6FF6BF3AE46EC03B54A7BDF7E9BC
:10B9E800D002B6BE3B7AC5871322726FEE488FF538
:10B9F800F1F80C42B1F4F18D9FB94A0C082D567438
:10BA08005FF9A9AEAE679AB0449FEEEF61FA67F5A9
:10BA18006DCF89062F78107A0CAF3471D68F73CF1B
:10BA2800AD26C27AD7C88F70F7836B84D766CCD817
:10BA38001AA66ADC4E581CBE52FC04FEA3F359C673
:10BA4800D653B7E274628F56780A143464A477A484
:10BA5800156F56DDC43A10DF506F9BF5EFBE028BB1
:10BA6800F2C1BEAA7FAFCFDECE1160E3B3649A9570
:10BA7800F822D457B6F2026B7907312488F9804648
:10BA88003941D5F1B75732761BD90A4A698853AB81
:10BA98008CF54DF61CCA26BF9FB340135676CCD5FD
:10BAA8003B436CCCBEE7D8D2F3EBDB773DC853629F
:10BAB8004F4D2B4A7EDE725AB73EDD082729F39F89
:10BAC800C9CD7A0C1BEB06C07D79DD8FBB69BFB38E
:10BAD800778C3359CD76AC89AD5AB3D7D49F6EAD38
:10BAE800F84C96A4F535C08AB56EC73A3F35CD6D8A
:10BAF800DE6A98B7A6A386AFCFFA6DF2AAE9E4B3D7
:10BB0800D88C77F3D9E24451B4EEC6DB6E84577A09
:10BB1800C7B6B4249D4718CDCA6377DBCFB5CF8CA1
:10BB2800A51512EAE0A786FFD06BB73EE986B914DF
:10BB38006A8BEBE0A6F6B91DF4EFC63F7EDB1493E3
:10BB4800523FB6E4955A8F0761391B9F0CC2683083
:10BB58003933958EF20A199A659F61FEDD3B34D21E
:10BB6800E8590ED791EE7F8A07E55ADAEA4F3CAEDC
:10BB7800EDAD253549DE8A1C3263EAE4DD67F6EC73
:10BB88006DED67A23A7BB3E9E79453D61FD75CB251
:10BB9800DFC9B97DCE1D358FB0A69D4AE6C93BEBFE
:10BBA800AF22CAA3F5178E1ACCF32B7248A3B80696
:10BBB800677557761EEBB2B6339598E560456B64AA
:10BBC800458CC9A57FDF4A06C4960399499B61FC49
:10BBD80072F268BE803D316ED6A2359E18840E740E
:10BBE800BB5E4ED1318B601E1E9EE5381D9BF758FB
:10BBF800FACC6EEF66CA7FEB5162E7FC5BB3527416
:10BC08006EB86B8A65116D18A3379D680EC9D5A7E4
:10BC1800B279693D652DB67C6F4A877DE78DCF1374
:10BC2800A7959477D00E2272725F761A8894D10DF8
:10BC38007732E5E83BD875C06C9A6B795E49631535
:10BC48001BFA0FC7F46964CC4DFF2D26441E0FB6AE
:10BC5800B99FB2473D4F31D934233142B6105FBC4A
:10BC68009C3C78F68A7346C61A32CEC3DEB7C91929
:10BC78007E5653E327CC0D2766A78CB1AA173EB78B
:10BC8800D82745D7B256237759EDB55D8CFE5B8F23
:10BC9800E2EB25F9836E3D4504A7C4F49DD8E92954
:10BCA800DB90AFF1B83D6C1EE60875E97B953ECA9E
:10BCB8003328C9F0773209257B17C7017C25B7815E
:10BCC80053ACED95A894897B5BCFF8B84532866272
:10BCD800B0B9DCF4F1B44C769F3324CD195937460A
:10BCE80028E250CC464E1354A03FB29AE001CED57C
:10BCF800C29D97C78E443A4734FCA4F4CEADB1B484
:10BD08003A376BF0139E2C47B830EB64681831A2B1
:10BD1800F1EE644E7CE5D9A79598D535DDB00E389F
:10BD2800432979EFCC1B3FED371848AE87246FD2F3
:10BD38003F348462D81852B0FD7E9C3D97F9884004
:10BD4800E7B2AAA63547C6FC734693F28C76FEADD9
:10BD5800E92A628B27CEC9E6E8A1759C4A3F45DBF4
:10BD68006A71CAC40A0F9E9BAD168CB96909EBB3F8
:10BD78003421C09A51ACE738650515C3CB9733A277
:10BD8800FE5669EC6AC8B3403D2DE3269BA18E356B
:10BD9800F4E86AEE361E38F798F17A3A724F6F3E39
:10BDA800A45ACAF22AB3C8EF6458FB13E2297A1AD4
:10BDB80048B43E25BBD8167C565E2DB31DEC2FA586
:10BDC800BD7AFB33BC433FCF2B34672F7AE7F95F4B
:10BDD8007A2C65CFE837FACDBFDDEDB6B440AC9923
:10BDE80091F7C22ED5F9ED64D768279B952270DBB1
:10BDF80075BE3B301F817C1AB5D856176727FBECF8
:10BE080050C6ADF4EFC92A3A898711015A8CFFC48C
:10BE180074E5C9E0527A81373F8FB00E3BE70F18BF
:10BE28004125EB34B64C1E7280F3404DD28C64F33E
:10BE3800EEE1DF902B3754BE64F4625977F3CE9568
:10BE4800C5F56454B20FF6EA876A492BD63BAEF4BF
:10BE5800EBDD905F720E68E1FE791C0EAFCFDE9BC2
:10BE6800FDDDA735D1867138F0E7B4A895ACA1BD42
:10BE780076B779DBEAE6AED96C849693E7378A071A
:10BE880099F130BFB176EB390E9EAF24526DD78E43
:10BE980067D69D9D7B0F0E47919D6983C74DF559C8
:10BEA800EDF1B8DBC64DEF27C5D0FE55A764A9B1A3
:10BEB800ABB2DD3C81DDCAD7FBF03BE847C20E865A
:10BEC8009C6BAB6A008AAAB0A78FF26A671F925769
:10BED800E0B03EECFF907729727F47E978F863F786
:10BEE8003FAA07CD617B54E7479AA3E171B6EEF309
:10BEF800AC55476DFE1AFED8FFA17E98B2DD8707C4
:10BF0800324EE5B83AEC8FB326AD2A46F88612EDE4
:10BF18005A91CBDA362B211BE224EB7AC82BFCA1F1
:10BF2800679C6EEDFF97FD9B9F775BB346D3C91F58
:10BF3800F9133273BFF9EAE1D574EB40D5DDEDA210
:10BF48009BCE49572EAA39EB7D0263B22A0CEC8BA3
:10BF58008EE71EAE889CE0BB9B11F902C681D2D742
:10BF6800C1EB53C41262C757676EC94E5BE7B82965
:10BF7800035A517BAE3ABD4CDAF58BA7F0EEC6E812
:10BF8800EBE4B36CE901CC7BBBCDE98FB1A62D6C9A
:10BF98005646556076D3515EE3A32CC18CB3DAA321
:10BFA8007EDE67490C8FF1AC7CA5736000D87ACB34
:10BFB800AB5B3E25AFF2319EDB9D587DD89CEBD420
:10BFC8004EE712745E1D6391A9ED6D7AEA9B7E0AB5
:10BFD800BCEA4766071FEE5D4DFFD6DDFBAAFA7384
:10BFE800FE54C7FFF0F0DAA7EFCDDEDF9BDD2EA70A
:10BFF800FFCE0EDE9B75CE58352B49397BE109877C
:10C0080009C9F6CAA1912D99F2BA44BE83F232DB6E
:10C01800760CDC846725CEF077440DEB3D4C137726
:10C028007B67AD8243E1ABBD501EE73C3A792BC636
:10C0380065E40DE8DB6B3FF501BB2A1DD14A207F83
:10C0480008BD815DC77DC0E6B4205C831A3DCB0F77
:10C058008996196B59C47052D9D4849EB558CE5B51
:10C068007017B95F752B695E2CEFD55B13D31E3D36
:10C0780087FA8AC9F051A5197D39DDD66CE25AC80C
:10C08800A13789085189D3E7CE6EBC73B47386DCB7
:10C0980032FA86529B95E2CDBCC3175CDB64757F90
:10C0A8006EFF3CB7437B5BB382897525EECB3D5F62
:10C0B800727E1ED9E5B7D25E2183E3DD556665ED54
:10C0C8006C73D6EFF093238F9E23E425ABDF72F4D5
:10C0D800B1C0640DB058C31C88C95812E7B838E518
:10C0E8009B95AB3EB969A559358AF63A3B094DCCC3
:10C0F8006A720F553B4B93F1D45CF360A26657B557
:10C10800DCACAED56986929672EBB8E76A1AE6EEB1
:10C118002F26AF243EDCDE07131FE603B33EDBDE2B
:10C12800236DFAB3416CA4E364C840F11DA35AD748
:10C13800129E4179CAF5A1FE249FC5CCFB1D87E557
:10C1480038E5B9998FE7C823DD26E227AF41940483
:10C158005B4FEC6AF7AFEA257976585EAC2DAC14E4
:10C168002482FB0D8F4D673B39BE740F6EB560A8F6
:10C178001899B30E6BE21BCD52282A69C87839F793
:10C18800D76FFFE94E548CAB9A5E790F4A09B5F226
:10C19800AA34675604277F8A8BFF3F9DEA0D929D3C
:10C1A800B3CA789DFE8335611EEDC8136F81493C83
:10C1B800A3BFE5A97A83472DCC2D432ED8F9C68A8B
:10C1C80018B75515D9DE340AD97A84B9529C8BDF51
:10C1D8009FCBEC3E5722B449294EF65BAA269175AF
:10C1E8008AC051362B808CEFB23FA92C72EC8F930A
:10C1F800E2339E6DB6E66F9D61B4C663FB8E3E74F6
:10C20800D16F5951D3DACC69CB9C1D03CD18C7B473
:10C2180065D469167C494B14B36BA2B714FE1D5341
:10C2280020F028CFDA29A746443FC4F094D80DF36C
:10C238002686E9AC2DEE67D85472B60DA7BE4C0C15
:10C2480055E75318196DDB6C81D162FA2D75A59FDE
:10C25800BCCAB05545CEB051BE859A4F79F4C5A435
:10C26800AE9792C6398BD5287A1B695FC4DFD2C6D0
:10C27800321EA92D73CECA9E8E79B7438BD5A6C818
:10C288002EB4247B185445AC18A16484B66C3C9633
:10C2980064ACCD75513C9EA4973683ECDE6174275F
:10C2A800AA1651BD1EB4537C8CDD803A7F5D9E9FDB
:10C2B800D9A9DFEE917DE335A451DC7ACF8CC7098B
:10C2C800E3EA6649BFEC9930474EE2CD93657D3D80
:10C2D800DA98F445F883158C8EB378EE87D565F532
:10C2E800EBE468913D5F2F65ADCEC9A3EF80F6C83A
:10C2F800C05955DABCF5AC92C98333FC568C948985
:10C308008BA13D36CB7A4579817F6D57626F7BE192
:10C31800359B40D988233C3676C3B82E4614E0BCFA
:10C32800EC750C23D65625D76DBE994E31D2949410
:10C33800E8C3882EC5E8DDA2BD8AD3D12C77BBCF50
:10C34800ECA2249DAF618ABC199DD24677CEAD3749
:10C358009EE3F0DCA05F053F776BB5424037D01B0A
:10C36800D4CD3B97B8D10C34B37B1EA5244736FEF9
:10C37800EEEBE1E3EF2E0FCE7C4D3E8B8DFC3AD1F8
:10C38800B9FB8F115E02679F01FBD69E85029765F8
:10C39800519A6778552DD73AE38B3C44E249D9F650
:10C3A8004CCE22673EB2819D386EFDDC08CFA85A7C
:10C3B8002CFD4F56BF13934DA511EA99638509A724
:10C3C8000CA1634A5E9DD292B6C0AB771BE960AC04
:10C3D800102C25A2AD7A450F202F808A69F983FA9F
:10C3E800B43EF3ACE926799D35B31F869199C9E42B
:10C3F8002929EB29B2B7B8DE6C3ECF0E67F512EAF1
:10C40800415E8C752F914867DDF3B422D8098C04FE
:10C41800C96738E734AF17E48432CE3D6EE9478EFA
:10C42800192F7B7ECA9912FC44C926E3286BC3C81E
:10C438008EA54C5279A7FDD1394C8BC56801ADFA50
:10C44800E1D1AD690E5DF8F0383313F7C78C66FC9F
:10C45800AC891EEA5DA455032EFB704FF58965244F
:10C468004EDD6495744F3CB98EFC9FAD3A6BD8474E
:10C47800719E6964CD2FA5D28E62F7E98D86A8C01A
:10C488005893B1C6BEABED9C6FF0782F2D8D731A03
:10C49800D2AF655FC829349EF9830620E7E131A24F
:10C4A80061AB7A412618F6C77CBC311060E169DFC0
:10C4B800E863E8DD81C22A6631E6B07686A04EDA06
:10C4C80079C5732CD7641C0D95ADC17AC4EC624E46
:10C4D80035895E287A77680664F0CDDD5FDCD7841D
:10C4E8008238672126F2A34BA95D331FD89BEEB98A
:10C4F80087C7DA2EB93B86356D4EF20CB1B227BD2F
:10C50800578879F66BCDBA127999E4EC0863A76677
:10C518008CFCAC31651B49BBFBAE2748ED3EF79957
:10C52800594463622BD54DAFDCEEACC855B58E7C53
:10C53800D331F115A28FD66A786BCFB873AA99C791
:10C54800E5CEFB09F9926D32AF9DF5AB3FA10769C6
:10C55800F86EE653AE7F5A761BEA04666A833ACBD6
:10C56800A815EA11E534C798DEA6C89032FCF5177D
:10C5780016FDB1CBE52C324EFD06A8718AE0A6F86F
:10C588005CFBDD2315D6DD70D6B4A1A67AD97B6E07
:10C59800A5F7ACA3F9A04DEFF9463202E669E79793
:10C5A800F0882F92C7AE443EA1A7E0BE9FF2208E2E
:10C5B800A96A9B9D679A3B8737E88E59D3C01E3579
:10C5C800C487D0D3C1E243F2ADFA6C89F36A36B5B9
:10C5D800B12589B9FA23D8437BBD51BE26EFDBEDDF
:10C5E8004707E5D41431529ACFC1AAF66FEEA25389
:10C5F8000A985767CE01694527BE2277EA9569C12F
:10C6080096913A3168FECD3AA2B2B64EA79C4E5CDE
:10C6180093773C246663E4EF3751292D794E584BC4
:10C62800BCE254DB6888C170507EC597F5E5CFB190
:10C6380058CE78989796C56AC7CAABDF1C63CD1BDE
:10C648003BD5147C097220DD31FC8B799287E0B6EA
:10C65800F0BC8A73FFFC145ABD86E71810DD1C195C
:10C66800FB28A9394B7335B1A339AA44E91B625693
:10C678000A11304FFFE47C47D5C9050E8B13F6F835
:10C68800B7690C5EB14458B441F977CF0B7A2E7173
:10C69800435F4689306F66B8754B3F91E853B6BD26
:10C6A800EBB6BD06EAF979E220EBE347B295FDF770
:10C6B80039A1B378FEF0B178C4D67029716D85DDE3
:10C6C800BCC03DDD516B33F7A123F59299C2ECBB99
:10C6D800C03822D638EC8E6BF32ECC3E29BA4B5E8E
:10C6E800ED4BC46288176C09DEC7A40ECE08C86576
:10C6F80078AAAA11790CF5E228F2283586D88A3169
:10C70800881096AAE638B780962C4786475857CBA4
:10C71800D0F85AAAA653D5A3AD45E98846C4CD1387
:10C72800E95AA4CECAD26DEF7D1DC96B4DAC3E70DF
:10C738004BF99945719F425F8F197BD9577EF29DBE
:10C74800A5714E431A4664E6CD614F7C07CFBDAA5A
:10C758000028EA883E1EF7E5DD63AC2FB82E58297D
:10C76800F813DA306257FA0DB0F6D592910B3154BE
:10C778001AA70CD86A78CC9C274FC88D8903F22257
:10C788008AFEA2FB461138EBA861B7DEBA17733BE5
:10C7980034053522940FF78593EA152522EE9AACD5
:10C7A80000FF4F1601B6CEFBF4262578F0643E90C4
:10C7B800F6ACF5D890B153CF2A64637D983118BC94
:10C7C800AACE7467F59D90EEF334E429579E11487C
:10C7D800E75502869016032C93616047B0CC0D1E76
:10C7E80083596474019F2226ABB5485CD137F00C9D
:10C7F8003923E7C956D583C67BDC92F314B453ECCE
:10C808002DD7D96131594055BADCFB4458C45F4231
:10C81800BC8C5864B764B1F07DD9C907775EA92587
:10C82800A67F302C942CF7A41ABCD6D7B6DB88A7E1
:10C83800EA950599A7A25ABEF55AE4C1CF23E9594A
:10C848001F63670CA146E425CF29FA5679A43BCC8F
:10C85800F930936716CBEAD899D7039BDB63B72FD8
:10C86800BA6346792DF812AB36414E8B313BB9216C
:10C87800AB28B1CA6A3CBFB293A9542D41ADC9DAFD
:10C888003F6F3CCF8A7E4159A1987D21F643A72569
:10C89800C53334798BF1BA6ADD8351890A46FCFCC9
:10C8A800D14167ECC3E0715F6BB945DFE340945E4B
:10C8B8000789D5F4ECBF7B8AB476EB66B5A0BCCF0C
:10C8C80074C45ECF6A6446B1DBF24FF021C654DC13
:10C8D800F9CBE59125625CBBF1076BF7E7C6591AFE
:10C8E800EFB4808F60F6C398BAECC5994384E770BB
:10C8F800D6E408D2D12E4CD68F9DB569D5B85FB78E
:10C90800CA5FF83BD4CBCF87C7F4ACBFFB4AD3523E
:10C91800621E0D6389980E07CDD109DE9A45CB15A5
:10C928008F19C0B46E9C0FACAE29E617C1F9C0BE12
:10C93800E4CFF2845746DB65D5C773CF623857DB3F
:10C94800A8EE70EB39F48DA4E31909D3718FCCAD3F
:10C958001E1816C07932CB4FB5E3F0FD4EDBBE444E
:10C96800228A172C1AF2EA0D75B1C14E01550D73C2
:10C97800FA981C651C578F10A7D72B72EFA63B4758
:10C98800E9986C57CD4AB27965B5BEFE79797634A7
:10C9980018BD13EE51CCB22839DAE8E3D4449DF03F
:10C9A800E481808329D1F9EA94459C451479932B35
:10C9B800A9FB92B11E57184C143A0B8CF9B3D51534
:10C9C80073CBCF67B5F89BDE99C629737866BA3200
:10C9D8008A0B4E164726E7B50D375ADD437A991369
:10C9E800585E5A1E96A7361F415D24AB95FDC76356
:10C9F800E3781D51D1EB230782D8BDB75891392C64
:10CA08007CAFCC9FB4A390333B13144131934DDDDD
:10CA180080D7BC9ADF953D1E42565A674618F413D4
:10CA280031B94FF397CB3C21BD37A7199613ED18B1
:10CA380053E251E35E7DEE426392C896C5FD3B3CEE
:10CA480019ED91F10C9BA8D5E9BCC6DAA668100FC0
:10CA5800B32383BD9D64A6C9C62F5A9E3E0689FC92
:10CA680025DA714122ADBAC61035B00BF9A431FBF5
:10CA78006FFBFC50F17B6359ABC6A766B0AE925111
:10CA88003CFC8BB356B0C6478CFD184D558613A099
:10CA9800333573F58B98B2A0958DF96737F7703EEB
:10CAA80037A70C691ED7FDDBBFFA84D250F4A1A8C2
:10CAB800458837A60DA96BC7EAAEC7229ED8883F1E
:10CAC800672EAF9B2AB85BEB5548AA3A1CC9FE9261
:10CAD800E56595A2474C134B6F3A6E53E693E3C74F
:10CAE800BF501AE77DC8546D4B89B42693C6BC5411
:10CAF800B6B7164F58BCCEFEB455F58852C99F320A
:10CB0800FBF6F688AC8AD7D579C6A376B9B57E4A3E
:10CB1800306AB288AEDF9E0567283FCDD822B2B40E
:10CB2800C45D9C13AEB3E035A30E73A0CAF3EE77D1
:10CB3800A72F890DBB3EFBE51EEA37073F8D225F15
:10CB4800DFA66564B7936B6ABDD7D1B4C11F810EE8
:10CB580067B474EABCA3D7CE1916B35C8AAA41722B
:10CB680054625341D3773DF7FC2534C4F684734BA4
:10CB7800B040D8CFFD09FB126AAF6334943BA78D50
:10CB88004A8783C58195E7D895D5E2DF5BA6FD8402
:10CB9800B152CD6A6D20E17C25D73E899C05565B54
:10CBA8003525815C2119CE850F66917301E5D1C9C0
:10CBB800C0C774B4F0429A23C71311EE3DE83D97FD
:10CBC80087FA6463D646F1839DFBEAD6AB399A951A
:10CBD8002213EA4F75AA7E1CF3FBDE51DEA18AF40C
:10CBE80071E3FD89C9CF8B7A05D2B84422C4D90D27
:10CBF80090C431F385E988CC216D58E371BC67A4F2
:10CC0800CC6FC07E5944C28A35AB5F2467D29FD8A7
:10CC1800F41963AD4CDFC8586DCAF58F0A927232A9
:10CC28007BF02131A98152E223F41A31BDAE9C5523
:10CC380006668532A14486A7C0AFAD5799B202BD3A
:10CC48005DD1C644F549526D30F587152AC6E19A7B
:10CC58002D3B2533D9AE88035875C0AA7B5471BDC6
:10CC680022695C4059CC4AC29B33475BFB4E371B59
:10CC7800B624224916BB26CF25E6E72CE8C12D7E2F
:10CC880039EEE62E47AB13EA36D9032D5A3F15AADB
:10CC98003E6C8FAAE5B5FBD2024D12DE9D991FD1DD
:10CCA80084FEE9B48B604D64D1A841CA47456D83C1
:10CCB8007817F6A6731D7BEBF230A475D64D15ECEC
:10CCC800AA48A4456D7C7A07B977D6D20F5E3B0A8D
:10CCD800CE8ADDAFD5AA9F3AFD8C717815B6EA12D7
:10CCE80089A4BBC3465C6052C7EDDAAAAE2CDE6EDF
:10CCF800A69924E4202B4ECA5A91E7B558E48479C2
:10CD08001943C34BDED77B757C6B1541D5214E1378
:10CD180089C9BA519140DC24FE503E5E0CA26C5386
:10CD2800B0EE92D96E541F114DE4E191596AD4B511
:10CD3800EDA895B2E117E30FE21845F38D55F9C355
:10CD48008BB4F9B9B57737D456ED07EFD1F959DF78
:10CD5800C68475AF4C1AE73464F8BFF45BDC2DC9A0
:10CD68004FF5C5BEA82CD761F5950B47F38E7F51BB
:10CD7800B56A1CD01159AFCA7879583866516AB764
:10CD88007D26ADF97FBA4F9CA4558C5E66CDBB2A33
:10CD98007BCFB5EFC9A804DB1B9A50D6A3A8173AD6
:10CDA8007C3B5FFDBD59E7990A62295A1D674FB65A
:10CDB80053AC87092D8646946718A6CAB7964CBA0D
:10CDC800D758F5DBE47552593A67D5CB9F3EFF3DFE
:10CDD80024D26DEA6564E689F8BA911523ADD7F5D2
:10CDE800B5DE49DE598D9071B7867B5167E318EB44
:10CDF80028DB3BEF05A935510BF1E006B895F56E38
:10CE08005CF988304A4637585BCA001C6219896841
:10CE18000A53C8AF9C4C16968FF6ECBDBD1B9F7984
:10CE2800566C45A462F57FAC67D8F63645C010D677
:10CE38009AB970D36AABD763E4D23A4FDD5B45A2A7
:10CE48004555CEC3F4E74F19FCCBA5714E1EF567C7
:10CE5800EDC8692A69743E2BE3924E3D6686B71D7C
:10CE6800C5DA2EA3CDCAFBCCB85F8FE597AC266791
:10CE7800EEC9BA9696B45CEFCF809AB49E2532621A
:10CE88000D09D74F337FE9BDF1BBAC96B21FE54919
:10CE980063D2314DC652945EE6193F3A6839DF6471
:10CEA800242EF12A46D53A58D638EFAF63788BACA2
:10CEB800CF2715BC26F8FA1365E8EAA5F6A8E11706
:10CEC80063E081C4EACF5EB93CCEDBAC43ACEE5440
:10CED800FFBF4D9E31244AEF2D435B5B06103E9FFA
:10CEE800F92972C3D08B6972DF31B133731FE0281F
:10CEF800FB759CE2CD6A92986B55DA1CCEEF898C53
:10CF080094BC0BA4C8EF8A06A91BC1649519DF98C5
:10CF1800AAC1FCFBBB9F25C3789C98E23CC3AAF23C
:10CF280053407B9ED6B16C9D55A487ECBC2B38A989
:10CF38003F041D7B23F38359BEC81C1CFE00D2B8D6
:10CF48002891A7AAE7E9BDB7841934DBF19E4B6C99
:10CF5800AD1B89F5A3B4C676369D718660169A25F1
:10CF6800D960EA1435E586AD17581245DD91199454
:10CF7800DD526E0A8FC2465162949A7015597655E1
:10CF88009C4486306C955E85D88C52B11AC4C769AA
:10CF98008E3C40B354ECAB3A145D5DEB139792337F
:10CFA800BED4A5CEF3BF86CBACA2C82A389FFE401C
:10CFB800D238270F43BE73D5C3585666557BEF51F9
:10CFC8003234ECD1A99FD18D5A68A28F9A55A64BBD
:10CFD800E6333BCFB9311BF47EA235F97FFF37CF5B
:10CFE800C6A146FCE2BED8AB9088BC35A752C74F55
:10CFF800C24DBA37106F48346247E907ADDE87FB88
:10D0080037679DF51B254D2CF04E2D7A76B0BE69FD
:10D018006CDD160C1E275A0CEC8C1BB9AC8EF32C4D
:10D028002CD77C7ED55EA13CCE4722FBCD84417AAD
:10D038009B4BCBBEA06413DFA83D66A1969D7B9356
:10D04800C4A9FC8BC1FA453A8F636877CD8B3E95AE
:10D058001D8A2C6059D5C3D564A4217690B856F1A1
:10D06800BBA272CEE42DB352587F9D1AADBFA25613
:10D07800FDFDA79A9685E7D523B06BF6788676CD21
:10D0880093702ADB281681689856407AA3C95FE412
:10D09800A59357C9E6BFDFFF01A5714122BD658F82
:10D0A80093F71D771B72B6AED9B6B7ACB7DBB08AAB
:10D0B80058DD7615B5EF6E0DDCBA75E3AF0F629EDD
:10D0C800157DB826B26B8212D156202CF158584BD8
:10D0D800AE6A4C7FA5EFA7E50A7E4BB23ECF6CA99E
:10D0E800F201F5BDB5796AE872330AB536DE039305
:10D0F800DC1A75564550AD92B378A8ACAAFD2C57EA
:10D10800E316A12FDFB5AAE72F97C853464ED5D40B
:10D1180011C28803FBA6F68A9E9A0CE714ABB7D611
:10D12800496F52324D079F6B9AB68C5C46D48F88F4
:10D13800858A735C1477D06B47542766B75C77BED3
:10D148004E9CB61233F68377C1779E6D40CBF5C7F8
:10D15800BBCC61666F8E7AD013A0F2CE6706E7D596
:10D16800B7AE8E1C3779FD137B8EA013B54FDEE466
:10D178002ECB7EE887F31CCF9507385FDAC9D66BCC
:10D1880061989DB24CF94A882A59A4542D1AEFFB8C
:10D19800601E8B511726643166FC70CADA456EA989
:10D1A800EC28D09C5059FF90847CB5B8DDA89BD35F
:10D1B8002A47153CFF4774A3FB3883F1EB3B31F357
:10D1C8002F6D93F7B227EB1FB25CEE48EFD17B5679
:10D1D8005CBEC37CF85A160A3158F25EAE1FD4738F
:10D1E8007C8B4494CB0422645F66524697F5167391
:10D1F800C64ACA42B5D67550DB24F866C5EA856AC0
:10D2080079F553F9ECE09EA2B26777826B548046B9
:10D21800DD49D4F3C47CCB98C0A4A87DAA729FBC76
:10D22800BAA27765BD303DF6F7FBC692C3C2BAFF16
:10D23800365FEEDDB9A6F79CA936323790FC1CF6AE
:10D24800C6F2A6C45C3F9A342E48A49E75A3EC2669
:10D25800A461A8DDEB18AC26E6C47251BEE3D83F42
:10D26800D8789D4AE768B1DF863EF0DC61AD5EB0F4
:10D278001D2503A5E70279491688223535312A7F0D
:10D28800E843146310A149D74AED0343A3DC56F6DB
:10D29800EA2BB269CC0BD86FA7F58A3C6E2A7DB60B
:10D2A800FCB66B7DB2BAC06C19663FA2342E688892
:10D2B8007589F8E41EE62AF1A9EA55E793E51A4DBF
:10D2C8006072B68EAC9D65FA3DAAFAF7E9143DF98D
:10D2D80057E09D8836CA5382E41922835EF2278C70
:10D2E800B7397934CEE852BE3DF06DF88F32DA574F
:10D2F800A472F593E41D2F69CD5CE7E0DD2140B40D
:10D308009AE24164D5D0938FAC1D82969CE30E7F40
:10D3180078795C94C84363721669AAC7673F476304
:10D3280027938A9F27A66ABDAB197BCFACAD9DB664
:10D3380059221DEDFFB02DE2DC4B6F4C6C2C9B1F6E
:10D34800D95CAD77D4C645263D2A21981BA4950AF9
:10D35800B4259EE5C19D765426A7B62A43E870EB0E
:10D3680033D7A307BAB34E79AB45D938BBBB6CBE2C
:10D37800FCD1A57189449A45CBE9F78E4468935846
:10D38800639A3CC34C7F427DE98DAFE2758547A621
:10D398006628D60BE6AFACBE8A9DCD138E222B2510
:10D3A800CFC34842A7B4ABCE87AF22563ECE178A2A
:10D3B8002A60BD2BF4EBFD59653563F54A8C83B1C2
:10D3C80086DEC1459FCD78AAF169719DC9A57DF812
:10D3D8009348E31289D48F862DF75437CD74B12A38
:10D3E800779F0054F94419EF32DDF8A38B6E13517F
:10D3F80045F807EDF492FFA3BCC29F33260FB6B1E0
:10D40800E4D723F711A7B494DDD1FB9F95F7C93270
:10D418000662CBF2FB92FB49163859DF3D225ECEFD
:10D42800586146CDAA47BCEF6638AE1EFD64D2B837
:10D438004422CD82988FB12027329043210B67B6C2
:10D448006A4D7EBE61D7F9BA5EA0AA2722F23811CA
:10D458005A138E15F9E94C9538BD40EB18DCA23209
:10D468001FC14B4536E4FC0CE5F8C7D3C5E8E5F524
:10D47800179088EF789FE2D47AF79CF7B14D1304A0
:10D488008CEF359EAE3FFE49A5718944D283E4DA1C
:10D498009BD69ACF562D5557A64918AA503286F1D1
:10D4A800CF11F9E90CC7D8B5BB357061AF74925785
:10D4B800799A9ED654B17A99372FEBE8E4B3A3EB67
:10D4C8002D34336A1EF0D83F1C741B4AC332B7EBA5
:10D4D8006AA9CC6067790E63864E9A436471F2F547
:10D4E800FE7496EA5B24D27C96A60E55EFD1A495DD
:10D4F8005DF5D31CDFD62786643DD94646E8BC14C3
:10D50800A273F3A29D97570F365779C288FDE89901
:10D5180083558F735C14FD07FB45BE3DB2BA445C6E
:10D52800F76F2377A63C4D832A1E9F84DC723EED5D
:10D53800C6FB585135F7DF5F0B695C2291F620F97D
:10D548001437CB0D4E75E396096126943376324E27
:10D55800BF9ACA0C6CC952055A8A28BDACEC29A5D9
:10D56800A2CAC5D0349D5219270646DC42AD88AE02
:10D57800366819EE254656EF3A5FF9C33D54FC3933
:10D5880003B4468E1632B0F911EC78463D227CC8B9
:10D59800C16B238D4B24C2F36FBB4D74B519CEF507
:10D5A800CC0EB95CF329EB7F39F8E8407C37CFA380
:10D5B8008EF58EDE8DC88797F2883AB9326EA1173C
:10D5C80050E6840C579CAC19B31C4A0D89B3A98545
:10D5D800BE88CD3E00BBC8C8DBF297B54FF7ECBCA0
:10D5E8009E1D6C4A77B1AEEAA796C6A512C12C9DBE
:10D5F8006AC95C93B8A0DA26C689E7EA1F236FD800
:10D60800AED96F13677528031EF90ED58DA83EA7EE
:10D618008CDD656F229A14BE5556832BAF785C9AC1
:10D62800185D54F1B7CC6F71C2C307FBBFDF6F6DD4
:10D63800F2E3F0B8F6BEB076D45EF20E15F8F9ED66
:10D648006B280DDC2EEA8877ACB7D40D9B7362711A
:10D6580015A31358DD23548C02F35E4DDCF99ADAD6
:10D668005366915887C8BC6DB083F2CEBC372AA9DF
:10D6780002FB526E9AE420AE92BCA3EC1B6B4A23C9
:10D688008FA2791BBFDF1FE664AA5B9B7B4EBEC7D8
:10D6980033B38E465A76AEBD9ED2C0EDC2271B3E2E
:10D6A8004E132E31EE70C53A53E3A5AD0E2BC78449
:10D6B80047E8A5023ABEF7E0FDD9ADC99F87B79004
:10D6C8002791E50282428F39FBA1022F85A789EFB6
:10D6D800E2AFA2AE817E5F550FAAA34386987BE096
:10D6E8003F7DF2C7BBCD3A61DEE01C7EBAF6CF5C67
:10D6F800AF9A9572B6AC34C9BEE3CE6B2C0DDC2E56
:10D708007EBA843CB45928E277CE8631AF88DC7F74
:10D718007B488EB1F5C9A5F71E5C491F1DB03F2D8A
:10D72800F0698977A36E41114A20AAB059C24DC148
:10D738002ACAA3A82347F5EFE0C9703FA4FB9BBD05
:10D748005B5F5A65DF8924C10C13AB2EDA91353043
:10D75800AC99B990DD78FDA481DB259FB1B12A3160
:10D768007A13AB2359567E321BFB6F590794D69C0C
:10D778004A069B5D76425D9C70C55DAFDAF5521B2B
:10D7880022F711FA212DA22FA18F1742D6FD90C69C
:10D798006FF71E1F5937CB89323864DCCD471C938D
:10D7A8007720B66D2C73F0B390066E977CCEFA5145
:10D7B8005A31BFD9AFD1C7C65DC6AA5FE806568140
:10D7C80055F09E29C9FAF3EB2FDE4F1F38CE154AC4
:10D7D8000AF453C67BBA57795CC5E9EA5223972500
:10D7E800B4C52F583CA061DCF3FEEC9D4FD3867383
:10D7F800ED68510D4B199A526515E74C9847C104CD
:10D808009D8B71F8EB2A0DDE2ED312304047C33CB6
:10D818001DA523D4ED92A34EACB15E70B699D7CFB7
:10D82800B10A68DE3EECE6FFF0D5D584384DF53C0C
:10D83800D1311BAC541975C73C9932E31BB1A17A9D
:10D8480048985BFF70EFA3034E6061BE3C7162E0D5
:10D8580049E3138A9443432D2EB845CEFAFD99C95E
:10D8680082B7CB3CC9434E6DE88ED3616BF372AD82
:10D878007BED0FD6EBF63F81671AAF8C355C73886A
:10D88800E77AC5C3C3FFFCC9EF0FDEBAAF5CABECE8
:10D89800566032659DC23344479AF443E7B523E2A4
:10D8A800F96DF614F5A8D808B5C4F93D8F5B9B1E31
:10D8B80055591E003DF4AC7C6166BCB219B5DD4516
:10D8C8004EE4E7200DDE2EF9E4ED5D9BAFB84C4742
:10D8D800EDA1A1483BA7A23BAE1FD40FF277EB07FF
:10D8E800E11C14C49336D3C127D1610604E6C9FEEE
:10D8F8003F9FFC7BDED78CBC23F341FCAACE1B5494
:10D90800D385ADE2635FDFF99783FF7AFB31B8A671
:10D91800C36AC13EBACACFEE6B7C8E81CDA6353DB7
:10D9280001B63216E4315121FAED86FFF633960539
:10D938006F977DFE9436364BD9CF6B6838D1F20895
:10D948007AC3F9029DCF08220E5685405EBB23D6C6
:10D95800BFC3B2A32267387CFCDF6607BF9C5D4B60
:10D96800FFDF9D7F341DC099EFB31CF1DFBFFDDEE3
:10D97800DE87FBEFA4DFECBD3BFBE39DEEABFC1EBB
:10D988005BD611738A33E6BDD31B302763AF68D3E8
:10D9980003F3677A68D517C78802F3DFF5B575C84A
:10D9A8005FE8DEF8394A03B74BAFA2DD6FD6CCBFCC
:10D9B80059472E91EF51F3005A6315B098C80FFEDE
:10D9C8007A8ED90FE8FA5465A9F5EA7256E3616FC1
:10D9D80016AEF2BEDD6E333C6DD7395A5E757606EB
:10D9E80036E3B87A3A334C1932F639003F6046705C
:10D9F8003B72AE416D9370D0E785C77A58A663DB5A
:10DA080031B0ACDB0B556D3F5769F076E9B57477EB
:10DA18003965D1AB96ADD3306BC783F60858BF9B39
:10DA280067EF01C4B3C49C6BAC1CFC0B227AC3CC5B
:10DA3800C869DB6379D50EDB43E891334B7366F233
:10DA4800589D4ABE1FB2653D4B63F9189B2461A7D8
:10DA58001C7447CCE2B343384BF9C81E4597A97AE2
:10DA6800248F2EC985FF9C65C1DBE557943A43FC9A
:10DA78003657FCC4BAD731C5C1A7037573A24CEB9E
:10DA8800623FE9E73C270CF5FE16D58FA8922712CE
:10DA9800828D53DD73EB2795345E89905C4B6CEA7D
:10DAA80000A7A81CB1ABC9EA260FF1EEEAA3C32769
:10DAB800C0393F7A872CEDA3E77DF29F7A415FC199
:10DAC800ED79579634E904E74D99BE183F617668B9
:10DAD800D4EC264E0D421715663462D203E77470F3
:10DAE800D200BCBD21244D4B41B7D5216BC1305F5D
:10DAF800CCF7BFC5DAC012D801D6477A0CE44DA9D5
:10DB08005B8DF7A17572D93489E77FDE9F7A215F33
:10DB1800E1EDB9D7C86934B64EF3EED863F925BD3F
:10DB28007DBEFF8493CC1A8B51D86581DF312545A2
:10DB3800736CACC3E4013112D100E76DA106DF3983
:10DB4800E579E733A930ED06E72AB89DF48E5FEA58
:10DB58008E7998BF0559E8F6DC6B4D77338A597290
:10DB68003A53B273106039384F96D260E52F983E19
:10DB78008BE84F38D38935C2587FABCD7958737A43
:10DB8800E34A3D80C468AADFE10C023BDB7845BD6F
:10DB980063AF50C6774769FE5C6FF1D7290BDE9EED
:10DBA8007FC509678E645F7E523FACD8D776C25373
:10DBB8002D6A9FD3C8A8A05D712EA0457266856C9A
:10DBC8002AC1DCA473D4F7D03493EA9A9175D69419
:10DBD800B15DA372BB3932DED6664898A522E23E13
:10DBE8008187FAF6CFF5532FDA0F7CFBF66B4F9C43
:10DBF800B788698A36D56CC5BEC3ECB58F1A635D24
:10DC08006869A02164F87C4E8D4D1D703C70DC7BEA
:10DC1800C46F76EE31FBACFBBEB73950EC782016FA
:10DC2800B8A446E76F4B16BABD6815F257FB55ED19
:10DC38001988CA4ED16164CD7DDDE698CD226C305D
:10DC4800E1738B18A02327F41CEE99979ABA659371
:10DC58003D163C91CF724DEBF6AB97F9043FF52298
:10DC6800FDE8B79758937AD63EE836F4DBD01AD851
:10DC7800A26E4D1D41F4D89A363587DD1C9E9A5AFE
:10DC8800C16E2CF62CAA2F08798D76931E5CA87687
:10DC98007E2389DDDBCBAC8E7D357BED97593B90C0
:10DCA800B55E18C362F5E7E90816AA7E68D1A1E750
:10DCB8002AF485AE9A84C90B5F562F2785BF7559FC
:10DCC800E8F6F26BB5239FEE6EFB6577D81FDBE4B1
:10DCD800B9233B91EAB03FAA3FEFBA7AEFFBBDE622
:10DCE8004FBD10AFD5EDFBADE0ABFA7A737BDEED3F
:10DCF8008D1C5EC7DB1B49BCAEB73752785D6F6FB2
:10DD0800A4F0BADFDEACFE9BDB0F7AFBFF01E83A3A
:10DD1800466E0000D8399D270054EA2A00A4781FCF
:10DD2800007B9A17A2000000F9A2000083F9A20064
:10DD38006E83F9A24E6E83F9444E6E8315444E6E7F
:10DD48002915444EFC29154427FC29155727FC2979
:10DD5800D15727FCF5D1572734F5D157DD34F5D104
:10DD6800C0DD34F5DBC0DD3462DBC0DD9562DBC0CD
:10DD7800999562DB3C999562433C999590433C990F
:10DD88004190433C002020202020202020202828CB
:10DD98002828282020202020202020202020202063
:10DDA80020202020208810101010101010101010A3
:10DDB80010101010100404040404040404040410D3
:10DDC8001010101010104141414141410101010161
:10DDD800010101010101010101010101010101012B
:10DDE8001010101010104242424242420202020237
:10DDF80002020202020202020202020202020202FB
:10DE080010101010200000000000000000000000AA
:10DE180000000000000000000000000000000000FA
:10DE280000000000000000000000000000000000EA
:10DE380000000000000000000000000000000000DA
:10DE480000000000000000000000000000000000CA
:10DE580000000000000000000000000000000000BA
:10DE680000000000000000000000000000000000AA
:10DE7800000000000000000000000000000000009A
:10DE8800000000000000000020202020202020208A
:10DE9800202020202020202020202020202020207A
:10DEA800202020202020202000000042C8801F4081
:10DEB800B8821F400800000000000042C4801F40D4
:10DEC800B4821F400400000000C0004224801F40AC
:10DED80014821F401000000000C0004228801F402C
:10DEE80018821F402000000000C000422C801F4004
:10DEF8001C821F404000000000C0004234801F40C8
:10DF080024821F40000100000040004264811F403D
:10DF180054831F40000400000040004280811F40DD
:10DF280070831F4000000200004000427C811F40B7
:10DF38006C831F40000001000040004268811F40C0
:10DF480058831F4000080000004000423C811F40E9
:10DF58002C831F40010000000040004244811F4004
:10DF680034831F40040000000040004240811F40ED
:10DF780030831F40020000000040004248811F40DB
:10DF880038831F40080000000000004204811F4041
:10DF9800F4821F40000004000000004208811F4076
:10DFA800F8821F40000008000000004218811F404E
:10DFB80008831F40000080000000004214811F40B9
:10DFC80004831F40000040000000004200811F4001
:10DFD800F0821F400000020000000042FC801F4049
:10DFE800EC821F40000001000000004224811F4015
:10DFF80014831F40000000040000004228811F40D5
:10E0080018831F4000000008000000421C811F40C8
:10E018000C831F40000000010000004220811F40C7
:10E0280010831F400000000200000042EC801F40E7
:10E03800DC821F400010000000000042F0801F40FA
:10E04800E0821F40002000000000004234811F4091
:10E0580024831F40000000400000004238811F4018
:10E0680028831F40000000800080004294801F40E9
:10E0780084821F400000040000C0004290801F40BE
:10E0880080821F400000008000800042A8801F405E
:10E0980098821F400000800000800042A4801F403A
:10E0A80094821F4000004000004000426C811F40E5
:10E0B8005C831F400010000000C0004230801F40F9
:10E0C80020821F408000000000400042B0811F40B5
:10E0D800A0831F400000002000400042AC811F4088
:10E0E8009C831F40000000100040004284811F40B4
:10E0F80074831F40000004000040004288811F40D4
:10E1080078831F4000000800000000422C811F4057
:10E118001C831F40000000100000004230811F4097
:10E1280020831F4000000020000000420C811F4097
:10E13800FC821F40000010000000004210811F40B8
:10E1480000831F400000200000800042C8811F405B
:10E15800B8831F400080000000800042C4811F4037
:10E16800B4831F400040000000800042C0811F406F
:10E17800B0831F400020000000800042BC811F4087
:10E18800AC831F400010000000800042D0811F4077
:10E19800C0831F400000020000800042CC811F4065
:10E1A800BC831F400000010000C0004274801F4073
:10E1B80064821F400000000100C0004280801F40B0
:10E1C80070821F400000000800C0004284801F4089
:10E1D80074821F400000001000C000426C801F4085
:10E1E8005C821F400000400000C000427C801F404D
:10E1F8006C821F400000000400C0004278801F406D
:10E2080068821F400000000200C0004288801F4052
:10E2180078821F400000002005000000190000005F
:10E228007D00000007080C0B06050F000D0E01020B
:10E23800838407080C0B06050F000D0E010283846A
:10E24800FFFFFFFFFFFFFFFFFFFF8182090A0000BA
:10E2580000010000AC8C0020120000000006000045
:10E2680020EC00600A00000000020000BCEB006027
:10E27800620000000007000058EB00606200000028
:10E28800EE030000F08C002012000000000004EEF5
:10E29800C88C0020280000000003000054EB006038
:10E2A80000000000010309043CEB006000000000CE
:10E2B8000203090424EB00600000000003030904C2
:10E2C800008E002000000000000000000000000098
:10E2D80000000000303030303030303030303030F6
:10E2E8003030303030303030303030303030303026
:10E2F8003030303000000000000000000000000056
:10E308009881002098810020A0810020A081002011
:10E31800A8810020A8810020B0810020B0810020C1
:10E32800B8810020B8810020C0810020C081002071
:10E33800C8810020C8810020D0810020D081002021
:10E34800D8810020D8810020E0810020E0810020D1
:10E35800E8810020E8810020F0810020F081002081
:10E36800F8810020F881002000820020008200202F
:10E3780008820020088200201082002010820020DD
:10E38800188200201882002020820020208200208D
:10E39800288200202882002030820020308200203D
:10E3A80038820020388200204082002040820020ED
:10E3B800488200204882002050820020508200209D
:10E3C800588200205882002060820020608200204D
:10E3D80068820020688200207082002070820020FD
:10E3E80078820020788200208082002080820020AD
:10E3F800888200208882002090820020908200205D
:10E408009882002098820020A0820020A08200200C
:10E41800A8820020A8820020B0820020B0820020BC
:10E42800B8820020B8820020C0820020C08200206C
:10E43800C8820020C8820020D0820020D08200201C
:10E44800D8820020D8820020E0820020E0820020CC
:10E45800E8820020E8820020F0820020F08200207C
:10E46800F8820020F882002000830020008300202A
:10E4780008830020088300201083002010830020D8
:10E488001883002018830020208300202083002088
:10E498002883002028830020308300203083002038
:10E4A80038830020388300204083002040830020E8
:10E4B8004883002048830020508300205083002098
:10E4C8005883002058830020608300206083002048
:10E4D80068830020688300207083002070830020F8
:10E4E80078830020788300208083002080830020A8
:10E4F8008883002088830020908300209083002058
:10E508009883002098830020A0830020A083002007
:10E51800A8830020A8830020B0830020B0830020B7
:10E52800B8830020B8830020C0830020C083002067
:10E53800C8830020C8830020D0830020D083002017
:10E54800D8830020D8830020E0830020E0830020C7
:10E55800E8830020E8830020F0830020F083002077
:10E56800F8830020F8830020008400200084002025
:10E5780008840020088400201084002010840020D3
:10E588001884002018840020208400202084002083
:10E598002884002028840020308400203084002033
:10E5A80038840020388400204084002040840020E3
:10E5B8004884002048840020508400205084002093
:10E5C8005884002058840020608400206084002043
:10E5D80068840020688400207084002070840020F3
:10E5E80078840020788400208084002080840020A3
:10E5F8008884002088840020908400209084002053
:10E608009884002098840020A0840020A084002002
:10E61800A8840020A8840020B0840020B0840020B2
:10E62800B8840020B8840020C0840020C084002062
:10E63800C8840020C8840020D0840020D084002012
:10E64800D8840020D8840020E0840020E0840020C2
:10E65800E8840020E8840020F0840020F084002072
:10E66800F8840020F8840020008500200085002020
:10E6780008850020088500201085002010850020CE
:10E68800188500201885002020850020208500207E
:10E69800288500202885002030850020308500202E
:10E6A80038850020388500204085002040850020DE
:10E6B800488500204885002050850020508500208E
:10E6C800588500205885002060850020608500203E
:10E6D80068850020688500207085002070850020EE
:10E6E800788500207885002080850020808500209E
:10E6F800888500208885002090850020908500204E
:10E708000000000084C10020ECC1002054C2002099
:10E7180000000000000000000000000000000000F1
:10E7280000000000000000000000000000000000E1
:10E7380000000000000000000000000000000000D1
:10E7480000000000000000000000000000000000C1
:10E7580000000000000000000000000000000000B1
:10E7680000000000000000000000000000000000A1
:10E778000000000000000000000000000000000091
:10E788000000000000000000000000000000000081
:10E798000000000000000000010000000000000070
:10E7A8000E33CDAB34126DE6ECDE05000B00000035
:10E7B8000000000000000000000000000000000051
:10E7C8000000000000000000000000000000000041
:10E7D8000000000000000000000000000000000031
:10E7E8000000000000000000000000000000000021
:10E7F8000000000000000000000000000000000011
:10E808000000000000000000000000000000000000
:10E8180000000000000000000000000000000000F0
:10E8280000000000000000000000000000000000E0
:10E8380000000000000000000000000000000000D0
:10E8480000000000000000000000000000000000C0
:10E8580000000000000000000000000000000000B0
:10E8680000000000000000000000000000000000A0
:10E878000000000000000000000000000000000090
:10E888000000000000000000000000000000000080
:10E898000000000000000000000000000000000070
:10E8A8000000000000000000000000000000000060
:10E8B8000000000000000000000000000000000050
:10E8C8000000000000000000000000000000000040
:10E8D8000000000000000000000000000000000030
:10E8E8000000000000000000000000000000000020
:10E8F8000000000000000000000000000000000010
:10E908000000000000000000E80300000000000014
:10E9180000000000000000000000000000000000EF
:10E9280000000000000000000000000000000000DF
:10E9380000000000000000000000000000000000CF
:10E948000000000000000000E803000000000000D4
:10E9580000000000000000000000000000000000AF
:10E96800000000000000000000000000000000009F
:10E97800000000000000000000000000000000008F
:10E988000000000000000000E80300000000000094
:10E99800000000000000000000000000000000006F
:10E9A800000000000000000000000000000000005F
:10E9B800000000000000000000000000000000004F
:10E9C8000000000000000000E80300000000000054
:10E9D800000000000000000000000000000000002F
:10E9E800000000000000000000000000000000001F
:10E9F800000000000000000000000000000000000F
:10EA08000000000000000000E80300000000000013
:10EA180000000000000000000000000000000000EE
:10EA280000000000000000000000000000000000DE
:10EA380000000000000000000000000000000000CE
:10EA48000029DE07007B9A1700003A40B4EA00600C
:10EA580000000000000000000000000000000000AE
:10EA6800000000000000000000000000000000009E
:10EA7800000000000000000000000000000000008E
:10EA8800000000000000000000000000000000007E
:10EA9800000000000000000000C0394044EA0060A7
:10EAA800000000000000000000000000000000005E
:10EAB800000000000000000000000000000000004E
:10EAC800000000000000000000000000000000003E
:10EAD800000000000000000000000000000000002E
:10EAE8000000000000000000881F00200000000057
:10EAF800E803000000000000FFFFFFFF2C010000FA
:10EB0800FFFFFFFF00000000E80300000000003FD7
:10EB180000000000000000000000000000000000ED
:10EB2800FFFFFFFF010000000C1F00200000000095
:10EB380000000000000000000000000000000000CD
:10EB48000000000000000000FFFFFFFF44C100209C
:10EB5800803020200000000043000000000000007A
:10EB6800000000000000000000000000000000009D
:10EB7800000000000000000043000000000000004A
:10EB8800000000000000000000000000000000007D
:10EB9800000000000000000043000000000000002A
:10EBA800000000000000000000000000000000005D
:10EBB800000000000000000043000000000000000A
:10EBC800000000000000000000000000000000003D
:10EBD80000000000000000004300000000000000EA
:10EBE800000000000000000000000000000000001D
:10EBF80000000000000000004300000000000000CA
:10EC080000000000000000000000000000000000FC
:10EC180000000000000000004300000000000000A9
:10EC280000000000000000000000000000000000DC
:10EC38000000000000000000430000000000000089
:10EC480000000000000000000000000000000000BC
:10EC580000000000000000000000000000000000AC
:10EC6800000000000000000000000000000000009C
:10EC7800000000000000000000000000000000008C
:10EC8800000000000000000000000000000000007C
:10EC9800000000000000000000000000000000006C
:10ECA800000000000000000000000000000000005C
:10ECB800000000000000000000000000000000004C
:10ECC800000000000000000000000000000000003C
:10ECD800000000000000000000000000000000002C
:10ECE800000000000000000000000000000000001C
:10ECF800000000000000000000000000000000000C
:10ED080000000000000000000000000000000000FB
:10ED180000000000000000000000000000000000EB
:10ED2800F5260200E11E020000000000247C0020FD
:10ED38008C0F00204417002044170020441700209F
:10ED480044170020441700204417002044170020CF
:10ED58004417002044170020FFFFFFFFFFFFFFFFBD
:10ED6800FFFFFFFFFFFF0000010041534349490037
:10ED7800000000000000000000000000000000008B
:10ED88000000000000000000000041534349490012
:10ED9800000000000000000000000000000000006B
:10EDA800000000000000000000000000FFFFFFFF5F
:10EDB80000000200000000000300000084C10020E1
:10EDC800A085002007000000660000003300000056
:10EDD8000100000001000000010000000100000027
:10EDE8000100000001000000010000000100000017
:10EDF8000100000001000000010000000100000007
:10EE080001000000010000000100000012010002E2
:10EE1800EF020140C01683048002010203010000D2
:10EE2800000000008000000028000000000104002D
:10EE38000100000000000000020157494E555342EE
:10EE480000000000000000000000000000000000BA
:10EE580012034D00530046005400310030003000CA
:10EE6800F800000008070000010000004E65772048
:10EE78003100000000000000000000000000000059
:10EE8800000000000000000000000000000000007A
:10EE9800000000000000000000000000000000006A
:10EEA800000000000000000000000000000000005A
:10EEB8000000000000000000004E657720320000CE
:10EEC800000000000000000000000000000000003A
:10EED800000000000000000000000000000000002A
:10EEE800000000000000000000000000000000001A
:10EEF800000000000000000000000000000000000A
:10EF08000000000000004E6577203300000000007C
:10EF180000000000000000000000000000000000E9
:10EF280000000000000000000000000000000000D9
:10EF380000000000000000000000000000000000C9
:10EF480000000000000000000000000000000000B9
:10EF5800000000000000E1450000E145010000005C
:10EF68000C0300000000000000000000000000008A
:10EF780000000000000000004100000082000000C6
:10EF8800E807000029000000000000000000000061
:10EF98000000000000000000000000000000000069
:10EFA8000000000000000000000000000000000059
:10EFB8000000000000000000000000000000000049
:10EFC8000000000000000000000000000000000039
:10EFD8000000000000000000000000000000000029
:10EFE8000000000000000000000000000000000019
:10EFF8000000000000000000000000000000000009
:10F0080000000000000000000000000000000000F8
:10F0180000000000000000000000000000000000E8
:10F0280000000000000000000000000000000000D8
:10F0380000000000000000000000000000000000C8
:10F0480000000000000000000000000000000000B8
:10F0580000000000000000000000000000000000A8
:10F068000000000000000000000000000000000098
:10F078000000000000000000000000000000000088
:10F088000000000000000000000000000000000078
:10F098000000000000000000000000000000000068
:10F0A8000000000000000000000000000000000058
:10F0B8000000000000000000000000000000000048
:10F0C8000000000000000000000000000000000038
:10F0D8000000000000000000000000000000000028
:10F0E8000000000000000000000000000000000018
:10F0F8000000000000000000000000000000000008
:10F1080000000000000000000000000000000000F7
:10F1180000000000000000000000000000000000E7
:10F1280000000000000000000000000000000000D7
:10F1380000000000000000000000000000000000C7
:10F1480000000000000000000000000000000000B7
:10F1580000000000000000000000000000000000A7
:10F168000000000000000000000000000000000097
:10F178000000000000000000000000000000000087
:10F188000000000000000000000000000000000077
:10F198000000000000000000000000000000000067
:10F1A8000000000000000000000000000000000057
:10F1B8000000000000000000000000000000000047
:10F1C8000000000000000000000000000000000037
:10F1D8000000000000000000000000000000000027
:10F1E8000000000000000000000000000000000017
:10F1F8000000000000000000000000000000000007
:10F2080000000000000000000000000000000000F6
:10F2180000000000000000000000000000000000E6
:10F2280000000000000000000000000000000000D6
:10F2380000000000000000000000000000000000C6
:10F2480000000000000000000000000000000000B6
:10F2580000000000000000000000000000000000A6
:10F268000000000000000000000000000000000096
:10F278000000000000000000000000000000000086
:10F288000000000000000000000000000000000076
:10F298000000000000000000000000000000000066
:10F2A8000000000000000000000000000000000056
:10F2B8000000000000000000000000000000000046
:10F2C8000000000000000000000000000000000036
:10F2D8000000000000000000000000000000000026
:10F2E8000000000000000000000000000000000016
:10F2F8000000000000000000000000000000000006
:10F3080000000000000000000000000000000000F5
:10F3180000000000000000000000000000000000E5
:10F3280000000000000000000000000000000000D5
:10F3380000000000000000000000000000000000C5
:10F3480000000000000000000000000000000000B5
:10F3580000000000000000000000000000000000A5
:10F368000000000000000000000000000000000095
:10F378000000000000000000000000000000000085
:10F388000000000000000000000000000000000075
:10F398000000000000000000000000000000000065
:10F3A8000000000000000000000000000000000055
:10F3B8000000000000000000000000000000000045
:10F3C8000000000000000000000000000000000035
:10F3D8000000000000000000000000000000000025
:10F3E8000000000000000000000000000000000015
:10F3F8000000000000000000000000000000000005
:10F4080000000000000000000000000000000000F4
:10F4180000000000000000000000000000000000E4
:10F42800FFFFFFFFFFFFFFFFFFFFFFFFFFFFFFFFE4
:10F43800FFFFFFFFFFFFFFFFFFFFFFFFFFFFFFFFD4
:10F44800FFFFFFFFFFFFFFFFFFFFFFFFFFFFFFFFC4
:10F45800FFFFFFFFFFFFFFFFFFFFFFFFFFFFFFFFB4
:10F46800FFFFFFFFFFFFFFFFFFFFFFFFFFFFFFFFA4
:10F47800FFFFFFFFFFFFFFFFFFFFFFFFFFFFFFFF94
:10F48800FFFFFFFFFFFFFFFFFFFFFFFFFFFFFFFF84
:10F49800FFFFFFFFFFFFFFFFFFFFFFFFFFFFFFFF74
:10F4A800FFFFFFFFFFFFFFFFFFFFFFFFFFFFFFFF64
:10F4B800FFFFFFFFFFFFFFFFFFFFFFFFFFFFFFFF54
:10F4C800FFFFFFFFFFFFFFFFFFFFFFFFFFFFFFFF44
:10F4D800FFFFFFFFFFFFFFFFFFFFFFFFFFFFFFFF34
:10F4E800FFFFFFFFFFFFFFFFFFFFFFFFFFFFFFFF24
:10F4F800FFFFFFFFFFFFFFFFFFFFFFFFFFFFFFFF14
:10F50800FFFFFFFFFFFFFFFFFFFFFFFFFFFFFFFF03
:10F51800FFFFFFFFFFFFFFFFFFFFFFFFFFFFFFFFF3
:10F52800FFFFFFFFFFFFFFFFFFFFFFFFFFFFFFFFE3
:10F53800FFFFFFFFFFFFFFFFFFFFFFFFFFFFFFFFD3
:10F54800FFFFFFFFFFFFFFFFFFFFFFFFFFFFFFFFC3
:10F55800FFFFFFFFFFFFFFFFFFFFFFFFFFFFFFFFB3
:10F56800FFFFFFFFFFFFFFFFFFFFFFFFFFFFFFFFA3
:10F57800FFFFFFFFFFFFFFFFFFFFFFFFFFFFFFFF93
:10F58800FFFFFFFFFFFFFFFFFFFFFFFFFFFFFFFF83
:10F59800FFFFFFFFFFFFFFFFFFFFFFFFFFFFFFFF73
:10F5A800FFFFFFFFFFFFFFFFFFFFFFFFFFFFFFFF63
:10F5B800FFFFFFFFFFFFFFFFFFFFFFFFFFFFFFFF53
:10F5C800FFFFFFFFFFFFFFFFFFFFFFFFFFFFFFFF43
:10F5D800FFFFFFFFFFFFFFFFFFFFFFFFFFFFFFFF33
:10F5E800FFFFFFFFFFFFFFFFFFFFFFFFFFFFFFFF23
:10F5F800FFFFFFFFFFFFFFFFFFFFFFFFFFFFFFFF13
:10F60800FFFFFFFFFFFFFFFFFFFFFFFFFFFFFFFF02
:10F61800FFFFFFFFFFFFFFFFFFFFFFFFFFFFFFFFF2
:10F62800FFFFFFFFFFFFFFFFFFFFFFFFFFFFFFFFE2
:10F63800FFFFFFFFFFFFFFFFFFFFFFFFFFFFFFFFD2
:10F64800FFFFFFFFFFFFFFFFFFFFFFFFFFFFFFFFC2
:10F65800FFFFFFFFFFFFFFFFFFFFFFFFFFFFFFFFB2
:10F66800FFFFFFFFFFFFFFFFFFFFFFFFFFFFFFFFA2
:10F67800FFFFFFFFFFFFFFFFFFFFFFFFFFFFFFFF92
:10F68800FFFFFFFFFFFFFFFFFFFFFFFFFFFFFFFF82
:10F69800FFFFFFFFFFFFFFFFFFFFFFFFFFFFFFFF72
:10F6A800FFFFFFFFFFFFFFFFFFFFFFFFFFFFFFFF62
:10F6B800FFFFFFFFFFFFFFFFFFFFFFFFFFFFFFFF52
:10F6C800FFFFFFFFFFFFFFFFFFFFFFFFFFFFFFFF42
:10F6D800FFFFFFFFFFFFFFFFFFFFFFFFFFFFFFFF32
:10F6E800FFFFFFFFFFFFFFFFFFFFFFFFFFFFFFFF22
:10F6F800FFFFFFFFFFFFFFFFFFFFFFFFFFFFFFFF12
:10F70800FFFFFFFFFFFFFFFFFFFFFFFFFFFFFFFF01
:10F71800FFFFFFFFFFFFFFFFFFFFFFFFFFFFFFFFF1
:10F72800FFFFFFFFFFFFFFFFFFFFFFFFFFFFFFFFE1
:10F73800FFFFFFFFFFFFFFFFFFFFFFFFFFFFFFFFD1
:10F74800FFFFFFFFFFFFFFFFFFFFFFFFFFFFFFFFC1
:10F75800FFFFFFFFFFFFFFFFFFFFFFFFFFFFFFFFB1
:10F76800FFFFFFFFFFFFFFFFFFFFFFFFFFFFFFFFA1
:10F77800FFFFFFFFFFFFFFFFFFFFFFFFFFFFFFFF91
:10F78800FFFFFFFFFFFFFFFFFFFFFFFFFFFFFFFF81
:10F79800FFFFFFFFFFFFFFFFFFFFFFFFFFFFFFFF71
:10F7A800FFFFFFFFFFFFFFFFFFFFFFFFFFFFFFFF61
:10F7B800FFFFFFFFFFFFFFFFFFFFFFFFFFFFFFFF51
:10F7C800FFFFFFFFFFFFFFFFFFFFFFFFFFFFFFFF41
:10F7D800FFFFFFFFFFFFFFFFFFFFFFFFFFFFFFFF31
:10F7E800FFFFFFFFFFFFFFFFFFFFFFFFFFFFFFFF21
:10F7F800FFFFFFFFFFFFFFFF000000000000000009
:10F8080000000000000000000000000000000000F0
:10F8180000000000000000000000000000000000E0
:10F8280000000000000000000000000000000000D0
:10F8380000000000000000000000000000000000C0
:10F8480000000000000000000000000000000000B0
:10F8580000000000000000000000000000000000A0
:10F868000000000000000000000000000000000090
:10F878000000000000000000000000000000000080
:10F888000000000000000000000000000000000070
:10F898000000000000000000000000000000000060
:10F8A8000000000000000000000000000000000050
:10F8B8000000000000000000000000000000000040
:10F8C8000000000000000000000000000000000030
:10F8D8000000000000000000000000000000000020
:10F8E8000000000000000000000000000000000010
:10F8F8000000000000000000000000000000000000
:10F9080000000000000000000000000000000000EF
:10F9180000000000000000000000000000000000DF
:10F9280000000000000000000000000000000000CF
:10F9380000000000000000000000000000000000BF
:10F9480000000000000000000000000000000000AF
:10F95800000000000000000000000000000000009F
:10F96800000000000000000000000000000000008F
:10F97800000000000000000000000000000000007F
:10F98800000000000000000000000000000000006F
:10F99800000000000000000000000000000000005F
:10F9A800000000000000000000000000000000004F
:10F9B800000000000000000000000000000000003F
:10F9C800000000000000000000000000000000002F
:10F9D800000000000000000000000000000000001F
:10F9E800000000000000000000000000000000000F
:10F9F80000000000000000000000000000000000FF
:10FA080000000000000000000000000000000000EE
:10FA180000000000000000000000000000000000DE
:10FA280000000000000000000000000000000000CE
:10FA380000000000000000000000000000000000BE
:10FA480000000000000000000000000000000000AE
:10FA5800000000000000000000000000000000009E
:10FA6800000000000000000000000000000000008E
:10FA7800000000000000000000000000000000007E
:10FA8800000000000000000000000000000000006E
:10FA9800000000000000000000000000000000005E
:10FAA800000000000000000000000000000000004E
:10FAB800000000000000000000000000000000003E
:10FAC800000000000000000000000000000000002E
:10FAD800000000000000000000000000000000001E
:10FAE800000000000000000000000000000000000E
:10FAF80000000000000000000000000000000000FE
:10FB080000000000000000000000000000000000ED
:10FB180000000000000000000000000000000000DD
:10FB280000000000000000000000000000000000CD
:10FB380000000000000000000000000000000000BD
:10FB480000000000000000000000000000000000AD
:10FB5800000000000000000000000000000000009D
:10FB6800000000000000000000000000000000008D
:10FB7800000000000000000000000000000000007D
:10FB8800000000000000000000000000000000006D
:10FB9800000000000000000000000000000000005D
:10FBA800000000000000000000000000000000004D
:10FBB800000000000000000000000000000000003D
:10FBC800000000000000000000000000000000002D
:10FBD800000000000000000000000000000000001D
:10FBE800000000000000000000000000000000000D
:10FBF80000000000000000000000000000000000FD
:10FC080000000000000000000000000000000000EC
:10FC180000000000000000000000000000000000DC
:10FC280000000000000000000000000000000000CC
:10FC380000000000000000000000000000000000BC
:10FC480000000000000000000000000000000000AC
:10FC5800000000000000000000000000000000009C
:10FC6800000000000000000000000000000000008C
:10FC7800000000000000000000000000000000007C
:10FC8800000000000000000000000000000000006C
:10FC9800000000000000000000000000000000005C
:10FCA800000000000000000000000000000000004C
:10FCB800000000000000000000000000000000003C
:10FCC800000000000000000000000000000000002C
:10FCD800000000000000000000000000000000001C
:10FCE800000000000000000000000000000000000C
:10FCF80000000000000000000000000000000000FC
:10FD080000000000000000000000000000000000EB
:10FD180000000000000000000000000000000000DB
:10FD280000000000000000000000000000000000CB
:10FD380000000000000000000000000000000000BB
:10FD480000000000000000000000000000000000AB
:10FD5800000000000000000000000000000000009B
:10FD6800000000000000000000000000000000008B
:10FD7800000000000000000000000000000000007B
:10FD8800000000000000000000000000000000006B
:10FD9800000000000000000000000000000000005B
:10FDA800000000000000000000000000000000004B
:10FDB800000000000000000000000000000000003B
:10FDC800000000000000000000000000000000002B
:10FDD800000000000000000000000000000000001B
:10FDE800000000000000000000000000000000000B
:10FDF80000000000000000000000000000000000FB
:10FE080000000000000000000000000000000000EA
:10FE180000000000000000000000000000000000DA
:10FE280000000000000000000000000000000000CA
:10FE380000000000000000000000000000000000BA
:10FE480000000000000000000000000000000000AA
:10FE5800000000000000000000000000000000009A
:10FE6800000000000000000000000000000000008A
:10FE7800000000000000000000000000000000007A
:10FE8800000000000000000000000000000000006A
:10FE9800000000000000000000000000000000005A
:10FEA800000000000000000000000000000000004A
:10FEB800000000000000000000000000000000003A
:10FEC800000000000000000000000000000000002A
:10FED800000000000000000000000000000000001A
:10FEE800000000000000000000000000000000000A
:10FEF80000000000000000000000000000000000FA
:10FF080000000000000000000000000000000000E9
:10FF180000000000000000000000000000000000D9
:10FF280000000000000000000000000000000000C9
:10FF380000000000000000000000000000000000B9
:10FF480000000000000000000000000000000000A9
:10FF58000000000000000000000000000000000099
:10FF68000000000000000000000000000000000089
:10FF78000000000000000000000000000000000079
:10FF88000000000000000000000000000000000069
:10FF98000000000000000000000000000000000059
:10FFA8000000000000000000000000000000000049
:10FFB8000000000000000000000000000000000039
:10FFC8000000000000000000000000000000000029
:10FFD8000000000000000000000000000000000019
:10FFE8000000000000000000000000000000000009
:08FFF800000000000000000001
:02000004600496
:1000000000000000000000000000000000000000F0
:1000100000000000000000000000000000000000E0
:1000200000000000000000000000000000000000D0
:1000300000000000000000000000000000000000C0
:1000400000000000000000000000000000000000B0
:1000500000000000000000000000000000000000A0
:100060000000000000000000000000000000000090
:100070000000000000000000000000000000000080
:100080000000000000000000000000000000000070
:100090000000000000000000000000000000000060
:1000A0000000000000000000000000000000000050
:1000B0000000000000000000000000000000000040
:1000C0000000000000000000000000000000000030
:1000D0000000000000000000000000000000000020
:1000E0000000000000000000000000000000000010
:1000F0000000000000000000000000000000000000
:1001000000000000000000000000000000000000EF
:1001100000000000000000000000000000000000DF
:1001200000000000000000000000000000000000CF
:1001300000000000000000000000000000000000BF
:1001400000000000000000000000000000000000AF
:10015000000000000000000000000000000000009F
:10016000000000000000000000000000000000008F
:10017000000000000000000000000000000000007F
:10018000000000000000000000000000000000006F
:10019000000000000000000000000000000000005F
:1001A000000000000000000000000000000000004F
:1001B000000000000000000000000000000000003F
:1001C000000000000000000000000000000000002F
:1001D000000000000000000000000000000000001F
:1001E000000000000000000000000000000000000F
:1001F00000000000000000000000000000000000FF
:1002000000000000000000000000000000000000EE
:1002100000000000000000000000000000000000DE
:1002200000000000000000000000000000000000CE
:1002300000000000000000000000000000000000BE
:1002400000000000000000000000000000000000AE
:10025000000000000000000000000000000000009E
:10026000000000000000000000000000000000008E
:10027000000000000000000000000000000000007E
:10028000000000000000000000000000000000006E
:10029000000000000000000000000000000000005E
:1002A000000000000000000000000000000000004E
:1002B000000000000000000000000000000000003E
:1002C000000000000000000000000000000000002E
:1002D000000000000000000000000000000000001E
:1002E000000000000000000000000000000000000E
:1002F00000000000000000000000000000000000FE
:1003000000000000000000000000000000000000ED
:1003100000000000000000000000000000000000DD
:1003200000000000000000000000000000000000CD
:1003300000000000000000000000000000000000BD
:1003400000000000000000000000000000000000AD
:10035000000000000000000000000000000000009D
:10036000000000000000000000000000000000008D
:10037000000000000000000000000000000000007D
:10038000000000000000000000000000000000006D
:10039000000000000000000000000000000000005D
:1003A000000000000000000000000000000000004D
:1003B000000000000000000000000000000000003D
:1003C000000000000000000000000000000000002D
:1003D000000000000000000000000000000000001D
:1003E000000000000000000000000000000000000D
:1003F00000000000000000000000000000000000FD
:040000056000100087
:00000001FF
