:0200000460009A
:100000004643464200000156000000000101020084
:1000100000000000000000000000000000000000E0
:1000200000000000000000000000000000000000D0
:1000300000000000000000000000000000000000C0
:1000400000000000010406010000000000000000A4
:100050000000800000000000000000000000000020
:100060000000000000000000000000000000000090
:100070000000000000000000000000000000000080
:10008000EB04180AFF1E04320126000000000000E5
:100090000000000000000000000000000000000060
:1000A0000000000000000000000000000000000050
:1000B0000000000000000000000000000000000040
:1000C0000000000000000000000000000000000030
:1000D0000000000000000000000000000000000020
:1000E0000000000000000000000000000000000010
:1000F0000000000000000000000000000000000000
:1001000000000000000000000000000000000000EF
:1001100000000000000000000000000000000000DF
:1001200000000000000000000000000000000000CF
:1001300000000000000000000000000000000000BF
:1001400000000000000000000000000000000000AF
:10015000000000000000000000000000000000009F
:10016000000000000000000000000000000000008F
:10017000000000000000000000000000000000007F
:10018000000000000000000000000000000000006F
:10019000000000000000000000000000000000005F
:1001A000000000000000000000000000000000004F
:1001B000000000000000000000000000000000003F
:1001C000000100000010000001000000000000001D
:1001D000000001000000000000000000000000001E
:1001E000000000000000000000000000000000000F
:1001F00000000000000000000000000000000000FF
:10020000FFFFFFFFFFFFFFFFFFFFFFFFFFFFFFFFFE
:10021000FFFFFFFFFFFFFFFFFFFFFFFFFFFFFFFFEE
:10022000FFFFFFFFFFFFFFFFFFFFFFFFFFFFFFFFDE
:10023000FFFFFFFFFFFFFFFFFFFFFFFFFFFFFFFFCE
:10024000FFFFFFFFFFFFFFFFFFFFFFFFFFFFFFFFBE
:10025000FFFFFFFFFFFFFFFFFFFFFFFFFFFFFFFFAE
:10026000FFFFFFFFFFFFFFFFFFFFFFFFFFFFFFFF9E
:10027000FFFFFFFFFFFFFFFFFFFFFFFFFFFFFFFF8E
:10028000FFFFFFFFFFFFFFFFFFFFFFFFFFFFFFFF7E
:10029000FFFFFFFFFFFFFFFFFFFFFFFFFFFFFFFF6E
:1002A000FFFFFFFFFFFFFFFFFFFFFFFFFFFFFFFF5E
:1002B000FFFFFFFFFFFFFFFFFFFFFFFFFFFFFFFF4E
:1002C000FFFFFFFFFFFFFFFFFFFFFFFFFFFFFFFF3E
:1002D000FFFFFFFFFFFFFFFFFFFFFFFFFFFFFFFF2E
:1002E000FFFFFFFFFFFFFFFFFFFFFFFFFFFFFFFF1E
:1002F000FFFFFFFFFFFFFFFFFFFFFFFFFFFFFFFF0E
:10030000FFFFFFFFFFFFFFFFFFFFFFFFFFFFFFFFFD
:10031000FFFFFFFFFFFFFFFFFFFFFFFFFFFFFFFFED
:10032000FFFFFFFFFFFFFFFFFFFFFFFFFFFFFFFFDD
:10033000FFFFFFFFFFFFFFFFFFFFFFFFFFFFFFFFCD
:10034000FFFFFFFFFFFFFFFFFFFFFFFFFFFFFFFFBD
:10035000FFFFFFFFFFFFFFFFFFFFFFFFFFFFFFFFAD
:10036000FFFFFFFFFFFFFFFFFFFFFFFFFFFFFFFF9D
:10037000FFFFFFFFFFFFFFFFFFFFFFFFFFFFFFFF8D
:10038000FFFFFFFFFFFFFFFFFFFFFFFFFFFFFFFF7D
:10039000FFFFFFFFFFFFFFFFFFFFFFFFFFFFFFFF6D
:1003A000FFFFFFFFFFFFFFFFFFFFFFFFFFFFFFFF5D
:1003B000FFFFFFFFFFFFFFFFFFFFFFFFFFFFFFFF4D
:1003C000FFFFFFFFFFFFFFFFFFFFFFFFFFFFFFFF3D
:1003D000FFFFFFFFFFFFFFFFFFFFFFFFFFFFFFFF2D
:1003E000FFFFFFFFFFFFFFFFFFFFFFFFFFFFFFFF1D
:1003F000FFFFFFFFFFFFFFFFFFFFFFFFFFFFFFFF0D
:10040000FFFFFFFFFFFFFFFFFFFFFFFFFFFFFFFFFC
:10041000FFFFFFFFFFFFFFFFFFFFFFFFFFFFFFFFEC
:10042000FFFFFFFFFFFFFFFFFFFFFFFFFFFFFFFFDC
:10043000FFFFFFFFFFFFFFFFFFFFFFFFFFFFFFFFCC
:10044000FFFFFFFFFFFFFFFFFFFFFFFFFFFFFFFFBC
:10045000FFFFFFFFFFFFFFFFFFFFFFFFFFFFFFFFAC
:10046000FFFFFFFFFFFFFFFFFFFFFFFFFFFFFFFF9C
:10047000FFFFFFFFFFFFFFFFFFFFFFFFFFFFFFFF8C
:10048000FFFFFFFFFFFFFFFFFFFFFFFFFFFFFFFF7C
:10049000FFFFFFFFFFFFFFFFFFFFFFFFFFFFFFFF6C
:1004A000FFFFFFFFFFFFFFFFFFFFFFFFFFFFFFFF5C
:1004B000FFFFFFFFFFFFFFFFFFFFFFFFFFFFFFFF4C
:1004C000FFFFFFFFFFFFFFFFFFFFFFFFFFFFFFFF3C
:1004D000FFFFFFFFFFFFFFFFFFFFFFFFFFFFFFFF2C
:1004E000FFFFFFFFFFFFFFFFFFFFFFFFFFFFFFFF1C
:1004F000FFFFFFFFFFFFFFFFFFFFFFFFFFFFFFFF0C
:10050000FFFFFFFFFFFFFFFFFFFFFFFFFFFFFFFFFB
:10051000FFFFFFFFFFFFFFFFFFFFFFFFFFFFFFFFEB
:10052000FFFFFFFFFFFFFFFFFFFFFFFFFFFFFFFFDB
:10053000FFFFFFFFFFFFFFFFFFFFFFFFFFFFFFFFCB
:10054000FFFFFFFFFFFFFFFFFFFFFFFFFFFFFFFFBB
:10055000FFFFFFFFFFFFFFFFFFFFFFFFFFFFFFFFAB
:10056000FFFFFFFFFFFFFFFFFFFFFFFFFFFFFFFF9B
:10057000FFFFFFFFFFFFFFFFFFFFFFFFFFFFFFFF8B
:10058000FFFFFFFFFFFFFFFFFFFFFFFFFFFFFFFF7B
:10059000FFFFFFFFFFFFFFFFFFFFFFFFFFFFFFFF6B
:1005A000FFFFFFFFFFFFFFFFFFFFFFFFFFFFFFFF5B
:1005B000FFFFFFFFFFFFFFFFFFFFFFFFFFFFFFFF4B
:1005C000FFFFFFFFFFFFFFFFFFFFFFFFFFFFFFFF3B
:1005D000FFFFFFFFFFFFFFFFFFFFFFFFFFFFFFFF2B
:1005E000FFFFFFFFFFFFFFFFFFFFFFFFFFFFFFFF1B
:1005F000FFFFFFFFFFFFFFFFFFFFFFFFFFFFFFFF0B
:10060000FFFFFFFFFFFFFFFFFFFFFFFFFFFFFFFFFA
:10061000FFFFFFFFFFFFFFFFFFFFFFFFFFFFFFFFEA
:10062000FFFFFFFFFFFFFFFFFFFFFFFFFFFFFFFFDA
:10063000FFFFFFFFFFFFFFFFFFFFFFFFFFFFFFFFCA
:10064000FFFFFFFFFFFFFFFFFFFFFFFFFFFFFFFFBA
:10065000FFFFFFFFFFFFFFFFFFFFFFFFFFFFFFFFAA
:10066000FFFFFFFFFFFFFFFFFFFFFFFFFFFFFFFF9A
:10067000FFFFFFFFFFFFFFFFFFFFFFFFFFFFFFFF8A
:10068000FFFFFFFFFFFFFFFFFFFFFFFFFFFFFFFF7A
:10069000FFFFFFFFFFFFFFFFFFFFFFFFFFFFFFFF6A
:1006A000FFFFFFFFFFFFFFFFFFFFFFFFFFFFFFFF5A
:1006B000FFFFFFFFFFFFFFFFFFFFFFFFFFFFFFFF4A
:1006C000FFFFFFFFFFFFFFFFFFFFFFFFFFFFFFFF3A
:1006D000FFFFFFFFFFFFFFFFFFFFFFFFFFFFFFFF2A
:1006E000FFFFFFFFFFFFFFFFFFFFFFFFFFFFFFFF1A
:1006F000FFFFFFFFFFFFFFFFFFFFFFFFFFFFFFFF0A
:10070000FFFFFFFFFFFFFFFFFFFFFFFFFFFFFFFFF9
:10071000FFFFFFFFFFFFFFFFFFFFFFFFFFFFFFFFE9
:10072000FFFFFFFFFFFFFFFFFFFFFFFFFFFFFFFFD9
:10073000FFFFFFFFFFFFFFFFFFFFFFFFFFFFFFFFC9
:10074000FFFFFFFFFFFFFFFFFFFFFFFFFFFFFFFFB9
:10075000FFFFFFFFFFFFFFFFFFFFFFFFFFFFFFFFA9
:10076000FFFFFFFFFFFFFFFFFFFFFFFFFFFFFFFF99
:10077000FFFFFFFFFFFFFFFFFFFFFFFFFFFFFFFF89
:10078000FFFFFFFFFFFFFFFFFFFFFFFFFFFFFFFF79
:10079000FFFFFFFFFFFFFFFFFFFFFFFFFFFFFFFF69
:1007A000FFFFFFFFFFFFFFFFFFFFFFFFFFFFFFFF59
:1007B000FFFFFFFFFFFFFFFFFFFFFFFFFFFFFFFF49
:1007C000FFFFFFFFFFFFFFFFFFFFFFFFFFFFFFFF39
:1007D000FFFFFFFFFFFFFFFFFFFFFFFFFFFFFFFF29
:1007E000FFFFFFFFFFFFFFFFFFFFFFFFFFFFFFFF19
:1007F000FFFFFFFFFFFFFFFFFFFFFFFFFFFFFFFF09
:10080000FFFFFFFFFFFFFFFFFFFFFFFFFFFFFFFFF8
:10081000FFFFFFFFFFFFFFFFFFFFFFFFFFFFFFFFE8
:10082000FFFFFFFFFFFFFFFFFFFFFFFFFFFFFFFFD8
:10083000FFFFFFFFFFFFFFFFFFFFFFFFFFFFFFFFC8
:10084000FFFFFFFFFFFFFFFFFFFFFFFFFFFFFFFFB8
:10085000FFFFFFFFFFFFFFFFFFFFFFFFFFFFFFFFA8
:10086000FFFFFFFFFFFFFFFFFFFFFFFFFFFFFFFF98
:10087000FFFFFFFFFFFFFFFFFFFFFFFFFFFFFFFF88
:10088000FFFFFFFFFFFFFFFFFFFFFFFFFFFFFFFF78
:10089000FFFFFFFFFFFFFFFFFFFFFFFFFFFFFFFF68
:1008A000FFFFFFFFFFFFFFFFFFFFFFFFFFFFFFFF58
:1008B000FFFFFFFFFFFFFFFFFFFFFFFFFFFFFFFF48
:1008C000FFFFFFFFFFFFFFFFFFFFFFFFFFFFFFFF38
:1008D000FFFFFFFFFFFFFFFFFFFFFFFFFFFFFFFF28
:1008E000FFFFFFFFFFFFFFFFFFFFFFFFFFFFFFFF18
:1008F000FFFFFFFFFFFFFFFFFFFFFFFFFFFFFFFF08
:10090000FFFFFFFFFFFFFFFFFFFFFFFFFFFFFFFFF7
:10091000FFFFFFFFFFFFFFFFFFFFFFFFFFFFFFFFE7
:10092000FFFFFFFFFFFFFFFFFFFFFFFFFFFFFFFFD7
:10093000FFFFFFFFFFFFFFFFFFFFFFFFFFFFFFFFC7
:10094000FFFFFFFFFFFFFFFFFFFFFFFFFFFFFFFFB7
:10095000FFFFFFFFFFFFFFFFFFFFFFFFFFFFFFFFA7
:10096000FFFFFFFFFFFFFFFFFFFFFFFFFFFFFFFF97
:10097000FFFFFFFFFFFFFFFFFFFFFFFFFFFFFFFF87
:10098000FFFFFFFFFFFFFFFFFFFFFFFFFFFFFFFF77
:10099000FFFFFFFFFFFFFFFFFFFFFFFFFFFFFFFF67
:1009A000FFFFFFFFFFFFFFFFFFFFFFFFFFFFFFFF57
:1009B000FFFFFFFFFFFFFFFFFFFFFFFFFFFFFFFF47
:1009C000FFFFFFFFFFFFFFFFFFFFFFFFFFFFFFFF37
:1009D000FFFFFFFFFFFFFFFFFFFFFFFFFFFFFFFF27
:1009E000FFFFFFFFFFFFFFFFFFFFFFFFFFFFFFFF17
:1009F000FFFFFFFFFFFFFFFFFFFFFFFFFFFFFFFF07
:100A0000FFFFFFFFFFFFFFFFFFFFFFFFFFFFFFFFF6
:100A1000FFFFFFFFFFFFFFFFFFFFFFFFFFFFFFFFE6
:100A2000FFFFFFFFFFFFFFFFFFFFFFFFFFFFFFFFD6
:100A3000FFFFFFFFFFFFFFFFFFFFFFFFFFFFFFFFC6
:100A4000FFFFFFFFFFFFFFFFFFFFFFFFFFFFFFFFB6
:100A5000FFFFFFFFFFFFFFFFFFFFFFFFFFFFFFFFA6
:100A6000FFFFFFFFFFFFFFFFFFFFFFFFFFFFFFFF96
:100A7000FFFFFFFFFFFFFFFFFFFFFFFFFFFFFFFF86
:100A8000FFFFFFFFFFFFFFFFFFFFFFFFFFFFFFFF76
:100A9000FFFFFFFFFFFFFFFFFFFFFFFFFFFFFFFF66
:100AA000FFFFFFFFFFFFFFFFFFFFFFFFFFFFFFFF56
:100AB000FFFFFFFFFFFFFFFFFFFFFFFFFFFFFFFF46
:100AC000FFFFFFFFFFFFFFFFFFFFFFFFFFFFFFFF36
:100AD000FFFFFFFFFFFFFFFFFFFFFFFFFFFFFFFF26
:100AE000FFFFFFFFFFFFFFFFFFFFFFFFFFFFFFFF16
:100AF000FFFFFFFFFFFFFFFFFFFFFFFFFFFFFFFF06
:100B0000FFFFFFFFFFFFFFFFFFFFFFFFFFFFFFFFF5
:100B1000FFFFFFFFFFFFFFFFFFFFFFFFFFFFFFFFE5
:100B2000FFFFFFFFFFFFFFFFFFFFFFFFFFFFFFFFD5
:100B3000FFFFFFFFFFFFFFFFFFFFFFFFFFFFFFFFC5
:100B4000FFFFFFFFFFFFFFFFFFFFFFFFFFFFFFFFB5
:100B5000FFFFFFFFFFFFFFFFFFFFFFFFFFFFFFFFA5
:100B6000FFFFFFFFFFFFFFFFFFFFFFFFFFFFFFFF95
:100B7000FFFFFFFFFFFFFFFFFFFFFFFFFFFFFFFF85
:100B8000FFFFFFFFFFFFFFFFFFFFFFFFFFFFFFFF75
:100B9000FFFFFFFFFFFFFFFFFFFFFFFFFFFFFFFF65
:100BA000FFFFFFFFFFFFFFFFFFFFFFFFFFFFFFFF55
:100BB000FFFFFFFFFFFFFFFFFFFFFFFFFFFFFFFF45
:100BC000FFFFFFFFFFFFFFFFFFFFFFFFFFFFFFFF35
:100BD000FFFFFFFFFFFFFFFFFFFFFFFFFFFFFFFF25
:100BE000FFFFFFFFFFFFFFFFFFFFFFFFFFFFFFFF15
:100BF000FFFFFFFFFFFFFFFFFFFFFFFFFFFFFFFF05
:100C0000FFFFFFFFFFFFFFFFFFFFFFFFFFFFFFFFF4
:100C1000FFFFFFFFFFFFFFFFFFFFFFFFFFFFFFFFE4
:100C2000FFFFFFFFFFFFFFFFFFFFFFFFFFFFFFFFD4
:100C3000FFFFFFFFFFFFFFFFFFFFFFFFFFFFFFFFC4
:100C4000FFFFFFFFFFFFFFFFFFFFFFFFFFFFFFFFB4
:100C5000FFFFFFFFFFFFFFFFFFFFFFFFFFFFFFFFA4
:100C6000FFFFFFFFFFFFFFFFFFFFFFFFFFFFFFFF94
:100C7000FFFFFFFFFFFFFFFFFFFFFFFFFFFFFFFF84
:100C8000FFFFFFFFFFFFFFFFFFFFFFFFFFFFFFFF74
:100C9000FFFFFFFFFFFFFFFFFFFFFFFFFFFFFFFF64
:100CA000FFFFFFFFFFFFFFFFFFFFFFFFFFFFFFFF54
:100CB000FFFFFFFFFFFFFFFFFFFFFFFFFFFFFFFF44
:100CC000FFFFFFFFFFFFFFFFFFFFFFFFFFFFFFFF34
:100CD000FFFFFFFFFFFFFFFFFFFFFFFFFFFFFFFF24
:100CE000FFFFFFFFFFFFFFFFFFFFFFFFFFFFFFFF14
:100CF000FFFFFFFFFFFFFFFFFFFFFFFFFFFFFFFF04
:100D0000FFFFFFFFFFFFFFFFFFFFFFFFFFFFFFFFF3
:100D1000FFFFFFFFFFFFFFFFFFFFFFFFFFFFFFFFE3
:100D2000FFFFFFFFFFFFFFFFFFFFFFFFFFFFFFFFD3
:100D3000FFFFFFFFFFFFFFFFFFFFFFFFFFFFFFFFC3
:100D4000FFFFFFFFFFFFFFFFFFFFFFFFFFFFFFFFB3
:100D5000FFFFFFFFFFFFFFFFFFFFFFFFFFFFFFFFA3
:100D6000FFFFFFFFFFFFFFFFFFFFFFFFFFFFFFFF93
:100D7000FFFFFFFFFFFFFFFFFFFFFFFFFFFFFFFF83
:100D8000FFFFFFFFFFFFFFFFFFFFFFFFFFFFFFFF73
:100D9000FFFFFFFFFFFFFFFFFFFFFFFFFFFFFFFF63
:100DA000FFFFFFFFFFFFFFFFFFFFFFFFFFFFFFFF53
:100DB000FFFFFFFFFFFFFFFFFFFFFFFFFFFFFFFF43
:100DC000FFFFFFFFFFFFFFFFFFFFFFFFFFFFFFFF33
:100DD000FFFFFFFFFFFFFFFFFFFFFFFFFFFFFFFF23
:100DE000FFFFFFFFFFFFFFFFFFFFFFFFFFFFFFFF13
:100DF000FFFFFFFFFFFFFFFFFFFFFFFFFFFFFFFF03
:100E0000FFFFFFFFFFFFFFFFFFFFFFFFFFFFFFFFF2
:100E1000FFFFFFFFFFFFFFFFFFFFFFFFFFFFFFFFE2
:100E2000FFFFFFFFFFFFFFFFFFFFFFFFFFFFFFFFD2
:100E3000FFFFFFFFFFFFFFFFFFFFFFFFFFFFFFFFC2
:100E4000FFFFFFFFFFFFFFFFFFFFFFFFFFFFFFFFB2
:100E5000FFFFFFFFFFFFFFFFFFFFFFFFFFFFFFFFA2
:100E6000FFFFFFFFFFFFFFFFFFFFFFFFFFFFFFFF92
:100E7000FFFFFFFFFFFFFFFFFFFFFFFFFFFFFFFF82
:100E8000FFFFFFFFFFFFFFFFFFFFFFFFFFFFFFFF72
:100E9000FFFFFFFFFFFFFFFFFFFFFFFFFFFFFFFF62
:100EA000FFFFFFFFFFFFFFFFFFFFFFFFFFFFFFFF52
:100EB000FFFFFFFFFFFFFFFFFFFFFFFFFFFFFFFF42
:100EC000FFFFFFFFFFFFFFFFFFFFFFFFFFFFFFFF32
:100ED000FFFFFFFFFFFFFFFFFFFFFFFFFFFFFFFF22
:100EE000FFFFFFFFFFFFFFFFFFFFFFFFFFFFFFFF12
:100EF000FFFFFFFFFFFFFFFFFFFFFFFFFFFFFFFF02
:100F0000FFFFFFFFFFFFFFFFFFFFFFFFFFFFFFFFF1
:100F1000FFFFFFFFFFFFFFFFFFFFFFFFFFFFFFFFE1
:100F2000FFFFFFFFFFFFFFFFFFFFFFFFFFFFFFFFD1
:100F3000FFFFFFFFFFFFFFFFFFFFFFFFFFFFFFFFC1
:100F4000FFFFFFFFFFFFFFFFFFFFFFFFFFFFFFFFB1
:100F5000FFFFFFFFFFFFFFFFFFFFFFFFFFFFFFFFA1
:100F6000FFFFFFFFFFFFFFFFFFFFFFFFFFFFFFFF91
:100F7000FFFFFFFFFFFFFFFFFFFFFFFFFFFFFFFF81
:100F8000FFFFFFFFFFFFFFFFFFFFFFFFFFFFFFFF71
:100F9000FFFFFFFFFFFFFFFFFFFFFFFFFFFFFFFF61
:100FA000FFFFFFFFFFFFFFFFFFFFFFFFFFFFFFFF51
:100FB000FFFFFFFFFFFFFFFFFFFFFFFFFFFFFFFF41
:100FC000FFFFFFFFFFFFFFFFFFFFFFFFFFFFFFFF31
:100FD000FFFFFFFFFFFFFFFFFFFFFFFFFFFFFFFF21
:100FE000FFFFFFFFFFFFFFFFFFFFFFFFFFFFFFFF11
:100FF000FFFFFFFFFFFFFFFFFFFFFFFFFFFFFFFF01
:10100000D1002043F1150060000000000000000046
:10101000201000600010006000100460000000005C
:1010200000000060001C040000000000FFFFFFFF44
:10103000FFFFFFFFFFFFFFFFFFFFFFFFFFFFFFFFC0
:10104000FFFFFFFFFFFFFFFFFFFFFFFFFFFFFFFFB0
:10105000FFFFFFFFFFFFFFFFFFFFFFFFFFFFFFFFA0
:10106000FFFFFFFFFFFFFFFFFFFFFFFFFFFFFFFF90
:10107000FFFFFFFFFFFFFFFFFFFFFFFFFFFFFFFF80
:10108000FFFFFFFFFFFFFFFFFFFFFFFFFFFFFFFF70
:10109000FFFFFFFFFFFFFFFFFFFFFFFFFFFFFFFF60
:1010A000FFFFFFFFFFFFFFFFFFFFFFFFFFFFFFFF50
:1010B000FFFFFFFFFFFFFFFFFFFFFFFFFFFFFFFF40
:1010C000FFFFFFFFFFFFFFFFFFFFFFFFFFFFFFFF30
:1010D000FFFFFFFFFFFFFFFFFFFFFFFFFFFFFFFF20
:1010E000FFFFFFFFFFFFFFFFFFFFFFFFFFFFFFFF10
:1010F000FFFFFFFFFFFFFFFFFFFFFFFFFFFFFFFF00
:10110000FFFFFFFFFFFFFFFFFFFFFFFFFFFFFFFFEF
:10111000FFFFFFFFFFFFFFFFFFFFFFFFFFFFFFFFDF
:10112000FFFFFFFFFFFFFFFFFFFFFFFFFFFFFFFFCF
:10113000FFFFFFFFFFFFFFFFFFFFFFFFFFFFFFFFBF
:10114000FFFFFFFFFFFFFFFFFFFFFFFFFFFFFFFFAF
:10115000FFFFFFFFFFFFFFFFFFFFFFFFFFFFFFFF9F
:10116000FFFFFFFFFFFFFFFFFFFFFFFFFFFFFFFF8F
:10117000FFFFFFFFFFFFFFFFFFFFFFFFFFFFFFFF7F
:10118000FFFFFFFFFFFFFFFFFFFFFFFFFFFFFFFF6F
:10119000FFFFFFFFFFFFFFFFFFFFFFFFFFFFFFFF5F
:1011A000FFFFFFFFFFFFFFFFFFFFFFFFFFFFFFFF4F
:1011B000FFFFFFFFFFFFFFFFFFFFFFFFFFFFFFFF3F
:1011C000FFFFFFFFFFFFFFFFFFFFFFFFFFFFFFFF2F
:1011D000FFFFFFFFFFFFFFFFFFFFFFFFFFFFFFFF1F
:1011E000FFFFFFFFFFFFFFFFFFFFFFFFFFFFFFFF0F
:1011F000FFFFFFFFFFFFFFFFFFFFFFFFFFFFFFFFFF
:10120000FFFFFFFFFFFFFFFFFFFFFFFFFFFFFFFFEE
:10121000FFFFFFFFFFFFFFFFFFFFFFFFFFFFFFFFDE
:10122000FFFFFFFFFFFFFFFFFFFFFFFFFFFFFFFFCE
:10123000FFFFFFFFFFFFFFFFFFFFFFFFFFFFFFFFBE
:10124000FFFFFFFFFFFFFFFFFFFFFFFFFFFFFFFFAE
:10125000FFFFFFFFFFFFFFFFFFFFFFFFFFFFFFFF9E
:10126000FFFFFFFFFFFFFFFFFFFFFFFFFFFFFFFF8E
:10127000FFFFFFFFFFFFFFFFFFFFFFFFFFFFFFFF7E
:10128000FFFFFFFFFFFFFFFFFFFFFFFFFFFFFFFF6E
:10129000FFFFFFFFFFFFFFFFFFFFFFFFFFFFFFFF5E
:1012A000FFFFFFFFFFFFFFFFFFFFFFFFFFFFFFFF4E
:1012B000FFFFFFFFFFFFFFFFFFFFFFFFFFFFFFFF3E
:1012C000FFFFFFFFFFFFFFFFFFFFFFFFFFFFFFFF2E
:1012D000FFFFFFFFFFFFFFFFFFFFFFFFFFFFFFFF1E
:1012E000FFFFFFFFFFFFFFFFFFFFFFFFFFFFFFFF0E
:1012F000FFFFFFFFFFFFFFFFFFFFFFFFFFFFFFFFFE
:10130000FFFFFFFFFFFFFFFFFFFFFFFFFFFFFFFFED
:10131000FFFFFFFFFFFFFFFFFFFFFFFFFFFFFFFFDD
:10132000FFFFFFFFFFFFFFFFFFFFFFFFFFFFFFFFCD
:10133000FFFFFFFFFFFFFFFFFFFFFFFFFFFFFFFFBD
:10134000FFFFFFFFFFFFFFFFFFFFFFFFFFFFFFFFAD
:10135000FFFFFFFFFFFFFFFFFFFFFFFFFFFFFFFF9D
:10136000FFFFFFFFFFFFFFFFFFFFFFFFFFFFFFFF8D
:10137000FFFFFFFFFFFFFFFFFFFFFFFFFFFFFFFF7D
:10138000FFFFFFFFFFFFFFFFFFFFFFFFFFFFFFFF6D
:10139000FFFFFFFFFFFFFFFFFFFFFFFFFFFFFFFF5D
:1013A000FFFFFFFFFFFFFFFFFFFFFFFFFFFFFFFF4D
:1013B000FFFFFFFFFFFFFFFFFFFFFFFFFFFFFFFF3D
:1013C000FFFFFFFFFFFFFFFFFFFFFFFFFFFFFFFF2D
:1013D000FFFFFFFFFFFFFFFFFFFFFFFFFFFFFFFF1D
:1013E000FFFFFFFFFFFFFFFFFFFFFFFFFFFFFFFF0D
:1013F000FFFFFFFFFFFFFFFFFFFFFFFFFFFFFFFFFD
:10140000824205D051F8043B40F8043B8242F9D8AF
:10141000704700BF044A05494FF0000342F8043BFF
:101420009142FBD8704700BFC0960020E0CA002060
:1014300008B5BFF34F8F00F02FFA544C544B0820DF
:101440005449C3F85401544AC3F800115348C3F82F
:10145000F0405349FFF7D4FF524A53495348FFF72E
:10146000CFFF534CFFF7D6FF4FF470004FF0E02151
:101470000023504AC1F8880D44F823200133B02BD3
:10148000FAD14D4B80214D4A03F8011B9342FBD109
:101490004FF0E0254A4E4B4A4FF0FF31C5F8084D5A
:1014A000D5F8243D43F4E023C5F8243DF36923F047
:1014B0007F0343F04003F361736A23F07F0343F03B
:1014C000400373629166D1661167516700F0ECF9D1
:1014D0003D4A3E4BA2636322E36300246A61032317
:1014E0003B4AAC612B61C5F8202DD5F8FC2D394B5A
:1014F00042F080723849C5F8FC2D1A6842F00102AA
:101500001A605B680B6000F09FFB344800F02CFD14
:10151000F16E334B334A41F44051F1661C60C3F81D
:101520000841C3F81841C3F82841C3F83841936B08
:10153000DB0708D442F615632B4951651365936B9D
:1015400043F001039363274A284C936843F0011347
:10155000936000F037FA00F01FF900F0F1FC00F0A2
:10156000A5FB00F09BF92368132BFCD900F03AFC93
:101570002368B3F5967FFBD300F094F900F090F95F
:1015800000F0DAFC00F0E4FC30BFFDE70C0D1113B5
:1015900000800D401B101820F88A02000000000097
:1015A0002CEC0060C096002028770360000000202B
:1015B000009400200500020000E400E0A0E400E048
:1015C00000C00F4000C00A4039EF0100A1EF010048
:1015D00000002020001000E044CA00200046C32381
:1015E0000040084000400D400000C05648CA00209E
:1015F000054B4FF42A01054A05485A641864054A08
:1016000099639546FFF714FF00C00A40FFAFAAAAEE
:101610000700200000000520044A936B43F04003BC
:101620009363BFF34F8F30BFFDE700BF00400D4015
:1016300008B5134B5A69520613D55A68114942F03E
:1016400000425A600B6803B198470F4B1B684BB1BF
:101650009847012806D020B9094AD36C43F4C02327
:10166000D36408BD064AD36C43F4C023D36472B676
:101670004FF0E0234FF48032C3F88422FFF7CCFF11
:1016800000400D4004A3002010A30020064B1B685F
:101690002BB1064AD36C43F4C023D3647047044B88
:1016A0001B68002BF5D1F9E704A3002000400D4092
:1016B00010A30020134A1449D36C43F4C023D3640D
:1016C0000860A0B14FF0E0234FF480320F4910487A
:1016D000C3F88422C1F800010E49FF2081F83000D0
:1016E000BFF34F8FC3F80421BFF34F8F70470A4BEE
:1016F0001B68002BF8D14FF0E0234FF48032C3F881
:101700008421F1E700400D4004A300200094002054
:101710003116006000E400E010A30020134A1449D1
:10172000D36C43F4C023D3640860A0B14FF0E0232E
:101730004FF480320F491048C3F88422C1F80001E9
:101740000E49FF2081F83000BFF34F8FC3F804210A
:10175000BFF34F8F70470A4B1B68002BF8D14FF037
:10176000E0234FF48032C3F88421F1E700400D40BC
:1017700010A30020009400203116006000E400E077
:1017800004A300204FF0E023024AC3F80C2D30BF21
:10179000FDE700BF0400FA050F4B40F2376C0F4A1B
:1017A000A020D96E41F44031D966D96E41F4407120
:1017B000D966C2F844C09064936C1B06FCD4084AF6
:1017C00040F23761A02351649364936C13F080035B
:1017D000FBD1044A1370704700C00F4000400C401A
:1017E00000800C40ABCA0020294A00210123C2F826
:1017F000A000C2F8A410C2F8B0305369D907FCD5D4
:1018000001234FF4803C22495361C2F8A000C2F882
:10181000A4C0C2F8B0304B69DB07FCD501234FF4FC
:10182000003C1B4A4B61C1F8A000C1F8A4C0C1F83C
:10183000B0305369D907FCD50123DFF858C01449EB
:101840005361C2F8A000C2F8A4C0C2F8B0304B691E
:10185000DB07FCD5D1F8003145F60D504FF0210CD7
:101860009AB2C1F814C0824210D045F69D518A4206
:101870000AD1C3F34253032B08D0A3F10403B3FAF4
:1018800083F35B09180170470020704708207047F8
:1018900000402A4004000300704700BF704700BFAB
:1018A000704700BF00BF70474FF0E02300214FF0AA
:1018B000100C3448C3F8941DC3F89CCD4FF0110CA4
:1018C000C3F8A00D3048C3F89CCD4FF0120CC3F8FC
:1018D000A00D2E48C3F89CCD2D4AC3F8A00DDFF80B
:1018E000D0C042F015022B48C3F89CCDC3F8A00D20
:1018F000DFF8C0C02848C3F89CCDC3F8A00DDFF8BE
:10190000B8C0C3F89C2D2548254AC3F8A0CDC3F81C
:101910009C0DC3F8A02D02F5A022DFF8A0C00C3268
:101920002048C3F89CCDC3F8A02D1F4AC3F89C0DD6
:10193000C3F8A02D02F14062DFF884C002321B48D8
:10194000C3F89CCDC3F8A02D0A32C3F89C0DC3F890
:10195000A02D00BF00BF00BF00BF00BF0122C3F821
:10196000942DBFF34F8FBFF36F8FC3F8501FBFF39A
:101970004F8FBFF36F8FD3F8142D42F44032C3F86A
:10198000142D70473F0000102500080709001000C3
:10199000E0CA0020210002072500081316002020BD
:1019A00027000B13180000602F000B071A0000809F
:1019B0001300200014000020090000101700004050
:1019C0001900007030B5864B85B0DFF874E218223C
:1019D000844D0120C3F85CE28349C3F86052A5F549
:1019E0008055DFF860C2814CC3F864E2C3F86852E6
:1019F0002125C3F86CC2C3F870C2C3F874C2C3F81F
:101A000078C248F20C7CDA661A675A679A67DA6716
:101A1000C3F88020C3F88420C3F88820C1F82C03C1
:101A2000734AC1F83003C1F83403C1F83803C1F870
:101A30003C03C1F85003A1696E4B0A406E486F49E0
:101A400013436F4AA361D4F8843043F00C03C4F805
:101A500084304FF0FF34036843F0020303600368EF
:101A600003EA0C031A43674B026044608A68664CC1
:101A70001340664A43F000538360C36823F0780341
:101A8000C360036A23401A43604B0262026A224029
:101A90005F4C1343002243628462C46240F20564D7
:101AA000D1F8B83023F03F0343F00103C0F8B83059
:101AB000D1F8BC30574923F03F0343F00103C0F88D
:101AC000BC3002610567C0F880404567C0F88440BB
:101AD0000224036823F00203036081614E4B4F49E7
:101AE000C46143F8042B8B42FBD1434C236843F081
:101AF00001032360256815F00105FBD1454802224A
:101B000040F2F561A06140F29940E26140F2664224
:101B1000C4F8001242F20141C4F81022404AC4F84D
:101B20002002C4F8302240F23542C4F834123D4855
:101B3000C4F840223C4AC4F850022846C4F8542253
:101B400042F201223949C4F86012C4F86422FFF756
:101B50004BFE0246002839D0810201234FF4802039
:101B600021662549C4F8A050C4F8A400C4F8B030D8
:101B70004B69D807FCD515050124039228464C6112
:101B8000FFF732FE039A2A4B0244D2B21A7080B198
:101B9000194980024FF4802348660846C1F8A050D6
:101BA000C1F8A430C1F8B0404369DB07FCD501237C
:101BB000436120490024204801230094401A00EB8F
:101BC00002521E4800F0C0F905B030BD1B4B184949
:101BD00018600870D860C3E9010005B030BD00BFCF
:101BE00000801F40F910010000841F4000C00F401A
:101BF000FFFCFF1F0003008000402A4000802A40B5
:101C00001200FFFFFF37F70000FFF07C400000806C
:101C1000FF000F83F05AF05A00422A4000432A4046
:101C20009F041830EB06180A063201263806180AF7
:101C3000ACCA002000000070000000705CC70020EB
:101C4000F9B00100F970010010B5174A4FF4805443
:101C50004FF4005E4FF4404C4FF4803043F24201A9
:101C6000136913F0020F0DD113F4005F0FD013F4BA
:101C7000805F0FD0002BF3DA13F4803F0CD15B06AA
:101C80000ED510BDC2F818C050619161E8E7C2F8E6
:101C900014E0E5E75461E3E74FF480339361DFE755
:101CA00040235361DCE700BF00800D40414A032020
:101CB0004149F3EE095AD2F880309FED406A23F093
:101CC00001039FED3F5ADFF814C100B5C2F8803020
:101CD000C2F89000D1F8E010DFF804E1CBB2394847
:101CE000CEF8003007EE903A0B0DC1F30B21F8EE61
:101CF000E77A06EE903A07EE101A334BB8EEC77A41
:101D0000CCF80010F8EEE66A304937EEC66A37EED6
:101D1000C55A76EEC76A77EEE57A26EE266AC3EDF7
:101D2000006A25EE265AD2F8803067EEA64AC0ED4A
:101D3000007AC6EE275A264885EE276AC4EEA76ABF
:101D400075EE875AFCEEE55A36EE076A15EE90CA34
:101D5000BCEEC66A43EA0C5376EE877AC2F880304E
:101D600016EE103AD2F890C1FCEEE77A01EA034190
:101D700041EA0C014FF0000C17EE903AC2F89011B6
:101D8000C3F30B03D2F890110B431249C2F8903100
:101D9000D2F8803043F00203C2F880300E4B80F856
:101DA00040C0C1F840314FF0E0230122C3F80821C0
:101DB00000BD00BF00810D4000441F400000AA424A
:101DC0000000B4427CC9002080C900200000FF0F41
:101DD00000E400E000940020E501020074C9002046
:101DE00078C90020314B40F6617210B5C3F820214C
:101DF00040F2044400F0B4F82D4A2E49D2F8803065
:101E00002D4843F00303C2F880302C4BC1F86041E9
:101E100002681A4203D1D1F8A8319A071BD0254A8B
:101E20004FF00041244B5963D2F8403143F0020394
:101E3000C2F84031D2F840319B07FBD44FF4003058
:101E40004FF0E0211C4B4FF00042C1F88C021920EA
:101E50009A6300F081F8184B0021164C4FF0804235
:101E60000A209A634FF420721960C4F8A80114483C
:101E700000F05EF84FF4800203464FF4810040F218
:101E800043111860C4F858311A640E4B0E4AC4F856
:101E90004811C3F804224FF0E0224FF4003101232F
:101EA000C2F80C11C4F8403110BD00BF00800D40D5
:101EB00000C00F4000002E4000900D40001C1E008E
:101EC0000000002000940020E903020008B50E4B3A
:101ED0001B6E9B0700D4FBBE72B60C4B00200C4A55
:101EE000C3F8400103F160430A49A3F55F2311647D
:101EF0009D46BFF34F8F4FF40013074A0748DB6935
:101F000002609B68984700BF00441F4000002E40BD
:101F100000C00A4003002000000012EB00802020D7
:101F2000F8B500BFF8BC08BC9E4670470000000032
:101F30005FF800F0052A02005FF800F0552C02005F
:101F40005FF800F08D1402005FF800F0CD1502007C
:101F50005FF800F0E9FD01005FF800F0E5F701002F
:101F60005FF800F0550B02005FF800F0D1F40100BB
:101F7000450000007D4C0100AD870100BDE001007F
:101F800035E1010001E501000DE8010075E80100FF
:081F90000DE9010001F201005E
:101F9800FFD8FFE000104A464946000101020076DA
:101FA80000760000FFDB0043000302020202020386
:101FB80002020203030303040604040404040806DB
:101FC80006050609080A0A090809090A0C0F0C0A75
:101FD8000B0E0B09090D110D0E0F101011100A0C24
:101FE80012131210130F101010FFDB00430103032C
:101FF8000304030408040408100B090B1010101044
:1020080010101010101010101010101010101010C8
:1020180010101010101010101010101010101010B8
:102028001010101010101010101010101010FFC009
:10203800001108002F004F030111000211010311C4
:1020480001FFC400190001010003010000000000A5
:10205800000000000000070805060904FFC4003D51
:10206800100001030302040401080709000000002E
:10207800000102030405061107120008132122318A
:1020880041514209143261718191A1152352627242
:1020980082C11724254353738492B1FFC4001B01E6
:1020A8000001050101000000000000000000000020
:1020B8000500010204060703FFC4003211000103F2
:1020C80002040306050501010000000000010002EA
:1020D8000304110521314112516106718191B1F05A
:1020E800132223A1C1071452D1F132E1FFDA000C07
:1020F80003010002110311003F00EA257AB94BB62B
:1021080068B3EE1ADCC6E253E9B19C9729F59F0B38
:102118004D3692A528FD801E124B99779EB5556EB7
:102128009AECFE662FD7261A7BF25D81A7D6A3927A
:102138009C6E3C92C2BBC99484286E8CC1214E7F90
:10214800ACFABA79D89571153B6C8E6AD76DEF6C7D
:1021580057D570D76B354AB6A9571D44A1D55A969D
:10216800BA2A9DC1695D21E13394149D8DEDDB1D73
:10217800251E1EA1486D27B2AE3976D01A3685C401
:102188008DA9BACD2A5562FD94932A25295214F0B7
:10219800A5EF04EE5EE514A9F393B9C56769242792
:1021A800272A21F13C6E930A1694DDFF00C46BE3E5
:1021B800CBC55DA3C3E6AE3F20B3799F79A46B8FEF
:1021C800994BA58715FA1E854C8ED83E1EB95BCA59
:1021D800C7D64148FCB8C9C9DB2AA7BBE946D03AEB
:1021E800DC9FC2D3D3F65E9C8FAAF24F4B0FED6BE8
:1021F800D139C3B9697240B86D3A74D8C3B28C3753
:1022080056C3807B8DC5493F97DBC7BD3F6BEA2F1F
:1022180069A30474B83F7BAB527636091BF464207B
:10222800F5B11F6B2D6356B4B2D2E69A993AFDD038
:102238005BBE7D16FA88DF5A7D11D9CE4644DC0C88
:1022480000E3617B5B70E004BC8CA147017FB49D17
:10225800750E254F88B38A139EE0EA3DF3593C4B2F
:1022680008ABC21E1B50DF94E84660F8FE0E6833C8
:102278004AAE89FA9F6D54F948D6395320D79A92B5
:10228800E2ECDA95494B4C9A5D61BDDFDC5E528E1B
:10229800ED8E1DC9009F894919CB78BFD10C3966CD
:1022A8001602C3ADDF9715817268E3D5AADD2AF55A
:1022B800D3E7655C76E6C9AEB72074158A9D38E128
:1022C8004376027AE84907C4D2C0EC71C249746BFC
:1022D800974D5C8DADBA4541BF12A6C4E7D9F9B593
:1022E8004DA4793535AF0BA00F404E169FDD5A78B7
:1022F800905122C514F3C5714EAD526D3D02A154E3
:10230800930A5EA0D4BFC4A513DA25262E1D92F227
:10231800FD9230147DD2DAC7AF0C53B79A8DDDAF7A
:10232800D2AA6F5675F9FA5A116BDA0B62D7D3AA8B
:1023380034946E69C92DA098BBD07B2D2C37BA6315
:10234800C3E379D40390A238652E8967924D1B5B4D
:102358008CCCE652FB6573E63929E6ADC13017141B
:10236800FCB2A575EA0BCFD250515A527F6BA8AF79
:102378003DA780F8E62830AA4328FF00B3937BF9ED
:10238800F70D55AA4A7FDD4A19B6E97AE6BAA04B95
:1023980094FA8C89935D51796E3CCC479F492D679F
:1023A800AA77A1252769041C138C11E98E3993702B
:1023B800CC46B41A9F86E771677E7D735B485F0CD5
:1023C8000032E05B6F447D7054E9A9611255518A6F
:1023D800969F4EE696A79294AC7BA493DF8A6C8A6C
:1023E8004E22DE1371AE5A2351BDADB711011F55F0
:1023F800E54698DB8EC490D3C84AD6D9536B0A01F8
:10240800693852723D411823D38F70C730D9C2C87A
:10241800B53BDAF1769BAD728F735CD67DCD0AE45D
:10242800B3A5BF1EAD05CEA30B6525448F890A4809
:10243800FA4850C8524F6233C12A19658656BE0BF6
:10244800F10D2DEFCD5FA8A7A6AAA7745576E03A9F
:10245800DF2EE37D8DF43CD32F321A7749E62347EC
:10246800A0734BA6F08C1BAE8D1C2EB91A3643AE4A
:102478002239C3BDC772F4729DE8579A9B18F44677
:102488003A7515536B606CCDDF5E8775C4F17C358A
:10249800F84563E924CEDA1E60E87DEE81EE2D482A
:1024A800762DEFA71CD4D310DA674E9086AE569AD5
:1024B80001285D5616C6E59C2700264C475B731E0F
:1024C800A56BE2D7543ADB2A7B95279AD23E6475EE
:1024D8002B40A33E9FD05564A2E7B706E251D150E6
:1024E8004A8047BE597909FF008E7870A273174554
:1024F800FCDD5F6E49D50D56B89978AD56ED169B43
:10250800605288F34BF3F7489A53FBDD043EDFF340
:10251800F0C538469AC369541DBCB4D395EB786CA2
:102528009341830A14B0318556AA6A43F2DD563FB7
:10253800612B693DFB84B78FAB849C735D0EB86DCE
:102548009A5D9F6B51AC3B75BF9A53A8D4B4C288AF
:10255800123BA1213B02BB79ABC3B89F524F1CDF92
:10256800B6B31755450EC1B7F33FF88EE0CD01AEAF
:102578007F5F445D746A5CCA7B36AD9155B1EA02EF
:102588005BC5D8D024D2A6A131196DA8E953AA52A7
:1025980017E4AC050696405648EE939C9A8BB51402
:1025A80072C05FC2E01805F2195F2E6ADB30890B32
:1025B800DCF6BC67CF539FBBA34AAC16D1226CE7AD
:1025C800A132DBF2E43AFA86C49290A56E2927F884
:1025D8008A9440ED959F3F3E3158956B6BAA9D3488
:1025E800570D3FD5AFE2B57410FC18DAD76640B284
:1025F8009DF512E6A26984C16AD8D6BC54D46AEFA4
:102608002A73CD32856C2EBAADBBCA5272B756A1A9
:10261800E9E78F5EDC10A4A79712FAB3BC90321CCE
:10262800FBBB8235434F153B488DA1A353DFCCAD8F
:102638007EE5A16AFDAF74D15177568502BC9751EA
:1026480030D1A2BDD39D0E2A9BDE97DE0DE52D0568
:1026580077474D6BEA0246500281269D4ECC29866B
:1026680046E4EDB9E7E8BD61969F17BC4071C5B96E
:1026780023E5241D33D7BC65C8AB47E4F6AEBB32AF
:1026880005F7684D3D68ADBD12A08697E24E5E4BDA
:102698008DBA083E7B8348CF04BB33212C9233D0BC
:1026A800F9FF008B2BFA8B4ED0EA7A81A90E6F9531
:1026B80088F52A4CD45B459B3D5AC5A5CC0260DA07
:1026C800B73C2A94049F81A53CE45FCD994C03FE56
:1026D800D8F6E34EB9B84B3735F72ACAACF2E9AFAA
:1026E8008C1097E6590F5265AC7F98B8CCAD9CAB6F
:1026F800DCFEB87E03849B985A2D624A751353E911
:10270800105E216DDEFAC53653C3D14CB6FC58CDE8
:102718008FB025D747DE78492DDB9770DEA573F596
:102728005BBAA427ACCC3AA576ACDEEEF80DA9517D
:10273800D9FC02D18FB070B748E415DBA951D49504
:10274800C79207856D96F3F5839FEBC739EDB40EF5
:102758006D4453EC411E20DFF28EE0CF05AE675B7F
:10276800A88F5259A69BC2A454D5389332417F2DC5
:10277800D3FBF84EDEA6E940F9F975CB7DFE82520F
:10278800AEFC0FA1E2FDA3ED7D1BFCB9F77A03D5E2
:102798006B22BDDBEFF1E8B2155BA2DAA5B944B64E
:1027A800A756A1C6A9D4E205C186B584AE42108158
:1027B800BCB6029492123CF0B501DBB9C8244B694F
:1027C800E6903E56B496B4E67977E9E8AF3278E316
:1027D800788DCEB38E839A31BAEC2B42A977BB762B
:1027E800B8F49953931D9696CA9F0111DC47D15AA4
:1027F8000A085038008C9EC7B8E0A9ADF8304715D4
:10280800382DCB32773BDBA22B4324BF3B642D39D9
:10281800E56FE3C8DF75ACCDA553E9AA92E438C1EA
:102828000ECA70BB21D5294B75E59EE54B5A8952D6
:10283800C9F724F1033C939E290DD1DA701A0002DE
:10284800C1577F2795B1218A35E7783CD292CCF9D8
:1028580071A9B1D67E2E8A54B731F7BC91F71E36CE
:102868009D998888DF29DC81E5FEAE79FA8954D7FD
:10287800490530D5A0B8F8D80F4530EA855A2DD784
:10288800235FF53A238174EAB5CD4BA0D39DF85E5A
:10289800225A9D247BFEAA1057D8B1C6997391B2CB
:1028A800CA6B1C17A672DFCB7D0D84154C7E0D619B
:1028B800F4A71DCB654850FBB1C2486A51F697D6BC
:1028C800831A87A4150797E162EE549593EEBA939D
:1028D8000493F97093A5DF93D9F48E666BC241FD1A
:1028E8006BD46AA633E655F3B64ABFAF0826768B93
:1028F800A3B70D19BAED2DD82A5042CF89A59F85C7
:1029080063C8FD9E87EA3C0DC630C6E2B4AE80E4DB
:102918007507911EEC7A2F6A4A934B2878D37EE587
:1029280032DF166D2DBACB322B3418E2A34B71F57A
:10293800B2A5B601429E46C71581D97B91DB2A070D
:10294800B7971C86665450BDF4F2DDA771DDA787E2
:102958002216F69266CAC0E8CDC147572D369D2487
:10296800B66453E33BF374A92CEF652A0D85001474
:102978001208EC0800103D87B7118E47B6FC248B6F
:10298800A2D1B1AFB170BA3EACB0C466D4D4761B94
:1029980069032425B4048FC0716038B8DDC6E8BD6A
:1029A8003B43459A2CB0B6C69EDCFA9D74C7B4ADBD
:1029B8004845F9720E5C7140F4A3359C29E755F03F
:1029C800A07E24E00C920704E82965AC904510CF5E
:1029D800D3A956EAB11830BA7353506C07993C879B
:1029E8005FF4AA5F98AD46B7F951D08A7E8D581228
:1029F80054EDD35984A8507A6075D0870912272DD1
:102A080023B85A94A506C7AAD4319083C750A5A75E
:102A1800651C2D859A0F775C4712AF9715AB7D5CC7
:102A2800DAB8F90D87805226BD527FB30B16C5E57B
:102A3800E2100BAE4242AE5B99B6D5BB1579A84AF7
:102A4800188C7DD4D30129FE707D78F754C679AAF5
:102A5800328165C2BAB9A8D3CD1E5329914BD20B86
:102A6800092C554254148131C8E10B19F2CEE7996B
:102A7800FBC1F6E1F751D9454A62AD6EB7439AA852
:102A8800CA43D45ABBEB1E349C29B71874791F70FB
:102A9800788A9266E51EA126DCE6EE9D2111D662B3
:102AA800546A154A72CA549EC9792EA91919CF6554
:102AB80025BE1F74C745D5307233C494161EE4B4BE
:102AC80068575C6F9BD62185948C36F20ED71BFB1A
:102AD800143FF0E47D5C0EC430AA5C4DBC350DB9E2
:102AE8001A1D08EE3F8D15BA5AD9A8DDC511F0D8C0
:102AF800A20B8B9665CD714AA45DA96D0A3D912AFA
:102B08002EE23F992A19FC38CA4BD8BB1BC3365D45
:102B180047E41FC2D2D3F6A7807D58BC8FF6B0B069
:102B28003939852E425DB9AF579D602BC4CC08A1B9
:102B3800A5287F1ACAB1FF005E3DE9FB1ED69BCFD0
:102B48002DC7416FB9BFA2B12F6CDCD6DA08B3E646
:102B58004DFEC2DEABD3ABFA93A77C9BD84CC1B376
:102B68002CE4C8AE56C3829D1467125D6C0DCF4A23
:102B78007D4771423703804A8E7090919235549404
:102B88007050B3E1C0DB0FB9EF2B2B5D8854E272B4
:102B98007C4A97DCEDC8770D945BA6B57ADD56E5DF
:102BA800B979AFD5F4AEE3976ECA6514D84EA8626A
:102BB8007D71E4A8C4688070D4761292E63200DA97
:102BC800809C9C8367AAAA79058CD29A4D7EAB7F9C
:102BD80057F986D5188E54E1DA19B9E7A54E365754
:102BE80052A92DD08871C2413B50A90A41248DA910
:102BF8004378F61C248F255E720366D5E45B575E26
:102C0800B8DE2E2645C17FD59D716E9209E8B4E2E3
:102C1800B76307C214F29CF0FA2508E1C28BB92FFA
:102C2800FFD90000FFD8FFE000104A4649460001DE
:102C38000102007600760000FFDB00430003020279
:102C4800020202030202020303030304060404044B
:102C58000404080606050609080A0A090809090AF3
:102C68000C0F0C0A0B0E0B09090D110D0E0F10108D
:102C780011100A0C12131210130F101010FFDB00A2
:102C8800430103030304030408040408100B090B9D
:102C9800101010101010101010101010101010102C
:102CA800101010101010101010101010101010101C
:102CB800101010101010101010101010101010100C
:102CC8001010FFC0001108002F005003011100026E
:102CD8001101031101FFC4001B00000203000300DF
:102CE80000000000000000000000070805060901B8
:102CF8000304FFC40039100002010302040207059F
:102D08000803010000000001020304050607110082
:102D180008121321410914222331325115616271BD
:102D28008116244243529192A125337283FFC40035
:102D3800170101010101000000000000000000006F
:102D4800000000020103FFC4001C1101010002037E
:102D58000101000000000000000000000111310224
:102D680021514161FFDA000C030100021103110037
:102D78003F00D48BB5D2DF63B5D5DEAED5494D451E
:102D88004303D4D44CE7658E3452CCC7EE001E03FF
:102D980034B50359EB73CC92E5CC366B3D62E374E2
:102DA800952F6CC271B150F125C658CEFDC98291DC
:102DB800BC29B8794FF1332C60EDBED19FAE98C7CE
:102DC800418DFB35CC6D57B6CDF30BB55DD7502F84
:102DD8008C9574B4D2B164B6ABEDDA95E21E1DD20F
:102DE80036EDC5B6C8BD2C46E54719969B3E5CF93D
:102DF80071B4E96D95B982E663258A9AE4BFF23128
:102E0800C778AEE882DDBFB426A8676D9A63BEFBBB
:102E18001F94FD5BE1527D45E5F23CBA89E979E50D
:102E28003B0BAE96DB8F4D926632C2C54CD69A00EC
:102E380094E48FE992764EA1F7804714943623E9FB
:102E480097E582FB5C94791E3D9A6371BB01EB3573
:102E580014315444BF7B766467DBF253C0133527C3
:102E68004F74A79CDC35B52340F54A9A4BE431856D
:102E78008EB6DB5EE219C81E1055C40868DBC8317F
:102E880050C3CC11E1C65996CB82CBA579A5DAC738
:102E980070BF72A9CC7BD7535A2F937620A9AD90D7
:102EA800B4B65B97F26A11D8F8C4CDD3E20EDE202F
:102EB800FC0B6F13CABBEC47E9FD2E6B68BE661CA2
:102EC800A965979ADA1BA554EF2D86A12A9D3B1771
:102ED8008814987A181FFAEA23DD3E87AA33C27845
:102EE8005F4EDF269AC157AABA490D1E4333B64B27
:102EF8008ACBF645D44A7DE3141EEE46DFC77651E9
:102F0800B13FD48DC5CB94729840F3BB94DC6A7101
:102F18006C7B4531DAC5A7B9EA15C452D44BD5B094
:102F280082DF16CF3C8DF45F977FC21B8CE5E37878
:102F3800FA4CA6B858EEF5577D5BAAA156C1F4F92C
:102F480022B061F6C9C7BBADAB1B9803AFF10F0741
:102F5800A99BEA4853F3712A5F794DC0AC3496FCBB
:102F68009B9C3D77ADDEC38C77EBE09AAC757AC558
:102F780052FB52546C7E62AC42A0F391BC3E51C6E7
:102F8800F19F59CAFC231CC87337AD1CF4EAC25A16
:102F9800E8D6AA1B0AD438B163B1CDD14D4702EEA9
:102FA8004D45431210B8405A495FD9500EC428E223
:102FB800D00A6A1E995EB4F27A29AA2BADF78B352E
:102FC800D51A4B65EED7234B435C10F4C82372AA7D
:102FD8007A91B756460181DBC3620908AC3B0DC83C
:102FE80033CBF418E635442A2AE60CECCF22C51474
:102FF8001128DDE6964621638D1412CEC400078998
:10300800E02FBA79A95AD5CA1EABADE717B954D87B
:10301800AFB6C910555297EBA5B8539D982C801E92
:1030280089E17520AB02410C194FC0F01ACF9253B9
:10303800E0FE90BE5AA875D74EADF1D16736585EFE
:103048002AAA2520C8B3C43AA6A173F16077EB89F0
:103058008F932FF5102794CAB8DC16DCCF2CB966ED
:10306800184E23ABF0CCF1E5D85D5C360BBCFE22E4
:10307800493B5BC94152DE7D5D29244C4F9C4BF591
:10308800E26ABF0CBE916514D82F3676BBD5B368FB
:1030980031AD70B043768A25F08E3AD910BB28FB43
:1030A800C4C92AFF00F5E2A755974AB73779DBCF9D
:1030B800AB1A857B86727F64F1FA4C4EDDB1F92A32
:1030C800EBF779D97F1083BEBFDB8CA4D049AC78ED
:1030D800FD6D0C9A65CB85823FDEE8A869AAABE353
:1030E8005FE65DEE455DBABEA52368507D003C6590
:1030F800F1B3D5C7D2C97C8745F964D36E5DF13980
:103108007D5E8AED55FBD84F033C1448A4F57D7AC3
:10311800E6955CFDEBC7473BDB3C340751ECB8C098
:10312800B8E1F766A0B535F2AE8EA21BD54C26489D
:1031380043D3BF5AD15728F69E8266E9EE85D882D6
:10314800A8C7A8295E009F64CDF2ECD751F26D188C
:10315800D67C0637B25D4C9586D36C44861B1845E1
:10316800774ABA399E4EC52C03BC677A8D9C488332
:1031780062583F0176D3DC5310D39A1ADC3B1CB754
:10318800C37BB1DEA8C8BCCF75A66A77BADB657009
:10319800AB5B561434B4B4E4EDEA54911EFCF374FA
:1031A8004A7C02AF001AE63A5C0712B2D2E92D96C1
:1031B800F55D945C2CD5E6A282B6E10A45558EDB16
:1031C800DD49FB226746613C8AEDD4E012913290DA
:1031D800BB167550647D0BBAA370B16B7E4DA512FA
:1031E800D4B9B6E53656B847096F656AE9586CC070
:1031F8007D4C52480FFE47D38027EBF6194D85EBDF
:1032080066B060F4112C76DBD5A3EDE82251B2A4A8
:103218008AD1556E0796C7BEA3EE63C73BB749A7C9
:103228007D4DEA7A5E5C743F54E2245661196D4D17
:10323800ACCA3E3DAEF77D57F20136FD78DF90FA15
:10324800AFE7572FDBAD439A9E43D6B96EA9540713
:10325800FC5142F1431FE804EFC66C8BBE94471E35
:10326800A57A41EBEEB381241417CB8D5C60F8800E
:1032780094A8F1C3FD8AC7B7E5C6CEEB2F515EF41B
:10328800E16375D25AF4AB2F4463474F3DCEDB2B35
:10329800792C922C32203F988DFF00C78B43303019
:1032A8002C1725D4BCBADB83E2141EB775BA4A635F
:1032B80086327A554052CEEC7C95515998F9053CA6
:1032C800039960B7C964C4AD180D2562DC69ED3493
:1032D80091CA2AAED4849929DA5EA8AAAB936EEF74
:1032E800A8894FEE36C3BBD448448EA1485E039CE0
:1032F800935774FB473269B4FB3CB3642F79BA0423
:103308009AB2E52D534757667AA5024BA4CC88C6D6
:10331800A6E661626354F734CAC22424F5BF00AA42
:103328006B2E8F641A4D7E8E2AE98DC6CF741DFBD5
:1033380065D5576150840631CABB9ED54207512CCA
:103348002C7A918F8EE082419FF43E6395F77E6ED2
:10335800E3BCD3C4C69AC58EDC2A6A1C0F051204C6
:103368008541FCCC9FEB80687980BC5365DAF3AD6E
:10337800196D23ABDBF14C55ACED283BA9A8904562
:103388004A177FAF5C92FF0081E22ED734AD5540DB
:103398005B90BB0D111BCD72D4190530F33EE5943B
:1033A800EDFA83C67C6FD0EB16BD05CC74FEE33313
:1033B8007845984955213F8AAA9C93FD8706D18371
:1033C800927A80DCE15D9A73BC93C578DB7F896E65
:1033D800E751FF0040F1BC769E5A385CE572ED4D2E
:1033E800CCEE81DFF4D51A28AF002DC6C75127824D
:1033F800C55F0EE63DCF92B82D1B1F20E4F971681A
:1034080062972F58EE07A7993EA959F5EF3FB8E9FB
:10341800964169C7EA6CD6C64A09A6AD86E924AAC8
:10342800ADD31C637F044752775F664DD4FC0F0110
:1034380027A9BCD7DBAA719A4B6E0CF5B5B97BF7F7
:103448001AF1964D46942B5752C3A0D7474EACED70
:10345800EB8D16D17AC3BEEAA18C691B3B31018E74
:10346800299958739B053E98EAA57FABC74A19313D
:10347800CC92405E4B448C49EC4E46ED251BB12462
:103488008F16898974F0EA56099CD72B181E98BEA6
:1034980082D36494F96565555475770969E75A9B31
:1034A8006DA650E5C4542CBECC93B13EF6A1770569
:1034B800768D7700920FF72AB88A720DCAF5CF5326
:1034C800B36A44A7D52D5044FB2AD528F7D474AA4B
:1034D800A7B3DC53E2A075995C1F331A7C41E32D36
:1034E800C364CAB9A994D3E96681D9F0EBBCACD955
:1034F8008EA656AE557EEE1DE586893ABD56393CF8
:10350800C177679483E7C45D2E77452B76266BDFFA
:1035180096DE5EBB24CE84E617B887898D65733244
:10352800871E47B6AE3F51F5E37C8CF6961BB587F0
:1035380020B2A53B1A3292DB2F15241EEA1D8831D2
:1035480011F03F553C4A858E5AEAAED61E6DACF74F
:10355800C8E91BD5AB6F5534F2ECEBB84A90EA3C9E
:1035680037F22EA7F4E366D974D57E3A3995DE6F23
:103578007D1FDA47CD7C46FF0056CF8C66D045DAF2
:1035880082FF004508633281ECC75316E04CA3C89C
:10359800EE180F81DBC380CC1D51F4527359A75527
:1035A80013496CB658328B623111D6D05D6280B245
:1035B800F9168EA0C6CA7EE1BFE7C040601E8CBE69
:1035C8006DF502B160A5C32D36BA7DC092AABAF9CD
:1035D8004BDB8C7D4889DDCFE8A7807334F3916D90
:1035E80021E45EC14BAC9AC04EA5E791C9D364B73C
:1035F800450F6AD94D560750601FE72BF1EE3FC3C0
:103608006F6537D8F196E1B265038A54E4BADBA94D
:10361800F7AD72D6F57B85930FA75B9D45BA175E0C
:10362800997DE74D2D0C49BECB1B4847513E1B06E3
:103638002492788DF757AEA22ECB8DE65AF9AD3588
:10364800BA87A9D4FDBB3C1DDBDDDC4532376ADF18
:103658004CBD5EAD0A06DFE5558D7F3DCF9F0C64FE
:10366800D4335C96DA2F3A9BAA39D731D96D2C70AE
:103678004D50E2D169A60E1852C3B2928BB1F0092F
:1036880012C483EBBB715C7794F2EBA7FFD90000FF
:10369800FFD8FFE000104A464946000101010096A4
:1036A80000960000FFDB004300030202030202034E
:1036B80003030304030304050805050404050A07B6
:1036C8000706080C0A0C0C0B0A0B0B0D0E12100D3A
:1036D8000E110E0B0B1016101113141515150C0FD7
:1036E800171816141812141514FFDB0043010304ED
:1036F8000405040509050509140D0B0D141414140B
:103708001414141414141414141414141414141471
:103718001414141414141414141414141414141461
:103728001414141414141414141414141414FFC0BA
:1037380000110800300029030122000211010311C1
:1037480001FFC4001F000001050101010101010082
:103758000000000000000001020304050607080934
:103768000A0BFFC400B5100002010303020403059D
:103778000504040000017D01020300041105122163
:1037880031410613516107227114328191A1082336
:1037980042B1C11552D1F02433627282090A161758
:1037A80018191A25262728292A3435363738393A58
:1037B800434445464748494A535455565758595A19
:1037C800636465666768696A737475767778797A09
:1037D800838485868788898A929394959697989901
:1037E8009AA2A3A4A5A6A7A8A9AAB2B3B4B5B6B726
:1037F800B8B9BAC2C3C4C5C6C7C8C9CAD2D3D4D552
:10380800D6D7D8D9DAE1E2E3E4E5E6E7E8E9EAF190
:10381800F2F3F4F5F6F7F8F9FAFFC4001F01000314
:103828000101010101010101010000000000000186
:1038380002030405060708090A0BFFC400B51100B6
:1038480002010204040304070504040001027700CE
:103858000102031104052131061241510761711358
:1038680022328108144291A1B1C109233352F015C3
:103878006272D10A162434E125F11718191A26277D
:1038880028292A35363738393A434445464748497E
:103898004A535455565758595A6364656667686958
:1038A8006A737475767778797A828384858687884F
:1038B800898A92939495969798999AA2A3A4A5A673
:1038C800A7A8A9AAB2B3B4B5B6B7B8B9BAC2C3C49F
:1038D800C5C6C7C8C9CAD2D3D4D5D6D7D8D9DAE2CB
:1038E800E3E4E5E6E7E8E9EAF2F3F4F5F6F7F8F9F0
:1038F800FAFFDA000C03010002110311003F00FB7C
:10390800B6B2BC45E23D3BC35A7BDCEA37B1592627
:10391800D6D8643CB3004E147735AB5E69FB40588B
:10392800D95DF806696E2D9E7BA8E455B578D492CA
:103938008EC464F1DB028038ED3AFBE2978E7C237B
:103948002496CF0C56B339922BA6220B8957764072
:103958005C741C7535DA7C39F8A4FE22D4A3F0ED2A
:10396800F699796BAB59C1B6EA593E650E9804933E
:10397800D467DFD6AE7817E24787AFBC2364EDA8DB
:10398800DB58C96D02C73DBCEE10C6CAB823079301
:10399800DFA5711E13F11CFAA7C5AD475FD364B547
:1039A800B6F0FDE37D9659AF2411B4CB1A02590144
:1039B800EA781F81E6A4A3DCE8DC3D6B2BC3DE2696
:1039C800D37C516B35C69970B730C52B42CC0606EF
:1039D800E1D7FF00D75ABB47A551272FE3BF885A25
:1039E8006FC3EB3B7B8D416590DC49B123857E62DB
:1039F8003B9CF4E2BC9BE2A7C76B7D4ACADACFC204
:103A0800F77710CDE60965B909B3231C28FC4E7F6A
:103A18000A4F8F7E3CD33C491DB78734E5F3EFA1AD
:103A2800BBC4B2347808DD02A9FA9E6BD4BC0BF093
:103A3800CF46F07E8F0C2B670DC5DB2033DD4A8126
:103A480099DBBFD05494786695AFF813506975DF49
:103A580010C5757DA9B4091CBA7F960249280019BA
:103A68000303DF1939EE4D6F784FC2BA3788BC614E
:103A7800A6E94D6E0786BC99752B08D9C97B92C5F6
:103A8800558364E7E52A46071F2FBD6E7C78F86BDF
:103A9800A67FC23B3F8834FB68ECEF2D595A611270
:103AA800E1654240C91EA091F866B37C2B6BE1FF2B
:103AB8000089DA3DAC76124DA6F8C34ED3D628DE7F
:103AC80036648E329C061838C12467EB480D1F1ED9
:103AD800787746F87FE2FF000B6A1A6DB4F024D7B6
:103AE800589F4FB1247981470E107A74AF5EFED388
:103AF800FF00A672FF00DF35C57857E16CBA36BF04
:103B080065AF6A3ADDDEABAA470345289C8642CCFE
:103B18003F8723200AF41DC7FBC3F2AA11F3FF0055
:103B2800C7CF02E97E1D8EDFC47A762DAFA7BBCC46
:103B3800C8CFFEB1BA8603D88AF4DF02FC4ED17C26
:103B48005DA2C137DB21B5BC54026B699C2B2B0EDF
:103B58000E33D455CF1D7C3ED33E205A5BDBEA5E44
:103B68006279126F492238600FDE1F88AF28F8A5E6
:103B7800F01E2B3B3B6BAF0A594F34E5F64D6C1FDB
:103B880076171C30FC696AB61EE6A7C78F899A6F3C
:103B9800FC23B3681A6DCC77977744099E16DCB17D
:103BA800A020E09F52463F3AE93E0EFC3FD27C35CA
:103BB800A0D86AD6FF00BFD46F6D54CD701F2B8676
:103BC800C1C0FA703F0AC2F0EFECF1A1C9E1581781
:103BD800545B94D5A78D5E5915F69858F25547E968
:103BE8005EA9A0E8B6BE1DD1ED74DB2431DADBA6F0
:103BF800C452727F1FC69EB7BB0E9A17C514514C8C
:103C080093FFD900FFD8FFE000104A46494600015B
:103C18000102003B003B0000FFDB004300030202FF
:103C2800020202030202020303030304060404045B
:103C38000404080606050609080A0A090809090A03
:103C48000C0F0C0A0B0E0B09090D110D0E0F10109D
:103C580011100A0C12131210130F101010FFDB00B2
:103C6800430103030304030408040408100B090BAD
:103C7800101010101010101010101010101010103C
:103C8800101010101010101010101010101010102C
:103C9800101010101010101010101010101010101C
:103CA8001010FFC0001108003300CD0301110002FD
:103CB8001101031101FFC4001D00010100020301ED
:103CC80001010000000000000000000705060203D3
:103CD80008010409FFC4003A1000010303020403A9
:103CE80005050607000000000001020304000506A0
:103CF8000711122131415161810813227191141564
:103D080042529223323382C1F0172472A1B1B2F128
:103D1800FFC40017010101010100000000000000BC
:103D2800000000000000020103FFC4001C11010193
:103D38000003010101010000000000000000000173
:103D480011213151124102FFDA000C030100021166
:103D58000311003F00FE97A9494A4A94A0001B920C
:103D68004EC00A0905EF57F25CBAF32312D13B3B68
:103D78003737E32BDDCCBDCAE50629EE127F19FEE5
:103D8800C03599F158F5D69D00BB648049D4CD5013
:103D9800BFDE1F5F354786EFD9A324F825201E5EB6
:103DA80082B31E99F1CD5ECAFA6281C505FBF4376C
:103DB800C74799B8AB8C1F1E62B7E61F55D0F60BE4
:103DC800AD3A743EDB81E6EBCAA033CD568BD00505
:103DD800D524766DDF1F51EB4DC332B6FD37D59B29
:103DE8002EA08916D5C57AD17F81F0CEB4CB1C2FF1
:103DF8003447529DF6E24F9FD692E59661BCD6B005
:103E0800A05028140A05061F2CCBAC184591FC833A
:103E180024B82224360753CD4B5764A53D54A3D864
:103E28000A70EA531EF1AD7AC3FE6B1C29C13187B3
:103E38007F852DF6FDE4F948FCC94FE107D3E66A12
:103E48007755A8FD69F65FC3A71F7F9564D935F636
:103E58004AB9ADD933CA413E400E5F5A7C9F4F8A5A
:103E6800F664C6EDA7ED18666393E3F293CD0B6293
:103E7800695A01F349DB7FAD30CFA7E57B2FD5ED3C
:103E88001E585EA0C7465D8C25412BBC416B8254F1
:103E980064FE675BEE3FBE2A6E75BABC57AC17FB73
:103EA8003E51698F7DB0CF6A641949E369D6CEE087
:103EB800F91F023B83CC552590A05028140A05020F
:103EC800823DABD7BBCE619340D12C4662E33D71B6
:103ED8006FED57C98D9E71617E507B157F503BD623
:103EE8005DE9535B52F15C56C78658E363D8F41416
:103EF8004587153B25291CD67BA947BA8F735BC418
:103F0800DDB2D40A0504BF58F4E255DDA6B3FC2897
:103F1800FD8F2FB08F7F19E686C65B69E6A657F935
:103F2800B71BEDBFCBA1ACB3F5B2FE368D35CE6174
:103F3800EA261D03278880D2DF496E4B3DD97D3C98
:103F4800968FAF4F22292E4B30DA2B585028140A5F
:103F58000E2EBAD30D2DF79C4A1B6D256B528EC1C0
:103F68002903724D043310B62F5E7347F513246D81
:103F78004E6276390A8D6080E0FD9C87127E290B9F
:103F88004F7E7FD0763BCCDED575A5D40000006C83
:103F9800072005524A0507171B6DE6D6CBCDA56D40
:103FA800AD252A4A86E140F504771410B95155EC3D
:103FB800FDA871665B8A918265B2431223EFBA2D20
:103FC800B315FBAB4F824FFC6FE02A78AEC5DBAF71
:103FD800306A925028140A05028235ECF89191DC77
:103FE800B34D4D9438DFBD5DD715851E7C3199DB07
:103FF8008523CB98FD22A67AABE2CB54928140A0D0
:104008005046F4A9B18A6B0E7F81B3F0427D4CDE35
:10401800E2363A23DE01C600F9A87D2B26AB6EE214
:10402800C95AC28140A0504DBDA22FF22C1A4D781A
:10403800542594C9B8FBBB73441E7BBCA093B7F24C
:10404800F1565E3675B76118E45C4B11B463911094
:104058001288111B68EC3AAF6DD47E65449F5AD81C
:10406800CEB3740A0502834DD62C619CBB4D2FF646
:10407800871B0A70435C860F74BAD8E3491EA9DB14
:10408800D6B2F1B354D1CC8DDCAF4C71DBDC859565
:10409800BEEC24B6F28F52E37BA147D4A77F5A4ED9
:1040A80017ADCAB585028140A06C4F41418BC7311D
:1040B8008B0E236D167C6ED8D40861C53A196C92A4
:1040C80038D5CD4799279D387594A05028140A08EB
:1040D800ECC22CBED4705F7BE16EFF008DAD86CF45
:1040E8006538D2C923E7B26A7F55F8B15524A05084
:1040F800281411CF68F22E51F0BC4DA3C4FDDF2463
:104108008DB2075286F7E23E9C42B2B62C7CBB5673
:10411800B0A05028141D52E389711F8AAE8F34A6AF
:10412800CFF3023FAD049FD97E47069ABB627794CE
:104138008B2DD66427907AA485F10FFB567F3C57C8
:10414800F5D576B525028140A0F35E476DC9B3FD6C
:104158005ACCD161BB4F6E2D9D50E270B32169409E
:104168005FBB5716C01DB7DC1DEA7B55C8F4A552C6
:104178004A05028140A094EBFE3D7555A2D5A8984A
:10418800DB25CBBE1B2C4F4A1239BB1F97BD47D02E
:1041980003F206B2FAD9E37EC4729B4E6B8EC1C994
:1041A800AC8F8722CE682C73E6857E242BC083B81B
:1041B8003F2AD972CBA6628140A0F8A525292A52A8
:1041C80080006E493B00282278B3FF00E2E6B5483C
:1041D800CD98DDCC6F0B6D702DAEFE091315FC4725
:1041E80013E200279F926A7B55C8B6D524A05028B1
:1041F800140A088B3253A3FADD31A9C7DCE35A80CD
:1042080043CCBC79371EE09EA927B716E7F50F0AFD
:104218009E55762DD54928140A0D6B51739B669DC2
:10422800E253726B92D24B28298CCEFF0013EF9188
:10423800F0200EFB9EBE40D65B86C996B9A0B88515
:10424800CB17C31574BFA4FDF791C95DD6E1C43E71
:1042580024A9CE6941F927B7624D216A915AC281D2
:1042680040A050283E29295A4A5490A4A86C411BC2
:10427800822822375C5730D12BECBCAF4DEDCE5E97
:104288003159EE17EE76041FDA465777638F0F2100
:10429800F2D88D889E2BBD6F9856B06019E329FB24
:1042A8009AFCC372FA39065283321B577050AEBE5D
:1042B8009B8AD972CB2C6E6398DC7315AC61F23C87
:1042C800C715C4A22A6E497F856F69037FDB3C024C
:1042D8008F904F527C80A64EA4374CB331D7C71766
:1042E8008D69F469764C416AE0B85FA43650E4A65B
:1042F800FBB6C24F3D8FFEEDD0CF78AC63AB062B3B
:104308008BD9B0CB0C4C6EC11047850D1C084F5291
:10431800A3DD4A3DD44F326AB89EB2D40A05028161
:1043280040A0D7F3AC1EC7A858E48C6EFCC9532F25
:104338007C4DBA9E4E30E8FDD7107B11FEFCC5655A
:104348009925C25D67D46CB3469E6B12D608D226F7
:1043580059D04356FC963B65C429BFC297C0E614A2
:10436800077EBF3EB599C7558CF15FB1E4D8F64DCD
:10437800153371FBDC2B832B1B8547792BFA81CCFA
:104388007AD5259251091C4A3B01DCF2A0D0F37D75
:104398006CC0707498F26EC8B8DCD5F0B36EB79084
:1043A800FBEE2FB2764F24FAD65B86C996A78BE030
:1043B800D976A6E4B1751756618850A02BDE5971DD
:1043C800EDF70C9ECEBDE2AE8763CFC76036ACC6B4
:1043D8007ADCE38B45524A05028140A05028141329
:1043E8005D59D30C02F966957DB962D0D7716D25F8
:1043F8004253614D384F8952082AF5DEB2C8D96B4D
:10440800C6175BD5F2D97372DD6FBF5D188C95F056
:10441800869135DE1DBF5545748F46680E9960B983
:10442800143FBF720C799B9CE46CA4B931C71E1B66
:10443800FF00A54A293F4AA9116BD14CB2CC76900E
:10444800C47690D34D8E142109094A478003A5529A
:104458005CE8140A05028140A050754B89127C77EC
:1044680021CE8CD4861D1C2B69D405A143C083C8DA
:10447800D0798FDA0B4EB0CC3B6BAE2B654DA64B8B
:1044880080A94B88FBAD0DFC9215C23D054D8A9560
:104498000DC72E776BFDD9AB75E2F57397194A09ED
:1044A8002D3935D208FD553155ED9D35D34C0F15B5
:1044B800B5C6B9D8718851A63A805524A4B8EEFE7D
:1044C8004B592A1E86AE445B96F55AC283FFD90023
:1044D800FFD8FFE000104A46494600010102007675
:1044E80000760000FFDB0043000302020202020321
:1044F8000202020303030304060404040404080676
:1045080006050609080A0A090809090A0C0F0C0A0F
:104518000B0E0B09090D110D0E0F101011100A0CBE
:1045280012131210130F101010FFDB0043010303C6
:104538000304030408040408100B090B10101010DE
:104548001010101010101010101010101010101063
:104558001010101010101010101010101010101053
:104568001010101010101010101010101010FFC0A4
:10457800001108002F00500301110002110103115E
:1045880001FFC4001A00000301010101000000003E
:1045980000000000000006070805090304FFC40026
:1045A8003B10000103030203070105040B00000090
:1045B8000000010203040506110007081221131464
:1045C800223141517161091523428132526291169B
:1045D80024334344828392A1A2C1FFC4001B01007B
:1045E80002020301000000000000000000000001BA
:1045F80002000305060704FFC40033110001020589
:104608000204030606030000000000000100020384
:10461800041121310541061251613271811323249D
:10462800C1D1E1144291A1B1F05262F1FFDA000C5C
:1046380003010002110311003F00EA2D72B54CB7C7
:1046480068F3ABD5998DC4814D8EE4B94FB8709697
:104658009A424A94A3F001D451731EFCDE6A8DEF8E
:104668005DA8F1277E3928D0D329DA6D856AB92962
:10467800C6999AB60E4BD210850CC667295BA7FB64
:10468800C74A5A1E149D564D6EAC02964BAAF5DFCA
:10469800785BF5C5DE777D5E755F72EB8B44D65A25
:1046A80092A52C5183982CBCB63F64CA50292CB1D2
:1046B8008E565250A292A29480510A86DA6DBBB1EE
:1046C800F871870F77788FA9CCAB5FD52067D26D4B
:1046D800B2F2A4488654721F792A560BE49C95B806
:1046E8007083D0732F241B36E564F4DD1E6B577F6F
:1046F8002C0146EE4D80FA9ECB66E3E3F2FC97254B
:104708007FD14B328D4E8DCC790CE75C92F63D33E0
:10471800CA529CFD06A1795BA4BF03CB35BF11101B
:1047280093DADF55E341E3F371A23E9371DA141A89
:104738008C6C82AEEAA763398F5C12549CFCE80744
:104748009DD3C7E07947B7DCC4703DE847C8ADCB17
:10475800DE89B67C66539EAC6DADD33ACFDCB88C9F
:1047680073F71932DC61335081D10EA50AE5713E29
:1047780081D6FC49E9CC08E9A6B3969BAA68535AA6
:1047880041E68A399870E18FB1F3487DAABC27D2F7
:10479800A6D7B84DE23D5508546AE4911989150722
:1047A8004ADEB7AAD9FC09085A8FF62B5149E60701
:1047B80097A820F2A95A03A1586229759DB7D4FB7E
:1047C800D61562F1E132EDABCEA7D664C975DA032E
:1047D800C898E35DD6BF1D054D25B585021996C855
:1047E80028F3C654DABCF507450F5570F05DBCB226
:1047F800F7736822B3703EE2AE4B59CFB9AAE1EC29
:10480800F6AB5207E13ABCF5CA903073D79D0BD38B
:1048180034D6C91C2886B8E2B8EA557A25ADB096D0
:10482800ED4530EA1B8B53ECA73E4F48B4B8FF0068
:104838008B21E5FF000009E63F4411EBA8E3B22D08
:104848001BA8E1CAD50EAF36B1BDEF52DB365D8489
:1048580023DB56151A4A029995290098885A3F323F
:104868005039E6BFE7CEB52504F5D2A6A6C111F0AA
:10487800F36DB56BDBB5BE2D77259555E5459AE407
:104888007B6189CAE6FBCAB4E295CF31CCF55250B8
:10489800A2A20FEF0511D529D4C5CAC9E91A69D54D
:1048A80066DB2C3C3971E8067D50D44A94CDC4DCD3
:1048B8007833AF8AAC898ED7AAF15AA8CB52F0B216
:1048C800DB8F210AE53E4901270900612001A4C9BF
:1048D8005D7DD0DBA7C9B992C000D69A0F2069E6E2
:1048E8009DD2F8528F35FDC19702A0D51A9745B8C9
:1048F80098A651E6D5652832230C2A42FC20A9E562
:1049080002B4B694F4CAB3D7234DC995AD33899C84
:10491800CFC3078E773985CE0D17AFE51D86E4DE48
:10492800C943BA5B6150DB7AC96DC75A7A9539F7C2
:10493800FEE791DF1879E9B11B2009250D28F2A1BE
:1049480044E01F7C8F3074A410B3DA66A0CD421DFA
:1049580040A385398508A13B5C0C7F6C84A9954AE6
:104968009512A316B1479CF429D09D0FC790C2F9A0
:104978005C65C1E4A49F7F4FA8E87A1D0C2C84587D
:104988004C8CC30E2B6A08A11D7B2A7B712CB81C8A
:1049980066EC40DC6A453986F736CF6951A5A184B3
:1049A80001DFD284F3A983EB87124B8DFEEAF29FD5
:1049B80023AB69CC171DD774A3A44D984DF03AEDDD
:1049C8003DBED8EEA67BD2EEAADE563D9BBD90E555
:1049D800388BC2CE971EDCACCA1D1D75C6076F4A40
:1049E80098BF5E72842DA513D4A9BEA72742B5BA75
:1049F800C3529654C6CF5D30EC6E2FE15569213114
:104A0800AD7DF6B7D9AE466927C0D4D71BED549F04
:104A180090F21F1FEA634458A045907F1717E38E52
:104A2800EEA6EB5CACBAA2AB5A8302C3A514ABAA40
:104A380024D472F4C527D95DDC293F0B3A072A0C28
:104A4800255EF25B33A255B6D7867B751FD6E8F094
:104A580022098D84E39EB955525C794B1EBD9A1488
:104A6800DA07A84A750A22F54FAE32A97036FE89D0
:104A7800B69B4140416A936FD29D75B4818E75A4EF
:104A8800A5AED0FF00113CEA3F551D07DACBA0F0D8
:104A98003416F2468E72481F3531B4F3915C44A641
:104AA8009650B6141D42879A5493CC0FC823498553
:104AB800BF72F30E5EB6F43956BDB02BB51B8A87AC
:104AC8006D2EAC24D61EB7E05E0FC28CA9027B7295
:104AD8001E94A75E5B0EADC117012E9096948FCCE5
:104AE800B392A39D5A3A2E6F32214382F8E1B467FC
:104AF8003BA18269CA406802A00E6C8A920F4443A7
:104B080079592DDED55BA29959D96B39EAD4781F2A
:104B18007AC582B71C44B9ACB815E26E5360250E4D
:104B280087414AD2138E720E4F367448AAF24A4E03
:104B3800991642890A61FC84D09B5011D5A76A62F4
:104B4800F8DB6502F2A93E1502143A2811820FA873
:104B580023DF3AA5753A01854FF00D5E930F726B0E
:104B6800B6E85931EA548EF253E9DA30E800FCE14C
:104B7800C234EC375A5F1BC06BE4E1C6A5C3A9E891
:104B880047D928B7DACC8B64EF46F76DFC06435457
:104B9800CAB5145CB15903096DC69E6A50200F62EC
:104BA800E4A03D82B1A245E8B9A0C557D2E571C8D5
:104BB8005B03B03BA6CA712EC7BBE4D216E63CD94C
:104BC800123B64A4FE808FD753A143721615C928DF
:104BD8006E0EE0C182B3CCD5F1BC331F7067F69975
:104BE8006DE623363E0216753251A50237D9542791
:104BF800733ED06AA57A51EDD9855DAD549255D4EE
:104C080072C50A8ECFF2CA08F81A22E54384DCFB83
:104C1800412DB95DF2D0BB508263F672696EA80E61
:104C28008959297100FC80AFE5A113AADFF81A6140
:104C3800BCB1A5CE6CEF91FD147AE27990A4820103
:104C4800524804EAB5D001DD5BB6DC099363DB5C4E
:104C5800435955C6D51DDB4635AF363A59CB905F1B
:104C68006B952A3CD9F0F893CBD474CA4FA8D59940
:104C7800B85CDE65E18E8BA44C36E2217B4FF903EC
:104C8800FDAFEA8DF6DEB759AD6E35B51E5B4FBC8C
:104C9800BA7522A6A72638A24AE2AD6CA5B4289E0A
:104CA800A70EA55827D88F31A6172B19A8C2870693
:104CB8004E2B9A45DCDB0D9D7A9A7959433BB94FC7
:104CC8006295BAB78D3A3279598F5E9C86C63C9206
:104CD8005E5280FF00B6AA228574CD2E2189230555
:104CE800EEC96B7F84F8E012DB932EFDB86EAECD73
:104CF8005DDA9B4B4C30AC742EBCE0563FDADE7468
:104D0800D0C5D6B1C6F30D6CAC3815B935F41FF55E
:104D18002FB7FAAF1EEBDFBDF7BC222D2B816959E7
:104D2800AAA11781F0F7A7571E3253F53DA2DE1F3F
:104D3800E43A272B9AE0008665324F0256CC1E5F74
:104D4800C7A86E43BDD87A9F094F4FD74364DF99F0
:104D580001EDC5652DDF5B473E42FC0D5E064B84C9
:104D6800FBAEA51C93A81429B7C073E0F15F58EDFA
:104D7800C8ED5FA7D6B973D4F3F7A4157FEE98658D
:104D88002BB0BA03BBFB6749DD9B0AA5665517D84C
:104D980099290E4591CB931A423AB6E81F43D08F12
:104DA80054950F5D31150BDDA56A1134B9B6CCC326
:104DB800DB23A8DC2E5EDEB655CBB7D72CCB52ED65
:104DC800A6AE154612B0A49FD8711F95D6D5E4A6F5
:104DD800D43A850F838208D504105768939C833F83
:104DE80005B312EEAB4FEDD88D885ABB75BB57BED5
:104DF800D6CA7DDB5AA6130E60299D4E949ED61CFA
:104E0800B4E30438D9F5C74E61850F8E9A2090A86F
:104E18009FD2E5B526B4466D48C11670F23D3B6198
:104E280054762F1B5B5D1234BAA5C3B7F368D5C798
:104E380098690F1A6B497D9961A490DA12A252A45D
:104E480025393849181927CF560882975A54EF0838
:104E58004EBDCD870A3073013E2B115C9C5C9ECA07
:104E680052799B9B76770E5AA8947766562E6A9B42
:104E7800F29B88CF88853AE15904F4012907AA8E64
:104E8800000093AAFC46CB796983A5C9B444751878
:104E9800C68BF90FE4F4CAAFEEAB92DBE07787A4D8
:104EA800D39A9B1665E7570E2A3247F8AA82D20290
:104EB800DEC79F60C8C753E6120742BD59E00B9092
:104EC8006B1A9BF589B318F8459A3A01F5C951EE62
:104ED800E2C57B6BB6068B6956DD5AAEEDCE9E9B5E
:104EE800C6BDDA9CBCCD3DBE6EE8873D799C716A33
:104EF8007483EA7E874A45A8B182E53529369B93B3
:104F08006470C3C3E98E93250A37AD75A073C8874B
:104F180056A7D217EC791247EBA6E8103B952AB9A9
:104F28002645122D1A5A472BD46ABC950EB9C29B36
:104F380071A747FCA34A9939385EB845B9C6251EFA
:104F48005B61418A956AA501413FB9283AA467E1A6
:104F58005C9A23281C2EAFE39860EAC55A0DDCBD85
:104F6800A1B0B762949A5DE9436E5F639EEF25072F
:104F7800B391189F56DC1D47C7507D41D02015902E
:104F8800D3F559AD2E27B4967D3A8D8F985325C306
:104F9800F67DAD5254E5A1B929430A3E06AA7079B7
:104FA8009691EDCEDA867E48D27B35B94BF1C55B5A
:104FB800EFE0D4F634FD885E740FB3DE6F794AAE45
:104FC8008DCA6047072A6E9B4F216AFA0538A207E7
:104FD800F2D4F67D5347E3A672FC3C135FF63F41DB
:104FE800F34C4BC276CB7041B78BB829B6DC893508
:104FF8003A9ABB94524972654A4005410E3E461B97
:105008006C6327C87B0274D66DC2D3F52D5E6F57CB
:1050180075661D6E82C07A28A2D9B9E76FB6E6D741
:10502800B7DB7C64AA7DB764466EAD51A7C707910C
:1050380048ED7921D3986FF2A16F1485A8F4C025A3
:1050480047C5D1726A563CD85164D19BADF115BDA4
:10505800750BFF00735659A330876E0AFA9A2142DE
:105068002D2222428C66119E63E10965200FCEA590
:105078001C75D0C95301549C113150DE2DD8BFF88E
:1050880098B8986DA53EE0A35262A4822232529548
:105098007669F608692CB63DCF39F5D337354AEB32
:1050A800597FFFD9FFD8FFE000104A464946000162
:1050B8000102007600760000FFDB004300030202D5
:1050C80002020203020202030303030406040404A7
:1050D8000404080606050609080A0A090809090A4F
:1050E8000C0F0C0A0B0E0B09090D110D0E0F1010E9
:1050F80011100A0C12131210130F101010FFDB00FE
:10510800430103030304030408040408100B090BF8
:105118001010101010101010101010101010101087
:105128001010101010101010101010101010101077
:105138001010101010101010101010101010101067
:105148001010FFC0001108003000500301110002C8
:105158001101031101FFC4001B000002020301003A
:105168000000000000000000000007080609020314
:105178000504FFC4003810000103030204030506F8
:1051880006030100000000010203040506110007E0
:105198000812132131415109223261621416237118
:1051A80081A115334243829118245292FFC40017FB
:1051B80001010101010000000000000000000000E2
:1051C8000001000203FFC4001E11010100020203D6
:1051D800010100000000000000000001021121315F
:1051E8001241513261FFDA000C0301000211031170
:1051F800003F00B48AAD520512992EB3559488D059
:10520800A0B0B9321E59C25B6D092A528FC8007509
:105218002568DFFBC932FDB96A7C445ECF4BFBB918
:105228000E4AE9964DB9D75B68A8BAD9CF51D09242
:1052380032CA3216E9FEA5292D838CE31BDF2E9294
:105248006B80C2BB79DDF49AD9BEAEFAA4AAA6E0F7
:1052580057149991587495269885805A756DF875E4
:1052680048C749AC6109E55119291A08F1B6D6D5DC
:1052780081C334089BC3C4BD6E6D56FAA98FB7D2DB
:105288006D94BA5F92C73770FBC9271D427BE564EE
:1052980004FCD5E0CE39ACDE788D3757B4D77065CD
:1052A800CA5A6CCB02874E8A14790CF71D92E91FF3
:1052B8003E52848FF475792F1616BFB4D771A1CAE0
:1052C80040BBEC2A0D4A2F30E7FB12DD8AE81F228B
:1052D800A2B4FEDABC97888374C6DA7E37A8AFDC3E
:1052E8001B4976CDB5B7220C7E75D3E448530A9294
:1052F800948F81C4A55CAB4F90751923B730C76DE7
:105308003FAE9738825B4D79D4A14AAF709FC44AAB
:10531800E6C5A656DF2C44933D654ED16ABFD975C4
:105328002A51FE5A95CBDC1C7707C14AD665F54D44
:10533800FB1CDDBC8D7A42A8DE3C2ADD1559D02B3A
:105348002B7DD934075125682C5663A494212A074C
:10535800F9721A053E8496CEA9F15FA78F839DE066
:1053680091BB5B411135C796AB8ADA5FF08AB0739F
:10537800F98A5A07E1B8AF3CA918CFD4956B72EEF9
:105388003194D54778DEBAAA4FDA76FECBDB92C3E2
:10539800155DC3A8A61BCE7363A301A214FAD5E8B2
:1053A8009F873F48568CBE1C7E9317E7D06B33AA65
:1053B800FBA9221257626DCB6D50AD3A6BC3F0E773
:1053C800CCEFD04A93FD5921729EF5CF29F886B3C8
:1053D800FD69EED97A73169DB1707171B9AC0AB4D2
:1053E8008873151ADA8B2FB8A8D65CC9EB2879A16F
:1053F800AEEAFCC1C7C3AA7D57E01572DCB746E127
:10540800DD12AE1B86749AAD66AD2399C715952D2E
:10541800C5A8E02520780F00123B018034764D9E08
:10542800C070896E375D8EEDF3782A3DF56FAA0559
:105438007DFB6D11B9DB6622DC494A5F52872A94ED
:10544800AF3093EEE4673AD4C59B530DF4E0297767
:105458006B171EE4EDF56D6BAF4C9F2268A3A99402
:10546800371D4D8511D2688F85581DB3D89F4D378C
:10547800113223547AC5D1B7D743356A4CA9747A07
:10548800E51A4E50B4E50EB0F20E0823F304107B73
:105498001EE0EB0D9E0BFAD7A471ADC3DC7DE3B61D
:1054A800A9ECC6DC6B5D9547A8B2C000CA2D0E6595
:1054B800B24789E649EA37E8494EB5FA8CFE6E8B61
:1054C8009DEB78D46EBB5ACADF186FA91765AB2D50
:1054D8009A1569F1D96EBD1C7520C957D4A6D0B4E8
:1054E80028F9967E7A3FA7F8667666E289B7FC5B6C
:1054F800B6E52F0C5B1BD74166BB0DB4F66D129C4D
:105508004174A479643A97D3FE635A9C517988AF61
:105518001777DADDDDABFEB6CBE4FDCFB762DAF4A0
:10552800EC1F8265432A7943EA0C17C7E8345ED436
:10553800E81EDE2A0CCA631B63C3A505BCCD8F0A0F
:105548003CFA8369FEED5EA452A3CDF34365940F44
:10555800419D17E19F444E3DA9D176EA89B5FB29C3
:1055680043F729740A3B9294076EABCA506CB87E15
:1055780064A1C57F99D397031E790FB85EDADBCA99
:10558800E38B736E3597426AA95BB798446A0B0F31
:105598002D0841A83A40EB02B21254CB654B009F4C
:1055A8008B97D3449ECDBE961BB4FB5D1765767D65
:1055B800AA4D72B265D4D2D99D5AAACB779897963C
:1055C800B0E3BEFABB86D273819C7627C49D6E4D2C
:1055D800316EE8896ACD8352A1B152A64D6664390D
:1055E8006A5BEC48655CC875B52894A92478820E76
:1055F80090AF7F68A6D1532DEBBE0EE9DB91D28622
:105608002B8A312AA96D38426625394AFD32B4837E
:105618009F9A7E7AC653DB78DF4F6FB31EE7951AE1
:10562800F9BBACE53AA316752DBA80467B075974C9
:10563800233FAA5DFD86AC56416711312D1DA9DEB9
:105648002DDDDB69B5BA6D2E0D6A2B558A7477E4AA
:1056580021BFC7EAB521094027C795C7D007A1C60A
:10566800AB0CA96395F5C4D8BE1F376D85FF00D96B
:10567800B4AE5934771E49F16448EAA067D3952A35
:105688001FAE8F4BDA357FD47EFDEE1C98CB573A90
:105698006EFDD27D0AFA9A614D32DFE80485EAAAE6
:1056A80026BB5CCB7B99ED089B52780723D3AB953F
:1056B800094807B8088885B6CFFA286FFD699D8B19
:1056C800C449FDA7B6BCB4576CABCD0D1315E89211
:1056D800298E2C0EC9710B0E241FCC2D5FFC9D59F1
:1056E8002C44FE01A810691B0316BAE4742D9AC550
:1056F8004E599D919C72AC21B5FE9CB8FD74E3D0C7
:10570800CBB17388A8F1697B117CCA555DF623FF7C
:105718000003949095B81682548212073027B92056
:1057280078F9E9BD09DB93C2736ED57874B14A2A5A
:10573800C3ECC8A5A1A52238C2B992A505254AF18E
:10574800041EC718D53A57B2D7C4AD4605C94EDFAF
:10575800CA1A054C22D59D40763A1FA817A336B31E
:10576800EEA8B2C9480D13939209CEB37DB53D009A
:10577800DC35710DB6FC2F3B75EE96E0CF783EED2B
:1057880028D2A8B4F8ACF55F9B2D6A0B384E4008B8
:10579800486D3CCA2401CC3C4903562B228B6FEF41
:1057A80026DBD76A5765E1BDB42A9DDB745CF12618
:1057B800AD735F6D0F74E73CA1D35A4A960A128401
:1057C800E718EE3000181DB576CCD095B3DC48DB71
:1057D800B23627FE36D41E9E2426F76AAD6DBAF37C
:1057E80040A1115C694DAD95AC2B215D4292918C25
:1057F8007BC7BF968B3832F22F5A35806F6DBB9EB0
:10580800FABB26F17252C9F554A8E49FDB596E8B96
:10581800BC11480F717D5979F3F88F315750CFFE7D
:105828008BA09FDB3A71ED9CBA3CDC426CE53B7C7B
:10583800F6C2A763CA710C4C5012A9B2543218961A
:105848008079147E9392957C9475AB36CCBA22DB22
:105858006BC56DF7C2A5AB51D8FBA36C9A9353A443
:10586800CD78B6654853411D4392149093CE927BF0
:10587800A540E083ACCBAE1AB37C855BBBC536ECE8
:105888006F25305BB5FA9B10684973A82990505072
:10589800D120E53CEA24A960790271F2D16ECC925C
:1058A80030D99E28F76F6363AA996855D87E90E32C
:1058B800A5E5D36735D56798F894F70A413E783A55
:1058C800A5B1592A737571013B7D61562C5B1F6622
:1058D800A342BC371A6434D6664396E3C66160FEB9
:1058E80018436AECDF86547380324FAEADED6B45DA
:1058F800B3DA43B34C6C55C9B6B6475D2FCF5DAC30
:10590800A9F537927DD725B929D0BE5FA5212840B2
:10591800F50907CF5B93518B775BB81EE1BB86BD5A
:10592800EDDA6DDBBB779EEDAA536AF65C0335842E
:10593800C57FA488513A4A57DACA794F57F1072FD9
:1059480027C876F7810827719D5C798D3D19D52583
:105958006D3A9536B4F620839047A1D48FD4AB5EC8
:10596800F5A2A69EF7DD5ACA1EA555E42C0305D05C
:1059780047296940FC3EA93AE4EA2F70C4DDC96DA5
:1059880071714CAD2EDDAAA204FAACD8AE3C61B858
:105998001096E425C092A38C019527C74CEC5E961F
:1059A80095AE8E6186F570E9B63BEF4F4B179D209B
:1059B800A2A0C20A22D56210DCA607A73608527335
:1059C800FD2A047A63459299744F6EAF663DEF1ACB
:1059D8005B8AB2F7128D3E293EE26A2CB91DD03D92
:1059E80009405A4FE7DB59F16BC985AFECC8BF6571
:1059F8004A41BC370E8902283EF880CBB25D23E5C8
:105A0800CE1091FBEAF15E462A9B606C9705363C06
:105A18008B9A936ED46AF5A7D05843E960C9A8CF8A
:105A28007719E9A0A538691E6700240F1C9C69D462
:105A3800C46EE4AA2E3786FE6FFDDAFEF4DC163D4E
:105A48006D74CA5474C271B669EEF42951CAD45A35
:105A58004774E79492ACA8F8AB24E32354BB566888
:105A68001BD9ADECB8B672CFDCDB460DA02A2DEE03
:105A78004DBA6DE7DE754B42A1A4AF9BAA9001E732
:105A8800382A1838F239ED83A65C8D8FD85DCADFC5
:105A98008DC2A558561DB53A5499B21099123A0AB2
:105AA8000C43679873BCF2F184212327BF8F80C908
:105AB800206A4FFFD9000000FFD8FFE000104A46D7
:105AC800494600010102007600760000FFDB004332
:105AD8000003020202020203020202030303030498
:105AE800060404040404080606050609080A0A0947
:105AF8000809090A0C0F0C0A0B0E0B09090D110DE8
:105B08000E0F101011100A0C12131210130F101090
:105B180010FFDB0043010303030403040804040823
:105B2800100B090B1010101010101010101010107E
:105B3800101010101010101010101010101010105D
:105B4800101010101010101010101010101010104D
:105B5800101010101010FFC0001108002F00500383
:105B6800011100021101031101FFC4001B00000212
:105B78000301010100000000000000000000070808
:105B8800050609020304FFC40038100001040102DD
:105B980004040405030207000000000102030405D1
:105BA80006071100081221133141510914227115F9
:105BB8002332618116426224334352828391A1C108
:105BC800FFC4001B010001050101000000000000E6
:105BD80000000000000500010203040706FFC400DE
:105BE800321100010303020502030803010000004B
:105BF8000000010002030411210531061241518100
:105C080061712291E1132332A1B1C1D1F014425242
:105C180062FFDA000C03010002110311003F00D4F7
:105C28005BCBAACC769E75F5CCC6E240AD8EE4B9C6
:105C38004FB8764B4D21254A51FB0078492CC7CFE8
:105C4800359AC737BDB1E64F3C7251A34CA76B706C
:105C58002C55C94E34CCD5B0772F484214378CCE4A
:105C6800E95BA7FE23A52D0FA5278AC9BE55805B32
:105C780008757F97E618F5E2F34CC2DE75BEA55DA0
:105C8800A913996A4952C5307362CBEB63F4994AF8
:105C980005259636E9653D0A292A28486F529F0846
:105CA800D78353E98F2A30E26AC732F6F3AEF51E7E
:105CB800CD3F88D3E28878C9950CA89224480A5722
:105CC8004878924F5B87A5049D8296090634AD0EED
:105CD800AF5575E2166F571DBEBEC1659EA590E013
:105CE8009513967C52B54A74C70617A7D8E53C4E5B
:105CF800A3D1F88BAECC7C8F4EAE928483FB0E3D45
:105D0800AC1C174AC6FDFC849F4161FBA1CED41E82
:105D18004FC21718AFC52755E0CB41CC700C6AE2CB
:105D280026E3AC4075E86F01FE2545683FCF0F3F7D
:105D38000552BC110C8E07D6C7F849BA83C6E114C0
:105D48002F6468EF3D75122EB49F2E9F886A7C08D9
:105D5800FD6E564B94E4754B6D236097508574BA6D
:105D680081E41F6F752371D436EDC78CD5742AADC5
:105D78002CDE61F09D9C36FA794420A964D81F2452
:105D88001AD2ACC2C2AA6DFF0029BCC7AAC21D3D67
:105D9800E491198913DD2B7B1EB7DFF224216A3FBA
:105DA800ECAD4527A81E9EE083D2A57014762B5132
:105DB80018B851DA7D5F9AC2B8CC794CCB6DE757E9
:105DC800DCC992EBB40F22638D7CADFC741534965C
:105DD800D61408665B20A3CF6DD4DABCF843B2476B
:105DE800BA78792ED6597AB9A41159C81F7159268B
:105DF8002CE7E0D6E1EDFC55A903F29D5EFDF752D4
:105E080006C77EFD685F1269BE141C2CAB5CF1648A
:105E18007656F498B68263B6298761A8B67E14E7E9
:105E2800C9ED16AE3FE6C8797FE0027A8FEC823D75
:105E3800784E3D13B47549C3B75476F36E75BDEA11
:105E4800B6CE178108F8D6054D25014CCA948DCCDD
:105E5800442D1FDC940EB9AFF9F52D49428EC78841
:105E6800A7F65EFA50DB5A6D845EF379A86C1B9B2B
:105E78004458390B0F8D395D7F895E38545735DDAD
:105E8800FBA90D1EA56FEAA0ADB6213B16D174B7CC
:105E98006AD5620386EE4F60A9AA9840CB84B3E422
:105EA800F935FE637F3F2BCAADE4595B59BC64CC1E
:105EB80096FABA96EACFA9DBC801D8246C12360044
:105EC80076E3B2C30474EC1142DE5036F6FEEEBC43
:105ED800F39C5E6E77473C2B965446A49B7F9AE4CE
:105EE800E9ACCAB1D34378EE22ED6A96B5564B9C1D
:105EF800D34854A7540210A58513E127A8A40D96EA
:105F0800013B00751AC73482381B763B9DBCF7EA03
:105F1800D69381FBFC969653802EE3916575CBB999
:105F28001CCAB2EC1323D65D379ACCF93FD497DB61
:105F3800E2ECC44B4510E3D8C869298C47652C2589
:105F4800BDC3640053B04F7001C50712C504ECA46B
:105F5800A9161CACF8B7C968391E77533485EC32DA
:105F680037B9C794AA505F5E627770724C72D24D8F
:105F780065B563E991125B0A28758753EA0FA7A8EC
:105F880029236237041048E3D4CB1327618A4008D9
:105F98002323A11FDCE3C2C6D7161B85A0792D15C4
:105FA800573D7CB931AAF45591E3EA7624D390ECB5
:105FB80023B036F9C5363ADC8FB79F4B883E2B3B6A
:105FC800FE95128DF624F1C775CD2CE9554621961C
:105FD800EED3E9F4D91FA59FED5809F2977CD32E8B
:105FE800B5CCB07C375B224A7119861D2E3E3973B9
:105FF800287675D7181E3D54C5FAF594216D289E4C
:10600800E54DF73B9E035EF95A76C266347B2987D5
:1060180083737F0AD6A426362FAED8FB37919A49C8
:10602800FA1A9AE37E2A93F70F21F1FF00736E1C88
:1060380060A6230A9FCDC678E3BAA9AAD92B2EA8B1
:10604800AB16A18181D514ABBA24D8EEF4C527D9F3
:106058005F2E149FB2CF0C77486C857ACB8CCE8B91
:106068006DA69CB3E3A8FF00594F022098D84EDDD7
:106078007796AA4ADE52BDCB6853681EC94F08A757
:106088001D4AB67C462242C11CD2CD14C7F76A9F6E
:1060980017C7DD90DA3C829D52D2D78AAFF2212B06
:1060A800513EEB3C748E0985AD8259FA9207819472
:1060B8001F5175DC1A803A13885AE4790CC9F40622
:1060C800AFF1DAE613FD3AC5A484C68D2ADD6B0963
:1060D8006901E70783E2B482B7D0DAC8EB5369D81D
:1060E8002BA483E97549DB1461925F94FE2B0B9016
:1060F800DEB819B1D891B79BAC7134B8DC6FD168F0
:10610800DE43A3F51A13CA14DC52D724538E437600
:106118000D9DEDD4C538F75BEAB28CF4A7BD565097
:106128000851091B9206FDD4A3BF3C8B507EA7AB38
:10613800895ADB0370D68B0C72901147C42380B444
:106148009F7F9A22F2B52EAECB4822DB5159B76316
:106158005B67757B3E14B690B425E61EB492EA14CC
:1061680012B0143B2F62081DC1E076B6D7B6B0B5A1
:10617800E2CE01808F50D00ECADA620B2E36B9FDFE
:10618800567373E78660D43ADD659069D48448AD68
:10619800B670A6DC44655F290EE87D4FB09740F0E5
:1061A800D4E29252EADB49250A27AB6EADB8E87C07
:1061B80031533CD44D8EA065BB5F72DE9E0640EE27
:1061C80085D635824BB5123E16594CB87A9798E168
:1061D800C5C598B654CCD8F46FF487987BA3AB6F39
:1061E800728736FE381BC6B007534731190E23E6AF
:1061F8003E8ADD39D6716A80D76C322E13AD1ADD2E
:10620800A7F0190D565B528C962B206C96DC69E62C
:10621800A50200F62E4A03D82B6E39A919B23436D6
:10622800BAFA5CBC721680E80EA9B29DA5E0F97CAA
:106238009A85B9B79B22478C949FE011FCF0BB1458
:10624800DD48505924A1A83A83060ACF5359C6B04D
:10625800CC7DC1BFEA65B7988CD8FB042CF0B72970
:10626800ED60AEFA2894EA67C41AD2FA49F1D985E2
:106278007B756482AEE3A63054764FF1BA08FB0E04
:106288001017299D86A90F8A9E23319C9F05CF1040
:10629800D28C5930A4D33AE01B84BC8712EA01FBA4
:1062A800A4AB6FB71D1B826A1A629A0273707C6C6A
:1062B800846A0D3CCD72AF727D8F55E27A4F2F56AE
:1062C800F2AA962F304B8BA918E6735B2D91223CCE
:1062D80078284B4A8965E1107B30EAD41C3B6E1B59
:1062E80073AC7E8E34EBF33E7AB14919E595A03D47
:1062F800846326FCCDBFFE85ADEA2CA14AD0D673B7
:106308009C8BE51C79B8D28C274FF96BCAEEF15DEE
:1063180040CAABEA64448CD41A6FEA05CBAB94A7A5
:106328001E6FC3690DBFD6A08237500DAD2004EF94
:10633800E5C03D0ABA5AAD4638E58DA4826EEE5BDB
:106348003860DCE2D9EF70569A98DAC8890E3F3582
:106358001FC97E9DDC6A8F2EB8F45B6D5FB7671529
:1063680086F4D86FE3D42135EB2B1214A5B72A6A2B
:10637800097D7D417BF4B65BFA5406E7CF8B388AFA
:10638800AD947A8BCB211CE6C799D9E832D1B63BBC
:106398009BA6A5619221777840AE6AABB10871756A
:1063A8008310C571955357E0D94E2EC40619B071A4
:1063B80071501D86E21DF0A31FA182AEC54A46E5B5
:1063C800646EA249DF837A23E671A796477317B2F2
:1063D8004B9B0BE08B5CEE6DD2FB7459E703E20D2F
:1063E80018042B4FC2C310992B3DCD33A5347E52D0
:1063F800BAA98AA42FD0BEF3BE2280FDC21B1FF902
:106408001C66E35A868823A70724DFC0C7E6A5A72A
:1064180036EE2E5E5AFD6F1F2BD7BD77CC222D2B63
:10642800818961AAA22F03F4FCD3AB8F1929FDCF70
:1064380088B787FD078E6C774636002ACCA649E4D4
:106448004B1983D3F9F61A90EFCB0F53F494F6FE59
:10645800786E8A5FECA87A717296F3AD239F217FDC
:1064680043598192E13EEBB28E49E1048A2DF21C38
:10647800FA4F35F6FF0030478AFD7DD74EE773D5D2
:10648800F3482AFF00EF126EEA2ED93D5CC3E89D5F
:106498003EBE696DAE9F59BE98B21F09915D3549E0
:1064A800EAF9498DEE5A776F51BEE950F54A943DA5
:1064B800B829A4EA2FD2AA5B50DC8D88EE0EFF0023
:1064C800CACF3C426616959938C6BDF301CA1C0C62
:1064D8009741DFC769623CB9CE4990D5B41327C349
:1064E8002E20216B6BB84BCCB8948209DC11F723B2
:1064F8008E933E9941AF3995E1E4E305A6DB77EA4F
:1065080008425B3494C0C67F3412BECFB32C9EA61B
:10651800063D75924E914F54B75CAEABF18885003D
:10652800B8A2A50619DFA5B1DC803BF48FA53B0E08
:10653800DC1A8A96185E668DA038EE6D936EE7F5C4
:10654800EEB397BDC3949C295D36D66D51D209AF81
:106558004ED38CDECA8D524A5525A65695B120A732
:10656800C8B8D2C142B61EBB6E3DF8AAB34FA5AF9C
:10657800686D4C61D6EFBF829D92BE3376957DB52E
:10658800D55D5AE65E72F4E6AB03C7A464999D9C98
:1065980039B6B369EB951E55BBB19050C392495AB1
:1065A8009B6DB692A254A4848DBBAB7F2E303686E9
:1065B800974767F9323DDC8C0400E370DBEF6EA689
:1065C800FB595DF6AFA83C8064A78EC67E29C81724
:1065D8002CB1F1A853A2CECC6C92EAD923B19B6816
:1065E800E2478920A4F70C3236F3F44253E6AE3979
:1065F8008EB3A9BF54AA74EEDB603B01B7D7D51898
:10660800A68442C0C4A56A2C57B4BB4069712BB795
:1066180056ACBB53A7A731BEF14EEF335EDF57CA66
:1066280021CF5EA71C5A9D20FA9FD8F022D8B2D05D
:10663800325152A713726C8E58797D31D264A147BA
:1066480035BD681DFA10EAD4FA42FD8F4248FE783B
:10665800976098F52955724C8A48B4D2D23A5EA60A
:10666800B792A1DF7D94DB8D3A3FF68E22A48C9CF5
:10667800AF64231CE7129E5B61418B2BAB280A0990
:10668800FF0092507548DFECAE8E1C6E98ECB57F1B
:1066980060A1B2B8B08BAAD0EB59797FD2CD76A7DA
:1066A8006EAB5131B6E6391F71127B2AF06644276A
:1066B800CCB4EA7B81EE93BA4FA83C10D3F55AAD1F
:1066C80029FCF4CFB771D0FB855490B25FC6126F26
:1066D800967C2A2519AA5E0DAC0DA6328FD0CDCD99
:1066E800615B891EC5C65437FBF4F1EBA0E3700566
:1066F800A7873E87F63B2C2ED3BFE5CB9C5BE151A9
:106708003BE710736D6167E592ADD6D53D594B8A6D
:10671800FB2DE5909FBF49E1E6E366F2FDCC39F534
:106728003FC24DD3B3F11474BA85A07C8269B39784
:1067380038E622EBB6568BF938EB3BBB3AD6400528
:10674800410EC823643600DC8EC91E89278F21A814
:10675800EAD53A9BB9EA1DB6C3A0F60B7C303221C4
:1067680066849AE33944ED76D4DBED77D7292AB0ED
:10677800C6F088ADDAD8D7B0094A9B2EF443AE618B
:10678800BFED42DE290A51EC402547EAEC2F73722F
:10679800B46C145533777CC56B5D867FA9AB2CD35D
:1067A8003087720BF53442845A88890A319846FD3D
:1067B80047E90965200FEF528EDDF86DCA5B04D2F8
:1067C8007244C586B16AC67FCCC644C36D29F70535
:1067D800354C549044464A52AF0D3EC10D2596C7DC
:1067E800B9EB3EBC49BBDD45D8C2FFD9FFD8FFE0B5
:1067F80000104A4649460001010200760076000072
:10680800FFDB00430003020202020203020202034A
:106818000303030406040404040408060605060921
:10682800080A0A090809090A0C0F0C0A0B0E0B09B9
:10683800090D110D0E0F101011100A0C1213121061
:10684800130F101010FFDB004301030303040304BC
:1068580008040408100B090B101010101010101069
:106868001010101010101010101010101010101020
:106878001010101010101010101010101010101010
:1068880010101010101010101010FFC00011080088
:106898002F004F03011100021101031101FFC40071
:1068A8001A000002030101000000000000000000BF
:1068B800000006070508090400FFC4003B1000019A
:1068C8000303020305040707050000000000010296
:1068D8000304050607001108122113143151610938
:1068E8002241711523243252819125334243627229
:1068F800A11663828392FFC4001701010101010000
:10690800000000000000000000000001000203FF7A
:10691800C4001E1100020202030101000000000071
:10692800000000000001112102311241516132FFC3
:10693800DA000C03010002110311003F00D46ADDE4
:10694800669B6ED1E757EB32D116053A3B92A4BC51
:10695800B3B25B6D092A513F903A88CCEBE732D449
:10696800AEEB867F11B7B3924D38C95D3EC4B6947D
:10697800F2D0D492D1FDFBC9491BB2D9214BFC6E90
:1069880028237D81DB0DF6748E85B55EECBCE85757
:1069980002AE3AE552755B25D75D4C84256A52D51F
:1069A8004B2E6DD99E41D0C9208E446DB360A7A7E8
:1069B80036C1208F2B11AC69C22C78F7D66D9F2E6B
:1069C800E8CA5351DEE25BAC48ED4D2C2FA85BEAD8
:1069D80051E54BA77DCA95B91FC20F53A75B32E596
:1069E800E88BB97DA5997EA12946D8B52DBA446D05
:1069F800FDC4BCDBB29CDBD545491FA246AE45C5EC
:106A08001D9687B4C7254094DA6F6B2A8757884844
:106A1800ED0C22E45780F424AD27F4D5C8B886D706
:106A2800C5B58EF8C9A14DBFB015DD3A857F446B59
:106A3800B6A8509F96A60CBD87F1202B942BE01D7D
:106A480046E93D02B63D43FAD17E7629715DCF3FD6
:106A5800245BB54E1333248950AB4D3EE3969D42DB
:106A6800A0A507E9D5546FF65714AEBC8E1DD23FCA
:106A7800B88F8A7615D31756881B0EB17CD76C5BF6
:106A88008F0EC8AB5569D79582F48AF5039242D028
:106A9800F7D49FB7423B1F7BDD4F6A91D7AB6AF3B0
:106AA800D0BC27E9A2BC3B6588F9A31250EF70A4BB
:106AB80009CE35DD6A4DA7F972DBF75C1B7C013B1B
:106AC800287A286B69CA30D4315DC6F5CD3A7D0283
:106AD800DAC21439E22CCBF6A1CB39EE6DBBBD314D
:106AE8008D96FB8AFE91D09F442B465E0E3E94D134
:106AF800FAC52AA0ED6336CA8094DAF6796ADCB161
:106B0800A96FA776DE92949EC4A927A283690A90EA
:106B1800EFE25AD20FDED67E9AF874E2F6158AF1C1
:106B2800F54B8A3BBDB13EE4AACC769F66B530737F
:106B3800F69395B97EA0B07EF06FAF2FF5FE5A950B
:106B4800593BA1271A1DE592AE870448B53B86BD7F
:106B580055794F381B429F7DF71477528EDB9FCFB4
:106B6800C068D88D08FC17F12D2184C818C65B6948
:106B780050DF6725308501EA0AFA69E2C39222D814
:106B8800E1733349948851A854B76438BECD0CA238
:106B9800B9094B52BF084877727D35432941459959
:106BA800C3AF1538E6AECE45B3ED47A3C9A12D6FE7
:106BB8007798B508EE01D9EFDA36A0970F30D810DC
:106BC800A41F1EA354345298F1CF164523895C257F
:106BD8004BE29F1B42EE376D2180E5663C6E8B735E
:106BE800B03F5A3A75ED1A23992AF128FCB4BB52E2
:106BF8000A9C08DAFE445B57B63CE26E9C84266C1D
:106C0800D7D11EE36D0364AEA1179112091E4FC7B9
:106C18005A16479AD7A27B18E8B41C2B486B14F174
:106C28001991306B0F7EC3ACA11725006FEE9694B7
:106C380012B013F369D48FFAB5A54E0CBB522CB819
:106C4800BBBE5C9395323D698794A36E51A0D9B4BD
:106C5800DD8FDC91377724A93EBD887D1FF21A1B92
:106C6800B15A15F976D798EDCD8D3867B786CF52DA
:106C780061436A6253E0AAB540A5D7D6AF3E54AD8A
:106C8800B4FA04687E0AF42CF681310ED2B92C3C91
:106C98005144476347B56DA6C476874054B71495E9
:106CA8002C8F321A4927CC9D391620CDF152AD7060
:106CB800EB8B6D2B36CD5AE95705F5484D7EBD59FE
:106CC80067DC94A8EE28866234E0EA84009255CA0C
:106CD8004124E8745B1BFC0B5C53AD9B1EF3BB7239
:106CE800F5E8ED3EC9AB06E0C2FA5262F6932365B9
:106CF8008794C731E63EEA82494F893E634E3F4357
:106D080022628B83383FA5D520DCD6BDB993EB4EE4
:106D1800C292DCB8A98B4F9AB69C5A14149D945A07
:106D28004EE3703F887CF4C22960B66BBAAA78B784
:106D380018556CBB42893F1B5BF724E915075AAA13
:106D4800CE122B75575DDB9D0DB2951EEECF400A16
:106D580094A076E9D49EA3A256C28F663D75C9F663
:106D6800EDF765CC1DAC365F8B310D2FAA7EB50BC8
:106D78006DC1B7910DA74E259153329D5EC0B12BC1
:106D8800993F0E2AEEA525749B99A95488C6524AA4
:106D980095CAB75A5213D76E6ECDD46E3FDBF4D670
:106DA8005A14C7C5DF7B49B2EA380339C7594C8939
:106DB800966BB4B94E0FE62A3B6B6BAF9FEF07E9B2
:106DC800A7565B9402DCD50FF5E64E8B19E3CE8B04
:106DD800B72A4971C1E3CCD36EB0D37FA079CFD79E
:106DE800416837C0894649E3EEB1714A01C6E0D42B
:106DF800EAD506F7EA025AE669AFD3746DF21A5576
:106E0800B074894F69C5A12E2DEB6A5F28654625A8
:106E1800429AE5356BDBA25D65C2B00FCD2EF4FE5C
:106E2800D3AB22C4B117CAF045030359F7B66AB504
:106E3800E91574D2A8B0D34E6A4C74B8FBAEA994C5
:106E480010D340F53B90371E1F13AD388B32A66820
:106E58005958D907015BF253963395E16FBD71AD6F
:106E68003FB1ADC8604A62DD863F76C32CB40A03E1
:106E7800BB6DCCADB7DFA68AEC5A7A44165AF693A6
:106E8800B2A8AF5230CDAEE21C50284D52A89002A5
:106E98003D50C83D4FF71FCB43CBC158FA524BB6B4
:106EA800F0B9EFAAEC8B96EEADCAAA54A52B7724BD
:106EB800485F32BE43E0903E00741AC9A0B6D3E2E0
:106EC800D2D8E19F0C644A15325545590AFA8820F0
:106ED800518C24A76A6B696DC4F7A75648E5F79DDE
:106EE8003CA13BAB746FD075D6F131915769194B02
:106EF8000F41B1EE1B66A18D65542A3588B19B629E
:106F0800A7216D2DF65F4B895BEF768473052CA462
:106F180081B1F051074C32943BACAE23E9996B0E2A
:106F2800E2EC072624D6EE5B23E94684A7794B32A8
:106F3800E338AED1B0820EFCE842483B8F86E09D34
:106F48001922C58C9B16B496EFAC6B50797D1ABB91
:106F5800152564FC0AA5B249FF00035936C7070185
:106F6800521278A7AF76E7775FA754F627E2AEF01C
:106F7800D93FE01D38EC32D1793880C3349CEB8D91
:106F88002A163D41686252B6934D96A4EFDDA520BE
:106F98001E4579F29DCA543F0A8EB4D4984E0C9F70
:106FA800CBEACBB46AD318FB2D4FAAAE4DAEDF7334
:106FB800871663854DB4C8E892D1F0520803650D71
:106FC800F71B75D7373D9D147400F8786A23DA8863
:106FD80039C3B876F1CD97945B42D082B595A82A8B
:106FE80064B524F63099DFDE75C57C0790F127A0DB
:106FF800D4949370273DA276151317F13D56B0AD82
:10700800E42841A352292C214AFBCE2BB9B6A5B8B6
:10701800AF5528A947E7AEAA8E4EC3BB0312F0AD01
:1070280053F6725E3986BF4CA9AF24D22AEAA5A2CC
:107038007A5D78763396B498ACA100F665A5347776
:1070480051209DF9BA8213A88AD3825C71ACAB43F4
:1070580071A5A90A1DE76293B11F66775116FE6DE7
:107068000AE3A07D1EFAA0943D49AB4858FAD41E05
:10707800A92D28781F3075C8EA38385172AF6F715A
:10708800674DA92211EE93EA13A1B84389E88792C4
:10709800E72F4DF7E87975A5B07A35335B3980B9B4
:1070A8005309E35CCF4A4D2B205B6CCE2D0223CADB
:1070B80041ECE4C727E2DBA3A8F97507E20E86A432
:1070C8005382AADCBECC1A1BF296EDA394E6C461E7
:1070D8004494B350A7A5F5247973A168DFFF003A5B
:1070E800CF11E4765A1ECC7B3E0CA6E45ED91AA5D5
:1070F800556904154683113142FD0AD4A59DBE4049
:107108001F5D3C4B90D0CA17A63EE0E31D3142C636
:10711800962302A7520B14F88D0E5438E24005E965
:107128002F28F32F6DC74DCA8F80D8750BAD125C11
:107138008C6AE2B6D0CB978DC154E20AF2067C5A2B
:10714800ACB6E24D9AA90D733727B3F75B0D85737B
:107158000472246DCA36006DAB16592816B4ACDD1E
:107168007751F07D7701458F4F36EDC15C8D5F9289
:10717800EADA5192990CB7C894A55CDB0411B120E6
:10718800A49DC788DCE9323C3D9E7C28DDDC43E5D4
:1071980064D6E3BED53ED8B75A7D7519EA7505C0E1
:1071A800E38CAD0D3686F7E624A94093B6C003D725
:1071B8007D86A23FFFD90000FFD8FFE000104A46B5
:1071C800494600010102007600760000FFDB00431B
:1071D8000003020202020203020202030303030481
:1071E800060404040404080606050609080A0A0930
:1071F8000809090A0C0F0C0A0B0E0B09090D110DD1
:107208000E0F101011100A0C12131210130F101079
:1072180010FFDB004301030303040304080404080C
:10722800100B090B10101010101010101010101067
:107238001010101010101010101010101010101046
:107248001010101010101010101010101010101036
:10725800101010101010FFC0001108002F0050036C
:10726800011100021101031101FFC4001B000003FA
:1072780000030101000000000000000000000607F4
:10728800080405090102FFC4003A100001030302C3
:1072980004040306040603000000000102030405B9
:1072A8000611000708122141131422313271911579
:1072B8002342516181174352A10916336272823405
:1072C80083B1FFC4001C0100010501010100000099
:1072D8000000000000000005000102060703080482
:1072E800FFC400351100010107020403060603016B
:1072F80000000000000102000304051121310641CD
:10730800071251611322718191A1B1C1D1141624C0
:107318003262E1152342F0FFDA000C03010002118A
:107328000311003F00EA2572B34CB768F36BD59997
:107338008DC4814E8EE4B92FACE12DB484952947D4
:10734800E401D2C326E63DF7BCD51BDEBD51E246BB
:10735800FC7257D8824BB4DB0AD572538D33394C43
:107368001C97A4250A198CC9295BA7F98EA92D0396
:10737800849D7326ADD00A32E6BD77DDD40ADB974B
:1073880095E1579D57DC9ADAD135A6A512A1470E8B
:10739800005A796C7C26528149658E5E565050A5FC
:1073A80024ACA4089A52A70CE698366A7B61F64684
:1073B800DFD956E26ECEFF004B9955BE671F3F4D91
:1073C800A138FADF720151E60FBE14AC2A41CE7221
:1073D800AE8827A655922B1A8B57CB34D22B16AAD8
:1073E800BC50A842727EDEA7E2C6A4F208E9E2BF5A
:1073F8004E9A2058A8D80FB9EC2FE8CD6AAF1417C9
:107408003BCF2BEC7A0D3A1B5938F30B5BCBFDF1D4
:1074180081F4D6491BC62982D4441B84A46DCD555A
:107428001F980D7D86E1DC225357EF54A3DA807C48
:107438005BE695C4FDD4CBA3ED8A0D36637F883017
:10744800A532BFD892A1A503C628F76A1F8C7295EA
:107458000ED549FA8678AE1E412D3FA77AA49FE43F
:10746800011F46D1EEE6D7597C52D31FAFEDE5CBCD
:1074780036D7DC08AC821B5CB7596E62523A21F4ED
:10748800215CAA03D83A8F527F1023A6B59D37AC4A
:10749800A5DAA524422B95E0CA0D398771D477184F
:1074A800DC06A0CE34EC6C8D557E9AA0FF00D0C7C8
:1074B800F47B169A36AEF09D4A995FE13F88F35007
:1074C8008947ADCAF2D1E4541D52DEB7EAFF00C8BD
:1074D8009085A8F5654A29390797D4140F2A95ABE2
:1074E800583B16067A86D66DFC0BDA0D62F0E13E43
:1074F800EBAB4DA7D624CA71DA03CDCC71AF2B5EA6
:107508008CD953410B0A04332D9CA319C654DABDF8
:10751800F4874673D435C5C176F2CBDDBDA18CC5E1
:10752800C0F38BB96D673EC6ABF8A7EF16A40FBAC8
:10753800757DF99481824FE242F5249AD9A0A1463B
:107548001AE38EE5A8D5A896B6C2DBD504C49FB8C1
:107558009520D4E7C9E91A96C7DE48757FEC01255E
:1075680047F46C8D25746748ADDA3676B343AC4C76
:10757800ACEF6C8A5A556658BE05B76251E48CB5B3
:107588002A52413152E24FC4940E79B23DF9D6A441
:1075980024FB9D470CEC6FC2AEDF96A354B89EDC6B
:1075A80036955592CCF719B75130F319F56528A9D6
:1075B800D9AE67AA8364A883EDCDCC47B0C567551B
:1075C800EA1469A962A372B3640EAA38AF6193FD85
:1075D800B1C90CA55398E4C3D6891751E8919F699E
:1075E800C0670AEDAAFDC4C26F0B92BF4F822AEF93
:1075F8002FC0915490A42A62D3F1148093848F6091
:107608004E00F61EDAF362E4D1F3777FE5A62F92F7
:107618008F149E553C510554C94D126C315341800D
:107628001B6444C21A5EB32E8374A597605421204C
:10763800F2838AD4E4E4E4D5BCFE16DE2FB28934A2
:107648009811AAACB8952D2BA74D6A405007048411
:107658008214707DFA74D32F44CD9690B85407A93C
:10766800209050B4AAB4B1B035B6F6F565F9925C7D
:1076780085143F59764679D2A4E6E2E453E3E8D983
:10768800B4ED91DCEA960A6D7763A0FE294F36D0F7
:10769800FA124FF6D7D707C39D4717887291D5447A
:1076A8000F8135F837CF11ABE4F0F51E3D7B24137D
:1076B800FD7C5B713F64B70EC9A5B978B53E134F21
:1076C800D28799222BCA2F3413EEA07001C771DC20
:1076D80067DFDB461FF0F67DA7A1CCD92F1214EB8C
:1076E800CDE551A80324580F51B861CEB574AA70DE
:1076F800FC4B8A1443CF2F980A5FA8FF00D7E8DA1B
:107708006DFCDA2A7714BB41FC41B769CDA2FF00B2
:10771800B6585B4B43431E7DB40E65C5577F50CAB0
:10772800DA27E151E5F651D6DDA43512753CAD11E5
:1077380066CF0795406CADC8EC45C7B9B34D432833
:107748003248D5381742BCC93DBBF7183EF6916F91
:107758004BBAAB7858F66EF4C294E26EFB3E547B9B
:1077680076B127243AF38C0F1E99315DF98A50B609
:10777800544F5E66BAFBEAD15DD825366A5F67EE7C
:1077880088762717F06AB4A2962D7DF5B7D9ADC6CD
:107798006D3FE9B735C4175491DB21E43C3FF6014E
:1077A800A90B1689BB07F1737E38FEE9EEA5CACB93
:1077B800D936B50A05894A20E79255432F4C527F9E
:1077C800250612A4F4FEAD32B2D24D832B378ED9E2
:1077D800A845AAEDAF0D56F3644BA44089E71B48B2
:1077E800C15D72AA52E3CA50EE5B429B47FC53A4A8
:1077F8006F60C8756B0B79E814DB028F656D8505C2
:107808001E152EDDA50432903E356420AC8EEA3874
:10781800528FEAA3AC0B8C918A3130F083F684A99D
:1078280054EE4D3E41B54E1DC3A7C07F134B920584
:107838007B018F7B31D522954CD88A154AA2D52B4E
:107848002D428C96975180663485A8E0FA07ABA83C
:10785800C8C8F9EADC5EC342E8D867F101164240BD
:107868002F11CE05736EE181074FA2353BE74E8A93
:10787800AEA51210BE4361D4F4608A3EE0B14398CD
:10788800CCFA4BF6332FB0CAE3B4B4D2A747296970
:107898006A0A527A023054339EA754D82D50EA5CB3
:1078A800F12F61950C0A4103FD6F51406E7008BFBE
:1078B8005A55AC715245C6BA2EA212FCA49048E79C
:1078C80074AB8140720E2C2F4625677BEE57A82D8E
:1078D800D4652ADD80F3D507A330B79B94B43ED393
:1078E80068195B684A4A8FA943DF1F5D585D7102BA
:1078F8003D7049887A5D20A96A4A490F28A09A5D97
:1079080020024F98D2F4F9B08568F831145D243C10
:1079180058080A34E4052546C092698E956C81772B
:10792800DE571DAD79C7AE4565D808A238EC696C3D
:10793800D39F8895B8A0429090EFA940019CE35D41
:10794800CCEE6D3596CC5DC6A41741C9295076A4F6
:107958000AD0D8735CDBE2DC4CB25F2F8D83543ADB
:10796800885F8802925695900508354D87A30C705C
:10797800BF5375AB8EAF470496A443449E5EC1685F
:107988005E33F456AADC1E8D52239FC257CAA4F355
:107998007B5273F1635C44864AA11CC41174A88AA3
:1079A800F623EE1A46DF4B2E3D91BCFBDD60539962
:1079B8000DD36AB45172C5640C25B75A75A9492903
:1079C8001DB057253F256BD03BD1B2805B21CADB68
:1079D8009076076077499FFCBB22EF95485389F75B
:1079E8002C26478A94FCB008F91D3F766DDB43725C
:1079F800CD4DFD7F4288EABC46EF5DE19B21EEBF9D
:107A08001B0D3AC466C7C8256A1FBE91BB2638D964
:107A180054B7B9DFE20953AF493E3B112BD5AA9AB7
:107A28000ABFA6302C307F6F411F21A6A554C8F984
:107A380043543C51521E4D4E875C09CB4EB2E4353F
:107A48002876503CE3EA09FA6B08E32402FC6868EC
:107A5800D02C4149F506BF225B52E1CC5A7C17F085
:107A6800B5B82143D0DBE618BE8B6BC3DC7D94A090
:107A7800D0D1537194B2CB0B714C729573B5CD962E
:107A8800CE7E039F72474D5BA024EE355E908584C1
:107A98004BCB009AF2D2B545472DF06BBD2CC023D5
:107AA800264F641A89FC4945C9552BD15BF7B6D5D1
:107AB800BB2A9CBB6AF467EB299D74D5A029B88FB3
:107AC800C1669D3663AFCAF343012E254940425330
:107AD800CC9F8B3F0E40CE759AAE77172F5C487FB0
:107AE80012B4512501DA94A52F9C7FD0F284815DD0
:107AF800EB8AD2AD774CB21E2C392E9CA57E64A899
:107B0800AD294A51C9920824A89A1F7E68C471AC4D
:107B18005DC2B8514E9AAA5542538884976056243C
:107B2800548C199114E0254D3A0025612B2A230025
:107B38001E550EBD700F3AD3D3B99A5D3E2E94A24E
:107B480011543D53CF0DE23981AA5592405548B0A2
:107B58003CA45EF401D5399541178EC2D2905442A7
:107B68009DA51E23B5530A1800914ADC8A8B8EA462
:107B780012AC55EDDEDFDD555AE56BCC4AA95191C3
:107B880015DE6756E6646140E14B393CC549C0EDF6
:107B980083A38FF4EFE599146C4C6BEE653C74127B
:107BA8006A49F30A8C9B9E624506CC2D13913D9A37
:107BB80042B8877744A1E150B016B6426C2801A9B3
:107BC800DD87385EA53CE572B15CE5FBA8F1511490
:107BD8001EC56B57311F44EAB9C1C815AE2A2234F5
:107BE800FED0909AF726BF20C6388B14130EE618DD
:107BF800E4A8AA9D85BEAD317101588B75EFD6FBFF
:107C0800DE115C0A816A59CAA11753F0F9A754C456
:107C180064A73F9F3ADD1FF43ADF0E496CA45986EA
:107C2800A5B3CDC0A5B104A72FD43721EF2E3B9F14
:107C38004941C7EFA7D990CB016DDD6129BD769683
:107C48006C857A5BBB9725793DDCA8C7C93F51A6EF
:107C5800DDA4CDBE039E078AFAAF8EAFBD7A0D6F45
:107C680019EEAF32927FFBA7172D1386E87EE259F3
:107C7800516FAB5E550A4A836E2F0E467719F09EF8
:107C88004FC2AF9763FA13A05A9E42EB51CB5E40A6
:107C9800BCB13749E8A183F7EC4B12924D5E4923FA
:107CA8001114EAE0588EA37FB8EE1A43948BBAC039
:107CB800AD3F4D5499D499F1D5EB4B2F29B0A1D9AB
:107CC800431D14923D8F5D795A21335D2D18A862AA
:107CD800A53A783342457A1B641C83BB6F0E4C046B
:107CE800EA192FD294BC7671500FB3B11B8EB862CB
:107CF8002B4F76AEC875EA67F982E1973696894DBB
:107D0800F986E5210F1F0F9B0AC1524918F7E87B36
:107D180068EC935CCC9D4739FC7BF2B72143982AE9
:107D28008AB56E6E091D6C6AC2665A6205E42BD16B
:107D380008E825E729A11517DB0697EEC77B85C458
:107D48003D56056E651ECC4405468EA0D89EB05D96
:107D58002E2B1EA2919E5E507A03DF07576D55C5E4
:107D6800389848C790728092949A739F354EF4DA87
:107D780095C67AB56641A19CBF854C44C39B99576B
:107D8800E5C53A577A90CAE935CBF7742AF1A93292
:107D9800AA132AD29E73EE23E425A41EEBE5002540
:107DA800200CE544741DF59B2E613DD65148855B3A
:107DB800C53D59361B0EF41614DCEC1AE8884956F2
:107DC8009C70A7E8425DA40B9A5CF6A9B9AEC37390
:107DD800B3323773726DEE11B644B51E5479375508
:107DE8004D2E229CD67AC89AA4FADF503D7C16867E
:107DF800093FED4A7DD5AF4D696D3EEB4CCB510641
:107E08008BAB2A3D5472476D8766C4E7936793B876
:107E1800D544AAC3091D13B7DCF768837122BDB521
:107E2800DB0745B4EB4EACDDBB9939378D7CBA72B4
:107E3800F334F6B9BC9B6E0F7E6716B5BC41EE4FA6
:107E480071AB11C309FDC59A949B51736470C7C384
:107E5800D960192DA8DEB5D68752DA1D5A9F485F1A
:107E6800E479138D3F40CDB55A575CA91448B469DD
:107E78007D52F51EAD21C4E0F50A6DC69D1FDD1AC1
:107E88008B4D9C5C2FDC42DAE30A8F2D01419A8DE1
:107E98006EA34F584FBF2CA0E147EC0F87A7196678
:107EA800561BABE53CE9E557F6D746E6C3B78D81E7
:107EB8006B5ED0D312E0A725D280434FA0F23AD709
:107EC800FC543A8F9751FA680CF34E4BB50BA0E669
:107ED80039DF31183850F43F7B31495CE6324CF3D6
:107EE800C4845D3A8C83EA193D54E165DF194687FD
:107EF8007724364E4225C6CA87FD907AFD359346CB
:107F0800F0741784C245797A2937F7834F835F2144
:107F1800788A0279625C5FF89B1F616F297C2C3C30
:107F28001E49AD5DADF85DD10E36158FC8159C0F95
:107F3800A6A507C1B573FEB62BCBD129FA92D28973
:107F4800E230A7E99C5FF92B1EC02ED9DBA17DED9D
:107F58007F089602AE13467E4CE9EE18B058402AC8
:107F6800913E4019095BC461B401D4938007B027DE
:107F78005AA48F4CCBB4DBA2EE05DD09CA8DD47DA3
:107F88004F4ED86A24D6751B3A781514AA81802CCE
:107F980091E83EB96842DBBA26EFB6E657B7D77C18
:107FA800642AA16DD9319BA9D420471E85A3C5E4B5
:107FB800894D8ED9F850B7B014A3D080A2A3EAD1C6
:107FC800D172C34D836AA88DD6F887DECA85FBB9FE
:107FD8006A2CD1E3A1EB86E02D10A116931121465E
:107FE8003328CF31F404349007E2528E3AE9B2CD07
:107FF80060D51F044CD4378B762FEE25EE38ED3242
:10800800B7969A35262A482223452925B48EC10DCC
:1080180025947EA79CF7D493735689B0A37FFFD984
:10802800FFD8FFE000104A464946000101020076E9
:1080380000760000FFDB0043000302020202020395
:1080480002020203030303040604040404040806EA
:1080580006050609080A0A090809090A0C0F0C0A84
:108068000B0E0B09090D110D0E0F101011100A0C33
:1080780012131210130F101010FFDB00430103033B
:108088000304030408040408100B090B1010101053
:1080980010101010101010101010101010101010D8
:1080A80010101010101010101010101010101010C8
:1080B8001010101010101010101010101010FFC019
:1080C80000110800300050030111000211010311D2
:1080D80001FFC4001B0000030101010101000000B1
:1080E8000000000000000607080905010204FFC49B
:1080F800003610000104010205010603080301000F
:1081080000000001020304050607110008121321EC
:10811800311422414251610915321623526271818C
:10812800829118337283FFC4001B0100010501010D
:10813800000000000000000000000001000203042D
:10814800050706FFC4002F110001030303030107FD
:1081580004030000000000000100021103042105CF
:10816800314112516113062223327181E14291A1FA
:10817800C1B1F0F1FFDA000C030100021103110094
:108188003F00D46BAB7AEA0A999776D2D1161406D7
:108198001C9325F59D92DB484952947EC00278498C
:1081A8002CC6CEB59EC33BC86CB992CE972CE38C37
:1081B800C972B304C6152DD619B0718F7BBAF842AF
:1081C80093BC66774BAF9F9DC525A0760788C9E508
:1081D8003C084B9BDCC32FA0B95677995C4EB5D4AD
:1081E8007BD2DD8466A495115085805990E33FA722
:1081F800DA149E92C31B74B48295A9254509E0122E
:108208008F94E6D3FA5D38E58E3C2D57E63ECA7565
:10821800EEA2D927F31A6C4D0F17E4C4EA2542548D
:10822800AEA57487544EFBAFC2373B052B7D9AEA47
:108238008CA5BEEB2354D6ADB4D1151D2E3C0DD55F
:108248000D8CEA87341ABF098B7D388DA6D8EC09C6
:1082580075706DDA6ED44C9B212CCB0E16D2B28E73
:1082680084F580D1DF6DC7BC36DF86B5F56A09684D
:1082780003EBF85468DE6A17803E8F434100899308
:108288008331DB385C7D43D76E65340222AEB54A54
:10829800AF4FF26AF6D86E438DD289709F0DAA4B04
:1082A8006C1E92E152770A7504EFB0D8F01F56ADF4
:1082B8002F9A0FD14377A8DF69CDEBB80C70F12066
:1082C800EF1BFDD0864634A39E3A5917BA4F95D86E
:1082D800621A9F5F1C2DCAC952DC8E65B681E10EF9
:1082E800A10AE87103D03EDFBC9F986DE048DA8DA3
:1082F800ADB6EB4F4CD6AD7511F0CC1E41DFF29206
:10830800FA4F9A4FAE997FCA87316E5845A6BE91EB
:10831800ECAC3F60F296FE3F6FB8EC4842D44FEEAB
:1083280094BE93B83D3B90A07A54AE1C27672D733A
:10833800DD73F4F20E6702E331E53F2BB79B5D6D09
:10834800324B8E503CDCC75AF66BE8C825AEDAC211
:10835800810CCB6429BDB7DB7520EDBF000E1199E8
:10836800CAB7B92CD6499AB3A411A3E42FB8BC93C1
:108378001677F27B60EEFDD5940FDD3ABDFCF5294A
:1083880003651F8AD0AE1ED32135C20A1FE7932684
:10839800B3B0C671AD0AC6A6A635AEA459A61C8749
:1083A80049F11EB99D9C90EAFE88006E4FF0A143EA
:1083B80080E3C20DEEA3476CF1EBCB2B9D5E7AB543
:1083C8002EE03A7088F8EE1953253BB5612C1262FD
:1083D80034E27E60485CD91FC44A527C1E1909EBFE
:1083E800DD2A8E9C4317BEE6C7511AFCEAC1AB05CD
:1083F800C3C5D89A4285A5FB9B95CB741FD4DB3B9C
:10840800957D3A86DF2F86BDE29B7A8ACBD63516D4
:10841800E996CEA9B9D80F29758562197F303A81B6
:108428006AFDB64C10F3AD3B6D7D7B6016F0619034
:10843800A092E14A77538B2B5A50DB49F24A92912A
:10844800B01E28869AA7277E5730B7A15B56B87307
:108458009EECEE5C78FF007681F45A4957A3B9BCCC
:10846800ED19C9311C3EE6C709B1B0ADADA8A39757
:10847800215D12DA8B0E3A10953C1A512C9755DD76
:10848800DC2495242FEBE38BE29B8B08185D0A9D77
:1084980095636AFA5489612000798688931B4E7C1B
:1084A800842B91F2EBA80BD05ADC073FC9ECB30937
:1084B800A2258C1B29B09B32654565E71A7E3A9A3E
:1084C80043CA0B9219763B7BA490B5254ADBD00EA4
:1084D80018683BD3E97192ABD5D36B9B36D1AEE22A
:1084E800F30413B9830411393040F2567EE578EE6F
:1084F80065A0FA891575F7A1AB08419B5A6B9AE5F7
:10850800292DC861CDCB4FB5D5B100ECA4A90A1E61
:108518000A54823C7150834DD85E06B52AFA5DC074
:10852800731D9C1046C41DBF23ECABFCE715A9E7DF
:108538006B9798FAC98D55B0CEA462CCAE2DA468BD
:10854800FB0F6C2C8EA763EDEA7A927BAC93FA4909
:10855800E9F43E2FD37FAAD9E5751D17526EA36E95
:10856800DAA7E6D88F2A75CDB2DB2CC309C2F5C2CB
:1085780014A5A32EC4A5B18EDD4A4EE1C79E8E9EDA
:10858800FD64D57C7A94D216D289F99AF3E7827B76
:10859800AD61E552BA3B9443C139BE876356131F98
:1085A80017D74A066F233493FBB6E6B88EEA923E95
:1085B800E9792F27FF00A0E1C374DDC216E6EB3D81
:1085C8005B9AB5A9B92B4F93FB198D43C2EA8A4E22
:1085D800E5136CC95CA5A3E8A11C2D3E3D3AB80E75
:1085E800C94E6EC947AC58FCDA86B4CB971C71A14A
:1085F800EDD5F5F166CF6D29203B796A52A255F584
:10860800EDB45A40FA24700F6080E51B73F15B0FDC
:108618004ED3A5FA21440B7538B63AB9213F075F06
:1086280071CEDA9D57F32BA1C24FD5678AB7472180
:10863800AB9F7B635DC6B53A3C013FBE3FA4BCE53A
:108648002B5069309CCACEAEEE642826EDA84A812C
:108658003272BA22A26C49497DA69F5EC7A1A77A49
:108668004A3ACF84A8A49F00F1151774BB2B1F4367
:10867800BAA76F54B1E626209DA410403E0C44F1E1
:10868800BABEB5575D31C384BA9C813231AA690537
:108698000AB7992E63214B8C140BB1A1861D52E5A4
:1086A8003CE805B496BDD01456543D0DE7D46C642F
:1086B800AF737B7F4DD40FA9EEB7924F1C8107246F
:1086C800ED8C2FBD3AD7AA64E9FC576B5A732489FD
:1086D8000DA220DA479F1D31DE60125AF6A5BCE2D2
:1086E800550DC427A52E07878292525636E132AC23
:1086F8008C275B6A0DF44103A8704111E2676EC6CE
:108708007B72B3C39A0CEE8F35CEEBE2E3F651ECF5
:108718006363D542BDD9D177EC4992B7DD90FA9819
:108728002402594ADE2842B61D5D3D5E878A355CC3
:108738001CEC2F03AD5D32E2B86D23D5D22278242C
:10874800924E7B09809EFF00860E51323E759961DC
:10875800A5C518D3EA58B308DFC25D65DED9207D08
:10876800D2EA41FE8389AD1C412D5B3EC75622AD3E
:108778004A138227EF31FDA08D6FC323609AC3ADE2
:108788009A7501A0DD6DA530C9A13207BADB8CBC92
:10879800D4B4F48FB072527FA2B6E2C9DD7435FA50
:1087A8001CBB76BF40B4135519F12B06CBE55429F1
:1087B800C1EA584C80EA527FB750FEFC1E11E571A1
:1087C8003359433FCEFD89C73AD19C6B0CA5BBF109
:1087D800EA6185B319B1FD025676E17296C8D34AAB
:1087E8005A6F543F10AB0B59043F1A0E456D3DBEEE
:1087F800AF23B70D2A659FF5D2823843740E02EC79
:108808007E27D8BCB6339C2F330DA8C59B54FD6278
:10881800960784BACBBDD09DFEE97147FC78AB764C
:108828003DE0573DF6C28BBD6A7540C111F706524F
:1088380007966D3EA3CF73A9AE64701BB1AFA0AC11
:108848005597E5EEA949666BEA79B61869D29F3D56
:108858009EE3C952C0D894A4A771BF10D1687BA069
:10886800AC4D16D59735C9A827A44C77320007C652
:1088780065684EA3F2F38FB7A78E377516BAFA0557
:108888007B20CDAC14D122B4DB03C38A82A61B4B58
:10889800B11C6C12B414A943DDD9615B93C5D7D15F
:1088A8006F4E57BCBAD3698A07AC07771D20639E01
:1088B8009812237FF32BDD27D04C58E0FB630B3451
:1088C8001452D4E0AC8ED57467572E3A5452DCB9A2
:1088D800CB90D2D529C776EE6CAD9012A09481B614
:1088E800E532888C6C95969D4FD18A7EEB4CC606F6
:1088F800477748C93BE702600505735FA6F4D826A9
:10890800615D63470615726E9B9899B02124A62B6A
:1089180013A2495477971D249E865DD92B08DF64DE
:1089280012A48F00714AAB035C3A795E1F5DB4658F
:10893800BD50E608EA990369062478272139FF0023
:108948000C0C6253F9CE6599F6C88B02A58AC0BD96
:10895800BC29D79DEE103EE12D249FFD0E25B512B2
:10896800E256BFB1D45CEAD52B46008FBCFE173F58
:1089780098AB38D937317ACF90C4712A8789E04FBC
:10898800D5BAE0F29321C4331D28DFEA56FA87F8F6
:108998001FA716CE4AE863601094A693FF00022A28
:1089A800639F2ECAD4977D9D27D4ECDA9276FEFC7D
:1089B8002E10FD482B4F2D92BCDF49253EE1D8668D
:1089C8002ECA73CFCCE58C7DCF0139357912784822
:1089D800E6C2D9E7D5BBAF42BA58DFD7A8C90491D8
:1089E800FECF05A729AED95B9CCCE87C5D77D2B9D0
:1089F800F87F71B62D58509D4F257E12CCB403D206
:108A080009F50858250AFB2B7F870AA53F51B0B204
:108A1800357D386A56AEA3CEE3C159558764996E41
:108A280080EA44B6AEB1BDA5C44BB537B4938ADA73
:108A38001223AC8EB694A4F94794A16DB89F45252E
:108A48002A1BF19CC2EA6ECAE6542BD5D2EE9DD4FD
:108A5800DEE083CF8FEC10AFCAAE6C5DC7F97EB88D
:108A6800D5409977ADB306BE452B168E2132BB9201
:108A78001D722AA3C87590039DA7E3B9BBA1214A1B
:108A8800494EFE4F16C5C7C32F5EE9BACFA364EBA4
:108A98009F980889DE492083DE08ED91BA286F98EF
:108AA80017B3BD11C5B51A0487F1E6EEA2584EB743
:108AB800318A1D7E335063BAB90DB0A701014A71DE
:108AC800B4A52E11B80ADF6DF879ABD4D0E1E7F878
:108AD8005646A46E2CA9D769E9EA0663C024C4FDEA
:108AE80037E167066F9965DCC267B530E8F1971220
:108AF800EAD945550D143529F532D15297D2A71523
:108B0800E5C714B5ADC75D57A92A27603C512F3575
:108B18004E02E7B73715755AED6526F86819C7DFAD
:108B2800F72568254B78BF223CB2172D64C597926C
:108B3800C8EA74B6956C2C6DDD4F8423E3DA6D209A
:108B48006EA3E88413EA40E3429B0526C72BA6E9F7
:108B58001A68D36D8511BEE7EAA3ACC0CFC1F97915
:108B68006E4E49216BCBF5A2DD37F61DCF0E26A23E
:108B780032D4B6CAC7A80F3EBEB1F6007C38270269
:108B880056B8C9C261D7E2EA9D8AF2CBA105857BB6
:108B98005DE59AF30B66B6DCA63ADD2B41207A0236
:108BA800DA54785E10E49534B5266D0318ED92E337
:108BB800BCDBB4970F3DEF36A494A9B798747A8FAD
:108BC800E43C04E4E5E556F3F6639C2AD7C2542254
:108BD800D8DB5A5695049290991DC2DEE76D80DC69
:108BE80023FDF09BBA04616AC11D43A4F12A8E25B6
:108BF80027F5DF95AD30D7C888772780E42BB611E5
:108C0800DB8D7507644A6D3F04AB7F75D46FF2A89E
:108C18001DBE0471154A4DA9BEEB2752D1EDB531E1
:108C2800F1443BB8DFF2A78BEE4B75A2A34BA6E944
:108C3800262D71875F5448F2C4E9CEC9852D922646
:108C4800894925094ADB510A2B4FD3A5C3F1DB8A91
:108C5800EEB77F4F4EEB12B68574CB536B44B4839B
:108C6800C990779FA7FD4418172C9AF3134CABF4BF
:108C780093239782D452C3ACB5AC5CD8AF4A9B312E
:108C8800C4D87FDCE049086C2923F4EFB8FAF0F681
:108C9800D1A91D27CFF2A5B5D2AF596CDB5A85A152
:108CA800A03848927DEDFB4230A4D3AE5F391AC29A
:108CB80064669303F2ADDF498C2C24203F6562E99A
:108CC8001B88F1D006CDA4EDE424048F054761C4C8
:108CD800ACA4DA590B5F4DD1ADB4D1F084BBB9DF88
:108CE800F0A419397DDF35DABB233CD5975FAAC0DC
:108CF80030F8EAB1B08CCF5A9B815C95FBB15BF838
:108D0800B926439D2D957EA51EAD80090383F319D1
:108D18005B31D22021D9CE641CD16B91B8BD80F5CE
:108D2800163AA1DC90A2C2931E8F1F889EA5241E0E
:108D38009E91D2D0DB61FA9C58D81E16E50380A913
:108D4800BE50E3BFAD5AFF0098F3072EA9C854944C
:108D58007191418D45711D22333D212DA120FA14B9
:108D68003091BEDF33AAE0B7265076042FFFD90032
:108D7800FFD8FFE000104A4649460001010200768C
:108D880000760000FFDB0043000302020202020338
:108D9800020202030303030406040404040408068D
:108DA80006050609080A0A090809090A0C0F0C0A27
:108DB8000B0E0B09090D110D0E0F101011100A0CD6
:108DC80012131210130F101010FFDB0043010303DE
:108DD8000304030408040408100B090B10101010F6
:108DE800101010101010101010101010101010107B
:108DF800101010101010101010101010101010106B
:108E08001010101010101010101010101010FFC0BB
:108E1800001108002F005003011100021101031175
:108E280001FFC40019000003010101000000000057
:108E3800000000000000060708090503FFC4003809
:108E480010000103020404030604050500000000E5
:108E5800000102030405060007111208213141131D
:108E680014710915222351613242628124337291AF
:108E7800A14344528283FFC4001C01000104030182
:108E880000000000000000000000000501020607C5
:108E980000030408FFC4003611000102040404049E
:108EA800040407010000000000010002030411216E
:108EB800051231410651617107228191131432C1A3
:108EC800426272A11623245282B1D1F0FFDA000C5B
:108ED80003010002110311003F00D44AE566996EB0
:108EE800D1E6D7AB331B8B029D1DC9725F59D12DBB
:108EF800B484952947D0038C58B31AFBCE7A8DEFEA
:108F08005EA871217E3B2BDC824BB4DB0AD6725300
:108F1800AD33354C9D7C69094286E8CCEA95BA7F29
:108F2800D47549681DA95635935BA7D364BAAEDDDD
:108F3800F77502B8ABD2EFABCEAB665569C44E69D4
:108F4800B9454AF7387342CBCB63F0996A05259641
:108F580036ED65050A292B29012A6A9C054D0A7BED
:108F6800E5CDA7977C2E40859BBC4AD566D5F302F4
:108F7800A43DE347B5D2F2A4CA885475121F4A9596
:108F8800A1789D495B876A0F4DCBE9CF1E6A0CA873
:108F9800AC437E4A45C3DC2B89713442D936010C77
:108FA80058BDD668E95DCF417ECBC2EAF696E65455
:108FB800B94B4D9B61D02951771285545D765BC5BD
:108FC8003F7D850907D30262633109258D002B6631
:108FD8004BC22C3A1B47CE4C3DCEFCA0347EF52B21
:108FE800C6DBF695E6A4394937558D6DD5A3120A27
:108FF800D30D6F44740EFA1515A75F5C633188AD05
:109008003E76823A6A9F37E11E1915BFD2C67B1D8C
:10901800D68E1F6A23AB917949C6FD35EA9E585D05
:10902800750B37346231BCD3E5CB718135B40FC2CF
:10903800E25B56D7503A079BF891F986982D2F395D
:109048000A6C794D08D8AAAB88F83713E1839E3BA0
:1090580073C23A3DB522BC8EED3DF5D8949ACABB91
:10906800C67D2E5D7B84FE23CD461D1AB92046623F
:109078004541D2B7ADEABEBF22421C513F256A29FD
:109088003A83B79820ED52B1D00EC5454DEE17334F
:109098002FE05EB06AF78709D75D5E6D3EB1265353
:1090A800AED01E44B75BF2B5F8C82A68216140F813
:1090B80032D9D51A6BA6AA6D5D7183915846EAE23A
:1090C800E0B73965E6DE514662E079C5DCB6B39EA5
:1090D800E6AB78C7E6AD481F29D5F7DCA40D144FD9
:1090E8005521587B4D6C9AE14286B8E3B92A156A36
:1090F80025AF90B6F5413127E6254BC39CFEBCA3AE
:1091080052E3FCC90EAFF40092A3F66C8C238D2CAD
:109118009028DDCACD0EB136B39DAFD2D2BB36C4CE
:109128000C5B76251E48D5A972D2098A95A4FE241F
:10913800A06E9B23AEF5A9093D4E113BB2EB6485A9
:10914800323D896857B8BDCCA8E6B3322CD722DAAD
:1091580091A692AF79D71D24AE5B9AF3525B515119
:10916800D7EA164684271CB333025E118875DBBA2A
:109178009170C602FE25C49922D346EAE3C9A353D7
:10918800DF61DD2820D5AA19A19AB4DA8E61D6A5A7
:109198004F7EE2AE436AA9354BD1C521D7D085842D
:1091A8009E88012ADA9006891A6839622F531A2094
:1091B800310D6A47EEBD3F120C3C1B0A7C3C3D81D9
:1091C800A21B1D94750D2457FB89373B92A839BC07
:1091D80017C6A849CCC9D4BAB316FD16817447A4DA
:1091E800D127D66528471101064ACED05521692ACC
:1091F80043684F2D55A8D770C77990A988F69A006B
:109208004004E94DFBF2A7350487E203E089286FA3
:109218006FC489121973DAC02A4D3C82E68D162470
:109228009E54D923F383286AB9555CF09D7D87E85D
:10923800B5190F9A1C9F3F1DF7E7C26D412996503B
:10924800C9212859D40274E7AA74D5271C71A03AF9
:1092580003B983A75EB4534C071E858D40B54446B9
:10926800819C652035C6F96A40351CBD74282A8F53
:1092780059AADBF55875DA154A440A8C0752FC4995
:1092880071D7B1C61C4F30A4ABFC1EC475D472C6CE
:1092980086B9CC21CD3708C4C4BC29A84E811DA1EC
:1092A800CD70A106E0D7FF007FC56D5D16F53F8E36
:1092B8000E1ED199749A730DE6959AD2E1541B61EA
:1092C800013E7C369DEA674FA38925C6BFE2BDC92A
:1092D800E8712C9499F9B859CFD42C579678CF8641
:1092E800FF008631332F0EF09FE667E92743D5A6A6
:1092F800DD6C7753BDEB77552F1B26CDCEA872D6E4
:109308009BBECF96C5B95892490EBAE303C7A5CC00
:109318005F7DE5085B2A279EE6B9F5D31D3D5453CA
:10932800A2A6727AE88762717D06A949DB1ED7CFAB
:109338005B799AE466D3AF86DCD7105D52076D433C
:10934800C9787FE8061C2C534DD0771717E2DFCD7C
:109358003CD5B9597B536B50605874A20F344AA856
:109368006AF4C527F50612B4FD7E2C23AE539B4044
:1093780012AF38EDBA844AAE5AF0D36F23F8BA3C2C
:10938800089E71B09FE6572AA52E3CA50EE5B6D4D7
:10939800DA3FA538422B60B01D4A67F1FB0A0E5F21
:1093A800D2B2AF262DF496A8F6FD21F90840E5BD06
:1093B800C052D070FEA3F3093F559C05C69FE663D3
:1093C8000752AF1F0824D820CD4E11725AD1D2D9D6
:1093D8008FBD9480CC8721BCDCC69C536E465879DF
:1093E8000B1C8A5483B811E85230101A5F95FD950A
:1093F800CA5A220CA77B7BD95FF69B55EAA5CB6F8F
:109408005AEBAC79AB85FB6A9D7C488115720541A6
:10941800A90F4B2F3EE45756E0880250E1086949EE
:10942800E8B59D4AB9938C6B9CF0DFC540EEB5AEAC
:10943800DB53A515113AE812F2D1A68332C1111FE8
:109448000438E5C946B32B43800625E82A41D86D80
:1094580064537EE5E3598358BBE935DC83B11DAF1E
:10946800C6A6FBE2153DC71C44D9EC3A143C46A6F7
:10947800360250F25D4942D013B77949DC776B8DDB
:10948800B160FC52E0E86336BD7BD46FCD0EC2F10B
:109498004385C3968B027A28845D91CE0065691452
:1094A800B163B56E535049AD2A2829459ABA2D3F64
:1094B8000AD2A0A1C8857507B83F7079623ABD1075
:1094C80028402157BECD5B965C1CD7B92D70B3E5FB
:1094D800AAB4312D48EDE2C779212AF5DAE9183125
:1094E800833C88CE66C457D5551E2E4A322E1706A1
:1094F8006A9E663E95E8E1FF004550A67A5991ECD0
:109508008CE7CEEB029CD06E9D54A28B9A23291A2D
:1095180025A71A75A94368EDA15C903ECAD3078EAA
:10952800B454003BAF772B6E41C81C81CD2647F160
:109538005645DF2692A70752C091E3253FD811E888
:1095480070BB552735C2B96626FEBFA144755E2299
:109558002F5CE09B21EEFBD969D623363D36A94323
:10956800F7C26A52847192A946677B416A75E927F6
:10957800C7661D7AB553415730511818EC9FDBE187
:1095880023D061C35486CD463ED37B56509F63DFBC
:10959800286C98DE14BA3BCBD39217A879B07D40DB
:1095A8005E9E98078CB0D5910E9A2BBBC1F9E6FC4C
:1095B80039A933F5795FE9F49FB2861D4EF6DC6C64
:1095C80072DC928D4F6279601ABA8115E8B51B87F3
:1095D8002B2E8F7CD7ED5E252897521C65CB162D38
:1095E800AAFD252C8DEC4B63687372F5E44141F8B4
:1095F80074D7983D08C49E52107B84C83F872D17A6
:109608009A78AF108F86C18FC391E15088EE8A1D7A
:109618005D5AEB8B75AEB5E899D5D5B4FE7ED9AC5D
:10962800C12152A2506ACED436F54455AE3A5ADD1D
:10963800A7653A9569AF5DA71D2FBCD369C8D7B593
:10964800A8A372D56E033062685F0C37F500ECD4BE
:10965800FF001D7D1651676D318A2E71DF54988881
:1096680009622DC7514349039049794A03F6DDA79A
:10967800ED88ACC0CB19E3A9FF006BD43C3D18CCF6
:1096880060F2B19DA986CAFB00A90F6695AB2E763C
:1096980064DD179168F94A551D14FDFA722FC874D4
:1096A8002B683FD0DEB82583C3262B9FB01455EF17
:1096B8008BB3CD87874094ADDEFAFA3452BEE68B81
:1096C800999FF598B75E7D67BDDF1541702D4B35C5
:1096D8005422EA7A192EA988C94EBF5DEB747FD04F
:1096E800E0F1D6AA831A21998C6BC0A5B10769F35A
:1096F800150CC77BCBA7B9F84A397EF85D926E8006
:10970800F2EEAE945E994D35F50296EEE5C970938A
:10971800DDCA8C7D49FEF8409E9B7C07BDAF15F5E0
:109728005320FCD7A0D6F4D7BABCD249C386A98E99
:10973800D15ED9E794546CEACB6AB5855773C033C8
:10974800109761CA09D5512520EAD3A3EBA1E447B4
:1097580074950EF8D733004CC330CA31C3B8DC5EF9
:109768001DC461CFC2BD0F986999A751EDA750B12B
:10977800FEFEB02EBCB2BAE6D977A525702A90179E
:10978800B5682094388D4EC75B5745B6A1CD2A1EC3
:1097980087982043E2427407E489A85EB2C331394E
:1097A8005C6255B3928ECD0DDEFD88D9C371EA3562
:1097B8005DECA2CF5CCAC91AB2EA56157CC76642EC
:1097C80082A5C0909F1A1CBD0683C46C9FC5A72D97
:1097D800E9215F7ED8D92F351A54F90FA6C87E39EA
:1097E800C3586F10C210A7D8096E8E068E6F63F625
:1097F800350AC2B0FDA1994ADB352B8AF2CB8A958E
:109808001AE79CD35E6DDA636994DD414D021B4F04
:1098180088A295A00D48014344EA4EB82F0B168440
:109828002AE7B7CDD154D89F8598ABF24BCA4C35AF
:10983800F01A4D331232575B52849B5C6AA2B79878
:10984800BB33A733E6B940A13D3ABB76D5A44C6AF1
:109858001303710A75D2BD353D1080402B3C804EF4
:10986800A701A8E998BE51727457133E5B87F0C6EA
:1098780088CECB0A0B002E3C9A29A6B73A017DA8C0
:10988800AF9A954AD9E02B86C6E8CD4C893AF6AC12
:10989800071C6B6FFBAA92D237BDCF9F80C2741A88
:1098A80091CC2523915E2552B2E2560866FBF75EFD
:1098B8005FE2AE2189C4F89BE71C0860B301D9A315
:1098C80041DCEA7A9526661C47F2B72128B6956DE1
:1098D800E5AAEECCC9C9BC6BE5D27C66A9ED6EF2EF
:1098E8006DB9DF738B5ADD20F7F4C6E366A8E8B9D3
:1098F800AA69D26D55CC93C3170F859064B6A37A25
:10990800D75AEA509756A7D217F43B124617420285
:109918004E654AEA952289128B2F9A5EA3D5A42C0C
:1099280073D48536E34E8FF2DE113D38F85EB88584
:10993800B7C61D1E6361419A956EA301613D76CA43
:109948000E293FB6BB318DD5348B2D602370D09E48
:1099580098DAB5A01CD9C8FCB6CE9A3228D7EDBC87
:10996800DCE2CEEF2B2D0A2D4A8A4F52D3A3E24FC9
:10997800DC1D527B838D11E5A14CB72C408CE0BCDB
:10998800438870F46F8D231295D41B87771A7DF95D
:10999800291EE8F663BCB96B72C6CD74A23A89D8A1
:1099A800C55E9DBD691AF42E34A1BBD4A70222E07E
:1099B800D7391FEE15AD25E3000D1F392B7DCB1DC3
:1099C800AFA387DE8BC6D9F66354552D0ABBF36661
:1099D8003A63255F1B749A610E287D02DD5109FEEA
:1099E800C7190F0671FA9F6E89D39E30C20DA4A4C1
:1099F800A9CDF9DD6F668BFBA7157E3644701D97E0
:109A08006E5C145B5DF9554AA2BC947715F36755F3
:109A180024685410E4823469B1A6A40D00EC951CA6
:109A280014812D0A547F2C5F9EEAAEC7B89B12E2C0
:109A38005881D3D12A068D1668EC3EE6A7AA8D2D4B
:109A4800CB9E7E7AE6657B3DB3CA42A7DB96447619
:109A5800AA751811C7C2A4177643A6C76FF2B6B77E
:109A6800880B51E5A05151F8B1B85CD4A054CB652E
:109A7800C9A2A2B7C44675D42FECCC5A99A3B08713
:109A8800EE1B80B4A0A116930D216633290771F847
:109A9800025A4803F32947BE135294D851545C1113
:109AA800313F38B35EFEE262E18ED34A7DC4D1A96C
:109AB800315241111A29492DA47608692CA3EE7751
:109AC8009E870E1735486C28BFFFD900FFD8FFE0E6
:109AD80000104A464946000101020076007600005F
:109AE800FFDB004300030202020202030202020338
:109AF800030303040604040404040806060506090F
:109B0800080A0A090809090A0C0F0C0A0B0E0B09A6
:109B1800090D110D0E0F101011100A0C121312104E
:109B2800130F101010FFDB004301030303040304A9
:109B380008040408100B090B101010101010101056
:109B4800101010101010101010101010101010100D
:109B580010101010101010101010101010101010FD
:109B680010101010101010101010FFC00011080075
:109B78005601C203011100021101031101FFC400C3
:109B88001D000002010501010000000000000000A6
:109B9800000007080600010405090302FFC4005C71
:109BA800100001030302040206030A0808080F0054
:109BB80000010203040506110007081221311341B0
:109BC8000914223251614271811516235262729131
:109BD800A1C1D217183357829296B135475373866D
:109BE800A3B2C22426344354A2A4D125273637551C
:109BF80063667475839394A5B3B4FFC4001C010015
:109C08000300020301000000000000000000000043
:109C18000102050603070804FFC4004311000201FE
:109C2800020303040F0801040203000000000102FC
:109C38000311042131050641125171D1071314157E
:109C480016223242536181919293A1445254628206
:109C5800B1C1E1F023334372A2D22434F1FFDA0018
:109C68000C03010002110311003F009B70FD69EF16
:109C7800D711756BD9A1C4EDE36F0B62A298E5B15A
:109C880025F91E28716F608C3C80803C2C63AF7F67
:109C98002C6A15D96EC8339E0B3789D4FE1F8CBB2E
:109CA800ED4A3F043D8FFF00AB4F92F9C5CA5CC631
:109CB800A6A7C3B71A3B74DAAADB65C4A4ABA5711F
:109CC800873A69B582A497BF25224175B24FCD481E
:109CD800FAC68B34174C9B70B9C56D4B75AB751DA7
:109CE800ABDD1B7D16F5FD444ACBAC250A69B96985
:109CF8006884BB86D4496DD4120A9192083CC9384D
:109D0800C80277C81AB0CB6A8915BE3FAD8DE0BAD4
:109D1800B6E6874FDAFA7D62A30854D4AAD43A4843
:109D2800529F75BF0FF024A11ED2DB0BC9206467B8
:109D3800909181D264546C157866A2DF56F6C559A5
:109D4800F46DC932BEF86340E592894E788F34824B
:109D5800E28B4DB8AC9CA92D16D27AE41183DB4D69
:109D68006827A84FD3115A00AD0056802B4015A084
:109D78000AD0056802B4015A00AD0056802B401580
:109D8800A008C6E7C7BB65EDCDCD1AC27FC1B8DD57
:109D9800A4CA4529C0A0929945A5787827A03CD89F
:109DA800C13D01C1D0C10ACFA3E6C5DEFB4A55E7D4
:109DB8002F726995FA551E6FABFABC6AD7881D7A5F
:109DC8006852CBAF212B2558E5290A5F651C77E53A
:109DD800CEA6372A561CDD51256802B4015A00ADBB
:109DE8000056802B4015A00AD00249C4ADCBBC3C1C
:109DF800366FA50377A1DE372D5F6E2B1393EBB477
:109E08007726B8E468CE1490FC60D925290A473330
:109E1800AD7C16952476198774EE5AB3561CCA156C
:109E2800729572D160DC3429CD4DA754A3B72A2C82
:109E3800868E50EB4B4852543EB046AC833F401A96
:109E48007BC2ECA158B6BD52F0B9A6A6252E911535
:109E5800C9729E3F450919C01E6A3D001DC9207977
:109E6800E8D035148E1513BDFBF1B8354DFABC6F2B
:109E78007B9693637DD179CA3DBEDD41C44694B0DB
:109E88004A52DF860E0B0D0C051ECB701F20ACC28C
:109E9800BB7729D96439FAB24AD00568039DBC74E6
:109EA80071535BAADDAADA2DB3B86640A7D05FC5A7
:109EB8005E753DF5B4ECB9C3A7ABA568215C8D13FD
:109EC80085007DA73A7D0198932E2B898F48BA2E5D
:109ED8000E126C48F7B6E55CF5AAFEEADD10D4AAC6
:109EE8000DB550AAC87A3D1622C60CA96D95905694
:109EF8007B729EB9F606087140D0350016E1DD2D5B
:109F0800EDBBEA959ABDF93D86DB4AAA77057E7CCA
:109F1800E75B894D8D9C175C08200FC56DA4005424
:109F280070948EE44E6CAD0D85F9BE528DB9FC1659
:109F38006D5D42B34CB35977C5952A5495FDD2AFA0
:109F480048181EB12979CA11EC8E48E8212818CE84
:109F58004F62E2B04AE183869B9F73217F09FBA38E
:109F680077D56DBDBA85978BEF551C8CBA9A527D03
:109F7800AE55A94034C0C614E9EFD423CD491B51CE
:109F88005CA93B2392952A988A8A8D18B949E4924C
:109F9800576DFA92D43B6E17A4036A36DE9AD59FA2
:109FA800B2F6DAEE4FB9CCA62C77F9951A9CCA52BC
:109FB80030909528171E031DC000F7E63AC3E276D5
:109FC800E52A7E2D15CA7EE5FD9DADB07B116D2C71
:109FD8007255B6A4D518FDDF2A7EED23ED6DFA85FE
:109FE80092F4E38388EBC9D70357B22DE8AB24A6D4
:109FF80035122A18E51F0F155CEE9FEB6B0D576B9A
:10A00800E2EAF9D6E8FF002E76A6CDEC69BB7B39EB
:10A018002BD0EDB2E79B6FE8AD1FA03E8DB89BDF5C
:10A028007A55DAA741BE6F9ADD4E49FC1C78D529CE
:10A038006FBCE1F9210A27F5635F2AAF88AB2B29AA
:10A0480049BE966C33D91B0F66D1752A50A54E0BA5
:10A0580056E30497B5A091F7738DBD96A7A2ECA817
:10A06800CADC5A452D85254B76A6552E223270031B
:10A07800A874AD2807B7B413F5EBEBE5ED1C22E5A2
:10A08800BE525EBCD1AD772EE46F1D4784A6A8CE24
:10A098006F846D197B1C792DFB2E323B7F74C5E3D1
:10A0A8009F6D66409970556C9DC7B552842A751688
:10A0B80073ECB0EA1CCF238594AC071A5292A0A483
:10A0C80013CC8527D95608CEC3B371DDDD06A59418
:10A0D80096BD67486FE6E6BDD2C5C65424E542A5DD
:10A0E800F92DEA9AD62F9ED74D3E2B85D3140DD540
:10A0F8006788AD96BADDB3AFABD2ED872900B91D3D
:10A10800F6EB92951E6339C07595F38E74FC47453E
:10A1180024F450075F7E68D1159E8187839E306B3B
:10A12800966DD28B03766E59952B6AB8F25B8D507B
:10A13800A8C953CBA5C951C0E671649F016480A02A
:10A148004E10AC2860156A93B09C6FA11AE33F6269
:10A158002A1B15B829B8ECE72644B46E871C7E1272
:10A1680063BEB4260CAF79D8DEC9184F5E76FF00FF
:10A1780024A923DCD26AC38BB92EE12373AADBA3FB
:10A18800675C9C2FDCF7A55204FAAC57275A558414
:10A19800CE751222CB6FF08A64380F39485243814A
:10A1A80039EA90F27B1034D3E026B8989C2AF11152
:10A1B800B93B71BF036DF78AECAD4C815292BA047A
:10A1C800B62AD39C9029D504B852D2D25C279417CA
:10A1D8000786A39C10E255E43427679834AD91D2E2
:10A1E800B1D756417D00259E8FE60C4DC2DF187D04
:10A1F8008335D6518FAA44D1A88EA54874F56495A5
:10A20800A0049776696D51BD231B6D50B7878732BF
:10A21800B14F69EA886FBAC06E5B4A52BEB69B48B6
:10A228003F248D43F28B5E48ECA7DD1F56AC834B71
:10A2380075DEF6758D0454EF3BA693438A428A5E19
:10A24800A84C6E3A55CA32794AC8C900F619D1A045
:10A258001B3813A1D4E0C7A953E421F8B29A43EC00
:10A26800BAD9CA5C6D40292A07CC1041FB74019108
:10A27800A00C4AB55E9541A73F57ADD4A2D3E0C51F
:10A288004788FC994F25A69A4FC54B510123EB3AB5
:10A29800000257F8F6E18A83355045FCBA92DB3C58
:10A2A800AB5D3A9EFBED83F9E12127EB048D4F2945
:10A2B80015C964A6C0E2C787EDCB98CD32D8DC9A21
:10A2C80077AFC83CAD449C170DD715E4940782427C
:10A2D800CFC9249D3BA62B34173BE988BE80233782
:10A2E8007EE66DF582E4462F4BD28D457A7AC222FE
:10A2F800B336621A71F2541239104F32BDA20640B9
:10A30800EE74AF60B5CD9DC372DBD69529EAEDD169
:10A318005C8149A747197654D90865A47C8A94407A
:10A32800CFCBB9D3D000FC8E3738608F2BD515BA78
:10A33800719641C171A812DC6FFAE968823E634BDD
:10A348009487C96106C2DE2DAEDD042D5605F74699
:10A35800ADADB1CCE33164A4BCD8F8A9A385A47C85
:10A36800C8D09DC1AB12C97322408CECD9D25A8F88
:10A378001D84171D75D58421091D4A94A3D001F1A8
:10A388003A620395EE32F868B765AE0CCDD6A6C82A
:10A3980079B514A84065F98907F3D94293FA0E975D
:10A3A800290F92C94EDE6FEECEEEB3EA8760EE0556
:10A3B8002AAB3129E630D2E16A4E31927C17025637
:10A3C80040F320634269834D040D311E1366C3A711
:10A3D800447675425331A33082E3AF3CE0421B48D8
:10A3E800EEA528F403E67401ACB5EF4B46F58F2AC9
:10A3F8005D9F72D32B4C429062487A04A43EDB6F77
:10A4080004A5450548247300A49C67CC68B81B774D
:10A418009E66332B9121D434D3492B5AD6A094A5C8
:10A428002064924F4000F3D0047ED0DC6B0F703D67
:10A438007CD9177D26BC9A63A9625AE9D292FA1A86
:10A448007149E64A4A9248C91D7A1D2BDC2C462FD1
:10A45800EE24763B6C67AA937AEE45260D41BF7EC3
:10A468001B6A54890D9F829B642949FE901A2E907D
:10A47800ECD9A2A1718FC34DC329B850B76694C354
:10A48800CEAB95227B6F43493F9CF2129FD7A39492
:10A498008392C30C499127C66A6C192D488EF20322
:10A4A8008D3AD2C2D0B49190A4A87420FC46988862
:10A4B8009EE06F1ED7ED632877702F8A4D10BA394A
:10A4C8009B6643E3C7707C50D272E287CC24E9369E
:10A4D80090D26C80D2F8D7E18EAD2C426774E147F8
:10A4E800714AE54AA6449319B27FCE38D848FB484A
:10A4F800D1CA41C961969557A557603355A254E210
:10A50800D421484F3B3262BC975A713F14AD248224
:10A518003EA3A6232F40119DC8DBDB6B74ECAAADCC
:10A52800897643F58A755582D2F1D16D2FBA1D6CA3
:10A53800FD15A1402927E23E1A1AB8276150E15EAD
:10A54800FEB976037367708FBB72BF05E3A9EB4E44
:10A55800A0B3869E4B84A836827A043BED2903E893
:10A56800B81C6FB903509DB265BCF31D4C8C67567F
:10A57800409BEF256AA7C5C6F2B3C3AD8F3DD6ECA5
:10A588005B4E4226DE9568EAC25E750AC08CDABC6C
:10A59800CA540A47C5CE6560867ACBCDD8A592B88D
:10A5A800DD5068548B628B0ADEA05399814EA73028
:10A5B80088D163329C21A69030948F900354499F90
:10A5C800A00AD000538B7DEF1B1FB453EB14D9089E
:10A5D80045C35826994549EE990B49E67B1F0690D5
:10A5E80014BF873040F3D293B21A576221C3B5AB78
:10A5F8006ED856BD538ABDD4866753A8324C6B5A61
:10A608009AFABDAACD6CE4859CF74B6AC92AFC600E
:10A61800B575F0F0617396F3C81BC189B8FC4C6E30
:10A62800D3CE499A89B5FAFBCB95366C95144583F8
:10A638001903DB7567FE6A3B28C003C80006547A15
:10A64800AD47A232374EF8B751019DA8DAC79D161B
:10A658004D1A478AE4D5A791EB867A472AAA0F8F25
:10A66800C5EE196CF442307DE2700227FC2FF0F53C
:10A6780040BBA04FDEBDE6929A5ED9DAFCCEBEA7FB
:10A68800C948AABC83D594E3A9682B09572F55A8B4
:10A6980086D3D4AB1339C6941D4A8EC91F560B05F1
:10A6A80088DA589860F09072A9376497F9A716F479
:10A6B8004B3669B88EE25EE1DF2AB26934E6DCA285
:10A6C80058F4B21BA4D0DAC211C881843AFA53EC08
:10A6D800A9780309F75B1D13D72A3A763F684F1B01
:10A6E8002B6905A2FE5FF991EA9DCCDC9C26EA6104
:10A6F800D4DDA78892F1A7CDF961CD1E77ACB579E5
:10A708005920B752758F378188E18B83DBA37D9CF5
:10A718006EE7AFBEFD0ACB6DC29334207AC540A464
:10A72800E1488C1431CA0820BA41483D0051071944
:10A738004D9FB2E78CF1E59439F9FA3ACEBADF5E6B
:10A74800C8385DD84F0B874AA627EEF9B0BE8E767B
:10A75800E3C54566F56D2B5FA47B6BB41B73B454DE
:10A7680074D16C0B5A1D2DA2901E7909E691208F89
:10A77800A4EBCACADC3F59C7C00D6D987C2D2C3498
:10A788007934A363CD9B676FED1DBF5BB7ED0AAE50
:10A798006F82E0BA22B25EC47BEEB3F4885B637664
:10A7A800CBAE36D2E9CCD0E72E525C03954D0617D6
:10A7B800CC083DF23A6AB12E2A8CDCB4B3FD88D8B5
:10A7C80070AB5369E1E143CB7385ADCFCA5613DF54
:10A7D800464583568D12EBDCA9ACB8D4398DC7A396
:10A7E800432A1D1E5344B8FA87C4254509CFC79884
:10A7F800791D60760519252ACF479759DC3D9A3689
:10A80800AD29CF0FB320EF28F2A72F55F28AF6AB68
:10A81800BE8B0D9EF0ECDD91BDD683F68DEB4EF12F
:10A828005B397224B6F024427B180EB2B3EEABE269
:10A838003B287450235B1B573A293B1C97DF2D8F0D
:10A84800BBF61EF47AD1BA990FC77429DA7545B4E4
:10A8580010C5423E71CE9CF650C80B41EA927CC1AD
:10A86800493C6D58E44EE34BC3ADF34BE29F646B38
:10A878003C2FEE45413F7C74C83E35BF517D597130
:10A88800C6DAC782BC9EA5C615CA9563AA9A57C9D7
:10A898004754B35625AB3B89BC59176ED55FADC934
:10A8A8006D0BA65C969D533C8AEECCB8EE60A4FC7A
:10A8B8005394907E293F3D495A8C271A56D52AEB46
:10A8C8008B66714165B059A4EE0C0691510D743137
:10A8D800AA4DA3A6481D145285209FC68E4F73A665
:10A8E800F9C51E61E4E15B770EF3ECB50AE99AF865
:10A8F80072AF15069957EBD7D719012A59FCF4F20C
:10A9080039FD3D5A774435661774C4261C1554A979
:10A91800547DDEDFD4542A7122037227903EFA1B3D
:10A928002A024CCCE0288CE32350B5653E0373F72C
:10A93800D96BF865EFBE2A5F227A957AE3581F6FC4
:10A9480036AC9067B93C5B6C26D84379CAC6E053ED
:10A95800AA135B4928A7521D4CD92B3F8B86C94A9D
:10A968003EB5A923E7A4DA4349B061C365837B6E8A
:10A9780086EF5638B5DD0A1BB443518DEA56A51D3E
:10A98800FCF8B1E114F287940E08CB7909C80545A3
:10A99800C755800A72966EEC6F2C90D8EA89120F10
:10A9A8004A45312F58F64560B692A8B539B1828824
:10A9B800EA03B1B9BBFD6D0FD1A891701C2B1181B1
:10A9C8001AC9A0461D9AA5C447E86503564199715E
:10A9D8005C147B528550B96E09CD42A6D2E3392E5C
:10A9E8005C870FB2D3484952947EC1DBB9EDA0050C
:10A9F800176F6D8ACF1C3714ADD2DD413A2ED6D2EF
:10AA0800A6AE3DB56B25D534DCF5B670A9324A48FB
:10AA18002BC76383EF73241012AE795E36A53F14FB
:10AA28006968BB67B776E4245368362D029F190915
:10AA3800080D47A6B284E3E784F5FB74EC4DC13EEC
:10AA4800F9F069B47BBD4594BA6DBF02D9B9020A61
:10AA5800A2D569D192D02E0EC1F69184BA827BE438
:10AA6800730EE950D0E298D49A045C1E6F9DFB6780
:10AA7800EE24DE1677B5F7D753A7ADC8F469329D33
:10AA88002B710B693CC63170F571B537F846567AAB
:10AA9800E072F505204A7C18DAE2876F5648887A12
:10AAA8004FA9498FFC1D5D91D252FB2F4F865C0345
:10AAB800A8E8CBA8FD6851D448B813EA2F0C9777BB
:10AAC80010D3A1EE671515B945B71097A9565D3192
:10AAD800F5331298D280203CB1ED29D50EAAE52194
:10AAE80059E85440E50ED7CD8AF6D02937C2270D4C
:10AAF8006DC3F514ECE5B85BC63996C294E7FF0060
:10AB080050AB9F3F3CE9F250AEC5838B0E1368DB18
:10AB180025446F7DF622754ADE7ADF94CAE5456AD8
:10AB280052DCF564AD61097D85A895A7956A485200
:10AB3800095254957960832D5B345277C99B3B3613
:10AB4800D2DEDE3B2140B9774EBAEDA7B651421BA3
:10AB58006A9B4BF6575A90DFB2EBC39860A79C28C4
:10AB6800732C14A4FB2849214BD19CB50CA3A0C17C
:10AB7800D07837E1AEDF82882CED3D1E694A025459
:10AB8800FD442E5BCB3F12B7147AFD581AAE4A2704
:10AB980094C1A6F9F02BB7332DB97766CC539EB480
:10ABA8006EEA334A9D0053E53A96643AD82A08E596
:10ABB8002A25A59C612B6CA70719046749C7986AC1
:10ABC8005CE11F83EDDEAAEF3EC7D2AE3B85E2F51E
:10ABD8006A03CED2AA4F10125E799C61D207652D06
:10ABE800B536A3E5CC55A7177426ACC95710D4665B
:10ABF800ABFB13B814A7901697ADBA81008C82A44A
:10AC0800B0A527F5A4687A02D406FA345A03612A53
:10AC1800B20003C6B9E51E9F28F1C694741CB51A84
:10AC2800BA9418F53A7C9A74A485332995B0E24809
:10AC3800CE52B49491FA0EA893987C21D037CEB70F
:10AC480026F9DA6DA8ABC7B729F324466ABF712C79
:10AC580012F531A654FB6111D20825E7473004608C
:10AC6800808CF327BEB8D5F44724AC38762F031C64
:10AC78003CD9F0528AA5A3F7D35157B5227D71D597
:10AC8800485BAB3EF2BC304369C9C9E89CFC49EF5C
:10AC9800AA5144F2999178F041C37DD94E7E2B3B5D
:10ACA8007EC50A4B8921B994675719C6CFC42412A7
:10ACB800DABEA5248D3E4A17298A1D8973F11DC362
:10ACC800CEE45D3C2B6DC2D15CA95424A58A319099
:10ACD8003F070B993E289AD21594212A615CCB4AEA
:10ACE800BD84A93CD851042A15D645E4F3192DB9D9
:10ACF800E02F6FA1AD774EF6D4A6EE1DDB3CF8D35E
:10AD0800E4CE94E88BE21EA4252085B801C8E6703D
:10AD18009CF92523A6A9479C972E608356E0FB86BD
:10AD2800BACC35437F68A851C1494876136B8AEA83
:10AD38007A770B6D4159D3B217298BE5976E567800
:10AD480034E286DEDB9A557A6CFDBADCC2A6A2C76D
:10AD580094BE631A5679539C613E225C2DA4AC01C3
:10AD6800CE8747302539D4F92CA7E321E51DB564F2
:10AD780017D0001F8B6E1DDBDF1B2113EDD098B79A
:10AD8800ADB7CD2E872D2AF0D6E28614A8C563B0BC
:10AD980059482957D070255D073653571A7617B585
:10ADA800F1AFB837B6D2533692D7A25413BCD5797F
:10ADB80066DC92A4B25B2C84FB2B9609E88754329C
:10ADC80008FF009B525C59C04A733CABAB15C9CC19
:10ADD8006B3876D8DA26C1EDCC4B46029A95527874
:10ADE800FAD562A0949E6992D40732B27AF2247B93
:10ADF8002807B2464F5249A4AC4B770A1A622B4037
:10AE0800163D3401CD1E2B2B75CE2538ABA6ECEDA7
:10AE1800A7214B8B45929A04650C9436F92173A4AB
:10AE280091F9012527E4C7CF5C6F3762D64AE0E382
:10AE38008A4DC0A5DC97853B6AB6F92A1656DDB35C
:10AE4800F7068B1D9F6BD6A42484BF2303DF5ADC2F
:10AE58001CA0F9F2E7E99D0D8D1BFDCD88DF0D5B88
:10AE68004D1F66E12DB4DFF7DC56AA17A4A460AE27
:10AE7800053CF5629895771CC725CC639B0AEE14B0
:10AE88009C0F2C8167983CE1EF65EA1BE5B8B1ADF2
:10AE980074C83068D0DB33EBB51242530E0A0FB6D4
:10AEA800AE63D02D5EEA73D892A3D1274BA4A49C9D
:10AEB8009A8C55DBD1135E27B7EE9FB87320EDA6A9
:10AEC800DA349A66DA5A01316910E382844C5B639A
:10AED80097D6543B91DFC3CF5C12B3ED2CE351DA24
:10AEE8007B41E2E7C88790B4F5FAFA8F52763DDCE9
:10AEF800A8EECE13BAB151FF00E4D45E37E45F7117
:10AF08007AFEF3E2F2D16606D628EC60EFC2470E6D
:10AF18006FEFE5F6A5D65B75AB4682A43D57752461
:10AF2800A4C851EA888850ECA5E09511EEA01EC58A
:10AF380049D64B66E05E36A78DE4AD7A8D0F7FB7B4
:10AF4800BE3BAB80B50CF1152EA0B9B9E6FD4B8719
:10AF58003CBD499D5EA6D36051E9F1A954A86CC4D3
:10AF6800870DA4311D865010DB4DA461284A474047
:10AF780000000035BAC62A2B92B43C9F5AB54C45FE
:10AF88004955AB26E526DB6F36DBD5B7CECC9D33EE
:10AF98008C15F1155ADA61B7353B4B7637058B625C
:10AFA800975B6D0D3CA4494A25BCC8712A5A1A46BC
:10AFB80014B5730494129492028E3AEBE2C74A874E
:10AFC8006974EBCB929FBCDA77470DB59ED1A78BFE
:10AFD800D938775674DB6B26E29D9A4DBC92B5EE54
:10AFE800AED68005FF00481EC56DBD1A159FB51B5E
:10AFF800775B9F4AA53423454210DC08E9427B72FF
:10B00800F8854E1CF72A52324924E49D631EDAC3A0
:10B01800508AA7420DA5EC37F87628DBDB62B4B17D
:10B028009B5B1318D49BBB79CE57F5DAD1F627650D
:10B03800A235907D27F4A5C909A96CDCE6A393D5B0
:10B0480071EB4DB8B03F354D241FEB0D42DE057C4A
:10B05800E9FD7FA3EBA9D852B28DE963537EB834DA
:10B06800BDEA4FF60A532E5D81E3B36E6A166D3E54
:10B07800AAA62AF19BF5A8ECCB643551A5C803090B
:10B088007D2824871193CAAE4514A924A49048C6E4
:10B098005B0D8EA18D5FE9BCF99EA75AEF16E86D8E
:10B0A8005DD79AEED8788F2538E717EABF07EA699F
:10B0B800339CEF31B85C39EEEA50EA0D36E9B3EA71
:10B0C80029713DFC3771D4107E932EB6AFB50BF8BD
:10B0D800EBE8D0D6F541778CEA4D06EF7AD1E24E0F
:10B0E800CA60228DB8D4F4A67363198F5361212BDB
:10B0F80042F1D9452394FC54C28F9E9BE714798969
:10B10800670B91D3BE5C356E5F0EF2D4976A74906C
:10B118002BD6F0575521C512A484FC078EDE0FC923
:10B12800F3F1D0B35613C9DCBFA367725CA0EE4D30
:10B138006F6C67B8A6E35CD0FD762B4BEE89B187C0
:10B14800B49F91534A567FCD0D38B091D21D5907FF
:10B1580039B637870DB8E223787799EBFD55529ABF
:10B168001DC8EFAA220C90C83E34A93CE544A4931C
:10B17800FC9A71DBCF5095D96DD92B0763E8E2E1D2
:10B18800B4B7C8215C60FE30ABAB3FECE3F569F2C5
:10B1980050B94CD0557D1B96253A4B157DB2DCAB8A
:10B1A8009EDBAA42703F11D90962621A753D52A00E
:10B1B8000250A183E7CDA3921CAE723E8E20788AFE
:10B1C800E152F3A7DABC49259BB6D0A92FC38D71EC
:10B1D800C46878C940F794952529E75241CA9A71FD
:10B1E8002178EA952877576B50B27A0ED53AA10A9A
:10B1F800AD4F8D55A6CA6E4C498CA244779B5732E9
:10B208001D6D690A4AD27CC104107E7AB2452BD2E0
:10B218006B143BB1D44938EACDCACA47F4A2C81A5C
:10B2280099151D46AEDA47876F53118C72C3607F3C
:10B23800AB4EA9122BDE91CBCAA148DA0A458D4A3A
:10B2480075489178D65B88E007DF65A1E2149F9185
:10B2580073C1CFCB532D0A8EA31FB7165D3B6EACBF
:10B268003A058F4A69088D44A7B30D3CA3DE5212F4
:10B2780002D67E6A573289F8A8EA912F3249A00A85
:10B28800D0021BC7FD246DDEEEED96F9D112199A96
:10B29800994966529031CEB86EB6EB655F125B5B2A
:10B2A800A8FA801A8964EE5C7987BD9750F34879CB
:10B2B800B5650B48524FC41EA35640A27A4B60A5F1
:10B2C800CDA7B52A58F6E2DD2CA01F805C77B3FE27
:10B2D800C8D4C8A88DCC624C76C9EE509FEED51262
:10B2E8007AE80045C5B32891C36EE1B6E24280A171
:10B2F800BEBC1F8A4A540FD8403A4F41AD4D77051E
:10B30800631C30585FFB93E7FED4F688E812D43705
:10B318006988B1008C1191A00517D1B8169DB4BDEC
:10B32800139FC18BBE4040F21F80673A98E854B51E
:10B33800198DC7604ADBEB9A29190F51A6B647D673
:10B34800C2C6A99285D7D1AA00E1D1C23BAAE19889
:10B358004FD7E1B1A98E854B51AC3AA244FF008189
:10B36800AA62295BABC40414240116E84B291F21E7
:10B3780022611FDFA98EACA968870754495A004D7E
:10B38800E7C3437E930A63E00CBB69978FCC88CEF2
:10B39800A3FB80D4F9C579A391AA24AD00287C70B9
:10B3A800A149DD4E1F1F6721DFBEC29491DFFE5108
:10B3B8000CEA65C0A8E8C6EC6A892FA001AF103B6B
:10B3C800DB40D87DBA9D79D5B9244C57FC1A950332
:10B3D8009B0A9B2D40F23631D79460A947C9293E74
:10B3E80078053761A5711FAB6CC7101B3B47A4716B
:10B3F80097226A655DABA8BD5AB8E90A6390C68B07
:10B4080020F5F1027E8A90A525D48EAD85A48F7192
:10B41800475166B32AE9E43F7B4FB9F6D6F0D874B2
:10B42800BBF6D57F9A2545BFC232A502E457D3D1D2
:10B43800C61C03B2D0AC83F11823A107569DC96A74
:10B44800C4BF4C45680229BAD7C45DB5DB7B92FC02
:10B458009653C943A6BF31095765BA949F0D1FD2A9
:10B46800594A7EDD0F20599CCED8EA8CCDBADAAD88
:10B47800CAE24AA6EA95704D26D4B7642C6546A55B
:10B4880033F092E424FE321042B3F250D71AC95C6A
:10B49800E479BB191C176DF50DEAFD7B7DAFB6F39A
:10B4A8006AED7C355495E2751227841534919F789E
:10B4B800A002BFCF535F1D0971097300CBFAF6AD27
:10B4C8006E35E75ABEEE370AEA15B96E4C786490C5
:10B4D800D83EEB69FC942025007C12349BB8F40E0E
:10B4E800F7FD4D5C3CEC7C0D8DA3ABD5EF2BEA3B17
:10B4F80055BBDDF41C391A2AD3FF0006A767B8F636
:10B508003AAC7C0AFC9CD60B6CE35D38F734357A90
:10B51800F4737B4EE8EC51BA8B1759EDDC5C6F186D
:10B528003B534F8C96B2FD3A2FCD9F9A2E3AD64F69
:10B53800419954BA6542B5538946A4C45CA9D3DF7E
:10B548006E2C661032A75D71412848FAD440D38C1E
:10B558005CDA8C7567157AF4F0D4A55AABB4629BA3
:10B568006F992576FDC764761768E97B27B6148B33
:10B57800120042E4476FC7A8C948FF00954D580517
:10B58800E70FCB3ECA7E094A4796B7DC1E1A384AEF
:10B598002A92F6F49E35DE9DBD577936A54C7D4D31
:10B5A8001E515F762BC95FCBF5B6C935EB7CDA5BEC
:10B5B800756F49BAEF5AF45A452A263C4912178141
:10B5C800CC7B2520755A8F9252093E435CD56B423D
:10B5D800841CEA3B2319B3B6662F6BE22384C1535C
:10B5E800739BD12FDDF049716F2420FBE5E911BA77
:10B5F800EE35C8A06CBC15DBF4D3941AC4B6D2B926
:10B60800EF0ED969B394300FC4F32FF34EB59C5E97
:10B61800DC9D4F170EACB9F8FF00477E6ECF623C39
:10B6280026114711B6A5DB27F713F1174BD65ECBCA
:10B638002E9142ABD62AD5FA93F5AAED525D4AA1CE
:10B6480025454F4B96FA9E79C3F94B5124FE9D60D0
:10B65800E5294DF2A4EECEE0C3E1E8E1292A142061
:10B66800A305A24924BD8B230F527316F11BEBF8D7
:10B678004474EFED0E9F5E8B8ECF98DBDAB74DC129
:10B6880064DC54FBB2D5AA3D4EAB52DE0FC592D155
:10B69800EA850F223B292474524F450241EFABA79C
:10B6A8005254A6AA41D9A3E3C76070FB4F0D3C26AC
:10B6B8002E0A54E6ACD3FF00326B54F54F3436DC17
:10B6C80049C7A1F133C3E51B89DB5A0351AE2B648B
:10B6D8000A6DD10D9EA50D7300B073D486D6B4B88B
:10B6E80083FE49E567B74DE309898E328AAAB5E337
:10B6F800D279077A777AAEEC6D39E02A3BC7584B96
:10B70800EF45E8FA783F5A609F67EA4BBFF60B733C
:10B718003652612EC9A34617D5BE9528650EC52099
:10B728004C6D3E6799A39C0FC659D7D2B4B1AE3CB5
:10B738009DCF5E04EF355A3C48DBCC17CA22DC4C5F
:10B74800C9A33DD7A28B8DF88D7FAC691FA744751F
:10B7580009687BEE9473C3A71A2F56A0A3C1834F21
:10B76800B8E357584A3212614A216EA07C8071F4BE
:10B778007D9A3460B3475690E15A42DAE552143262
:10B788009503904791D721C6267C023DEB1B93BEBB
:10B79800923FCA57DA57E99337511D4A9701D0D5D6
:10B7A800925680029C655AB4CBAB870BD1BA8B2DCD
:10B7B800A9CA54135788E28756A4472169527E04C0
:10B7C80080A41F92C8F3D296838EA637047539B524
:10B7D8004E18ACA767A96A5C7664C46D4A3925A679
:10B7E800A53A86FEC09481F50D11D025A901F496DD
:10B7F800F2FF0017FA767BFDF344C7FF006F234A78
:10B808005A0E3A8D15BC41A15388FF00A233FEC2DF
:10B8180075489130F491C9312B9B412E4122247AED
:10B82800ACA79C51EC395C884FFD5075122E23BA99
:10B83800821490A49041EA083DC6AC83EB4015A061
:10B8480004ABD26789F6E6DDDB71D3CF36A55D7C24
:10B858003081EF11E086FA7F49D40D4C8A88E6D30F
:10B86800E37A9C18F139B9BC0690D67E3CA903F658
:10B878006A89153F494B8846C8D0428E3FE35C43EE
:10B88800F608F209D4CB42A3A8D6C25A571195A0FC
:10B89800E52A6D241F9606A893DF40023E2D9411D9
:10B8A800C36EE193FF00A09F1FA70349E835A9AF26
:10B8B800E0B883C30D8247FD01D1FF006977447466
:10B8C800096A1B34C47CAD41092A3D8027400A37E8
:10B8D800A365CF136BAF03F1BBA42B3F5C764EA6D9
:10B8E8003A152D4682F6FF00C8EAEFFF000D95FFD6
:10B8F80000E956A99285BFD1B0903872247D2AFC00
:10B90800D27FA8C8FD9A98E854B51AA3AA24533838
:10B91800347C3DBD7C45A92461576255FEBE60FD5F
:10B928009A98EACA96886D354495A004EA7BE1CFD7
:10B93800496D35BFF2768291F6FABBAAFDBA9F38F7
:10B94800AF3471754495A005278D1752ADE5E1DE3A
:10B958003119FF008DA5647FF3E18D4C8A8E8C6DC3
:10B9680046A89316AF56A6D06972EB5589AD4383A6
:10B978000185C99321E572A1A69092A52D47C8001B
:10B9880009D00293B4F45A8716FBC4BE20EF282FBF
:10B99800236FAD290B8764D2A4A70994F215ED4C47
:10B9A800711E78500A3F96109C90D1CCACDDCA79B4
:10B9B8002B0DE498B1A6C67614B8ED3EC3E8536ED5
:10B9C800B4EA02D0E21430A4A927A10412083DF376
:10B9D800AA244763FAEF01FBF422B8E3AAD9DDC22F
:10B9E8007F2852B9969A4C81F1F305A0707F1D9279
:10B9F8000F5535A8F2597E521E465E6A4B2890C3F1
:10BA0800A871B7121685A141495248C8208EE08F07
:10BA18003D5907DE8014DF4915EDF7BFB2506D467A
:10BA28005F2876E7ABB4D3A907DE8D1C17DCFB399A
:10BA3800D2D0FB7532D0A8EA27FC40BE9B336CB647
:10BA48009F671A2942E9B4137556128CE4CEA8A848
:10BA5800AD2163F190D023EA56A594B9C276F734A4
:10BA6800762F835B0767D8FC0566FD7BEEED7424B3
:10BA7800E1450021E52143E4A5466FEA68E9BC9564
:10BA880084B37702FC30D994ABAF756355AE76F9C1
:10BA9800ADBB3623F74D6C900A4C68839D2839E876
:10BAA80079DDF0D38F319D71CE6A9C5CE5A2CCFA2A
:10BAB800F0785AB8EC453C2D1579CDA8AE96EC88AF
:10BAC80055F57955F70EF2ACDF15E70AE757263931
:10BAD80035D04F44731F65B1F242425007C1235A13
:10BAE800156AB2AF51D496ACF69ECBD9D476460A35
:10BAF800960682F169C5457AEDABE96EEDF49A2DAB
:10BB0800719F78D47A3D36B137A6EF48BEAA31BCCA
:10BB18004A75971C3ED73272954F7B990CFF00559A
:10BB280001D5FC8F21D6676261FB6D7ED8F48FEE5C
:10BB3800CEAAECB5B71ECED911C053769D7767FF54
:10BB48000048D9CBDEECBA2E747AEFBAE8962DAF5E
:10BB580054BBEE394235328F11C9929CC6486D09E3
:10BB6800C9C0F327B01E6481ADAEAD48D183A93DED
:10BB780011E70C0606BED3C553C1E195E736A29777
:10BB8800ADFF001CFEA390FBF9BF9786FEDE2E5C7E
:10BB980015F79C8B4B8CB52691494AC96A0B27F53A
:10BBA80029D50C73B9DC9E8309006B47C6E32A6369
:10BBB8006A72A5A705CDFD9EBCDD5DD5C1EEAE0DB3
:10BBC80061F0EAF51F973E327FC4579ABDAF36D869
:10BBD80031D7C66D07DB4D3B21D430C34B75D754E5
:10BBE80010DA1092A52D44E025207524920003A9AF
:10BBF8003A2D7C90A52504E5276487AB86CF47FBC3
:10BC08002FC68B7A6FD46732EA52EC6B692B29E521
:10BC180007A832D6939CFF00EA92463E9127291B3B
:10BC2800260362DD2A989F775F51D11BE3D95A51C9
:10BC380094B05B01E993ABFF00A27C3F33D7CD5CA6
:10BC480047529D61D9348A50A1D2AD1A344A7251F3
:10BC5800E188ACC0690D72FC39027075B0468D3848
:10BC6800C79318AB741D2B5B6A6371157B7D5AD221
:10BC780094F9DC9B7EFB9CC3E3976BED6DAEDED342
:10BC880012CF80C53E9D5CA63356F52613CAD467ED
:10BC980054E38DB8109FA29516F9824740547181DC
:10BCA8008034FDAF87861F116A6AC9ABD8F4FF00DC
:10BCB800632DB78ADB7B0F978C9394E9C9C394F5FE
:10BCC8006924D5DF16AF6BEAECAF99B9E036EB8A99
:10BCD800BBFEBBB33702BC5A0EE251E44275851F66
:10BCE80067D61B6D44119F35345E4FD89F86B9B611
:10BCF8001D7E457749E925F5462BB2EEC78E33639D
:10BD0800C768C578F464BE1964D7B25C97EF07BCFE
:10BD18003FA5FDBCE27EDFB62AE9E74A6BB22D4AB1
:10BD28008A17D9C69F2E43701FACAC1FB06B6A5AD6
:10BD38009E6B7A10AB42549DB7DDCA349528A1FB9F
:10BD48005EE6612B3DB1EAF2C255FA927486F41AA6
:10BD58001F49E5AA235F567DDA8682455E93269AB7
:10BD6800E280EEA61D0A4E7E7CB20FE8D548988C7C
:10BD7800D6D771196C3DB6768BB53900CC5D0A0201
:10BD8800A412BEA5D31D1CDFAF3A6992D01BF47272
:10BD98004812AECDE3919C97AA715CFB0BD30FEDD3
:10BDA800D289521E0D5905B2068014AE34F7919A05
:10BDB800FD213C346D7AD15EBD6F090DC197162205
:10BDC80082FD4A38505292EA8744295CA0107DD6F9
:10BDD800C2D4AC0C6664F81515C58C3ED16DFC5DFB
:10BDE800ABDB3B6F6FA23C1E4D0E9EDC671E1D9D9C
:10BDF8007BDE75C1F00A714B57DBA69584DDC5C79C
:10BE0800D26D2437B17458F9EAEDC8D1FEAC592780
:10BE18004A5A0E3A8D35A2E8916AD1DF1D9CA7C611
:10BE28005FE969275489175F4856D84CBF3643EFF6
:10BE38008A95156FCCB3E5FDD35A10095186A4161F
:10BE4800E4600FC5494B87E4D9D4C95D151D49BFC6
:10BE580008DBCB0779366A8F3972D0BAE51196E9D3
:10BE6800559679B2B4C86D2129748EFCAEA00583AD
:10BE7800DB2543BA4E9A774292B30D5A622C4E3460
:10BE880000953CE0E2938D58326923D6EC8DA048AA
:10BE98002ECA4FB4C489C970AB093D41E67D290358
:10BEA800E288CA3D88D46ACAD10EA8D592273E93A3
:10BEB800893C9B4F6AC4CFF2D7205E3F362BDFF711
:10BEC800EA6454751BDA57F83227F986FF00D91A45
:10BED80068932B4C00C7190F781C32EE02F3DE96DC
:10BEE8001BFEB3CDA7F6E93D06B531F82957370B48
:10BEF800D619F843903F44B78688E812D437E988C2
:10BF0800C3AC481129336528E0331DD709FA904F8F
:10BF1800ECD0028FE8C95F89B457439F8F72AD5F39
:10BF2800A62307531D0A96A343B90F88DB7B73C961
:10BF380027019A34E70FD8C2CEA99285CBD1A6E8BB
:10BF48005F0EF25BCF56AE29693F6B31D5FB753179
:10BF5800D0A96A35E7B7DA354489B70272FD777632
:10BF680077F648394BD71A5C07EB9537531D59526A
:10BF7800D10E56A892B400943B239BD278CB59F7A4
:10BF8800283E17FF008E52BF6EA7CE2BCD1D7D51C8
:10BF980025680131E356786F884E1FE3F37F235BF2
:10BFA8000F1FB66C34FECD4CB52A3A31CD1DB544C1
:10BFB80089DF1257A563882DDAA6F08DB755175972
:10BFC800A6A1E4CBBDAA51D590CB0D94AD4C647419
:10BFD800F63292A07BBAB6927DD50D4BCF2452CBC8
:10BFE80031B1B62DAA259D6F53AD6B729EDC2A65C3
:10BFF8002A337122C76C6036DA0600F99F324F5235
:10C008004927A9D5126D340108DE6DA8B7B7A76F07
:10C018002AB605C49096A737CF1A48482B89253DDC
:10C028005A7D19F34ABB8F349524F42749AB8D3BCD
:10C038000BE705BBB970D0AAB55E16375D6A66E82E
:10C04800B3D6E33495B8ACFACC46FA9652A3D55C8D
:10C0580089295B67E932A1F8874A2F80E4B88DD631
:10C06800A8939F1E9089122F9DF7DB8DA888E170F9
:10C078002D86505B1E4ECE9896BF4F2343F4EA257B
:10C088009B2E3A019DC469BDE5E32E5D01AE554185
:10C09800A85DF1E80C840F6530A33888F81F2F0DD0
:10C0A800959FB74B563D11BEF4835DFF007C7C43E2
:10C0B8004AA132E24C5B5A991698D253EEA56B4FBF
:10C0C8008EE74F8FE1503FA2344B508E8686CE02CA
:10C0D800C7E126F5BA414227EE0DC312D68CAFA6AA
:10C0E800214649912397F254A2507EA1AC56D8AB71
:10C0F800DAF0AE2BCE76FE59D95D8AB66AC76F0CD8
:10C108006B4965462E7EDF263F577F600F3D4E7593
:10C11800A81EA22DA00EAC7029B762C4E1FA913E08
:10C128004C7F0EA17538BAE482A4E15C8E612C0FB5
:10C13800A832841FAD475BA6C7A1DA70A9BD659F69
:10C1480057D0F29764EDAFDF4DE0A94E2EF0A36A09
:10C158006BA5795FF937EE3338E5875499C325DC49
:10C168009A6739F07D4DF9294F731D129A539F60D4
:10C178000327E40EAB6BA93C1CEDEAFDCE1EC67589
:10C188002953DE7C376DE3CA4BFECE124BA8E4E19F
:10C19800EFD75A49EB333E816FD72EAACC4B76DACC
:10C1A800A4CAA9D4E7B81B8D122B656EBAAF901E2E
:10C1B80043CC9C003A9206AA10954928415DB3E702
:10C1C800C5E2E86068CB13899A84239B6DD92FF365
:10C1D8009B57C0E94F0A5C18D2768111AFBDC26E79
:10C1E8003552F45279D96D38723D2723DD6CF65BF0
:10C1F800D8E8A77B0EA11D32A56DBB3765470B6A32
:10C2080095739FEDFDFACF34EFD7645ADBC0E58014
:10C21800D9EDC30DC784AA74F3479A3ED9679269CA
:10C2280075993AB4B1E83401C8AE30B70D9DC9E28A
:10C2380006E6AA417C3B4FA5388A243505652A4481
:10C248006CA56A07E05D2E91F2C6B47DA95FB7E2DE
:10C25800A4D68B2F77F67AF3B1F6C996C7DDFA1410
:10C26800AA2B4E779CBA659AF746C46F876A9BB427
:10C278007DFADBEA832A2929B8E13471E6971C0D97
:10C28800A87DA9591AE1C0CB9189A6FD68C8EF7DA0
:10C298001588D818DA6FD1CDFB95D7D5129DC56B07
:10C2A800D5F8D9A9A200C286E2C652027C966632A7
:10C2B800A38FE913ADEB89E36E040F7E5A440DEEAC
:10C2C800DC46E3FB2962E9AB1463CB129C2349EA01
:10C2D80035A0E5FA47D8FBA1B49B75702C65C4540A
:10C2E800CA33F27A1151FD6D8FD1AA9684C75128AD
:10C2F800A7EE05620408D05A7DD088CCA1A4804F4F
:10C308004094803FBB5250D76D1EC4F1BFB0F57A40
:10C31800DD576FEDBB4DDFBBCA47ADB536A2CBE9E4
:10C328005842D6A411ED20A4FE115E7E7F2D524DF9
:10C33800684DD30A2E5C9E923909F053B7DB791009
:10C348009E9E2FAC36AC7CF1EB07FBB4FC6178A762
:10C35800839B1BC6DEEA2044DD1DFCA6DAD4877267
:10C3680097E1DB8D10EA907BA496D2DE73DBAB8A73
:10C378001F23A2CD85D2D0346C7F0C9B5DB0B19CBD
:10C3880072D3A63B2EB3291C92EB35050765BC0F6B
:10C398005290A0006D04F5E54000F4CF3119D34A5E
:10C3A800C26EE1674C42D7C71EC8EE36F958B40BC7
:10C3B8007F6EE1C192FC1AAAE5C944A98238083106
:10C3C800DC6D2415020FB4BEDA992B951760F16362
:10C3D80053EA349B2E814BAC3686E7C3A5C4625220
:10C3E80010BE74A5E43294AC050EE3981EBE7AA282
:10C3F80059B9799664B2B8F21A438D389285A16911
:10C40800052A49182083DC11E5A004AEF4E13F7742
:10C41800363EFE91BAFC245559F024F37ADDB12555
:10C42800C48496C92A53280B210F339C94A14A4AE5
:10C43800D1F4147CA2D6D0ABA7A920A6F189BE94CA
:10C44800D6D14DBCB83EBD55544FB2A55310F16579
:10C45800C57C53CCD2B03FA6AFACE9F29F3059733C
:10C468009ED55AB7185C44C65DB54FB258D9AB567D
:10C4780070F0A754AA12BD62ACE327A290D369E575
:10C4880028241F820FE58D19B0C9078D9CD9DB338D
:10C49800642CB8D655970D4861B3E2C992EE0BF3F8
:10C4A8001F20053AEA801951C0000C048000000DD5
:10C4B80034AC26EE4E74C42CBC716C76E46F8DB12E
:10C4C8006BD236EE04194ED32A4F4A94254D4C7040
:10C4D80094A9928490540E7A93D3532572A2EC3285
:10C4E80054F65C8F063B0F63C46DA42158ED909001
:10C4F8000EA893234002CE27EC4BA7733632E7B140
:10C508006CC8D1DFABD59B8CDB0DBEF86504264B20
:10C518004B5E567A0F650AD26AE869D997E18AC2F2
:10C52800B9B6C762ED6B16F08F1D8ABD29A90892AE
:10C53800DB0F879092B92EB89C2C743ECAD3A164A5
:10C5480081E6C296988D35E70AA352B42B74EA3A6D
:10C5580010B9F2A9B2998A95AF912A794D2928057F
:10C568005E43988EBE5A0005703DB277FEC76DD502
:10C578006ADDDC2850E2CE9B58F5B651165A642481
:10C58800B5EACD3792A48001E642BA7CB531562A85
:10C598004EEC34EE651EAB70EDCDD340A1B4DB9507
:10C5A8001A9D166C388871C084A9E7185A100A8F2A
:10C5B800BA39943AF96A99280E7049B3BB83B25BC9
:10C5C8006756B4F70A0438B2E45697363A62CC4C48
:10C5D800849694C328C9291D0F336AE9A98AB152E0
:10C5E80069BC861C8C8D5122C7C1CEC4EE4ED05C6E
:10C5F8003B8F59DC1870238B9EA0CC884234D12005
:10C60800AD297642D4A5600E5FE593DFAF7D4A562B
:10C618002A4EE33BAA24B1D002B51361F74071CC8E
:10C62800FEFA49A7C016918EA611204E497F1F73A6
:10C638008303F058CFF2808FABAEA6D9DCABE561AF
:10C64800A6D5125680158E26B61773F73F7DF6CEFF
:10C65800F6B4E9F01FA1DAEEC7727B8FCE4B4E20FD
:10C66800A6721D5F2A08CABD8403D3CFA6A5A772E8
:10C6780093560F9BA2FDFD1EC1AC9DB0A7C5997432
:10C68800B91CB54C44A7D2D3287964243AA52BA663
:10C6980010095E3CCA40F3D37EA2501AE0C7878BCC
:10C6A8008B65E815FAFEE2B2C39795C93D4B94FA3B
:10C6B8002489244649CA01731D54B714E38AF892A1
:10C6C8009CF6D28AB15277190D51256802B400A69A
:10C6D800F163C386E55E1B9568EF2EC5B305ABA273
:10C6E80091EC4C5BF2D31828B2A0A8EE648F6FA22D
:10C6F8009C6D40F74103B6A5A77BA293E0C6968C34
:10C70800FD4A451E0C9AD416E14F76336B9519B73E
:10C71800038965E2905680B1EF04AB201F3C675453
:10C7280049CF3DCBA8B1707A47213AFA8AA2DBB348
:10C7380061B8AC9F7530A9EA94AFFAC09D43F28BFB
:10C748005E482EE09632AEAE2A2D4A84DFC22FC54F
:10C75800A8559C27AE5CF567559FEB3834A3A8E530
:10C76800A03BDF1B80DD7BD17CDC057CC99B70CEC8
:10C77800520E73F834BCA6D1FF005509D27A8D68E1
:10C788004FF79DC144D87D8CB2D08F0D4ED1EA377A
:10C798002C81E6B72649F6147FA09235AE6DE9F8EC
:10C7A800D4E9F4B3BF7B0BE0D46862F18F8CA31F8C
:10C7B800726DFEE8086B5F3BB8DD5936ACBBE6F13D
:10C7C800A1D97001F1EBB518F4F411F47C570254B7
:10C7D800AFB1249FB35C94A9BAD5234D71763E2D91
:10C7E800A58E86CCC1D5C6D4D29C652F72BFD5E4A0
:10C7F80076E6954D8746A644A453990D4482C371A5
:10C80800986C764368484A47D800D761462A094554
:10C81800688F10D7AD3C455956A8EF2936DF4B77BE
:10C828006555A954EAED2E5D16AF0DA97067B0E401
:10C83800692C3A32875A5A4A56850F30412344A206
:10C84800A69C65A30A15EA61AAC6B5176945A69A02
:10C85800D5359A629B37D1A7B3F22B0A970EF1BB55
:10C8680021D3D4BE61052EB0BE44FE225D5B65585F
:10C87800F204E4FCCEB08F60D072BA93B736476C3E
:10C88800D3ECC9B62147913A34E53FBD692F6B4ACD
:10C8980056F7597A83D6D2EC1ED66CA415C5B06D5E
:10C8A8008662C87D011267BCA2F4C903E0B755EDE2
:10C8B80063F24613F2D64F0D82A38456A51F6F1359
:10C8C80042DBDBD3B57792A29ED0AADA5A4565152A
:10C8D800D11597B5DDFAC21EBEA35E2B40013E2DD1
:10C8E800F7C19D91DA79D3E0494A2E3AD85D368866
:10C8F800DE7DA0F293EDBF8FC56924AF3DB9B907BE
:10C90800D2D63F6962D612836BCA792EBF61BAEE5E
:10C9180016ECCB7976B429D45FE8D3F1A7D0B48FDD
:10C928004C9E5D177C0E471249C952944F5254725F
:10C9380049F893E675A39EBB0ABC2C5B8E5CDC4071
:10C94800D94C7B298F4DA8A6B131C59C21B8F112CD
:10C958005F5A947C865091F5A86BEDD9B4DD5C5490
:10C9680012E0EFEECCD477EF1D0D9FBBB8BA927EE4
:10C97800545C174CFC5FE5BF61BFD9143FBCFC6534
:10C98800D26E069BE76EA37649B91CC8E8961A7161
:10C9980072139F9612D8FB46B7759B3C82F2409360
:10C9A800732AA2E4DC3BB6B6DAB98552B751909245
:10C9B8003CC3921C23F511A4343D5E9185085B238A
:10C9C80060525CFE57EEC34307BFE0E0B80FF78D37
:10C9D80054B4223A895D2F6FAAF3E99127351DC215
:10C9E800892C36EA481DC29208FEFD49773B112A78
:10C9F800F96A2920DAF72BB8FF00254A715A4EB593
:10CA0800BCD7EE3EE86CC73FF960BA668D6BBBA633
:10CA1800C35DEC4BD97F994174EA5E212F365EE302
:10CA2800E98EC394BFE7A5F31188E6F2476FFC5C73
:10CA38006E0ABF36DB78FEDD4BC52FB92F71CCB738
:10CA4800764FED347E6231D7BE11D1FE2BB7255F0C
:10CA58009B6C3C7F6EA7BAFF0024BE13916ECC9FDF
:10CA6800DAA87CD4782F7EA3A3FC536E791F116AB1
:10CA7800BC7F6E97767E497C2CB5BAD27F6BC3FC9F
:10CA8800D89E4AE2063A7BED06EA9FAAD378FEDDF5
:10CA98001DDABD1CBE1296EA49FDB30FF3A2799EBA
:10CAA80022230EFB35BB3F65A2F1FF007B4BBB97F2
:10CAB800A39FC25F82327F6DC3FCE8F51E6788D8EA
:10CAC800E9EFB2BBBBF65A0F1FF7B47772F473F8ED
:10CAD80047E0849FDB70DF3A3D47C2B8918E9CFFE8
:10CAE80000E2477808F88B3DEFDED2EEF5E8E7F094
:10CAF80095E074BF1D86F9CBA8F83C4AC503A6C7C4
:10CB0800EF17D42CE7BF7B4777AF473F847E06CB30
:10CB1800F1D86F9CBA8F95713311070763778C67CB
:10CB2800E1673BFBDA5DF05E8E7F08D6E5CDFDBBA5
:10CB38000DF39751F2789D863B6C66F21FAACE776B
:10CB4800F7F477C17A39FC23F02A7F8FC2FCE5D449
:10CB58007CAB8A1849F7B62F7947FA1CEFEFE977CB
:10CB6800C17A39FC252DC99BD31F85F9CBA8B7F10C
:10CB7800A481FCC6EF2FF639DFDFD1DF15E8E7F037
:10CB88008FC08A9F8EC2FCE5D47C9E296083D362C5
:10CB9800B798FF00A1CE7EFE8EF8AF473F843C08D1
:10CBA800A9F8FC2FCE5D457F1A685FCC4EF37F63F2
:10CBB800DCFDFD1DF15E8E7F08780F53F1F85F9C58
:10CBC800BA8B2B8A8808F7B62B7987FA1EE7EFE825
:10CBD800EF8AF473F846B71EA3FB7E17E72EA3E788
:10CBE800F8D5D37F98BDE6FEC739FBFA3BE2BD1CFA
:10CBF800FE10F01AA7E3F0BF397515FC6AE9BFCC3F
:10CC08005EF37F639CFDFD1DF15E8E7F08780D53FA
:10CC1800F1F85F9CBA8AFE3574DFE62F79BFB1CE92
:10CC28007EFE8EF8AF473F843C06A9F8FC2FCE5D08
:10CC380047D278A8A7AF3CBB15BCC71FFB1CE7EFC2
:10CC4800E8EF8AF473F841EE3D45F6FC2FCE5D45DA
:10CC5800FF008D342FE62779BFB1EE7EFE8EF8AF48
:10CC6800473F845E03D4FC7E17E72EA28714B049A1
:10CC7800EBB15BCC3E7F79EE7EFE8EF8AF473F840A
:10CC88003C08A9F8FC2FCE5D47D7F1A481FCC6EF7C
:10CC98002FF639DFDFD1DF15E8E7F08781153F1D73
:10CCA80085F9CBA8BA78A184AF7762F794FF00A181
:10CCB800CEFEFE8EF8AF473F844F7266B5C7E17E61
:10CCC80072EA3E8713B10F7D8CDE41F5D9CEFEFEA8
:10CCD8009F7C17A39FC227B953FC7E17E72EA3E9B1
:10CCE8003C4D4451C2763B78FF00B1CF7EF68EF8BA
:10CCF8002F473F8497B9735F6EC37CE5D47D8E253B
:10CD0800A3119FE03F7887FA1CF7EF69F77AF4736D
:10CD1800F845E06CBF1D86F9CBA8FA4F1251D583B0
:10CD2800FC08EF0007CCD9EF7EF68EEF5E8E7F0809
:10CD38009EE74BF1D86F9CBA8FB1C46C7576D95DFC
:10CD4800DDFB6D0787FBDA7DDCBD1CFE127C1092D3
:10CD5800FB6E1BE747A8F41C44463DB66B767EDBAA
:10CD680045E1FEF68EEE5E8E7F08BC1192FB6E1FCB
:10CD7800E747A8F44F1051D5DB67F7547D7693C386
:10CD8800F6E9F76AF472F8497BA725F6CC3FCE8F0F
:10CD980051EA8DFA8EB3FF009A6DD01F336A3C3F7B
:10CDA8006E8EECFC92F8487BAD25F6BC3FCD89EC45
:10CDB8008DF18EBFF15BB949FCEB61E1FB74FBAF10
:10CDC800F24BE121EECC97DAA87CD8990DEF2C77BD
:10CDD8003FC5BEE0A7F3ADB787EDD57752FB92F715
:10CDE8001C6F7764BED347E6232DADD561EED61D03
:10CDF800EE8FCFA0BA354B129F9B2F71C32D87287A
:10CE0800FDA297CC46C62DF8D4A200B56E76F3FEE7
:10CE18005692E27FBF54AB5FCD7EE3E79ECB70FFB7
:10CE280000969BE89A2431A40971D2F865D682C786
:10CE3800BAEA0A143EB07B6B953BAB98E9C3912ED6
:10CE48004DEFD072CEB3572BE2FF00756BBCF930B3
:10CE580023DDEB42BE05AA648653FDC351C47C0C96
:10CE68005E009D443E22E99216062350EA6B19FCA7
:10CE78009653FB33A23A84B417B9F2972E54A9CB30
:10CE88003953EEBAF93F12A5157EDD2186FE299F9A
:10CE98004A6ADB71476FA374BDB6B7D9481D815B79
:10CEA8006B70FE92AD6A9B7257C4A5CC97F27A67F5
:10CEB800B10D154F77E53FBD564FDCA2809EB0E718
:10CEC800690CD7A3E2C5FBEADFB45C4FB21716D3EF
:10CED800A73D3C950C8F5877F02C8FAF0B7543F31B
:10CEE8003597D8947B662796FCD57FE0EB1ECB3B25
:10CEF80053B87603C345F8D5A4A3FA578D2FD92F75
:10CF080069D44EDADC4F2E95A00AD0056802B40128
:10CF18001CDC0DC1B4B6C2D599795EB586A9D4C852
:10CF280049CA9C59CA9C59F75B6D3DD6B576091D0F
:10CF38004EB8AB57861E0EA547648C8ECAD938BD2D
:10CF4800B78B8E0B050729CBE8B8B6F825C5B39281
:10CF58001C426F8D777EF70E4DDF536D7129EC24DF
:10CF6800C5A453CAB2224507201F22E2CFB4B23B60
:10CF78009C01D1235A3E37172C6D5ED8F4E0B99145
:10CF8800EB8DD2DD9A1BABB3A383A4F95379CE5FA3
:10CF98007A5D4B48AE6CF56C19EBE4367192A25190
:10CFA8009CE1EB86BAA5FF00580A8B7A6ED46344DD
:10CFB800A04750E5762518E15224907A82E2718FD5
:10CFC8009299F89D6D5B1B06E8D3EDF3D65A747FF2
:10CFD800679C3B2AEF4C769E316C8C2CAF4E8BBCF9
:10CFE8009AE33D2DFA165D2DF31BEE0F688DEDB615
:10CFF800D2EE8F131556BC214BA43F45A1A88F79BB
:10D00800F201594FD6E98ED83F10B1ACD2CB33A834
:10D018005E6EC2CBB7F417EE8BEED9B65B05D76A56
:10D02800957830BE2545C7D0951FD049D228723D86
:10D038002857337F742C3B45B3EDC58F3EACEA4788
:10D04800C1450D37FEC39AA9131187DADE1E2DA636
:10D0580036CAD166A6C72CC6E8501320140C8744DC
:10D0680074057EBCEA9225B08E378F67CF6DD4B336
:10D078008F9FF8722FEFE8BA0CC9041B86DCA9A2AF
:10D088000BB4DAE5365A2A6D2DF82A624B6E094D33
:10D09800A31CCB688279D23993929C81919EFA32F3
:10D0A8000CCC97E6D3A2C88D124CB8ECBF316A6E8F
:10D0B800334E3894ADE525256A4A01EAA21295282F
:10D0C80081D8027B0D311A8ADDFF0060DB334536DB
:10D0D800E3BD6DFA4CB2D874479D52658739092073
:10D0E8002B956A070483D7B743F0D171E667D0EB75
:10D0F800F6FDCD04552DBADD3EAB0D4B53624C19F0
:10D10800287DA2A4F45279D048C8F319D01998758B
:10D11800EBEAC7B5A53706E6BC6874892F37E2B6CF
:10D12800CCEA832C2D68CE398256A048C8233DB25C
:10D13800340666C69756A4D6E03555A354A24F8444
:10D14800F82A6A4C5792EB4B00E094AD2483D41E26
:10D15800C74088E0DE1DA32A084EE95A054A212067
:10D168000ADC6C924E00F7FBE74AE87664A65CB8E6
:10D17800B022BD3A7496A3C68EDA9D79E75610861A
:10D18800D09195294A3D00001249E800D3118D2E0F
:10D19800BD42A7D1D5714FAD418D4A432242A73D2B
:10D1A80025088E1A2010B2E13CBCA7230738EA34C0
:10D1B800011DFE193683F9D6B3FA0CFF008762F613
:10D1C800FEBE95D0ECC9143AED0EA0B8EDC0ACC1C6
:10D1D80092B9717D763A59928597A3E40F19001F89
:10D1E8006919527DA1D3DA1D7AE988F68951A74FCA
:10D1F8005C96A0CF8F2170DE31E4A5A752B2CBA1F7
:10D208002145B5807D9572A92707AE140F9E803EF3
:10D21800913213B2DD80D4B657263A10E3ACA5C0DC
:10D228005C6D0B2A0852939C80AE45609EFCA71D3E
:10D238008E8035771DEB675A0842EEBBAA93474BA1
:10D24800A096FD7E6B6C73E3BF2F3919FB34019FE9
:10D2580048ABD26BF4D62B142AA44A8C0948F1188F
:10D268009511F4BCCBA9ED94AD24850E87A83A009E
:10D27800B55EB348A04076A95CAA44A7C36705C9B0
:10D28800129F4B4D2327032A5100649C68030EDD2F
:10D29800BC2D3BB9A75EB5AE4A6D590C10978C39B9
:10D2A800487BC227380B0924A49C1C6719D0079512
:10D2B80076FDB16D7969A7DCD7A50A93296D8752E8
:10D2C800C4EA8B2C38A41240504AD40F2E4119EDD1
:10D2D800D0E8B81B3A5D5A955C82D5528B528B3E8A
:10D2E8001BE096A4457D2EB4E007194AD2483D4775
:10D2F80091D00605C57A59F6821B72EBBAA9347427
:10D30800BA096CCF9ADB1CF8EFCBCE467ECD17B0AE
:10D3180019D48AC522E0A6B158A1552254604A4FB3
:10D328003B12A23E97997539C652B49214320F63D4
:10D33800E5A00BC7AA52E5CE954B8B528AF4C821BB
:10D34800B32A3B6F254EB01C04A39D20E53CC012B8
:10D3580032064038D005DFA953634D8D4D93508E6A
:10D36800D4B981C5468EB792971E0800ACA124E5B2
:10D378005CA08271DB233A00FB93361422C89931F2
:10D38800960C8752C321D7027C470E7084E4F5516E
:10D39800C1C01D7A1D006AEE3BDACEB40326EBBA93
:10D3A800A9347F59CF83EBD35B63C4C633CA16470E
:10D3B8003632338ED9D17033E9357A4D7A9CC55ED1
:10D3C8008753895183253CEC4A88FA5E69D4E7196A
:10D3D8004AD24850C823A1F2D007DD42A34FA4C2C5
:10D3E8007AA5559D1E1C48E9E779F90EA5B6DB4FCD
:10D3F800C54A51000F993A00D65BB7CD9976B8EB7C
:10D4080036BDD549AB38C00A7510E636F29B49ECF3
:10D41800549492403E44F4D006CD552A70A8A69064
:10D42800A9F184E5B2A9298A5D4F8A5A4A8254E053
:10D4380046798A429490558C0240F3D007D3D32181
:10D44800467E3C69129869E94A52186D6B0953AADD
:10D45800092A2100F5510949240F204F96803DB033
:10D468003E1A00D0DC97E58D6729B45DB77D128C34
:10D47800A793CEDA6A13DA8E569CE39805A8123E73
:10D488007DB45C799B3FBAD47E786D7DD387CF51CC
:10D498000550D3E32732404F392D8CFB784FB5D355
:10D4A8003D3AF6D023EE54DA7C25C76A64B8EC2EF0
:10D4B8005BBE0474BAE2525E77954AE4403EF2B924
:10D4C80052A381D70927C8E80284EA72A72E98993F
:10D4D80071CCC6DA4C85C70E27C54B4A2529594F4A
:10D4E800709252A00E304A48F2D0068266E7ED9557
:10D4F8003A73D4B9FB876C46991DC2CBD19EAB4712
:10D5080043ADB83A142925790A1F03D74AE3CC92C8
:10D51800B6E36F3487595A568580A4A9272083D843
:10D5280083E634C4720A5CF2ADF6DDA96A57B4FC2E
:10D538003BD120FCCB7206B8F89CBC0CCE0C25FA6B
:10D54800AF1054A682B065D26B3193F3260BAB03B0
:10D55800F4A342D452D00524154748F8B607EAD2B6
:10D56800186EE275A5AAE0B12A9DDAA96DD5B8FBB7
:10D578004AF22131D48563EA520EB52DB516B1575A
:10D58800E748F4EF625AB1A9BBBC95AC6A4D3FFCC1
:10D598005FF20735893B38E96FA39B6ED76CECFCCB
:10D5A800EBE26305126EFA829D6891D4C38F969A56
:10D5B800FB0AFC657D446B6DD8743B5D0751F9CF60
:10D5C800E8BFC6799FB2F6D758DDB10C0C1F8B4661
:10D5D800367FF6966FDCB9286C759B3A9CAD005681
:10D5E800802DDB4000FDFCE2E36C762D87A99225B7
:10D5F8008AEDD1CB96A8B05D056827B190BEA1840D
:10D60800FD7951F249D63B1BB4E8E0D59E72E65F3E
:10D61800CF31BC6EB6E16D4DE792AB15DAE8719C7F
:10D62800965FA56B27D1973B4734F7977CF7077C24
:10D63800EE2FBBD7BD5399A614AF51A747CA2241B5
:10D6480041EE1B413D544632B5654AF8E3006A583D
:10D65800AC655C64F9551F42E08F4BEEEEEC6CED67
:10D66800D8C3F68C0C337E549F952E97CDCC964B11
:10D67800A7307DAF94D8466B868E1AA055A98EEF39
:10D68800C6F872D1B6E2DF6CCF4A2582935628EAF3
:10D698003D93D4B19C0F8BAA2109C824EB35B3362E
:10D6A80063AED56ACBC45F5FEBF73A9BB217640AE7
:10D6B8007B169CB666CC95F12F2935A535FF00BFA2
:10D6C80032F37579D903EDD1BF6F2E2C37C230A351
:10D6D800D3D685D5243747B76987DD871798F205EC
:10D6E80063A038E675C3D875F248D6D3A9E6DF5BE0
:10D6F8000EBC6CD6A83B43B5363F0AF66490A6E14B
:10D70800B0D54AACB49C29C420ABC32BC1F79D7CCF
:10D71800B8F11F909F223552CB22639E60AF814B98
:10D728001DCBCF88DA0CB5B05C896D32FD6DF3E4A2
:10D7380095213E1B3FEB5D41FE89D28EA393B23704
:10D748009BE337F8C4F1AECDA54F74BF4E45621DBB
:10D75800B4D29279808F195994B18F2E6F583F5057
:10D768001A1E6C1648EA2251C89086C84A12309090
:10D7780006001E435C871832954CA68E21692D0A37
:10D788007C508FBCBA8FB2194E3FE5F13E5A5C47C8
:10D79800C0F0DC49CC5BFBB3B7F35AA1D4270669C8
:10D7A800B5D6D0C5362875690A10F27972309E98B8
:10D7B800CFC481E7A1EA0B4312BF74A6E2DD2DB204
:10D7C8006DCB66BF4C53355A92D0E5460F82859F84
:10D7D800B972472A55CC7DAC1271F04ABE1D4E2154
:10D7E800C0A957143A0EF45E01567D66B8B7A894DE
:10D7F8003528D3A026478785CEC05732860907A08B
:10D80800D1C438054A1486265262CE6296FD393252
:10D818005B4BDEAB2180CBAD150CF2AD03DD50F3D5
:10D8280019D31030B86B6E50B7D273ED59D58AF949
:10D838007ED18495229AC30E168266CAC7378AE2B9
:10D84800319E638C67B1CE31A5C47C0F4D8F9B4E42
:10D85800A8556F990DD25EB725CEAB353245B325A5
:10D8680080CC8A7A551D0D25F7509FC19548F056F2
:10D87800E733456838C73A9695E040CD6EC5DD1068
:10D888005DDBCB16DF5EDE5C042A951638A82A928B
:10D89800DFAA0E56BA385CE6CF21E5C8563AE41F2F
:10D8A8003D25A0324FBB35BA1BCF5176FEAF56810E
:10D8B8000D8AFBCA9151F5B908692AA6C72853E809
:10D8C8003CCA1CC1D5A99648F34BAB3E474DF30261
:10D8D80031367AB1415A2BFB5F12A34FA947B624C0
:10D8E80024C1F01E43E8552A4953915270481E1925
:10D8F8000EB18F83093E6342E607CE543A65307114
:10D90800075768408B855994ECA7C14F613E6796CD
:10D9180034710E064C98CCB5BFF4A71B6D29E5B33E
:10D9280027B4004E00489D13A0FF00BB4710E041FC
:10D9380062A256DFDDB7B6EDD29B5B94F6AE5763B5
:10D948005D511B4A945D8022C5299A948EEEC625A6
:10D9580044E0654CA9C1D4A1B016998F5C89AC4A42
:10D96800CC2A66E0DFB7520A24C562D7A34C0B6500
:10D978006141D691F745C1CAA1D0823B1F9E988CC0
:10D98800DDA3B6E9E2D5A7DE7516DA9F70DCB0D95B
:10D99800A9D4EA6EA02DD756F361CF0D2A3D52CBFC
:10D9A80061410DB63094A523A6492440C9B405D3D6
:10D9B800CB4A629AA8FE1C75A9A521829E56D60F4D
:10D9C800B49213D0104F51DFAE9881F5362B578E95
:10D9D800F157E4D71A4488B65B5062D2632F0A6DB8
:10D9E800A94FB45E7A5729E85C28534DA55DD294B7
:10D9F800AF971CEACAE23E07C6F2D3E1D099A56EFA
:10DA08008D39A11EB943AA53E3990D2405CA852669
:10DA18005B51DF8AE1FA68525D2A4839E57108509E
:10DA2800C11A1F382E630AB374DB56AEF656D75D9B
:10DA3800893DE32ED5A5147A9D1A54F56112E78223
:10DA480015E034BE5F78639B19EB8CE0E8BD985B0A
:10DA5800231B692A74914DBEB74A810C44B76AF3F7
:10DA6800153A2535080CB81716306E43AEB23F90FC
:10DA780079D5B6799B500B1C892B016A5240B9C1E4
:10DA8800F3124DA3B7A0AAD3A6DEB5365A9D715C92
:10DA9800B098A9D4AA4EA029D716F3697034851E68
:10DAA800A965B0A08436309094F6C951220649AAD7
:10DAB80035FB72D9B7AA55A7E54562994465E7A62B
:10DAC80029A29E5612D24ADC040E80819E9D0E4FDA
:10DAD800CF4C405A875CB72D1B86DCDC39371D10CC
:10DAE800D56ED96AA7DD0CB15065C5A5731C0610A3
:10DAF800385E562339E1C607AE10EA95D86A46491A
:10DB0800378AD55DDB7FD97120CDFB9F578706B358
:10DB1800328F5109C98535B110B6E63E920F542DA2
:10DB28001D96DAD693DF3A6C118F52BC05F348B2D2
:10DB3800A54EA78A7D629B7AC48158A72941460CC5
:10DB4800F69A77C46C1FA4820A56DAFE9B6B42874A
:10DB5800BDA2F7033AA6E55F6F771AB979D52CEA23
:10DB6800857E895E8F0DB454A971FD6E5D292CA345
:10DB78009151DC8E3F0AA609E6742990B3CCB5858D
:10DB8800207451340D498C0BFF006F3EF6E05C7138
:10DB98002EAA247A2CFE6F5492A94DB0CB8413CCB4
:10DBA80091CC53850214149E8A04104020E8B8884A
:10DBB800B2CD3B71376DA8926446A9DBF6DD0A1534
:10DBC8006A132950763499931E7D0DC9E84A5CF092
:10DBD8009B8C7C33D4053CA50EA1241C467B6FB5D9
:10DBE8002E3C5B2E5EE253D9698B86CD68D5A9D3CE
:10DBF80092395D4868853B1CA8752D3CD85B6B4104
:10DC0800CA485038E64A481F38223DB976B54EBF53
:10DC1800BBB4CA9DB0FB316E6A2DB126751DF78164
:10DC2800E42EA6632151DDC75F05E4294DB9DF0164
:10DC38004163DA424E86B305A19E6ED817ED6F6B2D
:10DC4800AE3831DD8CBFBB152665C27C61F8329BCE
:10DC5800A74A6DE8EE8F25B6B0A41F238C8C820EE0
:10DC68008D42C4AAEADD0B5A896FDC33E997051E99
:10DC7800A153A1D2E6D40D3DB9CDADD57ABB4A5A50
:10DC880092509573000A707A74CE8B858BEDDD9374
:10DC98004CA0D0599D2DA6A7D6EAAC3722AF54790F
:10DCA800B4A9F9AFAD00AD4A5119E40490840F65E9
:10DCB80009094A40034240C896ED545144DD1DAC61
:10DCC8009C9A54E9C1995574A5880C075DEB4F508F
:10DCD800C84E4741F5E8608F3BC6EB4DCB76EDC4A7
:10DCE800372D3B869DE0DD7E3A5EA840F05AC8A6F7
:10DCF800CE1CA15CC7DA3CDD07C8E8606E60A127CE
:10DD0800888AE3800E616552524E3AE3D7A7F9E854
:10DD1800E21C0895837F6DF5218BBE875569D9B3C1
:10DD2800C5DD5D0B811A8EFCB79D2A96B3CA128693
:10DD3800D41590479E3AF523070930689FECEDBB50
:10DD480051B5EC48F4DA8D37EE5F89366CC8F4CEFD
:10DD580074A853A33F29C7598B94929FC1B6B4A7FF
:10DD680009252920A524A403A6819CA69E148DFA22
:10DD7800BFA12BA2A548BB22E3E6A666607E90352C
:10DD8800C7C4E4E060F0D75A450F7EEC1A8BAB09A4
:10DD980069CADB111C3E5C9202983FA9DD0B507AE0
:10DDA80003C7E3AA1CA761B830A8EEAD9503E450F9
:10DDB800A293FDDA0069B72F6DAABB8DC23ED56F5D
:10DDC8000DB911C9D22D1A63F41AD36CA4ADC6E2E9
:10DDD80034FAD287703A94B6A41E6F825DCF604E33
:10DDE800B07B6F0B2A908D782D327D1FD1DC9D88FA
:10DDF800B78A8E0B135764E265C9555A942F92E57A
:10DE08002C9AE992B5B9DAB6AD011D9BDA8B937BF2
:10DE18002FCA7D8D6B32A5192B0B9B2D2399B831F9
:10DE280041FC23EB23A0007BA3E928A40EFAC061E0
:10DE380070D3C5D554E1EDF52E73BB378B6F61B741
:10DE48006B013C7629E9E4AE329708AFE7995DB3F8
:10DE5800B2B6C5B949B42DCA65AB418C23D3A91153
:10DE68001A8515A1F45A6D212907E2703A9F339D4E
:10DE78006FB4E11A50508E88F19E37195B68626A58
:10DE880062ABBBCE6DC9BF5B7766CF567CC7CB8E06
:10DE9800B6D214EB8B4A509054A528E0003CC9D167
:10DEA8007B0D2727640677338BFD85DB043AC54A4B
:10DEB800F58F57A9343FC1D452263E4FC14507C3F9
:10DEC8006FFA6A1AC7E2369E1B0F9395DF32CCDCD5
:10DED800F63763FDBFB6DA952A0E107E74FC55EC52
:10DEE800BE6FD898966F4F1F9BA5B88DBF45B11AC6
:10DEF800365515CCA14B8EF78951793F94F80034EB
:10DF08000FC1B00FE59D6BF8BDB35ABF8B4BC55F12
:10DF18005F7F51DD5BB9D8AB65EC86ABE3DF6FA8FB
:10DF2800B9D5A0BF4F9DFAB2FCA2BEEBAA5AD6FB48
:10DF3800EE952DD515AD6E2B256A3DC927A927E28B
:10DF48007A9D61DBE2CED18C525C98AD0286D970A5
:10DF5800C9BDBBB2A69EB56C698D53DD23FF000910
:10DF6800D48187100F885AC657FD04AB5F661F67B8
:10DF7800E2313E4472E7792356DB5BE9B0F60DE304
:10DF88008BAE9CD79B1F1A5EE592FD4D0E46D7704F
:10DF98002FB51B3B4E7370B7C2E1875F7692DFAD3A
:10DFA800BC9923C0A44309EA54A4ABDA7B1D3DFC09
:10DFB80024FE2671AD8309B16951F1EB3E53FA7F16
:10DFC8007FE6474A6F2F658DA1B5232C36CB8F6826
:10DFD800A6F2BDEF51AE9D23FA73FCC2C7C58F15DB
:10DFE80013F7DAB08B66D60F53EC5A43A0C28A53A4
:10DFF800E1AE7389E8243A9F2007F26DFD10727D27
:10E00800A384E61BE0754E6DDDEA14F837B2ADCD9A
:10E0180096DB5AEF169B9E80CB2DC57235BECABFC4
:10E028009471B27954B6C1EEE3EBC348FC90A3D91E
:10E0380059D359664BCF24295B8D7ED7F746F8AC68
:10E048005FB733BCF51ACC92FAD20929651D9B65D6
:10E0580019FA28404A07C939F3D4EA568359C3FC48
:10E06800C6B869E152EADFAA8250DDC77C3A299630
:10E07800D36E01CCA4A39D0D2C7E4F3979E3F14BCF
:10E0880049F88D52C95C979BB18BE8DBDB97AE1DD5
:10E09800CCAE6E8D450B758B6E21891DE59EAB9DB3
:10E0A8002B3CEACF990D05E7FCE8D11412674835F7
:10E0B80064101934D94BDF6A755C16BD5DAB4A6CC8
:10E0C80062398F395AE6C650E98C63083D73DF1D03
:10E0D80034B88F817B9E9D2DFDDEB1EA2D29AF5787
:10E0E8008B4DADA1E4A9479895889CB818C11EC965
:10E0F800CE48F2EFA388702F7CD2A4CCDC1DB79E4B
:10E10800C168354EABCF75E0A510A2154C92D8E585
:10E1180000609CA87723A7E8D000E6FBDD146CF626
:10E12800F1DC1509F4355499B828D490CF8520210D
:10E138004D98EB9615CC0A08C1F153820F91EDE684
:10E1480068C35411F68F7459DD5A34EABB1465D389
:10E15800910E5FAA842DF0E95FB09573642463DEA5
:10E16800C63AF6D09DC1E44077437318DA6DE65598
:10E178006EA34872A11EAD6C4588CA597821687192
:10E18800A97216AE60538E521C4E0839E87A79E8A7
:10E19800D182CD139B0E9D57AD56266EA579A83119
:10E1A8005EAB52E341810623AB743111B538E853B5
:10E1B800AEA928E7716B749C0404A02401CC4A948E
:10E1C80045CE003EC1E26A2EDFEDFD0ECF9966BB5B
:10E1D8002A5D069AD4175C6E780DB8B691CA4A497A
:10E1E8006F3824798CE92761B570C9655BF12F2BED
:10E1F80082E5BE6E9A64098A9525AA6535879A4B89
:10E20800E22C28E807195A7A2D6F3AFAD58F2F0C85
:10E2180064F2E988F5B96D7896BDE9695DD6B53ED1
:10E228000412A96E512A6CB2CA591221C949524F17
:10E23800B09EAB6DF69A5273F454E8C8E6EA0193BF
:10E2480012952C6FB552B854D7AB3968D3E2A53CB8
:10E25800C79F9D3365A892318C6149EB9EF9E9A36C
:10E2680088702A4D3A62F7D29F550A6BD55BB4A6DF
:10E27800C729E63CFE22A6C75038C631841EB9CE4F
:10E288007CB4710E0646DD53A446997AAA6784A425
:10E29800CCB9A43CD8492AFC198F1D202B2075F62F
:10E2A8004F4EA3420668F6DB6F5FB2EF0BBA82EB04
:10E2B800F1E55BAED3E9CD51A32B2A722C3E7984CC
:10E2C800C45E460B68538B4B7D4E1B2949F70122D0
:10E2D80040C89DC1BA69E16E874EB52F184FD72D3A
:10E2E800F61063D1264158F5D44446036C486D7C3A
:10E2F800A82A6D3840752BF6C2412949CE55EC162F
:10E30800B928E1C6AB0EE7B2EA97BD362AA343BAED
:10E318002E1A8D5A3B4E63C5436E38123C4C740B13
:10E32800F60920123AF73A6819E3B9F547B666AD27
:10E3380051DE88CCA265165C58D12E1A78572BE589
:10E348004DAD496254724149580E29B5B6A290A400
:10E358008410A4946143CB3059E46B6D2BF22712DF
:10E36800D2A2C9A1C7914DB4EDDA8C79D39A98009D
:10E37800975096D10E476B91054843287025D52BA9
:10E38800994A529B427091924D41AB136A743989F4
:10E39800DE8AFD416B6FD55CB6692C2121479F9DB4
:10E3A80032A729448C63185A71D7E3DBCCE21C0CE2
:10E3B8007896EAA83BAD533152C1A35E54B32E6C94
:10E3C800524F4A8462DB4A78271CA43AC3ADA1673E
:10E3D800BE584743927471007D5CDD44F0B94AA68B
:10E3E800D977843915DA13482C5066C258F5C443D6
:10E3F80046036C486D7CA82A6D3840752BF6D29080
:10E408004A1273957B05AE6058EE237168F4D622E4
:10E41800446E3D06F7BD2A370CE65F214E3B0E3FA2
:10E428002BA98EB4849492E3C8679C648E40A1950E
:10E438006742CC7A065B876BEC7B8A8551A14AB62A
:10E44800A98CB7528CEC55BCCC2690EB7CE9239D6B
:10E458000A09CA569242811D4100F969D89B90CB9E
:10E4680045CB8EBF57DB3AEDC0F45727C5A1D6235D
:10E47800D49C6D6A21E92954568B881CA3A294DA8E
:10E48800D5838C7301D7421991B87B7CFAF706D6ED
:10E49800BE6812A3C6F16AF0D9AEC65A48131A6903
:10E4A8002F7ABBA9207479B52D48C9F79B70827D56
:10E4B80084606811A0DCEE2BED5DAABDE658D5EBB3
:10E4C80062AD29F8ECB0F34FC45B4A42C38807A891
:10E4D80051494904E3A737C7E5A4DDB204AE4BF6BA
:10E4E800D2CE8732DF995EB8E914A79574D51DB8E6
:10E4F800DB86190F350C3EDB694A52A5A4656528F1
:10E508000B5A824656B5F71D4B481989B96CCCDBB6
:10E5180079BFC31DBED46721D2695F73AB74A512DE
:10E52800D091010E171A5B0A48212F32B5B9CA9546
:10E538000E55A5D582524254079660B3C88ADBFBB4
:10E54800A34AE28DB76D8B6204BA6DBB0DD8D22B8E
:10E55800CBA884A64CA682F9D315A436A52421C538
:10E5680020071C52F211CC909CAB992AF70B58212A
:10E57800394F96ADE98F53E66BD59BB5DE631CC763
:10E588009F9D531B56718C6309F8FD9A7C44696BF7
:10E598009B7F2A9FBCB6D5E544951D9A6542648742
:10E5A800AB10565595CD4D3DE69A94D60602CB470D
:10E5B800C3701C7306D93DD0725B31F02732ACCBE7
:10E5C800525C69F11DB7A9E115461E8D2CB71D08CF
:10E5D80053CDBA921C4A94900FB409CF5D3B080AF8
:10E5E8005737B9FE1BA3D2EC3DC58722E069B8C9ED
:10E5F8006E9754A7AD3EB1222A3D86FD69A73952D0
:10E60800974252029485A82C8E6C233CA26F61DA43
:10E61800E4A175177702E6DA3BF60C74C588F7DDD6
:10E62800396B61E732E250EC15252060609CE33DD0
:10E63800BEDD30247B934F9532B7B7CEC42D25303D
:10E64800EEA4C87B9D4412DFDCF9A8C2700E4E56BA
:10E658003A1C74CF5D0C11E70E972D3BE957AC952A
:10E6680035EACE5A54D8A94F31E7F11132628923DD
:10E6780018C6163AE739CF4D1C43817DA0A74CA692
:10E68800D3AE56A6ADB578B76D6E435E1AC901B75D
:10E6980025AD69072060F5EA3B67CCE840C9E1EDA4
:10E6A800A6239457E6DC5728BC51D69F53F0151E75
:10E6B80075DB392809757CDE1C971C4E08E4C03CC4
:10E6C800AEF5EA75C7C4E44F20274FA5D62DB9F09B
:10E6D8002AAD3D1FC7A63EC4A6CA5C57BED292B19A
:10E6E800F47E291A43D4DDDF1694D7771EE8830D0C
:10E6F8005192115A9BCA14B500029E5280E893DBCE
:10E708009B1A00E837A3D2356A95B3F58B6AB0A88F
:10E71800AE22156DD76329A714B01B79A6D4A4908F
:10E72800A48C7B6147FA5AB8E84379DD1327AC5EBD
:10E73800242D395397B6AF6CAC3892DD2EB83EF71E
:10E74800264171D3D705CF05D585ABAF73AC7BA375
:10E758008BA6DF69E425D0D7ECCDE63B4F76F1F008
:10E7680082DA6B1529455BFDC84D2E8E545597A846
:10E778008D546ADC71254596EB5B3ACA87D2446AA8
:10E7880081FF00681D70CA5B474BC3EA64A951DC6E
:10E7980067E338625FB69FF0466A142E3EEE22A801
:10E7A800AD6F2D874B42FA7FC021A9B23EA52A3210
:10E7B800943F4EB8A50DA73CBB645747FF0086524F
:10E7C800962B70309693C1569FFDA49FD1544885CF
:10E7D8005C5C11714FB8202AFBDFEA7D51B575F0FA
:10E7E800A4CF9CF363EA6F9528FD5AF9EA6C9C6DF7
:10E7F8007FF72ADFDACCDE13B256EAEC9FFE86CF2B
:10E80800707CEA34D3F7DDBFA9874BF460DCAA2912
:10E818004D5B776951D03B889477178FAB99D48F2C
:10E82800D5A98EEFCFCEA8BDDFD9CB5FB35E197F58
:10E83800B383937EB9A5FB4593EB63D1A5B5901C33
:10E848000BBA6FAB96B453DDB603309B57D7CA9556
:10E858002FF42B5F553D83463E5C9BFA180C6F6680
:10E868005DAB555B0B429D3E9BC9FD5A5F40EB611A
:10E8780070CBB15B6CB449B5B6DA90DCC6C0C4C91C
:10E888006D9972411E61C78A9493F9B8D6468ECFA6
:10E89800C350CE1057F7FEE68BB537CF6EED94E335
:10E8A8008BC4C9C5F9A9F263EE8D93F6DC25C87946
:10E8B8001163B92169252D214B2077C019E9AFB023
:10E8C800D5CE5A7129BE3B9BC42548404BB168F64A
:10E8D8007C477C48548449592EA8767A4A8230E38A
:10E8E8009F04FBA8F2C9CA8F1B773912B101D94D11
:10E8F800899DBA1BAB40B12A3518D1614F90553567
:10E90800D6DC595FABB692E3A947B3EFA92929042E
:10E91800F404E7CB492B837641678B2B96EDDD1BFF
:10E92800CFF82EB619A7D16CBB09F5D2A9B4DF1957
:10E93800680B7991E1179612823A005084E4F2A7A5
:10E9480027BA8E9BCDD85120DB57C25DDB7F5E9402
:10E958007A0D4AB747894D99252263ACBEEA9E4C89
:10E968007482A73C305A039CA5240C900120F968B6
:10E97800B0EE48F8C6AD572F1DC536351A343A5D86
:10E98800A5B768343A45392EA804F8612971D2022E
:10E9980048C9E54A475E8940F327430590F2F08964
:10E9A800B61176AF622DCA5A16D3B36AEC0AD541AE
:10E9B800E6F3CAE3F2121781900E128F0D03F33EAD
:10E9C8007AB4AC886EEC336988FFD9006CC00F400C
:10E9D800030000000E0D00008D8801002A3600009B
:10E9E800140000001300000001000000F4841F4020
:10E9F8002B3200001400000013000000010000008A
:10EA0800F8841F402D31000014000000130000009E
:10EA180001000000F0841F402CFFFF0014000000DC
:10EA280000000000000000000100000000000000DD
:10EA3800EC841F4000000000000000006CC00F4084
:10EA480030000000100F00008D8801000127000031
:10EA580017000000120000000001000014851F408C
:10EA68001AFF000012000000000000000100000072
:10EA780018851F401BFF0000120000000000000066
:10EA88000100000010851F400026FF00170000004D
:10EA98001200000000000000010100000100000059
:10EAA8000C851F400C851F40000000006CC00F4003
:10EAB800C0000000504F0000618901000CFF0000F9
:10EAC80013000000000000000000000024851F4023
:10EAD8000BFF000013000000000000000000000011
:10EAE80028851F400DFF00001300000000000000F3
:10EAF8000000000020851F400A25240013000000A4
:10EB080012000000120000000102030000000000D3
:10EB1800000000000000000000000000160355007F
:10EB28005300420020005300650072006900610034
:10EB38006C00000018035400650065006E00730047
:10EB480079006400750069006E006F000403090411
:10EB580009026200030100C032080B000202020130
:10EB6800000904000001020201000524001001054B
:10EB78002401010104240206052406000107058278
:10EB88000310001009040100020A00000007050331
:10EB98000240000007058402400000090402000248
:10EBA800FF6AFF00070581024000010705010240D6
:10EBB8000001000009026200030100C032080B00D6
:10EBC80002020201000904000001020201000524FA
:10EBD8000010010524010101042402060524060091
:10EBE800010705820310000509040100020A00005C
:10EBF800000705030200020007058402000200095D
:10EC080004020002FF6AC70007058102000201072B
:10EC180005010200020100000A060002EF0201409D
:04EC280001000000E7
:10EC2C0000000000000000000000000000000000D8
:10EC3C0000000000000000000000000000000000C8
:10EC4C000548064B1B1AD90F01EBA301491002D042
:10EC5C00034B03B118477047C0960020C0960020A4
:10EC6C000000000008B5054B1BB105490548AFF382
:10EC7C000080BDE80840FFF7E3BF00BF00000000C4
:10EC8C00CCC70020001C0460B2F1000C1E4A10B569
:10EC9C0092F800E008BF4FF47A7C86450FD072B62C
:10ECAC0010705180C2F804C082ED020A1373029BEB
:10ECBC001361039B5361049B936162B610BDB2F860
:10ECCC0002E01FFA8EFE8E45E9D1D2F804E0E6454B
:10ECDC00E5D1D2ED027AF4EE407AF1EE10FADED103
:10ECEC0092F80CE09E45DAD1D2F810E0029CA645D1
:10ECFC00D5D1D2F814E0039CA645D0D1D2F818E0B7
:10ED0C00049CA645CBD110BD688E0020314B324AF5
:10ED1C001B889BB207EE903A10B41278F8EE677A23
:10ED2C002E4C012AC4ED007A34D0D1B202291DD068
:10ED3C00002944D12A4C07212A4AD4ED007A3324E5
:10ED4C009FED297AF8EE677A284B116066222849E4
:10ED5C0067EE877A1A60274B40221A609622264B60
:10ED6C000C601A60C0ED007A10BC70471C4C072177
:10ED7C001C4AD4ED007A33241C4BF8EE677A1160F0
:10ED8C009FED197A66221A491A6067EE877A194B39
:10ED9C008522E2E713498124144BA8220C609324AA
:10EDAC001A6063221249134B1A60B322124BDFED27
:10EDBC00137A0C601A60C0ED007A10BC70470949D8
:10EDCC0081240A4BA8220C6093241A60B9220849AA
:10EDDC00084BE9E792CA0020A5CA00207CCA002093
:10EDEC0000A30020449100206F12833A4891002028
:10EDFC004C910020F8920020FC92002000000000B2
:10EE0C00036818470B680360704700BF0B6803600A
:10EE1C00704700BF704700BF08B5836803B19847BF
:10EE2C00034AD38843F48043D380BFF34F8F08BD8C
:10EE3C0000800B4008B5836803B19847034A1378E8
:10EE4C0003F0F7031370BFF34F8F08BD00400B4066
:10EE5C0000B583B001901EF0A1FF019803B000BD76
:10EE6C008B4A8C4B8C491B681068F0B51A1A0C68CD
:10EE7C0083B08A4D944260D0894C0A60217801F0AD
:10EE8C00FF06D1B94FF0FF32334631468548067044
:10EE9C008548864E0360864B1A6033889BB28B4242
:10EEAC0050D0844B9B68DB0753D4834A01232B70CF
:10EEBC0013680133136003B0F0BD8049097801F089
:10EECC00FF0600295DD1217B00296BD133462178C7
:10EEDC00012971D02178022900F08680616894EDB7
:10EEEC00017ADFED776AB8EE477A0193B2FBF1F065
:10EEFC0001FB102207EE902A6288F8EE677A97B22F
:10EF0C0087EE870A20EE260A21F0B2F907EE907AF6
:10EF1C00B6EE007A4FF0FF32F8EEE77AF7EE006AC1
:10EF2C0067EE877A30EE260AA7EE807ABCEEC77AB7
:10EF3C0017EE103A99B2019BA8E72C78002C9BD1C4
:10EF4C0003B0F0BD2B78002BB5D05A4B9B68DB0778
:10EF5C00ABD500225B4801911EF020FD63883288FE
:10EF6C00C3F34E03019992B29A4210D3328892B2F3
:10EF7C009A4201D3994210D3002331802B7003B0F5
:10EF8C00F0BD00234FF0FF321E4619467EE7994232
:10EF9C0041D2328892B29342EED84B4A1368013375
:10EFAC001360E9E72169D4F814C09142D4F818E051
:10EFBC0007D90144CB1A8AE761884FF0FF3289B236
:10EFCC0064E76144914208D88E4496454FD9C01AE3
:10EFDC00521A022600EB0E0379E7C91A4FF0FF32E2
:10EFEC0001260B18002151E76068D4ED017A94EDED
:10EFFC00027AF8EE677AB2FBF0F167EE877A00FBE3
:10F00C001122FCEEE77A17EE901A8A422BD3616834
:10F01C008A1A00213AE72D4A2D4C136801910133CD
:10F02C0013601FF045FA23680199D3B12368DFF808
:10F03C00B0E0C31ADFF8ACC0DEF80020254F1A444C
:10F04C00CEF80020DCF800200132CCF800203A6821
:10F05C009A4200D93B60204AD2F800C09C4500D2AD
:10F06C001360206088E78A1A618889B20EE71B4911
:10F07C008A4207D801314FF0FF3203260144CB1AE4
:10F08C00002103E733464FF0FF3203261946FDE615
:10F09C0034C7002048CA0020C88E00209ECA002019
:10F0AC00688E0020A5CA002000A3002092CA002070
:10F0BC00648E002000400042DCA200209BCA00208D
:10F0CC00DB0FC940A4C700206CA3002074A3002050
:10F0DC00FCA200205C8E0020C4A20020FF5B260551
:10F0EC00C8A2002070A3002008B51FF065FD002108
:10F0FC0008BD00BF831EFDEEC07A70B50DB204468C
:10F10C00D6B21D4819B24FF410632A462DED028B6E
:10F11C0084B0B0EE678ACDED017A009333468DED65
:10F12C00030A16F0EFFC154B2A4621B21248019344
:10F13C0000230093334616F093FCB8EEC87A9DED8D
:10F14C00030AF6EE007ADFED0E6A04F1080130EEE8
:10F15C00470A022433462A4609B20748E0EE267ACB
:10F16C000094FDEEE77ACDED017A16F0CBFC04B0FD
:10F17C00BDEC028B70BD00BF209D0020F013002061
:10F18C000000C8422DE9F04385B0984681460D46F3
:10F19C009DF83030A021234816469DF838400D9F2D
:10F1AC00039315F0C9FF09211E4816F06FFB002CC4
:10F1BC0032D003991B4815F047FF1B4919481FFA19
:10F1CC0089F415F07BFF0023ADB2214600932A464B
:10F1DC00144816F0D5FD002305EB0802A119009385
:10F1EC0092B2104889B216F0CBFDFF230D481A4697
:10F1FC00194616F0C3FB4FF4C06005EB68021B23E5
:10F20C0004EB660112B209B2CDE90C07054805B052
:10F21C00BDE8F04316F024BC2146024815F014FF5B
:10F22C000249CBE7209D0020D9D9D900EEEEEE00A3
:10F23C00194A1A49138812889BB292B207EE903A77
:10F24C00F8EE677AC1ED007AA2B1154B8220154A0F
:10F25C001B68DFF860C00233A2FB031222F001012D
:10F26C0001EB52029B1A5CF823200F490F4B0860EC
:10F27C001A6070470E4B9F200A4A1B68DFF838C093
:10F28C000233A2FB031222F0010101EB52029B1A82
:10F29C005CF82320E9E700BF92CA00207CCA00205A
:10F2AC0074A30020ABAAAAAAFC920020F89200201A
:10F2BC006CA30020A0250020AC2500202C4B1B7833
:10F2CC0043B12C4A2C4B1268A3FB0232C2F34013FD
:10F2DC00920600D5704700B585B02848039315F009
:10F2EC007BFE0399254815F0AFFEFF21234816F04D
:10F2FC0031FA2349214815F0E1FEA0211F4815F0F1
:10F30C001BFF09211D4816F0C1FA039BF42246216C
:10F31C001A48009316F034FD039B4FF487724FF498
:10F32C00CD711648009316F02BFDFF2313481A4697
:10F33C00194616F023FB134B1B78013BDBB2042B55
:10F34C0013D8114A52F823C04FF4C0601B2340F26B
:10F35C000112F021CDE9000C084816F081FB07489A
:10F36C0005B05DF804EB15F0FFBDDFF820C0EBE74E
:10F37C00A0CA002048CA0020D34D6210209D002056
:10F38C002417BD009ACA00205C0400209C120020A7
:10F39C00214B944640F6C3121B889BB207EE903A61
:10F3AC00F8EE677A30B51D4CDFF880E0C4ED007ADA
:10F3BC001B4CDEF8003025685B1B934214D90368A4
:10F3CC00032B09D8DFE803F019200211154B9A2200
:10F3DC001A60154B196003680133042BA8BF002376
:10F3EC000360DEF80030236030BD0E4BCE221A6075
:10F3FC000D4BC3F800C00368EEE70A4B34221A60C9
:10F40C00094B19600368E7E7064B68221A60064B44
:10F41C00C3F800C00368DFE792CA00207CCA002052
:10F42C003CC70020F8920020FC92002048CA002023
:10F43C000A4B186880B10368094A1B6893420CD1C7
:10F44C00836810B503B19847064AD38843F48043C8
:10F45C00D380BFF34F8F10BD704718471CA30020FB
:10F46C00F901000000800B4000B585B020F078FD5C
:10F47C00234B1B78002B40D0224B1B78DB073CD551
:10F48C00214B224A1B6812689B1A0E2B35D920F08F
:10F49C00F5FCFF2831DD1E4B1A78C52A09D0322124
:10F4AC001C4820F0E1FC1C4805B05DF804EB1EF094
:10F4BC0019BDB6EE007AD3ED017AF4EEC77AF1EE0F
:10F4CC0010FAECDDB0EE007AF4EEC77AF1EE10FA39
:10F4DC00E5D593ED036AB7EEE75A93ED027AB7EEF2
:10F4EC00C66A0E49B7EEC77A0B4853EC152B8DED57
:10F4FC00026B8DED007B1EF00FFD05B000BD00BF53
:10F50C00B9CA0020B8CA002048CA002070CA00201E
:10F51C00848E002070040020488E0020A40400205B
:10F52C0010B5242184B01F4820F09EFC1E481EF00C
:10F53C00D9FC1E481EF032FC0023B6EE000A4FF434
:10F54C007A72194618460093194CCDE90133FFF72E
:10F55C009BFB0A4617481EF021FA2378DBB11649AB
:10F56C000022164814F0DEFF2378C3B114490022A0
:10F57C00124814F0D7FF23787BB1124900220F48B0
:10F58C0014F0D0FF64201EF03DFF642004B0BDE8F1
:10F59C0010401EF037BF0C49E2E70C49EEE70C496E
:10F5AC00E5E700BFD4040020488E0020A091002085
:10F5BC00ADCA0020A4C7002094203000209D00205C
:10F5CC0070203000D420300090241000C42410008F
:10F5DC006C2410002DE9F043002491B081460F46B5
:10F5EC0090462546504E56F824003946033422F0F6
:10F5FC0087F9002861D001350C2DF4D14B4BD3F891
:10F60C008024EAB10023114602A83A46029319F06D
:10F61C00D5FE04464946464816F062F8FCB1002275
:10F62C0008F1FF31424816F0F3FB002239464048FE
:10F63C0017F088FEB8F1000F39D011B0BDE8F08397
:10F64C00D3F8841439B113460E9202A83A4618F036
:10F65C00A3FD002863D14946354816F041F83821FE
:10F66C00344820F001FC384622F01AFB014638469B
:10F67C0020F0FAFB30481EF035FC304A00212C48B3
:10F68C0013780133137016F03BF90123032128483A
:10F69C001A4615F041FA012200232548CDE9002233
:10F6AC0019461A4615F06EFAB8F1000FC5D120486C
:10F6BC0011B0BDE8F04315F057BC1C4A05EB4505ED
:10F6CC00D2F8803406EB8506E3B119460290034666
:10F6DC003A4602A819F072FE4946154816F000F891
:10F6EC0008F1FF310022124816F092FB1048D6E9BF
:10F6FC00011215F07BFB1249B3683A460E481EF016
:10F70C000BFC97E7D2F8841421B13A4602A80E9369
:10F71C0018F042FD4946064815F0E2FFE0E749467D
:10F72C00034815F0DDFF7AE704220020849D0020B9
:10F73C00209D002018050020488E0020B1CA002012
:10F74C00FC040020184B1A787AB172B600224FF0E4
:10F75C007C514FF47A701A705A80586099601A7301
:10F76C001A615A619A6162B670475A8892B2002A3D
:10F77C00EBD15A68B2F57A7FE7D1F6EE007A93EDC9
:10F78C00027AB4EE677AF1EE10FADED11A7B002A17
:10F79C00DBD11A69002AD8D15A69002AD5D19A69C5
:10F7AC00002AD2D1E0E700BF688E002010B5844655
:10F7BC0084B0334BF6EE007A04AC9FED327ADFF86E
:10F7CC00E4E093E807000DEB8C03DEF800E004E9BD
:10F7DC000700D3ED016A0CF101012B4AE6EE877AA2
:10F7EC002A4B11702A492B4AC1F800E0002102EB88
:10F7FC008C022948FCEEE77A11600021274AD0F8E8
:10F80C0000E022F81C1017EE902A1978244892B2C6
:10F81C000129C0F800E014D072B64FF0010C0021A1
:10F82C004FF07E5083F800C04FF47A7C5A80C3F8B6
:10F83C0004C09860197319615961996162B604B07A
:10F84C0010BD598889B28A42E6D15968B1F57A7FE0
:10F85C00E2D1F7EE007A93ED027AB4EE677AF1EE2C
:10F86C0010FAD9D1197B0029D6D119690029D3D125
:10F87C0059690029D0D199690029CDD1DFE700BFA2
:10F88C005004002000F07F459FCA0020688E0020A5
:10F89C0068A3002090A30020F4A2002050A3002015
:10F8AC00F8A2002048CA002070B507E020F0B8FA92
:10F8BC00C4B2204620F0C4FA542C04D020F06AFACA
:10F8CC000A28F3DC70BD00260A25344620F0A8FA7D
:10F8DC00C2B23038A100C0B2303AB300092841EAB4
:10F8EC00967107D89B1944EB0104DB186441D618B8
:10F8FC0044EBE274013DE9D1304621461DF064F938
:10F90C00DCE700BF2DE9F04F0120ADF5477D1EF07F
:10F91C00ADF802201EF0A0F8BA4BBB4C40F2EE261C
:10F92C00BA4F1D68DFF8E88220F01AFB2378002B11
:10F93C0000F0D4833B78DA0740F1D083B14B1B68DD
:10F94C00D8F800209B1A0E2B40F2C883AF4DB04E56
:10F95C0020F006FB2378002B00F0CC832B78DB0700
:10F96C0040F1C883A74B1B6832689B1A0E2B40F2E0
:10F97C00C183A8481DF078F9FFF796FF64201EF0AC
:10F98C0041FD1EF061F8002800F01E841821A248E9
:10F99C0020F06AFAA1481EF0A5FAA14827F0B4FE9F
:10F9AC001F21A04820F060FA9F4C9C481EF09AFA48
:10F9BC0000201EF05FFE0A2120609C4816F0F8FD26
:10F9CC002568002D00F01284994B012497481C6087
:10F9DC0015F002FB224697490020FFF7FBFD0022A1
:10F9EC0095492046FFF7F6FD002294490220FFF7C7
:10F9FC00F1FD002292490320FFF7ECFD0022914912
:10FA0C000420FFF7E7FD00228F490520FFF7E2FDF8
:10FA1C0000228E490620FFF7DDFD00228C490720CD
:10FA2C00FFF7D8FD00228B490820FFF7D3FD0022F9
:10FA3C0089490920FFF7CEFD884B1A78002A40F03F
:10FA4C00EA83092186481DF0FFFE002284481146F6
:10FA5C001DF0A4FF0A201EF0D7FA10201EF008FBA0
:10FA6C0000210E201EF070FD7E4B4021186819718C
:10FA7C00A0B17D4B7D4AC3187D481B11D1545378DE
:10FA8C0011788B4228BF0B469178D2788B4228BFD5
:10FA9C000B46934228BF134680F87A30754B76ADEF
:10FAAC00754A3EA93C9378A82B6000263E923CAC4C
:10FABC00FFF7A8F941F26F7229466A481EF0EAF87E
:10FACC002B6878A86D4FDB68984723683EA8DB68E5
:10FADC0098476B4A6B48136C6B4943F400131364DF
:10FAEC007A6F866042F44032684B7A67086040F265
:10FAFC001450674A6749C2F8B01146F2A0121A8036
:10FB0C0041F210321A8044F20A02DA801A8842F06A
:10FB1C006C021A804FF080521E814FF0E023C3F824
:10FB2C00082101225C4B1A601EF0A4FDB12800F0E4
:10FB3C006783B2464FF6FF764FF0C40940F2F447A4
:10FB4C0048464FF008081EF095FD4640B6B206F048
:10FB5C000103B8F1010803EB830203EB423383EAA0
:10FB6C005606B6B2F3D109F10109B945E8D10DF148
:10FB7C000E073E80BAF1000F40F065834FF4A0727F
:10FB8C000021284621F04EFD4FF47A7347A900223C
:10FB9C00AB60AB64C5F88830C5F8C830C5F808311F
:10FBAC0010AB43F82C2C2C3343F8542C8B42F8D14B
:10FBBC0064201EF05FFDFF28814600F05F83222148
:10FBCC003648A3460DF2D71AC4F1C40620F04CF9FE
:10FBDC0012481EF087F90BEB06001EF04BFD0BF8DC
:10FBEC00010BD345F7D105AEC6F59A7A06EB0A00A0
:10FBFC001EF040FD06F8010BA642F7D12E46C5F5C6
:10FC0C006D7A4DE048CA0020B9CA0020B8CA00205D
:10FC1C0070CA0020C904000054050020488E002042
:10FC2C00010900008005002014C70020209D002041
:10FC3C0030C70020A0050020BC050020D8050020FE
:10FC4C00F0050020080600202406002044060020B1
:10FC5C005C0600206C0600207C060020B1CA002047
:10FC6C00A4C70020A091002000BFF7BFA08E0020E9
:10FC7C0000E400E0B82500204102000000C00F4065
:10FC8C0000C00A4080CA00201CA3002000800B404A
:10FC9C00009400201108000070C7002038070020D5
:10FCAC0006EB0A001EF0E6FCC6AB06F8010B9E4202
:10FCBC00F6D10DF23D1A234605E05E2900F28D8245
:10FCCC009A4500F08A821A780133A2F12001002AA9
:10FCDC00F3D104F14C0304F1990605E05E2900F21E
:10FCEC002682B34200F0238213F8012FA2F12001E7
:10FCFC00002AF3D104F1E60105E05E2A00F24E82FF
:10FD0C00B14200F04B8216F8013FA3F12002002B08
:10FD1C00F3D1B9F1FF0F00F04E8264201EF0AAFC63
:10FD2C00009070201EF0A6FC83467C201EF0A2FCE6
:10FD3C00814688201EF09EFC824694201EF09AFC80
:10FD4C000646B8201EF096FC5B46012B38BF0123FB
:10FD5C00B9F1010F38BF4FF00109BAF1010F38BFEB
:10FD6C004FF0010A012E38BF0126012838BF0120AF
:10FD7C0083462046E7224FF4AF6101931EF034FE18
:10FD8C0005A8DC2240F25F611EF02EFE4FF4A0723B
:10FD9C0040F23B7128461EF027FE009964201EF0AD
:10FDAC0083FD002140F216501EF07EFD019B0422C3
:10FDBC0040F21C5104A804931EF016FE04224FF4CA
:10FDCC00A46104A8CDF810901EF00EFE042240F29F
:10FDDC00245104A8CDF810A01EF006FE04224FF406
:10FDEC00A56104A804961EF0FFFD0126042240F232
:10FDFC002C5104A8CDF810B01EF0F6FD04224FF4DF
:10FE0C00A66104A804961EF0EFFD042240F23451C2
:10FE1C0004A8049600261EF0E7FD04224FF4A76107
:10FE2C0004A804961EF0E0FD04A8042240F23C5104
:10FE3C0004961EF0D9FD022238464FF4A3611EF041
:10FE4C00D3FD022140F215501EF02EFDB12140F2DF
:10FE5C0014501EF029FD642040F21C5A1EF00AFCBE
:10FE6C002C46B74B186050460AF1010A1EF002FCF2
:10FE7C0004F8010BBAF5A46FF5D12B682C46B14FE1
:10FE8C0040F224563B6050460AF1010A1EF0F2FB88
:10FE9C0004F8010BB245F6D12B682C46AA4E336000
:10FEAC0050460AF1010A1EF0E5FB04F8010BBAF505
:10FEBC00A56FF5D12B68AB46A44A40F22C591360C0
:10FECC0050460AF1010A1EF0D5FB0BF8010BCA458E
:10FEDC00F6D12B6840F234549D4AA9461360204653
:10FEEC0001341EF0C7FB09F8010BB4F5A76FF6D16E
:10FEFC002968A946974A116050460AF1010A1EF07A
:10FF0C00B9FB09F8010BBAF5A66FF5D12968AB4618
:10FF1C00914A40F23459116050460AF1010A1EF020
:10FF2C00A9FB0BF8010BCA45F6D12A68AA468B4BE4
:10FF3C0040F23C591A60204601341EF09BFB0AF833
:10FF4C00010B4C45F7D12A68A946854B1A6020460F
:10FF5C0001341EF08FFB09F8010BB4F5A86FF6D134
:10FF6C00804C2B68804A04F1E709C4F5AF65136037
:10FF7C0060191EF07FFB04F8010B4C45F8D17B4D4A
:10FF8C0040F23B74AA46641B05F5A0790AEB040009
:10FF9C001EF070FB0AF8010BCA45F7D1744C40F601
:10FFAC00980B04F10A0AABEB040B04EB0B00DFF823
:10FFBC00C0911EF05FFB04F8010B5445F5D19FED89
:10FFCC006D7A40F2B6306C49DFF8C0E1DFF8C0C1A1
:10FFDC0039F8022BA2F132039BB2834200F29480D7
:10FFEC0007EE902AF8EEE77AC7EE876AF6EE007A0B
:04FFFC00E6EE877A2C
:02000004600199
:10000000FCEEE77A17EE903A9BB2323B8EFB03424E
:10001000DB17C3EB2213C3EB0343ACFB03429B1A76
:1000200002EB53031B0908F1100841F8043BB8F137
:10003000500FD3D1DFF8688140F6FC0AC146AAEB25
:10004000080A08F1100509EB0A001EF019FB09F86F
:10005000010BA945F7D198F80030C52B00F0E680D8
:100060004FF07E53C8F804300023C8F80830C8F8B1
:100070000C30002388F80030DFF8288140F25F69F7
:10008000FFF7F8F9A9EB080908F1DC0508EB09000E
:100090001EF0F6FA08F8010BA845F7D12B4B3A4DA4
:1000A0001B682A689A4244D01D2B00F30581072B58
:1000B0003DDD083B152B3AD8DFE813F03600390058
:1000C000390039003900390039001C013900390084
:1000D0003900390039003900290139003900390067
:1000E0003900390039001501284B1B6822785B1B49
:1000F0006AB1B3F5FA6F3FF62FAC1FF037FF19E482
:10010000224B1B68B3F57A6FFFF428AC37E4B34297
:10011000F3D921E445F2D70345F6506455F8282079
:10012000012A18BF23467EE7194B3A681A601E233E
:100130002B600DF5477DBDE8F08F50464C221549E8
:1001400021F0F6FA002384F89930D9E538C8002068
:100150006C9100205491002064910020889100202F
:100160007C910020749100205C9100205CCA0020EA
:10017000EC91002060CA0020608C002018C700208D
:1001800000007A4420CA002034C8002048CA002059
:1001900068910020640700201F85EB51CB6B28AFCE
:1001A000848E002098C800204C225E490DF5C57051
:1001B00021F0BEFA0023B9F1FF0F84F8E6307FF496
:1001C000B2AD4FF0010B00235E460093DA46D946EC
:1001D0005B46D4E50E2154481FF04CFE53481DF0F9
:1001E00087FEFFF7E0BB4C225149204621F0A0FAE0
:1001F000002384F84C3072E54E4815F08FFF0A2139
:10020000284621601EF056FBFFF7E4BB40F2155074
:100210001EF036FAA0F1020ABAFA8AFA4FEA5A1A1E
:100220008EE4454941481DF07DFE10E4B6EE007AAB
:10023000D8ED017AF4EEC77AF1EE10FA7FF710AF3D
:10024000B0EE007AF4EEC77AF1EE10FA3FF514AF93
:1002500006E74FF000094FF4A3601EF011FA60F3B7
:10026000070940F219501EF00BFA60F30F291FFA2C
:1002700089F9B1453FF4F5AD492130481FF0FAFD49
:100280002A481DF035FE7FE42A212D481FF0F2FD9B
:1002900026481DF02DFEE7220021204621F0C8F956
:1002A0004FF4A0720021284621F0C2F9DC2200217F
:1002B00005A821F0BDF902E5362B7FF438AF214ABD
:1002C000214B224910680968214A1B6811601B1ADA
:1002D000204A40F2165013601EF0D2F904281E4B3B
:1002E0001CDC186023E71D4A1D4B12681A601E2390
:1002F0002B601EE71B4A144B10681B681A4A3168B2
:100300001B1A1160134A13601E232B6011E7174A52
:10031000174B12681A601E232B600AE700221A602E
:1003200005E700BF6C07002070050020488E002004
:100330005C070020209D002090060020C0060020C1
:100340000C07002060CA002048CA00205C910020F1
:100350005891002034C70020C8C700208891002091
:10036000849100205CCA00205091002064910020FC
:1003700060910020F0B52C4C85B000252B4F204615
:100380001C2615F0AFFFFF2320461A46194614F02D
:1003900055FF204614F0B6FD204615F0A3FF0121BD
:1003A000204615F079FA2B462D220F212046009584
:1003B00015F0ECFC204614F015FEFF2320461A46EB
:1003C000194615F0E1FA1A49204615F003FA012101
:1003D000204614F03FFE3B88164AD721204600965F
:1003E0000392C722CDE901530125372314F0B4FF4E
:1003F0003723C722D7212046CDE9006514F05EFFE0
:10040000204614F0B7FD204615F076FC237C2BB176
:10041000638A4FF6FF7293423B6001D005B0F0BD96
:10042000054B1D6005B0F0BD209D002064CA002072
:10043000A9A9A9007407002034C80020F0B5CF484E
:1004400083B015F04FFFCE4DCC4814F0B1F83220F8
:100450001DF0DEFF2B68142B09D800240120013485
:100460001DF0D6FF2B68142B01D8192CF6D1C34CE4
:1004700000254FF4C066204614F062F8FA232046A7
:100480001A46194614F0DAFE204614F03BFD4FF4EC
:10049000B461204614F094FE0221204615F0FCF9C8
:1004A0005A21204615F05CF9D92320461A461946F0
:1004B00015F06AFA2B462A46F0212046009515F0E1
:1004C00065FC4FF4F061204614F07AFEFF212046CF
:1004D00015F046F9DE2320461A46194615F054FA5F
:1004E0004FF491722B46F0212046009515F04EFCFA
:1004F0000921204615F0D0F9F22320461A46194664
:1005000015F042FAC3222B4629462046009515F0E5
:100510003DFC4FF482722B464FF4F071204600955B
:1005200015F034FC772379227C21204615F02CFA33
:10053000944A1F23F0212046CDE90062262215F0BF
:1005400095FA914A1F23F0212046CDE900628F4E93
:10055000522215F08BFA3368002B40F05F810025A2
:100560001A23062204218548CDE9005515F0D0FA5A
:1005700031681A2306228148CDE900510E2115F079
:10058000C7FA83490025834E1A2306227B48CDE90A
:100590000051172115F06AFA31681A230622092939
:1005A00000F335811C217548CDE9005515F0B0FAEE
:1005B00031681A2306227148CDE90051252115F032
:1005C000A7FA1CF065FA20B1734B1968002900F0F6
:1005D0003481724800211A230622CDE900102B2114
:1005E000664815F043FA6E4D2968092900F3058124
:1005F00000261A2306224B216048CDE9006615F03B
:1006000087FA29681A2306225C48CDE90061552142
:1006100015F07EFA634E0025634F1A2306225D21F2
:100620005648CDE9005615F021FA3A681A23092AEE
:1006300000F3DB80062263215048CDE9005515F018
:1006400067FA3A681A236B214C48CDE9005206221A
:1006500015F05EFA00251A23062273214748CDE9DA
:10066000005615F003FA51491A2306220968434837
:10067000CDE90051792115F04BFAFF233F481A4686
:10068000194615F081F905213C4814F0E3FC0121DD
:100690003A4815F001F90323CD220121374800958E
:1006A00015F074FB0221354814F0D4FC0123CD224F
:1006B00051213248009515F069FB03212F4814F0B1
:1006C000C9FC0223CD22A1212C48009515F05EFB28
:1006D00008212A4814F0BEFC0623CD22F021274829
:1006E000009515F053FB0721244814F0B3FC0523B3
:1006F000CD2240F23F112148009515F047FB04211F
:100700001E4814F0A7FC0923CD224FF4C7711B48E3
:10071000009515F03BFBFF21184815F021F8A021AA
:10072000164814F00FFD0921144815F0B5F84A21B8
:10073000124814F08FFC1E49104814F0C5FC8022AA
:100740002B4640F2A7110D48009515F01FFB9E2285
:100750002B464FF4EF710948009515F017FBFF2366
:1007600006481A46194615F00FF90121034815F0FD
:1007700093F8082378224FF4D5711BE0209D0020C8
:10078000648E00207C0700208807002080C700209E
:100790009407002090C7002010C70020A007002069
:1007A0002CC70020A8070020A0C700208CCA00206A
:1007B000D9D9D9003348009515F0E8FA314815F039
:1007C0009BFA94F82030082B41D8012B0BD9023B1F
:1007D000062B08D8DFE803F04247044C0707510016
:1007E000294B22221A6003B0F0BDCDE900526121ED
:1007F0000622244815F08CF92CE700201A23062243
:10080000CDE900014B211F4815F082F902E7CDE93F
:1008100000511C481B2115F07BF9D2E61CF018F999
:10082000092830607FF79BAE1A2306220421CDE908
:100830000050204615F06CF9A3E614481A2306224E
:10084000CDE900102B210F4815F010F9CBE64A2B0B
:10085000C9D10D4B1F221A6003B0F0BD0A4B022212
:100860001A6003B0F0BD084B09221A6003B0F0BD56
:10087000054B10221A6003B0F0BD034B17221A601B
:1008800003B0F0BD209D002034C800209807002050
:10089000F0B5CF4883B015F025FDCE4DCC4813F010
:1008A00087FE32201DF0B4FD2B68142B09D80024DC
:1008B000012001341DF0ACFD2B68142B01D8192C3C
:1008C000F6D1C34C00254FF4C066204613F038FE25
:1008D000FA2320461A46194614F0B0FC204614F0BC
:1008E00011FB4FF4B461204614F06AFC022120464B
:1008F00014F0D2FF5A21204614F032FFD9232046AB
:100900001A46194615F040F82B462A46F021204693
:10091000009515F03BFA4FF4F061204614F050FCBE
:10092000FF21204614F01CFFDE2320461A461946FC
:1009300015F02AF84FF491722B46F02120460095CD
:1009400015F024FA0921204614F0A6FFF2232046D0
:100950001A46194615F018F8C3222B462946204698
:10096000009515F013FA4FF482722B464FF4F07194
:100970002046009515F00AFA772379227C2120463B
:1009800015F002F8944A1F23F0212046CDE90062B9
:10099000262215F06BF8914A1F23F0212046CDE95D
:1009A00000628F4E522215F061F83368002B40F040
:1009B0004A8100251A23062204218548CDE90055E5
:1009C00015F0A6F831681A2306228148CDE90051B6
:1009D0000E2115F09DF883490025834E1A23062227
:1009E0007B48CDE90051172115F040F831681A23F2
:1009F0000622092900F320811C217548CDE9005504
:100A000015F086F831681A2306227148CDE90051A5
:100A1000252115F07DF81CF03BF820B1734B1968C7
:100A2000002900F03681724800211A230622CDE900
:100A300000102B21664815F019F86E4D2968092918
:100A400000F3188100261A2306224B216048CDE9C5
:100A5000006615F05DF829681A2306225C48CDE986
:100A60000061552115F054F8634E0025634F1A2399
:100A700006225D215648CDE9005614F0F7FF3A688A
:100A80001A23092A00F3EE80062263215048CDE99B
:100A9000005515F03DF83A681A236B214C48CDE912
:100AA0000052062215F034F800251A23062273217D
:100AB0004748CDE9005614F0D9FF51491A230622C0
:100AC00009684348CDE90051792115F021F8FF2349
:100AD0003F481A46194614F057FF07213C4814F0C6
:100AE000B9FA0523CD221F213948009515F04EF99A
:100AF0000421374814F0AEFA0923CD22742134487A
:100B0000009515F043F9FF21314814F029FEA0218A
:100B10002F4814F017FB09212D4814F0BDFED821F1
:100B20002B4814F097FA3749294814F0CDFA80225F
:100B30002B4629462648009515F028F99E222B467B
:100B400037212348009515F021F9FF2320481A4644
:100B5000194614F019FF2C494FF4C0621B231C489E
:100B6000CDE900218E221D2114F080FFFF211848BD
:100B700014F0F6FDA021164814F0E4FA09211448F7
:100B800014F08AFE4A21124814F064FA1D491048F4
:100B900014F09AFA80222B4640F2A7110C480095D7
:100BA00015F0F4F89E222B464FF4EF71084800959B
:100BB00015F0ECF8FF2306481A46194614F0E4FE37
:100BC0000121034814F068FE082378221EE000BFCC
:100BD000209D0020648E00207C07002088070020D4
:100BE00080C700209407002090C7002010C7002075
:100BF000A00700202CC70020A8070020A0C70020C5
:100C00008CCA0020D9D9D900AC0700204FF4D57187
:100C10002748009515F0BAF8254815F06DF894F8B6
:100C200020304A2B3FD0D82B2ED0042B02D1214B81
:100C300022221A6003B0F0BDCDE900511C481B21EF
:100C400014F066FFE7E61BF003FF092830607FF72A
:100C5000B0AE1A2306220421CDE90050204614F03C
:100C600057FFB8E6CDE9005261210622104814F082
:100C70004FFF19E700201A230622CDE900014B217E
:100C80000B4814F045FFEFE60A4B01221A6003B04F
:100C9000F0BD09481A230622CDE900102B21044893
:100CA00014F0E4FEC9E6034B1F221A6003B0F0BD46
:100CB000209D002034C8002098070020F0B5CF48C0
:100CC00083B015F00FFBCE4DCC4813F071FC3220F1
:100CD0001DF09EFB2B68142B09D800240134012041
:100CE0001DF096FB2B68192C01D0142BF6D9C34CA0
:100CF00000264FF4C065C34F204613F021FCFF23AC
:100D000020461A46194614F099FA204614F0FAF8CB
:100D10004FF4AA61204614F053FA0221204614F041
:100D2000BBFD5A21204614F01BFDD92320461A464C
:100D3000194614F029FE33463246F021204600962B
:100D400015F024F8FF21204614F00AFD77237922BC
:100D50007C21204614F018FEAB4A1E23F0212046C9
:100D6000CDE90052202214F081FE1E233F22F02103
:100D70002046CDE9005714F079FE772379227C21B3
:100D8000204614F001FE1723732294212046CDE95A
:100D9000005714F06BFE9D4A1B234FF487712046C9
:100DA000CDE90052732214F061FE994A1B23F02111
:100DB0002046CDE900528C2214F058FE954A1B23A0
:100DC000F0212046CDE90052A52214F04FFE924AB0
:100DD0001B23F0212046CDE90052904DBE2214F095
:100DE00045FE2B68002B40F07D8100261A23062249
:100DF00004218248CDE9006614F08AFE29681A238E
:100E000006227E48CDE900610E2114F081FE84495E
:100E10000025844E1A2306227848CDE90051172177
:100E200014F024FE31681A230622092900F35381A5
:100E30001C217248CDE9005514F06AFE31681A236E
:100E400006226E48CDE90051252114F061FE1BF009
:100E50001FFE20B1744B1968002900F069817348A6
:100E600000211A230622CDE900102B21634814F03B
:100E7000FDFD6F4D2968092900F34B8100261A23D7
:100E800006224B215D48CDE9006614F041FE296839
:100E90001A2306225948CDE90061552114F038FE85
:100EA000644E0025644F1A2306225D215348CDE984
:100EB000005614F0DBFD3A681A23092A00F3218159
:100EC000062263214D48CDE9005514F021FE3A6811
:100ED0001A236B214948CDE90052062214F018FE6E
:100EE00000251A23062273214448CDE9005614F048
:100EF000BDFD52491A23062209684FF4C0663F48D7
:100F0000CDE90051792114F003FEFF233B481A4636
:100F1000194614F039FD0121384814F0BDFC0123B5
:100F20002A464FF4C8713548009514F02FFFFF2171
:100F3000324814F015FCA021304814F003F90921BF
:100F40002E4814F0A9FC0A212C4814F083F83C49DF
:100F50002A4814F0B9F880222B46294627480095E4
:100F600014F014FF9E222B4637212448009514F0DC
:100F70000DFFFF2321481A46194614F005FD314A9A
:100F80001B231D211D48CDE900628E2214F06EFD49
:100F9000FF211A4814F0E4FBA021184814F0D2F8FD
:100FA0000921164814F078FC0921144814F052F86D
:100FB0002349124814F088F880222B4640F2A711EA
:100FC0000E48009514F0E2FE9E222B464FF4EF717E
:100FD0000A48009514F0DAFEFF2308481A4619461D
:100FE00014F0D2FC184A1B2340F2BF110348CDE98C
:100FF00000628E2214F03AFDFF2127E0209D0020A0
:10100000648E0020C4070020B4070020CC07002015
:10101000E4070020000800202008002080C70020EE
:101020009407002090C7002010C70020A0070020D0
:101030002CC70020A8070020A0C700208CCA0020D1
:10104000D9D9D900AC07002040080020404814F04E
:1010500087FBA0213E4814F075F809213C4814F0A4
:101060001BFCDE233A481A46194614F08DFC0B216E
:10107000374813F0EFFF4FF47071354814F0A0F8C3
:101080000221334814F008FC4FF491722B46F021F2
:101090002F48009514F07AFEFF232D481A46194672
:1010A00014F072FC2B491B23FF222948CDE9006173
:1010B000F02114F0DBFC264814F01EFE94F82030DA
:1010C0000A2B3FD00B2B2ED0092B02D1224B04220E
:1010D0001A6003B0F0BDCDE900511D481B2114F08A
:1010E00017FDB4E61BF0B4FC092828607FF77DAE3D
:1010F0001A2306220421CDE90060204614F008FDE1
:1011000085E6CDE9005261210622114814F000FD68
:10111000E6E600201A230622CDE900014B210C4807
:1011200014F0F6FCBCE60C4B03221A6003B0F0BDD1
:101130000A481A230622CDE900102B21044814F096
:1011400095FC96E6044B01221A6003B0F0BD00BF87
:10115000209D00204808002034C800209807002067
:10116000F0B5C84883B015F0BDF8C74DC54813F0B9
:101170001FFA32201DF04CF92B68142B09D80024DB
:10118000013401201DF044F92B68192C01D0142BD7
:10119000F6D9BC4C00264FF4C065204613F0D0F9B8
:1011A000FF2320461A46194614F048F8204613F04B
:1011B000A9FE4FF4A071204613F0C4FF0921204678
:1011C00014F06AFBB149204613F07EFF46225D21F0
:1011D00033462046009614F0D9FDEB22334640F208
:1011E00083112046009614F0D1FD772379227C21CB
:1011F000204614F0C9FBA64A1B23F0212046CDE966
:101200000052532214F032FCA24A1B23F021204644
:10121000CDE900526E2214F029FC9F4A1B23F021D5
:101220002046CDE90052872214F020FC9B4A1B2364
:10123000F0212046CDE90052A02214F017FC984A74
:101240001B23F0212046CDE90052B92214F00EFCF8
:10125000944A1B23F0212046CDE90052D22214F0FB
:1012600005FC914A1B23F0212046CDE900528F4D09
:10127000EB2214F0FBFB2B68002B40F0F3800026E0
:101280001A23062204217F48CDE9006614F040FCB1
:1012900029681A2306227B48CDE900610E2114F04B
:1012A00037FC83490025834E1A2306227548CDE971
:1012B0000051172114F0DAFB31681A23062209299C
:1012C00000F3C9801C216F48CDE9005514F020FCC3
:1012D00031681A2306226B48CDE90051252114F00C
:1012E00017FC1BF0D5FB20B1734B1968002900F0E7
:1012F000F580724800211A230622CDE900102B2127
:10130000604814F0B3FB6E4D2968092900F39980F9
:1013100000261A2306224B215A48CDE9006614F014
:10132000F7FB29681A2306225648CDE900615521AA
:1013300014F0EEFB634E0025634F1A2306225D2155
:101340005048CDE9005614F091FB3A681A23092A57
:101350006FDC062263214B48CDE9005514F0D8FB21
:101360003A681A236B214748CDE90052062214F04F
:10137000CFFB00251A23062273214248CDE90056EF
:1013800014F074FB51491A23062209683D48CDE93F
:101390000051792114F0BCFBFF233A481A46194644
:1013A00014F0F2FA0121374814F076FA01232A46A4
:1013B0004FF4C8713348009514F0E8FCA02131487F
:1013C00013F0C0FE09212F4814F066FA0D212D48B4
:1013D00013F040FE3E492B4813F076FE80222B4648
:1013E00029462848009514F0D1FC9E222B4637212F
:1013F0002448009514F0CAFCFF2322481A461946D7
:1014000014F0C2FA33484FF4C0611B238E22CDE999
:1014100000101D211B4814F029FB1A4814F06CFC25
:1014200094F820300D2B02D12B4B02221A6003B00E
:10143000F0BDCDE9005261210622124814F068FB8C
:1014400097E700201A230622CDE900014B210D4821
:1014500014F05EFB6EE7CDE900510A481B2114F041
:1014600057FB3EE71BF0F4FA092828607FF707AF27
:101470001A2306220421CDE90060204614F048FB1F
:101480000FE700BF209D0020648E0020F2F2F200E2
:101490005008002078080020A4080020D008002070
:1014A000F8080020200900204809002080C70020FB
:1014B0009407002090C7002010C70020A00700203C
:1014C0002CC70020A8070020A0C700208CCA00203D
:1014D000D9D9D900AC07002034C8002004481A2309
:1014E0000622CDE900102B21024814F0BFFA0AE7CA
:1014F00098070020209D0020F0B5CA4883B014F062
:10150000F1FEC94DC74813F053F832201CF080FF9C
:101510002B68142B09D80024013401201CF078FF1B
:101520002B68192C01D0142BF6D9BE4EBF4C304677
:1015300013F006F8FF2330461A46194613F07EFED4
:10154000304613F0DFFC772379227C21304614F0FB
:101550001BFA2368002B40F0538200251A23FC223B
:1015600040F24311AF48CDE9005514F0D1FA21689B
:101570001A23FC22AB48CDE900514FF4A67114F0B8
:10158000C7FAAB490024AB4D1A23FC22A548CDE98C
:10159000004140F2551114F069FA29681A23FC221F
:1015A000092900F3258240F259119E48CDE90044F3
:1015B00014F0AEFA29681A23FC229A48CDE90041BA
:1015C0004FF4B17114F0A4FA1BF062FA20B19A4BF7
:1015D0001968002900F02582984800211A23FC226E
:1015E000CDE9001040F269118E4814F03FFA944C96
:1015F0002168092900F3F18100251A23FC2240F219
:101600008B118848CDE9005514F082FA21681A231D
:10161000FC228448CDE9005140F2931114F078FA8D
:10162000884D0024884F1A23FC2240F29B117D48EC
:10163000CDE9004514F01AFA3A681A23092A00F392
:10164000C381FC2240F2A1117648CDE9004414F098
:101650005FFA3A681A2340F2A9117248CDE90042B4
:10166000FC2214F055FA00241A23FC2240F2B11196
:101670006C48CDE9004514F0F9F974491A23FC22AD
:1016800009684FF4C0656748CDE9004140F2B711E1
:1016900014F03EFAFF2363481A46194614F074F911
:1016A0000121604814F0F8F8224601234FF4C87174
:1016B0005C48009414F06AFB4FF4A071594813F091
:1016C00041FD0921574814F0E7F86149554813F0E6
:1016D000FBFC5022234653481146009414F056FB5D
:1016E0002346C822EB214F48009414F04FFB772388
:1016F00079227C214B4814F047F9564A18239B2144
:101700004848CDE90052532214F0B0F9524A1B2345
:10171000A4214448CDE90052732214F0A7F94F4A9E
:101720001B23A4213F48CDE900528C2214F09EF9DE
:101730004B4A182383213B48CDE90052AC2214F0D8
:1017400095F94849374813F0BFFC474A1B238F21BE
:101750003448CDE90052CC2214F088F9772379225D
:101760007C21304814F010F9404A1B234FF4B87123
:101770002C48CDE900525A2214F078F93C49294806
:1017800013F0A2FC1021274813F064FC4FF43471CD
:10179000244813F015FD0221224814F07DF8234659
:1017A000A3224FF49F711F48009414F0EFFAFF2317
:1017B0001C481A46194614F0E7F82E4A1B234FF42A
:1017C0009F711848CDE900528E2214F04FF92A4A31
:1017D0001B234FF49F711348CDE90052A12214F04E
:1017E00045F9264A1B234FF49F710E48CDE900525C
:1017F000B42214F03BF91E490A4813F065FC11218C
:10180000084813F027FC4FF43471064813F0D8FC55
:101810000221044814F040F82346A32240F29F110D
:101820002EE000BF209D0020648E002080C7002095
:101830009407002090C7002010C70020A0070020B8
:101840002CC70020A8070020A0C700208CCA0020B9
:10185000F2F2F20058090020640900207409002007
:101860008809002058D75A00900900209C090020C0
:10187000D9D9D900B4090020BC090020C40900202E
:101880007748009414F082FAFF2375481A461946E7
:1018900014F07AF8734A1B2340F29F117048CDE987
:1018A0000052932214F0E2F86F4A1B2340F29F117A
:1018B0006B48CDE90052AA2214F0D8F8A02168485C
:1018C00013F040FC0921664813F0E6FF0D2164483F
:1018D00013F0C0FB6549624813F0F6FB042223466F
:1018E0005F481146009414F051FA23462322372111
:1018F0005B48009414F04AFAFF2359481A461946E7
:1019000014F042F85A4A1B231F215548CDE90052D2
:10191000142214F0ABF8A021514813F013FC092154
:101920004F4813F0B9FF17214D4813F093FB4F496F
:101930004B4813F0C9FB2346EB220421484800948E
:1019400014F024FA23464FF485723721444800945A
:1019500014F01CFAFF2342481A46194614F014F8F2
:10196000444A1B231E213E48CDE90052F02214F0C8
:101970007DF8414A1B231E213948CDE9005240F22F
:10198000011214F073F8364814F0B6F93B483C499C
:10199000012204600C6000243A4996F820300C6063
:1019A00039480D3B394902600A600A2B0AD8DFE842
:1019B00003F00609094D4809090909094300344B98
:1019C00002221A6003B0F0BDCDE9004240F29F113F
:1019D000FC22234814F09CF845E600201A23FC2240
:1019E000CDE9000140F289111D4814F091F817E685
:1019F000CDE900411A4840F2591114F089F8E3E5A5
:101A00001BF026F8092820607FF7A7AD00211A23D4
:101A1000FC22CDE900104FF4A171304614F078F8A3
:101A2000AFE51C481A23FC22CDE9001040F26911F1
:101A30000B4814F01BF8DAE5154B01221A6003B0CD
:101A4000F0BD134B06221A6003B0F0BD124A052008
:101A5000124B0F49126808601A6003B0F0BD00BF56
:101A6000209D0020D0090020D8090020D9D9D90014
:101A7000AC070020E4090020EC09002040C8002049
:101A80003CC800207CCA002038CA002040CA002080
:101A900034C800209807002048CA002044C700200E
:101AA000F0B5B54883B014F01DFCB44DB24812F047
:101AB0007FFD32201CF0ACFC2B68142B09D80024CD
:101AC000013401201CF0A4FC2B68192C01D0142B2C
:101AD000F6D9A94DAA4C284612F032FDFF2328461C
:101AE0001A46194613F0AAFB284613F00BFA77237F
:101AF00079227C21284613F047FF2368002B40F011
:101B0000218100261A23062204219B48CDE9006684
:101B100013F0FEFF21681A2306229748CDE90061E1
:101B20000E2113F0F5FF97490024974E1A23062241
:101B30009148CDE90041172113F098FF31681A232D
:101B40000622092900F3F7801C218B48CDE90044C7
:101B500013F0DEFF31681A2306228748CDE90041E1
:101B6000252113F0D5FF1AF093FF20B1874B196898
:101B7000002900F0F780864800211A230622CDE9CB
:101B800000102B217C4813F071FF824C2168092939
:101B900000F3C78000261A2306224B217648CDE9A0
:101BA000006613F0B5FF21681A2306227248CDE9BA
:101BB0000061552113F0ACFF774E0024774F1A23B4
:101BC00006225D216C48CDE9004613F04FFF3A68CC
:101BD0001A23092A00F39D80062263216648CDE975
:101BE000004413F095FF3A681A236B216248CDE94F
:101BF0000042062213F08CFF00241A2306227321D0
:101C00005D48CDE9004613F031FF65491A230622ED
:101C100009684FF4C0665848CDE90041792113F0B6
:101C200077FF4FF4A071544813F08CFA0921524801
:101C300013F032FE5B49504813F046FA6422234603
:101C400050214D48009414F0A1F8962223464FF4F9
:101C5000C8714948009414F099F8FF2346481A4681
:101C6000194613F091FE0121434813F015FE01239C
:101C700022464FF4C8714048009414F087F8772347
:101C800079227C213C4813F07FFE474A1D23F02136
:101C90003948CDE900627D2213F0E8FE4FF4A071CF
:101CA000354813F04FFA0921334813F0F5FD14219C
:101CB000314813F0CFF93D492F4813F005FAD122EE
:101CC0002346D2212C48009414F060F8D4222346F5
:101CD0004FF487712848009414F058F8FF232648E1
:101CE0001A46194613F050FE31491B23D3222248CD
:101CF000CDE90061F02113F0B9FE1F4813F0FCFF9D
:101D000095F82030142B02D12A4B08221A6003B018
:101D1000F0BDCDE9004261210622174813F0F8FE1C
:101D20006AE700201A230622CDE900014B21124860
:101D300013F0EEFE40E7CDE900410F481B2113F000
:101D4000E7FE10E71AF084FE092820607FF7D9AE7D
:101D500000211A230622CDE900100421284613F0A1
:101D6000D7FEE0E614481A230622CDE900102B2105
:101D7000014813F07BFE08E7209D0020648E0020C0
:101D800080C700209407002090C7002010C70020C3
:101D9000A00700202CC70020A8070020A0C7002013
:101DA0008CCA0020F2F2F200F4090020D9D9D9003F
:101DB000180A002034C8002098070020F0B5CF484A
:101DC00083B014F08FFACE4DCC4812F0F1FB3220E4
:101DD0001CF01EFB2B68142B09D8002401340120B1
:101DE0001CF016FB2B68192C01D0142BF6D9C34C10
:101DF00000264FF4C065C34F204612F0A1FBFF231D
:101E000020461A46194613F019FA204613F07AF8BC
:101E10004FF4AA61204613F0D3F90221204613F0B3
:101E20003BFD5A21204613F09BFCD92320461A463D
:101E3000194613F0A9FD33463246F021204600969C
:101E400013F0A4FFFF21204613F08AFC77237922A8
:101E50007C21204613F098FD1E23AB4AF02120463A
:101E6000CDE900521A4613F001FE1E234122F02153
:101E70002046CDE9005713F0F9FD772379227C2124
:101E8000204613F081FD172373227D212046CDE9E2
:101E9000005713F0EBFD9D4A1B2340F21111204621
:101EA000CDE90052732213F0E1FD994A1B23F02182
:101EB0002046CDE900528C2213F0D8FD954A1B2311
:101EC000F0212046CDE90052A52213F0CFFD924A21
:101ED0001B23F0212046CDE90052904DBE2213F085
:101EE000C5FD2B68002B40F0718100261A230622C5
:101EF00004218248CDE9006613F00AFE29681A23FE
:101F000006227E48CDE900610E2113F001FE8449CE
:101F10000025844E1A2306227848CDE90051172166
:101F200013F0A4FD31681A230622092900F3478122
:101F30001C217248CDE9005513F0EAFD31681A23DF
:101F400006226E48CDE90051252113F0E1FD1AF07B
:101F50009FFD20B1744B1968002900F05D81734822
:101F600000211A230622CDE900102B21634813F02B
:101F70007DFD6F4D2968092900F33F8100261A2352
:101F800006224B215D48CDE9006613F0C1FD2968AA
:101F90001A2306225948CDE90061552113F0B8FDF6
:101FA000644E0025644F1A2306225D215348CDE973
:101FB000005613F05BFD3A681A23092A00F31581D5
:101FC000062263214D48CDE9005513F0A1FD3A6882
:101FD0001A236B214948CDE90052062213F098FDDF
:101FE00000251A23062273214448CDE9005613F038
:101FF0003DFD52491A23062209684FF4C0663F4846
:10200000CDE90051792113F083FDFF233B481A46A7
:10201000194613F0B9FC0121384813F03DFC0223A6
:102020002A464FF4C8713548009513F0AFFEFF21E2
:10203000324813F095FBA021304813F083F80921B2
:102040002E4813F029FC18212C4813F003F83C49C2
:102050002A4813F039F880222B4640F2A71127486E
:10206000009513F093FE9E222B464FF4EF71234808
:10207000009513F08BFEFF2320481A46194613F0F3
:1020800083FC304A1B2340F2BF111C48CDE900629B
:102090008E2213F0EBFCFF21184813F061FBA02106
:1020A000164813F04FF80921144813F0F5FB1921D5
:1020B000124812F0CFFF2249104813F005F8802291
:1020C0002B4629460D48009513F060FE9E222B46B4
:1020D00037210A48009513F059FEFF2307481A4696
:1020E000194613F051FC184A1B231D210348CDE962
:1020F00000628E2213F0BAFCDE2327E0209D002030
:10210000648E0020240A0020B40700202C0A00203E
:10211000500A0020700A0020940A002080C7002086
:102120009407002090C7002010C70020A0070020BF
:102130002CC70020A8070020A0C700208CCA0020C0
:10214000D9D9D90040080020AC0700203A481A46E7
:10215000194613F019FC1A21374812F07BFF4FF48F
:102160007071354813F02CF80221334813F094FBBA
:102170004FF491722B46F0212F48009513F006FE84
:10218000FF232D481A46194613F0FEFB2B491B234B
:10219000FF222948CDE90061F02113F067FC2648B1
:1021A00013F0AAFD94F82030192B3FD01A2B2ED013
:1021B000182B02D1224B0B221A6003B0F0BDCDE9DF
:1021C00000511D481B2113F0A3FCC0E61AF040FC8F
:1021D000092828607FF789AE1A2306220421CDE959
:1021E0000060204613F094FC91E6CDE90052612195
:1021F0000622114813F08CFCF2E600201A23062276
:10220000CDE900014B210C4813F082FCC8E60C4BD1
:102210000A221A6003B0F0BD0A481A230622CDE94B
:1022200000102B21044813F021FCA2E6044B0122EC
:102230001A6003B0F0BD00BF209D002048080020B8
:1022400034C8002098070020F0B5CC4883B014F0C3
:1022500049F8CB4DC94812F0ABF932201CF0D8F840
:102260002B68142B09D80024013401201CF0D0F86D
:102270002B68192C01D0142BF6D9C04C00264FF432
:10228000C065204612F05CF9FF2320461A46194625
:1022900012F0D4FF204612F035FE4FF4A071204614
:1022A00012F050FF0921204613F0F6FAB5492046F6
:1022B00012F00AFF41225F2133462046009613F0B8
:1022C00065FDEB22334640F281112046009613F063
:1022D0005DFD772379227C21204613F055FBAA4A25
:1022E0001B23F0212046CDE90052412213F0BEFB12
:1022F000A64A1B23F0212046CDE900525C2213F0B0
:10230000B5FBA34A1B23F0212046CDE900527522DC
:1023100013F0ACFB9F4A1B23F0212046CDE900526D
:102320008E2213F0A3FB9C4A1B23F0212046CDE90B
:102330000052A72213F09AFB984A1B23F021204653
:10234000CDE90052C02213F091FB954A1B23F021E6
:102350002046CDE90052D92213F088FB914A1B2375
:10236000F0212046CDE900528F4DF22213F07EFB82
:102370002B68002B40F0F38000261A23062204214C
:102380007E48CDE9006613F0C3FB29681A230622B4
:102390007A48CDE900610E2113F0BAFB834900258C
:1023A000834E1A2306227548CDE90051172113F0F8
:1023B0005DFB31681A230622092900F3C9801C211C
:1023C0006E48CDE9005513F0A3FB31681A230622AD
:1023D0006A48CDE90051252113F09AFB1AF058FB09
:1023E00020B1744B1968002900F0F6807248002172
:1023F0001A230622CDE900102B21604813F036FB8A
:102400006E4D2968092900F3998000261A230622B7
:102410004B215A48CDE9006613F07AFB29681A234C
:1024200006225648CDE90061552113F071FB644E38
:102430000025644F1A2306225D215048CDE900563D
:1024400013F014FB3A681A23092A6FDC0622632171
:102450004A48CDE9005513F05BFB3A681A236B211B
:102460004648CDE90052062213F052FB00251A23FC
:10247000062273214148CDE9005613F0F7FA52497C
:102480001A23062209683D48CDE90051792113F04D
:102490003FFBFF2339481A46194613F075FA01210C
:1024A000364813F0F9F902232A464FF4C87133482D
:1024B000009513F06BFCA021304812F043FE092177
:1024C0002E4813F0E9F91C212C4812F0C3FD3F49B6
:1024D0002A4812F0F9FD80222B462946274800950C
:1024E00013F054FC9E222B4637212448009513F00C
:1024F0004DFCFF2321481A46194613F045FA34488B
:102500004FF4C0611B238E22CDE900101D211B4812
:1025100013F0ACFA194813F0EFFB94F820301C2BA1
:1025200002D12C4B09221A6003B0F0BDCDE9005254
:1025300061210622114813F0EBFA97E700201A23D5
:102540000622CDE900014B210C4813F0E1FA6EE7B9
:10255000CDE9005109481B2113F0DAFA3EE71AF0E1
:1025600077FA092828607FF707AF1A23062204218B
:10257000CDE90060204613F0CBFA0FE7209D002044
:10258000648E0020F2F2F200AC0A0020D40A00208F
:10259000FC0A0020280B00204C0B0020740B0020AC
:1025A0009C0B0020BC0B002080C70020940700205B
:1025B00090C7002010C70020A00700202CC70020D3
:1025C000A8070020A0C700208CCA0020D9D9D900B4
:1025D000AC07002034C8002004481A230622CDE9A5
:1025E00000102B21024813F041FA09E79807002058
:1025F000209D0020F0B5C94883B013F073FEC84D8C
:10260000C64811F0D5FF32201BF002FF2B68142BB7
:1026100009D80024013401201BF0FAFE2B68192C84
:1026200001D0142BF6D9BD4EBE4C304611F088FFB8
:10263000FF2330461A46194612F000FE304612F0CB
:1026400061FC772379227C21304613F09DF92368C1
:10265000002B40F0888200251A23FC2240F243110F
:10266000AE48CDE9005513F053FA21681A23FC2235
:10267000AA48CDE900514FF4A67113F049FAAA49CE
:102680000024AA4D1A23FC22A448CDE9004140F2BF
:10269000551113F0EBF929681A23FC22092900F3DC
:1026A0005A8240F259119D48CDE9004413F030FAA6
:1026B00029681A23FC229948CDE900414FF4B171F1
:1026C00013F026FA1AF0E4F920B1994B19680029A1
:1026D00000F05A82974800211A23FC22CDE900100D
:1026E00040F269118D4813F0C1F9934C2168092912
:1026F00000F3268200251A23FC2240F28B11874822
:10270000CDE9005513F004FA21681A23FC2283480E
:10271000CDE9005140F2931113F0FAF9874D0024EE
:10272000874F1A23FC2240F29B117C48CDE90045DB
:1027300013F09CF93A681A23092A00F3F881FC2265
:1027400040F2A1117548CDE9004413F0E1F93A686F
:102750001A2340F2A9117148CDE90042FC2213F07E
:10276000D7F900241A23FC2240F2B1116B48CDE9BD
:10277000004513F07BF973491A23FC2209684FF4D2
:10278000C0656648CDE9004140F2B71113F0C0F9C9
:10279000FF2362481A46194613F0F6F801215F48F4
:1027A00013F07AF8224602234FF4C8715B48009474
:1027B00013F0ECFA4FF4A071584812F0C3FC092151
:1027C000564813F069F86049544812F07DFC2346DE
:1027D000502241215148009413F0D8FA2346C822D0
:1027E000F7214E48009413F0D1FA772379227C2107
:1027F0004A4813F0C9F8554A18239B214748CDE9A8
:102800000052532213F032F9514A1B23A4214348AA
:10281000CDE90052732213F029F94E4A1B23A4215B
:102820003E48CDE900528C2213F020F94A4A182381
:1028300083213A48CDE90052AC2213F017F94749F9
:10284000364812F041FC464A1A2347213348CDE965
:102850000052CC2213F00AF94249304812F034FCFD
:10286000414A1A2375212D48CDE90052CC2213F09C
:10287000FDF83A49294812F027FC3C4A1A23A821BE
:102880002648CDE90052CC2213F0F0F83549234810
:1028900012F01AFC364A1A23E4212048CDE90052EE
:1028A000CC2213F0E3F8772379227C211B4813F024
:1028B0006BF8304A1B234FF4B8711848CDE9005229
:1028C000642213F0D3F82C49144812F0FDFB1F21A9
:1028D000124812F0BFFB4FF43471104812F070FC34
:1028E00002210E4812F0D8FF2346A3224FF49F7115
:1028F0000A48009413F04AFAFF2308481A4619467A
:1029000013F042F81D4A1B234FF49F710348CDE991
:1029100000528E2213F0AAF832E000BF209D002062
:10292000648E002080C700209407002090C70020FC
:1029300010C70020A00700202CC70020A8070020F7
:10294000A0C700208CCA0020F2F2F2005809002033
:1029500064090020740900208809002058D75A0013
:10296000E40B0020585FD700EC0B0020F80B002090
:10297000000C00209C090020D9D9D900B4090020FE
:10298000904A1B234FF49F718F48CDE90052A1223A
:1029900013F06CF88D4A1B234FF49F718A48CDE9E0
:1029A0000052B42213F062F88949874812F08CFB78
:1029B0002021854812F04EFB4FF43471824812F00A
:1029C000FFFB0221804812F067FF2346A32240F25A
:1029D0009F117D48009413F0D9F9FF237A481A46D5
:1029E000194612F0D1FF7B4A1B2340F29F11764813
:1029F000CDE90052932213F039F8774A1B2340F2B5
:102A00009F117148CDE90052AA2213F02FF8A0219E
:102A10006D4812F097FB09216B4812F03DFF1C2115
:102A2000694812F017FB6A49674812F04DFB04220F
:102A3000234665481146009413F0A8F92346232243
:102A400037216148009413F0A1F9FF235E481A462C
:102A5000194612F099FF614A1B231F215A48CDE9FC
:102A60000052142213F002F8A021574812F06AFB1A
:102A70000921554812F010FF1721534812F0EAFAC5
:102A80005349514812F020FB2346EB2204214E48C3
:102A9000009413F07BF923464FF4857237214A489E
:102AA000009413F073F9FF2347481A46194612F0B1
:102AB0006BFF4B491B23F02243484A4CCDE90051A0
:102AC0001E2112F0D3FF48491B2340F201123E4859
:102AD000CDE900511E2112F0C9FF3B4813F00CF95B
:102AE00042490020012296F8203008604049173BF7
:102AF000226007240A6066213E4A3F481160402157
:102B00003E4A04603324116096213D483D4A0460EA
:102B10001160092B09D8DFE803F050080808080500
:102B200008084742384B09221A6003B0F0BDCDE9CE
:102B3000004240F29F11FC22234812F0E9FF10E608
:102B400000201A23FC22CDE9000140F289111E4821
:102B500012F0DEFFE2E5CDE900411B4840F25911D9
:102B600012F0D6FFAEE519F073FF092820607FF759
:102B700072AD00211A23FC22CDE900104FF4A1719F
:102B8000304612F0C5FF7AE520481A23FC22CDE931
:102B9000001040F269110C4812F068FFA5E51A4BCD
:102BA0000D221A6003B0F0BD194A0C20194B1649CA
:102BB000126808601A6003B0F0BD134B01221A605E
:102BC00003B0F0BDBC090020209D0020C4090020F6
:102BD000D9D9D900D0090020D8090020AC0700209D
:102BE000E409002038CA0020EC0900207CCA00203B
:102BF00040CA00204891002044910020F892002013
:102C00004C910020FC92002034C80020980700203E
:102C100048CA002044C70020F0B5B54883B013F07F
:102C200061FBB44DB24811F0C3FC32201BF0F0FB45
:102C30002B68142B09D80024013401201BF0E8FB79
:102C40002B68192C01D0142BF6D9A94DAA4C284673
:102C500011F076FCFF2328461A46194612F0EEFAC8
:102C6000284612F04FF9772379227C21284612F06A
:102C70008BFE2368002B40F0218100261A230622B8
:102C800004219B48CDE9006612F042FF21681A2317
:102C900006229748CDE900610E2112F039FF9749CD
:102CA0000024974E1A2306229148CDE900411721AE
:102CB00012F0DCFE31681A230622092900F3F7809E
:102CC0001C218B48CDE9004412F022FF31681A2301
:102CD00006228748CDE90041252112F019FF19F09D
:102CE000D7FE20B1874B1968002900F0F78086488D
:102CF00000211A230622CDE900102B217C4812F076
:102D0000B5FE824C2168092900F3C78000261A23EA
:102D100006224B217648CDE9006612F0F9FE2168C3
:102D20001A2306227248CDE90061552112F0F0FE07
:102D3000774E0024774F1A2306225D216C48CDE997
:102D4000004612F093FE3A681A23092A00F39D8088
:102D5000062263216648CDE9004412F0D9FE3A68A4
:102D60001A236B216248CDE90042062212F0D0FE00
:102D700000241A23062273215D48CDE9004612F093
:102D800075FE65491A23062209684FF4C066584843
:102D9000CDE90041792112F0BBFE4FF4A0715448F7
:102DA00012F0D0F90921524812F076FD5B495048E3
:102DB00012F08AF96422234650214D48009412F003
:102DC000E5FF962223464FF4C8714948009412F05B
:102DD000DDFF772379227C21454812F0D5FD504A4A
:102DE0001D23F0214248CDE900627D2212F03EFE13
:102DF000FF233F481A46194612F0C6FD01213C4800
:102E000012F04AFD022322464FF4C871384800945C
:102E100012F0BCFF4FF4A071354812F093F909216C
:102E2000334812F039FD2321314812F013F93D499E
:102E30002F4812F049F9D1222346D2212C48009480
:102E400012F0A4FFD42223464FF48771284800943F
:102E500012F09CFFFF2326481A46194612F094FDF3
:102E600031491B23D3222248CDE90061F02112F021
:102E7000FDFD1F4812F040FF95F82030232B02D1B2
:102E80002A4B0F221A6003B0F0BDCDE90042612148
:102E90000622174812F03CFE6AE700201A23062299
:102EA000CDE900014B21124812F032FE40E7CDE996
:102EB00000410F481B2112F02BFE10E719F0C8FD4E
:102EC000092820607FF7D9AE00211A230622CDE918
:102ED00000100421284612F01BFEE0E614481A23D5
:102EE0000622CDE900102B21014812F0BFFD08E7B2
:102EF000209D0020648E002080C7002094070020C1
:102F000090C7002010C70020A00700202CC7002079
:102F1000A8070020A0C700208CCA0020F2F2F2000F
:102F2000F4090020D9D9D900180A002034C800209B
:102F300098070020F0B5CF4883B013F0D3F9CE4DF9
:102F4000CC4811F035FB32201BF062FA2B68142BB1
:102F500009D80024013401201BF05AFA2B68192CDF
:102F600001D0142BF6D9C34C00264FF4C065C34FD3
:102F7000204611F0E5FAFF2320461A46194612F0C2
:102F80005DF9204611F0BEFF4FF4AA61204612F011
:102F900017F90221204612F07FFC5A21204612F038
:102FA000DFFBD92320461A46194612F0EDFC3346C2
:102FB0003246F0212046009612F0E8FEFF2120461E
:102FC00012F0CEFB772379227C21204612F0DCFC24
:102FD0001E23AB4AF0212046CDE900521A4612F0DA
:102FE00045FD1E234122F0212046CDE9005712F075
:102FF0003DFD772379227C21204612F0C5FC172362
:1030000073229B212046CDE9005712F02FFD9D4AE7
:103010001B234FF487712046CDE90052732212F032
:1030200025FD994A1B23F0212046CDE900528C2230
:1030300012F01CFD954A1B23F0212046CDE90052D9
:10304000A52212F013FD924A1B23F0212046CDE960
:103050000052904DBE2212F009FD2B68002B40F06B
:10306000718100261A23062204218248CDE90066D8
:1030700012F04EFD29681A2306227E48CDE9006130
:103080000E2112F045FD84490025844E1A230622A4
:103090007848CDE90051172112F0E8FC31681A2375
:1030A0000622092900F347811C217248CDE9005509
:1030B00012F02EFD31681A2306226E48CDE9005128
:1030C000252112F025FD19F0E3FC20B1744B19689D
:1030D000002900F05D81734800211A230622CDE902
:1030E00000102B21634812F0C1FC6F4D296809299B
:1030F00000F33F8100261A2306224B215D48CDE9CB
:10310000006612F005FD29681A2306225948CDE908
:103110000061552112F0FCFC644E0025644F1A2317
:1031200006225D215348CDE9005612F09FFC3A6813
:103130001A23092A00F31581062263214D48CDE99F
:10314000005512F0E5FC3A681A236B214948CDE995
:103150000052062212F0DCFC00251A2306227321FD
:103160004448CDE9005612F081FC52491A23062248
:1031700009684FF4C0663F48CDE90051792112F04B
:10318000C7FCFF233B481A46194612F0FDFB0121FC
:10319000384812F081FB03232A464FF4C8713548A2
:1031A000009512F0F3FDFF21324812F0D9FAA02168
:1031B000304811F0C7FF09212E4812F06DFB27217E
:1031C0002C4811F047FF3C492A4811F07DFF80222E
:1031D0002B4629462748009512F0D8FD9E222B4603
:1031E00037212448009512F0D1FDFF2321481A46CB
:1031F000194612F0C9FB314A1B231D211D48CDE998
:1032000000628E2212F032FCFF211A4812F0A8FA56
:10321000A021184811F096FF0921164812F03CFB36
:103220002621144811F016FF2349124811F04CFFD3
:1032300080222B4640F2A7110E48009512F0A6FD01
:103240009E222B464FF4EF710A48009512F09EFD26
:10325000FF2308481A46194612F096FB184A1B230A
:1032600040F2BF110348CDE900628E2212F0FEFB4E
:10327000DE2327E0209D0020648E00200C0C00201F
:10328000B4070020CC070020140C0020400C0020C4
:10329000600C002080C700209407002090C7002009
:1032A00010C70020A00700202CC70020A80700207E
:1032B000A0C700208CCA0020D9D9D900AC070020B3
:1032C000400800203A481A46194612F05DFB2821B2
:1032D000374811F0BFFE4FF47071354811F070FFA0
:1032E0000221334812F0D8FA4FF491722B46F021A4
:1032F0002F48009512F04AFDFF232D481A46194623
:1033000012F042FB2B491B23FF222948CDE9006123
:10331000F02112F0ABFB264812F0EEFC94F82030BE
:10332000272B3FD0282B2ED0262B02D1224B122226
:103330001A6003B0F0BDCDE900511D481B2112F009
:10334000E7FBC0E619F084FB092828607FF789AE07
:103350001A2306220421CDE90060204612F0D8FB92
:1033600091E6CDE9005261210622114812F0D0FB0E
:10337000F2E600201A230622CDE900014B210C4879
:1033800012F0C6FBC8E60C4B11221A6003B0F0BD68
:103390000A481A230622CDE900102B21044812F016
:1033A00065FBA2E6044B01221A6003B0F0BD00BF2A
:1033B000209D00204808002034C8002098070020E5
:1033C000F0B5C84883B012F08DFFC74DC54811F065
:1033D000EFF832201BF01CF82B68142B09D80024BE
:1033E000013401201BF014F82B68192C01D0142B88
:1033F000F6D9BC4C00264FF4C065204611F0A0F869
:10340000FF2320461A46194611F018FF204611F0F6
:1034100079FD4FF4A071204611F094FE0921204659
:1034200012F03AFAB149204611F04EFE41225F21D6
:1034300033462046009612F0A9FCDC22334640F2C7
:1034400081112046009612F0A1FC772379227C217D
:10345000204612F099FAA64A1B23F0212046CDE916
:103460000052452212F002FBA24A1B23F021204603
:10347000CDE900525B2212F0F9FA9F4A1B23F0219A
:103480002046CDE90052722212F0F0FA9B4A1B232B
:10349000F0212046CDE90052892212F0E7FA984A3D
:1034A0001B23F0212046CDE900529F2212F0DEFAC4
:1034B000944A1B23F0212046CDE90052B32212F09A
:1034C000D5FA914A1B23F0212046CDE900528F4DB9
:1034D000C92212F0CBFA2B68002B40F0F3800026B3
:1034E0001A23062204217F48CDE9006612F010FB62
:1034F00029681A2306227B48CDE900610E2112F0CB
:1035000007FB83490025834E1A2306227548CDE91F
:103510000051172112F0AAFA31681A23062209294C
:1035200000F3C9801C216F48CDE9005512F0F0FA74
:1035300031681A2306226B48CDE90051252112F08B
:10354000E7FA19F0A5FA20B1734B1968002900F0C9
:10355000F580724800211A230622CDE900102B21A4
:10356000604812F083FA6E4D2968092900F39980AA
:1035700000261A2306224B215A48CDE9006612F094
:10358000C7FA29681A2306225648CDE90061552159
:1035900012F0BEFA634E0025634F1A2306225D2106
:1035A0005048CDE9005612F061FA3A681A23092A08
:1035B0006FDC062263214B48CDE9005512F0A8FAD2
:1035C0003A681A236B214748CDE90052062212F0CF
:1035D0009FFA00251A23062273214248CDE900569E
:1035E00012F044FA51491A23062209683D48CDE9F0
:1035F0000051792112F08CFAFF233A481A461946F5
:1036000012F0C2F90121374812F046F903232A4685
:103610004FF4C8713348009512F0B8FBA02131482F
:1036200011F090FD09212F4812F036F92A212D487A
:1036300011F010FD3E492B4811F046FD80222B462B
:1036400029462848009512F0A1FB9E222B463721DF
:103650002448009512F09AFBFF2322481A46194687
:1036600012F092F933484FF4C0611B238E22CDE94A
:1036700000101D211B4812F0F9F91A4812F03CFB0A
:1036800094F820302A2B02D12B4B10221A6003B061
:10369000F0BDCDE9005261210622124812F038FA3D
:1036A00097E700201A230622CDE900014B210D489F
:1036B00012F02EFA6EE7CDE900510A481B2112F0F4
:1036C00027FA3EE719F0C4F9092828607FF707AF09
:1036D0001A2306220421CDE90060204612F018FAD0
:1036E0000FE700BF209D0020648E0020F2F2F20060
:1036F000740C0020A00C0020C40C0020E80C00205A
:103700000C0D0020300D0020580D002080C7002037
:103710009407002090C7002010C70020A0070020B9
:103720002CC70020A8070020A0C700208CCA0020BA
:10373000D9D9D900AC07002034C8002004481A2386
:103740000622CDE900102B21024812F08FF90AE77A
:1037500098070020209D0020F0B5CA4883B012F0E1
:10376000C1FDC94DC74810F023FF32201AF050FEAA
:103770002B68142B09D80024013401201AF048FECC
:103780002B68192C01D0142BF6D9BE4EBF4C3046F5
:1037900010F0D6FEFF2330461A46194611F04EFDB2
:1037A000304611F0AFFB772379227C21304612F0AE
:1037B000EBF82368002B40F04B8200251A23FC22F3
:1037C00040F24311AF48CDE9005512F0A1F921684C
:1037D0001A23FC22AB48CDE900514FF4A67112F038
:1037E00097F9AB490024AB4D1A23FC22A548CDE93B
:1037F000004140F2551112F039F929681A23FC22D0
:10380000092900F31D8240F259119E48CDE9004478
:1038100012F07EF929681A23FC229A48CDE900416A
:103820004FF4B17112F074F919F032F920B19A4BDA
:103830001968002900F01D82984800211A23FC22F3
:10384000CDE9001040F269118E4812F00FF9944C46
:103850002168092900F3E98100251A23FC2240F29E
:103860008B118848CDE9005512F052F921681A23CE
:10387000FC228448CDE9005140F2931112F048F93E
:10388000884D0024884F1A23FC2240F29B117D486A
:10389000CDE9004512F0EAF83A681A23092A00F344
:1038A000BB81FC2240F2A1117648CDE9004412F020
:1038B0002FF93A681A2340F2A9117248CDE9004263
:1038C000FC2212F025F900241A23FC2240F2B11147
:1038D0006C48CDE9004512F0C9F874491A23FC225E
:1038E00009684FF4C0656748CDE9004140F2B7115F
:1038F00012F00EF94FF4A071624811F023FC092177
:10390000604811F0C9FF6A495E4811F0DDFB5022A2
:1039100023465C481146009412F038FA2346C82228
:10392000EB215848009412F031FAFF2355481A460B
:10393000194612F029F80121524811F0ADFF224634
:1039400003234FF4C8714F48009412F01FFA7723F5
:1039500079227C214B4812F017F8564A18239B21F4
:103960004848CDE90052532212F080F8524A1B23F6
:10397000A4214448CDE90052732212F077F84F4A4F
:10398000182383213F48CDE90052AC2212F06EF893
:103990004B493C4811F098FB4A4A1B238F21394878
:1039A000CDE90052CC2212F061F8772379227C21F4
:1039B000344811F0E9FF444A1B234FF4B8713148F1
:1039C000CDE900525A2212F051F840492D4811F029
:1039D0007BFB2D212B4811F03DFB4FF4347129481E
:1039E00011F0EEFB0221274811F056FF2346A322D7
:1039F0004FF49F712348009412F0C8F9FF23214827
:103A00001A46194611F0C0FF314A1B234FF49F712B
:103A10001C48CDE900528E2212F028F82D4A1B23B3
:103A20004FF49F711748CDE90052A12212F01EF801
:103A3000294A1B234FF49F711248CDE90052B4224A
:103A400012F014F821490F4811F03EFB2E210D48C9
:103A500011F000FB4FF434710A4811F0B1FB022160
:103A6000084811F019FF2346A32240F29F11054890
:103A7000009412F08BF9FF2302481A46194611F000
:103A800083FF2BE0209D0020648E002080C7002053
:103A90009407002090C7002010C70020A007002036
:103AA0002CC70020A8070020A0C700208CCA002037
:103AB000F2F2F20058090020800D00208809002051
:103AC00058D75A00900900209C090020D9D9D90064
:103AD000B4090020BC090020C4090020744A1B233B
:103AE00040F29F117348CDE90052932211F0BEFFBE
:103AF000714A1B2340F29F116E48CDE90052AA2261
:103B000011F0B4FFA0216B4811F01CFB092169489A
:103B100011F0C2FE2A21674811F09CFA67496548F6
:103B200011F0D2FA0422234662481146009412F0A2
:103B30002DF92346232237215E48009412F026F9FE
:103B4000FF235C481A46194611F01EFF5C4A1B23EE
:103B50001F215848CDE90052142211F087FFA021FF
:103B6000544811F0EFFA0921524811F095FE17213F
:103B7000504811F06FFA51494E4811F0A5FA23460A
:103B8000EB2204214B48009412F000F923464FF435
:103B9000857237214748009412F0F8F8FF23454812
:103BA0001A46194611F0F0FE464A1B231E214148D1
:103BB000CDE90052F02211F059FF434A1B231E2188
:103BC0003C48CDE9005240F2011211F04FFF394854
:103BD00012F092F83D483E4901220460002496F814
:103BE00020300C603B48173B3B4902600A60172BB2
:103BF00010D8DFE803F0570F0F0F0F0F0F0F0F0F45
:103C00000F0F0F0F0F0F0F0F0F0C0F0F4E49334BEE
:103C100010221A6003B0F0BDCDE9004240F29F11BE
:103C2000FC22244811F074FF4DE600201A23FC22E8
:103C3000CDE9000140F289111E4811F069FF1FE62D
:103C4000CDE900411B4840F2591111F061FFEBE54D
:103C500018F0FEFE092820607FF7AFAD00211A237F
:103C6000FC22CDE900104FF4A171304611F050FF55
:103C7000B7E51B481A23FC22CDE9001040F2691178
:103C80000C4811F0F3FEE2E5144B14221A6003B065
:103C9000F0BD144A1320144B1049126808601A60D2
:103CA00003B0F0BD0D4B01221A6003B0F0BD00BFA0
:103CB000D0090020209D0020D8090020D9D9D900A2
:103CC000AC070020E4090020EC09002048C80020CF
:103CD0007CCA002038CA002040CA002034C8002016
:103CE0009807002048CA002044C70020F0B5B54816
:103CF00083B012F0F7FAB44DB24810F059FC3220FC
:103D00001AF086FB2B68142B09D8002401340120FB
:103D10001AF07EFB2B68192C01D0142BF6D9A94D73
:103D2000AA4C284610F00CFCFF2328461A461946D8
:103D300011F084FA284611F0E5F8772379227C21E6
:103D4000284611F021FE2368002B40F02181002637
:103D50001A23062204219B48CDE9006611F0D8FE03
:103D600021681A2306229748CDE900610E2111F03F
:103D7000CFFE97490024974E1A2306229148CDE999
:103D80000041172111F072FE31681A230622092919
:103D900000F3F7801C218B48CDE9004411F0B8FEF8
:103DA00031681A2306228748CDE90041252111F008
:103DB000AFFE18F06DFE20B1874B1968002900F0A6
:103DC000F780864800211A230622CDE900102B2116
:103DD0007C4811F04BFE824C2168092900F3C78012
:103DE00000261A2306224B217648CDE9006611F001
:103DF0008FFE21681A2306227248CDE90061552101
:103E000011F086FE774E0024774F1A2306225D219B
:103E10006C48CDE9004611F029FE3A681A23092AB8
:103E200000F39D80062263216648CDE9004411F02D
:103E30006FFE3A681A236B216248CDE900420622E0
:103E400011F066FE00241A23062273215D48CDE995
:103E5000004611F00BFE65491A23062209684FF44B
:103E6000C0665848CDE90041792111F051FE4FF468
:103E7000A071544811F066F90921524811F00CFD67
:103E80005B49504811F020F96422234650214D48E7
:103E9000009411F07BFF962223464FF4C8714948E5
:103EA000009411F073FF772379227C21454811F0AB
:103EB0006BFD504A1D23F0214248CDE900627D226E
:103EC00011F0D4FDFF233F481A46194611F05CFD5E
:103ED00001213C4811F0E0FC032322464FF4C87155
:103EE0003848009411F052FF4FF4A071354811F09A
:103EF00029F90921334811F0CFFCA421314811F0F0
:103F0000A9F83D492F4811F0DFF8D1222346D221EC
:103F10002C48009411F03AFFD42223464FF48771C5
:103F20002848009411F032FFFF2326481A4619460C
:103F300011F02AFD31491B23D3222248CDE900612B
:103F4000F02111F093FD1F4811F0D6FE95F82030B6
:103F5000A42B02D12A4B16221A6003B0F0BDCDE982
:103F6000004261210622174811F0D2FD6AE70020C5
:103F70001A230622CDE900014B21124811F0C8FD99
:103F800040E7CDE900410F481B2111F0C1FD10E7CA
:103F900018F05EFD092820607FF7D9AE00211A23B2
:103FA0000622CDE900100421284611F0B1FDE0E61B
:103FB00014481A230622CDE900102B21014811F0E4
:103FC00055FD08E7209D0020648E002080C700205A
:103FD0009407002090C7002010C70020A0070020F1
:103FE0002CC70020A8070020A0C700208CCA0020F2
:103FF000F2F2F200F4090020D9D9D900180A002001
:1040000034C8002098070020F0B5CF4883B012F0E4
:1040100069F9CE4DCC4810F0CBFA32201AF0F8F9FD
:104020002B68142B09D80024013401201AF0F0F970
:104030002B68192C01D0142BF6D9C34C00264FF451
:10404000C065C34F204610F07BFAFF2320461A4676
:10405000194611F0F3F8204610F054FF4FF4AA610E
:10406000204611F0ADF80221204611F015FC5A212E
:10407000204611F075FBD92320461A46194611F047
:1040800083FC33463246F0212046009611F07EFE36
:10409000FF21204611F064FB772379227C21204602
:1040A00011F072FC1E23AB4AF0212046CDE90052EC
:1040B0001A4611F0DBFC1E234122F0212046CDE9F7
:1040C000005711F0D3FC772379227C21204611F090
:1040D0005BFC172373227B212046CDE9005711F0AA
:1040E000C5FC9D4A1B234FF487712046CDE9005241
:1040F000732211F0BBFC994A1B23F0212046CDE925
:1041000000528C2211F0B2FC954A1B23F02120466C
:10411000CDE90052934DA52211F0A8FC2B68002B8D
:1041200040F0808100261A23062204218648CDE92A
:10413000006611F0EDFC29681A2306228248CDE9B9
:1041400000610E2111F0E4FC87490025874E1A23F7
:1041500006227D48CDE90051172111F087FC316816
:104160001A230622092900F356811C217648CDE93D
:10417000005511F0CDFC31681A2306227248CDE9B2
:104180000051252111F0C4FC18F082FC20B1784BBD
:104190001968002900F06C81764800211A23062254
:1041A000CDE900102B21684811F060FC724D2968A0
:1041B000092900F34E8100261A2306224B2162486A
:1041C000CDE9006611F0A4FC29681A2306225E4896
:1041D000CDE90061552111F09BFC684E0025684F28
:1041E0001A2306225D215848CDE9005611F03EFC05
:1041F0003A681A23092A00F32481062263215248CF
:10420000CDE9005511F084FC3A681A236B214E4821
:10421000CDE90052062211F07BFC00251A2306226C
:1042200073214948CDE9005611F020FC55491A2365
:10423000062209684FF4C0664348CDE90051792150
:1042400011F066FCFF2340481A46194611F09CFB0A
:1042500001213D4811F020FB06232A464FF4C87186
:104260003948009511F092FDFF21374811F078FA96
:10427000A021354810F066FF0921334811F00CFBEE
:10428000A821314810F0E6FE3F492F4810F01CFFEE
:1042900080222B4629462C48009511F077FD9E225E
:1042A0002B4637212848009511F070FDFF23264842
:1042B0001A46194611F068FB344A1B231D21224877
:1042C000CDE900628E2211F0D1FBFF211E4811F0D2
:1042D00047FAA0211C4810F035FF09211A4811F0B7
:1042E000DBFAA721184810F0B5FE2749164810F050
:1042F000EBFE80222B4640F2A7111348009511F0E7
:1043000045FD9E222B464FF4EF710F48009511F0AA
:104310003DFDFF230C481A46194611F035FB1C4A97
:104320001B2340F2BF110848CDE900628E2211F034
:104330009DFBFF21044811F013FAA021024810F060
:1043400001FF092126E000BF209D0020648E00208F
:10435000940D0020B40700209C0D0020C00D00200B
:104360002008002080C700209407002090C700206C
:1043700010C70020A00700202CC70020A80700209D
:10438000A0C700208CCA0020D9D9D900AC070020D2
:10439000400800203E4811F07FFADE233C481A46D0
:1043A000194611F0F1FAA921394810F053FE4FF4E3
:1043B0007071374810F004FF0221354811F06CFA93
:1043C0004FF491722B46F0213148009511F0DEFC3C
:1043D000FF232F481A46194611F0D6FA2D491B2300
:1043E000FF222B48CDE90061F02111F03FFB284866
:1043F00011F082FC94F82030A82B43D0A92B32D0A6
:10440000A72B06D1244A1920244B2549126808609D
:104410001A6003B0F0BDCDE900511D481B2111F019
:1044200077FBB1E618F014FB092828607FF77AAE15
:104430001A2306220421CDE90060204611F068FB12
:1044400082E6CDE9005261210622114811F060FB9D
:10445000E3E600201A230622CDE900014B210C4897
:1044600011F056FBB9E60E4B18221A6003B0F0BDEE
:104470000C481A230622CDE900102B21044811F024
:10448000F5FA93E6064B01221A6003B0F0BD00BFB7
:10449000209D00204808002048CA002044C7002072
:1044A00034C8002098070020F0B5C84883B011F048
:1044B00019FFC74DC54810F07BF8322019F0A8FF4E
:1044C0002B68142B09D800240134012019F0A0FF17
:1044D0002B68192C01D0142BF6D9BC4C00264FF4B4
:1044E000C065204610F02CF8FF2320461A461946D6
:1044F00010F0A4FE204610F005FD4FF4A0712046F8
:1045000010F020FE0921204611F0C6F9B1492046DD
:1045100010F0DAFD46225D2133462046009611F068
:1045200035FCEB22334640F283112046009611F011
:104530002DFC772379227C21204611F025FAA64A0A
:104540001B23F0212046CDE90052532211F08EFAB0
:10455000A24A1B23F0212046CDE900526E2211F021
:1045600085FA9F4A1B23F0212046CDE9005287227D
:1045700011F07CFA9B4A1B23F0212046CDE9005222
:10458000A02211F073FA984A1B23F0212046CDE9AE
:104590000052B92211F06AFA944A1B23F0212046F6
:1045A000CDE90052D22211F061FA914A1B23F02189
:1045B0002046CDE900528F4DEB2211F057FA2B68BF
:1045C000002B40F0F38000261A23062204217F48A6
:1045D000CDE9006611F09CFA29681A2306227B486F
:1045E000CDE900610E2111F093FA83490025834E35
:1045F0001A2306227548CDE90051172111F036FA29
:1046000031681A230622092900F3C9801C216F484A
:10461000CDE9005511F07CFA31681A2306226B4867
:10462000CDE90051252111F073FA18F031FA20B1CB
:10463000734B1968002900F0F580724800211A2395
:104640000622CDE900102B21604811F00FFA6E4DC3
:104650002968092900F3998000261A2306224B2194
:104660005A48CDE9006611F053FA29681A23062248
:104670005648CDE90061552111F04AFA634E0025F4
:10468000634F1A2306225D215048CDE9005611F0F0
:10469000EDF93A681A23092A6FDC062263214B4898
:1046A000CDE9005511F034FA3A681A236B214748D6
:1046B000CDE90052062211F02BFA00251A2306221A
:1046C00073214248CDE9005611F0D0F951491A231F
:1046D000062209683D48CDE90051792111F018FA08
:1046E000FF233A481A46194611F04EF9012137487E
:1046F00011F0D2F806232A464FF4C87133480095CA
:1047000011F044FBA021314810F01CFD09212F4875
:1047100011F0C2F8AB212D4810F09CFC3E492B480B
:1047200010F0D2FC80222B4629462848009511F033
:104730002DFB9E222B4637212448009511F026FBA5
:10474000FF2322481A46194611F01EF933484FF448
:10475000C0611B238E22CDE900101D211B4811F0E2
:1047600085F91A4811F0C8FA94F82030AB2B02D121
:104770002B4B17221A6003B0F0BDCDE90052612126
:104780000622124811F0C4F997E700201A230622E6
:10479000CDE900014B210D4811F0BAF96EE7CDE9E2
:1047A00000510A481B2111F0B3F93EE718F050F907
:1047B000092828607FF707AF1A2306220421CDE9D4
:1047C0000060204611F0A4F90FE700BF209D0020F3
:1047D000648E0020F2F2F20050080020E80D002064
:1047E000140E0020380E00205C0E0020840E0020E5
:1047F000B00E002080C700209407002090C7002042
:1048000010C70020A00700202CC70020A807002008
:10481000A0C700208CCA0020D9D9D900AC0700203D
:1048200034C8002004481A230622CDE900102B21A9
:10483000024811F01BF90AE798070020209D00208C
:10484000F0B5CA4883B011F04DFDC94DC7480FF00F
:10485000AFFE322019F0DCFD2B68142B09D80024A0
:104860000134012019F0D4FD2B68192C01D0142B30
:10487000F6D9BE4EBF4C30460FF062FEFF233046E5
:104880001A46194610F0DAFC304610F03BFB77234D
:1048900079227C21304611F077F82368002B40F014
:1048A0003B8200251A23FC2240F24311AF48CDE998
:1048B000005511F02DF921681A23FC22AB48CDE9EF
:1048C00000514FF4A67111F023F9AB490024AB4D10
:1048D0001A23FC22A548CDE9004140F2551111F000
:1048E000C5F829681A23FC22092900F30D8240F239
:1048F00059119E48CDE9004411F00AF929681A239C
:10490000FC229A48CDE900414FF4B17111F000F951
:1049100018F0BEF820B19A4B1968002900F02882DF
:10492000984800211A23FC22CDE9001040F26911B9
:104930008E4811F09BF8944C2168092900F30682F7
:1049400000251A23FC2240F28B118848CDE900553E
:1049500011F0DEF821681A23FC228448CDE90051C9
:1049600040F2931111F0D4F8884D0024884F1A2397
:10497000FC2240F29B117D48CDE9004511F076F80C
:104980003A681A23092A00F3D881FC2240F2A111C7
:104990007648CDE9004411F0BBF83A681A2340F29A
:1049A000A9117248CDE90042FC2211F0B1F80024AF
:1049B0001A23FC2240F2B1116C48CDE9004511F0F8
:1049C00055F874491A23FC2209684FF4C0656748FA
:1049D000CDE9004140F2B71111F09AF8FF23634886
:1049E0001A46194610F0D0FF0121604810F054FF1C
:1049F000224606234FF4C8715C48009411F0C6F9B2
:104A00004FF4A071594810F09DFB0921574810F050
:104A100043FF6149554810F057FB50222346534845
:104A20001146009411F0B2F92346C822EB214F48F9
:104A3000009411F0ABF9772379227C214B4810F0D8
:104A4000A3FF564A18239B214848CDE90052532220
:104A500011F00CF8524A1B23A4214448CDE900521E
:104A6000732211F003F84F4A1B23A4213F48CDE9DC
:104A700000528C2210F0FAFF4B4A182383213B4846
:104A8000CDE90052AC2210F0F1FF4849374810F050
:104A90001BFB474A1B238F213448CDE90052CC220F
:104AA00010F0E4FF772379227C21304810F06CFF6E
:104AB000404A1B234FF4B8712C48CDE900525A22CA
:104AC00010F0D4FF3C49294810F0FEFA3B2127485A
:104AD00010F0C0FA4FF43471244810F071FB022139
:104AE000224810F0D9FE2346A3224FF49F711F489D
:104AF000009411F04BF9FF231C481A46194610F098
:104B000043FF2E4A1B234FF49F711848CDE90052F2
:104B10008E2210F0ABFF2A4A1B234FF49F711348DB
:104B2000CDE90052A12210F0A1FF264A1B234FF429
:104B30009F710E48CDE90052B42210F097FF1E4934
:104B40000A4810F0C1FA3C21084810F083FA4FF4EB
:104B50003471064810F034FB0221044810F09CFE2A
:104B60002346A32240F29F112EE000BF209D00208B
:104B7000648E002080C700209407002090C700208A
:104B800010C70020A00700202CC70020A807002085
:104B9000A0C700208CCA0020F2F2F20058090020C1
:104BA00064090020740900208809002058D75A00A1
:104BB000900900209C090020D9D9D900B40900200F
:104BC000BC090020C40900207348009411F0DEF8ED
:104BD000FF2371481A46194610F0D6FE6F4A1B2370
:104BE00040F29F116C48CDE90052932210F03EFF35
:104BF0006B4A1B2340F29F116748CDE90052AA225D
:104C000010F034FFA021644810F09CFA092162489A
:104C100010F042FEAB21604810F01CFA61495E487A
:104C200010F052FA042223465B481146009411F01A
:104C3000ADF82346232237215748009411F0A6F8F7
:104C4000FF2355481A46194610F09EFE564A1B236C
:104C50001F215148CDE90052142210F007FFA02176
:104C60004D4810F06FFA09214B4810F015FE17213E
:104C7000494810F0EFF94B49474810F025FA234610
:104C8000EB2204214448009411F080F823464FF4AD
:104C9000857237214048009411F078F8FF233E4890
:104CA0001A46194610F070FE404A1B231E213A484E
:104CB000CDE90052F02210F0D9FE3D4A1B231E21FF
:104CC0003548CDE9005240F2011210F0CFFE3248D3
:104CD00011F012F837483849012304600C600024B1
:104CE000364996F820200C6035483C2A3549036047
:104CF0000B604CD035D8172A45D03B2A02D1324B15
:104D00001A221A6003B0F0BDCDE90041224840F2FA
:104D1000591110F0FDFEFBE517F09AFE09282060FE
:104D20007FF7BFAD00211A23FC22CDE900104FF41C
:104D3000A171304610F0ECFEC7E5CDE9004240F22B
:104D40009F11FC22144810F0E3FE30E600201A23E5
:104D5000FC22CDE9000140F289110F4810F0D8FE85
:104D600002E6AB2ACED1184B17221A6003B0F0BD71
:104D700016481A23FC22CDE9001040F269110648BA
:104D800010F074FED7E5104A136003B0F0BD0E4B6F
:104D90001B221A6003B0F0BD209D0020D009002026
:104DA000D8090020D9D9D900AC070020E409002097
:104DB000EC09002040C800203CC800207CCA00202C
:104DC00038CA002040CA002034C8002098070020BC
:104DD000F0B5B54883B011F085FAB44DB2480FF084
:104DE000E7FB322019F014FB2B68142B09D80024A0
:104DF0000134012019F00CFB2B68192C01D0142B65
:104E0000F6D9A94DAA4C28460FF09AFBFF23284655
:104E10001A46194610F012FA284610F073F8772354
:104E200079227C21284610F0AFFD2368002B40F04A
:104E3000218100261A23062204219B48CDE9006621
:104E400010F066FE21681A2306229748CDE900611A
:104E50000E2110F05DFE97490024974E1A2306227A
:104E60009148CDE90041172110F000FE31681A2366
:104E70000622092900F3F7801C218B48CDE9004464
:104E800010F046FE31681A2306228748CDE900411A
:104E9000252110F03DFE17F0FBFD20B1874B19686E
:104EA000002900F0F780864800211A230622CDE968
:104EB00000102B217C4810F0D9FD824C2168092973
:104EC00000F3C78000261A2306224B217648CDE93D
:104ED000006610F01DFE21681A2306227248CDE9F3
:104EE0000061552110F014FE774E0024774F1A23ED
:104EF00006225D216C48CDE9004610F0B7FD3A6806
:104F00001A23092A00F39D80062263216648CDE911
:104F1000004410F0FDFD3A681A236B216248CDE988
:104F20000042062210F0F4FD00241A230622732109
:104F30005D48CDE9004610F099FD65491A23062227
:104F400009684FF4C0665848CDE90041792110F056
:104F5000DFFD4FF4A071544810F0F4F809215248D5
:104F600010F09AFC5B49504810F0AEF864222346DA
:104F700050214D48009410F009FF962223464FF42B
:104F8000C8714948009410F001FFFF2346481A46B3
:104F9000194610F0F9FC0121434810F07DFC06236E
:104FA00022464FF4C8714048009410F0EFFE77237A
:104FB00079227C213C4810F0E7FC474A1D23F02170
:104FC0003948CDE900627D2210F050FD4FF4A07108
:104FD000354810F0B7F80921334810F05DFC3F2147
:104FE000314810F037F83D492F4810F06DF8D122C4
:104FF0002346D2212C48009410F0C8FED422234628
:105000004FF487712848009410F0C0FEFF23264813
:105010001A46194610F0B8FC31491B23D322224806
:10502000CDE90061F02110F021FD1F4810F064FE71
:1050300095F820303F2B02D12A4B1D221A6003B075
:10504000F0BDCDE9004261210622174810F060FD55
:105050006AE700201A230622CDE900014B211248FD
:1050600010F056FD40E7CDE900410F481B2110F03C
:105070004FFD10E717F0ECFC092820607FF7D9AE50
:1050800000211A230622CDE900100421284610F041
:105090003FFDE0E614481A230622CDE900102B213B
:1050A000014810F0E3FC08E7209D0020648E0020FA
:1050B00080C700209407002090C7002010C7002060
:1050C000A00700202CC70020A8070020A0C70020B0
:1050D0008CCA0020F2F2F200F4090020D9D9D900DC
:1050E000180A002034C8002098070020F0B5CF48E7
:1050F00083B011F0F7F8CE4DCC480FF059FA3220BA
:1051000019F086F92B68142B09D8002401340120EA
:1051100019F07EF92B68192C01D0142BF6D9C34C49
:1051200000264FF4C06520460FF00AFAFF23204600
:105130001A46194610F082F820460FF0E3FE4FF4AD
:10514000AA61204610F03CF80221204610F0A4FB92
:105150005A21204610F004FBD92320461A4619464E
:1051600010F012FC33463246F0212046009610F033
:105170000DFEFF21204610F0F3FA772379227C21DF
:10518000204610F001FC1E23AA4AF0212046CDE95A
:1051900000521A4610F06AFCA74A1E23F02120464E
:1051A000CDE90052412210F061FC772379227C2165
:1051B000204610F0E9FBA14A17239B212046CDE9A8
:1051C0000052732210F052FC9D4A1B234FF487714A
:1051D0002046CDE90052732210F048FC994A1B2367
:1051E000F0212046CDE900528C2210F03FFC964A77
:1051F0001B23F0212046CDE90052A52210F036FCF9
:10520000924A1B23F0212046CDE90052904DBE2248
:1052100010F02CFC2B68002B40F0738100261A2321
:10522000062204218148CDE9006610F071FC29684E
:105230001A2306227D48CDE900610E2110F068FC9A
:1052400084490025844E1A2306227848CDE900516E
:10525000172110F00BFC31681A230622092900F3EC
:1052600049811C217148CDE9005510F051FC31688D
:105270001A2306226D48CDE90051252110F048FC83
:1052800017F006FC20B1754B1968002900F05F810A
:10529000734800211A230622CDE900102B21634810
:1052A00010F0E4FB6F4D2968092900F341810026C5
:1052B0001A2306224B215D48CDE9006610F028FC38
:1052C00029681A2306225948CDE90061552110F0BA
:1052D0001FFC654E0025654F1A2306225D215348A9
:1052E000CDE9005610F0C2FB3A681A23092A00F3F0
:1052F0001781062263214D48CDE9005510F008FCC6
:105300003A681A236B214948CDE90052062210F071
:10531000FFFB00251A23062273214448CDE90056DD
:1053200010F0A4FB52491A23062209684FF4C06604
:105330003E48CDE90051792110F0EAFBFF233B48BC
:105340001A46194610F020FB0121384810F0A4FA43
:1053500005232A464FF4C8713448009510F016FD15
:10536000FF21324810F0FCF9A02130480FF0EAFE8E
:1053700009212E4810F090FA83212C480FF06AFE84
:105380003C492A480FF0A0FE80222B462946274898
:10539000009510F0FBFC9E222B46372123480095F8
:1053A00010F0F4FCFF2321481A46194610F0ECFADD
:1053B000314A1B231D211D48CDE900628E2210F0C9
:1053C00055FBFF21194810F0CBF9A02117480FF029
:1053D000B9FE0921154810F05FFA822113480FF039
:1053E00039FE244911480FF06FFE80222B4640F20F
:1053F000A7110E48009510F0C9FC9E222B464FF4D1
:10540000EF710A48009510F0C1FCFF2307481A46C7
:10541000194610F0B9FA194A1B2340F2BF1103488C
:10542000CDE900628E2210F021FB29E0209D0020B2
:10543000648E0020B4070020C80E0020D00E00208B
:10544000CC070020D80E0020400C0020600C00206B
:1054500080C700209407002090C7002010C70020BC
:10546000A00700202CC70020A8070020A0C700200C
:105470008CCA0020D9D9D900AC07002040080020F0
:10548000DE233A481A46194610F07EFA842137483E
:105490000FF0E0FD4FF4707134480FF091FE0221DF
:1054A000324810F0F9F94FF491722B46F0212F4851
:1054B000009510F06BFCFF232C481A46194610F09B
:1054C00063FA2B491B23FF222848CDE90061F02114
:1054D00010F0CCFA254810F00FFC94F82030832B04
:1054E0003FD0842B2ED0822B02D1224B2F221A6048
:1054F00003B0F0BDCDE900511C481B2110F008FBA2
:10550000BEE617F0A5FA092828607FF787AE1A23B0
:1055100006220421CDE90060204610F0F9FA8FE65A
:10552000CDE9005261210622104810F0F1FAF0E6B0
:1055300000201A230622CDE900014B210B4810F070
:10554000E7FAC6E60B4B2E221A6003B0F0BD0A48FC
:105550001A230622CDE900102B21044810F086FA08
:10556000A0E6044B01221A6003B0F0BD209D00208C
:105570004808002034C8002098070020F0B5C8482B
:1055800083B010F0AFFEC74DC5480FF011F83220C0
:1055900018F03EFF2B68142B09D800240134012099
:1055A00018F036FF2B68192C01D0142BF6D9BC4CFF
:1055B00000264FF4C06520460EF0C2FFFF232046B0
:1055C0001A4619460FF03AFE20460FF09BFC4FF4A6
:1055D000A07120460FF0B6FD0921204610F05CF9BD
:1055E000B14920460FF070FD41225F21334620462D
:1055F000009610F0CBFBDC22334640F281112046AE
:10560000009610F0C3FB772379227C21204610F00E
:10561000BBF9A64A1B23F0212046CDE900524522C2
:1056200010F024FAA24A1B23F0212046CDE90052B3
:105630005D2210F01BFA9F4A1B23F0212046CDE982
:105640000052762210F012FA9B4A1B23F0212046CA
:10565000CDE900528F2210F009FA984A1B23F0215D
:105660002046CDE90052A72210F000FA944A1B23ED
:10567000F0212046CDE90052BD2210F0F7F9914A01
:105680001B23F0212046CDE900528F4DD52210F08A
:10569000EDF92B68002B40F0F38000261A23062238
:1056A00004217F48CDE9006610F032FA29681A23F8
:1056B00006227B48CDE900610E2110F029FA8349CA
:1056C0000025834E1A2306227548CDE90051172183
:1056D00010F0CCF931681A230622092900F3C98099
:1056E0001C216F48CDE9005510F012FA31681A23D9
:1056F00006226B48CDE90051252110F009FA17F078
:10570000C7F920B1734B1968002900F0F580724881
:1057100000211A230622CDE900102B21604810F049
:10572000A5F96E4D2968092900F3998000261A23EE
:1057300006224B215A48CDE9006610F0E9F92968A4
:105740001A2306225648CDE90061552110F0E0F9F0
:10575000634E0025634F1A2306225D215048CDE990
:10576000005610F083F93A681A23092A6FDC0622E2
:1057700063214B48CDE9005510F0CAF93A681A2365
:105780006B214748CDE90052062210F0C1F90025EF
:105790001A23062273214248CDE9005610F066F91B
:1057A00051491A23062209683D48CDE90051792163
:1057B00010F0AEF9FF233A481A46194610F0E4F803
:1057C0000121374810F068F805232A464FF4C871C4
:1057D0003348009510F0DAFAA02131480FF0B2FCFE
:1057E00009212F4810F058F886212D480FF032FC7F
:1057F0003E492B480FF068FC80222B46294628485A
:10580000009510F0C3FA9E222B46372124480095BC
:1058100010F0BCFAFF2322481A46194610F0B4F8DB
:1058200033484FF4C0611B238E22CDE900101D21A7
:105830001B4810F01BF91A4810F05EFA94F820305B
:10584000862B02D12B4B37221A6003B0F0BDCDE975
:10585000005261210622124810F05AF997E7002001
:105860001A230622CDE900014B210D4810F050F912
:105870006EE7CDE900510A481B2110F049F93EE7D7
:1058800017F0E6F8092828607FF707AF1A230622E9
:105890000421CDE90060204610F03AF90FE700BF7F
:1058A000209D0020648E0020F2F2F200740C002093
:1058B000F00E00201C0F0020440F00206C0F002071
:1058C0008C0F0020B40F002080C700209407002018
:1058D00090C7002010C70020A00700202CC7002080
:1058E000A8070020A0C700208CCA0020D9D9D90061
:1058F000AC07002034C8002004481A230622CDE952
:1059000000102B21024810F0B1F80AE79807002098
:10591000209D0020F0B5CA4883B010F0E3FCC94DCB
:10592000C7480EF045FE322018F072FD2B68142B8C
:1059300009D800240134012018F06AFD2B68192CC5
:1059400001D0142BF6D9BE4EBF4C30460EF0F8FDF8
:10595000FF2330461A4619460FF070FC30460FF010
:10596000D1FA772379227C21304610F00DF8236894
:10597000002B40F02D8200251A23FC2240F2431117
:10598000AF48CDE9005510F0C3F821681A23FC2276
:10599000AB48CDE900514FF4A67110F0B9F8AB490E
:1059A0000024AB4D1A23FC22A548CDE9004140F26A
:1059B000551110F05BF829681A23FC22092900F31D
:1059C000FF8140F259119E48CDE9004410F0A0F843
:1059D00029681A23FC229A48CDE900414FF4B1719D
:1059E00010F096F817F054F820B19A4B1968002976
:1059F00000F01A82984800211A23FC22CDE90010F9
:105A000040F269118E4810F031F8944C2168092950
:105A100000F3F88100251A23FC2240F28B118848FC
:105A2000CDE9005510F074F821681A23FC2284484F
:105A3000CDE9005140F2931110F06AF8884D00242E
:105A4000884F1A23FC2240F29B117D48CDE9004586
:105A500010F00CF83A681A23092A00F3CA81FC22D4
:105A600040F2A1117648CDE9004410F051F83A68AF
:105A70001A2340F2A9117248CDE90042FC2210F02D
:105A800047F800241A23FC2240F2B1116C48CDE9FA
:105A900000450FF0EBFF74491A23FC2209684FF40C
:105AA000C0656748CDE9004140F2B71110F030F809
:105AB0004FF4A07162480FF045FB092160480FF0D8
:105AC000EBFE6A495E480FF0FFFA502223465C481D
:105AD0001146009410F05AF92346C822EB21584889
:105AE000009410F053F9FF2355481A4619460FF059
:105AF0004BFF012152480FF0CFFE224605234FF401
:105B0000C8714F48009410F041F9772379227C2125
:105B10004B480FF039FF564A18239B214848CDE9DE
:105B2000005253220FF0A2FF524A1B23A4214448E3
:105B3000CDE9005273220FF099FF4F4A18238321B9
:105B40003F48CDE90052AC220FF090FF4B493C4852
:105B50000FF0BAFA4A4A1B238F213948CDE9005287
:105B6000CC220FF083FF772379227C2134480FF079
:105B70000BFF444A1B234FF4B8713148CDE9005262
:105B80005A220FF073FF40492D480FF09DFA8921EA
:105B90002B480FF05FFA4FF4347129480FF010FBD7
:105BA000022127480FF078FE2346A3224FF49F716D
:105BB0002348009410F0EAF8FF2321481A461946BA
:105BC0000FF0E2FE314A1B234FF49F711C48CDE9D0
:105BD00000528E220FF04AFF2D4A1B234FF49F7173
:105BE0001748CDE90052A1220FF040FF294A1B239C
:105BF0004FF49F711248CDE90052B4220FF036FFE6
:105C000021490F480FF060FA8A210D480FF022FA5F
:105C10004FF434710A480FF0D3FA022108480FF00C
:105C20003BFE2346A32240F29F110548009410F04A
:105C3000ADF8FF2302481A4619460FF0A5FE2BE0E7
:105C4000209D0020648E002080C700209407002043
:105C500090C7002010C70020A00700202CC70020FC
:105C6000A8070020A0C700208CCA0020F2F2F20092
:105C700058090020D80F00208809002058D75A0062
:105C8000900900209C090020D9D9D900B40900202E
:105C9000BC090020C40900206F4A1B2340F29F1159
:105CA0006E48CDE9005293220FF0E0FE6C4A1B23B0
:105CB00040F29F116948CDE90052AA220FF0D6FEAA
:105CC000A02166480FF03EFA092164480FF0E4FD78
:105CD000862162480FF0BEF9624960480FF0F4F97E
:105CE000042223465D481146009410F04FF82346E5
:105CF000232237215948009410F048F8FF235748D1
:105D00001A4619460FF040FE574A1B231F215348DD
:105D1000CDE9005214220FF0A9FEA0214F480FF048
:105D200011FA09214D480FF0B7FD17214B480FF02C
:105D300091F94C4949480FF0C7F92346EB22042159
:105D40004648009410F022F823464FF4857237211C
:105D50004248009410F01AF8FF2340481A461946AA
:105D60000FF012FE414A1B231E213C48CDE9005290
:105D7000F0220FF07BFE3E4A1B231E213748CDE95F
:105D8000005240F201120FF071FE34480FF0B4FFE0
:105D90003848394901230460002496F820200C601B
:105DA0003648892A364903600B604CD035D8172A0B
:105DB00045D0862A02D1334B2D221A6003B0F0BDA4
:105DC000CDE90041254840F259110FF0A1FE09E646
:105DD00016F03EFE092820607FF7CDAD00211A2382
:105DE000FC22CDE900104FF4A17130460FF090FE77
:105DF000D5E5CDE9004240F29F11FC2217480FF093
:105E000087FE3EE600201A23FC22CDE9000140F285
:105E1000891112480FF07CFE10E68A2ACED1194B68
:105E200031221A6003B0F0BD17481A23FC22CDE9D5
:105E3000001040F2691109480FF018FEE5E5114A1B
:105E4000136003B0F0BD114A3020114B0D491268A8
:105E500008601A6003B0F0BDD0090020209D00202A
:105E6000D8090020D9D9D900AC070020E4090020C6
:105E7000EC0900204CC800207CCA002038CA002051
:105E800040CA002034C800209807002048CA0020DB
:105E900044C70020F0B5B54883B010F023FAB44DE4
:105EA000B2480EF085FB322018F0B2FA2B68142BA2
:105EB00009D800240134012018F0AAFA2B68192C03
:105EC00001D0142BF6D9A94DAA4C28460EF038FB68
:105ED000FF2328461A4619460FF0B0F928460FF05E
:105EE00011F8772379227C2128460FF04DFD236895
:105EF000002B40F0218100261A23062204219B4812
:105F0000CDE900660FF004FE21681A2306229748A7
:105F1000CDE900610E210FF0FBFD97490024974E5B
:105F20001A2306229148CDE9004117210FF09EFD6A
:105F300031681A230622092900F3F7801C218B48B7
:105F4000CDE900440FF0E4FD31681A2306228748AA
:105F5000CDE9004125210FF0DBFD16F099FD20B1C0
:105F6000874B1968002900F0F780864800211A2322
:105F70000622CDE900102B217C480FF077FD824CE2
:105F80002168092900F3C78000261A2306224B2125
:105F90007648CDE900660FF0BBFD21681A23062282
:105FA0007248CDE9006155210FF0B2FD774E002413
:105FB000774F1A2306225D216C48CDE900460FF089
:105FC00055FD3A681A23092A00F39D8006226321B1
:105FD0006648CDE900440FF09BFD3A681A236B2117
:105FE0006248CDE9004206220FF092FD00241A23F8
:105FF000062273215D48CDE900460FF037FD654963
:106000001A23062209684FF4C0665848CDE90041BA
:1060100079210FF07DFD4FF4A07154480FF092F8F4
:10602000092152480FF038FC5B4950480FF04CF8FA
:106030006422234650214D4800940FF0A7FE96227B
:1060400023464FF4C871494800940FF09FFE772310
:1060500079227C2145480FF097FC504A1D23F021FE
:106060004248CDE900627D220FF000FDFF233F484A
:106070001A4619460FF088FC01213C480FF00CFC31
:10608000052322464FF4C871384800940FF07EFE75
:106090004FF4A07135480FF055F8092133480FF03F
:1060A000FBFB8D2131480EF0D5FF3D492F480FF005
:1060B0000BF8D1222346D2212C4800940FF066FE23
:1060C000D42223464FF48771284800940FF05EFED7
:1060D000FF2326481A4619460FF056FC31491B2368
:1060E000D3222248CDE90061F0210FF0BFFC1F4808
:1060F0000FF002FE95F820308D2B02D12A4B33226F
:106100001A6003B0F0BDCDE90042612106221748B4
:106110000FF0FEFC6AE700201A230622CDE90001F9
:106120004B2112480FF0F4FC40E7CDE900410F4845
:106130001B210FF0EDFC10E716F08AFC0928206007
:106140007FF7D9AE00211A230622CDE900100421E1
:1061500028460FF0DDFCE0E614481A230622CDE9BC
:1061600000102B2101480FF081FC08E7209D002042
:10617000648E002080C700209407002090C7002074
:1061800010C70020A00700202CC70020A80700206F
:10619000A0C700208CCA0020F2F2F200F40900200F
:1061A000D9D9D900180A002034C800209807002047
:1061B000F0B5CE4883B010F095F8CD4DCB480EF039
:1061C000F7F9322018F024F92B68142B09D8002491
:1061D0000134012018F01CF92B68192C01D0142B64
:1061E000F6D9C24C00264FF4C06520460EF0A8F93F
:1061F000FF2320461A4619460FF020F820460EF0DD
:1062000081FE4FF4AA6120460EF0DAFF02212046FB
:106210000FF042FB5A2120460FF0A2FAD923204664
:106220001A4619460FF0B0FB33463246F02120469D
:1062300000960FF0ABFDFF2120460FF091FA772377
:1062400079227C2120460FF09FFB1E23A94AF021D2
:106250002046CDE900521A460FF008FCA64A1E233C
:10626000F0212046CDE9005241220FF0FFFB7723B9
:1062700079227C2120460FF087FBA04A1B23F421C2
:106280002046CDE9005282220FF0F0FB9C4A1B23EE
:10629000EF212046CDE900529A4D9B220FF0E6FBFC
:1062A0002B68002B40F0728100261A23062204215D
:1062B0008E48CDE900660FF02BFC29681A230622D0
:1062C0008A48CDE900610E210FF022FC8E4900259D
:1062D0008E4E1A2306228548CDE9005117210FF072
:1062E000C5FB31681A230622092900F348811C21C5
:1062F0007E48CDE900550FF00BFC31681A230622C9
:106300007A48CDE9005125210FF002FC16F0C0FBC0
:1063100020B17F4B1968002900F04C817D48002195
:106320001A230622CDE900102B2170480FF09EFBA6
:10633000794D2968092900F3188100261A230622BD
:106340004B216A48CDE900660FF0E2FB29681A2369
:1063500006226648CDE9006155210FF0D9FB6F4E4A
:1063600000256F4F1A2306225D216048CDE90056B3
:106370000FF07CFB3A681A23092A00F3EE8006220C
:1063800063215A48CDE900550FF0C2FB3A681A2341
:106390006B215648CDE9005206220FF0B9FB0025CB
:1063A0001A23062273215148CDE900560FF05EFBF7
:1063B0005C491A23062209684FF4C0664B48CDE9B0
:1063C000005179210FF0A4FBFF2348481A461946D3
:1063D0000FF0DAFA012145480FF05EFA09232A4648
:1063E0004FF4C871414800950FF0D0FCFF213F48A1
:1063F0000FF0B6F9A0213D480EF0A4FE09213B485C
:106400000FF04AFADE2339481A4619460FF0BCFA53
:106410004FF4707135480EF0D3FE022133480FF06F
:106420003BFA4FF491722B46F021304800950FF063
:10643000ADFCFF212D480FF093F9A0212B480EF061
:1064400081FE092129480FF027FA5E2127480EF026
:1064500001FE354925480EF037FE80222B4629469D
:10646000224800950FF092FC9E222B4637211F48B0
:1064700000950FF08BFCFF231C481A4619460FF0BD
:1064800083FA2A4A1B231D211848CDE900628E2277
:106490000FF0ECFAFF2115480FF062F9A021134824
:1064A0000EF050FE092111480FF0F6F959210F485E
:1064B0000EF0D0FD1C490D480EF006FE80222B4642
:1064C00040F2A711094800950FF060FC9E222B4670
:1064D0004FF4EF71054800950FF058FCFF23034877
:1064E0001A4619460FF050FA22E000BF209D002006
:1064F000648E0020B4070020EC0F0020F40F002071
:106500001810002080C700209407002090C70020AA
:1065100010C70020A00700202CC70020A8070020DB
:10652000A0C700208CCA0020D9D9D900AC07002010
:1065300028491B238E222848CDE9006140F2BF1173
:106540000FF094FA24480FF0D7FB94F82030592B21
:106550003AD05E2B29D003B0F0BDCDE900526121C5
:1065600006221D480FF0D4FA19E700201A2306224C
:10657000CDE900014B2118480FF0CAFAEFE6CDE94A
:10658000005115481B210FF0C3FABFE616F060FA60
:10659000092828607FF788AE1A2306220421CDE956
:1065A000006020460FF0B4FA90E60C4B37221A60D8
:1065B00003B0F0BD0A481A230622CDE900102B21B2
:1065C00005480FF053FAB3E6044B23221A6003B0D8
:1065D000F0BD00BF40080020209D002034C80020EE
:1065E00098070020F0B5CC4883B00FF07BFECB4D70
:1065F000C9480DF0DDFF322017F00AFF2B68142B7D
:1066000009D800240120013417F002FF2B68142B55
:1066100001D8192CF6D1C04EC14C30460DF090FF78
:10662000FF2330461A4619460EF008FE30460EF09B
:1066300069FC772379227C2130460FF0A5F9236885
:10664000002B40F0E98200251A23FC2240F243117E
:10665000B148CDE900550FF05BFA21681A23FC22FE
:10666000AD48CDE900514FF4A6710FF051FAAD4994
:106670000024AD4D1A23FC22A748CDE9004140F289
:1066800055110FF0F3F929681A23FC22092900F3A8
:10669000BB8240F25911A048CDE900440FF038FA0E
:1066A00029681A23FC229C48CDE900414FF4B171BE
:1066B0000FF02EFA16F0ECF920B19C4B1968002966
:1066C00000F0D1829A4800211A23FC22CDE9001063
:1066D00040F2691190480FF0C9F9964C21680929D8
:1066E00000F3B48200251A23FC2240F28B118A4861
:1066F000CDE900550FF00CFA21681A23FC228648D8
:10670000CDE9005140F293110FF002FA8A4D0024B6
:106710008A4F1A23FC2240F29B117F48CDE90045A5
:106720000FF0A4F93A681A23092A00F38682FC22A2
:1067300040F2A1117848CDE900440FF0E9F93A6838
:106740001A2340F2A9117448CDE90042FC220FF04F
:10675000DFF900241A23FC2240F2B1116E48784F71
:10676000CDE900450FF082F976491A23FC22096829
:106770004FF4C0656848CDE9004140F2B7110FF011
:10678000C7F9FF2364481A4619460FF0FDF80121A6
:1067900061480FF081F8092322464FF4C8715E4822
:1067A00000940FF0F3FA772379227C215A480FF0F6
:1067B000EBF8654A1E23F0215748CDE900521A2212
:1067C0000FF054F91E235A22D2215348CDE9005725
:1067D0000FF04CF907F14D039622D2214E489A371B
:1067E000CDE900531E230FF041F9D2221E234A485F
:1067F0001146CDE900570FF039F9D92346481A461A
:1068000019460FF0C1F8B22143480EF023FC4FF4B3
:10681000A07141480EF0D4FC02213F480FF03CF833
:106820005A22234664213C4800940FF0AFFAD92342
:1068300039481A4619460FF0A7F8B32136480EF02A
:1068400009FC4FF4A07134480EF0BAFC0221324822
:106850000FF022F89622234664212F4800940FF06F
:1068600095FAD9232C481A4619460FF08DF8B42111
:1068700029480EF0EFFB4FF4A07127480EF0A0FC62
:10688000022125480FF008F8D2222346642122482D
:1068900000940FF07BFA2D491F480EF015FCB8212B
:1068A0001D480EF0D7FB4FF4A0711B480EF04AFCB8
:1068B000032119480EF0F0FF5A2223464FF4A0712D
:1068C000154800940FF062FA5A2223464FF4AA7139
:1068D000114800940FF05AFAFF231D4F1A4619462B
:1068E0000D480FF051F81B235A224FF4A5710A48A6
:1068F000CDE900570FF0BAF8144907480EF0E4FB51
:10690000B92105480EF0A6FB4FF4A07102480EF025
:1069100019FC03211EE000BF209D0020648E002092
:1069200080C700209407002090C7002010C70020D7
:10693000A00700202CC70020A8070020A0C7002027
:10694000EC9100208CCA002044100020D9D9D90035
:1069500058100020C9480EF09FFF234696224FF49E
:10696000A071C64800940FF011FA234696224FF406
:10697000AA71C24800940FF009FAFF23BF481A46D3
:1069800019460FF001F81B2396224FF4A571BB485E
:10699000CDE900570FF06AF8B949B8480EF094FBFA
:1069A000BA21B6480EF056FB4FF4A071B3480EF072
:1069B000C9FB0321B1480EF06FFF2346D2224FF4EA
:1069C000A071AE4800940FF0E1F92346D2224FF4B3
:1069D000AA71AA4800940FF0D9F9FF23A7481A46D4
:1069E00019460EF0D1FF1B23D2224FF4A571A34804
:1069F000CDE900570FF03AF8A149A0480EF064FB2A
:106A0000BD219E480EF026FB4FF4A0719B480EF06E
:106A100099FB032199480EF03FFF5A2223464FF479
:106A2000C371964800940FF0B1F95A2223464FF4EF
:106A3000CD71924800940FF0A9F9FF23914F1A46A7
:106A400019468E480EF0A0FF1B235A224FF4C8713E
:106A50008A48CDE900570FF009F8894987480EF0B8
:106A600033FBBE2185480EF0F5FA4FF4A071834840
:106A70000EF068FB032181480EF00EFF234696229C
:106A80004FF4C3717D4800940FF080F9234696229D
:106A90004FF4CD71794800940FF078F9FF237748CF
:106AA0001A4619460EF070FF1B2396224FF4C87148
:106AB0007248CDE900570EF0D9FF71496F480EF0CA
:106AC00003FBBF216D480EF0C5FA4FF4A0716B486F
:106AD0000EF038FB032169480EF0DEFE2346D22279
:106AE0004FF4C371654800940FF050F92346D22249
:106AF0004FF4CD71614800940FF048F9FF235F48CF
:106B00001A4619460EF040FF1B23D2224FF4C871DB
:106B10005A48CDE900570EF0A9FFA02157480EF0C2
:106B200011FB092155480EF0B7FE5F2153480EF0C6
:106B300091FA534951480EF0C7FA042223464F48B0
:106B4000114600940FF022F92322234637214B48A7
:106B500000940FF01BF9FF2348481A4619460EF01F
:106B600013FF494A1B231F214448CDE90052142238
:106B70000EF07CFFA02141480EF0E4FA09213F48C5
:106B80000EF08AFE17213D480EF064FA3C493B485E
:106B90000EF09AFAEB2223460421384800940FF0B5
:106BA000F5F84FF4857223463721344800940FF0EE
:106BB000EDF8FF2331481A4619460EF0E5FE334A38
:106BC0001B231E212D48CDE90052F0220EF04EFF6E
:106BD0002F4A1B231E212948CDE9005240F2011201
:106BE0000EF044FF25480FF087F896F82030B32BBD
:106BF00056D0B42B35D0B22B54D126492922264B5E
:106C00000C601A6003B0F0BDCDE900411B4840F2B2
:106C100059110EF07DFF4DE515F01AFF092820608F
:106C20007FF711AD00211A23FC22CDE900104FF4AB
:106C3000A17130460EF06CFF19E5CDE9004240F23B
:106C40009F11FC220D480EF063FF82E500201A23FD
:106C5000FC22CDE9000140F2891108480EF058FFEE
:106C600054E50224C9E70D481A23FC22CDE900109F
:106C700040F2691101480EF0F9FE2EE5209D00203A
:106C8000D9D9D90060100020AC070020E409002009
:106C9000EC090020C8C7002034C800209807002055
:106CA0000124AAE7B92B0CD0BA2B13D0B82B1BD1D7
:106CB000234A01202349244B14602A2208701A60B9
:106CC000A0E701231F4C1E482A211F4A237003609E
:106CD000116097E71A4A02211A4801241A4B1160E1
:106CE0002A2204701A608DE7BE2B0AD0BF2B10D069
:106CF000BD2B16D112492422134B0C601A6003B02D
:106D0000F0BD0F490120104B242208601A6003B027
:106D1000F0BD0B4902200C4B242208601A6003B01E
:106D2000F0BD172B07D05F2B7FF46CAF064B2222F0
:106D30001A6003B0F0BD044B01221A6062E700BF85
:106D4000C8C70020BCCA002034C800202DE9F04F7D
:106D5000C14889B00FF0C6FAC04DBF480DF028FCFD
:106D6000322017F055FB2B68142B0AD8002401E0C1
:106D7000192C06D00120013417F04AFB2B68142B84
:106D8000F6D9B54800240DF0DBFBFF23B2481A46C4
:106D900019460EF053FAB0480EF0B4F8FF23AE488F
:106DA0001A4619460EF0F0FD0121AB480EF074FDB5
:106DB00009234FF4C8712246A74800940EF0E6FF5D
:106DC000772379227C21A4480EF0DEFDA44B1B78AA
:106DD000002B40F0B180A34BDFF8D0920793A24B79
:106DE000DFF8C4820493A14B0593A14B06939A4DFF
:106DF0000024A049282628461B270EF0EBFC9521ED
:106E000028464FF04D0A0EF025F99B4BE72221460C
:106E10002846039302944223CDE900670EF0F4FA6A
:106E2000972128460EF016F9944BBC2240F2B1117E
:106E30002846039300962F23CDE901740EF0E4FA5F
:106E4000962128460EF006F98D4BE7224FF4CF71BC
:106E50002846039300964223CDE901740EF0D4FA3C
:106E6000772379227C2128460EF08EFD0094D9F8F4
:106E7000003014227D2128460AFB038301931F233F
:106E80000EF0F4FDFF2328461A4619460EF07CFD4D
:106E9000079B662221461B682846CDE90243CDE9BF
:106EA00000674FF4F0730EF009FB049B912221461A
:106EB0001B682846CDE90243CDE900674FF4F07323
:106EC0000EF0FCFA059BBC2221461B682846CDE942
:106ED0000243CDE900674FF4D7730EF0EFFA069B3B
:106EE000E72245212846CDE900671B68CDE902432A
:106EF0004FF4AB730EF0E2FA28460EF0FDFE502080
:106F000017F086FA95F82030A3F130020A2A03D947
:106F1000A3F16102192A4BD85A4A13705A4A1168D0
:106F2000092940DCD9F800004C1C0AFB00804354BE
:106F3000146009B0BDE8F08F4A4A2026534BDFF8B1
:106F40006C9113604D23D9F80050474903FB05F5B8
:106F50004F4B07920B60454A4E4BDFF84C81136054
:106F600005924D4B424ADFF848B1136008F1FF33F8
:106F7000DFF82CA15F19049145440692CBF800403C
:106F800006E017F8013FCBF800400AF8013B3E70DD
:106F900028461AF08BFEA04204F10104F1D8002328
:106FA0002F4A137023E70A23136009B0BDE8F08F5E
:106FB000972B10D134494D20D9F800200B6800FBE5
:106FC0000282013B54BF1C4623460C602021D15451
:106FD00009B0BDE8F08F952B2ED1D9F800302027CD
:106FE0002E4E294A0AFB03880AFB036614603546C5
:106FF00001E005F8017F40461AF058FEA04204F176
:107000000104F6D8264D0024DFF8A4B0202704E0C0
:107010002B7805F8017B06F8013F2148CBF80040AA
:107020001AF044FEA04204F10104F1D81D4B2322C2
:107030001A6009B0BDE8F08F962B7FF47AAF124B3F
:10704000E7224FF4AF6118481C6017F0D3FC154BD2
:1070500023221A60EDE700BF209D0020648E0020EF
:10706000BCCA002064C8002058C800205CC80020AA
:1070700060C80020A9A9A900901000209810002045
:10708000A0100020B0CA002088C700206410002093
:10709000701000207C10002088100020EB91002050
:1070A000E4C7002034C80020EC910020C8C70020AD
:1070B0008CC70020F0B5C84883B00FF013F9C74D56
:1070C000C5480DF075FA322017F0A2F92B68142B81
:1070D00009D800240134012017F09AF92B68192CE3
:1070E00001D0142BF6D9BC4DBD4C28460DF028FA22
:1070F000FF2328461A4619460EF0A0F828460DF040
:1071000001FF772379227C2128460EF03DFC23687D
:10711000002B40F0928100261A23FC2240F24311FA
:10712000AD48CDE900660EF0F3FC21681A23FC227D
:10713000A948CDE900614FF4A6710EF0E9FCA94918
:107140000024A94E1A23FC22A348CDE9004140F2B5
:1071500055110EF08BFC31681A23FC22092900F32B
:10716000648140F259119C48CDE900440EF0D0FCF6
:1071700031681A23FC229848CDE900414FF4B171DF
:107180000EF0C6FC15F084FC20B1984B196800295C
:1071900000F08381964800211A23FC22CDE90010DB
:1071A00040F269118C480EF061FC924C216809296B
:1071B00000F35D8100261A23FC2240F28B118648E1
:1071C000CDE900660EF0A4FC21681A23FC22824857
:1071D000CDE9006140F293110EF09AFC864E002436
:1071E000864F1A23FC2240F29B117B48CDE90046D2
:1071F0000EF03CFC3A681A23092A00F32F81FC2286
:1072000040F2A1117448CDE900440EF081FC3A68C7
:107210001A2340F2A9117048CDE90042FC220EF079
:1072200077FC00241A23FC2240F2B1116A48CDE910
:1072300000460EF01BFC72491A23FC2209684FF429
:10724000C0666548CDE9004140F2B7110EF060FC20
:10725000FF2361481A4619460EF096FB01215E484D
:107260000EF01AFB092322464FF4C8715A480094C5
:107270000EF08CFD4FF4A07157480DF063FF09210B
:1072800055480EF009FB5F4953480DF01DFF502291
:1072900023465D21504800940EF078FDDC22234601
:1072A00040F283114C4800940EF070FD7723792250
:1072B0007C2149480EF068FB534A1C23F0214648C4
:1072C000CDE900625A220EF0D1FB504942480DF040
:1072D000FBFEC42140480DF0BDFE4FF45C713E48FA
:1072E0000DF06EFF02213C480EF0D6FAAA2223468A
:1072F0003948114600940EF049FDFF2336481A46DE
:1073000019460EF041FBAA2241491B233248CDE920
:10731000006111460EF0AAFB3C492F480DF0D4FE47
:10732000C5212D480DF096FE4FF45C712A480DF0F2
:1073300047FF022128480EF0AFFAAA2223464FF455
:107340009B71254800940EF021FDFF2322481A4628
:1073500019460EF019FB2F4A1B234FF49B711E4850
:10736000CDE90062AA220EF081FBA0211A480DF09F
:10737000E9FE092118480EF08FFA602116480DF039
:1073800069FE224914480DF09FFE0422234612484C
:10739000114600940EF0FAFC2322234637210E48B2
:1073A00000940EF0F3FCFF230B481A4619460EF02A
:1073B000EBFA194A1B231F210748CDE9006214226A
:1073C0000EF054FB04480EF097FC95F82030C42BC7
:1073D0006ED0C52B56D021E0209D0020648E002069
:1073E00080C700209407002090C7002010C700200D
:1073F000A00700202CC70020A8070020A0C700205D
:107400008CCA0020F2F2F200A4100020D9D9D900D1
:10741000B8100020C4100020AC070020602B02D15F
:10742000284B23221A6003B0F0BDCDE90041264865
:1074300040F259110EF06CFBA4E615F009FB092887
:1074400020607FF768AE00211A23FC22CDE90010EE
:107450004FF4A17128460EF05BFB70E6CDE90042C7
:1074600040F29F11FC2218480EF052FBD9E6002092
:107470001A23FC22CDE9000140F2891112480EF0D6
:1074800047FBABE6114B0121114A25241B680D482F
:107490009B010460D15003B0F0BD0E481A23FC22BA
:1074A000CDE9001040F2691107480EF0DFFA7CE6E2
:1074B000064B2520064A1B6802499B010860D450F0
:1074C00003B0F0BD34C80020209D0020C8C70020B4
:1074D000608C0020980700202DE9F043A54885B076
:1074E0000EF000FFA44DA3480DF062F8322016F014
:1074F0008FFF2B68142B09D800240134012016F0CB
:1075000087FF2B68192C01D0142BF6D9994C4FF416
:10751000C0654FF00009994E2046994F0DF010F8C4
:10752000FF2320461A4619460DF088FE20460DF02E
:10753000E9FC772379227C2120460EF025FA914937
:107540001E2314222046CDE90051F0210EF08EFAC0
:107550008D491E2337222046CDE90051F1210EF03E
:1075600085FAFF2320461A4619460EF00DFA01212E
:1075700020460EF091F909234A464FF4C87120467F
:10758000CDF800900EF002FC33689B0157F80380A1
:10759000B8F1000F00F01081B8F1010F00F01E8269
:1075A000A02174480DF0CEFD0921724800250EF08F
:1075B00073F95A216F484FF4C0680DF04BFD7349C1
:1075C0006C480DF081FD2B46EB2240F2A911694871
:1075D00000950EF0DBFB2B464FF485724FF4EE71F5
:1075E000644800950EF0D2FBFF2362481A46194604
:1075F0000EF0CAF9664BFA2240F2C1115D480193C0
:107600001B23CDF800800EF031FAA02159480DF06F
:1076100099FD092157480EF03FF9AE2155480DF06C
:1076200019FD5A4953480DF04FFD04222B4651488D
:10763000114600950EF0AAFB2B46232237214D4818
:1076400000950EF0A3FBFF234A481A4619460EF098
:107650009BF9504A1B231F21464801921422CDF862
:1076600000800EF003FA43480EF046FB237CC62B45
:1076700000F04F81C72B66D0A22B0BD133689A0143
:10768000BA58002A40F09181434A2C2101FB032380
:1076900000221A6094F82030AE2B64D05A2B65D1AA
:1076A00032683E48910130F8124007EB821C7B584B
:1076B000A4F1320080B2002B40F03C81364D2C26E4
:1076C0009FED376A06FB0256DFED366A9FED367A8C
:1076D000D6ED005AC5EE867A67EEA67AF8FE677A8E
:1076E00067EE877AF5EE407ACCED017AF1EE10FA8A
:1076F0000BD0B7EE006ADFED2D6A86EE277A67EED3
:10770000267AFDEEE77A17EE903A39448B602C2307
:1077100003FB0255AB68264D03EB83035B00A5FB1F
:107720000353DB0B03EB83035B0007EE903A40F25D
:10773000B633F8EEE77A9842C1ED037A40F202815F
:1077400045F650631FE133689A01BA58002A40F0A9
:107750002381114A2C2101FB0323628A9A6094F849
:107760002030AE2B9AD1134B24221A6005B0BDE80D
:10777000F08300BF209D0020648E0020C8C7002039
:10778000608C002058090020D0100020D9D9D900E1
:1077900040080020AC07002098C8002018C700202F
:1077A00000FF7F4700007042CDCC4C3D00007A4482
:1077B0000180008034C800202046772379227C2174
:1077C0000EF0E2F8B64B20460095019369221D2386
:1077D00078210EF04BF9B34B204600950193B62269
:1077E0001D2378210EF042F94FF02C0933685C21FB
:1077F000AD4A4FF49B70DFEDAD6A09FB03239FEDAB
:10780000AC7A9FEDAC0A1D2293ED006AC6EE267A93
:1078100067EE877AF8FE677A27EE800AF7F770FC42
:107820003368A14A204640F23B1109FB0323A24AD8
:107830009B68009503EB83035B00A2FB0323B62246
:10784000DB0B03EB83035B0001931D230EF060F958
:107850009A4B20460095019369221D2340F26D1139
:107860000EF004F9964BB622204600954FF4B47101
:1078700001931D230EF0FAF82046C6210B250DF0CA
:10788000E9FB20468F490DF0A5FF3368864A4FF685
:10789000FF7109FB032303913921D3ED007A4FF4E3
:1078A000AA73CDF80480FCEEE77A009517EE900AF3
:1078B00082B22046029282220DF0BAFEC6238222B4
:1078C0002046019339214FF4AA7300950DF0F6FC80
:1078D0002046C7210DF0BEFB4FF6FF71724A2046CD
:1078E00003913921336809FB0323CF221B890095BB
:1078F000CDE901834FF4AA730DF09AFEC7224FF42D
:10790000AA73392101922046CF2200950DF0D6FCB2
:1079100046E633689A01BA58002A55D1618A624A0C
:1079200007EE901A2C21F8EE677A01FB0323C3EDD2
:10793000007AAFE6012B00F0D18040F2B6339842D6
:107940003FF6FEAE07EE904A9FED5F7A5F48B8EED5
:10795000E76A5F49F6EE007AC6EE076AE6EE877AD6
:10796000FCEEE77A17EE903A9BB2323B80FB034085
:10797000DB17C3EB2013C3EB0343A1FB03015B1A2B
:1079800001EB53031B09534C3F20534944F8223069
:10799000086005B0BDE8F083012A7FF47BAE424A5F
:1079A0002C2101FB03239D6074E6012A7FF472AE53
:1079B000618A3D4A07EE901A2C21F8EE677A01FBA6
:1079C0000323C3ED017A65E6012A7FF463AE364AEC
:1079D0002C2101FB032300225A605BE6204677231B
:1079E00079227C210DF0D0FF2D4B2046009501938C
:1079F00091221D2378210EF039F84FF02C083368BE
:107A00008421294A4FF49B70DFED286A08FB032389
:107A10009FED277A9FED270A1D2293ED016AC6EE9E
:107A2000267A67EE877AF8FE677A27EE800AF7F7FC
:107A300067FB224B91222046009540F26D11019385
:107A40001D230EF013F82046A2210B250DF002FB9A
:107A500020461C490DF0BEFE3368134A20463921EA
:107A600008FB03284FF6FF7303934FF4AA73D8ED76
:107A7000017ACDF80490FCEEE77A009517EE902A93
:107A800092B20292AA220DF0D3FDA2224FF4AA7361
:107A9000392101922046AA2200950DF00FFC7FE5C6
:107AA000DC100020E810002098C8002000FF7F476D
:107AB00000007042CDCC4C3D01800080E80F0020DA
:107AC000F4100020A9A9A90000007A441F85EB51F9
:107AD000CB6B28AF20CA002034C800201A4B2C25BD
:107AE0009FED1A6A05FB0233DFED196A9FED197AE3
:107AF000D3ED015AC5EE867A67EEA67AF8FE677A6C
:107B000067EE877AF5EE407ACCED017AF1EE10FA65
:107B100017D0B7EE006ADFED106A86EE277A67EEBF
:107B2000267AFDEEE77A17EE903A0F44BB600B4BD6
:107B3000FB6040F2B63398427FF604AF45F2D703BC
:107B400021E70023F1E700BF98C8002000FF7F472E
:107B500000007042CDCC4C3D00007A440000484209
:107B60002DE9F043A94885B00EF0BCFBA84DA7480D
:107B70000CF01EFD322016F04BFC2B68142B09D89C
:107B800000240120013416F043FC2B68142B01D88B
:107B9000192CF6D19D4800250CF0D2FCFF239B4800
:107BA0004FF4C0681A4619460DF048FB97480DF08F
:107BB000A9F9772379227C2194484FF00B090DF025
:107BC000E3FE944C4FF4C0601E232022F021924E1D
:107BD000924FCDE900048D480DF048FFFF238B48FC
:107BE0001A4619460DF0D0FE012188480DF054FECA
:107BF000002209234FF4C871844800920EF0C6F8A1
:107C0000772379227C2181480DF0BEFE3368844AB7
:107C100037219B017D4CD3582046012B4FF01D038B
:107C20000CBF804A804ACDE9005261220DF01EFF50
:107C300033687E481D2257F8231047F6FF739FEDE7
:107C40007C0A01EBC10C01EB4C01CB186221A0FBBB
:107C500003034FF49670DB0B013303EB830303EB59
:107C600083035B009BB207EE903AF8EEE77A87EE6B
:107C7000800AF7F745FA6F4B62224FF4AF71204646
:107C8000CDE900531D230DF0F1FE6B4BE122F021F5
:107C900020460193CDF800801A230DF0E7FEDB218A
:107CA00020460DF0D7F9654920460DF093FD4FF6BB
:107CB000FF739622392103932046336837F8233027
:107CC000CDF80090CDE901534FF4AA730DF0B0FC4C
:107CD000DB239622392120460193CDF800904FF402
:107CE000AA730DF0EBFAA02120460DF02BFA092122
:107CF00020460DF0D1FDD92120460DF0ABF95049B9
:107D000020460DF0E1F92B46EB2240F2A911204666
:107D100000950EF03BF82B464FF485724FF4EE7150
:107D2000204600950EF032F8FF2320461A461946E9
:107D30000DF02AFE434BFA2240F2C1112046019376
:107D4000CDF800801B230DF091FEA02120460DF000
:107D5000F9F9092120460DF09FFDDA2120460DF0AA
:107D600079F9374920460DF0AFF904222B46204619
:107D7000114600950EF00AF82B46232237212046A3
:107D800000950EF003F8FF2320461A4619460DF021
:107D9000FBFD2D4A1B231F2120460192CDF80080B8
:107DA00014220DF063FE20460DF0A6FF237CDB2B92
:107DB00003D13368628A47F8232094F82030DA2B05
:107DC0001ED0D92B19D131682626204D47F6FF73D6
:107DD00057F821202E6002EBC20514481C4C02EB20
:107DE0004502D318A0FB0303DB0B013303EB830332
:107DF00003EB83035B0024F8113005B0BDE8F0838A
:107E0000124B25221A6005B0BDE8F083209D0020AA
:107E1000648E00200C110020C8C7002020CA00205A
:107E2000608C0020F81000200011002001800080EC
:107E300000007A442411002028110020A9A9A900DB
:107E4000D9D9D90040080020AC07002034C8002050
:107E500018C700202DE9F04F06467748774D2DEDE5
:107E6000028B95B00EF03EFA73480CF0A1FB322065
:107E700016F0CEFA2B68142B09D800240120013407
:107E800016F0C6FA2B68142B01D8192CF6D16C4FBA
:107E900069480CF055FB3878431EDBB2022B50D8F2
:107EA000684ADFF8D4B11168DBF80020521AB2F545
:107EB0007A6F46D364490D6864490C68A54217D0AF
:107EC0000D60634901EB8305D5ED007A002E40F08B
:107ED0000083604D95ED007A77EE877A01EB8301A0
:107EE0005D4DC1ED007A35F81310013125F81310FE
:107EF00041F26F718A4224D9574A32F81320002A7E
:107F000000F08E8607EE902A514A02EB8302F8EECB
:107F1000E77AD2ED006A9A0086EEA77ADFF85C81F4
:107F200008EB020181ED007A002E40F06F85DFF84A
:107F30005091022B4A4482ED007A00F0A580F7F7B9
:107F40003BFCFF233C481A4619460DF077F93A48A6
:107F50000CF0D8FF772379227C2137480DF014FDEF
:107F6000002E00F006813D4D334C4FF4C0683C4B71
:107F70001622F021204601931E23CDF800800DF03B
:107F800075FD002120460DF065F897F80090B9F1D5
:107F9000000F00F0C383B9F1030F00F28582314B6B
:107FA0005A22F0212046CDF800804FF0000A0193BC
:107FB0001D230DF05BFD2C4B8C22AA212046019342
:107FC000CDF800A01B230DF051FDCDF800A03B78AB
:107FD0008C22E621204601931B230DF099FD234BB3
:107FE00005EB89098C22FA21204601931B23DFF837
:107FF0009480CDF800A00DF039FD19ED010A1B2287
:108000008C214FF4BA70F7F77BF81B238C2240F2D7
:108010008B112046CDE900A80DF028FD144A1B2342
:10802000AA2101922046AF22CDF800A00DF01EFD3E
:10803000104B93ED000A0EE2209D0020648E00207C
:108040009FCA002068A30020F4A20020F8A200200C
:1080500090A30020B0A2002050A30020948E002006
:108060008414002098140020A8140020B0140020CC
:10807000C014002080A3002048CA002084A3002050
:10808000B4A2002024110020F7F762FB0423DFF8DC
:10809000308309F10C00B34D32463B700123DFED14
:1080A000B26A294688F800304B46F3EC017AB1EC0D
:1080B000017A77EEC77AF0EEE77AF4EEE67AF1EE3F
:1080C00010FAC8BF42F001029842EED112B100236B
:1080D00088F8003017F04AFFA44B1B78002B39D0EA
:1080E000A34B1B78DB0735D5A24ADBF800301268BA
:1080F0009B1A0E2B2ED917F0C7FEFF282ADD99ED0B
:10810000023A99ED014A99ED005AB7EEC33A95ED5E
:10811000026AB7EEC44A95ED017AB7EEC55AD5EDBD
:10812000002AB7EEC66AB7EEC77A98F80040B7EEF5
:10813000E22A914991480A9453EC122B8DED083BA9
:108140008DED064B8DED045B8DED026B8DED007BAF
:1081500015F0E8FEFF238A481A4619460DF06EF81E
:1081600087480CF0CFFE772379227C2184480DF0DC
:108170000BFC834C4FF4C065824B1622F021204645
:10818000CDE900531E230DF071FC002120460CF0B8
:1081900061FF97F80080B8F1000F00F06C82B8F131
:1081A000030F40F21181784B3C2278212046CDE923
:1081B00000531A230DF05AFC744A1A23DC21019251
:1081C00020463C2200950DF051FC714B4FF4C065E8
:1081D0003C224FF4A0716A48A346DFF888916D4CA9
:1081E000DFF8E0A1CDE900531A230DF03FFC6A4A05
:1081F0000095552501921A233C224FF4CD71604819
:108200000DF034FCB9EC010A1A222946822005F14E
:108210000808F6F775FFB4EC010A1A222946E62091
:108220000FFA88F8F6F76CFF002E00F0EA815B4B3E
:108230001A2214ED017A2946D3ED007A4FF4A57085
:10824000574B93ED000AA7EE270AF6F759FF554B57
:1082500001934FF4C0631A35424600934FF4CD7139
:108260001A2347480DF002FCA32D0AF1040AC9D1D4
:108270005C46002E40F01983DFF8448198F8003006
:10828000002B00F0108348493D480CF01DFF98F882
:108290000030002B00F00583444B4FF4C065019380
:1082A000B9221C23F021364800950DF0DFFB98F829
:1082B0000030002B00F0B98401223D4BE821BE20A4
:1082C000CDE90132E1221E2300926422F6F760FF1D
:1082D000A0212B480CF036FF0921294800250DF07C
:1082E000DBFAE22126480CF0B5FE324924480CF0B6
:1082F000EBFE04222B462248114600950DF046FD68
:108300002B46232237211E4800950DF03FFDFF2309
:108310001B481A4619460DF037FB274A4FF4C06335
:108320001F211748CDE900321B2314220DF09EFBBC
:1083300013480DF0E1FC214A94F82030117899425D
:1083400000F0FE80A3F1E1011370072900F2F8802C
:10835000DFE811F0FB00EF00D400410130011B0108
:108360000601C300948E0020CDCC4C3DB9CA00203C
:10837000B8CA002070CA0020A0120020488E002039
:10838000209D0020F413002060100020DC1200204B
:108390009C11002084A30020EC120020588E0020A5
:1083A000ECA200209C120020327D2E00181200202A
:1083B00014130020D9D9D900AC070020A9CA002085
:1083C000A4CA0020B4A20020B54A1D23F0212046F3
:1083D0000095002501925A220DF048FBB14B8C22EA
:1083E000AA212046019300951B230DF03FFB009529
:1083F0003B788C22E621204601931B230DF088FB5D
:10840000A94B8C22FA212046019300951B230DF0E5
:108410002DFBA64B1B228C2103EB8803DFF8F8828F
:108420004FF4BA7013ED010AF6F76AFE1B238C2293
:1084300040F28B112046CDE900580DF017FB9C4A05
:108440001B23AA2101922046AF2200950DF00EFBBE
:10845000984B93ED000A00251B22AF214FF4A17029
:10846000F6F74EFE1B23AF2240F259119248CDE998
:1084700000580DF0FBFA41F27072904B9049019553
:108480001B68039209688C485B1A0C219342009187
:108490004FF05A0128BF13469AB24FF496730292D6
:1084A000D7220DF065F813E7864B3C227821204651
:1084B000CDE900831A230DF0D9FA834A1A23DC216F
:1084C000019220463C22CDF800800DF0CFFA7F4B80
:1084D0007CE67F4D95ED007AFEE4744B9FED7D7A4E
:1084E000D3ED027AF4EEC77AF1EE10FA28D59FEDBB
:1084F0007A7A77EE877AC3ED027A21E03B78042B13
:108500001ED1EEB1754B1B78D3B17549754B7648CA
:10851000764A09681B68416011681022C360C52350
:10852000816040F6FC01037016F064FAF6F7A2FFD2
:1085300001E0F7F70DF900216D4B1F2239701A6029
:1085400015B0BDEC028BBDE8F08F3B7813F0FB005B
:10855000F6D115B0BDEC028BBDE8F04FF7F72CB9A2
:10856000524BDFED646AD3ED017A93ED027A77EE38
:10857000A67AB4EEE77AF1EE10FAE1DDDFED567A95
:1085800037EE677A83ED027ADAE7484BDFED596A16
:10859000D3ED027A93ED017A77EEE67AB4EEE77ADC
:1085A000F1EE10FACCD5DFED4C7A37EE277A83ED79
:1085B000017AC5E73D4B9FED4F7AD3ED017AF4EE9A
:1085C000C77AF1EE10FABBDD9FED437A77EEC77AFA
:1085D000C3ED017AB4E7444900234FF07E520024F2
:1085E0008B600846CB604A6010220C7040F6FC019C
:1085F00016F000FAF6F73EFF3D4B1F223C701A6062
:108600009EE79AED000A59ED017A30EE670AB5EE61
:10861000C00AF1EE10FA00F133811A2229464FF414
:10862000A570F6F76DFDDAED006A59ED017ADFED20
:10863000325A36EEE77AB0EEC76AB4EEE56AF1EE8A
:1086400010FA16D99FED2D6AF4EEC67AF1EE10FA03
:1086500007DDDFED2B7AF4EEE76AF1EE10FA00F1B8
:10866000F282B5EEC07AF1EE10FA00F1E982254B04
:10867000EEE5254BECE5254B3722F0212046CDE9F0
:1086800000531A230DF0F2F9214A1A23F021019226
:1086900020464C2200950DF0E9F901221D4B0DE614
:1086A00098140020A8140020B0140020948E0020FC
:1086B000C0140020B0A20020209D002048CA002045
:1086C00068A3002060100020E81200209411002010
:1086D00080A30020A4707D3F0AD7233CA4CA0020B9
:1086E000588E0020D8A20020848E0020ECA200200A
:1086F00034C80020AE47E13DCDCC4C3DCDCCCC3D87
:108700008FC2F53CB0110020A0100020741300208F
:10871000B8130020D412002024110020A24B3722CD
:10872000F0212046CDF800804FF4806901931A2390
:108730000DF09CF99D4B4C22F0212046CDF8008095
:1087400001931A230DF092F9994A1A23F021204639
:10875000CDF80080019264220DF088F97723792208
:108760007C2120464FF001080DF00EF9914B872235
:10877000962120460193CDF800901B230DF076F949
:1087800095ED010A1B227F2140F20910DFF840A27B
:10879000F6F7B6FC884B87224FF49671204601937A
:1087A000CDF800901B230DF061F9E52324227D21F3
:1087B00040F24F100093CDF808801623CDF804A0A6
:1087C000F6F7E6FC7D4AE6237D214FF4BE70019268
:1087D000009324221623CDF80880F6F7D9FC7723DE
:1087E00079227C2120460DF0CFF8754BAF229621DF
:1087F00020460193CDF800901B230DF037F995ED3D
:10880000020A1B22A72140F20910F6F779FC6A4BF5
:10881000AF224FF496712046CDE900931B230DF053
:1088200025F9E7232422A52140F24F1000931623B7
:10883000CDE901A8F6F7ACFCE823604AA5214FF486
:10884000BE70CDF80880CDE9003216232422F6F759
:108850009FFC772379227C2120460DF095F8594B17
:108860001A78C52A00F0F681574B4FF4C062F02108
:108870005648CDE900231A23D4220DF0F7F80CE76F
:10888000534B2AB24FF49771504801931A23009624
:108890008DED130A0DF0EAF89DED130AB1EE400AD2
:1088A000BBE64C4BF9E44C49EEE44C4B0025AA22C4
:1088B0003C214648CDE900531A230DF0D7F8484B28
:1088C0001A22AA2193ED000A8220F6F719FC454BE3
:1088D000AA223E48CDE9005311461A230DF0C6F8EE
:1088E000414B93ED000AB5EEC00AF1EE10FA00F12B
:1088F000E3811A22AA21FA20DFF80C81F6F700FCA6
:108900003A4A00234FF491713048CDE900321A23DE
:10891000AA220DF0ABF8364B1A22AA2193ED000AD9
:1089200040F28110F6F7ECFB98F80030002B00F0D5
:108930008F81304925480CF0C7FB98F80030002B98
:1089400000F084812C4B01934FF4C063C622F021C8
:1089500000931C231D4801250DF088F8274B642245
:10896000E8210193E1233C20029500931E23F6F7B2
:108970000FFC98F800306422E8210293BE20204BBF
:108980000193E32300931E23F6F702FC1D4BE42220
:10899000E8214FF4A07000926422CDE901351E2336
:1089A000F6F7F6FB94E400BF7413002004140020D3
:1089B0003C140020701400202411002078140020A2
:1089C0007C140020848E00206C110020209D00204B
:1089D000F4120020301200202417BD00F8120020ED
:1089E000588E002000130020ECA200200813002065
:1089F000D8A20020327D2E00B811002014130020D0
:108A00001C13002024130020A4CA0020B5490D78AF
:108A1000C52D00F03381B449022B0A4482ED007A5F
:108A20007FF48DAAF6F794FEB04A9FEDB17A042345
:108A3000D8ED006A1546D2ED007A114676EE876AC7
:108A4000D8ED014A77EE877A92ED015AD8ED025AB5
:108A500076EEA46A92ED026A77EE857AA548F0EE8A
:108A6000084A3B7076EEA56A804677EE867A00F17A
:108A70000C0CF0EE475A034686EEA45A87EEA46A21
:108A8000F3EC017AF1EC016A634577EEC57A76EE94
:108A9000C66AA7EEA77AE7EEA65AF1D1DFED967A7D
:108AA000B4EEE77AF1EE10FA40F31881C5EE876A6A
:108AB000DFED8F7A914BDFF890A2DFF89092B0EE65
:108AC000467AC3ED006A8E490023C9ED007AA5EE0F
:108AD000667AB0EE675A8AED007AB0EE476AF0EC3B
:108AE000015AF2EC017AA6EEA56A77EEC67AF0EEAC
:108AF000E77AF4EEC57AF1EE10FA02DDB0EE675ACD
:108B000033469142E9D10BB189ED005ADFED7D7A10
:108B1000F4EEE76AF1EE10FA40F3DE80F7EE047A45
:108B2000F4EEE76AF1EE10FA40F1D680B0EEC77AC3
:108B3000DFED757AB4EEE77AF1EE10FA40F1CC8011
:108B400099ED007ADFED717AB4EEE77AF1EE10FA82
:108B500094BF012200226E4C227017F007FA6D4A72
:108B60001278002A4BD06C4A1278D20747D56B494D
:108B7000DBF800200968521A0E2A40D917F084F950
:108B8000FF283CDD9AED001A5C4BB7EEC11A99ED57
:108B9000000A93ED002A95ED023AB7EEC00A95ED72
:108BA000014AB7EEC22A95ED005AB7EEC33A98EDE6
:108BB000026AB7EEC44A98ED017AB7EEC55A98ED4D
:108BC000008AB7EEC66A2378B7EEC77A5449109385
:108BD00054488DED0C1BB7EEC81A8DED0E0B53ECFF
:108BE000112B8DED0A2B8DED083B8DED064B8DED98
:108BF000045B8DED026B8DED007B15F093F9FF2387
:108C000049481A4619460CF019FB47480CF07AF906
:108C1000772379227C2144480CF0B6FEFFF7A4B9F3
:108C20009FED337A9A00FFF779B9404A1A23F02171
:108C30003D480192D22200950CF018FFFFF73CBB93
:108C40003B4BFFF705BB3B4BFFF702BB3A4B7AE6CA
:108C50003A496FE6B6EE007AD3ED017AF4EEC77AC0
:108C6000F1EE10FA7FF700AEB0EE007AF4EEC77ABC
:108C7000F1EE10FA7FF5F8AD314BF6E5F6EE006A4D
:108C8000D1ED017AF4EEE67AF1EE10FA7FF7C3AE99
:108C9000F0EE006AF4EEE67AF1EE10FA7FF5BBAE84
:108CA000D1ED026A022B1049E7EE276A0A44C2EDB1
:108CB000006A7FF444A9B5E6224A1A23DE211A4845
:108CC0000192AA2200958DED130A0CF0CFFE9DEDC6
:108CD000130AB1EE400A0CE600223CE7DFED046A1D
:108CE000E6E600BF848E0020B4A20020948E00200F
:108CF0000000000084A30020BD378635588E002078
:108D0000A08E0020CDCC4C3FCDCCCC3D0AD7A33C8F
:108D1000A4CA0020B9CA0020B8CA002070CA002026
:108D200048120020488E0020209D00202C13002097
:108D3000AC110020A4110020E41100202417BD0074
:108D400058110020F4120020ECA20020D8A200202C
:108D5000F0B5B44883B00DF0C5FAB34DB1480BF08F
:108D600027FC322015F054FB2B68142B09D8002463
:108D70000120013415F04CFB2B68142B01D8192C61
:108D8000F6D1A84C00264FF4C065A84F20460BF042
:108D9000D7FBFF2320461A4619460CF04FFA20460F
:108DA0000CF0B0F8A24920460CF08EF94FF4A071F7
:108DB00020460CF0C7F9092120460CF06DFD322247
:108DC0003D213346204600960CF0E0FFE622334674
:108DD0004FF4D271204600960CF0D8FF7723792209
:108DE0007C2120460CF0D0FD924A1D23F021204624
:108DF000CDE900523E220CF039FE8F4A1B23F021B0
:108E00002046CDE900525F220CF030FE8B4A1B2336
:108E1000F0212046CDE9005276220CF027FE884A48
:108E20001B23F0212046CDE900528D220CF01EFEBE
:108E30003B78002B00F0928032463346C821204612
:108E40000CF0A2FD7F4A1B23F02120464FF4C066A0
:108E5000CDE90052A42200250CF008FEFF23714842
:108E60001A4619460CF090FD4FF4A0716D480CF0B5
:108E700069F909216B480CF00FFDDD2169480CF000
:108E8000E9F8CD22A5212B46664800950CF07EFF1F
:108E9000D0222B46D721634800950CF077FF77232B
:108EA00079227C215F480CF06FFD674BD022BC21FA
:108EB0005C48CDE900631C230CF0D8FDFF23594822
:108EC0001A4619460CF060FD4FF4A07155480CF09D
:108ED00039F9092153480CF0DFFCDE2151480CF030
:108EE000B9F82B46CD2240F213114E4800950CF0F4
:108EF0004DFF2B46D02240F245114A4800950CF018
:108F000045FF772379227C2146480CF03DFD4F4BED
:108F1000D0224FF495714348CDE900631C230CF037
:108F2000A5FD40480CF0E8FE94F82030DE2B10D070
:108F3000DD2B11D1464B1B7893B9012335214548D0
:108F40003B7016F097FF444803B0BDE8F04014F0C2
:108F5000CFBF424B1F221A6003B0F0BD404A72E7F8
:108F6000272240493C4816F047FC3B4814F0C0FF1C
:108F700016F0AEFF3C4814F017FFF6F7E9FB2A465F
:108F800029463A4814F010FD26480DF0ABF9FF23AE
:108F900024481A4619460CF051F922480BF0B2FF4A
:108FA000772379227C211F480CF0EEFC30481E23E9
:108FB0005022F021CDE900601A480CF057FD2D48F1
:108FC0001B237D22F021CDE9006016480CF04EFDF8
:108FD00029481B239622F021CDE9006011480CF0AE
:108FE00045FD26481A23BE22F021CDE900600D4838
:108FF0000CF03CFD22481A23D422F021CDE9006078
:1090000008480CF033FD07480CF076FE05480DF0DB
:109010007DF804480BF0CCFAC82015F0F9F91EF0E1
:1090200071FB00BF209D0020648E0020AECA00208E
:10903000F2F2F200D0140020E01400200C15002001
:109040003C15002068150020C0150020C415002024
:10905000B9CA0020CC150020488E002034C800205A
:109060008C15002004160020A0910020A4C7002029
:109070002C160020401600206816002090160020B4
:10908000C41600202DE9F04FDC4885B00DF02AF918
:10909000DB4DDA480BF08CFA322015F0B9F92B6869
:1090A000142B09D800240134012015F0B1F92B68E4
:1090B000192C01D0142BF6D9D04C0025DFF8609381
:1090C0004FF6FF7A2046DFF85C830BF039FAFF2376
:1090D0002046CC4F1A4619460CF0B0F820460BF04B
:1090E00011FF772379227C212046C74E0CF04CFCDF
:1090F000C6491E23202201914FF4C06120464FF043
:10910000A00B0091F0210CF0B1FC4FF47F41204600
:109110000CF060FBFF2320461A4619460CF034FC85
:10912000012120460CF0B8FB09232A464FF4C871F0
:10913000204600950CF02AFE772379227C212046D8
:109140000CF022FC1B232F223C212046CDE90059A4
:109150000CF08CFC18233F2240F259112046CDE937
:1091600000580CF083FC1823592240F25911204674
:10917000019700950CF07AFC1B232F224FF48C7181
:109180002046019600950CF071FCA14B7B223C21FE
:109190002046019300951B230CF068FC18238B22BA
:1091A00040F259112046CDE900580CF05FFC18231D
:1091B000A62240F259112046CDE900570CF056FC8A
:1091C0001B237B224FF48C712046CDE900560CF016
:1091D0004DFC1B23C8223C212046CDE900590CF050
:1091E00045FC1823D32240F2591120464FF02C0998
:1091F000CDE900580CF03AFC1823ED2240F2591149
:10920000204601970095834F0CF030FCC8221B23A9
:109210004FF48C712046DFF81082CDE900560CF037
:1092200025FC7D4E3B68FD21204609FB0363DB687E
:10923000009503EB4303DB00A8FB03233222DB0B87
:1092400001931B230CF064FC3B68322209FB03638F
:1092500019691B230095C1EB0110C1EB8001A8FB2C
:1092600001012046C90B019140F223110CF050FC82
:109270003B68FD21204609FB0363DB69009503EB96
:109280004303DB00A8FB03237B22DB0B01931B239F
:109290000CF03EFC3B687B2209FB0363196A1B232D
:1092A0000095C1EB0110C1EB8001A8FB0101204634
:1092B000C90B019140F223110CF02AFC3B68FD21FF
:1092C000204609FB03635B69009503EB4303DB0066
:1092D000A8FB0323C822DB0B01931B230CF018FC13
:1092E0003B68C82209FB036399691B230095C1EB06
:1092F0000110C1EB80012046A8FB01814FF0080856
:10930000C90B019140F223110CF002FC7B21204695
:109310000BF0A0FE414920460CF05CFA3B68CDF80A
:109320000CA04C2209FB0363362120469B89CDF813
:109330000080CDE901534FF48C730CF079F97B2355
:109340004C22362120460193CDF800804FF48C73D7
:109350000BF0B4FF7C2120460BF07CFECDF80CA076
:109360003B6868223621204609FB03631B8ACDF83F
:109370000080CDE901534FF48C730CF059F97C2334
:109380006822362120460193CDF800804FF48C737B
:109390000BF094FF7D2120460BF05CFE1F49204618
:1093A0000CF018FACDF80CA03B6898223621204624
:1093B00009FB03639B8BCDF80080CDE901534FF48B
:1093C0008C730CF035F97D239822362120460193C9
:1093D000CDF800804FF48C730BF070FF7E21204697
:1093E0000BF038FECDF80CA03B68B22236212046A7
:1093F00009FB03631B8CCDF8008017E0209D002043
:10940000648E00200817002094070020F01600202A
:109410000C170020C8C7002098C80020A9A9A900DF
:1094200004170020C81B002001800080CDE90153F3
:109430004FF48C730CF0FCF87E23B22236212046C8
:109440000193CDF800804FF48C730BF037FFA0210F
:1094500020460BF0FFFDCDF80CA03B68E122362141
:10946000204609FB03639B8ACDF80080CDE90153B8
:109470004FF48C730CF0DCF84FF48C73E12236213E
:109480002046CDF80080CDF804B00BF017FFA121E5
:1094900020460BF0DFFDCDF80CA03B68FB22362107
:1094A000204609FB03631B8BCDF80080CDE90153F7
:1094B0004FF48C730CF0BCF8A123FB22362120461C
:1094C0000193CDF800804FF48C730BF0F7FE5946F2
:1094D00020460BF037FE092120460CF0DDF95C2117
:1094E00020460BF0B7FD8F4920460BF0EDFD2B46D3
:1094F000EB2240F2A911204600950CF047FC2B46C8
:109500004FF485724FF4EE71204600950CF03EFC4E
:10951000FF2320461A4619460CF036FA4FF4C06174
:10952000814BFA2220460091019340F2C1111B2386
:109530000CF09CFA594620460BF004FE0921204607
:109540000CF0AAF9B02120460BF084FD75492046A5
:109550000BF0BAFD04222B462046114600950CF074
:1095600015FC2B4623223721204600950CF00EFCDB
:10957000FF2320461A4619460CF006FA6B4A4FF4B0
:10958000C0611B2320460192009114221F210CF080
:109590006DFA20460CF0B0FB237C7B3B262B1BD8BE
:1095A000DFE803F09DA4ABB21A1A1A1A1A1A1A1A93
:1095B0001A1A1A1A1A1A1A1A1A1A1A1A1A1A1A1A0B
:1095C0001A1A1A1A1A1A1A1A1A14B9002C223B68F3
:1095D00002FB0363628A5A6194F820305C2B04D04A
:1095E000B02B76D005B0BDE8F08F39682C27DFF8B6
:1095F000508101FB07F7DFF84CA13E440AEB8111D3
:10960000F368306903EB430E7569C0EB0014326AEE
:109610004FEACE0EC0EB840CA8FB0E3EB369A8FB4C
:109620000C0C05EB4505C3EB0310ED00C3EB800408
:10963000F069A8FB05354FEADC3CA8FB043400EBDD
:109640004000C2EB0213C000C2EB8303E40BA8FB93
:109650000323CCEB0C12A8FB0080C4EB0419DB0B3A
:109660004FF46168C00B4FEADE3EED0B92004FEA0B
:10967000890908FB0E2208FB05990A614A44C1F8D2
:109680001C90C1E90B03C3EB03139B0008FB0033E1
:10969000486B02448B621344254A9342C1E905ECAE
:1096A000C1E9085415D9234B012218371A60002349
:1096B000214AB818C6E90333C6E90533D3514360DC
:1096C0000B63C1E90433C1E90633C1E90833C1E9D9
:1096D0000A331A4B26221A6005B0BDE8F08F2C22FF
:1096E0003B6802FB0363628ADA6075E72C223B6801
:1096F00002FB0363628A1A616EE72C223B6802FB5D
:109700000363628ADA6167E72C223B6802FB03632A
:10971000628A1A6260E72C223B6802FB0363628A5A
:109720009A6159E7D9D9D90040080020AC07002038
:109730008051010024C700209CC8002034C80020AC
:1097400001800080608C00202DE9F04FAE4885B08C
:109750000CF0C8FDAD4DAC480AF02AFF322014F0E1
:1097600057FE2B68142B09D800240120013414F073
:109770004FFE2B68142B01D8192CF6D1A24C4FF4B4
:10978000C069A34F4FF02C082046A24E0AF0D8FE25
:10979000FF232046DFF8A8A21A4619460BF04EFD1B
:1097A00020460BF0AFFB772379227C212046002551
:1097B0000CF0EAF8984920221E2320464FF6FF7B42
:1097C000CDE90091F0210CF051F94FF47F41204692
:1097D0000CF000F83B6840F20911204608FB0363D7
:1097E0005B6A009503EB4303DB00AAFB03236222C1
:1097F000DB0B01931D230CF08BF93B68622208FB05
:109800000363996A1D230095C1EB0110C1EB800130
:109810002046AAFB01A14FF00B0AC90B01914FF49E
:109820009B710CF075F97D4B62224FF495712046C7
:10983000019300951D230CF019F9794B6122372112
:109840002046019300951D230CF010F9754B7822EA
:1098500040F263112046019300951D230CF006F998
:10986000714BB22240F263112046019300951D23F3
:109870000CF0FCF8802120460BF0ECFB6B492046F5
:109880000BF0A8FF3B68CDF80CB0822208FB036305
:10989000392120469B8CCDF800A0CDE901534FF42F
:1098A0008C730BF0C5FE8023822239212046019360
:1098B000CDF800A04FF48C730BF000FD8121204601
:1098C0000BF0C8FBCDF80CB03B68BE223621204619
:1098D00008FB03631B8DCDF800A0CDE901534FF4C5
:1098E0008C730BF0A5FE8123BE2236212046019306
:1098F000CDF800A04FF48C730BF0E0FCFF23204662
:109900001A4619460CF040F8012120460BF0C4FF1E
:1099100009232A464FF4C871204600950CF036FA08
:10992000A02120460BF00EFC092120460BF0B4FFCD
:109930005D2120460BF08EFB3D4920460BF0C4FB19
:109940002B46EB2240F2A911204600950CF01EFA9E
:109950002B464FF485724FF4EE71204600950CF0C3
:1099600015FAFF2320461A4619460CF00DF8314B24
:10997000FA2240F2C11120460193CDF800901B233A
:109980000CF074F8A02120460BF0DCFB09212046E6
:109990000BF082FFB12120460BF05CFB24492046EE
:1099A0000BF092FB04222B462046114600950CF04A
:1099B000EDF92B4623223721204600950CF0E6F9DD
:1099C000FF2320461A4619460BF0DEFF1A4A1B23D6
:1099D0001F2120460192CDF8009014220CF046F889
:1099E00020460CF089F9237C802B70D0812B29D064
:1099F00094F820305D2B2ED0B12B02D10F4B2622B4
:109A00001A6005B0BDE8F08F209D0020648E002014
:109A1000C8C7002098C80020101700209407002015
:109A20001C170020241700202C170020A9A9A9002A
:109A3000D9D9D90040080020AC07002034C8002044
:109A4000018000803B68628A08FB03639A6294F895
:109A500020305D2BD0D138682C21204C4FF4616729
:109A600000FB01F10E44D6E909231D4E02EB420230
:109A7000D200A4FB0252C3EB0315C3EB8503D20B48
:109A8000A4FB0343174C8501DB0B04EB8010C0E9FA
:109A90000E23C3EB03139B0007FB0233C769026964
:109AA00043633A44876A3A441344B342A6D9002335
:109AB0000D4A2031303504340C4E012737605350A5
:109AC00011442A194B6063515360C36396E73B68A6
:109AD000628A08FB03635A628AE700BF0180008044
:109AE00080510100608C00209CC8002024C7002009
:109AF000F0B5C94883B00CF0F5FBC84DC6480AF074
:109B000057FD322014F084FC2B68142B09D8002454
:109B10000134012014F07CFC2B68192C01D0142B8B
:109B2000F6D9BD4EBE4C30460AF00AFDFF23304642
:109B30001A4619460BF082FB30460BF0E3F9772307
:109B400079227C2130460BF01FFF2368002B40F068
:109B5000B28100251A23FC2240F24311AE48CDE920
:109B600000550BF0D5FF21681A23FC22AA48CDE945
:109B700000514FF4A6710BF0CBFFAA490024AA4D67
:109B80001A23FC22A448CDE9004140F255110BF004
:109B90006DFF29681A23FC22092900F3848140F211
:109BA00059119D48CDE900440BF0B2FF29681A23F2
:109BB000FC229948CDE900414FF4B1710BF0A8FFA8
:109BC00012F066FF20B1994B1968002900F09D81C1
:109BD000974800211A23FC22CDE9001040F26911B8
:109BE0008D480BF043FF934C2168092900F37D81D8
:109BF00000251A23FC2240F28B118748CDE900553D
:109C00000BF086FF21681A23FC228348CDE900511E
:109C100040F293110BF07CFF874D0024874F1A23ED
:109C2000FC2240F29B117C48CDE900450BF01EFF61
:109C30003A681A23092A00F34F81FC2240F2A1114D
:109C40007548CDE900440BF063FF3A681A2340F2EF
:109C5000A9117148CDE90042FC220BF059FF002404
:109C60001A23FC2240F2B1116B48CDE900450BF0FC
:109C7000FDFE73491A23FC2209684FF4C06566484B
:109C8000CDE9004140F2B7110BF042FFFF236248DB
:109C90001A4619460BF078FE01215F480BF0FCFDD7
:109CA000092322464FF4C8715B4800940CF06EF80B
:109CB0004FF4A07158480BF045FA092156480BF0B3
:109CC000EBFD604954480BF0FFF9502223465D211B
:109CD000514800940CF05AF8DC22234640F28311DC
:109CE0004D4800940CF052F8772379227C214A48A1
:109CF0000BF04AFE544A1C23F0214748CDE900529C
:109D00005A220BF0B3FE514943480BF0DDF998217C
:109D100041480BF09FF94FF45C713F480BF050FA4B
:109D200002213D480BF0B8FDAA2223463A481146CD
:109D300000940CF02BF8FF2337481A4619460BF015
:109D400023FE434A1B23AA213348CDE90052962221
:109D50000BF08CFEAA223F491B232F48CDE900516E
:109D600011460BF083FE3C4A1B23AA212A48CDE969
:109D70000052BE220BF07AFE344927480BF0A4F9BA
:109D8000992125480BF066F94FF45C7122480BF0DD
:109D900017FA022120480BF07FFDAA2223464FF438
:109DA0009B711D4800940BF0F1FFFF231A481A46DF
:109DB00019460BF0E9FD294A1B234FF49B71164805
:109DC000CDE900529C220BF051FE254A1B234FF493
:109DD0009B711148CDE90052B8220BF047FEA0213B
:109DE0000D480BF0AFF909210B480BF055FD9221FE
:109DF00009480BF02FF9154907480BF065F90422C3
:109E000023460548114600940BF0C0FF2322234649
:109E100037210148009425E0209D0020648E002019
:109E200080C700209407002090C7002010C70020A2
:109E3000A00700202CC70020A8070020A0C70020F2
:109E40008CCA0020F2F2F2009C090020D9D9D90076
:109E5000B4090020BC090020C4090020D00900205A
:109E6000D80900200BF092FFFF2332481A4619460A
:109E70000BF08AFD30491B2314222E48CDE90051F6
:109E80001F210BF0F3FD2B480BF036FF96F8203026
:109E9000982B45D0992B33D0922B02D1274B2922D6
:109EA0001A6003B0F0BDCDE90041224840F25911DB
:109EB0000BF02EFE84E612F0CBFD092820607FF720
:109EC00048AE00211A23FC22CDE900104FF4A17105
:109ED00030460BF01DFE50E6CDE9004240F29F11E6
:109EE000FC2214480BF014FEB9E600201A23FC22D1
:109EF000CDE9000140F289110E480BF009FE8BE616
:109F00000E4B34221A6003B0F0BD0D481A23FC2218
:109F1000CDE9001040F2691106480BF0A7FD62E69A
:109F2000084A2C20084B0549126808601A6003B0E3
:109F3000F0BD00BF209D0020AC07002034C80020E9
:109F40009807002048CA002044C70020F0B5B54853
:109F500083B00CF0C7F9B44DB2480AF029FB3220A7
:109F600014F056FA2B68142B09D800240134012070
:109F700014F04EFA2B68192C01D0142BF6D9A94DE8
:109F8000AA4C28460AF0DCFAFF2328461A4619464E
:109F90000BF054F928460AF0B5FF772379227C218B
:109FA00028460BF0F1FC2368002B40F021810026AD
:109FB0001A23062204219B48CDE900660BF0A8FD78
:109FC00021681A2306229748CDE900610E210BF083
:109FD0009FFD97490024974E1A2306229148CDE908
:109FE000004117210BF042FD31681A23062209298E
:109FF00000F3F7801C218B48CDE900440BF088FD6D
:10A0000031681A2306228748CDE9004125210BF04B
:10A010007FFD12F03DFD20B1874B1968002900F04B
:10A02000F780864800211A230622CDE900102B2153
:10A030007C480BF01BFD824C2168092900F3C78086
:10A0400000261A2306224B217648CDE900660BF044
:10A050005FFD21681A2306227248CDE9006155216F
:10A060000BF056FD774E0024774F1A2306225D2110
:10A070006C48CDE900460BF0F9FC3A681A23092A2E
:10A0800000F39D80062263216648CDE900440BF071
:10A090003FFD3A681A236B216248CDE9004206224F
:10A0A0000BF036FD00241A23062273215D48CDE90A
:10A0B00000460BF0DBFC65491A23062209684FF4C1
:10A0C000C0665848CDE9004179210BF021FD4FF4DD
:10A0D000A07154480BF036F8092152480BF0DCFB14
:10A0E0005B4950480AF0F0FF6422234650214D4856
:10A0F00000940BF04BFE962223464FF4C87149485A
:10A1000000940BF043FE772379227C2145480BF025
:10A110003BFC504A1D23F0214248CDE900627D22DC
:10A120000BF0A4FCFF233F481A4619460BF02CFC09
:10A1300001213C480BF0B0FB092322464FF4C871C3
:10A14000384800940BF022FE4FF4A07135480AF015
:10A15000F9FF092133480BF09FFB9B2131480AF09E
:10A1600079FF3D492F480AF0AFFFD1222346D22183
:10A170002C4800940BF00AFED42223464FF487713A
:10A18000284800940BF002FEFF2326481A46194681
:10A190000BF0FAFB31491B23D3222248CDE90061A1
:10A1A000F0210BF063FC1F480BF0A6FD95F8203062
:10A1B0009B2B02D12A4B36221A6003B0F0BDCDE9A9
:10A1C00000426121062217480BF0A2FC6AE700203A
:10A1D0001A230622CDE900014B2112480BF098FC0E
:10A1E00040E7CDE900410F481B210BF091FC10E73F
:10A1F00012F02EFC092820607FF7D9AE00211A2327
:10A200000622CDE90010042128460BF081FCE0E68F
:10A2100014481A230622CDE900102B2101480BF027
:10A2200025FC08E7209D0020648E002080C70020C8
:10A230009407002090C7002010C70020A00700202E
:10A240002CC70020A8070020A0C700208CCA00202F
:10A25000F2F2F200F4090020D9D9D900180A00203E
:10A2600034C800209807002070B5584C82B00025F3
:10A27000574920464FF4C0660AF026FF09212046C0
:10A280000BF00AFB462251212B46204600950BF08D
:10A290007DFDE6222B464FF4C871204600950BF059
:10A2A00075FD772379227C2120460BF06DFB494A0E
:10A2B0001C23F3212046CDE900625F220BF0D6FB80
:10A2C000454A1B2396212046CDE900527D220BF002
:10A2D000CDFB424A1B237B212046CDE900529B2225
:10A2E0000BF0C4FBFF2320461A4619460BF04CFB2B
:10A2F0004FF4A07120460AF025FF092120460BF0FB
:10A30000CBFA422120460AF0A5FECD222B46A521FC
:10A31000204600950BF03AFDD0222B46D72120464F
:10A3200000950BF033FD772379227C2120460BF03A
:10A330002BFB2B4A1C23BC212046CDE90062D022F6
:10A340000BF094FBFF2320461A4619460BF01CFB2A
:10A350004FF4A07120460AF0F5FE092120460BF0CB
:10A360009BFA432120460AF075FECD222B4640F28F
:10A370001311204600950BF009FDD0222B4640F228
:10A380004511204600950BF001FD772379227C21B1
:10A3900020460BF0F9FA134A1C234FF4957120461E
:10A3A000CDE90062D0220BF061FB94F82030422B03
:10A3B00007D0432B03D10C4A0C4B15601D6002B033
:10A3C00070BD094B01221A6002B070BD209D0020B3
:10A3D000F2F2F20034170020581700207417002002
:10A3E000981700209C17002034CA002038CA00208B
:10A3F0002DE9F041B34882B00BF074FFB24DB14883
:10A400000AF0D6F8322014F003F82B68142B09D880
:10A4100000240134012013F0FBFF2B68192C01D01C
:10A42000142BF6D9A74C00254FF4C066DFF8D48270
:10A4300020460AF085F8FF2320461A4619460AF0FE
:10A44000FDFE20460AF05EFD772379227C2120461E
:10A450000BF09AFA4FF4A07120460AF073FE09211E
:10A4600020460BF019FA994920460AF02DFE642285
:10A470005A212B46204600950BF088FC96222B464D
:10A480004FF4C371204600950BF080FCFF2320465B
:10A490001A4619460BF078FA012120460BF0FCF918
:10A4A00001232A464FF4C871204600950BF06EFC3C
:10A4B000A02120460AF046FE092120460BF0ECF9C7
:10A4C0000F2120460AF0C6FD814920460AF0FCFD16
:10A4D00004222B462046114600950BF057FC232200
:10A4E0002B463721204600950BF050FCFF232046D9
:10A4F0001A4619460BF048FA764A1B231F212046BC
:10A50000CDE9006214220BF0B1FAFFF7ADFED8F8E6
:10A510000070012F33D0704B1B6813B96F4B0422AE
:10A520001A6068480BF0E8FB94F820300F2B20D01D
:10A53000122B02D002B0BDE8F0810020684A412110
:10A54000684BC8F800008220116067491D680860E8
:10A550001A681C681968654B65481A60654A056089
:10A560005E4B65481160082204601A6002B0BDE8C5
:10A57000F0815A4B04221A6002B0BDE8F081FF233B
:10A5800020461A4619460AF059FE20460AF0BAFC3F
:10A5900020464FF4A0710AF0D5FD204609210BF0AA
:10A5A0007BF9204649490AF08FFD2B46204664225C
:10A5B0005A2100950BF0EAFB2B46204696224FF4D9
:10A5C000C37100950BF0E2FBFF2320461A461946A3
:10A5D0000BF0DAF9394620460BF05EF93B462A4685
:10A5E00020464FF4C87100950BF0D0FB2046A02107
:10A5F0000AF0A8FD204609210BF04EF920460F2154
:10A600000AF028FD204632490AF05EFD04222B465E
:10A610002046114600950BF0B9FB2B46204623221D
:10A62000372100950BF0B2FBFF2320461A4619464E
:10A630000BF0AAF9274B2046142201931F211B235C
:10A6400000960BF013FA2046772379227C210BF039
:10A650009BF92A4B7D222046F021CDE900631D2382
:10A660000BF004FA20464FF4A0710AF06BFD20466F
:10A6700009210BF011F9204612210AF0EBFC2046CB
:10A6800013490AF021FD2B462046D122D7210095FF
:10A690000BF07CFB2B462046D42240F2091100959A
:10A6A0000BF074FBFF2320461A4619460BF06CF999
:10A6B000134A1B23F0212046CDE90062D3220BF080
:10A6C000D5F928E7209D0020648E0020F2F2F200E8
:10A6D000D9D9D900AC07002038CA002034C80020DE
:10A6E000F892002048CA0020FC92002038C70020C1
:10A6F00034C7002040C700203CC70020A01700201E
:10A70000D412002034CA0020F0B57B4883B00BF08F
:10A71000E9FD7A4D784809F04BFF322013F078FEBE
:10A720002B68142B09D800240134012013F070FE8B
:10A730002B68192C01D0142BF6D96F4C00254FF43F
:10A74000C0666F4F204609F0FBFEFF2320461A46E5
:10A7500019460AF073FD20460AF0D4FB4FF4A071AD
:10A7600020460AF0EFFC092120460BF095F86549D8
:10A7700020460AF0A9FC64225A212B462046009567
:10A780000BF004FB96222B464FF4C3712046009534
:10A790000BF0FCFA772379227C2120460BF0F4F8A9
:10A7A000594A1D23F0212046CDE900627D220BF09D
:10A7B0005DF9FF2320461A4619460BF0E5F8012102
:10A7C00020460BF069F802232A464FF4C871204650
:10A7D00000950BF0DBFA4FF4A07120460AF0B2FCB2
:10A7E000092120460BF058F8212120460AF032FCBE
:10A7F000464920460AF068FC2B46D122D721204644
:10A8000000950BF0C3FA2B46D42240F209112046E2
:10A8100000950BF0BBFAFF2320461A4619460BF0B1
:10A82000B3F83B4BD322F0212046019300961B2323
:10A830000BF01CF9A02120460AF084FC09212046D7
:10A840000BF02AF81E2120460AF004FC2F4920466E
:10A850000AF03AFC04222B462046114600950BF0E4
:10A8600095FA2B4623223721204600950BF08EFACD
:10A87000FF2320461A4619460BF086F8254B142272
:10A880001F212046019300961B230BF0EFF8FFF7E2
:10A89000EBFC3B68012B51D017480BF02DFA1E4BF7
:10A8A0001B6813B91D4B0B221A6094F820301E2B25
:10A8B0001DD0212B01D003B0F0BD0020184A40214B
:10A8C000184B38609620116017491D6808601A6897
:10A8D0001C681968154B16481A60164A05600F4B1C
:10A8E000154811600F2204601A6003B0F0BD0B4BD5
:10A8F0000B221A6003B0F0BD209D0020648E002062
:10A9000034CA0020F2F2F200A0170020D9D9D900F1
:10A91000D4120020AC07002038CA002034C8002020
:10A92000F892002048CA0020FC92002040C7002076
:10A9300034C700203CC7002038C70020FF23204632
:10A940001A4619460AF07AFC20460AF0DBFA772309
:10A95000792220467C210BF017F820464FF4A07195
:10A960000AF0F0FB204609210AF096FF20465549DF
:10A970000AF0AAFB2B46204664225A2100950BF0D0
:10A9800005FA2B46962220464FF4C37100950BF032
:10A99000FDF92046A0210AF0D5FB204609210AF046
:10A9A0007BFF204648490AF08FFB2B4620460422B5
:10A9B00040F2A71100950BF0E9F92B46204623221F
:10A9C0004FF4EF7100950BF0E1F9FF2320461A4692
:10A9D00019460AF0D9FF3D4B1422204601934FF44B
:10A9E000E0711B2300960BF041F82046A0210AF0ED
:10A9F000A9FB204609210AF04FFF20461E210AF03C
:10AA000029FB204632490AF05FFB04222B462046F0
:10AA1000114600950BF0BAF92B4620462322372128
:10AA200000950BF0B3F9FF2320461A4619460AF0A9
:10AA3000ABFF284B204614221F21CDE900631B23C6
:10AA40000BF014F82046772379227C210AF09CFF32
:10AA5000214B7D222046F021CDE900631D230BF020
:10AA600005F820464FF4A0710AF06CFB204609213E
:10AA70000AF012FF204621210AF0ECFA2046144980
:10AA80000AF022FB2B462046D122D72100950BF05D
:10AA90007DF92B462046D42240F2091100950BF097
:10AAA00075F9FF2320461A4619460AF06DFF0B4A36
:10AAB0001B23F0212046CDE90062D3220AF0D6FF05
:10AAC000EAE600BFF2F2F20033660700C01700208A
:10AAD000D9D9D900AC070020A0170020D41200203B
:10AAE0002DE9F041CF4882B00BF0FCFBCE4DCD48B4
:10AAF00009F05EFD322013F08BFC2B68142B09D873
:10AB000000240134012013F083FC2B68192C01D0A0
:10AB1000142BF6D9C34C00254FF4C066C34F204612
:10AB200009F00EFDFF2320461A4619460AF086FB5F
:10AB300020460AF0E7F94FF4A07120460AF002FB24
:10AB4000092120460AF0A8FEB94920460AF0BCFABD
:10AB500064225A212B46204600950BF017F99622C5
:10AB60002B464FF4C371204600950BF00FF9772365
:10AB700079227C2120460AF007FFAE4A1D23F021EE
:10AB80002046CDE900627D220AF070FFFF232046B7
:10AB90001A4619460AF0F8FE012120460AF07CFE0A
:10ABA00003232A464FF4C871204600950BF0EEF8B7
:10ABB0004FF4A07120460AF0C5FA092120460AF098
:10ABC0006BFE2F2120460AF045FA9B4920460AF0E9
:10ABD0007BFA2B46D122D721204600950BF0D6F8E0
:10ABE0002B46D42240F20911204600950BF0CEF8F6
:10ABF000FF2320461A4619460AF0C6FE8F4BD32281
:10AC0000F0212046019300961B230AF02FFFA0217C
:10AC100020460AF097FA092120460AF03DFE2C2131
:10AC200020460AF017FA844920460AF04DFA042219
:10AC30002B462046114600950BF0A8F82B46232200
:10AC40003721204600950BF0A1F8FF2320461A4635
:10AC500019460AF099FE7A4B14221F2120460193CF
:10AC600000961B230AF002FFFFF7FEFAD7F80080D8
:10AC7000B8F1010F32D0734B1B6813B9724B12221B
:10AC80001A6068480BF038F894F820302C2B1FD04D
:10AC90002F2B02D002B0BDE8F08100206B4A342196
:10ACA0006B4B38606E2011606A491D6808601A6835
:10ACB0001C681968684B69481A60694A0560624BEC
:10ACC00068481160162204601A6002B0BDE8F08185
:10ACD0005D4B12221A6002B0BDE8F081FF232046CE
:10ACE0001A4619460AF0AAFA20460AF00BF920463D
:10ACF0004FF4A0710AF026FA204609210AF0CCFD93
:10AD000020464B490AF0E0F92B46204664225A219E
:10AD100000950BF03BF82B46204696224FF4C3716A
:10AD200000950BF033F8FF2320461A4619460AF027
:10AD30002BFE414620460AF0AFFD2A46032320465B
:10AD40004FF4C87100950BF021F82046A0210AF0BD
:10AD5000F9F9204609210AF09FFD20462C210AF02E
:10AD600079F9204634490AF0AFF904222B462046EF
:10AD7000114600950BF00AF82B4620462322372176
:10AD800000950BF003F8FF2320461A4619460AF0F7
:10AD9000FBFD2B4B204614221F21CDE900631B2312
:10ADA0000AF064FE2046772379227C210AF0ECFD2C
:10ADB000204B7D222046F021CDE900631D230AF0BF
:10ADC00055FE20464FF4A0710AF0BCF92046092137
:10ADD0000AF062FD20462F210AF03CF92046164970
:10ADE0000AF072F92B462046D122D72100950AF0AD
:10ADF000CDFF2B462046D42240F2091100950AF0DF
:10AE0000C5FFFF2320461A4619460AF0BDFD0B4A2E
:10AE10001B23F0212046CDE90062D3220AF026FE52
:10AE200029E700BF209D0020648E002034CA002046
:10AE3000F2F2F200A0170020D9D9D900D4120020D4
:10AE4000AC07002038CA002034C80020F892002047
:10AE500048CA0020FC92002038C7002034C70020D8
:10AE600040C700203CC700202DE9F041B34882B024
:10AE70000BF038FAB24DB14809F09AFB322013F0CA
:10AE8000C7FA2B68142B09D800240134012013F0D1
:10AE9000BFFA2B68192C01D0142BF6D9A74C00252A
:10AEA0004FF4C066A74F204609F04AFBFF23204617
:10AEB0001A4619460AF0C2F920460AF023F8772309
:10AEC00079227C2120460AF05FFD4FF4A0712046D4
:10AED0000AF038F9092120460AF0DEFC9A4920469A
:10AEE0000AF0F2F864225A212B46204600950AF017
:10AEF0004DFF96222B464FF4C371204600950AF071
:10AF000045FFFF2320461A4619460AF03DFD012160
:10AF100020460AF0C1FC06232A464FF4C871204699
:10AF200000950AF033FFA02120460AF00BF9092111
:10AF300020460AF0B1FCAD2120460AF08BF8834987
:10AF400020460AF0C1F804222B46204611460095FF
:10AF50000AF01CFF23222B463721204600950AF0D9
:10AF600015FFFF2320461A4619460AF00DFD784AC0
:10AF70001B231F212046CDE9006214220AF076FD32
:10AF8000FFF772F9D7F80080B8F1010F32D0714B9A
:10AF90001B6813B9704B19221A6068480AF0ACFE9E
:10AFA00094F820303D2B0AD0AD2B02D002B0BDE882
:10AFB000F081694B19221A6002B0BDE8F0810020CF
:10AFC000664A4121664B38608220116065491D68E0
:10AFD00008601A681C681968634B64481A60644A00
:10AFE00005605D4B634811601D2204601A6002B069
:10AFF000BDE8F081FF2320461A4619460AF01EF9E3
:10B00000204609F07FFF20464FF4A0710AF09AF81D
:10B01000204609210AF040FC20464B490AF054F82A
:10B020002B46204664225A2100950AF0AFFE2B469B
:10B03000204696224FF4C37100950AF0A7FEFF2325
:10B0400020461A4619460AF09FFC414620460AF05F
:10B0500023FC2A46062320464FF4C87100950AF0C7
:10B0600095FE2046A0210AF06DF8204609210AF03D
:10B0700013FC2046AD2109F0EDFF204633490AF0CC
:10B0800023F804222B462046114600950AF07EFE46
:10B090002B4620462322372100950AF077FEFF2316
:10B0A00020461A4619460AF06FFC294B2046142206
:10B0B00001931F211B2300960AF0D8FC204677231A
:10B0C00079227C210AF060FC2B4B7D222046F02166
:10B0D000CDE900631D230AF0C9FC20464FF4A0719E
:10B0E0000AF030F8204609210AF0D6FB20463D211F
:10B0F00009F0B0FF2046154909F0E6FF2B4620462F
:10B10000D122D72100950AF041FE2B462046D422B9
:10B1100040F2091100950AF039FEFF2320461A4635
:10B1200019460AF031FC154A1B23F0212046CDE9CF
:10B130000062D3220AF09AFC29E700BF209D00207C
:10B14000648E002034CA0020F2F2F200D9D9D9006E
:10B15000AC07002038CA002034C80020F892002034
:10B1600048CA0020FC92002038C7002034C70020C5
:10B1700040C700203CC70020A0170020D4120020A8
:10B180002DE9F041CF4882B00BF0ACF8CE4DCD4860
:10B1900009F00EFA322013F03BF92B68142B09D872
:10B1A00000240134012013F033F92B68192C01D04D
:10B1B000142BF6D9C34C00254FF4C066C34F20466C
:10B1C00009F0BEF9FF2320461A4619460AF036F860
:10B1D000204609F097FE4FF4A071204609F0B2FF17
:10B1E000092120460AF058FBB949204609F06CFFB6
:10B1F00064225A212B46204600950AF0C7FD96226C
:10B200002B464FF4C371204600950AF0BFFD77230B
:10B2100079227C2120460AF0B7FBAE4A1D23F0219B
:10B220002046CDE900627D220AF020FCFF23204663
:10B230001A4619460AF0A8FB012120460AF02CFB09
:10B2400005232A464FF4C871204600950AF09EFD5A
:10B250004FF4A071204609F075FF092120460AF03D
:10B260001BFB8B21204609F0F5FE9B49204609F087
:10B270002BFF2B46D122D721204600950AF086FDD0
:10B280002B46D42240F20911204600950AF07EFD9B
:10B29000FF2320461A4619460AF076FB8F4BD3222D
:10B2A000F0212046019300961B230AF0DFFBA0212A
:10B2B000204609F047FF092120460AF0EDFA8821CF
:10B2C000204609F0C7FE8449204609F0FDFE04220D
:10B2D0002B462046114600950AF058FD2B462322A6
:10B2E0003721204600950AF051FDFF2320461A46DB
:10B2F00019460AF049FB7A4B14221F21204601937C
:10B3000000961B230AF0B2FBFEF7AEFFD7F80080D1
:10B31000B8F1010F32D0734B1B6813B9724B2F2257
:10B320001A6068480AF0E8FC94F82030882B1FD097
:10B330008B2B02D002B0BDE8F08100206B4A342193
:10B340006B4B38606E2011606A491D6808601A688E
:10B350001C681968684B69481A60694A0560624B45
:10B3600068481160332204601A6002B0BDE8F081C1
:10B370005D4B2F221A6002B0BDE8F081FF2320460A
:10B380001A46194609F05AFF204609F0BBFD20462F
:10B390004FF4A07109F0D6FE204609210AF07CFA8C
:10B3A00020464B4909F090FE2B46204664225A2144
:10B3B00000950AF0EBFC2B46204696224FF4C37111
:10B3C00000950AF0E3FCFF2320461A4619460AF0CE
:10B3D000DBFA414620460AF05FFA2A46052320465A
:10B3E0004FF4C87100950AF0D1FC2046A02109F065
:10B3F000A9FE204609210AF04FFA2046882109F0CB
:10B4000029FE2046344909F05FFE04222B462046DF
:10B41000114600950AF0BAFC2B462046232237211C
:10B4200000950AF0B3FCFF2320461A4619460AF09D
:10B43000ABFA2B4B204614221F21CDE900631B23BE
:10B440000AF014FB2046772379227C210AF09CFA2B
:10B45000204B7D222046F021CDE900631D230AF018
:10B4600005FB20464FF4A07109F06CFE204609212F
:10B470000AF012FA20468B2109F0ECFD204616490D
:10B4800009F022FE2B462046D122D72100950AF052
:10B490007DFC2B462046D42240F2091100950AF08B
:10B4A00075FCFF2320461A4619460AF06DFA0B4A2E
:10B4B0001B23F0212046CDE90062D3220AF0D6FA00
:10B4C00029E700BF209D0020648E002034CA0020A0
:10B4D000F2F2F200A0170020D9D9D900D41200202E
:10B4E000AC07002038CA002034C80020F8920020A1
:10B4F00048CA0020FC92002038C7002034C7002032
:10B5000040C700203CC700202DE9F041824882B0AE
:10B510000AF0E8FE814D804809F04AF8322012F026
:10B5200077FF2B68142B09D800240134012012F076
:10B530006FFF2B68192C01D0142BF6D9764C0025FF
:10B540004FF4C066764F204608F0FAFFFF232046EE
:10B550001A46194609F072FE204609F0D3FC4FF452
:10B56000A071204609F0EEFD092120460AF094F969
:10B570006C49204609F0A8FD64225A212B4620463A
:10B5800000950AF003FC96222B464FF4C371204627
:10B5900000950AF0FBFB772379227C2120460AF0F4
:10B5A000F3F9614A1D23F0212046CDE900627D2296
:10B5B0000AF05CFAFF2320461A4619460AF0E4F91D
:10B5C000012120460AF068F909232A464FF4C87180
:10B5D000204600950AF0DAFB4FF4A071204609F0EE
:10B5E000B1FD092120460AF057F99A21204609F0B9
:10B5F00031FD4E49204609F067FD2B46D122D72167
:10B60000204600950AF0C2FB2B46D42240F20911D5
:10B61000204600950AF0BAFBFF2320461A46194639
:10B620000AF0B2F9424BD322F02120460193009652
:10B630001B230AF01BFAA021204609F083FD0921F3
:10B6400020460AF029F99421204609F003FD3749E4
:10B65000204609F039FD04222B462046114600956C
:10B660000AF094FB2B4623223721204600950AF04E
:10B670008DFBFF2320461A4619460AF085F92D4B0B
:10B6800014221F212046019300961B230AF0EEF995
:10B69000FEF7EAFDD7F80080B8F1010F62D0264B23
:10B6A0001B6813B9254B29221A601B480AF024FB9A
:10B6B00094F82030942B29D09A2B02D002B0BDE808
:10B6C000F0811F4B1F4A1B689B01D358002B00F0D1
:10B6D000EC80012B05D11C4934201C4B80220860D2
:10B6E0001A601B4B00201B491C681B4A0C60196820
:10B6F0001C6811601968194A104B386011603622B5
:10B7000017481A60046002B0BDE8F0810B4B2B2291
:10B710001A6002B0BDE8F081209D0020648E0020F8
:10B7200034CA0020F2F2F200A0170020D9D9D900C3
:10B73000D4120020AC07002038CA002034C80020F2
:10B74000C8C70020608C0020F8920020FC920020E6
:10B7500048CA002034C7002040C700203CC7002052
:10B7600038C70020FF2320461A46194609F066FD17
:10B77000204609F0C7FB20464FF4A07109F0E2FC17
:10B78000204609210AF088F820464B4909F09CFC24
:10B790002B46204664225A2100950AF0F7FA2B46E0
:10B7A000204696224FF4C37100950AF0EFFAFF236A
:10B7B00020461A4619460AF0E7F8414620460AF0A4
:10B7C0006BF82A46092320464FF4C87100950AF009
:10B7D000DDFA2046A02109F0B5FC204609210AF037
:10B7E0005BF82046942109F035FC2046334909F0E6
:10B7F0006BFC04222B462046114600950AF0C6FA3F
:10B800002B4620462322372100950AF0BFFAFF235A
:10B8100020461A4619460AF0B7F8294B204614224A
:10B820001F21CDE900631B230AF020F9204677236E
:10B8300079227C210AF0A8F8224B7D222046F021B3
:10B84000CDE900631D230AF011F920464FF4A071E1
:10B8500009F078FC204609210AF01EF820469A21BA
:10B8600009F0F8FB2046154909F02EFC2B4620462E
:10B87000D122D72100950AF089FA2B462046D422FE
:10B8800040F2091100950AF081FAFF2320461A467A
:10B8900019460AF079F80C4A1B23F0212046CDE91D
:10B8A0000062D3220AF0E2F8F9E608494020084B8A
:10B8B000962208601A6014E7F2F2F200D9D9D90092
:10B8C000AC070020A0170020D4120020F89200201E
:10B8D000FC92002070B5B04884B00AF003FDAF4D73
:10B8E000AD4808F065FE322012F092FD2B68142B53
:10B8F00009D800240120013412F08AFD2B68142B92
:10B9000001D8192CF6D1A44C00254FF4C06620466E
:10B9100008F016FEFF2320461A46194609F08EFC51
:10B92000204609F0EFFA9E49204609F0CDFB4FF47E
:10B93000A071204609F006FC0921204609F0ACFF61
:10B9400032223D212B46204600950AF01FFAE622BE
:10B950002B464FF4D271204600950AF017FA772350
:10B9600079227C2120460AF00FF88E4A1D23F3210C
:10B970002046CDE900623C220AF078F88A4A1C236E
:10B98000F0212046CDE9006269220AF06FF8874A6B
:10B990001B2396212046CDE900527D220AF066F84D
:10B9A000834A1B2396212046CDE900529B220AF0B0
:10B9B0005DF8FF2320461A46194609F0E5FF4FF4CB
:10B9C000A071204609F0BEFB0921204609F064FF62
:10B9D0004821204609F03EFBCD222B46A5212046DA
:10B9E00000950AF0D3F9D0222B46D72120460095A6
:10B9F0000AF0CCF9772379227C21204609F0C4FF94
:10BA00006C4A1C23BC212046CDE90062D0220AF0FA
:10BA10002DF8FF2320461A46194609F0B5FF4FF4CA
:10BA2000A071204609F08EFB0921204609F034FF61
:10BA30004921204609F00EFBCD222B4640F213117E
:10BA4000204600950AF0A2F9D0222B4640F245117B
:10BA5000204600950AF09AF9772379227C21204626
:10BA600009F092FF544A1C234FF495712046CDE90A
:10BA70000062D02209F0FAFF20460AF03DF994F85E
:10BA80002030482B5FD0492B5BD14C4C2368083BBE
:10BA9000362B4ED8DFE813F073004D004D004D00FB
:10BAA0004D004D004D00AC004D004D004D004D00CF
:10BAB0004D004D00C3004D004D004D004D004D00A8
:10BAC0004D00D0004D004D004D004D004D004D008B
:10BAD0004D004D004D004D004D004D004D004D00FE
:10BAE0004D004D004D004D004D004D004D00DD005E
:10BAF0004D004D0037004D004D004D004D004D00F4
:10BB00004D004D006600012504224FF4A66103A8F4
:10BB10000026039512F06EFF042203A840F23C5168
:10BB2000039612F067FF264B264A1D60264B1560D0
:10BB30001E600021642012F0BDFE0023234A236012
:10BB4000136004B070BD224B012422491D600968B6
:10BB5000214B1A4A1960214812681C4B04601A6074
:10BB600004B070BD0125042240F2345103A80395AE
:10BB700012F040FF1A4A1B4B15601D60D9E70125E2
:10BB8000042240F21C5103A8039512F033FF164A19
:10BB9000164B15601D60CCE7209D0020648E0020B0
:10BBA000F2F2F200CC170020D81700200018002075
:10BBB00018180020981700209C17002038C8002073
:10BBC000589100205C91002060CA002034C80020F9
:10BBD0003CCA002048CA002040C7002040CA0020BC
:10BBE0007C910020789100206C91002068910020C9
:10BBF000012504224FF4A46103A80026039512F046
:10BC0000F9FE042203A84FF4A761039612F0F2FE96
:10BC1000164B174A1D60174B15601E6089E70125FA
:10BC2000042240F2245103A8039512F0E3FE124AC5
:10BC3000124B15601D607CE7012504224FF4A561BD
:10BC400003A8039512F0D6FE0D4A0E4B15601D6039
:10BC50006FE70125042240F22C5103A8039512F04E
:10BC6000C9FE094A094B15601D6062E7509100202A
:10BC7000549100205CCA0020649100206091002053
:10BC80008891002084910020749100207091002000
:10BC900070B5584C82B00025574920464FF4C06615
:10BCA00009F012FA0921204609F0F6FD4622512139
:10BCB0002B46204600950AF069F8E6222B464FF401
:10BCC000C871204600950AF061F8772379227C211B
:10BCD000204609F059FE494A1C23F3212046CDE9AC
:10BCE00000625F2209F0C2FE454A1B23AA212046BA
:10BCF000CDE900527D2209F0B9FE424A1B238C2176
:10BD00002046CDE900529B2209F0B0FEFF232046D9
:10BD10001A46194609F038FE4FF4A071204609F082
:10BD200011FA0921204609F0B7FD4421204609F007
:10BD300091F9CD222B46A521204600950AF026F840
:10BD4000D0222B46D721204600950AF01FF87723F2
:10BD500079227C21204609F017FE2B4A1C23BC21A6
:10BD60002046CDE90062D02209F080FEFF23204664
:10BD70001A46194609F008FE4FF4A071204609F052
:10BD8000E1F90921204609F087FD4521204609F007
:10BD900061F9CD222B4640F213112046009509F09F
:10BDA000F5FFD0222B4640F245112046009509F0C0
:10BDB000EDFF772379227C21204609F0E5FD134A27
:10BDC0001C234FF495712046CDE90062D02209F082
:10BDD0004DFE94F82030442B08D0452B04D10C495B
:10BDE00001220C4B0D601A6002B070BD094B1D6042
:10BDF00002B070BD209D0020F2F2F2003417002046
:10BE00003018002048180020981700209C170020A8
:10BE10006CC7002070C7002070B5584C82B0002558
:10BE2000574920464FF4C06609F04EF909212046D3
:10BE300009F032FD462251212B462046009509F09B
:10BE4000A5FFE6222B464FF4C8712046009509F065
:10BE50009DFF772379227C21204609F095FD494AF0
:10BE60001C23F3212046CDE900625F2209F0FEFD8C
:10BE7000454A1B23AA212046CDE900527D2209F024
:10BE8000F5FD424A1B23AA212046CDE900529B2200
:10BE900009F0ECFDFF2320461A46194609F074FD0F
:10BEA0004FF4A071204609F04DF90921204609F010
:10BEB000F3FC4621204609F0CDF8CD222B46A521E2
:10BEC0002046009509F062FFD0222B46D72120465C
:10BED000009509F05BFF772379227C21204609F049
:10BEE00053FD2B4A1C23BC212046CDE90062D02201
:10BEF00009F0BCFDFF2320461A46194609F044FD0F
:10BF00004FF4A071204609F01DF90921204609F0DF
:10BF1000C3FC4721204609F09DF8CD222B4640F274
:10BF200013112046009509F031FFD0222B4640F234
:10BF300045112046009509F029FF772379227C21BD
:10BF4000204609F021FD134A1C234FF49571204629
:10BF5000CDE90062D02209F089FD94F82030462B0B
:10BF600008D0472B04D10C4901220C4B0D601A60FC
:10BF700002B070BD094B1D6002B070BD209D002055
:10BF8000F2F2F20034170020301800206818002068
:10BF9000981700209C1700203CCA002040CA0020AF
:10BFA00070B53C4C82B000253B4920464FF4C0663A
:10BFB00009F08AF80921204609F06EFC4622512139
:10BFC0002B462046009509F0E1FEE6222B464FF471
:10BFD000C8712046009509F0D9FE772379227C218B
:10BFE000204609F0D1FC2D4A1C23F0212046CDE942
:10BFF00000625F2209F03AFD294A1B236E21204688
:10C00000CDE900527D2209F031FD264A1B23B421DF
:10C010002046CDE90052912209F028FDFF23204659
:10C020001A46194609F0B0FC4FF4A071204609F0F9
:10C0300089F80921204609F02FFC9E21204609F0AD
:10C0400009F8CD222B46DC212046009509F09EFE02
:10C05000D0222B464FF487712046009509F096FEBA
:10C06000772379227C21204609F08EFC0E4A1C237E
:10C07000F5212046CDE90062CF2209F0F7FC94F8C3
:10C0800020309E2B04D109492622094B0D601A60ED
:10C0900002B070BD209D0020F2F2F2008018002056
:10C0A000A0180020C4180020D418002024C70020A5
:10C0B00034C8002030B5AC4883B00AF013F9AB4D5A
:10C0C000A94808F075FA322012F0A2F92B68142B57
:10C0D00009D800240120013412F09AF92B68142B9E
:10C0E00001D8192CF6D1A0484FF4C06508F028FA01
:10C0F000FF239D4800241A46194609F09FF89A48E4
:10C1000008F000FF772379227C21974809F03CFC56
:10C1100097481E232022F021CDE90050924809F0D3
:10C12000A5FC4FF47F41904809F054FBFF238E4853
:10C130001A46194609F028FC01218B4809F0ACFB8E
:10C14000092322464FF4C8718748009409F01EFE67
:10C150008849854808F0B8FFC021834808F07AFF75
:10C160004FF48C71804808F0EDFF03217E4809F000
:10C1700093FB6C2223466E217B48009409F006FE57
:10C180006C2223464FF4B9717748009409F0FEFD04
:10C19000FF2375481A46194609F0F6FB76491B231A
:10C1A0006C227148CDE90051FA2109F05FFC714918
:10C1B0006D4808F089FFC3216B4808F04BFF4FF42E
:10C1C0008C71694808F0BEFF0321674809F064FBE1
:10C1D000B42223467D216448009409F0D7FDB4229F
:10C1E000234640F263116048009409F0CFFDFF231D
:10C1F0005D481A46194609F0C7FB60491B23B42263
:10C200005948CDE90051F12109F030FCA0215648F0
:10C2100008F098FF0921544809F03EFB5B21524881
:10C2200008F018FF5349504808F04EFFEB22234610
:10C2300040F2A9114C48009409F0A8FD4FF4857212
:10C2400023464FF4EE714848009409F09FFDFF2308
:10C2500045481A46194609F097FB49491B23FA221B
:10C260004148CDE9005140F2C11109F0FFFBA02186
:10C270003D4808F067FF09213B4809F00DFBAF215D
:10C28000394808F0E7FE3B49374808F01DFF042213
:10C29000234635481146009409F078FD23222346B1
:10C2A00037213148009409F071FDFF232E481A46CA
:10C2B000194609F069FB33481B2314221F21CDE9DD
:10C2C0000050294809F0D2FB2F4B1B68012B15D0D9
:10C2D000254C204609F010FD94F82030C22B06D8DA
:10C2E000BF2B0ED9294B27221A6003B030BDC32BB8
:10C2F000FBD1264B28221A6003B030BDFFF750FE59
:10C30000E6E75B2B29D1224B224A1B68224902EB2C
:10C3100083121369D469906A2344526B0344134413
:10C320008B4202D81D4B01221A604FF4A07240F2DA
:10C330003B71184812F05EFBDC2240F25F61184846
:10C3400012F058FB0A2240F69801164812F052FBF0
:10C350000E4B29221A6003B030BDAF2BC5D10B4B59
:10C360003F221A6003B030BD209D0020648E002063
:10C3700088090020D9D9D900DC1800201C1700201A
:10C3800040080020AC07002024C7002034C800204B
:10C39000C8C70020608C00207F51010028C7002002
:10C3A00098C8002018C7002070B53C4C82B000250A
:10C3B0003B4920464FF4C06608F086FE092120461E
:10C3C00009F06AFA462228212B462046009509F0FA
:10C3D000DDFCDC222B464FF4DC712046009509F091
:10C3E000D5FC772379227C21204609F0CDFA2D4A0D
:10C3F0001C23F0212046CDE900624B2209F036FBD8
:10C40000294A1B236E212046CDE90052692209F0FA
:10C410002DFB264A1B23B4212046CDE9005282225F
:10C4200009F024FBFF2320461A46194609F0ACFA0E
:10C430004FF4A071204608F085FE0921204609F03E
:10C440002BFA9F21204608F005FEB9222B46DC215D
:10C450002046009509F09AFCBC222B464FF48771C8
:10C460002046009509F092FC772379227C21204612
:10C4700009F08AFA0E4A1C23F5212046CDE9006214
:10C48000BB2209F0F3FA94F820309F2B04D109491C
:10C490002622094B0D601A6002B070BD209D00205D
:10C4A000F2F2F200EC180020A0180020C4180020BE
:10C4B000D418002028C7002034C800202DE9F047F8
:10C4C000704882B009F00EFF6F4D6E4808F070F8AA
:10C4D000322011F09DFF2B68142B09D80024012075
:10C4E000013411F095FF2B68142B01D8192CF6D1CB
:10C4F000644D0024654E4FF4C0682846644F08F030
:10C500001FF8FF2328461A46194608F097FE2846CA
:10C5100008F0F8FC772379227C21284609F034FAC8
:10C52000FF2328461A46194609F02EFA012128460B
:10C5300009F0B2F9224609234FF4C8712846009445
:10C5400009F024FC4FF4A071284608F0FBFD0921F6
:10C55000284609F0A1F94F49284608F0B5FD2346C1
:10C56000462232212846009409F010FC2346C822B6
:10C5700040F2AD112846009409F008FC7723792297
:10C580007C21284609F000FA32684D21424B2846AA
:10C5900001FB02331A22F021CDE900831E2309F0AA
:10C5A00065FA3E4B49225F212846CDE900831823D6
:10C5B00009F05CFA3A4B692268212846CDE90083EC
:10C5C0001B2309F053FA33681B225F2107EB831307
:10C5D000A32093ED010AF2F793FD324A1B23009446
:10C5E0000192C3215F22284609F040FA33689B017B
:10C5F000FC58002C62D12C4A1A2350212846019263
:10C600007D22CDF8008009F031FA3368742264216C
:10C6100007EB83132846D3ED037A1A230094FCEE2C
:10C62000E77ACDED017A09F073FA204A1A237B21CB
:10C63000284601920094742209F018FA1C4B3168C4
:10C6400040F2B63033F81130A3F1320292B2824296
:10C6500000F2208307EE903A9FED167AF8EEE77A23
:10C6600087EE870A1A227421AA20F2F749FD124A9E
:10C670000023C8210348CDE900321A23742209F0AF
:10C68000F5F948E0209D0020648E0020C8C70020F6
:10C69000608C0020F2F2F200EC910020580900209A
:10C6A00014190020E80F002020190020281900206C
:10C6B00018C7002000007A4424110020CD4A1B2313
:10C6C0006821284601927D22CDF8008009F0CEF93C
:10C6D000C94B316840F2B63033F81130A3F1320261
:10C6E00092B2824200F2DD8207EE903A9FEDC37A69
:10C6F000F8EEE77A87EE870A1B227321AA20F2F769
:10C70000FFFCBF4A0023C821BE48CDE900321B23ED
:10C71000732209F0ABF9BC4A4FF4C0634C21B9480D
:10C720000024DFF8F8A2DFF8F892DFF8F882CDE90C
:10C73000003218239D2209F099F9B24808F052FC02
:10C74000332366220721AF4809F01EF91023B622D1
:10C750004221AC48CDE9004A09F088F9A94808F01F
:10C7600041FC332366220721A64809F00DF9122364
:10C77000B1227F21A3480094CDF8049009F076F906
:10C780001223B2229C219F480094CDF8048009F026
:10C790006DF99C4808F0EEFB3368B6226C2107EB7C
:10C7A000831398485B69CDE90043102309F0B0F981
:10C7B0003368B6228C2107EB831392489B69CDE93D
:10C7C0000043102309F0A4F98E4808F0D3FB8D48EC
:10C7D00008F008FC56231722BD218A4809F0D4F836
:10C7E0008A4BC4224221874801931023009409F008
:10C7F0003DF91223BF227F218248CDE9004909F08B
:10C8000035F91223C2229C217E48CDE9004809F067
:10C810002DF93368C4226C2107EB83137948DB6A56
:10C82000CDE90043102309F073F93368C4228C2149
:10C8300007EB831373481B6BCDE90043102309F00A
:10C8400067F9704808F096FB6E4808F0CBFB33237D
:10C85000662207216B4809F097F81023D222422163
:10C860006848CDE9004A09F001F91223CD227F2161
:10C870006448CDE9004909F0F9F81223CE229C2141
:10C880006048CDE9004809F0F1F83368D2226C2104
:10C8900007EB83135B481B6ACDE90043102309F0C3
:10C8A00037F93368D2228C2107EB831355485B6A32
:10C8B000CDE90043102309F02BF9524808F05AFB48
:10C8C000504808F08FFB772379227C214D4809F0EE
:10C8D0005BF84F4BC422AF214A48019310230094C8
:10C8E00009F0C4F81223BF22EA214648CDE90049E5
:10C8F00009F0BCF81223C22240F209114148CDF8D8
:10C900000480009409F0B2F83368C422D72107EB01
:10C9100083133C489B6BCDE90043102309F0F8F8E2
:10C920003368C422F72107EB83133648DB6BCDE96C
:10C930000043102309F0ECF8324808F01BFB336881
:10C940009B01FE58002E00F0C480012E10D1FF2361
:10C950002C481A46194609F017F83146294808F0BC
:10C960009BFF07236222F0212648009409F00EFA6B
:10C97000A021244808F0E6FB09212248002408F001
:10C980008BFF90211F484FF4C06608F063FB2149DC
:10C990001C4808F099FBEB2240F2A91123461948E4
:10C9A000009409F0F3F94FF4857223464FF4EE71C9
:10C9B0001448009409F0EAF9FF2312481A46194670
:10C9C00008F0E2FF144A1B2340F2C1110D48CDE9E3
:10C9D0000062FA2209F04AF8A0210A4808F0B2FBE6
:10C9E0000921084808F058FF9121064808F032FB59
:10C9F0001AE000BF2C19002018C7002000007A445C
:10CA000024110020209D00208809002040190020CA
:10CA10001C170020D9D9D90040080020381900205F
:10CA2000C81B00203C190020A449A54808F04CFB75
:10CA300004222346A2481146009409F0A7F92322B4
:10CA4000234637219E48009409F0A0F9FF239C4813
:10CA50001A46194608F098FF9A491B231422984851
:10CA6000CDE900611F2109F001F8974B1B68012BEC
:10CA700000F00D819248002409F03EF99349944852
:10CA800001230C60002493490460072492480C6041
:10CA9000662492490460332491480C6040249149F3
:10CAA0000460962495F820200C608F48912A8F49C5
:10CAB00003600B6007D0902A02D18D4B2B221A60A5
:10CAC00002B0BDE8F0878A4B23221A6002B0BDE8AD
:10CAD000F087772379227C21794808F055FF1021CF
:10CAE000774808F02FFB0421754808F0D5FE33463F
:10CAF0009222FA217248009609F048F933469222B0
:10CB000040F209116E48009609F040F933466B2255
:10CB100040F209116A48009609F038F933466B2251
:10CB20004FF487716648009609F030F93346922237
:10CB30004FF487716248009609F028F93346922233
:10CB400040F213115E48009609F020F933466B223B
:10CB500040F213115A48009609F018F933466B2237
:10CB60004FF48C715648009609F010F93346922222
:10CB70004FF48C715248009609F008F9334692221E
:10CB800040F21D114E48009609F000F933466B2221
:10CB900040F21D114A48009609F0F8F833466B221E
:10CBA0004FF491714648009609F0F0F8334692220E
:10CBB0004FF491714248009609F0E8F8334692220A
:10CBC00040F24F113E48009609F0E0F833466B22E0
:10CBD00040F24F113A48009609F0D8F833466B22DC
:10CBE0004FF4AA713648009609F0D0F833469222E5
:10CBF0004FF4AA713248009609F0C8F833469222E1
:10CC000040F259112E48009609F0C0F833466B22C5
:10CC100040F259112A48009609F0B8F833466B22C1
:10CC20004FF4AF712648009609F0B0F833469222CF
:10CC30004FF4AF712248009609F0A8F833469222CB
:10CC400040F263111E48009609F0A0F833466B22AB
:10CC500040F263111A48009609F098F833466B22A7
:10CC60004FF4B4711648009609F090F833469222BA
:10CC70004FF4B4711248009609F088F892223346B6
:10CC80004FF4D9710E48009609F080F870E6FFF76E
:10CC90008BFBEFE689017B58012B09D09FED150A2C
:10CCA000E0E489017B58012B05D09FED120A23E5B2
:10CCB0009FED110AD6E49FED100A1DE5D9D9D900E0
:10CCC000209D0020AC07002028C7002044C8002079
:10CCD0007CCA002044910020489100204C91002003
:10CCE000F8920020FC92002038CA002040CA0020A0
:10CCF00034C80020CDCCCC3E3333B33E2F49304A2C
:10CD00000B6812682F489B1A834202D92E4B0020D1
:10CD100018602C4BD1F800C0D3182C482C4AA3EB38
:10CD20000C032C4907EE103A2B4B9FED226BB8EE0B
:10CD3000477B0360137827EE067B012BBCEEC77B95
:10CD400081ED007A14D072B64FF0010C40F2995088
:10CD500000234FF07E5182F800C050804FF47A706B
:10CD600050609160137313615361936162B67047B1
:10CD7000538840F299519BB28B42E4D15368B3F58A
:10CD80007A7FE0D1F7EE007A92ED027AB4EE677A1C
:10CD9000F1EE10FAD7D1137B002BD4D11369002BFD
:10CDA000D1D15369002BCED19369002BCBD1DEE7D3
:10CDB000AFF30080FCA9F1D24D62503F48CA002079
:10CDC00044C7002040771B00DC9200207CCA002072
:10CDD000688E0020E49100200020B344F0B5C148E3
:10CDE00083B009F07FFAC04DBE4807F0E1FB322066
:10CDF00011F00EFB2B68142B09D8002401340120FC
:10CE000011F006FB2B68192C01D0142BF6D9B54D67
:10CE1000B64C284607F094FBFF2328461A461946CD
:10CE200008F00CFA284608F06DF8772379227C2167
:10CE3000284608F0A9FD2368002B40F0B4810026A5
:10CE40001A23FC2240F24311A648CDE9006608F0FF
:10CE50005FFE21681A23FC22A248CDE900614FF44D
:10CE6000A67108F055FEA2490024A24E1A23FC2206
:10CE70009C48CDE9004140F2551108F0F7FD3168BA
:10CE80001A23FC22092900F3868140F259119548A2
:10CE9000CDE9004408F03CFE31681A23FC22914899
:10CEA000CDE900414FF4B17108F032FE0FF0F0FD12
:10CEB00020B1914B1968002900F086818F4800212C
:10CEC0001A23FC22CDE9001040F26911854808F0D0
:10CED000CDFD8B4C2168092900F3528100261A23CD
:10CEE000FC2240F28B117F48CDE9006608F010FE6D
:10CEF00021681A23FC227B48CDE9006140F293119E
:10CF000008F006FE7F4E00247F4F1A23FC2240F2D9
:10CF10009B117448CDE9004608F0A8FD3A681A2331
:10CF2000092A00F32481FC2240F2A1116D48CDE9C9
:10CF3000004408F0EDFD3A681A2340F2A91169484F
:10CF4000CDE90042FC2208F0E3FD00241A23FC2274
:10CF500040F2B11163486D4FCDE9004608F086FDFF
:10CF60006B491A23FC2209684FF4C0665D48CDE97D
:10CF7000004140F2B71108F0CBFDFF2359481A4693
:10CF8000194608F001FD0121564808F085FC2246AB
:10CF900001234FF4C8715348009408F0F7FE4FF492
:10CFA000A071504808F0CEF809214E4808F074FCF2
:10CFB00058494C4808F088F82346642282214948A1
:10CFC000009408F0E3FE2346D2224FF4AF714548A7
:10CFD000009408F0DBFE3A684F4977234148A1FBF3
:10CFE00002127C2152093A60792208F0CDFC4B4BA9
:10CFF0008722F0213B48CDE900631F2308F036FD6E
:10D00000BE22474B11463748CDE90063172308F08D
:10D010002DFD3B68BE22F5213248CDE900631C237B
:10D0200008F076FD3F4BBE2240F227112D48CDE996
:10D030000063172308F01AFDA0212A4808F082F89F
:10D040000921284808F028FC0F21264808F002F89A
:10D050003549244808F038F804222346214811466F
:10D06000009408F093FE2346232237211D480094A4
:10D0700008F08CFEFF231B481A46194608F084FC72
:10D080002A4A2B4C1B231F211648CDE9006214228B
:10D0900008F0ECFC2368012B00F0A180114808F097
:10D0A0002BFEFFF72BFE95F820300F2B01D101232B
:10D0B0002360204A13687BB901201F492360106058
:10D0C0004FF4E16009681D4A1D4B116000211D4AA3
:10D0D0003860116004221A601B4B1A68002A44D180
:10D0E00034E000BF209D0020648E002080C7002017
:10D0F0009407002090C7002010C70020A007002040
:10D100002CC70020A8070020A0C70020E491002021
:10D110008CCA0020F2F2F200898888884819002021
:10D120005419002060190020D9D9D900AC0700207B
:10D130006CC7002070C7002048CA002044C70020E8
:10D1400034C800207CCA0020DC9200202549012040
:10D15000254A096818604FF4E16011600021234AF4
:10D16000234B1160042238601A6003B0F0BDCDE992
:10D17000004240F29F11FC221E4808F0C9FCE4E680
:10D1800000201A23FC22CDE9000140F28911194840
:10D1900008F0BEFCB6E6CDE90041164840F2591150
:10D1A00008F0B6FC82E60FF053FC092820607FF7F8
:10D1B00046AE00211A23FC22CDE900104FF4A171E4
:10D1C000284608F0A5FC4EE60B481A23FC22CDE9C0
:10D1D000001040F26911074808F048FC79E6FEF7B4
:10D1E00057FD5BE748CA002044C700207CCA0020E6
:10D1F00034C80020209D002098070020F0B5C048CA
:10D2000083B009F06FF8BF4DBD4807F0D1F9322067
:10D2100011F0FEF82B68142B09D8002401340120EA
:10D2200011F0F6F82B68192C01D0142BF6D9B44D57
:10D23000B54C284607F084F9FF2328461A461946BC
:10D2400007F0FCFF284607F05DFE772379227C215A
:10D25000284608F099FB2368002B40F0AD8100269A
:10D260001A23FC2240F24311A548CDE9006608F0DC
:10D270004FFC21681A23FC22A148CDE900614FF43C
:10D28000A67108F045FCA1490024A14E1A23FC22F6
:10D290009B48CDE9004140F2551108F0E7FB3168A9
:10D2A0001A23FC22092900F37F8140F25911944886
:10D2B000CDE9004408F02CFC31681A23FC22904888
:10D2C000CDE900414FF4B17108F022FC0FF0E0FB12
:10D2D00020B1904B1968002900F07F818E48002111
:10D2E0001A23FC22CDE9001040F26911844808F0AD
:10D2F000BDFB8A4C2168092900F34B8100261A23C3
:10D30000FC2240F28B117E48CDE9006608F000FC5B
:10D3100021681A23FC227A48CDE9006140F293117A
:10D3200008F0F6FB7E4E00247E4F1A23FC2240F2CA
:10D330009B117348CDE9004608F098FB3A681A2320
:10D34000092A00F31D81FC2240F2A1116C48CDE9AD
:10D35000004408F0DDFB3A681A2340F2A91168483E
:10D36000CDE90042FC2208F0D3FB00241A23FC2262
:10D3700040F2B11162486C4FCDE9004608F076FBEF
:10D380006A491A23FC2209684FF4C0665C48CDE95B
:10D39000004140F2B71108F0BBFB4FF4A0715848B0
:10D3A00007F0D0FE0921564808F076FA6049544843
:10D3B00007F08AFE2346642282215148009408F037
:10D3C000E5FC2346D2224FF4AF714D48009408F09B
:10D3D000DDFC3A68574977234948A1FB02127C21BA
:10D3E00052093A60792208F0CFFA534B8722F02194
:10D3F0004348CDE900631F2308F038FBBE224F4BA2
:10D4000011463F48CDE90063172308F02FFB3B6826
:10D41000BE22F5213A48CDE900631C2308F078FBD1
:10D42000474BBE2240F227113548CDE90063172350
:10D4300008F01CFBFF2332481A46194608F0A4FAEC
:10D4400001212F4808F028FA224602234FF4C87120
:10D450002B48009408F09AFCA021294807F072FE9E
:10D460000921274808F018FA1E21254807F0F2FD87
:10D470003449234807F028FE042223462048114659
:10D48000009408F083FC2346232237211C48009493
:10D4900008F07CFCFF231A481A46194608F074FA73
:10D4A000294A1B231F211648284CCDE9006214226B
:10D4B000274E08F0DBFA012323603368012B00F0CC
:10D4C00097800F4808F018FCFFF718FC95F82030FB
:10D4D0001E2B01D101233360236863B91D4A01214A
:10D4E0003360216011681C4A1C4B11604FF4E161EC
:10D4F0000B2239601A601A4B1A68002A3ED131E0BB
:10D50000209D0020648E002080C70020940700200A
:10D5100090C7002010C70020A00700202CC70020C3
:10D52000A8070020A0C70020E49100208CCA00209A
:10D53000F2F2F200898888884819002054190020E6
:10D5400060190020D9D9D900AC07002070C700208D
:10D550006CC7002048CA002044C7002034C80020FF
:10D56000DC92002024490120244A096818601160D7
:10D570004FF4E161224B0B2239601A6003B0F0BD19
:10D58000CDE9004240F29F11FC221E4808F0C0FA8B
:10D59000EBE600201A23FC22CDE9000140F28911BC
:10D5A000184808F0B5FABDE6CDE90041154840F24B
:10D5B000591108F0ADFA89E60FF04AFA09282060FF
:10D5C0007FF74DAE00211A23FC22CDE900104FF465
:10D5D000A171284608F09CFA55E60B481A23FC2254
:10D5E000CDE9001040F26911064808F03FFA80E6E4
:10D5F000FEF74EFB65E700BF48CA002044C7002085
:10D6000034C80020209D002098070020F0B5C148B4
:10D6100083B008F067FEC04DBE4806F0C9FF322057
:10D6200010F0F6FE2B68142B09D8002401340120D9
:10D6300010F0EEFE2B68192C01D0142BF6D9B54D45
:10D64000B64C284606F07CFFFF2328461A461946AA
:10D6500007F0F4FD284607F055FC772379227C215A
:10D66000284608F091F92368002B40F0B481002689
:10D670001A23FC2240F24311A648CDE9006608F0C7
:10D6800047FA21681A23FC22A248CDE900614FF431
:10D69000A67108F03DFAA2490024A24E1A23FC22EA
:10D6A0009C48CDE9004140F2551108F0DFF931689E
:10D6B0001A23FC22092900F3868140F2591195486A
:10D6C000CDE9004408F024FA31681A23FC2291487D
:10D6D000CDE900414FF4B17108F01AFA0FF0D8F912
:10D6E00020B1914B1968002900F086818F480021F4
:10D6F0001A23FC22CDE9001040F26911854808F098
:10D70000B5F98B4C2168092900F3528100261A23B0
:10D71000FC2240F28B117F48CDE9006608F0F8F951
:10D7200021681A23FC227B48CDE9006140F2931165
:10D7300008F0EEF97F4E00247F4F1A23FC2240F2BE
:10D740009B117448CDE9004608F090F93A681A2315
:10D75000092A00F32481FC2240F2A1116D48CDE991
:10D76000004408F0D5F93A681A2340F2A911694833
:10D77000CDE90042FC2208F0CBF900241A23FC2258
:10D7800040F2B11163486D4FCDE9004608F06EF9E3
:10D790006B491A23FC2209684FF4C0665D48CDE945
:10D7A000004140F2B71108F0B3F9FF2359481A4677
:10D7B000194608F0E9F80121564808F06DF82246AC
:10D7C00003234FF4C8715348009408F0DFFA4FF474
:10D7D000A071504807F0B6FC09214E4808F05CF8EB
:10D7E00058494C4807F070FC23466422822149487E
:10D7F000009408F0CBFA2346D2224FF4AF7145488B
:10D80000009408F0C3FA3A684F4977234148A1FBD6
:10D8100002127C2152093A60792208F0B5F84B4B8C
:10D820008722F0213B48CDE900631F2308F01EF951
:10D83000BE22474B11463748CDE90063172308F055
:10D8400015F93B68BE22F5213248CDE900631C235F
:10D8500008F05EF93F4BBE2240F227112D48CDE97A
:10D860000063172308F002F9A0212A4807F06AFC98
:10D870000921284808F010F82C21264807F0EAFB77
:10D880003549244807F020FC04222346214811464C
:10D89000009408F07BFA2346232237211D48009488
:10D8A00008F074FAFF231B481A46194608F06CF872
:10D8B0002A4A2B4C1B231F211648CDE90062142253
:10D8C00008F0D4F82368012B00F0A180114808F07B
:10D8D00013FAFFF713FA95F820302C2B01D101230E
:10D8E0002360204A13687BB901201F492360106020
:10D8F0004FF4E16009681D4A1D4B116012211D4A59
:10D900003860116000221A601B4B1A68002A44D14B
:10D9100034E000BF209D0020648E002080C70020DE
:10D920009407002090C7002010C70020A007002007
:10D930002CC70020A8070020A0C70020E4910020E9
:10D940008CCA0020F2F2F2008988888848190020E9
:10D950005419002060190020D9D9D900AC07002043
:10D960006CC7002070C7002048CA002044C70020B0
:10D970007CCA002034C80020DC9200202549012008
:10D98000254A096818604FF4E16011600021234ABC
:10D99000234B1160122238601A6003B0F0BDCDE94C
:10D9A000004240F29F11FC221E4808F0B1F8E4E664
:10D9B00000201A23FC22CDE9000140F28911194808
:10D9C00008F0A6F8B6E6CDE90041164840F2591134
:10D9D00008F09EF882E60FF03BF8092820607FF7F8
:10D9E00046AE00211A23FC22CDE900104FF4A171AC
:10D9F000284608F08DF84EE60B481A23FC22CDE9A4
:10DA0000001040F26911074808F030F879E6FEF797
:10DA10003FF95BE748CA002044C700207CCA0020C9
:10DA200034C80020209D002098070020F0B5C04891
:10DA300083B008F057FCBF4DBD4806F0B9FD322059
:10DA400010F0E6FC2B68142B09D8002401340120C7
:10DA500010F0DEFC2B68192C01D0142BF6D9B44D34
:10DA6000B54C284606F06CFDFF2328461A46194699
:10DA700007F0E4FB284607F045FA772379227C215A
:10DA8000284607F081FF2368002B40F0AD81002677
:10DA90001A23FC2240F24311A548CDE9006608F0A4
:10DAA00037F821681A23FC22A148CDE900614FF420
:10DAB000A67108F02DF8A1490024A14E1A23FC22DA
:10DAC0009B48CDE9004140F2551107F0CFFF316886
:10DAD0001A23FC22092900F37F8140F2591194484E
:10DAE000CDE9004408F014F831681A23FC2290486C
:10DAF000CDE900414FF4B17108F00AF80EF0C8FF0B
:10DB000020B1904B1968002900F07F818E480021D8
:10DB10001A23FC22CDE9001040F26911844807F075
:10DB2000A5FF8A4C2168092900F34B8100261A239E
:10DB3000FC2240F28B117E48CDE9006607F0E8FF39
:10DB400021681A23FC227A48CDE9006140F2931142
:10DB500007F0DEFF7E4E00247E4F1A23FC2240F2A7
:10DB60009B117348CDE9004607F080FF3A681A23FD
:10DB7000092A00F31D81FC2240F2A1116C48CDE975
:10DB8000004407F0C5FF3A681A2340F2A91168481B
:10DB9000CDE90042FC2207F0BBFF00241A23FC223F
:10DBA00040F2B11162486C4FCDE9004607F05EFFCC
:10DBB0006A491A23FC2209684FF4C0665C48CDE923
:10DBC000004140F2B71107F0A3FFFF2358481A465F
:10DBD000194607F0D9FE0121554807F05DFE22469F
:10DBE00006234FF4C8715248009408F0CFF84FF460
:10DBF000A0714F4807F0A6FA09214D4807F04CFEE6
:10DC000057494B4807F060FA23466422822148486E
:10DC1000009408F0BBF82346D2224FF4AF71444879
:10DC2000009408F0B3F83A684E4977234048A1FBC6
:10DC300002127C2152093A60792207F0A5FE4A4B74
:10DC40008722F0213A48CDE900631F2307F00EFF39
:10DC5000BE22464B11463648CDE90063172307F034
:10DC600005FF3B68BE22F5213148CDE900631C2346
:10DC700007F04EFF3E4BBE2240F227112C48CDE963
:10DC80000063172307F0F2FEA021294807F05AFA93
:10DC90000921274807F000FEAD21254807F0DAF9F1
:10DCA0003449234807F010FA04222346204811463D
:10DCB000009408F06BF82346232237211C48009477
:10DCC00008F064F8FF231A481A46194607F05CFE6C
:10DCD000294A1B231F211648284CCDE90062142233
:10DCE000274E07F0C3FE012323603368012B00F0A9
:10DCF00097800F4808F000F8FFF700F895F82030FB
:10DD0000AD2B01D101233360236863B91D4A012182
:10DD10003360216011681C4A1C4B11604FF4E161B3
:10DD2000192239601A601A4B1A68002A3ED131E074
:10DD3000209D0020648E002080C7002094070020D2
:10DD400090C7002010C70020A00700202CC700208B
:10DD5000A8070020A0C70020E49100208CCA002062
:10DD6000F2F2F200898888884819002054190020AE
:10DD700060190020D9D9D900AC07002070C7002055
:10DD80006CC7002048CA002044C7002034C80020C7
:10DD9000DC92002024490120244A0968186011609F
:10DDA0004FF4E161224B192239601A6003B0F0BDD3
:10DDB000CDE9004240F29F11FC221E4807F0A8FE68
:10DDC000EBE600201A23FC22CDE9000140F2891184
:10DDD000184807F09DFEBDE6CDE90041154840F228
:10DDE000591107F095FE89E60EF032FE09282060F1
:10DDF0007FF74DAE00211A23FC22CDE900104FF42D
:10DE0000A171284607F084FE55E60B481A23FC2230
:10DE1000CDE9001040F26911064807F027FE80E6C0
:10DE2000FDF736FF65E700BF48CA002044C7002061
:10DE300034C80020209D002098070020F0B5C1487C
:10DE400083B008F04FFAC04DBE4806F0B1FB322057
:10DE500010F0DEFA2B68142B09D8002401340120BD
:10DE600010F0D6FA2B68192C01D0142BF6D9B54D29
:10DE7000B64C284606F064FBFF2328461A4619468E
:10DE800007F0DCF9284607F03DF8772379227C215A
:10DE9000284607F079FD2368002B40F0B481002666
:10DEA0001A23FC2240F24311A648CDE9006607F090
:10DEB0002FFE21681A23FC22A248CDE900614FF40D
:10DEC000A67107F025FEA2490024A24E1A23FC22C7
:10DED0009C48CDE9004140F2551107F0C7FD31687B
:10DEE0001A23FC22092900F3868140F25911954832
:10DEF000CDE9004407F00CFE31681A23FC2291485A
:10DF0000CDE900414FF4B17107F002FE0EF0C0FD03
:10DF100020B1914B1968002900F086818F480021BB
:10DF20001A23FC22CDE9001040F26911854807F060
:10DF30009DFD8B4C2168092900F3528100261A238C
:10DF4000FC2240F28B117F48CDE9006607F0E0FD2E
:10DF500021681A23FC227B48CDE9006140F293112D
:10DF600007F0D6FD7F4E00247F4F1A23FC2240F29B
:10DF70009B117448CDE9004607F078FD3A681A23F2
:10DF8000092A00F32481FC2240F2A1116D48CDE959
:10DF9000004407F0BDFD3A681A2340F2A911694810
:10DFA000CDE90042FC2207F0B3FD00241A23FC2235
:10DFB00040F2B11163486D4FCDE9004607F056FDC0
:10DFC0006B491A23FC2209684FF4C0665D48CDE90D
:10DFD000004140F2B71107F09BFDFF2359481A4654
:10DFE000194607F0D1FC0121564807F055FC22469E
:10DFF00005234FF4C8715348009407F0C7FE4FF44F
:10E00000A071504807F09EF809214E4807F044FCE3
:10E0100058494C4807F058F8234664228221494861
:10E02000009407F0B3FE2346D2224FF4AF71454867
:10E03000009407F0ABFE3A684F4977234148A1FBB3
:10E0400002127C2152093A60792207F09DFC4B4B69
:10E050008722F0213B48CDE900631F2307F006FD2E
:10E06000BE22474B11463748CDE90063172307F01E
:10E07000FDFC3B68BE22F5213248CDE900631C233C
:10E0800007F046FD3F4BBE2240F227112D48CDE957
:10E090000063172307F0EAFCA0212A4807F052F892
:10E0A0000921284807F0F8FB8821264806F0D2FF0E
:10E0B0003549244807F008F8042223462148114630
:10E0C000009407F063FE2346232237211D48009465
:10E0D00007F05CFEFF231B481A46194607F054FC64
:10E0E0002A4A2B4C1B231F211648CDE9006214221B
:10E0F00007F0BCFC2368012B00F0A180114807F059
:10E10000FBFDFEF7FBFD95F82030882B01D10123A4
:10E110002360204A13687BB901201F4923601060E7
:10E120004FF4E16009681D4A1D4B11602F211D4A03
:10E130003860116000221A601B4B1A68002A44D113
:10E1400034E000BF209D0020648E002080C70020A6
:10E150009407002090C7002010C70020A0070020CF
:10E160002CC70020A8070020A0C70020E4910020B1
:10E170008CCA0020F2F2F2008988888848190020B1
:10E180005419002060190020D9D9D900AC0700200B
:10E190006CC7002070C7002048CA002044C7002078
:10E1A0007CCA002034C80020DC92002025490120D0
:10E1B000254A096818604FF4E16011600021234A84
:10E1C000234B11602F2238601A6003B0F0BDCDE9F7
:10E1D000004240F29F11FC221E4807F099FCE4E641
:10E1E00000201A23FC22CDE9000140F289111948D0
:10E1F00007F08EFCB6E6CDE90041164840F2591111
:10E2000007F086FC82E60EF023FC092820607FF7E9
:10E2100046AE00211A23FC22CDE900104FF4A17173
:10E22000284607F075FC4EE60B481A23FC22CDE980
:10E23000001040F26911074807F018FC79E6FDF775
:10E2400027FD5BE748CA002044C700207CCA0020A5
:10E2500034C80020209D002098070020F0B5C14858
:10E2600083B008F03FF8C04DBE4806F0A1F9322057
:10E2700010F0CEF82B68142B09D8002401340120AB
:10E2800010F0C6F82B68192C01D0142BF6D9B54D17
:10E29000B64C284606F054F9FF2328461A4619467C
:10E2A00006F0CCFF284606F02DFE772379227C214C
:10E2B000284607F069FB2368002B40F0B481002654
:10E2C0001A23FC2240F24311A648CDE9006607F06C
:10E2D0001FFC21681A23FC22A248CDE900614FF4FB
:10E2E000A67107F015FCA2490024A24E1A23FC22B5
:10E2F0009C48CDE9004140F2551107F0B7FB316869
:10E300001A23FC22092900F3868140F2591195480D
:10E31000CDE9004407F0FCFB31681A23FC22914848
:10E32000CDE900414FF4B17107F0F2FB0EF0B0FB04
:10E3300020B1914B1968002900F086818F48002197
:10E340001A23FC22CDE9001040F26911854807F03C
:10E350008DFB8B4C2168092900F3528100261A237A
:10E36000FC2240F28B117F48CDE9006607F0D0FB1C
:10E3700021681A23FC227B48CDE9006140F2931109
:10E3800007F0C6FB7F4E00247F4F1A23FC2240F289
:10E390009B117448CDE9004607F068FB3A681A23E0
:10E3A000092A00F32481FC2240F2A1116D48CDE935
:10E3B000004407F0ADFB3A681A2340F2A9116948FE
:10E3C000CDE90042FC2207F0A3FB00241A23FC2223
:10E3D00040F2B11163486D4FCDE9004607F046FBAE
:10E3E0006B491A23FC2209684FF4C0665D48CDE9E9
:10E3F000004140F2B71107F08BFBFF2359481A4642
:10E40000194607F0C1FA0121564807F045FA22469D
:10E4100009234FF4C8715348009407F0B7FC4FF438
:10E42000A071504806F08EFE09214E4807F034FADC
:10E4300058494C4806F048FE234664228221494848
:10E44000009407F0A3FC2346D2224FF4AF71454855
:10E45000009407F09BFC3A684F4977234148A1FBA1
:10E4600002127C2152093A60792207F08DFA4B4B57
:10E470008722F0213B48CDE900631F2307F0F6FA1D
:10E48000BE22474B11463748CDE90063172307F0FA
:10E49000EDFA3B68BE22F5213248CDE900631C232A
:10E4A00007F036FB3F4BBE2240F227112D48CDE945
:10E4B0000063172307F0DAFAA0212A4806F042FE8B
:10E4C0000921284807F0E8F99321264806F0C2FD03
:10E4D0003549244806F0F8FD042223462148114618
:10E4E000009407F053FC2346232237211D48009453
:10E4F00007F04CFCFF231B481A46194607F044FA64
:10E500002A4A2B4C1B231F211648CDE900621422F6
:10E5100007F0ACFA2368012B00F0A180114807F046
:10E52000EBFBFEF7EBFB95F82030932B01D1012399
:10E530002360204A13687BB901201F4923601060C3
:10E540004FF4E16009681D4A1D4B116000211D4A0E
:10E550003860116029221A601B4B1A68002A44D1C6
:10E5600034E000BF209D0020648E002080C7002082
:10E570009407002090C7002010C70020A0070020AB
:10E580002CC70020A8070020A0C70020E49100208D
:10E590008CCA0020F2F2F20089888888481900208D
:10E5A0005419002060190020D9D9D900AC070020E7
:10E5B0006CC7002070C7002048CA002044C7002054
:10E5C00034C800207CCA0020DC92002025490120AC
:10E5D000254A096818604FF4E16011600021234A60
:10E5E000234B1160292238601A6003B0F0BDCDE9D9
:10E5F000004240F29F11FC221E4807F089FAE4E62F
:10E6000000201A23FC22CDE9000140F289111948AB
:10E6100007F07EFAB6E6CDE90041164840F25911FE
:10E6200007F076FA82E60EF013FA092820607FF7E9
:10E6300046AE00211A23FC22CDE900104FF4A1714F
:10E64000284607F065FA4EE60B481A23FC22CDE96E
:10E65000001040F26911074807F008FA79E6FDF763
:10E6600017FB5BE748CA002044C700207CCA002093
:10E6700034C80020209D00209807002030B52E4B84
:10E6800087B02E4C1A6820682D49121A8A4218D871
:10E690002C4D1A682968521A2B498A421FD8002328
:10E6A000B6EE000A4FF47A7240F2995102200093BC
:10E6B000CDE90133F0F7EEFA07B0BDE83040F0F7EE
:10E6C000BDBD1A68214822600268196801321D4DDB
:10E6D00002601A682960521A1B498A42DFD91B4B13
:10E6E00040F21C5105A81A680592042210F082F924
:10E6F000114B1A682A6011F039FC154A1278002A69
:10E70000CDD0144A1278D307C9D513490A4B1A68D9
:10E710000968521A0E2AC2D911F0B6FBFF28064B1F
:10E72000BDDD1868094A23681268C31A0B490C48F2
:10E730000FF0F8FBB3E700BF48CA002034C7002041
:10E74000005C260540C70020A0BB0D00689100209A
:10E75000B9CA0020B8CA002070CA00206C19002075
:10E76000488E00202DE9F041C64884B007F0BAFD7C
:10E77000C54DC44805F01CFF32200FF049FE2B6840
:10E78000142B09D80024013401200FF041FE2B681E
:10E79000192C01D0142BF6D9BA4EBC4C304605F0DA
:10E7A000CFFEFF2330461A46194606F047FD304695
:10E7B00006F0A8FB772379227C21304607F0E4F8A5
:10E7C0002368002B40F0808200251A2306220421B2
:10E7D000AC48CDE9005507F09BF921681A230622C1
:10E7E000A848CDE900510E2107F092F9A84900246C
:10E7F000A84D1A230622A348CDE90041172107F0AE
:10E8000035F929681A230622092900F356821C21AA
:10E810009C48CDE9004407F07BF929681A230622B9
:10E820009848CDE90041252107F072F90EF030F942
:10E8300020B1994B1968002900F0568297480021B1
:10E840001A230622CDE900102B218E4807F00EF97D
:10E85000934C2168092900F3268200251A230622F9
:10E860004B218848CDE9005507F052F921681A2359
:10E8700006228448CDE90051552107F049F9894D18
:10E880000024894F1A2306225D217E48CDE90045E8
:10E8900007F0ECF83A681A23092A00F3FC810622F3
:10E8A00063217848CDE9004407F032F93A681A2329
:10E8B0006B217448CDE90042062207F029F90024B3
:10E8C0001A23062273216F48784FDFF80C82CDE9B6
:10E8D000004507F0CBF876491A23062209684FF461
:10E8E000C0656848CDE90041792107F011F9772327
:10E8F00079227C21634807F047F86E4A172340F2DB
:10E9000063116048CDE90052492207F0AFF86A4A26
:10E910001A234FF4B6715B48CDE90052642207F028
:10E92000A5F8664A1A234FF4B6715648CDE900524D
:10E930007D2207F09BF8624A172340F24F1151489D
:10E94000CDE90052952207F091F85E494D4806F056
:10E95000BBFB5D4A1A234FF4AD714A48CDE9005222
:10E96000AD2207F083F84FF4A071464806F0EAFBA9
:10E970000921444806F090FF5449424806F0A4FBA0
:10E980004122234628213F48009407F0FFF9B9228D
:10E990002346D2213B48009407F0F8F977237922E7
:10E9A0007C21384806F0F0FF494A1C2330213548C5
:10E9B000CDE90052502207F059F800953B685022EB
:10E9C0004C21304801931C2307F0A2F8414B502200
:10E9D0009A212C48CDE900531C2307F047F87723F0
:10E9E00079227C21274806F0CFFF1021254806F028
:10E9F000A9FB0421234806F04FFF2346AE22242121
:10EA00002048009407F0C2F92346AE2233211D4866
:10EA1000009407F0BBF92346912233211948009452
:10EA200007F0B4F92346912251211648009407F0CB
:10EA3000ADF92346AE2251211248009407F0A6F901
:10EA40002346AE226F210F48009407F09FF923461A
:10EA500091226F210B48009407F098F923469122E8
:10EA60008D210848009407F091F92346AE228D21AC
:10EA70000448009407F08AF92346AE22AB210148EE
:10EA800000942BE0209D0020648E002080C7002091
:10EA90009407002090C7002010C70020A007002086
:10EAA0002CC70020A8070020A0C7002068910020E4
:10EAB0008CCA002058090020640900207409002035
:10EAC0008809002058D75A0090090020F2F2F2007D
:10EAD000A4190020A81900203CCA002007F056F90C
:10EAE00023469122AB219D48009407F04FF923461D
:10EAF0009122C9219948009407F048F92346AE2293
:10EB0000C9219648009407F041F92346AE22D82146
:10EB10009248009407F03AF99149904806F0D4FAE7
:10EB200098218E4806F04CFB02218C4806F0B4FE7A
:10EB30008C4B00941A888C4B88481988234607F020
:10EB400025F9FF2385481A46194606F01DFF0121C5
:10EB5000824806F0A1FE012322464FF4C8717F4887
:10EB6000009407F013F94FF4A0717C4806F0EAFA1C
:10EB700009217A4806F090FE1521784806F06AFAD5
:10EB80007A49764806F0A0FA2346D72240F21311BC
:10EB90007248009407F0FAF82346DA2240F2451151
:10EBA0006E48009407F0F2F8FF236C481A461946A5
:10EBB00006F0EAFE6E4BD8224FF495716748CDE916
:10EBC00000531C2306F052FF4FF4A071634806F077
:10EBD000B9FA0921614806F05FFE16215F4806F088
:10EBE00039FA62495D4806F06FFA2346D72240F2AF
:10EBF00081115A48009407F0C9F82346DA2240F2FE
:10EC0000B3115648009407F0C1F8FF2353481A4641
:10EC1000194606F0B9FE574A1C2340F29B114F4893
:10EC2000CDE90052D82206F021FFD8F80030012BA0
:10EC300000F09180F0F748FB484807F05DF8FFF7D7
:10EC40001DFD96F82030162B02D10123C8F80030A4
:10EC5000494B4A4D1C682A68A24207D02C60E4B296
:10EC6000642021460FF026FE434B2C60444A146872
:10EC7000002C43D096F82020152A09D100224148C3
:10EC8000414C0260002041492260072208601A605E
:10EC900004B0BDE8F081CDE90042612106222F4891
:10ECA00006F036FF0BE600201A230622CDE900010C
:10ECB0004B212A4806F02CFFE1E5CDE90041274829
:10ECC0001B2106F025FFB1E50DF0C2FE09282060EA
:10ECD0007FF77AAD00211A230622CDE90010042126
:10ECE000304606F015FF81E529481A230622CDE9B2
:10ECF00000102B21194806F0B9FEA9E52549C8F8EE
:10ED000000404FF001080868C2F80080224AC7F8A6
:10ED1000008010600868214A10600868204A09686D
:10ED2000106064201F4A11600021174A1460154AC0
:10ED30001460164A116021460FF0BCFD042240F217
:10ED40001C5103A82C60CDF80C800FF053FE042258
:10ED5000094B1A608EE7FDF75FF86BE7209D0020F6
:10ED60002417BD00FC920020F8920020D9D9D900C8
:10ED7000B8190020C019002034C8002038C800206D
:10ED800040CA002040C800203CC800207CCA0020A7
:10ED90009807002048CA002034C7002038C7002048
:10EDA0003CC7002040C7002070B5334C86B0334DBF
:10EDB00023682968324A5B1A93421BD8314E236874
:10EDC00032689B1A304A934222D83048B6EE000A85
:10EDD0002F4C012300904FF47A7240F26661CDE926
:10EDE00001400220EFF756FF2A4806B0BDE8704008
:10EDF000EFF792BF284920680B6822680133214E43
:10EE000028600B60236832609B1A1F4A9342DCD94A
:10EE1000214B04224FF4A46105A81B6805930FF051
:10EE2000E9FD2A6805A823684FF4A7619B1A04220C
:10EE300005930FF0DFFD2368336011F097F8174B4F
:10EE40001B78002BC1D0164B1B78DB07BDD5154AAC
:10EE5000236812689B1A0E2BB7D911F015F8FF28FA
:10EE6000B3DD20682B680C4AC31A0F4912680F489B
:10EE70000FF058F8A9E700BF48CA002034C70020A7
:10EE8000005C260540C70020A0BB0D0000DD6D0022
:10EE900000BADB00D492002050910020B9CA0020B3
:10EEA000B8CA002070CA0020C8190020488E00206F
:10EEB000000000002DE9F04FCA4885B007F012FAB3
:10EEC000C94DC84805F074FB32200FF0A1FA2B6839
:10EED000142B09D80024013401200FF099FA2B6873
:10EEE000192C01D0142BF6D9BE4EC04C304605F07B
:10EEF00027FBFF2330461A46194606F09FF9304695
:10EF000006F000F8772379227C21304606F03CFD9C
:10EF10002368002B40F08B8300251A23062204214E
:10EF2000B048CDE9005506F0F3FD21681A2306220A
:10EF3000AC48CDE900510E2106F0EAFDAC490024B1
:10EF4000AC4D1A230622A748CDE90041172106F04F
:10EF50008DFD29681A230622092900F361831C21EB
:10EF6000A048CDE9004406F0D3FD29681A23062203
:10EF70009C48CDE90041252106F0CAFD0DF088FD31
:10EF800020B19D4B1968002900F061839B48002146
:10EF90001A230622CDE900102B21924806F066FDC7
:10EFA000974C2168092900F3318300251A23062292
:10EFB0004B218C48CDE9005506F0AAFD21681A23A3
:10EFC00006228848CDE90051552106F0A1FD8D4D5E
:10EFD00000248D4F1A2306225D218248CDE9004589
:10EFE00006F044FD3A681A23092A00F30783062233
:10EFF00063217C48CDE9004406F08AFD3A681A2373
:10F000006B217848CDE90042062206F081FD0024FC
:10F010001A23062273217348DFF83492DFF8348212
:10F020007A4FDFF834A2DFF834B2CDE9004506F0BC
:10F030001DFD77491A23062209684FF4C065694807
:10F04000CDE90041792106F063FD772379227C2107
:10F05000644806F099FC6F4A182340F26311614836
:10F06000CDE90052492206F001FD6B4A1B234FF403
:10F07000B6715C48CDE90052642206F0F7FC674A9D
:10F080001B234FF4B6715748CDE900527D2206F09C
:10F09000EDFC634A182340F24F115248CDE900526B
:10F0A000952206F0E3FC5F494E4806F00DF85E4AF3
:10F0B0001A234FF48A714B48CDE90052AD2206F075
:10F0C000D5FC5A49474805F0FFFF594A1A234FF427
:10F0D000A1714448CDE90052AD2206F0C7FC514968
:10F0E000404805F0F1FF534A1A234FF4BA713D48E6
:10F0F000CDE90052AD2206F0B9FC4C49394805F083
:10F10000E3FF4D4A1A234FF4D8713648CDE9005237
:10F11000AD2206F0ABFC4FF4A071324806F012F8B5
:10F120000921304806F0B8FB44492E4805F0CCFFD1
:10F130004122234624212B48009406F027FEB922C1
:10F140002346E6212748009406F020FE3C4B9FED25
:10F150003D7A7922D3ED007A7C2177232148B7EEDE
:10F16000E73AC7EE876A9FED1B4B9FED1C5B83EE72
:10F17000047BFDEEE66AB8EEE66AC9ED006AB7EE1A
:10F18000C66A37EE467B27EE057BBDEEC77B88ED72
:10F19000007A06F0F9FB2C4B5022362111480193DE
:10F1A0001C23009506F062FC009538681C23502251
:10F1B000522101900B4806F0ABFC244B5022A021B9
:10F1C000084801931C23009506F050FC48E000BF5E
:10F1D000AFF30080000000000020AC400000000001
:10F1E00000004E40209D0020648E002080C700203B
:10F1F0009407002090C7002010C70020A00700201F
:10F200002CC70020A8070020A0C700205091002094
:10F210008CCA0020580900206409002074090020CD
:10F220008809002058D75A00E40B0020585FD70007
:10F23000EC0B0020F80B0020000C0020F2F2F20092
:10F24000D492002000006145A4190020A8190020D4
:10F2500078C7002094C700204891002044910020E6
:10F26000C54B75224821C54801931B23009506F024
:10F27000FDFBD9F8003075228121C048DFF81C93CE
:10F28000CDE900531B2306F043FCBD4B7522A221A0
:10F29000BA4801931B23009506F0E8FBD8F800302C
:10F2A0007522C521B548DFF8F882CDE900531B234C
:10F2B00006F02EFCB34B7522E321B048CDE9005394
:10F2C0001B2306F0D3FB772379227C21AB4806F081
:10F2D0005BFB1021A94805F035FF0421A74806F083
:10F2E000DBFA2346C2222421A448009406F04EFDF6
:10F2F0002346C2223321A148009406F047FD23464D
:10F30000A52233219D48009406F040FD2346A52206
:10F3100038219A48009406F039FD2346C22238214C
:10F320009648009406F032FD2346C2223D219348C0
:10F33000009406F02BFD2346A5223D218F48009422
:10F3400006F024FD2346A52242218C48009406F0B5
:10F350001DFD2346C22242218848009406F016FD76
:10F360002346C22247218548009406F00FFD23461C
:10F37000A52247218148009406F008FD2346A522D6
:10F380004C217E48009406F001FD2346C2224C2108
:10F390007A48009406F0FAFC2346C2227921774885
:10F3A000009406F0F3FC2346A522792173480094CB
:10F3B00006F0ECFC2346A5227E217048009406F05E
:10F3C000E5FC2346C2227E216C48009406F0DEFC58
:10F3D0002346C22283216948009406F0D7FC2346C5
:10F3E000A52283216548009406F0D0FC2346A5227F
:10F3F00088216248009406F0C9FC2346C222882175
:10F400005E48009406F0C2FC2346C2228D215B4870
:10F41000009406F0BBFC2346A5228D21574800949A
:10F4200006F0B4FC2346A52292215448009406F02D
:10F43000ADFC2346C22292215048009406F0A6FC5F
:10F440002346C222DC214D48009406F09FFC99F827
:10F4500000309AF8002049489BF8001006F094FA12
:10F460009821464805F0ACFE0221444806F014FA03
:10F47000454A46492346009440481288098806F0C8
:10F4800085FCFF233D481A46194606F07DFA012106
:10F490003A4806F001FA022322464FF4C871374871
:10F4A000009406F073FC4FF4A071344805F04AFE56
:10F4B0000921324806F0F0F92421304805F0CAFD50
:10F4C00033492E4805F000FE2346D72240F213119F
:10F4D0002A48009406F05AFC2346DA2240F24511ED
:10F4E0002648009406F052FCFF2324481A46194689
:10F4F00006F04AFA274BD8224FF495711F48019322
:10F500001C23009506F0B2FA4FF4A0711B4805F0D9
:10F5100019FE0921194806F0BFF92521174805F001
:10F5200099FD1B49154805F0CFFD2346D72240F22F
:10F5300081111248009406F029FC2346DA2240F299
:10F54000B3110E48009406F021FCFF230B481A4625
:10F55000194606F019FA104BD82240F29B1101937C
:10F560001C230648009506F081FAD8F80030012BDC
:10F5700000F0B08016E000BF041A0020209D00209B
:10F58000141A002008170020FC920020F892002096
:10F59000D9D9D900B8190020C01900204C910020F9
:10F5A0003CCA0020EFF790FE4C4806F0A5FBFFF7A1
:10F5B000FBFB96F82030252B02D10123C8F8003040
:10F5C000474B484D1C682868A04207D02C60E4B225
:10F5D000642021460FF06EF9414B2C6042490C68C3
:10F5E000002C3ED096F82020242A04D13F49002048
:10F5F0000E2208601A6005B0BDE8F08FCDE9004228
:10F6000061210622354806F083FA00E500201A231E
:10F610000622CDE900014B21304806F079FAD6E404
:10F62000CDE900412D481B2106F072FAA6E40DF049
:10F630000FFA092820607FF76FAC00211A230622F9
:10F64000CDE900100421304606F062FA76E428483D
:10F650001A230622CDE900102B21204806F006FAD5
:10F660009EE4244A0120244B086038602349106836
:10F67000C8F80040086010681168214A10606420D2
:10F68000204A116007220021CBF800206622CAF828
:10F6900000203322C9F8002040221A6096221A4B1B
:10F6A0001A60124A116021460FF004F93A684FF4CB
:10F6B000A46103A8039204222C600FF09BF904229A
:10F6C00003A84FF4A76103940FF094F90B22044BA5
:10F6D0001A6087E7FCF7A0FB64E700BF209D0020CD
:10F6E00034C8002038C8002040CA00207CCA00204E
:10F6F0009807002048CA0020F892002034C7002054
:10F7000038C700203CC70020FC92002030B52F4BAA
:10F7100087B02F4C1A6820682E49121A8A421BD8CB
:10F720002D4D1A682968521A2C498A4222D8002382
:10F73000B6EE000A41F2883240F29951032000935C
:10F74000CDE90133EFF7A6FABE226E21244807B0B7
:10F75000BDE83040EFF722BE1A68224822600268F6
:10F76000196801321C4D02601A682960521A1B493F
:10F770008A42DCD91B4B40F2245105A81A68059235
:10F7800004220FF037F9114B1A682A6010F0EEFBD3
:10F79000154A1278002ACAD0144A1278D307C6D55F
:10F7A00013490A4B1A680968521A0E2ABFD910F079
:10F7B0006BFBFF28054BBADD18680A4A23681268FC
:10F7C000C31A0C490C480EF0ADFBB0E748CA002044
:10F7D00034C70020005C260540C70020A0BB0D00F8
:10F7E00048C8002060910020B9CA0020B8CA002093
:10F7F00070CA00201C1A0020488E00202DE9F0411C
:10F80000C94884B006F06EFDC84DC74804F0D0FE6C
:10F8100032200EF0FDFD2B68142B09D80024013492
:10F8200001200EF0F5FD2B68192C01D0142BF6D910
:10F83000BD4EBF4C304604F083FEFF2330461A46CF
:10F84000194605F0FBFC304605F05CFB7723792276
:10F850007C21304606F098F82368002B40F0148293
:10F8600000251A23FC224FF4AD71AF48CDE90055B5
:10F8700006F04EF921681A23FC22AB48CDE900516D
:10F880004FF4B27106F044F9AA490024AA4D1A2394
:10F89000FC22A548CDE900414FF4B77106F0E6F827
:10F8A00029681A23FC22092900F3E68140F273112A
:10F8B0009D48CDE9004406F02BF929681A23FC2263
:10F8C0009948CDE900414FF4BE7106F021F99B4CF7
:10F8D0002168092900F3C58100251A23FC224FF471
:10F8E000C6719148CDE9005506F012F921681A2336
:10F8F000FC228D48CDE900514FF4CB7106F008F998
:10F900008F4D00248F4F1A23FC224FF4CF7186486D
:10F91000CDE9004506F0AAF83A681A23092A00F34F
:10F920009781FC224FF4D2717F48CDE9004406F064
:10F93000EFF83A681A234FF4D6717B48CDE90042BC
:10F94000FC2206F0E5F800241A23FC224FF4DA71B9
:10F9500075487D4FDFF82C82CDE9004506F086F82A
:10F960007A491A23FC2209684FF4C0656E48CDE934
:10F9700000414FF4DD7106F0CBF8772379227C212A
:10F98000694806F001F8724A172340F2631166488D
:10F99000CDE90052492206F069F86E4A1A234FF465
:10F9A000B6716148CDE90052642206F05FF86A4AF8
:10F9B000172340F24F115C48CDE90052952206F022
:10F9C00055F86649584805F07FFB654A1A234FF4FD
:10F9D000AD715548CDE90052AD2206F047F84FF41D
:10F9E000A071514805F0AEFB09214F4805F054FFC6
:10F9F0005C494D4805F068FB4122234623214A48D3
:10FA0000009406F0C3F9BE222346E0214648009444
:10FA100006F0BCF9772379227C21434805F0B4FF36
:10FA2000514A1C2330214048CDE90052502206F0B3
:10FA30001DF800953B6850224C213B4801931C2344
:10FA400006F066F8494B50229A213748CDE9005319
:10FA50001C2306F00BF8FF2333481A46194605F01D
:10FA600093FF0121304805F017FF07237D221B215A
:10FA70002D48009406F08AF93D492B4805F024FBF7
:10FA80009821294805F09CFB0221274805F004FF36
:10FA9000384B00941A88384B23481988234606F0BF
:10FAA00075F9FF2320481A46194605F06DFF01211C
:10FAB0001D4805F0F1FE032322464FF4C8711A4891
:10FAC000009406F063F94FF4A071174805F03AFB73
:10FAD0000921154805F0E0FEA521134805F0BAFA02
:10FAE0002649114805F0F0FA2346D72240F21311B7
:10FAF0000D48009406F04AF92346DA2240F24511F7
:10FB00000948009406F042F9FF2307481A461946AF
:10FB100005F03AFF1A4BD8224FF495710248CDE90F
:10FB200000531C2330E000BF209D0020648E002085
:10FB300080C700209407002090C700202CC7002019
:10FB4000A8070020A0C70020609100208CCA0020D8
:10FB500058090020800D00208809002058D75A003D
:10FB600090090020F2F2F200A4190020A819002048
:10FB70000092F300FC920020F8920020D9D9D9001D
:10FB8000B81900203CCA002005F070FF4FF4A071A6
:10FB90005F4805F0D7FA09215D4805F07DFEA621F2
:10FBA0005B4805F057FA5B49594805F08DFA234642
:10FBB000D72240F281115648009406F0E7F8234618
:10FBC000DA2240F2B3115248009406F0DFF8FF2326
:10FBD0004F481A46194605F0D7FE4F4A1C2340F2FB
:10FBE0009B114B48CDE90052D82205F03FFFD8F8D1
:10FBF0000030012B00F08880EFF766FB444806F0E8
:10FC00007BF8FFF783FD96F82030A62B02D1012365
:10FC1000C8F80030414B424D1C682A68A24207D008
:10FC20002C60E4B2642021460EF044FE3B4B2C6075
:10FC30003C4A1468002C38D096F82020A52A04D11C
:10FC400039490020152208601A6004B0BDE8F0812F
:10FC5000CDE900424FF4D171FC222D4805F058FF48
:10FC600071E600201A23FC22CDE900014FF4C67191
:10FC7000274805F04DFF43E6CDE90041244840F216
:10FC8000731105F045FF22E60CF0E2FE0928206022
:10FC90007FF7E6AD00211A23FC22CDE9001040F2E7
:10FCA0005B11304605F034FFEEE52049C8F800400E
:10FCB0004FF001081E48C7F800800F68D1F800C057
:10FCC00007600F6808681B49C2F800800022C1F86D
:10FCD00000C019490F6019490860642018490C6078
:10FCE00018490A6010490A6021460EF0E3FD04221B
:10FCF00040F2245103A82C60CDF80C800EF07AFE5F
:10FD00001222064B1A6097E7FCF786F874E700BFEB
:10FD1000209D0020D9D9D900C019002034C8002066
:10FD200038C8002040CA00207CCA002048CA0020F1
:10FD300034C7002038C700203CC7002040C700203F
:10FD400048C8002054CA002030B52E4B87B02E4C36
:10FD50001A6820682D49121A8A4218D82C4D1A6840
:10FD60002968521A2B498A421FD80023B6EE000A8E
:10FD70004FF47A7240F2995102200093CDE9013399
:10FD8000EEF788FF07B0BDE83040EFF757BA1A68C2
:10FD9000214822600268196801321D4D02601A680C
:10FDA0002960521A1B498A42DFD91B4B4FF4A561C7
:10FDB00005A81A68059204220EF01CFE114B1A6861
:10FDC0002A6010F0D3F8154A1278002ACDD0144AD0
:10FDD0001278D307C9D513490A4B1A680968521A11
:10FDE0000E2AC2D910F050F8FF28064BBDDD186866
:10FDF000094A23681268C31A0B490C480EF092F89E
:10FE0000B3E700BF48CA002034C70020005C2605C5
:10FE100040C70020A0BB0D0084910020B9CA00207B
:10FE2000B8CA002070CA0020541A0020488E002052
:10FE30002DE9F041C64884B006F054FAC54DC448D7
:10FE400004F0B6FB32200EF0E3FA2B68142B09D82D
:10FE50000024013401200EF0DBFA2B68192C01D0AC
:10FE6000142BF6D9BA4EBC4C304604F069FBFF2384
:10FE700030461A46194605F0E1F9304605F042F8D9
:10FE8000772379227C21304605F07EFD2368002B04
:10FE900040F0808200251A2306220421AC48CDE9D7
:10FEA000005505F035FE21681A230622A848CDE941
:10FEB00000510E2105F02CFEA8490024A84D1A235C
:10FEC0000622A348CDE90041172105F0CFFD29689E
:10FED0001A230622092900F356821C219C48CDE9E9
:10FEE000004405F015FE29681A2306229848CDE93A
:10FEF0000041252105F00CFE0CF0CAFD20B1994B04
:10FF00001968002900F05682974800211A2306221A
:10FF1000CDE900102B218E4805F0A8FD934C2168F7
:10FF2000092900F3268200251A2306224B2188483E
:10FF3000CDE9005505F0ECFD21681A23062284481E
:10FF4000CDE90051552105F0E3FD894D0024894F8D
:10FF50001A2306225D217E48CDE9004505F086FD85
:10FF60003A681A23092A00F3FC81062263217848A3
:10FF7000CDE9004405F0CCFD3A681A236B217448A2
:10FF8000CDE90042062205F0C3FD00241A23062213
:10FF900073216F48784FDFF80C82CDE9004505F0FA
:10FFA00065FD76491A23062209684FF4C065684842
:10FFB000CDE90041792105F0ABFD772379227C2141
:10FFC000634805F0E1FC6E4A172340F26311604874
:10FFD000CDE90052492205F049FD6A4A1A234FF43F
:10FFE000B6715B48CDE90052642205F03FFD664AD8
:10FFF0001A234FF4B6715648CDE900527D2205F020
:02000004600298
:1000000035FD624A172340F24F115148CDE90052A5
:10001000952205F02BFD5E494D4805F055F85D4AE7
:100020001A234FF4AD714A48CDE90052AD2205F0D4
:100030001DFD4FF4A071464805F084F8092144489D
:1000400005F02AFC5449424805F03EF84122234677
:1000500028213F48009405F099FEB9222346D22179
:100060003B48009405F092FE772379227C213848A2
:1000700005F08AFC494A1C2330213548CDE900525D
:10008000502205F0F3FC00953B6850224C2130488B
:1000900001931C2305F03CFD414B50229A212C4832
:1000A000CDE900531C2305F0E1FC772379227C2164
:1000B000274805F069FC1021254805F043F8042184
:1000C000234805F0E9FB2346AE2224212048009472
:1000D00005F05CFE2346AE2233211D48009405F056
:1000E00055FE2346912233211948009405F04EFE17
:1000F0002346912251211648009405F047FE2346DD
:10010000AE2251211248009405F040FE2346AE2253
:100110006F210F48009405F039FE234691226F218C
:100120000B48009405F032FE234691228D210848A9
:10013000009405F02BFE2346AE228D210448009446
:1001400005F024FE2346AE22AB21014800942BE0AB
:10015000209D0020648E002080C70020940700208E
:1001600090C7002010C70020A00700202CC7002047
:10017000A8070020A0C70020849100208CCA00207E
:100180005809002064090020740900208809002013
:1001900058D75A0090090020F2F2F200A41900206A
:1001A000A81900203CCA002005F0F0FD234691224A
:1001B000AB219D48009405F0E9FD23469122C92119
:1001C0009948009405F0E2FD2346AE22C9219648E5
:1001D000009405F0DBFD2346AE22D821924800941E
:1001E00005F0D4FD9149904804F06EFF98218E48A7
:1001F00004F0E6FF02218C4805F04EFB8C4B009486
:100200001A888C4B88481988234605F0BFFDFF23C8
:1002100085481A46194605F0B7FB0121824805F0CA
:100220003BFB062322464FF4C8717F48009405F03B
:10023000ADFD4FF4A0717C4804F084FF09217A4899
:1002400005F02AFB4021784804F004FF7A497648FB
:1002500004F03AFF2346D72240F21311724800946B
:1002600005F094FD2346DA2240F245116E480094D1
:1002700005F08CFDFF236C481A46194605F084FBF7
:100280006E4BD8224FF495716748CDE900531C237B
:1002900005F0ECFB4FF4A071634804F053FF092113
:1002A000614805F0F9FA41215F4804F0D3FE624944
:1002B0005D4804F009FF2346D72240F281115A48D5
:1002C000009405F063FD2346DA2240F2B31156484C
:1002D000009405F05BFDFF2353481A46194605F0CC
:1002E00053FB574A1C2340F29B114F48CDE9005263
:1002F000D82205F0BBFBD8F80030012B00F091802C
:10030000EEF7E2FF484805F0F7FCFFF71DFD96F811
:100310002030412B02D10123C8F80030494B4A4D0F
:100320001C682A68A24207D02C60E4B264202146EF
:100330000EF0C0FA434B2C60444A1468002C43D0A2
:1003400096F82020402A09D100224148414C026001
:100350000020414922601C2208601A6004B0BDE8F8
:10036000F081CDE90042612106222F4805F0D0FB43
:100370000BE600201A230622CDE900014B212A4872
:1003800005F0C6FBE1E5CDE9004127481B2105F05A
:10039000BFFBB1E50CF05CFB092820607FF77AAD6C
:1003A00000211A230622CDE900100421304605F071
:1003B000AFFB81E529481A230622CDE900102B2145
:1003C000194805F053FBA9E52549C8F800404FF04E
:1003D00001080868C2F80080224AC7F8008010604F
:1003E0000868214A10600868204A09681060642083
:1003F0001F4A11600021174A1460154A1460164AFA
:10040000116021460EF056FA04224FF4A56103A8AC
:100410002C60CDF80C800EF0EDFA1922094B1A6011
:100420008EE7FBF7F9FC6BE7209D00206246AC00ED
:10043000FC920020F8920020D9D9D900B8190020E8
:10044000C019002034C8002038C8002040CA00204D
:1004500040C800203CC800207CCA0020980700202B
:1004600048CA002034C7002038C700203CC70020FD
:1004700040C7002030B52F4B87B02F4C1A6820683A
:100480002E49121A8A421BD82D4D1A682968521A11
:100490002C498A4222D80023B6EE000A40F6A66212
:1004A00040F2995103200093CDE90133EEF7F2FBBE
:1004B000BE226E21244807B0BDE83040EEF76EBF83
:1004C0001A68224822600268196801321C4D0260D5
:1004D0001A682960521A1B498A42DCD91B4B40F228
:1004E0002C5105A81A68059204220EF083FA114BCC
:1004F0001A682A600FF03AFD154A1278002ACAD00D
:10050000144A1278D307C6D513490A4B1A680968EA
:10051000521A0E2ABFD90FF0B7FCFF28054BBADDDF
:1005200018680A4A23681268C31A0C490C480DF06F
:10053000F9FCB0E748CA002034C70020005C26055B
:1005400040C70020A0BB0D004CC8002070910020C7
:10055000B9CA0020B8CA002070CA00208C1A002036
:10056000488E00202DE9F041C94884B005F0BAFE5C
:10057000C84DC74804F01CF832200DF049FF2B6825
:10058000142B09D80024013401200DF041FF2B6801
:10059000192C01D0142BF6D9BD4EBF4C304603F0B8
:1005A000CFFFFF2330461A46194604F047FE304677
:1005B00004F0A8FC772379227C21304605F0E4F989
:1005C0002368002B40F0148200251A23FC224FF4EC
:1005D000AD71AF48CDE9005505F09AFA21681A23AC
:1005E000FC22AB48CDE900514FF4B27105F090FA0E
:1005F000AA490024AA4D1A23FC22A548CDE90041AE
:100600004FF4B77105F032FA29681A23FC22092940
:1006100000F3E68140F273119D48CDE9004405F0F6
:1006200077FA29681A23FC229948CDE900414FF452
:10063000BE7105F06DFA9B4C2168092900F3C58154
:1006400000251A23FC224FF4C6719148CDE90055CC
:1006500005F05EFA21681A23FC228D48CDE900518D
:100660004FF4CB7105F054FA8F4D00248F4F1A23AD
:10067000FC224FF4CF718648CDE9004505F0F6F92C
:100680003A681A23092A00F39781FC224FF4D271A9
:100690007F48CDE9004405F03BFA3A681A234FF44D
:1006A000D6717B48CDE90042FC2205F031FA0024E6
:1006B0001A23FC224FF4DA7175487D4FDFF82C8243
:1006C000CDE9004505F0D2F97A491A23FC220968E0
:1006D0004FF4C0656E48CDE900414FF4DD7105F07F
:1006E00017FA772379227C21694805F04DF9724A7F
:1006F000172340F263116648CDE90052492205F004
:10070000B5F96E4A1A234FF4B6716148CDE900522B
:10071000642205F0ABF96A4A172340F24F115C4896
:10072000CDE90052952205F0A1F96649584804F038
:10073000CBFC654A1A234FF4AD715548CDE9005200
:10074000AD2205F093F94FF4A071514804F0FAFC82
:1007500009214F4805F0A0F85C494D4804F0B4FC6D
:100760004122234623214A48009405F00FFBBE2274
:100770002346E0214648009405F008FB77237922C0
:100780007C21434805F000F9514A1C2330214048A0
:10079000CDE90052502205F069F900953B685022DE
:1007A0004C213B4801931C2305F0B2F9494B5022E0
:1007B0009A213748CDE900531C2305F057F9FF2350
:1007C00033481A46194605F0DFF80121304805F094
:1007D00063F807237D221B212D48009405F0D6FAEB
:1007E0003D492B4804F070FC9821294804F0E8FCAE
:1007F0000221274805F050F8384B00941A88384BEE
:1008000023481988234605F0C1FAFF2320481A46D9
:10081000194605F0B9F801211D4805F03DF80523FA
:1008200022464FF4C8711A48009405F0AFFA4FF40D
:10083000A071174804F086FC0921154805F02CF832
:100840008E21134804F006FC2649114804F03CFCB4
:100850002346D72240F213110D48009405F096FA72
:100860002346DA2240F245110948009405F08EFA39
:10087000FF2307481A46194605F086F81A4BD82276
:100880004FF495710248CDE900531C2330E000BFBE
:10089000209D0020648E002080C700209407002047
:1008A00090C700202CC70020A8070020A0C7002068
:1008B000709100208CCA002058090020D80F002019
:1008C0008809002058D75A0090090020F2F2F2005F
:1008D000A4190020A81900208B342600FC920020C7
:1008E000F8920020D9D9D900B81900203CCA0020BC
:1008F00005F0BCF84FF4A0715F4804F023FC092117
:100900005D4804F0C9FF8F215B4804F0A3FB5B49FD
:10091000594804F0D9FB2346D72240F281115648AA
:10092000009405F033FA2346DA2240F2B31152481C
:10093000009405F02BFAFF234F481A46194605F09C
:1009400023F84F4A1C2340F29B114B48CDE900523B
:10095000D82205F08BF8D8F80030012B00F0898000
:10096000EEF7B2FC444805F0C7F9FFF783FD96F8AF
:1009700020308F2B02D10123C8F80030414B424D6B
:100980001C682A68A24207D02C60E4B26420214689
:100990000DF090FF3B4B2C603C4A1468002C38D083
:1009A00096F820208E2A04D139490020322208608E
:1009B0001A6004B0BDE8F081CDE900424FF4D17176
:1009C000FC222D4805F0A4F871E600201A23FC2231
:1009D000CDE900014FF4C671274805F099F843E6C8
:1009E000CDE90041244840F2731105F091F822E668
:1009F0000CF02EF8092820607FF7E6AD00211A23BD
:100A0000FC22CDE9001040F25B11304605F080F881
:100A1000EEE520490120C8F80040D1F800C0106080
:100A2000002238601C48D1F800E0C0F800C0D1F8BE
:100A300000C008681949C1F800E01949C1F800C0B0
:100A400018490860642018490C6018490A60104968
:100A50000A6021460DF02EFF3868042240F22C5126
:100A6000039003A82C600DF0C5FF2F22054B1A60E0
:100A700096E7FBF7D1F973E7209D0020D9D9D9007B
:100A8000C019002034C8002038C8002040CA002007
:100A90007CCA002048CA002034C7002038C7002084
:100AA0003CC7002040C700204CC8002058CA002086
:100AB00070B5504C86B0504D236829684F4A5B1A78
:100AC00093424DD84E4E236832689B1A4D4A93424A
:100AD00054D84D4A4FF47A714C4812684C4B30F858
:100AE00012E0950103EB821CAEF13202DCF81040FB
:100AF000DCF8280092B2DCF81C6001FB04F401FB76
:100B000000F001FB06FC40F2B6318A4269D807EEDC
:100B100090EADFED405ADFED406AB8EEE77AF6EE94
:100B2000007A87EE256AE6EE267AFCEEE77A17EE83
:100B3000902A91B22B44DFED397A93ED030A9A683B
:100B4000012380EE270A0190CDF808C0022000940E
:100B5000EEF7A0F8324806B0BDE87040EEF7DCB81A
:100B6000304920680B6822680133254E28600B60ED
:100B7000236832609B1A234A9342AAD9294B042244
:100B80004FF4A66105A81B6805930DF033FF2A6892
:100B900005A8236840F23C519B1A042205930DF0EE
:100BA00029FF236833600FF0E1F91F4B1B78002BFE
:100BB0008FD01E4B1B78DB078BD51D4A236812682C
:100BC0009B1A0E2B85D90FF05FF9FF2881DD206875
:100BD0002B68144AC31A1749126817480DF0A2F976
:100BE00077E75A5940F2666140F29956012A08BFE8
:100BF00031469FE748CA002034C70020005C260524
:100C000040C70020A0BB0D00C8C7002018C70020A7
:100C1000608C002000007A4400F07F450000C8424C
:100C2000D892002058910020B9CA0020B8CA0020EC
:100C300070CA0020C41A0020488E002070B5644C91
:100C400086B0644D23682968634A5B1A934271D861
:100C5000624E236832689B1A614A934278D8614B8E
:100C60004FF47A72604D19689FED607A05EB81133D
:100C70008E01D3ED017A1869F4EEC77A9C6ADB69BC
:100C800002FB00F002FB04FCF1EE10FA02FB03F39E
:100C90000DDDF7EE005ADFED566A85EEA76AF6EE37
:100CA000007AE6EE267AFCEEE77A17EE902A514CAF
:100CB00034F811E040F2B634AEF1320189B2A1420B
:100CC0007DD807EE90EADFED4A5ADFED4B6AB8EEC9
:100CD000E77AF6EE007A87EE256AE6EE267AFCEEF3
:100CE000E77A17EE901A89B20293B6EE000A012352
:100CF000CDE9000C0320EDF7CDFF404B1A782AB167
:100D00001B78022B02D0DFED3E7A08E03D4B9FEDD1
:100D1000377AD3ED007AF8EE677A67EE877A3A4B46
:100D2000D02280213948C3ED007A06B0BDE870407A
:100D3000EEF734BB364920680B6822680133274E32
:100D400028600B60236832609B1A254A934286D93B
:100D50002F4B04224FF4A66105A81B6805930DF0E4
:100D600049FE2A6805A8236840F23C519B1A0422D8
:100D700005930DF03FFE236833600FF0F7F8254B25
:100D80001B78002B3FF46BAF234B1B78DB077FF501
:100D900066AF224A236812689B1A0E2B7FF65FAF5C
:100DA0000FF072F8FF287FF75AAF20682B68184AB7
:100DB000C31A1B4912681B480DF0B4F84FE7AD5930
:100DC00040F2666140F29954012D08BF21468BE73D
:100DD00048CA002034C70020005C260540C7002018
:100DE000A0BB0D00C8C70020608C00206F12833AA2
:100DF00000007A4418C7002000F07F45A5CA0020F3
:100E00000000000000A30020D892002044C8002069
:100E100058910020B9CA0020B8CA002070CA00202A
:100E2000C41A0020488E0020000000002DE9F04F79
:100E3000B34885B005F056FAB24DB14803F0B8FB9F
:100E400032200DF0E5FA2B68142B09D80024013468
:100E500001200DF0DDFA2B68192C01D0142BF6D9E6
:100E6000DFF89C82A84C404603F06AFBFF23404613
:100E70001A46194604F0E2F9404604F043F8772395
:100E800079227C21404604F07FFD2368002B40F04E
:100E9000268100251A23062204219948CDE9005510
:100EA00004F036FE21681A2306229548CDE9005148
:100EB0000E2104F02DFE95490024954D1A2306229B
:100EC0008F48CDE90041172104F0D0FD29681A238D
:100ED0000622092900F3FC801C218948CDE9004441
:100EE00004F016FE29681A2306228548CDE9004140
:100EF000252104F00DFE0BF0CBFD20B1854B1968C8
:100F0000002900F05184844800211A230622CDE9EB
:100F100000102B217A4804F0A9FD804C2168092992
:100F200000F3378400251A2306224B217448CDE9AB
:100F3000005504F0EDFD21681A2306227048CDE922
:100F40000051552104F0E4FD754D0024754E1A231F
:100F500006225D216A48CDE9004504F087FD32682C
:100F60001A23092A00F30C84062263216448CDE980
:100F7000004404F0CDFD32681A236B216048CDE9AE
:100F80000042062204F0C4FD00241A230622732125
:100F90005B48654ECDE9004504F068FD6349644D4A
:100FA0001A23096806225648CDE9004179214FF4F9
:100FB000C06404F0ADFD772379227C21504804F011
:100FC000E3FC2B684D215B4A4D4801FB03221E23A5
:100FD000F021CDE900421A2204F048FD564A1823B8
:100FE00040F259114648CDE90042492204F03EFD45
:100FF000524A1B234FF4B1714148CDE900426422AB
:1010000004F034FD2B681B225A2106EB83134FF4A6
:10101000CD7093ED010AEEF773F8494B642240F26C
:10102000B3113748CDE900431B2304F01FFD2B68A3
:101030009B01F758002F40F08F80424A1A234FF44B
:10104000A5712F4801927D22009404F00FFD2B68BA
:1010500074224FF4AF7106EB83132948D3ED037A62
:101060001A230097FCEEE77ACDED017A04F050FDEB
:10107000354A1A2340F275112148019274220097D3
:1010800004F0F4FC314B296840F2B63033F81130EB
:10109000A3F1320292B2824200F2CA8407EE903A81
:1010A0009FED2B7AF8EEE77A87EE870A1A227421F1
:1010B0004FF4D270EEF724F8264A00234FF4E17182
:1010C0000F48CDE900321A23742204F0CFFC72E0FD
:1010D000CDE900410A481B2104F01AFD0BE70BF093
:1010E000B7FC092820607FF7D4AE00211A2306221E
:1010F000CDE900100421404604F00AFDDBE600BF04
:10110000209D0020648E002080C7002094070020CE
:1011100090C7002010C70020A00700202CC7002087
:10112000A8070020A0C70020608C00208CCA0020E7
:10113000C8C70020EC910020580900201419002095
:1011400070090020201900202819002018C700204D
:1011500000007A4424110020D04A1B234FF4B171BF
:10116000CF4801927D22009404F080FCCD4B296889
:1011700040F2B63033F81130A3F1320292B282421B
:1011800000F25E8407EE903A9FEDC77AF8EEE77AB8
:1011900087EE870A1B2273214FF4D270EDF7B0FF60
:1011A000C24A00234FF4E171BD48CDE900321B2350
:1011B000732204F05BFC4FF4C06ABD4B952240F2F1
:1011C0004511B7480024DFF80CB3DFF80C93B94F92
:1011D000CDE900A3182304F049FCB14803F002FF55
:1011E000332366220721AE4804F0CEFB1023AB2246
:1011F00040F21311AA480094CDF804B004F036FC74
:101200002B68AB224FF49D7106EB8313A4485B69F6
:10121000CDE90043102304F07BFC2B68AB2240F2A5
:101220005B1106EB83139E489B69CDE900431023B5
:1012300004F06EFC9A4803F09DFE994803F0D2FE3C
:10124000332366220721964804F09EFB1223A62230
:1012500040F24D1192480094CDF8049004F006FC41
:101260001223A72240F26B118D480094019704F0DD
:10127000FDFB8B4803F07EFE894803F0B3FE562346
:101280001722BD21864804F07FFB8B4BB92240F228
:101290001311834800940193102304F0E7FB2B689B
:1012A000B9224FF49D7106EB83137D48DB6ACDE9CB
:1012B0000043102304F02CFC2B68B92240F25B1190
:1012C00006EB831376481B6BCDE90043102304F033
:1012D0001FFC1223B42240F24D117148CDE90049A0
:1012E00004F0C4FB1223B52240F26B116C48CDE927
:1012F000004704F0BBFB6A4803F03CFE684803F07B
:1013000071FE332366220721654804F03DFB10235C
:10131000C72240F213116248CDE9004B04F0A6FB4E
:101320002B68C7224FF49D7106EB83135C481B6A40
:10133000CDE90043102304F0EBFB2B68C72240F2F9
:101340005B1106EB831356485B6ACDE9004310231B
:1013500004F0DEFB1223C22240F24D115048CDE9C9
:10136000004904F083FB1223C32240F26B114C4866
:10137000CDE9004704F07AFB494803F0FBFD7723F1
:1013800079227C21464804F0FFFA4C4BB9224FF4F5
:10139000BB71434800940193102304F067FB40485D
:1013A00003F020FE2B68B9224FF4CE7106EB8313B5
:1013B0003B489B6BCDE90043102304F0A9FB2B684D
:1013C000B9224FF4DE7106EB83133548DB6BCDE9B0
:1013D0000043102304F09CFB314803F0CBFD304860
:1013E00003F000FE1223B4224FF4D7712C48CDE94C
:1013F000004904F03BFB1223B52240F2CD112848EE
:10140000DFF8D890CDE9004704F030FB244803F022
:10141000B1FD4FF4A071224803F094FE0921204849
:1014200004F03AFA26491E4803F04EFE23464122B4
:1014300024211B48009404F0A9FC2346CD22E62178
:101440001748009404F0A2FC1E4B9FED1F7A7922EE
:10145000D3ED007A7C211D4F7723B7EEE73A1C4C81
:10146000C7EE876A0E489FED094B9FED0A5B83EE3E
:10147000047BFDEEE66AB8EEE66AC7ED006AB7EEF9
:10148000C66A37EE467B27EE057B29E000000000A8
:101490000020AC400000000000004E402C1900204D
:1014A000209D002018C7002000007A44241100204D
:1014B000880900203C190020401900201C1700203A
:1014C000F2F2F200D8920020000061457CC70020B3
:1014D00098C7002038190020C81B00205891002010
:1014E000BDEEC77B84ED007A04F04EFABC4B462279
:1014F0003621BC4801931C23CDF800A004F0B6FAB5
:10150000CDF800A0D9F800001C23462252210190FA
:10151000B44804F0FDFAB44B4622A02101931C23E9
:10152000B048CDF800A004F0A1FA2B68AF4A06EB52
:1015300083131969914200F04281DB69934200F004
:101540003E81AB4B6B224821A64801931B23CDF86B
:1015500000A004F08BFA3B686B228121A148CDE901
:1015600000A31B2304F0D4FAA24B6B22A2219D48B6
:1015700001931B23CDF800A004F078FA23686B22B6
:10158000C5219848CDE900A31B2304F0C1FA9A4A6B
:101590001B23E32101926B229248CDF800A004F0B6
:1015A00065FA772379227C218E4804F0EDF92B68C7
:1015B0009B01F458002C00F03B81012C11D1FF233A
:1015C00088481A46194604F0DFF92146854804F098
:1015D00063F900238F221B2100930723814804F025
:1015E000D5FB00237F480024DFF83CA21A461946A9
:1015F00004F0CAF998217B484FF4C06703F0E0FD7E
:101600000221784804F048F97C4A00942346128865
:10161000BAF80010734804F0B9FBFF2371481A466A
:10162000194604F0B1F901216E4804F035F9092397
:1016300022464FF4C8716B48009404F0A7FB4FF4A6
:10164000A071684803F07EFD0921664804F024F982
:101650009C21644803F0FEFC6949624803F034FDB4
:101660002346EB224FF48C715E48009404F08EFB0D
:101670002346EE224FF4A5715A48009404F086FBED
:10168000FF2358481A46194604F07EF95D4BEC22B8
:1016900040F22F11534801931C23009704F0E6F900
:1016A0004FF4A0714F4803F04DFD09214D4804F05F
:1016B000F3F89D214B4803F0CDFC5149494803F014
:1016C00003FD2346EB224FF4C3714648009404F017
:1016D0005DFB2346EE224FF4DC714248009404F097
:1016E00055FBFF233F481A46194604F04DF9464B77
:1016F000DFF838B1EC2201934FF4D0711C23394844
:10170000009704F0B3F9DBF80030012B00F08D8175
:10171000EDF7DAFD334804F0EFFA2B689B01F3583C
:10172000002B00F07F81012B00F0928198F820308F
:101730009D2B02D10123CBF80030344E344F346856
:101740003A68A2420BD03C60E4B2642021460DF01E
:10175000B1F8297840F216503C600DF0ABF82D4AF4
:101760001468002C00F0238198F820309C2B04D1C1
:10177000294A002135231160336005B0BDE8F08FA0
:10178000CDE9004261210622164804F0C1F9FFF7B5
:10179000FBBB00201A230622CDE900014B21114892
:1017A00004F0B6F9FFF7D0BB1C481A230622CDE996
:1017B00000102B210B4804F059F9FFF7AEBB184974
:1017C000084803F081FC174B6B22482101934FF42A
:1017D000C063044800931A2304F048F9E1E600BF0F
:1017E000A4190020209D0020A8190020805101008C
:1017F000041A0020141A002008170020FC92002070
:10180000D9D9D900B8190020C019002034C8002047
:1018100038C8002040CA00207CCA00209807002059
:1018200058D75A0090090020F89200203CCA0020A6
:1018300010218D4803F086FC04218B4804F02CF81D
:101840002346C22224218848009404F09FFA2346AC
:10185000C22233218448009404F098FA2346A5223A
:1018600033218148009404F091FA2346A5223821BF
:101870007D48009404F08AFA2346C22238217A482F
:10188000009404F083FA2346C2223D217648009456
:1018900004F07CFA2346A5223D217348009404F00D
:1018A00075FA2346A52242216F48009404F06EFA8F
:1018B0002346C22242216C48009404F067FA234672
:1018C000C22247216848009404F060FA2346A5220A
:1018D00047216548009404F059FA2346A5224C217B
:1018E0006148009404F052FA2346C2224C215E481B
:1018F000009404F04BFA2346C22279215A480094FE
:1019000004F044FA2346A52279215748009404F0B4
:101910003DFA2346A5227E215348009404F036FA6E
:101920002346C2227E215048009404F02FFA234619
:10193000C22283214C48009404F028FA2346A522B1
:1019400083214948009404F021FA2346A5228821E6
:101950004548009404F01AFA2346C22288214248DE
:10196000009404F013FA2346C2228D213E480094CD
:1019700004F00CFA2346A5228D213B48009404F084
:1019800005FA2346A52292213748009404F0FEF977
:101990002346C22292213448009404F0F7F92346EA
:1019A000C222DC213048009404F0F0F919E62F49F6
:1019B0000120CBF800400B68106000220D68C9F8C8
:1019C000000008682A490B602A492B4B0D602B49FF
:1019D000086064202A490C602A490C602A490C607E
:1019E0003421CAF800108021196028490A6028496A
:1019F0000C6028490A6021460CF05CFFD9F80020F1
:101A00004FF4A66103A8039204223C600CF0F2FF9D
:101A1000042203A840F23C5103940CF0EBFF29236D
:101A20003360A1E6FFF744F880E6FAF7F5F96FE6D0
:101A300089017358012B0ED09FED170AFFF736BBB3
:101A400089017358012B0AD09FED130AFFF7A2BB3F
:101A5000FFF7F4F86AE69FED110AFFF727BB9FED49
:101A60000F0AFFF797BB00BF209D002048CA002047
:101A700034C7002038C70020FC9200203CC700205B
:101A800044910020489100204C9100207CCA002005
:101A900044C8002050CA0020CDCCCC3E3333B33EE6
:101AA000F0B5CD4883B004F01DFCCC4DCA4802F01F
:101AB0007FFD32200CF0ACFC2B68142B09D80024DD
:101AC000013401200CF0A4FC2B68192C01D0142B3C
:101AD000F6D9C14EC24C304602F032FDFF233046EB
:101AE00019461A4603F0AAFB304603F00BFA2168A8
:101AF000092900F3EC8100251A23FC224FF4AD7173
:101B00003046CDE9005504F003F821681A23FC2281
:101B10003046CDE9005140F2651103F0F9FFB149BB
:101B20000024B14D1A23FC22AB48CDE900414FF40B
:101B3000B77103F09BFF29681A23FC22092900F3DF
:101B4000E58140F27311A448CDE9004403F0E0FFC1
:101B500029681A23FC22A048CDE900414FF4BE7148
:101B600003F0D6FFA14C2168092900F3C4810025A8
:101B70001A23FC2240F283119748CDE9005503F067
:101B8000C7FF21681A23FC229348CDE900514FF486
:101B9000CB7103F0BDFF964D0024964F1A23FC2213
:101BA0004FF4CF718C48CDE9004503F05FFF3A68F0
:101BB0001A23092A00F39681FC224FF4D271864839
:101BC000CDE9004403F0A4FF3A681A234FF4D6711C
:101BD0008148CDE90042FC2203F09AFF00241A2339
:101BE000FC224FF4DA717C48CDE9004503F03EFF5A
:101BF00081491A23FC2209684FF4C0657648CDE973
:101C000000414FF4DD7103F083FF4FF4A07172487F
:101C100003F098FA0921704803F03EFE77496E48B8
:101C200003F052FA4622234614216B48009404F034
:101C3000ADF8E62223464FF4E6716748009404F0BD
:101C4000A5F8772379227C21634803F09DFE6C4A36
:101C50001B23F0216048CDE90052532203F006FF18
:101C6000684A1B23F0215C48CDE900526E2203F044
:101C7000FDFE6549584803F027FA4FF42071564895
:101C800003F09EFA0221544803F006FE4C2152480C
:101C900003F0E0F9B92223463C214F48009404F0B8
:101CA00075F8BC214C4803F0D5F9B922234696219A
:101CB0004948009404F06AF8DF21474803F0CAF964
:101CC000B9222346F0214448009404F05FF8E02153
:101CD000414803F0BFF9B92223464FF4A5713E48AD
:101CE000009404F053F8DC213B4803F0B3F9B92227
:101CF00023464FF4D2713848009404F047F8FF238C
:101D000035481A46194603F03FFE4C21324803F08D
:101D1000A1F93E491A23B9222F48CDE900513C21AF
:101D200003F0A4FEBC212C4803F094F938491A238F
:101D3000B9222948CDE90051962103F097FEDF2111
:101D4000254803F087F933491A23B0222248CDE908
:101D50000051F02103F08AFE2F491A23C4221E48A5
:101D6000CDE90051F02103F081FEE0211A4803F093
:101D700071F92A491A23B0221748CDE900514FF4CE
:101D8000A57103F073FE26491A23C4221248CDE937
:101D900000514FF4A57103F069FEDC210E4803F0F9
:101DA00059F920491A23B0220B48CDE900514FF4CC
:101DB000D27103F05BFE1C491A23C4220648CDE908
:101DC00000514FF4D27103F051FE772379227C2128
:101DD000014803F0D9FD29E0209D0020648E0020F9
:101DE00080C700209407002090C700202CC7002047
:101DF000A8070020A0C700208CCA0020F2F2F20041
:101E00002C1B0020441B0020D9D9D9005C1B0020CA
:101E1000681B0020741B0020801B0020881B0020F2
:101E2000941B00209C1B0020A81B00205E4B1A78EE
:101E3000C52A00F085805D494FF4C0651A238722CA
:101E40005B480024CDE90051F02103F00FFEA021F2
:101E5000574803F077F90921554803F01DFD4B2140
:101E6000534803F0F7F85349514803F02DF9042281
:101E700023464F481146009403F088FF232223464F
:101E800037214B48009403F081FFFF2348481A464E
:101E9000194603F079FD484A1B231F214448CDE928
:101EA0000052142203F0E2FD414803F025FF96F8AA
:101EB0002030DC2B70D031D84C2B68D0BC2B61D0BB
:101EC0004B2B02D13D4B01221A6003B0F0BD002024
:101ED0001A23FC22CDE9000140F25B11304603F0E9
:101EE00017FE1CE6CDE900424FF4D171FC223048C8
:101EF00003F00EFE72E600201A23FC22CDE9000159
:101F00004FF4C6712A4803F003FE44E6CDE90041D0
:101F1000274840F2731103F0FBFD23E6DF2B23D0AB
:101F2000E02BD2D1264B00222649274D27480C70A2
:101F300042211A60214A5D609860116003B0F0BDD3
:101F4000B6EE007AD3ED017AF4EEC77AF1EE10FA2C
:101F50007FF771AFB0EE007AF4EEC77AF1EE10FAC7
:101F60007FF569AF1A4967E7154B00221549164DF1
:101F700016480C7041211A60104A5D60986011602B
:101F800003B0F0BD0D4B21221A6003B0F0BD0B4B26
:101F900020221A6003B0F0BD0E494022074B0C709E
:101FA0001A6003B0F0BD00BF848E0020141B002017
:101FB000209D0020D9D9D900AC07002034C80020CA
:101FC000948E00209FCA00203333B33E3333333F17
:101FD000001B0020AECA002070B5424C82B0FF2129
:101FE000002520464FF4C06603F0BAFBA02120462E
:101FF00003F0A8F80921204603F04EFC58212046A2
:1020000003F028F83849204603F05EF88022204685
:102010002B462946009503F0B9FE9E222B46372118
:102020002046009503F0B2FEFF2320461A461946CB
:1020300003F0AAFC2D4A1B231D212046CDE9006296
:102040008E2203F013FDFF21204603F089FBA0211F
:10205000204603F077F80921204603F01DFC5721A4
:10206000204602F0F7FF2049204603F02DF8802299
:102070002B4640F2A7112046009503F087FE9E22D2
:102080002B464FF4EF712046009503F07FFEFF23AF
:1020900020461A46194603F077FC154A1B2340F2E6
:1020A000BF112046CDE900628E2203F0DFFC94F8D8
:1020B0002030572B09D0582B05D10E4A1368002B1E
:1020C0000CDD013B136002B070BD0A4A13680B2B94
:1020D000CCBF0C230133136002B070BD156002B099
:1020E00070BD00BF209D0020D9D9D900F412002076
:1020F0007814002084C7002070B5424C82B0FF21C4
:10210000002520464FF4C06603F02AFBA02120469C
:1021100003F018F80921204603F0BEFB58212046A1
:1021200002F098FF3849204602F0CEFF8022204678
:102130002B462946009503F029FE9E222B46372187
:102140002046009503F022FEFF2320461A4619463A
:1021500003F01AFC2D4A1B231D212046CDE9006205
:102160008E2203F083FCFF21204603F0F9FAA02120
:10217000204602F0E7FF0921204603F08DFB57219E
:10218000204602F067FF2049204602F09DFF802292
:102190002B4640F2A7112046009503F0F7FD9E2242
:1021A0002B464FF4EF712046009503F0EFFDFF231F
:1021B00020461A46194603F0E7FB154A1B2340F256
:1021C000BF112046CDE900628E2203F04FFC94F847
:1021D0002030572B09D0582B05D10E4A1368002BFD
:1021E0000CDD013B136002B070BD0A4A13683A2B44
:1021F000CCBF3B230133136002B070BD156002B049
:1022000070BD00BF209D0020D9D9D900F412002054
:10221000781400209CC7002070B5414C82B0FF218B
:10222000002520464FF4C06603F09AFAA02120460C
:1022300002F088FF0921204603F02EFB582120469A
:1022400002F008FF3749204602F03EFF8022204678
:102250002B462946009503F099FD9E222B463721F7
:102260002046009503F092FDFF2320461A461946AA
:1022700003F08AFB2C4A1B231D212046CDE9006276
:102280008E2203F0F3FBFF21204603F069FAA02120
:10229000204602F057FF0921204603F0FDFA57219E
:1022A000204602F0D7FE1F49204602F00DFF802293
:1022B0002B4640F2A7112046009503F067FD9E22B1
:1022C0002B464FF4EF712046009503F05FFDFF238E
:1022D00020461A46194603F057FB14491B238E2249
:1022E0002046CDE9006140F2BF1103F0BFFB94F836
:1022F0002030572B0BD0582B07D10D4A1368012BD8
:10230000D4BF012303F1FF33136002B070BD084A4C
:1023100013681E2BCCBF1F230133136002B070BDA6
:10232000209D0020D9D9D900F41200207814002073
:102330008091002070B5414C82B0FF2100252046DD
:102340004FF4C06603F00CFAA021204602F0FAFE1A
:102350000921204603F0A0FA5821204602F07AFE17
:102360003749204602F0B0FE802220462B462946FF
:10237000009503F00BFD9E222B4637212046009549
:1023800003F004FDFF2320461A46194603F0FCFA29
:102390002C4A1B231D212046CDE900628E2203F02A
:1023A00065FBFF21204603F0DBF9A021204602F067
:1023B000C9FE0921204603F06FFA5721204602F09A
:1023C00049FE1F49204602F07FFE80222B4640F244
:1023D000A7112046009503F0D9FC9E222B464FF40E
:1023E000EF712046009503F0D1FCFF2320461A46EA
:1023F000194603F0C9FA14491B238E222046CDE961
:10240000006140F2BF1103F031FB94F82030572BEC
:102410000BD0582B07D10D4A1368012BD4BF0123D1
:1024200003F1FF33136002B070BD084A13680B2B31
:10243000CCBF0C230133136002B070BD209D00207F
:10244000D9D9D900F412002078140020E891002096
:1024500070B5414C82B0FF21002520464FF4C06684
:1024600003F07EF9A021204602F06CFE09212046EF
:1024700003F012FA5821204602F0ECFD37492046BD
:1024800002F022FE802220462B462946009503F0CA
:102490007DFC9E222B4637212046009503F076FCDA
:1024A000FF2320461A46194603F06EFA2C4A1B23D6
:1024B0001D212046CDE900628E2203F0D7FAFF21CC
:1024C000204603F04DF9A021204602F03BFE0921F1
:1024D000204603F0E1F95721204602F0BBFD1F49D9
:1024E000204602F0F1FD80222B4640F2A711204643
:1024F000009503F04BFC9E222B464FF4EF712046D3
:10250000009503F043FCFF2320461A46194603F0CA
:102510003BFA14491B238E222046CDE9006140F28C
:10252000BF1103F0A3FA94F82030572B0DD0582B8D
:1025300009D10D4A1368B3F5FD6FB4BF40F2E773DC
:1025400003F1FF33136002B070BD074A1368013313
:10255000136002B070BD00BF209D0020D9D9D90002
:10256000F412002078140020009300202DE9F04F91
:10257000D44883B003F0B6FED34DD24802F018F829
:1025800032200BF045FF2B68142B09D800240120C2
:1025900001340BF03DFF2B68142B01D8192CF6D118
:1025A000C84C00264FF4C065C84F2046DFF844935E
:1025B00001F0C6FFFF2320461A46194602F03EFEF0
:1025C000204602F09FFC4FF4A071204602F0BAFDB5
:1025D0000921204603F060F9BD49204602F074FD50
:1025E0004622672133462046009603F0CFFBC822DF
:1025F000334640F279112046009603F0C7FB77235B
:1026000079227C21204603F0BFF9B24A1823F02139
:102610002046CDE900524E2203F028FA1823A022CA
:10262000BE212046CDE9005703F020FA1823A0224E
:102630004FF491712046CDE9005703F017FAA649EF
:10264000204602F041FD5121204602F003FD4FF4E7
:102650000C71204602F0B4FD0221204603F01CF963
:10266000A02233468C212046009603F08FFB77236F
:1026700079227C21204603F087F9984A1A238C217D
:102680002046CDE90052732203F0F0F97723792236
:102690007C21204603F078F9914A1A23F021204644
:1026A000CDE90052732203F0E1F9772379227C21EE
:1026B000204603F069F98B4A1A234FF4AA71204689
:1026C000CDE90052732203F0D1F9D9F80030092B7B
:1026D00000F33381FF2320461A46194603F054F9CC
:1026E0001B23A02287212046CDE9005603F010FAD3
:1026F000D9F800201B2391212046CDE90052A022C9
:1027000003F006FA744900256E4802F0DDFC522100
:102710006C4802F09FFC4FF40C716A4802F050FDC7
:10272000DFF8D4A10221674803F0B6F82B46A022B7
:10273000F0216448009503F029FBDAF80030092BFA
:102740004FF0FF0300F31A814FF4C0661A46194692
:102750005C4803F019F91B23A022EB215948CDE96D
:10276000006503F0D5F9DAF800201B23F52101926A
:10277000A0225448009603F0CBF957490025514850
:1027800002F0A2FC53214F4802F064FC4FF40C719C
:102790004C4802F015FDDFF864B10221494803F00E
:1027A0007BF82B46A0224FF4AA714648009503F00F
:1027B000EDFADBF800304348092B4FF0FF031A46CF
:1027C000194600F3CB8003F0DFF801954FF4C065A4
:1027D0001B23A02240F24F113A48009503F098F9CC
:1027E0000095DBF800201B2340F259113548019277
:1027F000A02203F08DF9A021324802F0A3FC0921A8
:102800003048002503F048F854212E484FF4C066A4
:1028100002F020FC30492B4802F056FC2B46EB22FC
:1028200040F2A7112748009503F0B0FA2B464FF469
:1028300085724FF4EF712348009503F0A7FAFF2348
:1028400020481A46194603F09FF8274BF72240F21A
:10285000BF111C4801931B23009603F007F9A02128
:10286000184802F06FFC0921164803F015F85621AC
:10287000144802F0EFFB1849124802F025FC04222C
:102880002B4610481146009503F080FA2B46232270
:1028900037210C48009503F079FAFF2309481A46BE
:1028A000194603F071F8114B00961422104E1F21A7
:1028B00001931B23034803F0D9F83368DFF8408005
:1028C000012B1FE0209D0020648E0020A80700201F
:1028D000F2F2F200B01B0020D9D9D900A4190020CF
:1028E000C41B0020CC1B0020D41B0020AC07002000
:1028F0000CCA002080910020E89100200093002065
:1029000018CA00206DD0504FD8F80030012B62D08B
:102910003B68012B58D04D4803F0EEF994F8203075
:10292000512B48D0522B3BD10023012233603B6016
:10293000C8F8002003B0BDE8F08FFF2320461A46F8
:10294000194603F021F8D9F800201B238C212046DA
:10295000CDE90052A02203F0DBF8D3E603F014F82F
:10296000DBF80030A0224FF4AA7101934FF4C0634A
:10297000364800931B2303F0CBF83CE71A46194670
:10298000324803F001F8DAF800204FF4C063F02178
:102990000192A02200931B232C4803F0B9F8ECE627
:1029A000532B25D1002301223360C8F800303A6050
:1029B00003B0BDE8F08F00230122C8F800303B606F
:1029C000326003B0BDE8F08F00233360C8F80030F8
:1029D000FFF73EFD9FE7002333603B60FFF7AAFC53
:1029E00096E7194FC8F800503D60FFF715FC8BE7DC
:1029F000542B20D1DBF80030154A01931549DAF841
:102A0000003015480093D9F8003012680968006852
:102A10000AF0FEF864200BF0FBFC09F0B7FF0CF0A5
:102A2000E3F800220D493260C8F800203A601F2206
:102A300094F820300A60562B7FF47CAF074B1F229E
:102A40001A6003B0BDE8F08F1CCA0020209D002052
:102A500088C9002090C7002080C7002034C800200B
:102A600010B5124C82B023681BB1012B10D002B0FC
:102A700010BD0F484FF4C0611B239B22CDE900100D
:102A80004FF4AD710B4802F0F1FF2368012BEED13A
:102A9000094C4FF4C0601B239B224FF4AD71CDE96C
:102AA0000004044802F0E2FF02B010BD10C700208D
:102AB000DC1B0020209D0020E41B00202DE9F043BA
:102AC000CA4883B003F00EFCC94DC84801F070FD40
:102AD00032200BF09DFC2B68142B09D80024012018
:102AE00001340BF095FC2B68142B01D8192CF6D16E
:102AF000BE4C00254FF4C066BE4F204601F020FDBD
:102B0000FF2320461A46194602F098FB204602F0A1
:102B1000F9F94FF4A071204602F014FB0921204678
:102B200002F0BAFEB449204602F0CEFA46226721EE
:102B30002B462046009503F029F9C8222B4640F287
:102B400079112046009503F021F9772379227C2121
:102B5000204602F019FFA94A1823F0212046CDE9AA
:102B60000062532202F082FFA54A1823D321204697
:102B7000CDE900629B2202F079FFA249204602F0D3
:102B8000A3FA4E21204602F065FA4FF42071204648
:102B900002F016FB0221204602F07EFE2B469B220D
:102BA000A0212046009503F0F1F83B68092B00F3C3
:102BB000FA80FF2320461A46194602F0E5FE9B22C2
:102BC0001B2320461146CDE9006502F0A1FF3A68BB
:102BD0001B23A5212046CDE900629B2202F098FF2D
:102BE00088490025814802F06FFA4F217F4802F0A2
:102BF00031FA4FF420717D4802F0E2FADFF81492C6
:102C000002217A4802F048FE2B469B224FF4827143
:102C10007648009503F0BAF8D9F80030092B4FF048
:102C2000FF0300F3D0804FF4C0661A4619466F4880
:102C300002F0AAFE1B239B22FF216C48CDE9006510
:102C400002F066FFD9F800201B2340F2091101921F
:102C50009B226648009602F05BFFA021634802F0C9
:102C600071FA09216148002502F016FE50215F48E3
:102C70004FF4C06602F0EEF962495C4802F024FAB3
:102C80002B46912240F245115848009503F07EF8FA
:102C90002B46A52240F26D115448009503F076F8BA
:102CA000FF2352481A46194602F06EFEDFF868818B
:102CB000FFF7D6FEA0214D4802F044FA09214B4807
:102CC00002F0EAFD5421494802F0C4F94D49474851
:102CD00002F0FAF92B46EB2240F2A7114348009587
:102CE00003F054F82B464FF485724FF4EF713F48D0
:102CF000009503F04BF8FF233C481A46194602F0B2
:102D000043FE414BF72240F2BF11384801931B2389
:102D1000009602F0ABFEA021344802F013FA09211C
:102D2000324802F0B9FD5521304802F093F9354997
:102D30002E4802F0C9F904222B462C481146009572
:102D400003F024F82B46232237212848009503F06E
:102D50001DF8FF2325481A46194602F015FE2B4A96
:102D600000961B232A4E1F21019214221F4802F0B5
:102D70007DFE3368012B00F09580D8F80030012BE0
:102D800000F09980194802F0B7FF94F820304E2BDC
:102D90004FD04F2B42D1002201233260C8F80030BF
:102DA00003B0BDE8F083FF2320461A46194602F01F
:102DB000EBFD3A681B23A0212046CDE900629B224F
:102DC00002F0A6FE0CE71A461946084802F0DCFDA0
:102DD000D9F800204FF4C0634FF4827101929B2216
:102DE00000931B23014802F093FE36E7209D00204C
:102DF000648E002084C70020F2F2F200EC1B002059
:102E000094070020D9D9D900D41B0020AC0700209A
:102E100010CA00209CC7002014CA0020502B10D1DB
:102E2000354B1A68002A4BD0012AB9D100221A600A
:102E3000B6E700220123C8F80020336003B0BDE8E4
:102E4000F083542B26D12C4B1D68012D3DD08DB91C
:102E500038682A4F2A4B0C28D7F800C0294F1A6827
:102E60003F68294BD9F800101B68CDE900C73FD057
:102E700009F0CEFE64200BF0CBFA09F087FD0BF0D1
:102E8000B3FE002221493260C8F800201F2294F8C6
:102E900020300A60552B83D11C4B1F221A6003B0CF
:102EA000BDE8F083C8F80050FFF796F8D8F8003076
:102EB000012B7FF467AF00233360FFF71DF961E753
:102EC00001221A6003B0BDE8F08338680C4B0B4D4B
:102ED0000C280C4F1A682D680B4B3F68D9F800106E
:102EE0001B68CDE90057C3D00C3009F091FEC1E753
:102EF000284609F08DFEBDE710C70020A0C70020BE
:102F000088C900208CCA00202CC7002034C80020AB
:102F1000000000002DE9F043254D2B682DED068BB8
:102F20009FB0422B49D8DFE813F06B03DB03920319
:102F30008F036E033B043804350468036503E40320
:102F4000E103DE03550352034F038C038903860319
:102F5000830380037D037A037703740371034404BE
:102F600041043E0462035F0332042F042C0429044D
:102F70002604230420041D041A0417041404110455
:102F80000E040B04080405040204FF03FC03F90308
:102F9000F603F303F003ED03EA034800480048009A
:102FA0004800480048004800E7035C034500580318
:102FB00034C800200120F4F74DFFA34B45F25551D2
:102FC0004AF6AA2259805A800CF0EAFE044688B1DB
:102FD0000CF02CFFC0B2572800F00782562800F0F2
:102FE000BF814328F0D1ECF745FA0CF0D9FE044636
:102FF0000028EDD10BF062FA944A13689BB1944E0D
:10300000C31ADFF8D0C23168DFF8CCE2194431606E
:10301000DCF800100131CCF80010DEF800108B4213
:1030200088BFCEF800302B6810601D2B00F3A08104
:10303000042B04DD874A22FA03F3D9070BD40023BB
:10304000B6EE000A4FF47A72194618460093CDE99D
:103050000133EBF71FFE804B80491A680868121A8B
:10306000632A40F2AA801A680E200A600AF078FFEC
:1030700007EE100ADFED7A5A9FED7A6AF7EE007AD2
:10308000B8EEC77ADFF854C2F5EE006A764A9CF8CB
:1030900000E027EE257A704BBEF1C50FC7EE065A49
:1030A00075EEE77AC2ED005A704A67EEA67AC2ED75
:1030B000007A00F0C8816E4A9FED6E6A12889FED1B
:1030C0006E5A92B26D496E4807EE102A6D4AB8EEFC
:1030D000C77AC7EE066A92ED007A77EEC74AA4EE89
:1030E000857A82ED007AB0EE476A674A92ED007AFF
:1030F00076EEC74AA4EE857A91ED005AF4EEC57AD1
:10310000F1EE10FA82ED007A026802F1010202602B
:103110005E4AC2ED007A40F38D815D4AC1ED007ACE
:1031200092ED005AF4EEC56AF1EE10FA40F37381A5
:10313000C2ED006A574A1278002A00F06481564AAC
:103140001278002A40F05F81544A1178002940F03B
:1031500056812A68413A012A40F25581BEF1C50FD5
:1031600000F075839FED4E5ADFED4E4AF4EEE45ABF
:10317000F1EE10FA00F13583DFED495AF4EEE56A1D
:10318000F1EE10FA40F32F83DFED475AF4EEE57AC3
:10319000F1EE10FA40F127830220444A116809B980
:1031A000196811601A68521A47F230518A4204D9DC
:1031B0003F4A012111703F4A10703F4942F20F709F
:1031C0001A680E68921B824240F2F2801A680A6006
:1031D0000CF0CCFE394A204B1278002A00F0D38044
:1031E000374A1278D20740F1CE80364A1B681268FF
:1031F0009B1A0E2B40F2C7800CF046FEFF2840F3CE
:10320000C28072B6304ADFF8D8C01368DFF8D4E065
:103210002E481F462E4900239CED007A9EED006A41
:10322000D0ED006A0E6813604FF0FF32CCF800302A
:10323000B046CEF8002003600B6062B6D5F800E01F
:10324000AEF1080350E000BF00800B40E0A2002078
:1032500060A300202091482448CA002064A30020D5
:103260000D68533B9A99193F48A3002080A3002082
:1032700092CA002000F07F45CDCC4C3DD0A200206A
:10328000F4A20020E4A20020D4A20020B0A20020DA
:10329000ACA20020688E00209BCA0020A5CA002096
:1032A000CDCCCC3D3333333F8FC2F53CF0A2002070
:1032B000A0CA00209ACA0020FCC30020B9CA00207E
:1032C000B8CA002070CA002070A30020C4A2002049
:1032D000DCA200204CA300205CA30020848E0020F0
:1032E000C8A200205C8E0020362B00F2C580DFE8EB
:1032F00013F07502C300C300C300C300C300C300C2
:103300007202C300C300C300C300C300C3006F0246
:10331000C300C300C300C300C300C3006C02C300EA
:10332000C300C300C300C300C300C300C300C30085
:10333000C300C300C300C300C300C300C300C30075
:10334000C300C300C300C3006902C300C300660218
:10335000C300C300C300C300C300C300C3006302B3
:103360001F21BE480CF086FDBD480AF0C1FD2BE6CA
:103370002C3B162B3FF663AEBA4A22FA03F3D8076A
:103380003FF569AE5BE672B60023B749B74A4FF026
:10339000FF340B60B6481360B649B74A04600B604F
:1033A000136062B6B548B649B64A03600B60136055
:1033B00009F034FBB44B186009F088FBB34B18607C
:1033C00009F09EFBB24B186009F0B4FBB14B1860DA
:1033D00009F0CAFBB04B186009F0E0FBAF4B186076
:1033E0001FB0BDEC068BBDE8F0833521AC480CF076
:1033F00041FD9B480AF07CFD0CF06AFDFEE7127867
:10340000022A3FF4A6AE0022A6490A60A6490A7025
:10341000A6490A70D1E636EEC54ADFEDA54AF0EEC0
:10342000456AE4EE246AC2ED006AA24A1278002AD4
:10343000E9D084E637EEC54ADFED9D4AF0EE457AE5
:10344000E4EE247A69E6F6EE006A9CED017AB4EEC9
:10345000E67AF1EE10FA7FF72EAEF0EE006AB4EEE7
:10346000E67AF1EE10FA7FF526AEDCED026AE7EEC1
:10347000876AF0EE667A1EE600238E49DFED8E5AEB
:103480000D788E49EAB209785FFA81F98C4909888A
:1034900089B207EE901A8B49F8EEE77A91ED002A8F
:1034A0008949B7EEC22A87EEA53A91ED001A7E4906
:1034B0000978B7EEC11AB7EEC35AB0EE458B09B121
:1034C0007A490978002F64D19FED627BB0EE476B9B
:1034D000B0EE475B6B480068002800F09C8104EE6A
:1034E000900A66489FED790A06460068F8EE644A3D
:1034F00004EE100A1D90B8EE444AC4EE000A80EEB5
:10350000A44AB7EEC44A5E4D9FED703AD5ED000A6D
:103510006F48F8EE600AD0ED003A6E4880EE830AFC
:10352000D0ED000A6C4890F800C0B7EEE33ABCF169
:10353000C50FB0EE439BB7EEE03AB0EE43ABB7EE4B
:10354000C00A00F06C8146481A94CDF84080CDE95D
:103550000817CDE90029614972468DED18AB8DED54
:10356000169B8DED140B8DED124B8DED0E5B8DEDDD
:103570000C7B8DED0A6B8DED061B8DED042B8DED17
:10358000028B0AF0CFFC00233E4A33602B601360AD
:103590000EE7B8EE477ADFED4D7AB8EE466AF8EE00
:1035A000666AC7EE275A86EEA75A86EE277A07EE96
:1035B000907AF8EE677A85EEA76AB7EEC55AB7EE4D
:1035C000C77AB7EEC66A85E7FBF774FCF5E4EFF758
:1035D00023FBF2E4F7F798F8EFE40020F4F73AFC65
:1035E000EBE4F5F7B5FBE8E4F8F774F9E5E4FCF78C
:1035F0001FFCE2E4EEF7E2FBDFE4FBF7B3F8DCE408
:10360000ECF7B8FED9E4EDF777FFD6E4F1F718F957
:10361000D3E4F0F749FFD0E4F0F7F6FCCDE4FCF793
:10362000EDF8CAE4F0F762FBC7E4F7F759FAC4E42F
:10363000F9F7ECFFC1E4F0F78FF8BEE4EFF7C0FE56
:10364000BBE4EFF777FCB8E4EDF78AFDB5E4EDF7FE
:1036500035FBB2E4000000000000000080050020FF
:10366000488E00209184640070A30020C8A200202E
:103670005C8E0020C4A20020DCA2002060A30020F9
:103680005CA300204CA3002080C7002090C700202E
:1036900088C900202CC70020A0C700208CCA0020A9
:1036A000001C0020F0A20020A0CA00209ACA00201E
:1036B0000AD7233C688E002000F07F45A5CA002071
:1036C00092CA002048A30020E4A2002000007A440F
:1036D000ACA20020D0A20020848E0020381C002044
:1036E000ECF7ACFE69E4F9F789FD66E4EEF782FFDA
:1036F00063E4EEF7A9FD60E4F4F732FA5DE4EDF778
:10370000C7F85AE4FDF792FB57E4F6F71FFC54E4C0
:10371000F7F7FAFE51E4FCF725FF4EE4F2F7BAFBA7
:103720004BE4F7F72DFD48E4FAF788FB45E4F2F7A0
:10373000F1F842E4F1F722FF3FE4F1F7D7FC3CE473
:10374000FAF78CFD39E4F6F7D3F936E4F3F7FEFA2D
:1037500033E4F8F7B3FE30E4F5F7F6FF2DE4F5F7C0
:1037600091FC2AE4F8F7A6FC27E4F3F7B5FE24E47D
:10377000F3F7A0FC21E4F2F735FF1EE4F2F718FDA1
:103780001BE4FEF7F3FE18E4FFF798F915E4FEF7E3
:1037900087F912E4EEF784F90FE4F6F729FE0CE45A
:1037A000F9F71CFB09E4F1F713FB06E4F7F75CFB00
:1037B00003E4FAF73BF900E4324B1B685DE6324B59
:1037C0001B685AE6314B1B6857E6314B1B6854E6C1
:1037D000304B1B6851E6304B1B684EE62F4B1B6885
:1037E0004BE60120D9E476EEC56AF4EEE67AF1EE16
:1037F00010FA28D475EE077AB4EEE76AF1EE10FA03
:1038000023DC37EE457AB4EEC76AF1EE10FA7FF5A5
:10381000FAAD0520C1E49FED194B214E73E6B6EEDB
:10382000003AD0ED013AF4EEC33AF1EE10FA7FF728
:103830008AAEB0EE003AF4EEC33AF1EE10FA4CBFA5
:10384000012400247FE60320A7E40420A5E4F6EE8B
:10385000004A9CED015AB4EEE45AF1EE10FA7FF7FB
:1038600081ACF0EE004AB4EEE45AF1EE10FA7FF5C6
:1038700079AC9FED0C5A77E4AFF3008000000000B4
:1038800000000000789100205891002070910020E5
:1038900084910020609100205091002068910020C8
:1038A00060A30020CDCC4C3D08B50AF0C5FE1249FE
:1038B00012480AF0B1F8124B1249D3F800C0D3F8FD
:1038C00000E01148114AC1F800E01968C0F800C0D2
:1038D0001160D3F800C00E4819680E4B0E4A1960EB
:1038E000C0F800C00D490E480CF0E2FD0D4B002160
:1038F0000D4AC3E9002108BDA88D0020A4C70020FF
:1039000048CA002038C7002034C700203CC7002028
:1039100044C7002040C70020D48E002031020000A0
:10392000A091002080CA0020982400200020704729
:1039300000B5836C83B08DF807103BB101220DF107
:103940000701184605F048FD03B000BDC06C002813
:10395000FAD001220DF1070104F00AFE03B000BD08
:10396000836C13B1184605F047BCC06C08B104F075
:10397000FBBC7047836C13B1184605F041BBC06CAB
:1039800008B104F007B94FF0FF30704710B5044696
:103990000AF0A2FA2046BDE810400AF0A9BA00BF1A
:1039A00091B100B583B00190084600910EF07EF908
:1039B000019B02460099D3F800C01846DCF8043099
:1039C00003B05DF804EB1847704700BF836C13B178
:1039D000184605F001BDC06C08B104F0C9BD7047C0
:1039E000836C53B1187810F008000DD0D8695B696A
:1039F000C01A48BF6FF000407047C36CA3B193F882
:103A0000310010F0080000D17047186919685A6930
:103A1000401A5B6862EB0303B0F1004F73F10003DF
:103A2000F2D36FF0004070471846EDE7836C00B5A5
:103A300083B05BB101220DF10701184605F0F6F9DC
:103A400001280BD19DF8070003B000BDC06C28B160
:103A500001220DF1070103F0D3FFF1E74FF0FF3032
:103A6000F2E700BF70B504460E46007801212E4DE6
:103A70000AF04EFD002120780AF04AFDC6F3074205
:103A80002B685A66DA6D12F4F81FFBD0C6F30722D2
:103A9000596F5A66DA6D12F4F81FFBD0F6B25A6FFE
:103AA0005E66DA6D12F4F81FFBD00022596F5A6679
:103AB000DA6D12F4F81FFBD00022596F5A66DA6DE6
:103AC00012F4F81FFBD0207801215E6F0AF020FD70
:103AD000164A0021A388F6B212782078C3F30B04AB
:103AE000002A0CBF4FF484134FF442131C440AF015
:103AF0000FFD2B68220C42F080025A66DA6D12F438
:103B0000F81FFBD0C4F30722596F5A66DA6D12F41E
:103B1000F81FFBD0E4B25A6F5C66DA6D12F4F81F3E
:103B2000FBD05B6F304670BDA88D0020ADCA002071
:103B3000F8B505460C460078012117460AF0E8FC66
:103B4000002128780AF0E4FC274EC4F307423368CA
:103B500042F080025A66D96D11F4F81FFBD05A6FFB
:103B6000C4F307225A66D96D11F4F81FFBD0E4B2F2
:103B70005A6F5C66D96D11F4F81FFBD05A6F5F66FF
:103B8000DA6D12F4F81FFBD0012128785B6F0AF080
:103B9000BFFC164B0021AC881B78C4F30B042878BB
:103BA0008B420CBF4FF484134FF442131C440AF0B1
:103BB000AFFC3368220C42F080025A66DA6D12F4D0
:103BC000F81FFBD0C4F30722596F5A66DA6D12F45E
:103BD000F81FFBD0E4B25A6F5C66DA6D12F4F81F7E
:103BE000FBD05B6FF8BD00BFA88D0020ADCA0020E0
:103BF00070B504460E4600780121334D0AF088FC6A
:103C0000002120780AF084FCC6F307422B685A662C
:103C1000DA6D12F4F81FFBD0C6F30722596F5A660B
:103C2000DA6D12F4F81FFBD0F6B25A6F5E66DA6DE9
:103C300012F4F81FFBD00022596F5A66DA6D12F4A5
:103C4000F81FFBD00022596F5A66DA6D12F4F81F84
:103C5000FBD0586F0022C0B25A66DA6D12F4F81F1A
:103C6000FBD05B6F012140EA032320789EB20AF06B
:103C70004FFC164AA388002112782078C3F30B0466
:103C8000002A0CBF4FF484134FF442131C440AF073
:103C90003FFC2B68220C42F080025A66DA6D12F467
:103CA000F81FFBD0C4F30722596F5A66DA6D12F47D
:103CB000F81FFBD0E4B25A6F5C66DA6D12F4F81F9D
:103CC000FBD05B6F304670BDA88D0020ADCA0020D0
:103CD00070B5044682B00E460078012101920AF0C8
:103CE00017FC002120780AF013FC2D4DC6F3074184
:103CF000019A2B6841F080015966D96D11F4F81FC3
:103D0000FBD0596FC6F307215966D96D11F4F81F1E
:103D1000FBD0F6B2596F5E66D96D11F4F81FFBD077
:103D2000D1B2586F5966D96D11F4F81FFBD0C2F3A8
:103D30000722596F5A66DA6D12F4F81FFBD020780B
:103D400001215B6F0AF0E4FB164A0021A388127878
:103D50002078C3F30B048A420CBF4FF484134FF452
:103D600042131C440AF0D4FB2B68220C42F0800260
:103D70005A66DA6D12F4F81FFBD0C4F30722596FAC
:103D80005A66DA6D12F4F81FFBD0E4B25A6F5C6623
:103D9000DA6D12F4F81FFBD05B6F02B070BD00BF8C
:103DA000A88D0020ADCA002070B504460D460078ED
:103DB00001213D4E0AF0ACFB002120780AF0A8FB5F
:103DC000C5F3074233685A66DA6D12F4F81FFBD068
:103DD000C5F30722596F5A66DA6D12F4F81FFBD04B
:103DE000EDB25A6F5D66DA6D12F4F81FFBD0002257
:103DF000596F5A66DA6D12F4F81FFBD00022596F22
:103E00005A66DA6D12F4F81FFBD05A6F002562F380
:103E1000070500225A66DA6D12F4F81FFBD05A6FBC
:103E200062F30F2500225A66DA6D12F4F81FFBD0F8
:103E30005A6F62F3174500225A66DA6D12F4F81FC2
:103E4000FBD05B6F0121207863F31F650AF060FBF4
:103E5000164A0021A38812782078C3F30B04002AA5
:103E60000CBF4FF484134FF442131C440AF050FB70
:103E70003368220C42F080025A66DA6D12F4F81FA1
:103E8000FBD0C4F30722596F5A66DA6D12F4F81F9B
:103E9000FBD0E4B25A6F5C66DA6D12F4F81FFBD007
:103EA0005B6F284670BD00BFA88D0020ADCA002002
:103EB00070B5044682B00E460078012101920AF0E6
:103EC00027FB002120780AF023FB344DC6F307417D
:103ED000019A2B6841F080015966D96D11F4F81FE1
:103EE000FBD0596FC6F307215966D96D11F4F81F3D
:103EF000FBD0F6B2596F5E66D96D11F4F81FFBD096
:103F0000D1B2586F5966D96D11F4F81FFBD0C2F3C6
:103F10000721586F5966D96D11F4F81FFBD0C2F311
:103F20000741586F5966D96D11F4F81FFBD0120E76
:103F3000596F5A66DA6D12F4F81FFBD02078012110
:103F40005B6F0AF0E5FA164A0021A3881278207800
:103F5000C3F30B048A420CBF4FF484134FF4421393
:103F60001C440AF0D5FA2B68220C42F080025A66F3
:103F7000DA6D12F4F81FFBD0C4F30722596F5A66AA
:103F8000DA6D12F4F81FFBD0E4B25A6F5C66DA6D9A
:103F900012F4F81FFBD05B6F02B070BDA88D00203B
:103FA000ADCA002038B50121054600780AF0B0FA04
:103FB000154BAC8800211B78C4F30B0428788B4286
:103FC0000CBF4FF484134FF442131C440AF0A0FAC0
:103FD0000E4B220C1B6842F080025A66DA6D12F416
:103FE000F81FFBD0C4F30722596F5A66DA6D12F43A
:103FF000F81FFBD0E4B25A6F5C66DA6D12F4F81F5A
:10400000FBD05B6F38BD00BFADCA0020A88D00207B
:1040100038B50C460546002100780AF079FA1C4BA9
:10402000C4F307421B685A66DA6D12F4F81FFBD01E
:10403000C4F30722596F5A66DA6D12F4F81FFBD0E9
:10404000E4B25A6F5C66DA6D12F4F81FFBD00022FE
:10405000596F5A66DA6D12F4F81FFBD00022596FBF
:104060005A66DA6D12F4F81FFBD05C6F0022E4B2DE
:104070005A66DA6D12F4F81FFBD05B6F01212878C5
:104080001B029BB21C430AF043FA204638BD00BF16
:10409000A88D00202DE9F041654D00270C2604462F
:1040A0004FF4A0700AF0B4F9002120780AF030FA39
:1040B0002B685E66DA6D12F4F81FFBD05A6F5F66EC
:1040C000DA6D12F4F81FFBD05A6F5F66DA6D12F4E6
:1040D000F81FFBD05A6F5F66DA6D12F4F81FFBD041
:1040E0005A6F5F66DA6D12F4F81FFBD0D3F874C014
:1040F0005F66DA6D12F4F81FFBD05B6F0121207848
:104100004FEA03281FFA88F848EA0C080AF000FA78
:104110005FFA88F8B8F1080FC6D1002120780AF0BC
:10412000F7F90C222B685A66DA6D12F4F81FFBD0EF
:104130000022596F5A66DA6D12F4F81FFBD0002284
:10414000596F5A66DA6D12F4F81FFBD00022596FCE
:104150005A66DA6D12F4F81FFBD00022596F5A66C6
:10416000DA6D12F4F81FFBD0586F0022C0B25A6605
:10417000DA6D12F4F81FFBD05B6F01211B029BB2BA
:1041800043EA000620780AF0C3F9330A294E172BB8
:104190000DD8DFE803F04A4A0C0C0C0C0C0C0C0C8C
:1041A0000C0C0C0C0C0C464646460C48480C0323E1
:1041B0004FF4402120463370FFF72AFF1E4A030ABE
:1041C000012113801D4B207863600AF0A1F9327839
:1041D000A38800212078C3F30B048A420CBF4FF45C
:1041E00084134FF442131C440AF092F92B68220CFA
:1041F00042F080025A66DA6D12F4F81FFBD0C4F365
:104200000722596F5A66DA6D12F4F81FFBD0E4B238
:104210005A6F5C66DA6D12F4F81FFBD05B6FBDE875
:10422000F0810123C4E70223C2E70023C0E700BFF7
:10423000A88D0020ADCA002090CA00200000FC0F0D
:1042400038B5124C2378EBB111491248FFF7ACFD99
:104250001149124A0546124B48681268A3FB023204
:1042600043F60953920C03FB02F24B681B1A9A4265
:10427000FBD8237843B106490648FFF795FD401B5C
:10428000800138BD0749E0E70649F5E7ADCA0020DF
:104290000820300014A30020001000E0A48D0020AE
:1042A00083DE1B43082410002DE9F04F83B0042166
:1042B000884C019088480BF0DDFD884809F018FE15
:1042C0002388012B00F0F780132B00F0E580132BDF
:1042D00000F2D480082182480BF0CCFD2B217F48CE
:1042E00009F0FAFD7D4809F003FE0D217D480BF031
:1042F000C1FD7D4E7D49794809F0EEFD774809F012
:10430000F7FD3378002B00F0B78079497948FFF743
:104310004BFD002301460A22704809F011FE0121DD
:1043200075480BF0A7FD3378002B00F0A38073498C
:1043300070480025FFF738FD002301460A22674830
:1043400009F0FEFDDFF8E48103216D48694C0BF0B4
:1043500091FD6C4F614809F0CBFD0198FFF770FFAC
:1043600040455ED23378002B7BD04FF0800A4FF06F
:10437000210B4FF0B009012120780AF0C9F8002183
:1043800020780AF0C5F83B68C3F86490DA6D12F43F
:10439000F81FFBD05A6FC3F864B0DA6D12F4F81F3F
:1043A000FBD05A6FC3F864A0DA6D12F4F81FFBD08B
:1043B0005A6F5D66DA6D12F4F81FFBD00121207888
:1043C0005B6F0AF0A5F833780021B4F804A08B42A3
:1043D0000CBF4FF484134FF442132078CAF30B0A36
:1043E0009A440AF095F83B684FEA1A4242F080027C
:1043F0005A66DA6D12F4F81FFBD0CAF30722596F20
:104400005A66DA6D12F4F81FFBD05FFA8AF2596F20
:104410005A66DA6D12F4F81FFBD001355B6F1F2D61
:104420009BD10F2138480BF025FD337803B3374972
:1044300000230A22294809F083FD284809F058FD85
:10444000042125480BF016FD244809F051FD0121F7
:104450002F480BF00FFD214803B0BDE8F04F09F0E5
:1044600047BD4FF06C0A4FF0250B4FF0900982E7E3
:104470002849DDE728495BE7284947E70321284821
:104480000BF0F8FC002310222188144809F058FD95
:10449000124809F02DFD1DE7032122480BF0EAFC2C
:1044A0000023102221880D4809F04AFD0B4809F02D
:1044B0001FFD23880BE704211B480BF0DBFC0023C6
:1044C00010222188054809F03BFD044809F010FD41
:1044D0002388F9E690CA0020E81D0020488E0020BD
:1044E000001E00200C1E0020ADCA00200051250235
:1044F0003420300014A300201C1E0020482030006F
:10450000201E0020A88D0020241E00200C2030003A
:10451000181E00200C241000442410003024100029
:10452000FC1D0020F81D0020F01D002000C6CD025B
:10453000024808B5FFF7FCFA08BD00BF14A300202D
:1045400038B5184D0121287809F0E2FF164BAC88E8
:1045500000211B78C4F30B0428788B420CBF4FF466
:1045600084134FF442131C4409F0D2FF0F4B220C6A
:104570001B6842F080025A66DA6D12F4F81FFBD015
:10458000C4F30722596F5A66DA6D12F4F81FFBD094
:10459000E4B25A6F5C66DA6D12F4F81FFBD05B6F01
:1045A00038BD00BF14A30020ADCA0020A88D002094
:1045B000024B0121187809F0ABBF00BF14A3002003
:1045C00005460A21B44C00B583B001F0F7FF284638
:1045D00001F018FB0021284601F050FB45F2123291
:1045E000AE49284600F008FC4FF0A061AC4800F04E
:1045F0005DFA4FF08071AA4800F058FAC8234FF4D2
:10460000C8720021A74800F08DFA0023C822A548EF
:104610001946CDE900221A4600F0BAFA2388012B88
:1046200000F01B81132B00F00181132B00F2E280BC
:104630009B4C9D49204600F039FAE388032B40F259
:10464000EF801A1FA18899480431E280036807228D
:10465000A1805A66DA6D12F4F81FFBD00022596F60
:104660005A66DA6D12F4F81FFBD00022596F5A66B1
:10467000DA6D12F4F81FFBD02622596F5A66DA6DF4
:1046800012F4F81FFBD0874C0026894984485B6FE1
:1046900000F00CFA0121204601F0FEF86268216862
:1046A0003346002A7F480096B8BF01320029B8BFC0
:1046B000013152104910643A643992B289B201F062
:1046C00065FBFF2233462846114601F05DF9794922
:1046D000734800F0EBF9626821682846B242764BD5
:1046E000B8BF0132002901934FF4C0634FEA620260
:1046F000B8BF013100931D231D3241F34F0112B2A7
:1047000001F0B4F9626821682846002A6B4BB8BFF3
:104710000132002901934FF4C0634FEA6202B8BF2F
:104720000131009314230C3241F34F0112B201F016
:104730009DF9626821682846002A614BB8BF0132A2
:10474000002901934FF4C063B8BF013142F34F0217
:104750000093142341F34F0101F088F96268216846
:104760002846002A574BB8BF0132002901934FF465
:10477000C0634FEA6202B8BF0131009314230C3AC0
:1047800041F34F0112B201F071F9626821682846C5
:10479000002A4D4BB8BF0132002901934FF4C0638A
:1047A0004FEA6202B8BF013100931423333241F360
:1047B0004F0112B201F05AF9626821684FF4C063E8
:1047C000002A4248B8BF013200294FEA6202B8BF4E
:1047D00001314F3241F34F01CDE9003012B21423C1
:1047E000284601F043F9284601F086FA2C4801F0EA
:1047F000B9FBFEE736493748FFF7D2F8002310220D
:104800002188344809F09CFB324809F071FB2846A6
:10481000002101F04DF900212E48FFF7B7F807E716
:104820000421204600F062F8E3880AE72A49294873
:10483000FFF7B6F8002310222188264809F080FBF4
:10484000244809F055FB0021284601F031F90021E8
:104850002048FFF79BF82388E7E620491D48FFF72B
:104860009FF80023102221881A4809F069FB194893
:1048700009F03EFB1A4A1B4B11781B4A08480029D5
:104880000CBF114619460022FFF752F900211148CA
:10489000FFF77CF82388C5E690CA0020642D00202D
:1048A00014A30020209D002000006502A88D002098
:1048B00055000010FF000010341E0020481E00208C
:1048C000601E0020841E0020B41E0020C81E002090
:1048D000FC1D0020488E0020F81D0020F01D002047
:1048E000ADCA0020582030005424100083882DE9E0
:1048F000F04FC3F30B0383B00546DFF8A8910078AF
:1049000000910121AB8009F003FE99F80030002BE3
:1049100000F0BD80FC274FF0200AB022AE8840F6A0
:10492000FC74DFF88481002128783440019209F07A
:10493000EFFDD8F80030019A5A66DA6D12F4F81FCC
:10494000FBD05A6FC3F864A0DA6D12F4F81FFBD0E5
:104950005A6F5F66DA6D12F4F81FFBD006F0FC06A2
:104960005A6F5E66DA6D12F4F81FFBD0240A5A6F94
:104970005C66DA6D12F4F81FFBD00026012128785E
:104980005B6F09F0C5FD99F80030AC88002B78D03A
:10499000F8274FF0200B4FF0300A0021287809F05B
:1049A000B7FDD8F80010C1F864A0CA6D12F4F81F62
:1049B000FBD04A6FC1F864B0CB6D13F4F81FFBD085
:1049C0004B6F4F66CB6D13F4F81FFBD04B6F4E66E9
:1049D000CB6D13F4F81FFBD04B6F4E66CB6D13F409
:1049E000F81FFBD04A6F4E66D2B2CB6D13F4F81F9E
:1049F000FBD04F6F012128783F02BFB2174309F067
:104A000087FD40F6FF739F4246D0E31B009AC3F335
:104A10000B03C3F57F630C339BB29342EB80B2D39D
:104A20000121287809F074FD99F80030AC88002144
:104A300028788B420CBF4FF484134FF44213C4F315
:104A40000B041C4409F064FDD8F80030220C42F03D
:104A500080025A66DA6D12F4F81FFBD0C4F3072205
:104A6000596F5A66DA6D12F4F81FFBD0E4B25A6F30
:104A70005C66DA6D12F4F81FFBD05B6F03B0BDE823
:104A8000F08FE4274FF0240B4FF0100A85E7E8275A
:104A90004FF0240A902241E70148FFF791FD00BF43
:104AA000209D0020ADCA0020A88D0020C3880246AA
:104AB000032B10B50C4682B02BD9B2F804C0191FD5
:104AC000DFF85CE0E0B20CF1040CD180DEF80030DD
:104AD000A2F804C05866DA6D12F4F81FFBD0C4F3D4
:104AE0000722596F5A66DA6D12F4F81FFBD0C4F32F
:104AF0000742596F5A66DA6D12F4F81FFBD0240E84
:104B00005A6F5C66DA6D12F4F81FFBD05B6F02B06F
:104B100010BD04210190FFF7E9FE019AD388CCE78C
:104B2000A88D002010B5C3F30020002482B040EA15
:104B3000420063F30704019360F30F24C2F3C21031
:104B4000009240EAC100072160F317440E4861F368
:104B50001F642146FFF7AAFF0C490978DDE900230D
:104B600009B902B010BD120AC3F341232821064837
:104B700002F00C021A4362F3070461F31F6421463A
:104B8000FFF794FF02B010BD14A30020ADCA0020AF
:104B900070B543EA4203BDF81060BDF8145000241C
:104BA00043EA8103C6F3C11265F30704082142EA10
:104BB0008303C5F300220F4842EA460262F30F2442
:104BC00063F3174461F31F642146FFF76FFF0A4B3D
:104BD0001B7803B970BD760AC5F341252923054822
:104BE00045EA860565F3070463F31F642146FFF772
:104BF0005DFF70BD14A30020ADCA002070B5C4884D
:104C000082B00E4694426CD38188A41A082A1144BB
:104C1000C480818076D9A2F1090106F108053B4CD8
:104C20001036C1F3CC01AC46236806EBC10E1CF86C
:104C3000080C5866D86D10F4F81FFBD01CF8070C50
:104C40005E6F5866D86D10F4F81FFBD01CF8060C88
:104C50005E6F5866D86D10F4F81FFBD01CF8050C79
:104C60005E6F5866D86D10F4F81FFBD01CF8040C6A
:104C70005E6F5866D86D10F4F81FFBD01CF8030C5B
:104C80005E6F5866D86D10F4F81FFBD01CF8020C4C
:104C90005E6F5866D86D10F4F81FFBD01CF8010C3D
:104CA0005E6F5866D86D10F4F81FFBD00CF1080C3D
:104CB000586FF445BBD1083AC1EB413305EBC1064F
:104CC00002EBC30292B22068324416F8013B4366FD
:104CD000C36D13F4F81FFBD09642436FF5D102B0B9
:104CE00070BD044611460192FFF700FE019AE1886B
:104CF000A388082AA1EB02011344E180A3808AD88B
:104D0000024CE0E7002AEAD0FAE700BFA88D0020B5
:104D100082071FD0F8B5104C451C104F0026E188C3
:104D200089B1A38801393A68013389B25666A380F4
:104D3000E180D36D13F4F81FFBD0536FAB0708D09D
:104D400001350029EDD101212046FFF7CFFDE18893
:104D5000E7E7F8BD704700BF14A30020A88D00202E
:104D60002DE9F041224C90F80080E188B8F1000F65
:104D70003BD0064607461F4DA9B1A38801392A68D2
:104D8000013389B2C2F86480A380E180D36D13F44B
:104D9000F81FFBD097F80180536FB8F1000F08D0CF
:104DA00001370029E9D101212046FFF79FFDE18865
:104DB000E3E7BB1B0233DEB289B1A2880139286860
:104DC0000132E1800021A2804166C26D12F4F81F19
:104DD000FBD0426F3046BDE8F041FFF799BF01219B
:104DE0000348FFF783FDE188E7E70126014DE3E78C
:104DF00014A30020A88D00202DE9F84302F003063B
:104E0000CAB14F1E1F4C204DE18802EB070817F86E
:104E1000019F00292ED0A38801392A68013389B265
:104E2000C2F86490A380E180D36D13F4F81FFBD027
:104E30004745536FEBD11EB3124C0136124D00277C
:104E4000E18889B1A38801392A68013389B257669C
:104E5000A380E180D36D13F4F81FFBD0536FB30729
:104E60000ED001360029EDD101210648FFF73EFDA5
:104E7000E188E7E701210348FFF738FDE188CAE749
:104E8000BDE8F88314A30020A88D002070B51B4C4A
:104E90000546E18811B3B4F804C00139184EEAB2EE
:104EA0000CF1010C89B233681FFA8CFCE1805A6660
:104EB000A4F804C0DA6D12F4F81FFBD05A6F2D0A63
:104EC00091B10CF1010C01395D66A4F804C0E180D8
:104ED000DA6D12F4F81FFBD05B6F70BD0121204624
:104EE000FFF704FDE188D6E701210448FFF7FEFC47
:104EF000B4F804C0E1883368E3E700BF14A30020DE
:104F0000A88D0020194808B5C388032B27D98188AC
:104F10001A1FDFF85CE04FF0070C0431C280DEF8A6
:104F200000308180C3F864C0DA6D12F4F81FFBD042
:104F30000022596F5A66DA6D12F4F81FFBD0002276
:104F4000596F5A66DA6D12F4F81FFBD02622596F9A
:104F50005A66DA6D12F4F81FFBD05B6F08BD0421AE
:104F6000FFF7C4FC0148C388D1E700BF14A30020A9
:104F7000A88D0020194808B5C388032B27D981883C
:104F80001A1FDFF85CE04FF0000C0431C280DEF83D
:104F900000308180C3F864C0DA6D12F4F81FFBD0D2
:104FA0000022596F5A66DA6D12F4F81FFBD0002206
:104FB000596F5A66DA6D12F4F81FFBD02322596F2D
:104FC0005A66DA6D12F4F81FFBD05B6F08BD04213E
:104FD000FFF78CFC0148C388D1E700BF14A3002071
:104FE000A88D0020194808B5C388032B27D98188CC
:104FF0001A1FDFF85CE04FF0000C0431C280DEF8CD
:1050000000308180C3F864C0DA6D12F4F81FFBD061
:105010000022596F5A66DA6D12F4F81FFBD0002295
:10502000596F5A66DA6D12F4F81FFBD02222596FBD
:105030005A66DA6D12F4F81FFBD05B6F08BD0421CD
:10504000FFF754FC0148C388D1E700BF14A3002038
:10505000A88D00201A480A46C388032B10B541F0DA
:10506000407482B023D9043B8188C3800431154B3E
:1050700081801B685A66DA6D12F4F81FFBD000229B
:10508000596F5A66DA6D12F4F81FFBD00022596F7F
:105090005A66DA6D12F4F81FFBD0240E5A6F5C6664
:1050A000DA6D12F4F81FFBD05B6F02B010BD0191F6
:1050B0000421FFF71BFC0248019AC388D3E700BF15
:1050C00014A30020A88D00201C480A46C38810B5F0
:1050D000032B21F07F4482B044F0806426D9043B46
:1050E0008188D2B2C3800431154B81801B685A6617
:1050F000DA6D12F4F81FFBD0C4F30722596F5A6619
:10510000DA6D12F4F81FFBD0C4F30742596F5A66E8
:10511000DA6D12F4F81FFBD0240E5A6F5C66DA6D5C
:1051200012F4F81FFBD05B6F02B010BD0191042197
:10513000FFF7DCFB0148019AC388D0E714A30020E5
:10514000A88D00201C480A46C38810B5032BC1F364
:105150000B0482B044F0606425D9043B8188D2B24C
:10516000C3800431154B81801B685A66DA6D12F4D6
:10517000F81FFBD0C4F30322596F5A66DA6D12F49C
:10518000F81FFBD00022596F5A66DA6D12F4F81F2F
:10519000FBD0240E5A6F5C66DA6D12F4F81FFBD058
:1051A0005B6F02B010BD01910421FFF79FFB024825
:1051B000019AC388D1E700BF14A30020A88D002066
:1051C0001C480A46C38810B5032BC1F30C0482B0F7
:1051D00044F0506425D9043B8188D2B2C3800431A5
:1051E000154B81801B685A66DA6D12F4F81FFBD0EC
:1051F000C4F30422596F5A66DA6D12F4F81FFBD01B
:105200000022596F5A66DA6D12F4F81FFBD0240E93
:105210005A6F5C66DA6D12F4F81FFBD05B6F02B058
:1052200010BD01910421FFF761FB0248019AC38878
:10523000D1E700BF14A30020A88D00201D4843EA39
:105240000143C18843EA0222032910B542F00074E9
:1052500082B026D983880439D2B20433C18016497A
:1052600083800B685A66DA6D12F4F81FFBD0C4F322
:105270000722596F5A66DA6D12F4F81FFBD0C4F397
:105280000742596F5A66DA6D12F4F81FFBD0240EEC
:105290005A6F5C66DA6D12F4F81FFBD05B6F02B0D8
:1052A00010BD04210192FFF721FB0248019AC18839
:1052B000D0E700BF14A30020A88D002024482DE9CA
:1052C000F0419846C3880E461746032BBDF8184098
:1052D0009DF81C5036D9043B2C22C38083880433AC
:1052E00083801C4B1B685A66DA6D12F4F81FFBD0E2
:1052F0005A6FFF225A66DA6D12F4F81FFBD05A6F0C
:10530000FF225A66DA6D12F4F81FFBD05A6FFF22A3
:105310005A66DA6D12F4F81FFBD0B0B25B6FFFF77C
:10532000B5FDB8B2FFF7B2FD4046FFF7AFFD20462E
:10533000FFF7ACFD2846FFF7A9FD0020BDE8F041CE
:10534000FFF7A4BD0421FFF7D1FA0148C388C2E7E3
:1053500014A30020A88D002029482DE9F0479A4683
:10536000C38888469146032B9DF82040BDF8245001
:10537000BDF828600B9F3CD9043B1222C380838870
:10538000043383801F4B1B685A66DA6D12F4F81FD2
:10539000FBD05A6FFF225A66DA6D12F4F81FFBD069
:1053A0005A6FFF225A66DA6D12F4F81FFBD05A6F5B
:1053B000FF225A66DA6D12F4F81FFBD01FFA88F04C
:1053C0005B6FFFF763FD1FFA89F0FFF75FFD1FFAC0
:1053D0008AF0FFF75BFD2046FFF758FD2846FFF7F0
:1053E00055FD3046FFF752FD3846BDE8F047FFF760
:1053F000B7BC0421FFF77AFA0148C388BCE700BFB5
:1054000014A30020A88D00202DE9F0470746294865
:105410009A468846C3889146BDF82040032B9DF8E4
:105420002450BDF828603ED9043B0D22C3808388F8
:1054300004338380204B1B685A66DA6D12F4F81F20
:10544000FBD05A6FFF225A66DA6D12F4F81FFBD0B8
:105450005A6FFF225A66DA6D12F4F81FFBD05A6FAA
:10546000FF225A66DA6D12F4F81FFBD01FFA88F09B
:105470005B6FFFF70BFD1FFA89F0FFF707FD504642
:10548000FFF704FD2046FFF701FD2846FFF7FEFC6D
:105490003046FFF7FBFC0B98FFF762FCFF2387F811
:1054A0006030BDE8F0870421FFF720FA0148C38887
:1054B000BAE700BF14A30020A88D00202DE9F04713
:1054C000074629489A468846C3889146BDF9204038
:1054D000032B9DF82450BDF828603FD9043B0E22D1
:1054E000C380838804338380204B1B685A66DA6D3F
:1054F00012F4F81FFBD05A6FFF225A66DA6D12F4CD
:10550000F81FFBD05A6FFF225A66DA6D12F4F81FAB
:10551000FBD05A6FFF225A66DA6D12F4F81FFBD0E7
:105520001FFA88F05B6FFFF7B1FC1FFA89F0FFF7F5
:10553000ADFC1FFA8AF0FFF7A9FCA0B2FFF7A6FCAA
:105540002846FFF7A3FC3046FFF7A0FC0B98FFF7B7
:1055500007FCFF2387F86030BDE8F0870421FFF7E0
:10556000C5F90148C388B9E714A30020A88D00201D
:105570002DE9F84F80462C489B468946C3889246C1
:10558000BDF92840032BBDF82C50BDF83060BDF8A4
:10559000347042D9043B0F22C38083880433838054
:1055A000224B1B685A66DA6D12F4F81FFBD05A6F53
:1055B000FF225A66DA6D12F4F81FFBD05A6FFF22F1
:1055C0005A66DA6D12F4F81FFBD05A6FFF225A6642
:1055D000DA6D12F4F81FFBD01FFA89F05B6FFFF74A
:1055E00055FC1FFA8AF0FFF751FC1FFA8BF0FFF70A
:1055F0004DFCA0B2FFF74AFC2846FFF747FC3046B7
:10560000FFF744FC3846FFF741FC0020FFF73EFC63
:10561000FF2388F86030BDE8F88F0421FFF766F9B2
:105620000148C388B6E700BF14A30020A88D00205E
:105630002DE9F84F80462B489B468946C388924601
:10564000BDF82840032BBDF82C50BDF83060BDF8E4
:10565000347041D9043B1022C38083880433838093
:10566000214B1B685A66DA6D12F4F81FFBD05A6F93
:10567000FF225A66DA6D12F4F81FFBD05A6FFF2230
:105680005A66DA6D12F4F81FFBD05A6FFF225A6681
:10569000DA6D12F4F81FFBD01FFA89F05B6FFFF789
:1056A000F5FB1FFA8AF0FFF7F1FB5846FFF7EEFB18
:1056B0002046FFF7EBFB2846FFF7E8FB3046FFF7F5
:1056C000E5FB3846FFF7E2FB0020FFF7DFFBFF2397
:1056D00088F86030BDE8F88F0421FFF707F901482A
:1056E000C388B7E714A30020A88D00201A480A46F3
:1056F000C388032B10B541F0A06482B023D9043BCA
:105700008188C3800431154B81801B685A66DA6D2D
:1057100012F4F81FFBD00022596F5A66DA6D12F4AA
:10572000F81FFBD00022596F5A66DA6D12F4F81F89
:10573000FBD0240E5A6F5C66DA6D12F4F81FFBD0B2
:105740005B6F02B010BD01910421FFF7CFF8024852
:10575000019AC388D3E700BF14A30020A88D0020BE
:105760001A480A46C388032B10B541F0805482B012
:1057700023D9043B8188C3800431154B81801B6889
:105780005A66DA6D12F4F81FFBD00022596F5A6680
:10579000DA6D12F4F81FFBD00022596F5A66DA6DE9
:1057A00012F4F81FFBD0240E5A6F5C66DA6D12F407
:1057B000F81FFBD05B6F02B010BD01910421FFF711
:1057C00095F80248019AC388D3E700BF14A30020CC
:1057D000A88D002070B52E4D0C46E988032949D9C3
:1057E000A88804392B4E0A22043089B2336880B26B
:1057F000E9805A66A880DA6D12F4F81FFBD05A6F60
:10580000FF225A66DA6D12F4F81FFBD05A6FFF229E
:105810005A66DA6D12F4F81FFBD05A6FFF225A66EF
:10582000DA6D12F4F81FFBD003295A6F28D904301F
:105830000439E2B2A880E9805A66DA6D12F4F81FE2
:10584000FBD0C4F30722596F5A66DA6D12F4F81FC1
:10585000FBD0C4F30742596F5A66DA6D12F4F81F91
:10586000FBD0240E5A6F5C66DA6D12F4F81FFBD081
:105870005B6F70BD04212846FFF738F8E988AFE771
:1058800004210348FFF732F8A888E9883368CEE797
:1058900014A30020A88D00201A4AD388032B70B5CA
:1058A00006460C4641F0F85524D9043B9188D38034
:1058B0000431154B91801B685C66DA6D12F4F81F99
:1058C000FBD00022596F5A66DA6D12F4F81FFBD034
:1058D0000022596F5A66DA6D12F4F81FFBD02D0EB4
:1058E0005A6F5D66DA6D12F4F81FFBD05B6F86F8B5
:1058F000604070BD10460421FEF7F8FF014AD388CE
:10590000D3E700BF14A30020A88D00201C480A463E
:10591000C38810B5032B21F07F4482B044F080741B
:1059200026D9043B8188D2B2C3800431154B8180D3
:105930001B685A66DA6D12F4F81FFBD0C4F3072215
:10594000596F5A66DA6D12F4F81FFBD0C4F30742A0
:10595000596F5A66DA6D12F4F81FFBD0240E5A6F95
:105960005C66DA6D12F4F81FFBD05B6F02B010BDFD
:1059700001910421FEF7BAFF0148019AC388D0E7DC
:1059800014A30020A88D00201B48B0F806C0BCF16D
:10599000030F30B50C4683B0154623D9174AACF136
:1059A000040C1268A0F806C0536683880433838011
:1059B000D36D13F4F81FFBD0536F5566D36D13F4FA
:1059C000F81FFBD0536F5466D36D13F4F81FFBD050
:1059D0000423516F5366D36D13F4F81FFBD0536F3C
:1059E00003B030BD04210193FEF780FF0248019B04
:1059F000B0F806C0D2E700BF14A30020A88D002095
:105A0000184AD388032B10B5044624D99088191F4F
:105A1000DFF854C00430D180DCF8003090805C6640
:105A2000DA6D12F4F81FFBD0FF22596F5A66DA6D57
:105A300012F4F81FFBD0FF22596F5A66DA6D12F488
:105A4000F81FFBD0FF22596F5A66DA6D12F4F81F67
:105A5000FBD05B6F10BD10460421FEF747FF014AE3
:105A6000D388D3E714A30020A88D002030B585B0DB
:105A700005460C200193BDF82040CDE90221FFF737
:105A8000BFFFBDF80C00FFF701FABDF80800FFF7F3
:105A9000FDF90198FFF7FAF92046FFF7F7F90998A1
:105AA000FFF75EF9012385F8603005B030BD00BF17
:105AB00070B50D460446104E3620FFF7A1FF29466B
:105AC0000E48FEF7F3FF33789BB10D490B48FEF704
:105AD0008FF83378206053B10A490848FEF788F8F8
:105AE000AB07606002D52368C4E9000370BD0649B6
:105AF000F3E70649EAE700BFADCA002014A300207F
:105B0000342030004820300044241000302410009D
:105B10002DE9F84F394D9B4680468946EB889246E1
:105B2000BDF82870032B0B9C5CD9043B344E2E220D
:105B3000EB80AB880433AB8033685A66DA6D12F4BD
:105B4000F81FFBD05A6FFF225A66DA6D12F4F81F65
:105B5000FBD05A6FFF225A66DA6D12F4F81FFBD0A1
:105B60005A6FFF225A66DA6D12F4F81FFBD01FFA43
:105B700089F05B6FFFF78AF91FFA8AF0FFF786F961
:105B80005846FFF783F93846FFF780F9EB88032B77
:105B90002ED9043BE2B2EB8033685A66AA880432FD
:105BA000AA80DA6D12F4F81FFBD0C4F30722596FF4
:105BB0005A66DA6D12F4F81FFBD0C4F30742596F2E
:105BC0005A66DA6D12F4F81FFBD0240E5A6F5C6629
:105BD000DA6D12F4F81FFBD001225B6F88F86020A9
:105BE000BDE8F88F04212846FEF780FEEB889CE78D
:105BF00004210248FEF77AFEEB88CAE714A30020CE
:105C0000A88D00201B4AD388032B10B504462AD93F
:105C10009088191FDFF860C00430D180DCF80030B4
:105C2000908000225A66DA6D12F4F81FFBD0FF2232
:105C3000596F5A66DA6D12F4F81FFBD0FF22596FC4
:105C40005A66DA6D12F4F81FFBD0FF22596F5A66BC
:105C5000DA6D12F4F81FFBD0FF2104225B6F84F889
:105C60006010227310BD10460421FEF73FFE014A6A
:105C7000D388CDE714A30020A88D002038B51C4D93
:105C80000C466FF0DD012846FEF710FFEB88032B72
:105C900027D9A9881A1FDFF85CC0E0B20431EA8076
:105CA000DCF80030A9805866DA6D12F4F81FFBD0DA
:105CB000C4F30722596F5A66DA6D12F4F81FFBD04D
:105CC000C4F30742596F5A66DA6D12F4F81FFBD01D
:105CD000240E5A6F5C66DA6D12F4F81FFBD05B6F0E
:105CE00038BD04212846FEF701FEEB88D1E700BF4E
:105CF00014A30020A88D0020224AD388032B10B5BE
:105D0000044637D99088191FDFF87CC00430D18051
:105D1000DCF80030908000225A66DA6D12F4F81F29
:105D2000FBD00022596F5A66DA6D12F4F81FFBD0CF
:105D30000022596F5A66DA6D12F4F81FFBD0002268
:105D4000596F5A66DA6D12F4F81FFBD001205B6FB1
:105D5000FFF756FE2620FFF753FE0020FFF750FE08
:105D6000FF2204230021074884F860202373FEF7F4
:105D7000BDFD10BD10460421FEF7B8FD014AD388D1
:105D8000C0E700BF14A30020A88D002030B583B069
:105D900015019DF8180045EA530500F07F00EDB2AB
:105DA00040EAC310C3B24801C1F3C70140EA12126E
:105DB000184841F08004C188D2B2032920D904399F
:105DC000C180818804318180134909684B66CB6D9D
:105DD00013F4F81FFBD04B6F4D66CB6D13F4F81F17
:105DE000FBD04B6F4A66CB6D13F4F81FFBD04B6FA3
:105DF0004C66CB6D13F4F81FFBD04B6F03B030BD76
:105E00000421CDE90032FEF771FD0248DDE90032E0
:105E1000C188D4E714A30020A88D002070B54F4C92
:105E200082B00D46E088032879D9B4F804C004385C
:105E30004B4E24210CF1040C80B233681FFA8CFC09
:105E4000E0805966A4F804C0D96D11F4F81FFBD0A6
:105E5000596FFF215966D96D11F4F81FFBD0596FA6
:105E6000FF215966D96D11F4F81FFBD0596FFF213E
:105E70005966D96D11F4F81FFBD00328596F61D909
:105E80000CF1040C0438E9B21FFA8CFC80B259669C
:105E9000A4F804C0E080D96D11F4F81FFBD0596F4D
:105EA000C5F307215966D96D11F4F81FFBD0596F5E
:105EB000C5F307415966D96D11F4F81FFBD02D0EBB
:105EC000596F5D66D96D11F4F81FFBD00328596F27
:105ED0002DD90CF1040C0438D1B2A4F804C0E08030
:105EE0005966D96D11F4F81FFBD0C2F30721586F22
:105EF0005966D96D11F4F81FFBD0C2F30741586FF2
:105F00005966D96D11F4F81FFBD0120E596F5A66FD
:105F1000DA6D12F4F81FFBD05B6F02B070BD204643
:105F200004210192FEF7E2FCE088019A7DE70B482C
:105F300004210192FEF7DAFCB4F804C0E08833686B
:105F4000019AC6E7054804210192FEF7CFFCB4F898
:105F500004C0E0883368019A92E700BF14A30020D0
:105F6000A88D00208388012123F470432DE9F04798
:105F700023F003030446624F0078A38008F0C8FAB8
:105F80003B78002B00F0B2804FF0FC084FF0200966
:105F90004FF0B00A5B4E00212078A58808F0B8FACF
:105FA0003368C3F864A0DA6D12F4F81FFBD05A6F9F
:105FB000C3F86490DA6D12F4F81FFBD05A6FC3F87F
:105FC0006480DA6D12F4F81FFBD05A6FEAB25A6699
:105FD000DA6D12F4F81FFBD02D0A5A6F5D66DA6D88
:105FE00012F4F81FFBD00025012120785B6F08F028
:105FF0008FFA3B78002B72D04FF0F8084FF0200951
:106000004FF0300A0021207808F082FA3368C3F894
:1060100064A0DA6D12F4F81FFBD05A6FC3F86490D5
:10602000DA6D12F4F81FFBD05A6FC3F86480DA6D92
:1060300012F4F81FFBD05A6F5D66DA6D12F4F81F88
:10604000FBD05A6F5D66DA6D12F4F81FFBD05A6F01
:106050005D665FFA82FCDA6D12F4F81FFBD05B6FAD
:10606000012120784FEA03281FFA88F848EA0C0833
:1060700008F04EFA40F6FF7398453ED0A38843459A
:10608000B7D12078012108F043FA3A78A38800219B
:106090002078C3F30B048A420CBF4FF484134FF4EF
:1060A00042131C4408F034FA3368220C42F0800298
:1060B0005A66DA6D12F4F81FFBD0C4F30722596F49
:1060C0005A66DA6D12F4F81FFBD0E4B25A6F5C66C0
:1060D000DA6D12F4F81FFBD05B6FBDE8F0874FF06C
:1060E000E4084FF024094FF0100A8BE74FF0E8085E
:1060F0004FF024094FF0900A4CE70348FEF760FA8E
:10610000ADCA0020A88D0020209D0020024808B5BF
:10611000FFF728FF08BD00BF14A3002070B5044698
:106120000020FFF76DFC0423FF222220237384F854
:106130006020FFF765FC00215B48FEF7B7FC40F2EA
:106140009B725A495A48FEF757FE4FF0A0615648D5
:10615000FEF7ACFC574D4FF080715348FEF7A6FC9C
:1061600055495148FEF7A2FC2B78002B40F0918056
:1061700052494D48FEF79AFC2B78002B40F08E8058
:106180004F494948FEF792FC4E494748FEF78EFCBE
:106190004D494548FEF78AFC454D01234B4942488D
:1061A00085F86030FEF782FC49493F48FEF77EFCE7
:1061B0002B686A680021002BB8BF0133002A4FEA20
:1061C0006303B8BF0132323B52109BB2323A5801DE
:1061D00092B2DB0840EA1210120163F07F0362F30F
:1061E0000F2160F31741304863F31F61FEF75EFC37
:1061F00038492D48FEF75AFC6FF07B412A48FEF7DC
:1062000055FC2E686D680C20002EB8BF0136002D9D
:10621000B8BF01357610FFF7F3FB6D10B0B2FEF793
:1062200035FEA8B2FEF732FE1D20FEF72FFE4FF41A
:106230000070FEF72BFE2848FEF792FD012309208F
:1062400084F86030FFF7DCFBFF211748FEF72EFCD7
:106250000A20FFF7D5FB4FF47F411348FEF726FCD9
:106260001520FFF7CDFBFF20FFF7CAFB0E48FFF715
:1062700079FE2620FFF7C4FB0020FFF7C1FBFF22B9
:1062800004230021084884F860202373FEF72EFBC6
:1062900070BD12490448FEF709FC69E7104902483D
:1062A000FEF704FC6CE700BF14A30020C825002003
:1062B000209D0020ADCA00207A5401077AAA000868
:1062C00035003502070000260100001F00FFFF0413
:1062D00055000010FF000010F81E00200054012897
:1062E00000AA00292DE9F84FDFF8B8820746AB482D
:1062F000FFF738FE98F80030A84E0121002BA84D7A
:1063000030780CBF1024302408F002F900213078D6
:1063100008F0FEF82A685466D36D13F4F81FFBD01A
:10632000536F90235366D36D13F4F81FFBD0536F54
:1063300000235366D36D13F4F81FFBD0536F002373
:106340005366D36D13F4F81FFBD0536F07F10F01A1
:1063500007F1130400205066D36D13F4F81FFBD02F
:10636000536F01F8013F8C4201D02A68F3E7012105
:10637000307808F0CDF898F80030B2880021002B72
:106380003078C2F30B020CBF4FF484134FF4421366
:1063900002EB030908F0BCF82B684FEA194242F0FF
:1063A00080025A66DA6D12F4F81FFBD05A6FC9F3F7
:1063B00007225A66DA6D12F4F81FFBD05FFA89F2F1
:1063C000596F5A66DA6D12F4F81FFBD05B6F98F8BC
:1063D0000030002B00F0E8804FF020094FF0210B37
:1063E0004FF0300A0121307808F092F8002130781F
:1063F00008F08EF82A68C2F864A0D36D13F4F81F71
:10640000FBD0536FC2F864B0D36D13F4F81FFBD008
:10641000536FC2F86490D36D13F4F81FFBD0536F21
:1064200000235366D36D13F4F81FFBD0536F07F1AD
:10643000200000215166D36D13F4F81FFBD0536F79
:1064400004F8013F844201D02A68F3E70121307843
:1064500008F05EF898F80030B2880021002B307800
:10646000C2F30B020CBF4FF484134FF44213D41841
:1064700008F04EF82B68220C42F080025A66DA6D62
:1064800012F4F81FFBD05A6FC4F307225A66DA6D74
:1064900012F4F81FFBD0E4B2596F5C66DA6D12F4A7
:1064A000F81FFBD05B6F98F80030002B70D07C2475
:1064B0004FF020094FF0300A0121307808F028F819
:1064C0000021307808F024F82B68C3F864A0DA6D56
:1064D00012F4F81FFBD05A6FC3F86490DA6D12F40F
:1064E000F81FFBD05A6F5C66DA6D12F4F81FFBD010
:1064F0005A6F00225A66DA6D12F4F81FFBD05A6FF9
:1065000000225A66DA6D12F4F81FFBD05B6F01218E
:10651000307887F8213007F0FBFF98F80030B48816
:106520000021002B3078C4F30B040CBF4FF484130C
:106530004FF442131C4407F0EBFF2B68220C42F08F
:1065400080025A66DA6D12F4F81FFBD0C4F30722FA
:10655000596F5A66DA6D12F4F81FFBD0E4B25A6F25
:106560005C66DA6D12F4F81FFBD0B7F91A20B7F9A0
:10657000181012F500404FEA02124FEA01115B6F4A
:1065800018BF0120C7E9092187F82200BDE8F88F6C
:1065900078244FF024094FF0100A8DE714A300204F
:1065A000A88D0020ADCA00204FF00C094FF0250B3C
:1065B0004FF0100A16E700BF000000002DE9F84F69
:1065C000A94C8246C8B2A94D0121207007F0C2FF34
:1065D0000121207807F09CFF284601F041F8EB7C70
:1065E000002B31D072B6EB7CDE0708D54FF0E021EE
:1065F0006869D1F880210240C1F88021AA62980719
:1066000008D54FF0E021A869D1F884210240C1F8F3
:106610008421EA62590708D54FF0E021E869D1F8F2
:1066200088210240C1F888212A631A0708D54FF053
:10663000E021286AD1F88C210240C1F88C216A63DC
:10664000DB0600F1F38262B68949AB688B4200F049
:106650003783884BA9609B69874AC3F30116C3F34C
:106660008263864852F826200133B2FBF3F282425D
:1066700000F2C8820023EB602A68002603212078FC
:1066800016615162314613640723136601231361B7
:1066900007F03EFF2B685E66DA6D12F4F81FFBD040
:1066A0000022596F5A66DA6D12F4F81FFBD00022EF
:1066B000596F5A66DA6D12F4F81FFBD00121207869
:1066C0005B6F07F025FF0021207807F021FF68228B
:1066D0002B685A66DA6D12F4F81FFBD00022596F4E
:1066E0005A66DA6D12F4F81FFBD00022596F5A6611
:1066F000DA6D12F4F81FFBD0614F0121207807F505
:1067000092665B6F07F004FFFF230021304687F895
:10671000BC3487F8C81405F081FA3046C7F88C6499
:1067200004F01EFD30B90123D7F88C1438461A4600
:1067300003F03EFE4C48FDF7ADFC52494A48FEF7D7
:10674000B5F9514E5046FFF7D7FA4748FFF70AFC14
:106750003378002B00F090824C4900224248FDF72C
:10676000E7F93378002B00F0A982494983223E489B
:10677000FDF7DEF93378002B00F09E82454F394655
:106780003948FDF76FF960F07F0239463648D2B2DA
:10679000FDF7CEF93B493448FEF788F95046FFF73C
:1067A000ABFA3378002B00F085823B494FF4F0724E
:1067B0002D48FDF77DFB3378002B00F079823749B7
:1067C0004FF409722848FDF773FB3378002B00F073
:1067D0006D8233492B222448FDF76AFB3378002B66
:1067E00000F062822F4900221F48FDF761FB3378D9
:1067F000002B00F057822C4929221B48FDF758FB3B
:106800003378002B00F04C8228494FF488721648E8
:10681000FDF74EFB3378002B00F0408224494FF403
:1068200092721148FDF744FB3378002B00F034825C
:1068300020490C220C48FDF73BFB3378002B00F07D
:1068400029821D4900220848FDF732FB3378002BCE
:1068500000F01E8219490A220348FDF729FB33780C
:10686000002B00F013822BE014A30020A88D002041
:106870000051250200C00F4078800020FF50250203
:10688000849D002007000026ADCA0020D4203000DF
:106890009020300094203000342030002C20300034
:1068A00030203000382030003C20300048203000BC
:1068B00040203000442030004C2030005020300078
:1068C000B6490522B648FDF7F3FA3378002B00F0FD
:1068D000DB81B4490122B248FDF7EAFA3378002B94
:1068E00000F0D081B0490122AD48FDF7E1FA3378DC
:1068F000002B00F0C581AD490122A948FDF7D8FA67
:10690000A748FFF72FFB3378002B00F0B381A8498D
:10691000A348FDF76DF93378CAF80000002B00F0AA
:10692000A781A4499E48FDF763F90023E2889846B1
:106930001F46CAF80400CAF80830032A48F0A069C4
:1069400040F28E81A088043A2B68043092B2C3F8DA
:10695000648080B2E280A080D96D11F4F81FFBD072
:10696000C9F30721D3F874C05966D96D11F4F81F23
:10697000FBD0C9F30741D3F874C05966D96D11F43F
:10698000F81FFBD04FEA1961D3F874C05966D96D6E
:1069900011F4F81FFBD0032A596F40F259810430DB
:1069A000043A5F6680B292B2A080E280D96D11F4A1
:1069B000F81FFBD0596F5F66D96D11F4F81FFBD03B
:1069C000596F5F66D96D11F4F81FFBD02821D3F8F9
:1069D00074C05966D96D11F4F81FFBD0032A596FA2
:1069E00040F22E81043A04305F6692B2A080E280C9
:1069F000D96D11F4F81FFBD0596F5F66D96D11F492
:106A0000F81FFBD0596F5F66D96D11F4F81FFBD0EA
:106A10002921586F5966D96D11F4F81FFBD008F180
:106A200001085B6FB8F1200F87D163495C48FEF71E
:106A30003DF85046FFF760F95F495948FEF736F8D0
:106A40005046FFF759F95C495548FEF72FF8504674
:106A5000FFF752F93378002B00F00881574F1A20C6
:106A6000FEF7CEFF39464E48FEF720F804214C4889
:106A7000FEF71CF880214A48FEF718F80021484824
:106A8000FDF734FF002007F0FBFD0746002800F06B
:106A9000198100244A4DDFF838813378002B0CBF70
:106AA0002F46474627440134204607F0E9FD394682
:106AB00002463B48FDF73CF8182CEED13378002B0A
:106AC00000F0DC803F494FF496623548FDF700F94D
:106AD000FF254FF07733042450468AF86050CAF8F7
:106AE0005C308AF80C40FDF7DFFB0020FEF788FFE2
:106AF0008AF860508AF80C4033492948FDF7D6FFE0
:106B00002D492748FDF7D2FFDAF80050DAF80440A3
:106B10000C20002DB8BF0135002CB8BF01346D101A
:106B2000FEF76EFF6410A8B2FEF7B0F9A0B2FEF750
:106B3000ADF91E20FEF7AAF94FF4C060FEF7A6F9E2
:106B40002248FEF70DF9DAF800500122DAF8044085
:106B5000002D4FF016008AF86020B8BFAD18FEF780
:106B60004FFF6D10A8B2FEF791F907EE904A002C86
:106B7000B8EEE75BB8BF0134641007EE904A9FEDB2
:106B8000056BB8EEE77BA5EE067BBDEEC77B21E08B
:106B9000AFF300809A9999999999B93F7020300084
:106BA00014A300206C2030006820300060203000EA
:106BB000342030004820300007000026D420300068
:106BC0001C2510001821300000550002101F002065
:106BD0005021300017EE103A98B2FEF757F9012015
:106BE000FEF754F90020FEF751F95046FFF784F8FC
:106BF0004FF004516F48FDF759FF6E48FFF7B2F9A7
:106C0000BDE8F88F6C4BA3FB02035B0EB2FBF3F203
:106C10008A4288BF0133022B38BF02235A08023B45
:106C2000013A02EB022243EA022324E54FF0E0227C
:106C3000696AD2F890310B40AB63C2F8903102E53B
:106C40005C480421FDF752FEA088E2882B68C9E663
:106C500058480421FDF74AFEA088E2882B689EE68A
:106C600004215448FDF742FEE2886BE6534FF6E6F6
:106C7000534957E653494BE650496EE5524922E7DE
:106C8000524939E652492EE6524923E6524918E65E
:106C90005249E0E55249D5E55249CAE55249BEE5B7
:106CA0004749B2E55149A7E551499CE5514991E56C
:106CB000514985E5434979E5504F60E5504955E52F
:106CC000EB68D9E4B846BB465046FFF727FA33785D
:106CD00001214C4A002B4C4B207818BF134608EB7F
:106CE0000309884407F014FC0021207807F010FC09
:106CF0002B684FEA19425A66DA6D12F4F81FFBD07E
:106D0000C9F30722596F5A66DA6D12F4F81FFBD0E7
:106D10005FFA89F2596F5A66DA6D12F4F81FFBD0E8
:106D20005A6FC3F864B0DA6D12F4F81FFBD05A6FD3
:106D3000C3F864B0DA6D12F4F81FFBD05B6F012169
:106D400020785FFA83F907F0E3FB00213378A2880B
:106D50008B420CBF4FF484134FF442132078C2F3DC
:106D60000B02D71807F0D4FB2B68390C41F08001D7
:106D70005966D96D11F4F81FFBD0C7F30721586F7E
:106D80005966D96D11F4F81FFBD0FAB2596F5A66E3
:106D9000DA6D12F4F81FFBD0494640465B6F07F0EE
:106DA00089FDB8F1180F92D10121002007F082FD72
:106DB00084E600BF14A30020B5FA9BEEC4241000A3
:106DC0004424100030241000042510005C2410001E
:106DD00064241000682410006C2410004C2410005F
:106DE00048241000402410003C24100038241000D7
:106DF000342410002C2410002824100090241000AB
:106E00008C241000502130001C2510002DE9F04F7B
:106E1000A34C89B00E4601212078039207F078FB3D
:106E2000B26C002A00F0028233689E491B69079108
:106E30008B4240F02782137813F0080549D10221D4
:106E4000994809F017F82946984807F045F8DFF8FF
:106E5000689206219648DFF864B209F00BF893486F
:106E600007F046F82078012107F052FB9BF800203C
:106E7000A38800212078C3F30B048A420CBF4FF48F
:106E800084134FF442131C4407F042FBD9F800303E
:106E9000220C42F080025A66DA6D12F4F81FFBD021
:106EA000C4F30722596F5A66DA6D12F4F81FFBD04B
:106EB000E4B25A6F5C66DA6D12F4F81FFBD099F8F1
:106EC00013205B6F002A40F07381012009B0BDE8F8
:106ED000F08FD1695369CB1A049300F1D781022155
:106EE000714808F0C7FF049D7048294606F0F4FF7A
:106EF00006216F4808F0BEFF6C4806F0F9FF002D30
:106F000040F313820023DFF8B091DFF8B0B10293B1
:106F100008E018460022674901F088FF049B029AA6
:106F200093429FDD3368079A1B69934240F0EC80DF
:106F3000B36C002B00F0C4801A781207E9D5DA6927
:106F40005969521A03D4B2F5005F40F3F580184630
:106F50004FF40052029B57491344069301F066FF19
:106F60004FF400530193DDF8048000270596B8F52F
:106F7000006F4FF0010120784546A8BF4FF400652F
:106F800007F0C6FA9BF800300021A288ADB2002BB2
:106F90002078C2F30B0205F103060CBF4FF48413F3
:106FA0004FF4421326F0030602EB030A07F0B0FA8F
:106FB000D9F800304FEA1A4141F080015966DA6D84
:106FC00012F4F81FFBD0596FCAF307215966DA6D26
:106FD00012F4F81FFBD05FFA8AF2596F5A66DA6D25
:106FE00012F4F81FFBD05B6F039B1BB1029A04994C
:106FF000D01998472F4BB2B22948A8EB0508D919E8
:107000002F44FDF7FBFDA3880121207823F0030323
:107010001B051B0DA38007F07BFA9BF80030002BAB
:1070200039D0FC264FF0200AB022002120780092AF
:10703000A58807F06DFAD9F80010009A4A66CB6D62
:1070400013F4F81FFBD04A6FC1F864A0CB6D13F4A2
:10705000F81FFBD04B6F4E66CB6D13F4F81FFBD0BF
:107060004B6FEBB24B66CB6D13F4F81FFBD02D0AC0
:107070004B6F4D66CB6D13F4F81FFBD04B6F0121A6
:10708000207807F045FA019B9F42FFF670AFDDE9DB
:107090000563029342E7E8264FF0240A9022C4E7F2
:1070A00014A30020B54D0100201F0020488E0020B1
:1070B000241F0020F4A30020A88D0020ADCA0020CA
:1070C000F06C00283FF42AAF90F831301B0766D5EA
:1070D0000268036941689B1A426962EB0102B3F1DD
:1070E000004F72F1000202D2B3F5005F57DD029B40
:1070F00003F5005306934FF400528E4900F080FCD4
:107100004FF4005301932EE730469847B0F5005FE7
:1071100027DD029BB06C03F500530693002840F076
:10712000C980F06C0028E6D14FF4005301931AE7B0
:107130001A7817077FF5EDAEDA695969521A00F12E
:10714000948092B2029911440192069118467949AD
:1071500001F06CFE019B002B7FF405AF069B0293B0
:10716000DCE63368079A1B69934211D03046984792
:10717000029985B2D6E9123029442A460195069132
:10718000002BE3D10028E5D06A4900F039FCE1E7A3
:10719000B36C002BCCD1F06C00283FF4BFAE90F85C
:1071A000313013F008022DD1624900F029FCB5E618
:1071B000D50705D5D9F828104FF0E023C3F8001102
:1071C000940705D5D9F82C104FF0E023C3F804112B
:1071D000500705D5D9F830104FF0E023C3F8081157
:1071E000110705D5D9F834104FF0E023C3F80C117E
:1071F000D3067FF56AAED9F838204FF0E023C3F804
:10720000102162E6036802694168D21A436963EBA0
:107210000103B2F1004F73F10003029B28BF6FF02E
:10722000004292B2134401920693ADE7F26C002A39
:1072300049D0336840491B6907918B4222D192F8AB
:10724000313013F008053FF4FAAD116813695B1A89
:107250005169526861EB0202B3F1004F72F1000212
:1072600028BF6FF00043049339E618464FF6FF72CB
:10727000029B30491344069301F0D8FD4FF6FF738B
:10728000019370E630469847049028E602212B4887
:1072900008F0F0FD6FF00041294806F01DFE0621C0
:1072A000284808F0E7FD264806F022FE6FF000436C
:1072B000049327E64FF400521E4901F0B7FD4FF446
:1072C000005301934FE6DFF880902046FCF76AFEFA
:1072D00099F813303BB3DE0705D5D9F828104FF0E5
:1072E000E022C2F800119D0705D5D9F82C104FF007
:1072F000E022C2F804115C0705D5D9F830104FF030
:10730000E022C2F80811180705D5D9F834104FF05B
:10731000E022C2F80C11D90605D5D9F838204FF073
:10732000E023C3F810210020D0E5DFF81C90DFF83F
:107330001CB097E5F4A30020B54D0100201F0020EC
:10734000488E0020241F0020A88D0020ADCA0020F8
:10735000F0B50023A9B00C464FF47A7106461746E3
:1073600000201A4A8DF80C3000922246184DCDE9C3
:1073700001310021CDE91201164914A803F086F865
:10738000159B18A904A80193169B02939DF85C30E5
:107390008DF80C3002F04CFF18A8149502F0A2FFF3
:1073A00034B120460AF082FC0146204608F062FD16
:1073B0003A4669463046FFF729FD044604A8009581
:1073C00002F090FF204629B0F0BD00BF74240020D9
:1073D000AC230020849D002008B507F02DF9104B48
:1073E0001048002210494FF0070CC3F890042920E0
:1073F000C3F8A4140D49C3F88024C3F88424C3F847
:107400008C24A3F89824C3F8A8C483F8B12483F883
:10741000AD04C3F89C1483F8B82483F8C82408BDCD
:10742000849D0020A824002000093D00DC230020CA
:1074300090F81CC04160BCF1020FC26001D18368AA
:10744000184706F023BB00BF30B504468E460068DF
:10745000114640F20122026123B31D46BEF1000F26
:1074600021D0724612F801CB9646013DC0F864C0A7
:10747000026F920707D48C46013B426F19B10CF89A
:10748000012B614620684269D207F1D5002DE5D174
:1074900043B1026F9207FCD4426F09B101F8012B8E
:1074A000013B03D130BD94F83CC0DEE72068026F99
:1074B0009207EED4F0E700BF304B314910B5D3E965
:1074C000114E9EF80400C8771A6C94F804C081F835
:1074D0001CC0087752B1B2F5004F23D32949511887
:1074E000274A1964D07682F81BC010BD19680F2492
:1074F000D86C8C6540F20134CA610C614FF47C5445
:107500004C6103210468246883F83D101E4B9C42A3
:1075100020D1037F4260022BC26020D18368BDE886
:10752000104018472468E18B090421D4E283DEF877
:107530000010B4F81EE0A4F816E0CC8B240412D49A
:10754000CA83CA8BCA8200210D4A1964D07682F898
:107550001BC010BD23461146BDE810401847BDE8CA
:10756000104006F093BACC8B62F30804CC83E8E7B2
:10757000E18B62F30801E183D9E700BFF88D0020B9
:1075800000800E400180FFFF05880100304B31492B
:1075900010B5D3E9114E9EF80400C8771A6C94F820
:1075A00004C081F81CC0087752B1B2F5004F23D354
:1075B00029495118274A1964D07682F81BC010BD9A
:1075C00019680F24D86C8C6540F20134CA610C61D3
:1075D0004FF47C544C6103210468246883F83D1007
:1075E0001E4B9C4220D1037F4260022BC26020D1FF
:1075F0008368BDE8104018472468E18B090421D452
:10760000E283DEF80010B4F81EE0A4F816E0CC8B9C
:10761000240412D4CA83CA8BCA8200210D4A196479
:10762000D07682F81BC010BD23461146BDE810403D
:107630001847BDE8104006F029BACC8B62F3080465
:10764000CC83E8E7E18B62F30801E183D9E700BF6F
:10765000A88D002000800E400180FFFF05880100FA
:1076600043682DE9F04FD3E90041814D4FF0B8094F
:1076700022684FF00F0B22EA01027E492260AA69BC
:1076800011407D4A0A43AA6190F810E07B4A03EB5F
:107690000E0603EB8E0E317C02EB01118968C1F8F6
:1076A000009090F811C003EB0C050CF10A0C95F852
:1076B000241002EB01118968C1F80090817C03EB72
:1076C000010803EB810198F838A002EB0A1ADAF8F6
:1076D00008A0CAF80090D4F800905F6849EA07094A
:1076E000C4F80090347CDEF814E002EB0414646803
:1076F000C4F800E095F8244053F82CC002EB0414C1
:107700006468C4F800C098F83840C96B02EB0412F2
:10771000526811609A6C98F8441011601A6A317FAF
:107720005B6B116095F830201A60022203681A61C1
:10773000C3F858B0C27C002A32D072B6C37CDD07D1
:1077400008D54FF0E0214469D1F8802122408262BF
:10775000C1F880219C0708D54FF0E0218469D1F859
:1077600084212240C262C1F88421590708D54FF014
:10777000E021C469D1F8882122400263C1F8882140
:107780001A0708D54FF0E021046AD1F88C21224075
:107790004263C1F88C21DF065CD462B6C27C036808
:1077A000374D8168A9425FD0314985608969354C80
:1077B000C1F30117C1F38261334E54F82740013100
:1077C000B4FBF1F4B44230D80021C16000241C6144
:1077D00003245C620724196401211C66196112B339
:1077E000D60704D5816A4FF0E023C3F8001195074E
:1077F00004D5C16A4FF0E023C3F80411540704D53F
:10780000016B4FF0E023C3F80811110704D5416B59
:107810004FF0E023C3F80C11D30604D5826B4FF070
:10782000E023C3F81021BDE8F08F1849A1FB0461E3
:10783000090DB4FBF1F4AC4288BF0131B1F5817F91
:1078400014D20229C0D902394C0804EB042441EABD
:107850000421BAE74FF0E022416AD2F890310B40A0
:107860008363C2F8903198E7C168AFE70849ACE795
:1078700000C00F40CFFFFFE3100000080C82002083
:1078800000093D0078800020FF083D0083DE1B4397
:10789000FF7F7F000BB1FFF7D7BD70474268D2E989
:1078A00000130968194200D17047034600200521E2
:1078B00010B51C6882B02061187C01930244107CD2
:1078C00006F048FE019B0521587C5A68024492F854
:1078D000240006F03FFE019B05215A689B7C13445F
:1078E00093F8380002B0BDE8104006F033BE00BF88
:1078F00030B500F1240385B08C460446154693E864
:10790000070001AB83E807004FEA4C121946206AD2
:1079100001F0C8F8012806D12A4601A9206A01F021
:107920007DF805B030BD002005B030BD10B504466F
:1079300000F01AFD002384F8313084F8333010BD94
:1079400090F831C0BCF1000F01D00020704710B595
:1079500082B00C4638226146019009F069FE01228E
:10796000019B402110461C6283F8332083F83110BC
:1079700002B010BD70B514460A781E460B46202A88
:1079800004D113F801CFBCF1200FFAD02360A3601B
:10799000197881B32F2920D05A1C184DA1F1220C3F
:1079A0001F295FFA8CFC07D9BCF11D0F25FA0CFECC
:1079B00004D81EF0010F05D0002070BD01F0DF03D8
:1079C0005C2BF9D02E29134602D0202918BFA260C3
:1079D00012F8011B79B12F29E0D113F801CFBCF1C6
:1079E000200FFAD0BCF12F0FF7D021463360BDE84D
:1079F000704000F029BF2F29EFD0F6E701210035B4
:107A00002DE9F04F90F8333083B00446DD076FD591
:107A100058060E46924640F1AA80D4E90023D4E9E4
:107A200004101AEB020543F10003A94270EB0303B3
:107A3000C0F0A380BAF1000F56D05546D4E9003209
:107A4000276AD7F8381411EA030970D1134370D1AB
:107A500094F831305A064CBFD7F83414E169A1616B
:107A600097F845240239D7F82C34C9F3080B914014
:107A700040F2FF1003EB59231944BBF1000F42D130
:107A8000854240D9D7F81C0281423CD0B5F5806FC1
:107A900056D301239340A3EB59296B0A994528BF7C
:107AA000994681420AD801EB0903984206D207F5AC
:107AB0000470019104F008FD0199C8B1D7F81402CF
:107AC0004B46324607687F69B84788B14FEA492973
:107AD0004B464E44D4E900125B1842F10002B5EB6C
:107AE0000905C4E90032ABD1504603B0BDE8F08FC0
:107AF00094F832304FF0FF3043F0020384F8323014
:107B000003B0BDE8F08F002207F5047004F006FD15
:107B10000028EDD0CBF5007900EB0B013046A945EC
:107B200028BFA9464A4606F07DFF4B46D1E7A1692A
:107B300096E794F83330A1695B060DD501318EE7E5
:107B4000D7F81402324603681B6998470028CFD043
:107B50004FF400739946BCE704F11802384600F070
:107B600079FF0028C4DB0BD0276AA16978E794F875
:107B7000313019077FF55EAF4FE7A1EB020A59E7F5
:107B800094F8313013F0500FB2D0AAEB050A5046EA
:107B9000ABE700BFF0B583B00122044685690DF163
:107BA0000701D0E90067FFF72BFF0128A5610CBF93
:107BB0009DF807004FF0FF30C4E9006703B0F0BD47
:107BC0002DE9F04F044690F83110806983B080466B
:107BD00000295BD0D4E900CE9E4508BF94455FD014
:107BE00052EA030058D00F0704D5D4E90450954257
:107BF00098414BD3206A551E94F83360834690F821
:107C00004504009663F100060930C0B225FA00F978
:107C1000C0F12007A0F12005BA4606FA07F7019542
:107C200026FA05F5009E49EA0709760649EA0505A0
:107C30003AD41CF1FF3626FA00F04EF1FF365CEA2A
:107C40000E0E06FA0AF70097019F26FA07F6009F24
:107C500040EA070040EA060001D0854228D24906E2
:107C60004CBFDBF83414E169A1611746994606E080
:107C7000A169013D206A00F0EDFE002806DD04F157
:107C80001802002DF4D13A464B4607E00020C4F814
:107C9000188003B0BDE8F08F0021A161C4E9002382
:107CA000012003B0BDE8F08FE1692944A161F5E747
:107CB0002D1ADAE72DE9F04F8DB00C46194606462D
:107CC000009390F83130002B40F0D480904694F827
:107CD000312012F0500F00F0CD8001F00302032A92
:107CE00000F0C880013201F008010A430192B8F1A6
:107CF000000F00F0C980D8F8102002F10E07AC4A3E
:107D0000A2FB0727D4E90021FF080A4307F1020775
:107D1000FFB204D00022A3610023C4E900234FF086
:107D200000094D46202204A92046FFF769FE10B342
:107D3000202840F09F809DF910309DF81020002BE6
:107D4000C0F2A480B9F1000F04D12368A3F1200A86
:107D5000A3699B4609F10103DBB2B94538BF9946D7
:107D6000002A00F01481202204A920460025FFF7F4
:107D700047FE0028DCD1009B9A057BD5019BC3F30D
:107D8000400383F00103DB0774D4B8F1000F71D016
:107D9000B94580F0618143464D46B0461E462022DB
:107DA00004A92046FFF72CFE6B1C002859D0202880
:107DB0005FD125B92268A2F1200AA2699346DDB2FB
:107DC000BD42ECD333464646382200213046984621
:107DD00094F8335009F02CFC236AC5F38015336204
:107DE000082386F82C5086F83130D8F80030C6E9E0
:107DF00009BAC8F804300023A8F80C30002507F1B0
:107E0000FF3A0122E9B23046FFF772FD044688B31B
:107E100090F90030002B2DDB2022002109F008FC16
:107E2000002D00F0C780012D00F0DD80C123A146A8
:107E30001E3404F81E3CB8F80C3040461BB9D8E993
:107E400001239A4205D004F0A1FB29F8020F4C450A
:107E5000F1D10135BD42D4D1304600F085FA054656
:107E60000EE02046D4F8189000F0B6FA002840F052
:107E70009B80464600231D4686F8313086F8333015
:107E800028460DB0BDE8F08F032748E74DBBB94544
:107E900038BFA946852A7FF445AF294638223046A7
:107EA000012509F0C5FBBDF814309DF8112013F031
:107EB000100F03F0370386F8302043F0080208BFA4
:107EC000134686F831302368226A203B3262A26969
:107ED000C6E9092394F83330C3F3801386F82C30B5
:107EE00020E7C02A23D0C12A7FF43DAF424604A92F
:107EF000304600F083FCC0B1B8F80C30ABB9D8E91B
:107F000001329A4211D1009B1B05B3D4009B13F49C
:107F1000884F7DD196F833309F07B1D596F8313030
:107F2000DC06A7D4D807ABD5A4E70546FAE69DF84A
:107F30001130019A990786F8332003D542F04003A7
:107F400086F83330099BF361DDE90623C6E9042393
:107F5000DDE90A23C6E90223B8F1000FD3D04FF0C0
:107F60000003D8F81020A8F80C30D8F80030C8F872
:107F700004309DF813309A427FF4F5AEB8F81450EF
:107F8000BDF81430ED1AB5FA85F56D09CAE6B8F1F9
:107F9000000F3FF46FAF009B98057FF56BAF019B1F
:107FA00099073FF5F5AE65E7C4F8189008E700BFFC
:107FB00089888888852323703C4B86F830A084F814
:107FC00001A01B68F3B10DF10B020DF10E0103A826
:107FD0009847BDF80C306381BDF80E3023819DF8C1
:107FE0000B30237535E74FF4E0732380019B63F07A
:107FF0007F0386F83330D8F81030E370B8F81430C7
:10800000A38026E745F621436381E381638220E76D
:1080100096F83130D9063FF52DAF13F001017FF40A
:1080200029AF009A520534D596F8332097077FF58B
:1080300021AF002B3FF41EAFD6E90032134304D02A
:1080400000220023B161C6E90023304600F01CFA8B
:1080500000287FF415AF0DE738220021304694F850
:10806000335009F0E5FA236AC5F38015336208231B
:1080700086F82C5086F83130D8F80030C6E909BAB5
:10808000C8F804300023A8F80C30002F7FF4B6AEF7
:10809000E2E6009B5C047FF5F3AE3046D6E90423AC
:1080A000FFF78EFD00287FF4EBAEE3E69CA30020F3
:1080B0002DE9F043002597B00E4690F8311001925B
:1080C0001495ADF8145000293DD196F8311011F0F7
:1080D000500F38D099461378044615462F2B36D0CA
:1080E000002701AB02AA29462046FFF743FC50B304
:1080F000019D2B78002B3ED0002302AA314620465A
:10810000FFF7D8FDF8B1A44608AE04F13008DCF85A
:1081100000000CF1100C5CF80C1CB6465CF8082C46
:1081200010365CF8043CC445AEE80F00EFD1DCF833
:1081300000003060204600F017F908AE84F8317076
:1081400084F83370CDE7002017B0BDE8F08315F850
:10815000011F2F29FBD0366A38220195A1B920468C
:1081600009F066FA012340222662184684F833306B
:1081700084F83120E8E74B4602AA31462046FFF753
:1081800099FD17B0BDE8F083002108A809F050FA66
:108190000123109608AE8DF8533040238DF85130EE
:1081A0009EE700BF19B101F58961FFF781BF08465D
:1081B000704700BF8169F8B50446006A01B101311A
:1081C000012200F075FB0128074632D90123014640
:1081D000206A1A4600F0CAFB054650B3A36994F81A
:1081E00033204BB3510612D5591CB94218D022F096
:1081F0004002E16984F8332005E0206A00F076FC53
:108200003146B0B1A3694E1C99423246F5D34FF0C6
:10821000FF323946206A00F069FC50B1A16911B9FA
:108220002846A761F8BD3A46206A00F05FFC0028A6
:10823000F6D100252846F8BD42F0400284F83320EC
:10824000EEE700BFF0B5002783B006463C4639464E
:1082500000223046FFF74CFB0546002855D0027837
:10826000C02A5BD0C12A22D0852A4ED196F831305F
:1082700003F0370383803B4B1B6883B10DF103028E
:108280000DF1060101A898479DF803306B75BDF804
:108290000630AB812B82BDF80430EB816B82326AF1
:1082A00092F8103243F0010382F810322A78A2F1DA
:1082B00085000023B0FA80F04009E103012B01EBB7
:1082C00054010A4494B24FEAC43206D128B102EBF9
:1082D0005402297904230A4494B20133202B01D09B
:1082E000EA5CEAE7013796F83030F9B28B42AFD258
:1082F000012206F12401306A00F090FB28B1356AB2
:108300004480284604F0E0F8E8B996F832300020BE
:1083100043F0010386F8323003B0F0BD96F8332005
:10832000437852064CBF43F0020303F0FD03437051
:10833000D6E90423C0E90223F3694361D6E90223A5
:10834000C0E90623ABE705F5047004F0BDF800288A
:10835000DBD0D5F8400403681B6A98470028DBD1BE
:10836000D3E700BF9CA3002090F83120F2B190F930
:10837000331090F83320002912DB026A10B582B066
:1083800014460190104604F09FF8019B80B993F8C1
:108390003220002042F0010283F8322002B010BDEA
:1083A00002F07F0280F83320FFF74CBF01207047B6
:1083B00004F50470019304F087F8019B0028E6D0CF
:1083C000D4F840040268126A904710B1012002B04C
:1083D00010BD019BDBE700BF70B590F8313005465A
:1083E0005A064CD480682B6AD3F83C341844B0F158
:1083F000806F01D3002070BD2846FFF7DBFE002808
:10840000F8D0286A0024AE6990F84534023E9E40B8
:10841000D0F82C341E440522311900F5047004F004
:108420007DF84FF4007200210028E3D009F000F934
:10843000286A012390F845241C4493409C42EAD3C7
:1084400095F831305B0615D495F8332062F07F0241
:10845000D5E9023185F83320D0F83C249B1841F14E
:108460000000AB60D5E90431E8609B1841F10001E0
:10847000C5E904312846BDE87040FFF775BF006AC2
:1084800000F02AFCAFE700BF90F833309A0764D5BC
:10849000C169B9B313F0400C70B50446D0F818E0C8
:1084A00082B0006A30D090F845C4A2680CF1090C83
:1084B000E568013A5FFA8CFC45F1FF35CCF1200606
:1084C00022FA0CF2ACF1200C05FA06F625FA0CFCA7
:1084D000324342EA0C020132BEF1000F20D1C4F84F
:1084E0001CE001918ABB63F07F03204694ED007B82
:1084F00084F8333084ED027B84ED047BFFF734FF96
:1085000002B070BD01207047BEF1000F0FD1019184
:10851000C4F81CE000F00EFBE0B194F83330E2E761
:108520000139A1EB0E010A440EF10101D9E701AABC
:108530007146CDF804C000F08DFA00280ADB0ED198
:1085400001990029E9D0206AE4E7002300F00EFA3F
:108550000028E2D1002002B070BD002070474FF02B
:10856000FF32A169206A00F0C1FA0028E8D1F1E7E2
:108570002DE9F84F90F8333004469D0740F1AC8068
:1085800093461A070E4600F12581D4E90031BBF16C
:10859000000F00F0D1805D464FF00109206AA1690B
:1085A000D0F8382412EA03086CD1002900F0D580F5
:1085B00094F833305B0640F1ED80A268E368013A3D
:1085C00043F1FF3C90F845340933DBB2C3F1200E90
:1085D000DA40203B0CFA0EFE2CFA03F342EA0E02BC
:1085E0001A43E36913448B4240F2DB800131A161FD
:1085F00090F845240239D0F82C3491401944B5F54F
:10860000007F72D3B5F5806FD0F81C32C0F0AB801C
:1086100009FA02F2A2EB08086A0A904528BF9046C0
:10862000994204D808EB01029A4200F2CB80D0F8BC
:10863000140243463246D0F800C0DCF828A0D047E8
:10864000002849D04FEA48284346A5EB0805226890
:10865000464461689B182269606941F100019A42B1
:108660008841C4E9003102D3002D97D164E094F829
:10867000332062F07F02C4E9043184F83320002DF6
:108680008CD159E090F845240239C8F3080A4FEA22
:1086900058289140D0F82C3441441944BAF1000FC5
:1086A000ADD0012200F5047003F038FFA0B1CAF587
:1086B000007850443146A84528BFA846C2444246E7
:1086C00006F0B0F9BAF5007FBED1206A00F504705B
:1086D00003F0FAFE0028B7D194F83230002043F0BE
:1086E000010384F83230BDE8F88F22682769636996
:1086F000BA42626872EB030333D2012200F50470C0
:1087000003F00CFF0028E7D02A46314606F08AF92C
:1087100020696269D4E90031EB1841F10001984207
:108720008A41C4E9003107D294F8332062F07F0215
:10873000C4E9043184F83320D4E9020298428A4122
:1087400050D32D4B1B682BB194F8333063F07F036B
:1087500084F833305846BDE8F88FE16949B3A16128
:1087600046E70522CAE7994206D1002380F8103275
:108770004FF0FF33C0F81C32D0F8140232460368C1
:108780005B6A98470028A7D04FF40073A5F50075E1
:1087900098465CE704F1180200F05CF900289BDBC6
:1087A00004D12046FFF706FD002895D0A169206A74
:1087B0001EE72046FFF7FEFC00288DD0A169206A45
:1087C000E16115E7002380F810324FF0FF33C0F865
:1087D0001C322CE7D0E90423FFF7F2F900287FF4DC
:1087E000D4AE79E794F833205846C4E9023162F0F8
:1087F0007F0384F83330AEE79CA300202DE9F041DD
:1088000015460C4601F11E08AB89284634F8026F64
:108810001BB9D5E901239A420ED003F0B7FE03F04D
:1088200027FF0746304603F023FF874209D144451E
:10883000EAD10120BDE8F081B6FA86F04009BDE832
:10884000F0810020BDE8F08170B500230E460A6873
:108850004FF6FF7519461C46B3813361726015E00F
:1088600003F094FEA84220D003F002FF3269E30334
:10887000B189013203EB5403326153FA80F3C3F33D
:108880004E0404EBC33404EB1024A4B23046002998
:10889000E6D1D6E901239A42E2D13069B4820138A7
:1088A000FE288CBF0020012070BD002070BD00BFDD
:1088B0002DE9F84F8A4680469146002940D08F1E08
:1088C000D8F83034BB4241D907F007030125C7F37C
:1088D000C80B9D403E463C46D8F82C14002240462A
:1088E00001EB143103F01AFEE8B10BF1FF3C8444B4
:1088F00000F2FF101CF8011F0AE04A452AD0A742E7
:1089000010D0D8F83024A24214D913F0FF050CD0AF
:10891000013429424FEA4503A4EB0602EDD0A742F9
:108920002646EED10120BDE8F88F84454FF00105C1
:10893000E0D101E00026344601254FF0000BCBE7E3
:10894000D0F82074D8F83034BB42BDD800270125B8
:10895000BB46BFE7BAF1000F04D1B9F1010F08BF60
:10896000C8F82064B01CBDE8F88F00BF2DE9F041C5
:1089700014468A1ED0F8305482B01119A9423BD84F
:10898000D0F82064002B3BD1B24238BFC0F820247D
:1089900002F007011D4601230646C2F3C8078B40BB
:1089A000D0F82C1401EB12310122304601930091D2
:1089B00003F0B4FD00B3009900EB070E00F500785A
:1089C000019B01319EF800C05A001CEA030F8CEA9B
:1089D000030C14BF01200020A8420DD0013C8EF8EA
:1089E00000C017D012F0FF03ECD10EF1010E1F46AC
:1089F0000123F045E6D1D7E7002002B0BDE8F081C1
:108A0000B242C5D8B142C3D9A94228BF0021C0F89B
:108A10002014BDE7012002B0BDE8F08138B50C4656
:108A20000B6890F845C400F50470D0F82812023B9A
:108A3000656803FA0CF3294003EB5123D0F81C12AC
:108A4000194403F06BFD18B16368C3F308031844BD
:108A500038BD00BFD0F8303401338B4202D24FF022
:108A6000FF3070470B46D0F8241400F5047001EB7A
:108A7000D31110B582B014460022019303F04EFDCD
:108A800050B1019B9900C1F3080143585A1C07D00B
:108A90000120236002B010BD4FF0FF3002B010BDC6
:108AA0000020F7E74B6870B5D0F838441C401344F9
:108AB0004B60144490F845340933DBB2DC4012D0EB
:108AC00006460D46013C02E02A60013C0BD32968B2
:108AD0002B7A4A1C002BF7D12A463046FFF7BAFF03
:108AE0000128F2D070BD012070BD00BF012904D95A
:108AF000D0F8303401338B4201D2002070470B464E
:108B0000D0F8241400F5047001EBD31110B582B035
:108B100014460122019303F001FD024638B1019B86
:108B200001209900C1F30801545002B010BD00208B
:108B300002B010BD2DE9F04F05460C4683B04FF052
:108B40000008D5F830340F4601339C423DD8D5F8A3
:108B50002414002205F504704FEAD41B01EBD41154
:108B600003F0DCFC88B3A300C3F30803C258511C14
:108B70002FD0012C29D916464FF0010AD5F8302400
:108B80000132944221D8D5F82414012205F504704D
:108B90000193594403F0C2FCB8B1019B40F8038033
:108BA000BAF1000F1AD0631CB34208D0E21B0023B5
:108BB000394628460132FFF7D9FE30B13746D5F89D
:108BC0003034344601339C42C1D9002003B0BDE8A3
:108BD000F08F012CF9D94FF0000ACFE7E21B534682
:108BE000394628460132FFF7C1FE0028EDD003B018
:108BF000BDE8F08F70B5002304464FF0FF301546F6
:108C000082B01A46C4F840146160E060C4F81412DF
:108C10001946C4F81C0204F5047084F84434237027
:108C200084F8103203F07AFC042D0DD8034658B1B5
:108C3000BDB1013D00EB051595F8BE2112F07F0294
:108C400002D195F8C23113B9002002B070BDD5F839
:108C5000C65104F50470294603F060FC0346002861
:108C6000F2D005221B49D81C019308F025FD0028ED
:108C7000EAD1019B93F86C20092AE5D11A6D0146CF
:108C80002A44C4F824245A6DC4F828249A6D2A442E
:108C90000125C4F82C24DA6DC4F830241A6EC4F807
:108CA000342493F86D20C4F82004204602F109030F
:108CB00084F8452405FA03F35A1EC4F83C34C4F87A
:108CC00038242A46FFF7F4FD4023284684F844342C
:108CD000BBE700BF2C1F0020F8B5D0F830340546A4
:108CE000D0F8344401339C4207D9002695F8450456
:108CF0000930C0B206FA00F0F8BD002600F504778E
:108D0000D5F8241400223846013601EBD41103F0C3
:108D100005FCA4000028E8D0C4F308040459631C2F
:108D2000E4D0D5F830340133A342DED3E8E700BF06
:108D3000024630B552F8101F83B004468068019196
:108D400001F060F960B10199A37859B1013103F0E4
:108D5000BF0225698D4218BF134663F07F03A370DD
:108D600003B030BD43F04003F7E700BFF8B5047827
:108D700014F0200404D11A4B054642699A4202D3EA
:108D800000263046F8BDFFF7D3FF06460028F7D08F
:108D9000A86803798279CBB12F694369023F974074
:108DA0001F4407E008F044FC0134A868E3B20279EC
:108DB0009A420AD905223919283003F0AFFB4FF443
:108DC000007200210028EDD1DAE782794FF40073B8
:108DD00069693046934011FA83F36B61F8BD00BFB7
:108DE00000FE1F0090F800C0BCF1000F01D0002071
:108DF000704710B582B00C4624226146019008F0FD
:108E000017FC019B9C60E279102A06D0202A0BD027
:108E10000C2A02D0002002B010BD202101221970BE
:108E200010469A7002B010BD4021F7E72DE9F04FCF
:108E3000837883B00446DE0740F19680914602783D
:108E40000F46150700F19980900608D5A368598947
:108E50006369C3EB41139BB2994528BF9946B9F1A9
:108E6000000F7DD0636912F020004D464FF00008DE
:108E7000A668C3F3080B3FD0326A02EB5321BBF163
:108E8000000F57D1B5F5007F54D3736B8B4251D08F
:108E9000B5F5806FC0F0A28022784FEA552B92067C
:108EA00005D43279A2EB0802934528BF93468B4242
:108EB0000BD30BEB0102934207D206F1280001917C
:108EC00003F002FB019900284ED0F06A5B463A4657
:108ED00006687669B047002846D04FEA4B2663699A
:108EE000AD1B334463613BD022783744C3F3080B96
:108EF000A66812F02000BFD196F8058008EA532832
:108F0000BBF1000F40D1B8F1000F3DD1002B43D190
:108F100051064FF000084CBF336A236AB5F5007F55
:108F20002361A3F10203B179726903FA01F303EB40
:108F30000201AAD2002206F1280003F0EFFA98B14C
:108F4000CBF5007600EB0B013846AE4228BF2E462B
:108F5000324605F067FD6369AD1B33446361C3D1DD
:108F6000484603B0BDE8F08F63784FF0FF3043F020
:108F70000203637003B0BDE8F08FC36941695B1AF7
:108F8000994528BF99466AE72169B2797369023920
:108F900043449140194472E7120721690CD5A37824
:108FA0005B0609D54B1C013980462361B379726990
:108FB00001FA03F3991865E704F11002304600F056
:108FC000FFFE0028D0DB13D0A6684FF0000823690D
:108FD000B279023B93407269991853E7F06A3A46B6
:108FE00003681B6998470028BED04FF4007676E7E7
:108FF000237813F0700FB7D0A9EB05094846B0E706
:1090000070B582B0012204460DF10701D0E9046574
:10901000FFF70CFF01280CBF9DF807004FF0FF3051
:10902000C4E9046502B070BD436913F4F07F10B564
:10903000044684B00BD0012909D103F1200242611A
:10904000A06803F4F0733830184404B010BD012256
:109050000DF10F0120460193FFF7E8FE019B40B29E
:10906000012803D162691F326261E9E70020ECE761
:109070002DE9F0410269044603781746002B38D0E9
:109080000E464169B1423ED0002E36D0180729D590
:10909000E269B2422DD3D4F808C0751EA2789CF8BC
:1090A000060012F0400F00F10900C0B225FA00F5E9
:1090B0002CD14A1EC24009B195422BD25B064CBF4F
:1090C000DCF82030236A236106E02169013DA068B5
:1090D00000F076FE00280CDD04F11002002DF4D122
:1090E000A2780CE09A06D6D5A3685B89B6EB431F3D
:1090F000F6D900202761BDE8F0818278066122F070
:1091000020026661A2700120BDE8F081236A2B4431
:109110002361F4E7AD1ADFE7F0B50E4683B01546DC
:1091200000212422044601939DF8207008F080FA63
:10913000B068326AA58005F00F05C4E9020200F1AB
:10914000380202EB4512D17A0B072DD401F017013A
:10915000019B2170D57A15F0180F02D141F008015A
:10916000217003F00301E770012923D0022938D0D0
:10917000D1B95F0518D403F0080141F00101A170D5
:10918000416B908AA161518B41EA00412162D26911
:10919000E2615F0402D4012003B0F0BDE169204622
:1091A000FFF766FF0028F6D1002318462370A3704E
:1091B00003B0F0BD02252178CE06F5D4C907F3D45B
:1091C00003F008010D43A570416B968AA161518B94
:1091D00041EA06415E05D9D529B965F07F05A5703C
:1091E000D7E70325E7E7019300F050FF0028DBD025
:1091F000A578019BF1E700BF0378002B5CD030B568
:1092000090F9023085B00446002B0EDBA36803F111
:1092100028001D4603F058F900283ED1637800204D
:1092200043F00103637005B030BD80680122A1697D
:10923000283003F073F90028F0D0A38803F00F035F
:109240005A0100EB4313825CE52AE7D0227812072B
:1092500001D5E269DA61226A1848110C5A8305685F
:10926000998275B10DF10B020DF10E0103A8019366
:10927000A847019BBDF80C20BDF80E101A835A8236
:10928000D982A37803F07F03A370A36803F12800B9
:109290001D4603F019F90028C0D005F50E7003F043
:1092A00013F90028BAD0286803681B6A9847002879
:1092B000B4D0012005B030BD012070479CA3002030
:1092C00010B50446FFF798FF00232370A37010BD6C
:1092D0002DE9F041002594B00E460178ADF83850E4
:1092E000CDE90125002935D1317811F0700F31D049
:1092F00098461378044615462F2B2DD000271CE0E6
:10930000019D2D78002D40D000F062FBA6460DF1A6
:10931000080CF8B102AEBEE80F00ACE80F00BEE8E2
:109320000F00DEF80050ACE80F002046CCF80050EB
:10933000FFF762FF019D2770A770294601AB0BAABA
:10934000204600F08BFC054600230BAA3146204640
:10935000002DD5D100201CE00135019529782F2959
:10936000FAD0B6682422B9B9204608F061F9A6609F
:10937000F379102B03D0202B22D00C2BEAD1202202
:10938000012322701846A37003E043460BAA00F0A5
:109390001FFB14B0BDE8F081002102A808F048F9D5
:1093A0000496F379102B03D0202B0BD00C2BD1D1AA
:1093B00020238DF80830012302AE8DF80A309DE796
:1093C0004022DDE74023F4E719B101F58961FFF799
:1093D0007FBF0846704700BF2DE9F04783780446F9
:1093E0009D0740F1A58017461A070E4600F1D08070
:1093F0006269D31980F09C80002F77D03D46A06829
:10940000C2F30809216990F8058018EA522838D17A
:10941000B9F1000F35D1002974D0A3785B0677D558
:10942000E369934274D90131216102398279436938
:1094300091401944B5F5007F43D3B5F5806F436B78
:109440007DD30279A2EB08086A0A904528BF9046AE
:10945000994240F29180C06A43463246D0F800C03B
:10946000DCF82890C847002862D0A5EB48254FEAD1
:1094700048286169464408EB01026261002DBED1B3
:1094800034E0023982794369914019444144B9F189
:10949000000FCFD00122283003F040F8002847D039
:1094A000C9F5007848443146A84528BFA846C144BC
:1094B000424605F0B7FAB9F5007F33D0A5EB0805B1
:1094C000D7E76269E3699A4220D2A37813F0200FAC
:1094D00014BF05220122283003F020F840B32A46A9
:1094E000314605F09FFA62692A446261E36993425A
:1094F0005BD3314B1B681BB1A37863F07F03A37070
:1095000038461AE0216A71B321618EE70522E2E74D
:1095100004F1100200F054FC002809DB3FD0A068E1
:10952000216982E7A068283002F0CEFF0028C5D16B
:109530006378002043F001036370BDE8F08799422F
:1095400005D1002380F828304FF0FF334363C06A11
:10955000324603685B6A98470028E9D0A5F5007594
:109560004FF4007885E72046FFF7E2FB0028DFD0C4
:109570002169A068216258E708EB01029A427FF650
:109580006AAF002380F828304FF0FF33436362E76F
:10959000C169FFF76DFD00287FF42AAFC8E72046B8
:1095A000FFF7C6FB0028BAD1C2E7A3783846E261CC
:1095B00063F07F03A370C0E79CA300202DE9F04F68
:1095C00007468DB01446064689469C4603AD4FF0CB
:1095D000000E0FCF0FC50FCF0FC53B68A4F80CE0EE
:1095E0002B6023686360BCF1000F45D04FF0010A87
:1095F000CDF804C0A9EB0A0103A889B24901FFF71D
:1096000037FD70B3002103A8FFF70EFD804640B37D
:109610004FF0000B10E002F0B9FF074628460BF1AF
:10962000010B03F025F80546384603F021F8854282
:1096300017D1BBF10D0F18D05FFA8BF241463046BF
:1096400000F086FBA38905462046002BE3D1D4E930
:1096500001239A42DFD1B5FA85F040090DB0BDE88B
:10966000F08F00200DB0BDE8F08F0AF1010A019BD8
:109670005FFA8AFA5345BDD20120EFE72DE9F04F9A
:1096800007468BB015468A4699460DF1040C02F147
:10969000150402F120064FF000080FCFACE80F00D0
:1096A0000FCFACE80F003B68CCF800304FEAC8138E
:1096B00014F8012F03EB5803B44213445FFA83F804
:1096C000F4D12B6800276B60AF81B9F1000F56D041
:1096D0000126AAEB060101A889B24901FFF7C8FCDF
:1096E00000284DD0002101A8FFF79EFC002847D09C
:1096F000039AB14500F1010B92F8283043F00103C1
:1097000082F828300CBF49F040023246002380F82E
:109710000D8002701C460F224383A0F80B20A889FD
:1097200018B9D5E901239A420ED0284602F02EFF3F
:10973000042C10D82BF8020B0134A8890028F4D18E
:10974000D5E901239A42F0D1EFB10137042C4FF64D
:10975000FF70FFB2EED90A2C05D8ABF80300013434
:109760000BF1020BDBE70C2CABF8050003D00BF17F
:10977000020B0C24D3E70136F6B2B145A9D2012081
:109780000BB0BDE8F08F0127D2E700BF02464FF0D3
:10979000203152F8163B2DE9F04FC0F816108468BE
:1097A0005160C2F807101D782E2D03D113F8012F38
:1097B0002E2AFBD0611E99420BD90A4602E0934241
:1097C00000F0868092F800C01146013ABCF12E0FDD
:1097D000F5D19C4279D94FF0000AB5F12E0C4FF02B
:1097E00007074FF0080818BF4FF0010CD646D346C4
:1097F00007E001330A274FF0080E4FF010089C4293
:1098000053D91A782E2A08BF8B420CBF0126002696
:10981000EFD0222A37D07C2A35D0A2F15B09B9F1EA
:10982000020F30D9A2F12A09B9F1050F8CBF00252A
:1098300001252D2A08BF00252DBBA2F13A09B9F157
:10984000050F20D9A2F12109B9F15D0F51D8774553
:1098500043D28B4294BF4FF0000C4FF0010C0A2F03
:1098600008BF4CF0010CBCF1000F33D0837D202BDE
:109870002BD0037D012143F27E1203444175DA822D
:109880000120BDE8F08F7745E3D35F220EF1010C94
:10989000864401338EF816205FFA8CF2B446062A0D
:1098A000964698BF02759C42ABD8837D202B0CD086
:1098B000BCF1000FDDD00BEA0A03DBB2002B18BFAE
:1098C0004FF0020A80F815A0DAE70020BDE8F08F1B
:1098D00019467EE70B46072791E7A2F16106192E8C
:1098E0000ED8203A4AEA08056646D2B25FFA85FAEF
:1098F000CCE702F0C002802AC5D10133AC467EE736
:10990000A2F14106192E664698BF4BEA080BBDE747
:109910002DE9F04F01F11A0983B004466225CDF814
:10992000049001F11B0A0F7D4FF07E0801F116062D
:109930004FF000098B46254B032F1B6828BF0327D8
:109940004B440AEB07011FFA83F9019B03EB070C59
:10995000ACF1030C09F00F034FEA1919092B03F1BD
:10996000370298BF03F1300201F8012D8C45F1D187
:109970000BEB07030021204683F81680FFF778FBE6
:1099800001212046FFF750FB03460B2230461946C3
:109990008BB193F800C0BCF1000F13D0DB7A1B072A
:1099A000EED407F071FD0028EAD1013D15F0FF0566
:1099B000C1D1284603E06078B0FA80F0400903B0D6
:1099C000BDE8F08F012003B0BDE8F08F48CA002049
:1099D0002DE9F04F0C788DB014F0700F55D004784D
:1099E000002C52D18C689A4D089414690C34A5FB54
:1099F0000454C4F38705547DA407059500F0E48062
:109A000005F101085FFA88F80E464FF0000B144686
:109A10000990002130460793DA4604925F46FFF72B
:109A200027FBD94604F116035C46CDF818B0039322
:109A3000756900213046FFF7F7FAC5F34F15034665
:109A400000B30278E52A24D01AB3A04588BF0024C9
:109A50002E2A32D0C17A0F2933D011F008012CD12F
:109A6000002F40F0D5800B22039907F00DFD002850
:109A7000DED1049B5B7D13F0010300F0E180012344
:109A80000693D5E77378002B36D000200DB0BDE8E3
:109A9000F08F631C002C08BFA946DBB2A04588BF2D
:109AA0001C464AB30027C3E70AF1FF3A5FFA8AFA75
:109AB000524502D1437B5B4510D0B2FA82F77F0951
:109AC000B6E7002FF0D102F01F0A05995145AFD13A
:109AD00012F04007ACD090F80DB00F46BAF1010F6C
:109AE000A6D1691C3B46049A304689B2FFF766FD51
:109AF000002808BF00279BE7079B9A05C5D503F000
:109B00000303013B012BC0D8002C60D1A946B8F15A
:109B1000000F62D1069B2BB104993046FFF7F8FE87
:109B20000028B2D008F1FF38049A30465FFA88F373
:109B300003EB09051F46ADB22946FFF79FFD00283C
:109B4000A3D069013046FFF793FA00289DD0002189
:109B50003046FFF769FA0446002896D020220021FB
:109B600007F066FD0499D1F81620D1F81A3022606A
:109B7000636091F82030CA8BA37222814B7D03F081
:109B800018032373334B1B68002B5BD00DF12B02A2
:109B90000DF12E010BA89847BDF82C302382BDF89B
:109BA0002E30E3819DF82B306373089A92F82830A9
:109BB00043F0010382F82830079B2A463146099872
:109BC0000097FFF7A9FA61E74FF001081CE7A045ED
:109BD00003D89FE7DCB2A0459CD900213046FFF7AF
:109BE00023FA631C0028F5D17378002B7FF44DAF66
:109BF000A0458FD9089D05E02B7904EB0314E4B24E
:109C0000A04587D93046FFF7B1F80028F4D13CE7EA
:109C1000BAF1010F7FF439AF013803F10A02CB0129
:109C200003EB510310F8011F0B448242D9B2F6D165
:109C30008B457FF42AAF079B19053FF526AFBBE79D
:109C40001F46F8E745F621432383034B2361ACE726
:109C50004FECC44E9CA30020215C215CF0B515465E
:109C60000A781F4683B0202A0B4603D113F8012F30
:109C7000202AFBD02B601A78002A34D02F2A32D029
:109C80000024234E06E002342C61AB601A7852B3F4
:109C90002F2A28D0191D184601AA02F09FFC03465E
:109CA00098B1019AB2F5803FEDD27F2A04F1010408
:109CB000EAD8D0B21F2808D9A0F12201C9B21D29C3
:109CC00006D826FA01F1C90706D5002003B0F0BD79
:109CD00000F0DF005C28F8D02E2AD7D0202AD3D17C
:109CE0001A78002AD4D12A69013AFE2AEDD81A78C6
:109CF000202A03D113F8012F202AFBD02F2AF9D0D4
:109D000028463B6003B0BDE8F040FFF73FBD00BF11
:109D1000012100352DE9F843DDF82090A2B10C4671
:109D200098460546571801E0BC420DD02B684946BD
:109D300020465E6AC0472146024628460134B047A5
:109D40000028F1D1BDE8F8830120BDE8F88300BF09
:109D5000042A04D801EB4201B1F8010070470A2A35
:109D600003D801EB4201888870470C2A03D801EB25
:109D70004201C88870470020704700BF2DE9F843B2
:109D8000DDE90898BBB10C46164605465F1803E0AE
:109D90000134C847BC420ED02B68324621462846C3
:109DA0001B6998470346424631462046002BEFD1B7
:109DB0001846BDE8F88301231846BDE8F88300BFC4
:109DC000012941D9C3698B423ED30B46F0B5C17915
:109DD00083B01646044620294CD0102966D00C29A1
:109DE00044D1C3F34E028169019312FA83F295B212
:109DF000C2F346221144027A00F50E70A2F102026B
:109E000000910746B2FA82F25209520002F086FB34
:109E100060B3C5F3080202F1010C835CBCF5007F5E
:109E20001D46DDE9001312D060440278DB0745EAE5
:109E300002224CBF1309C2F30B03E269934232D8EA
:109E40000120336003B0F0BD4FF0FF307047227A3D
:109E5000013138460093A2F10202B2FA82F25209AD
:109E6000520002F05BFB009B0028DED14FF0FF3078
:109E700003B0F0BD027A816900F50E70A2F1020212
:109E8000009301EBD311B2FA82F25209520002F0B0
:109E900045FB0028EAD0009BE269990001F4FE71BD
:109EA00043589342CCD9002003B0F0BD027AC3F3EB
:109EB00007218069A2F102020093014404F50E70AB
:109EC000B2FA82F25209520002F028FB0028CDD0EB
:109ED000009B590001F4FF71435AAEE701293CD9B8
:109EE000C3698B4239D30B46F0B5C17983B01646AE
:109EF0000446202936D010294BD00C292FD1C3F38A
:109F00004E028169019312FA83F295B2C2F346229E
:109F10001144027A00F50E70022A009107460CBF28
:109F20000322012202F0FAFAC8B1019BC5F308022C
:109F300040F2FF1C009913F0010302F1010E3ED123
:109F4000624586544AD0C6F307127044037823F062
:109F50000F0343EA1212027018E00020704700203D
:109F600003B0F0BD027A816900F50E70022A0093F9
:109F700001EBD3110CBF0322012202F0CFFA00281B
:109F8000EDD0009B990001F4FE714650012003B012
:109F9000F0BD8269C3F3072100F50E7000931144F0
:109FA000227A022A0CBF0322012202F0B7FA00280B
:109FB000D5D0009B590001F4FF714652E6E710F836
:109FC00002C0BEF5007F0CF00F0C4CEA061C00F836
:109FD00002C003D0320970440270D7E7227A0131FF
:109FE00038460093022A0CBF0322012202F096FA9F
:109FF0000028B4D0009BC6F30712002BA6D0027035
:10A00000C4E700BF2DE9F041C46882B005460E46A2
:10A010008C4290462CD20C4600270134EB6901AAF1
:10A020002846A34205D267BBEC6801273C44A34203
:10A0300027D3A642214624D0FFF7C2FE431C20D0DE
:10A040000028EAD0019B002BE7D107B1EC606FF04C
:10A05000704221462846FFF741FF074688B14EB9B6
:10A060006B6A002B01DB013B6B62C8F8004009E022
:10A070000127D2E7314622462846FFF72FFF002866
:10A08000EED10027384602B0BDE8F08170B5054634
:10A0900082B00C460FE0FFF721FF621EB0B16B6A81
:10A0A000002B03F10103A8BF6B62EB68A342019C84
:10A0B00088BFEA605EB101AA21462846FFF780FE0C
:10A0C000064600222146731C2846E4D1002002B037
:10A0D00070BD00BF30B503464FF0010C00201446A0
:10A0E0004FF0FF3283B01960D871C3F80CC0D96249
:10A0F00083F82800C3F83C125A6383F83802C3F887
:10A10000442204B3042C02D9002003B030BD02461F
:10A11000014603F1280003F12805019302F0FEF93E
:10A120000028F1D06FF0704200F5DF70A218140122
:10A1300000EB021211790029E6D0015D4B06E3D154
:10A140009468019B01E003F128050022214628467E
:10A15000019302F0E3F90028D6D0B0F80B20B2F555
:10A16000007FD1D1027C019B511E1A720129CBD8EC
:10A1700090F80DE00EF1FF32BEF1010F83F804E01C
:10A180005A7151D04FF0010C624652000CF101019E
:10A19000D2B2964507D05FFA81FCBCF1090FF4D129
:10A1A00008229A71B0E7654683F806C0B0F816C079
:10A1B000C3F810C0BCF1000F03D1D0F824C0C3F81D
:10A1C00010C0C189B0F8112021445A81520199610F
:10A1D00090F810E002F2FF120CFB0E1101EB52227C
:10A1E0001962B0F813105A6101B9016AA41A621811
:10A1F000EA40511CD9614FF0FF31596240F6F471C9
:10A200008A420DD94FF6F4718A420BD9C16A2022D5
:10A2100019620120DA71C3F830C0C3F840C274E794
:10A220000C22F6E71022F4E7002215469A71BDE7EA
:10A23000884230B5044683B020D0806B0D4618B1FB
:10A24000FFF73EF8002841D1E06B18B1FDF76EFB37
:10A25000002841D1AB6BA3B12146242000F0A6F821
:10A26000002384460360A063AD6B0FCDACE80F0004
:10A270000FCDACE80F002B68CCF80030204603B0BF
:10A2800030BDEA6B002AF9D021463820019300F056
:10A290008DF8019B0363E063EB6B03F13002D3F8AD
:10A2A00000E0103353F80CCC103053F8085C53F82E
:10A2B000041C934240F810EC40F80CCC40F8085CC9
:10A2C00040F8041CEBD11B680360D7E70023A363AD
:10A2D000AB6B002BC0D1D4E70023E363AB6B002B47
:10A2E000BAD1CEE710B50446806B10B1FEF7E8FF97
:10A2F00028B9E06B10B1FDF719FB20B910BD0023A0
:10A30000A363012010BD0023E363FAE700294BD0CB
:10A31000F0B50446806B83B01F4616460D4610B15B
:10A32000FEF7CEFF78BBE06B18B1FDF7FFFA00280F
:10A3300030D1D5F880348BB12146242000F036F896
:10A3400000213B4632460160A063D5F88014FFF738
:10A350003BF830BBA063002003B0F0BDD5F88424E7
:10A36000002AF8D021463820019300F01FF8019B05
:10A37000324603633B46D5F88414E063FDF712FFD1
:10A3800078B9E063E7E70023A363D5F88034002BB6
:10A39000D2D1E3E70023E363D5F88034002BCBD19F
:10A3A000DCE7012003B0F0BD00207047084670478D
:10A3B0002DE9F041002604461F46C0F88814C0F875
:10A3C000806401464FF490609046FFF7EFFF3A46F5
:10A3D000C0F844640546C0F87864C4F88404D4F82E
:10A3E0008814FEF707FC88BB06462146C4F884049F
:10A3F00040F26C40FFF7DAFF4FF40073C0F8486496
:10A400003A46A0F807300546D4F88814C4F880040A
:10A41000FFF760FE28B91A4AC4F880041060BDE84E
:10A42000F08105F58960FEF74BFF294605F5896047
:10A43000FEF7D8FC0028EED0124B1A68AAB91D60AE
:10A440000F4BB8F1000F14D01C6015E005F58960C2
:10A45000FDF76CFA294605F58960FDF771FA0028C9
:10A46000C2D0094B1A68002AE9D0054BB8F1000F99
:10A47000EAD11A68002AE7D00120BDE8F08100BFC8
:10A48000F4C30020F8C30020A0A3002010B50446A8
:10A490000020DFF820C04FF47A7E60602073C4F89B
:10A4A00008E0C4E91200204640F810CBFFF72EFF69
:10A4B000204610BD742400204FF0FF30704700BFCD
:10A4C000407C7047007D7047407D70470120704799
:10A4D000007F70472DE9F0411F46C37C06460D46BC
:10A4E000022B144623D03368294630461B6E98470A
:10A4F00078B1B5617FB1002501E0AF420BD0336880
:10A50000214630460135DB6D04F50074984700287C
:10A51000F3D1BDE8F081B369307F3B44B3610028DB
:10A52000F7D1336830465B6EBDE8F0411847836968
:10A530008B42D8D1DEE700BF2DE9F0471F46C37C30
:10A5400005469146022B0C46089E27D02B682146D3
:10A5500028461B6E984798B1AC61B9F1000F11D035
:10A5600004EB090801E0A0450CD031462046B8476D
:10A570002B6801462846DB6D013498470028F2D14C
:10A58000BDE8F087AB69287F4B44AB610028F7D169
:10A590002B6828465B6EBDE8F047184783698B42FD
:10A5A000D4D1DAE7704700BF043001F05FBF00BFCD
:10A5B00000B583B02021019004F0CEFA019803B0D9
:10A5C00000BD00BFF0B5204E83B00746346804F5E7
:10A5D000167403E03368E31A1B0410D4381D01F02D
:10A5E00049FFFF28F6D10190FD21381D01F05CFFE5
:10A5F000BA7CD2B900230120FB7403B0F0BD1E2247
:10A60000BB7C7A7413B9002003B0F0BD0121387C03
:10A6100001F06EFEFF21381D01F046FF381D01F0EC
:10A62000FDFE00230020BB74EEE70121387C01F021
:10A630005FFE0199381D01F037FF381D01F0EEFE75
:10A640000023BB74D6E700BF48CA0020C37C012B9F
:10A650003BD0827C30B5044683B04AB1043001F06F
:10A6600009FFB0F1FF0318BF0123184603B030BD46
:10A670000430009201F0C8FE0099207C01F038FE01
:10A68000FF21201D01F010FF0121201DA17401F008
:10A69000F1FEB0F1FF03A07C4FF0010118BF0123D0
:10A6A000009A0028E1D0207CCDE9003201F020FEA4
:10A6B000FF21201D01F0F8FE201D01F0AFFE009BE0
:10A6C000019A1846A27403B030BD002318467047A3
:10A6D0002DE9F8431F4F0446884691463D6805F52D
:10A6E000967503E03B68EB1A1B040ED4201D01F0A5
:10A6F000C1FEFF282075F5D0FE2819D01822A37CB2
:10A7000062743BB90020BDE8F8831D22A37C62740B
:10A71000002BF7D00121207C01F0EAFDFF21201D54
:10A7200001F0C2FE201D01F079FE0023A374E9E7C9
:10A730004A464146201D01F0A9FE207538B9201D6A
:10A7400001F098FE201D01F095FE0120DBE7252297
:10A75000D5E700BF48CA002030B50025044683B0C5
:10A760000C212A46C57400F063F8A27C90B912B996
:10A77000012003B030BD01210190207C01F0B8FD23
:10A78000FF21201D01F090FE201D01F047FE019BDE
:10A79000A374EDE70923637412B9002003B030BD40
:10A7A0000121207C01F0A4FD201DFF21019001F07A
:10A7B0007BFE019801F032FEA574EEE7C37C022B0C
:10A7C00003D0012B04D00120704703685B6E18474B
:10A7D000FFF7C2BF02680346DFF850C010B50C4651
:10A7E000116A82B0614513D190F813C0BCF1020F19
:10A7F00006D0BCF1010F11D001201C7702B010BDB2
:10A80000526E01909047019B0028F5D102B010BD17
:10A8100001908847019B0028F8D0EDE70190FFF7F1
:10A820009BFF019B0028F1D0E6E700BF91BB010030
:10A830002DE9F041036882B00F4634490192064683
:10A840001A6A8A425DD1C27C022A43D0012A5AD0B8
:10A85000B47C351D002C43D00C2F10D0DFF8B08015
:10A86000D8F8004004F5967404E0D8F80030E31AF4
:10A870001A0443D4284601F0FDFDFF28F5D10DF15F
:10A88000040802AC47F04001284601F00DFE14F820
:10A89000011D284601F008FEA045F8D1002F2846EA
:10A8A0004FF00A0414BF8721952101F0FDFD2846D1
:10A8B00001F0E0FD2846013C01F0DCFD0306A4B2F6
:10A8C000307502D402B0BDE8F081002CF2D102B0A4
:10A8D000BDE8F0815B6E98470028B9D1FF20F1E711
:10A8E000284601F091FD2146307C01F001FDFF2159
:10A8F000284601F0D9FD0123B374ADE7002FBED087
:10A90000ECE79047E8E7FFF727FFE5E791BB010099
:10A9100048CA0020F8B500220D463A210646FFF746
:10A9200087FFD8B92C1D371D384601F0A3FD04F868
:10A93000010DA542F8D1B37C0BB90120F8BD01216E
:10A94000307C01F0D5FCFF21384601F0ADFD3846E2
:10A9500001F064FD00230120B374EFE71222B37C01
:10A9600072740BB90020F8BD0121307C01F0C0FCED
:10A97000FF21301D01F098FD301D01F04FFD002337
:10A98000B374EFE770B5164682B000220446FFF7B5
:10A990004FFFA8B11B236374A37C1BB90023184687
:10A9A00002B070BD0121207C01F0A2FCFF21201D1E
:10A9B00001F07AFD201D01F031FD0023A374EDE7C5
:10A9C0000546102231462046FFF782FE0346002846
:10A9D000E2D0A27C002AE2D001900121207C01F08B
:10A9E00087FC201DFF21009001F05EFD009801F022
:10A9F00015FD019BA574184602B070BD0368254A79
:10AA0000DB6C934200B585B00FD16A460921FFF790
:10AA1000B9FF40B19DF800303F2B09D903F0C003C6
:10AA2000402B27D0002005B000BD69469847F0E7CD
:10AA30009DF806C09DF807009DF809100CF0030C66
:10AA40009DF80A308000C1F301019DF80520C3F391
:10AA5000C01340EA8C2002F00F029DF808C043EAC0
:10AA6000410340EA9C1042FA83F30130073B9840CF
:10AA700005B000BD9DF809009DF8073001309DF834
:10AA8000082003F03F0300EB034000EB02208002AC
:10AA900005B000BDFDC1010003680A46DFF860C0D3
:10AAA0009B6D634510B5044682B015D1407D0328E7
:10AAB0004FF01201204618BF5202FFF7B9FE20B92D
:10AAC00001231846E37402B010BD0C22A37C62740B
:10AAD00033B9002002B010BD01919847019AE6E712
:10AAE0000121207C01F004FC201DFF21019001F0D8
:10AAF000DBFC019801F092FC0023A374E9E700BF9E
:10AB00009DB80100F8B51F46C37C06460D46012BD3
:10AB1000144602D183698B4205D029463046FFF79F
:10AB2000BBFF80B1B5617FB1002501E0AF420BD022
:10AB300021464FF400723046013504F50074FFF7EA
:10AB4000C7FD0028F2D1F8BDB369307F3B44B36143
:10AB50000028F8D13046BDE8F840FFF7FDBD00BF42
:10AB60002DE9F0479A46C37C06461546012B0C4654
:10AB7000DDF82080099F02D183698B4205D02146F0
:10AB80003046FFF789FFB0B1B461BAF1000F15D0BC
:10AB900004EB0A0903E00134C047A1450ED04FF48D
:10ABA000007229463046FFF793FD03463A46294690
:10ABB0002046002BEFD10020BDE8F087B369307F3D
:10ABC0005344B3610028F7D13046BDE8F047FFF7A2
:10ABD000C3BD00BF30B5046883B0164B64699C42A6
:10ABE0001CD1C37C15460446012B02D183699942CE
:10ABF00006D020460191FFF74FFF019960B1A16196
:10AC00004FF4007229462046FFF762FD20B1A36988
:10AC1000207F0133A36138B103B030BD0123A446C6
:10AC200003B0BDE830406047204603B0BDE8304087
:10AC3000FFF792BDD9BE010003680A46DFF860C085
:10AC40009B6D634510B5044682B015D1407D032845
:10AC50004FF01901204618BF5202FFF7E9FD20B955
:10AC600002230120E37402B010BD0E22A37C6274A3
:10AC700033B9002002B010BD01919847019AE6E770
:10AC80000121207C01F034FB201DFF21019001F007
:10AC90000BFC019801F0C2FB0023A374E9E700BF9D
:10ACA0009DB8010003682DE9F041DB6C17463D4A71
:10ACB00084B004460E46934243D16A460921FFF709
:10ACC00061FE0546B5B19DF80A305A0619D5637D77
:10ACD000032B01D076027F02324620212046FFF767
:10ACE000A7FD28B93A4621212046FFF7A1FD60B310
:10ACF00026236374A37CB3B90025284604B0BDE8BD
:10AD0000F081C3F305029DF80B30C3F3C01343EA8F
:10AD100042037A1C5BB232431342D8D027236374B8
:10AD2000A37C002BE8D00121207C01F0E1FAFF2177
:10AD3000201D01F0B9FB201D01F070FB0023A3745E
:10AD4000DAE7694698470546BCE7024626212046D1
:10AD5000FFF76EFD0028CBD1134B42F210771B6832
:10AD60001F4404E0104B1B68FB1A1B0416D4201D63
:10AD700001F080FBFF280646F4D1A37C002BBCD059
:10AD80000121207C01F0B4FA3146201D01F08CFB3A
:10AD9000201D01F043FB0023A374AEE72823637456
:10ADA000A8E700BFFDC1010048CA002070B500221D
:10ADB00082B00E460A210446FFF73AFDA8B11B23D4
:10ADC0006374A37C1BB90023184602B070BD012137
:10ADD000207C01F08DFAFF21201D01F065FB201D74
:10ADE00001F01CFB0023A374EDE705461022314659
:10ADF0002046FFF76DFC03460028E2D0A27C002A23
:10AE0000E2D001900121207C01F072FA201DFF2187
:10AE1000009001F049FB009801F000FB019BA57434
:10AE2000184602B070BD00BF70B5002282B00E4659
:10AE300009210446FFF7FCFCA8B11B236374A37C23
:10AE40001BB90023184602B070BD0121207C01F01F
:10AE50004FFAFF21201D01F027FB201D01F0DEFA33
:10AE60000023A374EDE70546102231462046FFF784
:10AE70002FFC03460028E2D0A27C002AE2D00190F9
:10AE80000121207C01F034FA201DFF21009001F007
:10AE90000BFB009801F0C2FA019BA574184602B0A2
:10AEA00070BD00BF70B505461646043001F0FCFACF
:10AEB0004FF400723146281D01F000FBFF21281DD0
:10AEC00001F0F2FAFF21281D01F0EEFA281D01F031
:10AED000D1FA00F01F032875052B05D02022AB7C8A
:10AEE0006A741BB9002070BD012070BD0121287C4F
:10AEF00001F0FEF9FF21281D01F0D6FA281D01F00E
:10AF00008DFA00230020AB74EDE700BF2DE9F0417E
:10AF1000164D074688462C6804F5167403E02B6826
:10AF2000E31A1B040CD4381D01F0A4FAFF28F6D153
:10AF30004246FC213846FFF7B5FF18B1BDE8F08165
:10AF400024237B74BB7C13B90020BDE8F081012170
:10AF5000387C01F0CDF9FF21381D01F0A5FA381D2C
:10AF600001F05CFA00230020BB74EEE748CA002021
:10AF7000036870B59B6D16460A46234982B00446A5
:10AF80008B423DD1407D03284FF01801204618BF69
:10AF90005202FFF74DFC0546A8B10D236374A37C54
:10AFA0001BB90023184602B070BD0121207C01F0BE
:10AFB0009FF9FF21201D01F077FA201D01F02EFAE4
:10AFC0000023A374EDE73246FE212046FFF76AFF17
:10AFD00003460028E3D0A27C002AE3D0019001219F
:10AFE000207C01F085F9201DFF21009001F05CFA22
:10AFF000009801F013FA019BA574184602B070BDC9
:10B0000000929847009ABEE79DB8010090F81CC0D6
:10B01000BCF1000F09D0D0F800C0012300B5DCF866
:10B0200028E0F4465DF804EB6047FFF7A1BF00BFDE
:10B03000002070470020704700207047704700BF15
:10B04000084B0021084A9963D3F830C00748C2F87A
:10B0500000C012681A639A6C22F081029A6401702F
:10B06000704700BF00002C407CA30020A6CA00202F
:10B07000034B586A80F08070C0F30060704700BFD7
:10B0800000002C40014B1878704700BFA6CA002072
:10B090002D4A2E4B526AD3F800312D49C2F3C222F9
:10B0A00003F03F03013230B52A4C4FF47A75A4FB0C
:10B0B000034305FB00F09B08B1FBF3FEBEFBF2FE71
:10B0C000B0EB1E1F3CD2082101231D465B001A0174
:10B0D000BEFBF2F2824201D90139F6D12D02BEFB4C
:10B0E000F3F2904228D259004FF0010C00E05918B9
:10B0F000BEFBF1F282421CD90CF1010CBCF1100F25
:10B10000F5D14FF0F00C4FF47A73134A134803FB58
:10B1100001F1BEFBF1F10160D36A6FF3131343EA4F
:10B120000C032B4343F46023D362536A1B07FCD503
:10B1300030BD4FEA0C1CE6E719464FF0000CE2E781
:10B14000724600250123CCE700C00F4000800D406F
:10B1500000EC695EABAAAAAA00002C40A8A20020BD
:10B16000014B1878704700BF04930020014B18680A
:10B17000704700BF7CA30020DFF81CC000B58E46DE
:10B18000BCE80F00CEF800000120CEF80410CEF885
:10B190000820CEF80C3000BD20A30020DFF81CC032
:10B1A00000B58E46BCE80F00CEF800000120CEF8B6
:10B1B0000410CEF80820CEF80C3000BD30A30020DB
:10B1C000024B01201B680B60704700BF40A30020AA
:10B1D000704700BF00B583B00C21019003F0BCFCA8
:10B1E000019803B000BD00BF044B1B7823B1044B92
:10B1F00018780230C0B27047012070479DCA002005
:10B20000A1CA0020194B1A783F2A11D902F0C002B6
:10B21000402A01D000207047587ADA79197A013033
:10B2200002F03F0300EB034000EB01208002704777
:10B230009979D87993F809C001F003019A7A8000CE
:10B24000CCF3010CC2F3C01240EA8120597900B559
:10B2500093F808E042EA4C0301F00F0240EA9E1026
:10B2600042FA83F30130073B984000BD30A3002031
:10B27000424A0520424B434910B5D2F8004182B002
:10B2800044F08004C2F80041D2F8004124F03F04A9
:10B29000C2F80041D2F8004144F01804C2F800415D
:10B2A000D2F8004124F08004C2F80041D3F8802095
:10B2B000354C42F00C02C3F880205A6A22F46052E6
:10B2C0005A62DA6942F48032DA615A6A42F4006200
:10B2D0005A62C1F8CC01C1F8D001C1F8BC01C1F873
:10B2E000C001C1F8C401C1F8C801A26C274B42F0EB
:10B2F0000042A264E26A1343E362E36A13F08073DC
:10B30000FBD14FF4C8700193FFF7C2FE019B1D4AA9
:10B3100047F2B80141F2B800C2F8CC31C2F8D031DE
:10B32000C2F8BC31C2F8C031C2F8C431C2F8C83169
:10B33000C2F8BC13164BC2F8C013C2F8AC13C2F863
:10B34000B003C2F8B4131348C2F8B813124A6063CA
:10B35000C3F8F8214FF0E0234FF480420F496020FA
:10B3600081F86E00C3F80C21E36A074A43F00063DA
:10B37000E362D36A1B01FCD402B010BD00800D4013
:10B3800000C00F4000801F4000002C4000800001E2
:10B39000009400200B007F1115C4010000E400E0C0
:10B3A0002DE9F843DFF8848098F8003013B90120C4
:10B3B000BDE8F88303F082F8154D0746154C164E8C
:10B3C00004E003F07BF8C01BB04219D82B6B13EAE2
:10B3D0000409F6D00022114B88F800202A6B1A606D
:10B3E00019680F4A29631B681342E0D00D491F24D6
:10B3F0000D4B40F27A2200200C701A60BDE8F883F1
:10B400002A6B064B88F800901A601B682B63EDE7E7
:10B4100000002C4002007F1140420F007CA300205E
:10B4200000007F1104930020CCA20020A2CA0020BB
:10B430002DE9F0418846FFF7B3FF00283FD0224BAB
:10B4400004465A6AD1052AD51F4D204EAB6A43F4F3
:10B450008033AB6203F032F8074604E003F02EF8C5
:10B46000C01BB04224D86B6A5A05F7D508F13C0CD2
:10B4700008F50F7014494B6A5B05FCD5ACF140032D
:10B4800053F8042F63450A62FAD103F1400C844556
:10B49000F1D10F4B012220461A70BDE8F0819A6A63
:10B4A00022F480329A629A6A42F400329A62CBE7BE
:10B4B00008492120084B4FF47E7208701A6000245E
:10B4C0002046BDE8F08100BF00002C4040420F0044
:10B4D000A2CA002004930020CCA200202DE9F04154
:10B4E000074688461F4C02F0E9FF1F4D064604E060
:10B4F00002F0E4FF801BA84228D8636AD907F7D47A
:10B50000BB02C4F8088024D427F0FF07154C174D60
:10B51000E76002F0D3FF144E074604E002F0CEFFCE
:10B52000C01BB04212D8236B2B42F7D0226B104BBA
:10B530001A601A6822631A68D20707D51B6813F4C9
:10B54000702F0CBF01200020BDE8F0810020BDE875
:10B55000F081A26CFBB222F0FF02A264A26C134342
:10B56000A364D1E700002C4040420F0001000F000F
:10B570007CA30020134B10B50C4684B01968FFF76C
:10B58000ADFFE0B1104BA4461A69009259690191D0
:10B5900099690291D96901230CF80E2F039123F0C8
:10B5A000030203F0030101336A44C9000F2B126840
:10B5B00022FA01F20CF8012DF1D10023E37304B05B
:10B5C00010BD00BF44A3002000002C40037ADB071D
:10B5D00003D5174B1B68A3B11847164B1B783BB913
:10B5E000154B5B6A83F08073C3F3006318467047A2
:10B5F000114A124B126B1340B3FA83F35B091846DE
:10B6000070470F4B1B78002BF0D00E4A0E48116884
:10B6100000B583B00193FFF761FF019B28B1064B92
:10B620001B6983F48073C3F30023184603B000BD85
:10B6300078A30020A2CA002000002C4002007F1145
:10B640009CCA002044A3002000001A0D08B5044B3A
:10B6500004481968FFF742FF08B1034B186908BD99
:10B6600044A3002000001A0D00002C4008B5074B31
:10B6700007481968FFF732FF30B1064B186980F4AC
:10B680008070C0F3002008BD012008BD44A3002045
:10B6900000001A0D00002C402DE9F843244B894688
:10B6A000244D254C2B6002F009FFDFF8A8800746E7
:10B6B000224E06E002F002FFC01BB04223D804F085
:10B6C00055FC21681E48FFF709FF0028F2D0D8F882
:10B6D0001030DB05EED500234FF400722B60D8F854
:10B6E000283023F48033C8F82830164BC8F80420DB
:10B6F0001B78A3B149461448FFF7F0FE68B90E2243
:10B7000040F2574304E000210A2240F24B432960F3
:10B710000E4C00200E4922700B60BDE8F8834FEA02
:10B72000492909484946FFF7D9FE0028F5D1E6E73F
:10B7300041CA010078A3002044A3002040420F002A
:10B7400000001A0DA1CA002020003A19049300201D
:10B75000CCA2002000002C40F8B5214C002121484B
:10B76000A36A23F48033A362FFF7B8FE48B9092225
:10B7700040F23D231C4800251C4902700B602846FE
:10B78000F8BD1B4B05461B4A136002F097FE636A27
:10B790000646D80112D4184F04E004F0E7FB636AB0
:10B7A000D9010BD402F08AFE831BBB42F5D90021DC
:10B7B00010480A224FF410730160DBE70022084BA7
:10B7C0000C490A605A6A9207D9D5586B9A6AD96AA5
:10B7D00022F4803241F08061D96258639A62CEE7E8
:10B7E00000002C400000DB0C04930020CCA20020C1
:10B7F00045C4010078A3002040420F0012F0030F5F
:10B8000000D143B93C4925203C4B40F2F512087069
:10B8100000201A6070472DE9F04114461F46384A4F
:10B820000E46384B8046136002F048FE054607E09E
:10B8300002F044FE344B401B984229D804F096FB9A
:10B84000324B33481968FFF749FE0028F0D0314BDE
:10B850001B69DA05ECD5002229492F4B0A6001212A
:10B860002E4803EA0743017043F400732C490A6031
:10B87000284A146053602B4B93632B4B1B7893B176
:10B8800031464046FFF72AFE78B90020BDE8F08136
:10B89000194A0A210020194B194C11704FF4FC72FF
:10B8A00020601A60F1E77602EAE7204B144A136041
:10B8B00002F004FE194B05461B787BB1124C04E0E4
:10B8C00004F054FB154B1B7843B102F0F7FD401B0D
:10B8D000A042F5D900230A4A1360D6E710491A4658
:10B8E00007480B6802609B07CFD50A68104B1A42C5
:10B8F0000CBF01200020C9E704930020CCA2002047
:10B9000078A3002041CA010040420F0044A3002058
:10B9100000001A0D00002C400000FF1FA6CA0020E6
:10B920007CA3002002007F11A1CA002059C401009D
:10B9300000007F11F8B50646007A0C461546C00790
:10B940001F4613D483B10F4401E0BC420CD03368CE
:10B950002A46214630461B69013405F50075984793
:10B960000028F2D10020F8BD0120F8BD900712D0C8
:10B97000002BF9D00F4401E0A742F5D033682A46E6
:10B98000214630461B69013405F5007598470028AB
:10B99000F2D10020E7E70648FFF730FF0028E3D1A7
:10B9A00004490C20044B40F2A13208701A60D9E718
:10B9B00037003A1204930020CCA20020F8B50646C6
:10B9C000007A0C461546C0071F4613D483B10F44B6
:10B9D00001E0BC420CD033682A46214630465B6AFF
:10B9E000013405F5007598470028F2D10020F8BD14
:10B9F0000120F8BD900712D0002BF9D00F4401E0D0
:10BA0000A742F5D033682A46214630465B6A0134A6
:10BA100005F5007598470028F2D10020E7E70648B1
:10BA2000FFF7ECFE0028E3D104490E20044B40F25E
:10BA30003D4208701A60D9E727003A1904930020A4
:10BA4000CCA200202DE9F843814688462E4C02F016
:10BA500035FD2E4F06462E4D04E002F02FFD801BD3
:10BA6000A84225D821682B48FFF738FD0028F4D0DC
:10BA70003B69DA05F1D50123274E284A4946337040
:10BA8000002327481360274BC7F800807B60264BB4
:10BA9000BB63FFF723FD074670B9042240F29F13F2
:10BAA00022480027224902700B603846BDE8F8831F
:10BAB0000A224FF4CC73F3E71E4B1F4A136002F0C7
:10BAC000FDFC337804468BB1114D03E004F04EFACF
:10BAD00033785BB102F0F2FC031BAB42F6D90023D2
:10BAE000154A136025224FF4D173D9E71A460B4B40
:10BAF00011491B680A609B07F4D5084B1A680F4B65
:10BB00001A42EFD1D1E700BF44A3002000002C402F
:10BB100040420F0000001A0DA6CA00207CA300209E
:10BB200011003A064000010002007F11049300203A
:10BB3000CCA2002059C4010078A3002000007F118E
:10BB40002B4B987A10B5440682B012D4DB7AC0F33E
:10BB5000050002F1010CC3F3C0134CEA010C43EAE7
:10BB600040035BB213EA0C0F03D0272240F20233EA
:10BB70000CE0204B1B780BB9490252021E4801927F
:10BB8000FFF7ACFC58B90F2240F20A33DFF888C047
:10BB900000201A498CF800200B6002B010BD0199FA
:10BBA0001748FFF79BFC18B9102240F20D33EDE760
:10BBB00000211448FFF792FC18B911224FF4447386
:10BBC000E4E702F07BFC04460F4B10481968FFF7CE
:10BBD00085FC18B10E4B1B69DB05DED402F06EFC50
:10BBE0000C4B001B9842EFD9282240F21333CDE7CB
:10BBF00030A30020A1CA002000001A20CCA20020FF
:10BC000000001A2100001B2644A3002000001A0D8A
:10BC100000002C4040420F00049300202DE9F04327
:10BC20004FF00008884D894E93B0894C894F0172BE
:10BC300080F8098085F8008086F8008084F800800C
:10BC400087F80080FFF714FB41464046FFF746FCAB
:10BC5000E8B14FF003084FF4D5717F48FFF73EFC81
:10BC600000284CD1B8F10108F5D13B78002B3AD02F
:10BC7000DFF82C9202F022FC784F804600217848B1
:10BC8000FFF72CFC70B917224FF42A7302E001224F
:10BC900040F28E237349002432700B60204613B0AB
:10BCA000BDE8F08349467048FFF718FC0028EAD049
:10BCB00002F004FCA0EB08006C4BB842E3D81A6910
:10BCC000002ADBDA19696A4A11601B695A0001D53A
:10BCD0000123237000216748FFF700FCD8B9022236
:10BCE00040F2B123D6E7FFF7C3FA41464046FFF7DB
:10BCF000F5FB3B78002BBBD14FF44019BAE75B4B07
:10BD00001B69B3F5D57F03D006224FF42573C1E735
:10BD100001233B70ACE700215748FFF7DFFB18B960
:10BD200003224FF42D73B5E7504F544C3B695449EF
:10BD30006FF30F0353482360FFF71CFC18B9072269
:10BD400040F2B923A6E750495048FFF713FC18B951
:10BD500008224FF42F739DE721684D48FFF7BEFB83
:10BD600018B9052240F2BF2394E721683C48FFF749
:10BD7000B5FB18B9142240F2C3238BE702214548D2
:10BD8000FFF7ACFB04460028F4D0BB6A02A96FF0B1
:10BD90007F4023F00603BB62BB6A43F00203BB6231
:10BDA0004FF010137B64FFF74DFE9DF815309B0795
:10BDB00047D5002845D02B4F02A937483A6896F856
:10BDC00000800192FFF73EFE9DF81830019A03F0C3
:10BDD0000F03012B32D188B34CF250302F4E052384
:10BDE000C6F8CC31C6F8D031C6F8BC31C6F8C0317F
:10BDF000C6F8C431C6F8C831FFF74AF9002347F244
:10BE0000B802C6F8CC31C6F8D031C6F8BC31C6F895
:10BE1000C031C6F8C431C6F8C83141F2B803C6F81B
:10BE2000BC23C6F8C023C6F8AC23C6F8B033012340
:10BE3000C6F8B423C6F8B8232B702FE786F8008025
:10BE40003A6046F2A810C9E79CCA0020049300207B
:10BE5000A1CA00209DCA002000001A0840420F001D
:10BE600000001A37CCA200200000022900002C405C
:10BE700040A300200000090200001A0344A3002090
:10BE800030A300200000090920A300200000090AB7
:10BE900000001B0700001A06F1FFFF8000801F4012
:10BEA00000003040F8B5324B0F465A6A92050DD467
:10BEB0009A6A22F480329A6272B69A6A42F4003226
:10BEC0009A629A6A42F480329A6262B602F0F6FA94
:10BED000274C0646274D04E002F0F0FA801BA842EA
:10BEE00033D8636A1B05F7D507F13C0007F50F74DB
:10BEF0001F494B6A1D05FCD5A0F140030A6A43F8AF
:10BF0000042F8342FAD103F14000A042F1D102F0A4
:10BF1000D5FA174C0746184D164E04E002F0CEFA3B
:10BF2000C01BB0421AD8236B2B42F7D0226B134BA5
:10BF30001A601A6822631A6892070DD51A68104BA6
:10BF40001A420CBF01200020F8BD0E491A200E4BEA
:10BF500040F2563208701A600020F8BD1D200949D1
:10BF6000094B40F26132087000201A60F5E700BF0B
:10BF700000002C4040420F0002007F117CA30020F3
:10BF800000007F1104930020CCA200202DE9F8438B
:10BF9000244B8946244D254C2B6002F08FFADFF8A4
:10BFA000A8800746224E06E002F088FAC01BB04285
:10BFB00023D803F0DBFF21681E48FFF78FFA002823
:10BFC000F2D0D8F81030DB05EED500234FF4007224
:10BFD0002B60D8F8283043F48033C8F82830164B4B
:10BFE000C8F804201B78A3B149461448FFF776FA35
:10BFF00068B90C2240F2BD3304E000210A2240F26D
:10C00000B13329600E4C00200E4922700B60BDE850
:10C01000F8834FEA492909484946FFF75FFA0028A3
:10C02000F5D1E6E741CA010078A3002044A300202F
:10C0300040420F0000001A0DA1CA002030003A1241
:10C0400004930020CCA2002000002C4070B50023F7
:10C050001C4D0E4643721946AB6A1B4823F48033CD
:10C06000AB62FFF73BFA18B104465EB9204670BDDB
:10C07000092240F2D33315480024154902702046A6
:10C080000B6070BD134B144A136002F017FA6B6A11
:10C090000646DA0112D404E003F068FF6B6ADB01A4
:10C0A0000CD402F00BFA0D4A831B9342F4D9002101
:10C0B00009480A2240F2D7330160DCE70023064A30
:10C0C0001360D3E700002C400000DB0C0493002039
:10C0D000CCA2002045C4010078A3002040420F00FC
:10C0E00010B50446FFF75CF908B1637A03B910BDD7
:10C0F00020460121BDE81040FFF7A8BF30B5034638
:10C10000007AADF5037D1446C00720D593070FD103
:10C1100001233048FFF772FBB8B92F490B202F4B92
:10C120004FF45D7208701A6000200DF5037D30BD7C
:10C13000012302AA2748FFF761FB0028EDD04FF446
:10C14000007202A9204602F06DFC0120EDE7019388
:10C150000D46FFF725F9019B0028E5D05A7A012A00
:10C1600023D01A681E49126A8A4222D10193FFF72E
:10C1700017F90028D8D0019B5A7A0ABB18462946DD
:10C180000193FFF703FF019B0028CDD001225D60E2
:10C190005A72214618460193FFF784FE0028C3D047
:10C1A000019B5A6801325A60CFE75A68AA42D8D137
:10C1B000EFE7184601939047019B0028B4D0DDE7D4
:10C1C000184601210193FFF741FF019B0028ABD0E6
:10C1D000D4E700BF11003A1104930020CCA2002044
:10C1E000B5D4010030B50D46017A1446ADF5037D96
:10C1F000CA071BD5A30706D0214602AC4FF4007234
:10C2000002A802F00FFC0123224629463248FFF71C
:10C21000F5FA002841D131490D20314B40F211424D
:10C2200008701A6000200DF5037D30BD0190FFF706
:10C23000B7F8019B0028F5D05A7A022A2FD01A6845
:10C240002849126A8A422ED10193FFF7A9F80028E3
:10C25000E8D0019B5A7A002A2CD11A682249126E22
:10C260008A4230D1184629460193FFF715FA019BFF
:10C270000028D7D002225D605A721A6818461B49FE
:10C28000D26D01938A42214623D1FFF7D1F8019B59
:10C290000028C7D05A6801325A600120C3E75A68A3
:10C2A000AA42CCD1E9E7184601939047019B0028A8
:10C2B000D3D1B7E7184601210193FFF7C7FE019BD1
:10C2C0000028CAD1AEE71846019329469047019B42
:10C2D000CEE79047019BDBE701003A18049300206A
:10C2E000CCA20020B5D401006DCA010005C8010030
:10C2F00002F00EB910B483B00B46CDE90012C27C37
:10C30000002A30D072B6C27CD40708D54FF0E02C9A
:10C310004469DCF8801121408162CCF880119107DA
:10C3200008D54FF0E02C8469DCF884112140C1620B
:10C33000CCF88411540708D54FF0E02CC469DCF820
:10C34000881121400163CCF88811110708D54FF0FE
:10C35000E02C046ADCF88C1121404163CCF88C118C
:10C36000D2063AD462B68268934240D0234A8360B0
:10C3700092692349C2F3011CC2F3826251F82CC0B6
:10C380000132BCFBF2F103B38B4232D8B1FBF3F2C2
:10C39000B1FBF2F18B422ED3B2F5817F1BD2022A80
:10C3A00027D9023A530803EB032342EA0323C3606D
:10C3B0000268032100201061516201211364019B76
:10C3C0001366116103B010BC70479445EFD34A1C4B
:10C3D000B2F5817FE3D30B4BE9E74FF0E021446AEC
:10C3E000D1F8902122408263C1F89021BAE7C36856
:10C3F000DEE70023DBE71146E9E700BF00C00F409E
:10C4000078800020FF7F7F0008B5034653F8040BB7
:10C4100093E80600FFF76EFF08BD00BF0268D37CFB
:10C4200013B3D80704D5906A4FF0E021C1F800019A
:10C43000990704D5D06A4FF0E021C1F804015807EC
:10C4400004D5106B4FF0E021C1F80801190704D59D
:10C45000506B4FF0E021C1F80C01DB0604D5926B64
:10C460004FF0E023C3F81021704700BF0068FBF7CE
:10C4700015BA00BF0268FF2312685366D36D13F428
:10C48000F81FFBD0506FC0B2704700BF4FF0FF0CD9
:10C49000006808B5134680F83CC00A460021FBF747
:10C4A000F9F9002008BD00BF03681A685166D36D12
:10C4B00013F4F81FFBD0536F704700BF134600689A
:10C4C0000022FBF7E7B900BF0378DB0701D40120A6
:10C4D00070470346406810B503F1100282B001684E
:10C4E00001924C6A0093D968A047DDE9003298B107
:10C4F000197888070CD5DC680093D3E90101D0F8DE
:10C5000000C02144DCF82430984728B1009B1978FA
:10C5100021F001010120197002B010BD10B544686E
:10C5200084B07CB31446C26803468A420AD10246EC
:10C5300012F810CB04F0030410464CEA04021A70FF
:10C5400004B010BDCDE90101FFF7BEFFD0B114F07A
:10C55000040FDDE9013105D003F110024FF0000CAA
:10C56000D960E7E7586803F11002D0F800C00192E3
:10C57000CDE90213DCF810309847039BDDE9012177
:10C580000028EBD1002004B010BD00BF0346808915
:10C5900010B100229A817047D3E901C18C4500D3C4
:10C5A000704700B585B0604603AA019300F016F805
:10C5B000019B80B1039A5860B2F5803F90B208D3D6
:10C5C000920AC0F30900A2F52152A0F5105190B2D1
:10C5D000998105B000BD4FF6FF70FAE7884238D266
:10C5E000034690F90000002893F800C02DDA0CF003
:10C5F000E000C02831D00CF0F000E02831D00CF081
:10C60000F800F02825D10CF0070C042018448842CB
:10C610001FD8013300B51978013301F0C00E01F0C5
:10C620003F01BEF1800F41EA8C1C14D18342F2D14C
:10C63000ACF180010D4B99420DD8ACF55843B3F5E0
:10C64000006F08D3C2F800C000BD581CC2F800C07B
:10C65000704700207047002000BD0CF01F0C022026
:10C66000D4E70CF00F0C0320D0E700BF7FFF1000D1
:10C670007E2843D90023DFF8ACC000B54FF0350E5B
:10C6800004E03CF82120824223D80B46AEEB0302A3
:10C69000012A03EB5201F4D89BB23CF823209042CC
:10C6A00019D24FF04B0C0023DFF87CE005E03EF898
:10C6B000212082428CBF8C460B46ACEB0302012A40
:10C6C00003EB5201F3D89BB23EF8232082421FD0E5
:10C6D00000BD8E46DAE70CEB830C821A9CF803301F
:10C6E0009A42DEDA9CF90230012B16D04EF2A032CB
:10C6F000002B08BF1346034498B200BDA0F16103AC
:10C70000192B8CBF00230123A0EB431398B2704771
:10C710000EEB830EBEF8020000BD02F00102821A89
:10C7200090B200BD94220020D8200020554B4FF03D
:10C73000000C2DE9F043A3FB001540F26D19DFF862
:10C740005C816D09A3FB05134F49C5EB05165B0919
:10C75000A0EB8607A1FB03414C4C09090E1DA4FB6D
:10C760000640002467F30704371A00EB5700484FD0
:10C770008008C0EBC000361AC3EB0310A5EB8005A0
:10C78000013601EB410065F30F24A3EBC0036046C3
:10C7900063F3174466F31F643E4E146001E00CF12E
:10C7A000010C5FFA8CF340F26D1E03F2B27313F0CA
:10C7B000030506FB03F408D1B7EBB40F4FF4B77EC3
:10C7C00003D3B8EB341F38BFCE4670448142E6D263
:10C7D00082F806C04DB92F4C2D4E03FB04F4B6EB86
:10C7E000B40F43D24FF4B77401E040F26D14091A4C
:10C7F000294E002021440BE096F800E001308E45E0
:10C80000C0B213D80C28A1EB0E0106F1010625D009
:10C810000128F1D17DB11B2931D91C39022096F8AC
:10C8200001E0013601308E45C0B2EBD901315071C3
:10C830001171BDE8F0831748154C03FB00F0B4EB11
:10C84000B00F11D3154CB4EB301F2CBF1D201C2092
:10C85000884214D8091A01360220CDE70D20013193
:10C8600050711171BDE8F0831D20F1E70B4EB6EB5E
:10C87000341F40F26D1428BF4FF4B774B7E702209D
:10C88000D4E700BF89888888ABAAAAAA2549922440
:10C89000285C8F02295C8FC2682300200AD7A3007E
:10C8A0002DE9F0418679002E60D0314A06F2B27E41
:10C8B00040F2B273DFF8D0C006FB02F22D4C2E4DD1
:10C8C0002E4F13F0030F0CFB03F103F1010306D10C
:10C8D000B4EBB10F02D3B7EB311F00D32A449E450E
:10C8E000EFD190F805E0BEF1010F2BD906F2B27737
:10C8F000234D2449A5FB0735642307F003081E4C8C
:10C900006D0903FB1575012306E0013311F801CB16
:10C91000734504FB0C2215D0022BF6D1B8F1000FA1
:10C92000F3D1194E35B907FB06F6DFF850C0BCEB62
:10C93000361FEAD3032302F5181201319E4502F592
:10C940006E52E2D143784FF461648178C3EB0313F4
:10C9500005789B0004FB01330179074C58194B1EE5
:10C96000002104FB03001044BDE8F0813246B8E723
:10C970008033E101285C8F02805101000AD7A300B7
:10C980001F85EB5168230020295C8FC270B51C4CB9
:10C990001C4E236832681C4D9B1A2868B3F57A7FB9
:10C9A0000BD3411C236802F57A72084601319B1AA9
:10C9B000B3F57A7FF6D228603260144B1A6882424F
:10C9C00010D8134A12686AB19047124A01430F4BBC
:10C9D000126809D00244216828601A6002220E4BB6
:10C9E00031601A70002170BD0B4C28682178024418
:10C9F00000391A6018BF01212170002170BD00BFED
:10CA000048CA0020C0A2002058A30020E8A20020AD
:10CA100074C70020608E0020A3CA002070B5FFF705
:10CA2000B5FF094BD3E90062914208BFB04207D07D
:10CA3000064A05460C46FFF779FE034BC3E900544E
:10CA4000024B987870BD00BF0099002008A3002019
:10CA500070B5FFF79BFF0C4BD3E90062914208BF12
:10CA6000B04207D0094A05460C46FFF75FFE064B69
:10CA7000C3E90054054B987818B10C2800D90C383C
:10CA800070BD0C2070BD00BF0099002008A30020DD
:10CA900070B5FFF77BFF0B4BD3E90062914208BFF3
:10CAA000B04207D0084A05460C46FFF73FFE054B4B
:10CAB000C3E90054044B98780B288CBF0020012058
:10CAC00070BD00BF0099002008A3002070B5FFF7DB
:10CAD0005DFF094BD3E90062914208BFB04207D025
:10CAE000064A05460C46FFF721FE034BC3E90054F6
:10CAF000024B587870BD00BF0099002008A30020A9
:10CB000070B5FFF743FF094BD3E90062914208BFBC
:10CB1000B04207D0064A05460C46FFF707FE034B16
:10CB2000C3E90054024B187870BD00BF0099002083
:10CB300008A3002070B5FFF729FF094BD3E9006275
:10CB4000914208BFB04207D0064A05460C46FFF79F
:10CB5000EDFD034BC3E90054024B187970BD00BFD3
:10CB60000099002008A3002070B5FFF70FFF094BC4
:10CB7000D3E90062914208BFB04207D0064A054699
:10CB80000C46FFF7D3FD034BC3E90054024B587921
:10CB900070BD00BF0099002008A3002070B5FFF70A
:10CBA000F5FE0A4BD3E90062914208BFB04207D0BC
:10CBB000074A05460C46FFF7B9FD044BC3E900548C
:10CBC000034B987900F2B27070BD00BF009900204D
:10CBD00008A30020084B09491B68094A034412684E
:10CBE00010B4084C0860022023600749074B087006
:10CBF0001A6010BC704700BF608E002058A3002050
:10CC000048CA0020E8A20020A3CA0020C0A2002039
:10CC100038B504460598049D6328CCBFA0F2B27CC9
:10CC200000F11E0C0C4803718470027080F806C07D
:10CC300045714170FFF734FE084B09491B68094AEA
:10CC40000344094C08600220126808492360084B1D
:10CC500008701A6038BD00BF08A30020608E002055
:10CC600058A3002048CA0020E8A20020A3CA002040
:10CC7000C0A20020034A0449044B126808601A60ED
:10CC8000FFF784BE58A3002074C70020E8A200204C
:10CC900000231B60FFDE00BF704700BF704700BF6E
:10CCA000704700BF10B5044650F8083BDB68984752
:10CCB000204610BD0A4A0346116878B109488142EE
:10CCC0000CD002F1080010B584B00C68039303A9DE
:10CCD0000193A047019B184604B010BD1846704749
:10CCE000F09C002084230020044B0548054A064997
:10CCF00010B410BC036003F0DBBB00BF8423002032
:10CD0000F09C0020D48E002079E0010000207047C4
:10CD100010B5044650F8083BDB689847204610BD24
:10CD200000231B60FFDE00BF704700BF704700BFDD
:10CD3000704700BF08B56920FFF7BCFF9FED010AEF
:10CD400008BD00BF0000C07F6920FFF7B3BF00BF70
:10CD50006920FFF7AFBF00BF6920FFF7ABBF00BF7F
:10CD600008B5104B1A68D10704D50F4B1A68D207C3
:10CD70000BD508BD01200D490D4A18600D4B1960F7
:10CD800018460D4903F094FBEFE701200749084AD4
:10CD900018600A4B196018460749BDE8084003F0BF
:10CDA00087BB00BF50A2002054A2002074230020A3
:10CDB000D48E002008990020E5E001003099002081
:10CDC0000146044B03220020C96803EB01139A605B
:10CDD000704700BF00410840C1680022024B104666
:10CDE00003EB01139A607047004108400369044A4D
:10CDF000DB6810B5044640F8182B9847204610BD54
:10CE000018250020064BDFED076AD3ED007A9FED71
:10CE1000067AF8EE677A86EEA70A80EE070A704770
:10CE2000A48E00200000804F0024744970B5074C88
:10CE3000074EA4F1E00554F8083C204644F8186C6D
:10CE4000383CDB689847AC42F5D170BD189A002099
:10CE500018250020064A036910B50446DB6840F82F
:10CE6000182B98472046382101F076FE204610BD49
:10CE7000182500206920FFF71DBF00BF6920FFF7BC
:10CE800019BF00BF144B9FED157AD3ED007AF8EE71
:10CE9000677A27EE800AB4EEC70AF1EE10FA0ADCD0
:10CEA000FCEEC07AC2680E490020120117EE903ADB
:10CEB000013B5350704700B583B001906FF06300A1
:10CEC000FFF7F8FE019B064A6FF00101DB680020C6
:10CED0001B01995003B000BDA48E00200000804FBC
:10CEE00000410840214B01469FED217AD3ED007AA5
:10CEF000C2680020F8EE677A10B527EE800A1D4C54
:10CF000082B004EB0213B4EEC70A98600120F1EE80
:10CF100010FAD86015DCFCEEC07A4FEA021C164805
:10CF200017EE903A013B4CF804300B689B69834242
:10CF300017D1104B0321002003EB0213996002B0BC
:10CF400010BD6FF063000191FFF7B4FE01996FF01F
:10CF50000100CA68130118510B6807489B69834296
:10CF6000E7D008469847002002B010BDA48E0020EC
:10CF70000000804F0041084095E101000168024631
:10CF8000DFF8CCC0CB69634510B582B04CD1D46812
:10CF900000202A4B03EB041398600B6B2848834254
:10CFA0003CD1284B9FED287AD3ED007AF8EE677AD2
:10CFB00027EE800AB4EEC70AF1EE10FA17DCFCEE99
:10CFC000C07AD068DFF874C0000117EE903A013BD8
:10CFD00040F80C308B691D498B421AD1D168002072
:10CFE000164B032203EB01139A6002B010BD6FF0E1
:10CFF00063000092FFF75EFE009A10486FF0010C8C
:10D00000D36811681B0143F800C08B690F498B423C
:10D01000E4D010469847002002B010BD10460092A0
:10D020009847009A1168D5E78DED010A009098475E
:10D03000009A9DED010A1168AFE700BF004108406A
:10D0400059E20100A48E00200000804F95E101000C
:10D05000ADE1010010B551F8083B04462DED028BFF
:10D060008CB002725A68B0EE408A04A802939047CE
:10D07000236904F11800DB6801909847264A04A947
:10D08000DDE9010302929A6823619047029B04A89C
:10D09000DB689847237A13B3E36800201F492268AE
:10D0A00001EB0311126B886018010123CB601C4B4C
:10D0B0009A4219D11B4BDFED1C7A93ED000AB8EEB2
:10D0C000400A20EE080AB4EEE70AF1EE10FA14DC8A
:10D0D000FCEEC07A114A17EE903A013B83500020D3
:10D0E0000CB0BDEC028B10BDB0EE480A2046904754
:10D0F00000200CB0BDEC028B10BD6FF06300FFF799
:10D10000D9FDE3686FF0010204491B0100205A5069
:10D110000CB0BDEC028B10BD742300200041084010
:10D1200059E20100A48E00200000804FDFF8B4C057
:10D130000020284BDCF81CC02749284A1CF0400F6F
:10D1400000B519605860C3E9030201D124480068A2
:10D1500024484FF0000C9963C069C3F83CC04FF0FD
:10D16000010C40069A64C3F844C001D41C4800680E
:10D170001C484FF0000C1967C069C3F874C04FF029
:10D18000020C4006C3F88020C3F87CC001D41448C8
:10D190000068DFF850E04FF0000CC3F8A81003203F
:10D1A000DEF81C10C3F8ACC0C3E92D024B060FD447
:10D1B0000B4B0D4A1B68B3FBF2F3DFF838C00020BD
:10D1C0000A4A0B495DF804EBCCF8003003F070B963
:10D1D0001823F2E758990020182500207423002016
:10D1E000A08D002000C00F4040420F00D48E0020D0
:10D1F00001E20100A48E002069207047B7EE000A0A
:10D20000704700BF044A936823F008039360936853
:10D210001B07FCD4704700BF00400D40044B9A68C8
:10D2200022F008029A60986810F00800FBD170475D
:10D2300000400D40084A936823F0080300B583B00E
:10D24000936093681B07FCD40C21019001F084FCCF
:10D25000019803B000BD00BF00400D406920FFF7FA
:10D2600029BD00BF90ED026ABFEE007B0F4AB7EE0A
:10D27000C66A9FED0C5BA6EE057BFCEEC77B17EE46
:10D28000903AB3FA83F3C3F120031B01DBB293603E
:10D29000936843F00803936093681B07FCD5002054
:10D2A000704700BF8DEDB5A0F7C6A03F00400D4010
:10D2B000002A47D00368284ADB69934210B5044628
:10D2C0008EB041D1254A936823F008039360936898
:10D2D0001B07FCD451F8083B06A88DED030A5A68D9
:10D2E0000493904762681046029250F8083BDB684E
:10D2F00001909847049B029A19490198049106A944
:10D3000013609B689847049B06A8DB689847DFED8D
:10D31000157A9DED030AB4EEE70AF1EE10FA04D592
:10D320000020C4ED027A0EB010BDDFED0F7A0020B0
:10D33000B4EEE70AF1EE10FA77FE807AC4ED027AD5
:10D340000EB010BD692070478DED020A019198471B
:10D350009DED020A0199BDE7F1E5010000400D4095
:10D36000742300200024F44100247449D0F800C044
:10D3700001462C4ADCF81C30934200B583B03BD107
:10D38000294A936823F00803936093681807FCD434
:10D390009FED266AB4EEC60AF1EE10FA07D49FEDAF
:10D3A000246AB4EEC60AF1EE10FA36FE006ADCF822
:10D3B0001830204A81ED026A934227D1B7EEC66A3F
:10D3C000194ABFEE007B9FED155BA6EE057BFCEED8
:10D3D000C77B17EE903AB3FA83F3C3F120031B0126
:10D3E000DBB29360936843F00803936093681B0774
:10D3F000FCD5002003B000BD8DED010A00909847D8
:10D4000000999DED010AD1F800C0C1E70846984790
:10D41000002003B000BD00BFAFF300808DEDB5A0CC
:10D42000F7C6A03FF1E5010000400D40E0FDF341EB
:10D430000024744939E6010010B5094C094B0A492A
:10D4400020460A4A236003F033F8094B0948074A8B
:10D450000949C0E90034BDE8104003F029B800BF15
:10D46000489A002074230020E5E00100D48E0020BB
:10D4700060250020389A0020D9E5010010B5074B3F
:10D4800082B003600190EFF3108472B600F06CFB81
:10D49000019804B962B602B010BD00BFD0230020CD
:10D4A000024A0349034803F003B800BFD48E0020AA
:10D4B00051E80100A88E002038B5064CA4F1A00563
:10D4C00054F8083C2046283CDB689847AC42F7D12A
:10D4D00038BD00BFF09A002038B5064CA4F1A00575
:10D4E00054F8083C2046283CDB689847AC42F7D10A
:10D4F00038BD00BF909B002038B5064CA4F1A005B4
:10D5000054F8083C2046283CDB689847AC42F7D1E9
:10D5100038BD00BF309C002038B5064CA4F1A005F2
:10D5200054F8083C2046283CDB689847AC42F7D1C9
:10D5300038BD00BFD09C0020834A106810F0010065
:10D5400008B510D10121814BDFF8F8C21160804A83
:10D550008049C3F800C0C3F828C0C3F850C0C3F85E
:10D5600078C002F0A5FF7C4B1A68D00704D40120D4
:10D570007A4A7B49186011607A4A106810F00100FD
:10D5800010D10121784BDFF8BCC21160704A774995
:10D59000C3F800C0C3F828C0C3F850C0C3F878C0AF
:10D5A00002F086FF724B1A68D10704D40120714A39
:10D5B000714918601160714A106810F0010010D1B3
:10D5C00001216F4BDFF87CC21160614A6D49C3F8DD
:10D5D00000C0C3F828C0C3F850C0C3F878C002F038
:10D5E00067FF694B1A68D20704D40120674A68496B
:10D5F00018601160674A106810F0010010D1012115
:10D60000654BDFF840C21160514A6449C3F800C05D
:10D61000C3F828C0C3F850C0C3F878C002F048FF70
:10D620005F4B1A68D00704D401205E4A5E49186037
:10D6300011605E4B1A68D10770D55D4B1A68D2072E
:10D6400077D55C4B1A68D00704D401205A4A5B494D
:10D65000186011605A4B1A68D10704D40120594A46
:10D66000594918601160594B1A68D20704D4012037
:10D67000574A584918601160574B1A68D00704D4AC
:10D680000120564A564918601160564B1A68D10756
:10D6900004D40120544A554918601160544B1A684B
:10D6A000D20704D40120534A534918601160534BE8
:10D6B0001A68D00704D40120514A524918601160F9
:10D6C000514B1A68D10704D40120504A50491860C0
:10D6D0001160504B1A68D20704D401204E4A4F49BA
:10D6E000186011604E4B1A68D00704D401204D4ACF
:10D6F0004D49186011604D4B1A68D10704D40120C0
:10D700004B4A4C49186011604B4B1A68D20704D43D
:10D7100001204A4A4A491860116008BD0120494960
:10D720000B4A1860484B19601846484902F0C0FE81
:10D7300083E701204349064A1860454B19601846A3
:10D74000424902F0B5FE7CE768A20020709A0020F2
:10D75000D48E00208DE8010058A20020B4A3002040
:10D7600000C01D407CA20020109B0020ADE80100FD
:10D770006CA20020C4A3002000001E4090A2002044
:10D78000B09B0020CDE8010080A20020D4A300209F
:10D7900000401E40A4A20020509C0020EDE80100A3
:10D7A00094A20020E4A3002000801E4050A200208C
:10D7B00054A200205CA20020B8A3002020C01D407D
:10D7C00060A20020BCA3002040C01D4064A2002035
:10D7D000C0A3002060C01D4070A20020C8A300208C
:10D7E00020001E4074A20020CCA3002040001E4058
:10D7F00078A20020D0A3002060001E4084A2002058
:10D80000D8A3002020401E4088A20020DCA30020D6
:10D8100040401E408CA20020E0A3002060401E403B
:10D8200098A20020E8A3002020801E409CA2002097
:10D83000ECA3002040801E40A0A20020F0A3002006
:10D8400060801E407423002008990020E5E001005C
:10D85000309900200B46012110B5044682B01846CD
:10D86000A37000F077FE0121A07800F051FE07219F
:10D87000A2682379C4E907210BB102B010BD20785A
:10D880000121019300F066FE6078012100F062FE44
:10D890000199207800F03CFE0199607802B0BDE863
:10D8A000104000F035BE00BF2DE9F04706460F4698
:10D8B0008078002100F02CFE33794FEA1729002BE5
:10D8C0003FD0B069D6E90712FEF714FDB1690B68C5
:10D8D000C3F86490DA6D12F4F81FFBD0FFB25A6FF0
:10D8E0005F66DA6D12F4F81FFBD0CA7C5B6F12B36F
:10D8F000D70704D5886A4FF0E023C3F800019507E5
:10D9000004D5C86A4FF0E023C3F80401540704D5D6
:10D91000086B4FF0E023C3F80801100704D5486BEB
:10D920004FF0E023C3F80C01D30604D58A6B4FF007
:10D93000E023C3F81021B0780121BDE8F04700F0E2
:10D94000E7BD96F80180082596F800A0802409EA32
:10D950000401504600F0DCFD01214046640800F05F
:10D96000D7FD0021404600F0D3FD013DEFD196F8F0
:10D970000180082596F80090802407EA04014846B3
:10D9800000F0C6FD01214046640800F0C1FD002101
:10D99000404600F0BDFD013DEFD1B0780121BDE86A
:10D9A000F04700F0B5BD00BF037B934231D9C38976
:10D9B000994210B50C4628BF1C46012A02F1080204
:10D9C00020F812100CBF4FF410414FF48051427DEB
:10D9D00090F814E041EA823140F6FF7289B241F4D6
:10D9E000005CBEF1010F08BF614693420CD040F2CB
:10D9F000FF3293420CBF41EA840141EA041189B22B
:10DA0000FFF752FF012010BD2143FFF74DFF01201A
:10DA100010BD0020704700BF0C4A012381616FF4E4
:10DA20007F0182604FF480720371A0F81520084ACC
:10DA3000037301600021C2610722037540F6FF7382
:10DA400041820262C0F80E30704700BF0024F4002B
:10DA500000093D00024BD86CC0F38040704700BF06
:10DA600000400D40034A936B23F4402343EA804374
:10DA70009363704700400D40034A936B23F44013B7
:10DA800043EA00539363704700400D40EFF3108268
:10DA900072B6437F33B9017F012907D0032911D022
:10DAA000012343770AB962B670477047DFF868C050
:10DAB000DCF80010F9B1164943610B680860836116
:10DAC0005861EDE700B5DFF854E01249DEF800C018
:10DAD000BCF1000F16D043610B68836158614FF0B1
:10DAE000E0234FF0805C0860C3F804CD0123437746
:10DAF00002B962B600BD064BCCF800001860C0E960
:10DB00000511CDE7C0E905CCCEF80000E7E700BF7E
:10DB1000B0A30020A8A30020A4A30020ACA3002051
:10DB200070B5EFF3108272B60C4C206880B10C4EC9
:10DB300000254369236073B19D6102B962B68368B1
:10DB400045779847EFF3108272B620680028F0D12D
:10DB500002B962B670BD3360EFE700BFACA300202E
:10DB6000A8A30020FFF7DCBF037F012B0ED0032BFF
:10DB700000D07047437F33B1D0E90523C3B15A6168
:10DB800062B90E4A1360002303777047437F002B6E
:10DB9000F9D0D0E905232BB15A6132B1936100234A
:10DBA0000377704706490A60F7E7064A1360EAE719
:10DBB00005490A60002AF1D1E3E700BFA8A30020CD
:10DBC000A4A30020B0A30020ACA300200449054A70
:10DBD0004968054B1960136801331360704700BF33
:10DBE000001000E048CA002044CA0020704700BF6F
:10DBF000704700BF704700BF704700BF70B51A4C38
:10DC00001A4D2368AB4202D0194AD16829BBA369D7
:10DC1000AB4202D0164AD169C9B9236BAB4202D0DC
:10DC2000134AD16A69B9A36CAB4209D0104AD16BCF
:10DC300031B101211B680F48D163BDE8704018471E
:10DC400070BD01211B680C48D1629847EBE70121A8
:10DC50001B680A48D1619847DFE701211B6804F17E
:10DC60000800D1609847D2E7C09600209423002096
:10DC70000041084010970020F8960020E096002010
:10DC800038B5064CA4F1600554F8083C2046183C11
:10DC9000DB689847AC42F7D138BD00BF1097002031
:10DCA000036870B5164688B0002B50D000229A60E9
:10DCB0000122DA60324C054604A81C1951F8083BD1
:10DCC000241102935B6898472E4904EB4403DB0060
:10DCD00003F10800CA5801930844D26800909047A5
:10DCE000DDF808C0019B2749009841F803C0264988
:10DCF000DCF80830029104A99847029B04A8DB686D
:10DD000098472B68032021491E6098602B79204892
:10DD10000B550B784A78DFF88CC09342C0F828C2C4
:10DD200028BF13468878CA78834228BF03469342A7
:10DD300028BF1346174C4FF0E0214FF080600122BE
:10DD400084F87A30C1F80C01104608B070BD124A50
:10DD5000D36E43F44053D3660122104B1A60104A2D
:10DD60001346026040329C68002CA3D010339342CB
:10DD70000360F8D100231A460360104608B070BD56
:10DD800000BFF7BFC096002094230020A08E002083
:10DD90000094002000E400E000C00F400040084074
:10DDA00000410840D1EF01000268002A32D01A4B2E
:10DDB0001A49D3181B1103EB430210B5D20082B0ED
:10DDC0000446019302F108008B5808440092DB6876
:10DDD0009847009A12481149019B885000212268F7
:10DDE00001209160D060FF200E4AD0541378507803
:10DDF00092F802C0834228BF0346D0780A4A63459E
:10DE000028BF6346834228BF034682F87A302160E8
:10DE100002B010BD704700BF00BFF7BFC096002022
:10DE200094230020A08E002000E400E0074B002097
:10DE3000DFF824C0064A0749C3F800C0C3F818C079
:10DE4000C3F830C0C3F848C002F032BBC09600200F
:10DE5000D48E002055F0010094230020084601F0E4
:10DE6000F5BF00BF012A70B508BF0A228AB0054677
:10DE70001E4659B34FF0210C01E05FFA84FC0CF10F
:10DE8000FF34B1FBF2F302FB131EBEF1090F0EF1DA
:10DE9000370098BF0EF130000DEB0C0E9142194681
:10DEA0008EF80400E9D23EB10CF1FF3C2D225FFA5E
:10DEB0008CFC0DEB0C031A712B6801A9CCF122022A
:10DEC00028465B68614498470AB070BD30234FF024
:10DED000210C8DF82530E6E7002903DB00230A2218
:10DEE000FFF7C0BF49422D230A22FFF7BBBF00BF87
:10DEF00000B5036883B040F60D2C022201A95B68CF
:10DF0000ADF804C0984703B000BD00BF044B022821
:10DF100088BF0346D3F800C01846DCF80430184721
:10DF2000488E00200EB400B582B003AA52F8041B3C
:10DF3000019203F063FA02B05DF804EB03B070479E
:10DF400042B90368C9B2054A1B68934204D1084626
:10DF500001F07CBFFFF786BF184700BF31F2010018
:10DF60002A284AD8264B70B51B780646E3B9254BBC
:10DF70009B5DFF2B2AD0244A02EB061291680A68A7
:10DF800002F44050B0F5805F31D01C0620D41F4C05
:10DF90002360236AD80704D401F0E8FF236AD90775
:10DFA000FAD51A4B586A70BD184C194D01E001F0B2
:10DFB000DDFFA36C1B06FAD4AB6C13F08003F6D123
:10DFC0000F4A13700F4B9B5DFF2BD4D1002070BD07
:10DFD0000F4C03F07F032360236ADA0704D401F0B7
:10DFE000C5FF236ADB07FAD5094B586A70BD22F4D6
:10DFF00080521C060A60EBD4C9E70020704700BFBE
:10E00000ABCA0020888500200C82002000400C4014
:10E0100000800C40082829D00A2814BF4FF446700D
:10E020004FF40570DFF850C01249DCF84430DCF8DA
:10E0300044206FF3090302F003021A43DCF8443072
:10E0400003F0E00313430343CCF84430D1F844C059
:10E050004A6C6FF3090C4B6C02F0030203F0E0030F
:10E0600042EA0C0213431843486470474FF440706F
:10E07000D8E700BF00800C4000400C401D4A1F281C
:10E080001D4B916C21F020019164D2F844C0996C31
:10E0900021F020019964596C10D94CF4404041F4AE
:10E0A0004041506459641349134A8B6C43F0200378
:10E0B0008B64936C43F02003936470470F282CF417
:10E0C000404C21F4404106D94CF4004041F4004159
:10E0D00050645964E7E7072806D94CF4804041F4BE
:10E0E000804150645964DEE70328C2F844C0596493
:10E0F000D9D8704700400C4000800C40A94AAA4B78
:10E1000090422DE9F047A94CD3F814E09969D4F86E
:10E110000CC000F2088103F1437303F5F453033399
:10E12000A3FB0023DB0D03EB830303EB830202F26B
:10E13000B63240F227639A4228BF1A469C4BA3FB93
:10E140000232D208203A984D0CF01F04D5F88030E6
:10E15000944243F0C003C5F880300BD22CF01F0C62
:10E16000924C4CEA020CC4F80CC02368002BFCDA79
:10E170000CF01F041EF0007327D18E4D2E698E4DBA
:10E18000B54300F0FA8081F4805576464FF480570D
:10E1900016F0605F06D02EF0605E4EEA030E824BF2
:10E1A000C3F814E015F4405F07D021F440517E4DD0
:10E1B0003943A961AB6C1B07FCD44EF0007E7A4951
:10E1C000C1F814E08B6C9F06FCD47C49884200F2B5
:10E1D000DF80012635460EE0082D0CD1042E00F21A
:10E1E00091800136022506FB00F38B4200F2C380CA
:10E1F0005B008B4206D8013506FB05F300FB03F3F9
:10E200008B42E9D9771E05F1FF384FEA872A8EEA5B
:10E2100087276B4959186B4B99427CD9DFF8E491F9
:10E220006C2369486349B0FBF5F0684DB0FBF6F02C
:10E230000E6835404D4508D043F400534FF48055E7
:10E240000D600B600B68002BFCDA57490B6903F07B
:10E250000703434504D0C1F810808B6CDE03FCD467
:10E2600017F4E05F0BD02EF4E05E0AF4E0534E4961
:10E2700043EA0E0EC1F814E08B6C9D07FCD4544D9C
:10E28000544945198D4239D8534BED09A3FB053547
:10E290002D0B6B1E1B028EEA030111F4407F07D089
:10E2A0002EF4407E03F440733F4943EA0E034B6172
:10E2B0003D494B6923F000734B618B6C9B06FCD48A
:10E2C000464BA242A3FB00134FF0FF314FEA9343AA
:10E2D000B0FBF5F5B1FBF3F34149086041490D602E
:10E2E00041490B6008D22CF01F0C30494CEA020265
:10E2F000CA600B68002BFCDABDE8F0874FF440736E
:10E300000425C8E7771E2E494FF007084FEA872AF1
:10E3100059188EEA8727294B99421CD8DFF8E890D4
:10E32000362332487EE7324B984201D80E220AE764
:10E33000304B984228D9304A904227D9821A2F4B25
:10E34000120AA3FB0232D20902EB820202EB820222
:10E3500002F2E242EDE6A3F182532948DFF8AC90E5
:10E36000A3F589337E3BA3FB01310B0D03FB00F0CA
:10E3700043EA090956E7012544E71F468EF0C056D7
:10E380000D464FF0C05303E70F22DCE61222DAE617
:10E39000012603464FF0000A77464FF00008354645
:10E3A00037E700BF001C4E0E00C00F4000000840C1
:10E3B0001F85EB5100800D4040300080FFB19F264B
:10E3C000808D5B00FF7EF64D00643F4D7F30018005
:10E3D0007FD1F0087F17B42C9F10E50083DE1B432C
:10E3E000A48D0020A08D002084C9002000B29F26AB
:10E3F000FF0A6B1B00A4781F0046C32323B24C0006
:10E40000001BB7006C2000803620008000200080B8
:10E4100000B970472DE9F84F01218146224C234E67
:10E42000234D54E8003F3268286844E80013002B6D
:10E43000F7D120494B684FF47A7BDFF87CA01B1A98
:10E4400001270BFB02F8DAF80020A2FB03235B454F
:10E4500094BF9844D84454E8003F3268286844E8A0
:10E460000073002BF7D14B68DAF800C01B1A0BFBC6
:10E4700002F2ACFB03C3B3F57A7F94BFD21802F566
:10E480007A72A2EB0802B2F57A7F08D3B9F1010FD4
:10E4900008F57A7809F1FF39DDD1BDE8F88F01F090
:10E4A00065FD0449D7E700BF4CCA002048CA0020D8
:10E4B00044CA0020001000E084C9002010B50F4BB2
:10E4C0004FF0010C0E4CDFF844E053E8002F2068B9
:10E4D000DEF8001043E800C2002AF6D1094B5B6861
:10E4E000094A5B1A4FF47A71126801FB00F0A2FB33
:10E4F00003238B4294BFC018401810BD4CCA0020A3
:10E5000048CA0020001000E084C9002044CA00204E
:10E51000362812D802010C4B03EB00109B58C2683E
:10E52000D3F804C01CEA020F03D039B1C3F8842029
:10E530007047836829B9054A1A607047C3F8882074
:10E540007047034A1A6070470C820020383001007F
:10E5500038F00100362831D802011B4B012903EBAA
:10E5600000109B5800B55A68D0E902EC12D004297B
:10E5700010D022EA0C025A60C9B102291FD0032927
:10E580004FF015020CBF114B114BCEF80030436811
:10E590001A6000BD42EA0C0201295A6007D040F619
:10E5A0003803CEF80030436815221A6000BD3823C6
:10E5B0001522CEF8003043681A6000BD7047054B45
:10E5C000CEF80030EFE700BF0C82002038300100A9
:10E5D0003800010038F0010010B4134A0020134B3A
:10E5E0000121134CDFF84CC0C2F8F032C2F8F4023B
:10E5F000C2F8B810C2F8A000C2F8A440C2F8B01027
:10E600005369DB07FCD551619CF80030DB07EFD480
:10E610001368054943F0010313600B68DB07FCD462
:10E6200062B610BC704700BF00802A400504012478
:10E6300001000F0000812A4010B5DFF840E04FF6DE
:10E64000FF7C0C480EF17E04A0F58053002203E00D
:10E65000834202F1010203D2198802336145F7D1E6
:10E660002EF8022FA64500F58050EDD1024B012275
:10E670001A7010BD00107C60AFCA00208AC900204B
:10E6800041F2BB03984238D81D4B10B51B7882B0BD
:10E690005BB382081B4BDFF874C0A3FB0213D11AD3
:10E6A00003EB510318495B09C3EB831E1C46A2EB25
:10E6B0000E033CF813C059184FEA4C0C0A030CEB3C
:10E6C000013CBCEB013F15D900F0030EFF204EEAE0
:10E6D000840E134602321B88D9B21B0A8E4508BF2E
:10E6E00018469445F5D802B010BD0190FFF7A4FF7D
:10E6F0000198CEE7FF2002B010BDFF20704700BF99
:10E70000AFCA002005411004C00706008CC90020D4
:10E7100030B583B072B6334B40F20645324C9C6143
:10E720000224DC610024C3F8A040C3F8F05285182D
:10E73000C3F8F442C3F8F842C3F8FC424FF4702423
:10E74000C3F8A4400124C3F8B04020F01F03BFF376
:10E750004F8F4FF0E024C4F85C3F20339D42FAD83D
:10E76000BFF34F8FBFF36F8F1E4D6B69DC07FCD576
:10E770000123DFF87CC094B220F07F406B6144F449
:10E780007024C5F8F0C242F2012CC5F8F4C2C5F8F5
:10E79000BC30C5F8A000C5F8A440124CC5F8B03094
:10E7A00001E05B060AD4636913F00105F9D0412347
:10E7B000636103B0BDE83040FFF70EBF082A0DD8F3
:10E7C00042B10A48CDE9001200F02CF9DDE900124F
:10E7D00011442A46034B40205861E4E7A2F10805A2
:10E7E0000822EEE700802A40F05AF05A80812A4041
:10E7F0003204180800B5864672B6294B0221294812
:10E80000002298614FF47020D96140F20641C3F8AC
:10E81000F0120121C3F8F422C3F8F822C3F8FC2255
:10E82000C3F8A020204AC3F8A4000EEA0202C3F8ED
:10E83000B010BFF34F8F02F1200302F580514FF06B
:10E84000E02C8B422CBF0121802102EB41118B4235
:10E85000CCF85C2F1A4603F12003F8D1BFF34F8F99
:10E86000BFF36F8F0E4A5369D907FCD501200F49BA
:10E870000F4B4FF4702C50610EEA0303C2F8F012F4
:10E880000749C2F8A030C2F8A4C0C2F8B0004B6972
:10E89000DB07FCD501235DF804EB4B61FFF79CBE61
:10E8A00000802A40F05AF05A00F0FFFF20041808B8
:10E8B00000F0FF0041F2BB03984200F28E80484B0B
:10E8C0002DE9F0471B78C2B00E460546002B00F03C
:10E8D0008180AB08434F05F00305A7FB0327DA1B34
:10E8E00007EB5207404A7F0945EA8705C7EB8717C0
:10E8F000DF1B3E4B32F81740FB1860004FEA03382D
:10E9000000EB0330B0EB033F68D94246FF211346CA
:10E9100002321B885FFA83FC1B0AAC4508BF19460C
:10E920008242F4D38E4244D0B4F5006F44D302AC9B
:10E930004FF48072FF21204602F07AFE08F10202B5
:10E9400008F580532A48934294BF01234FF4006393
:10E95000424603EBC72318184000134602321B88B7
:10E960008242D9B24FEA13236354F6D10DF107095D
:10E9700066550DF2071A00254C464046FFF73AFF50
:10E9800014F801CF02220DF1060108EB4500631EC9
:10E99000BCF1FF0FA3EB090306D043EA0C230135BA
:10E9A000ADF80630FFF7B4FE5445E9D10E4B23F81D
:10E9B000175042B0BDE8F08702A945EA06250222B9
:10E9C00001340D80FFF7A4FE074B23F8174042B037
:10E9D000BDE8F087FFF730FE7BE77047FF21A1E736
:10E9E000AFCA0020054110048CC90020C0070600F2
:10E9F00000003E3062B170B505460C468E182046C8
:10EA0000013415F8011BFFF755FFA642F7D170BD81
:10EA1000704700BF08B5E0F77BFFF4F77BFA01F021
:10EA2000A5FAFAE7844641EA000313F003036DD127
:10EA3000403A41D351F8043B40F8043B51F8043BC1
:10EA400040F8043B51F8043B40F8043B51F8043BC8
:10EA500040F8043B51F8043B40F8043B51F8043BB8
:10EA600040F8043B51F8043B40F8043B51F8043BA8
:10EA700040F8043B51F8043B40F8043B51F8043B98
:10EA800040F8043B51F8043B40F8043B51F8043B88
:10EA900040F8043B51F8043B40F8043B51F8043B78
:10EAA00040F8043B51F8043B40F8043B51F8043B68
:10EAB00040F8043B403ABDD2303211D351F8043B08
:10EAC00040F8043B51F8043B40F8043B51F8043B48
:10EAD00040F8043B51F8043B40F8043B103AEDD2B7
:10EAE0000C3205D351F8043B40F8043B043AF9D208
:10EAF000043208D0D2071CBF11F8013B00F8013BDB
:10EB000001D30B8803806046704700BF082A13D3E7
:10EB10008B078DD010F003038AD0C3F10403D21AFF
:10EB2000DB071CBF11F8013B00F8013B80D331F833
:10EB3000023B20F8023B7BE7043AD9D3013A11F8B3
:10EB4000013B00F8013BF9D20B7803704B7843701E
:10EB50008B7883706046704701F06CBE01F1FF3C1A
:10EB600070B566464FF0000E01E00EF1010EB0FBED
:10EB7000F2F402FB1403092B03F1370598BF03F1EC
:10EB800030059042204606F8015FEED201EB0E03FD
:10EB900000225A70BEF1000F11D0481C70440CF1D5
:10EBA00002021CF8014F10F8015DA1EB0C03521A90
:10EBB0008CF80050013B047073449A42EFDB084626
:10EBC00070BD00BF074A506A936A19468446506A6E
:10EBD000936A9942F9D18445F7D1DB0B43EA40406F
:10EBE000704700BF00400D4010498B6823F00113AF
:10EBF0008B608B68DB07FCD48B6B0C4A23F0010322
:10EC00008B63936BD907FCD4C3030849400C53654D
:10EC10001065936B43F0010393638B6BDB07FCD5AB
:10EC20008B6843F001138B60704700BF00400D40BC
:10EC300072B6EFF30583524CC4F884301EF0040F13
:10EC40000CBFEFF30882EFF309824FF0E0234D4D44
:10EC5000D3F8280DD3F82C1DC4E92201D3F8341DB4
:10EC6000D3F8383DC4E924139369A83444F8103C20
:10EC7000D36944F80C3C00F0CDF804ED020AFFF72C
:10EC8000A1FF0B2344F8040C4FF0FF323E4844F838
:10EC9000283C2B68202104355A4042F300030139F7
:10ECA00003EA000383EA5202F7D1A542F1D1344BC3
:10ECB000C3F8A820BFF34F8F4FF0E0233149334A08
:10ECC000C3F8701FC3F8702FBFF34F8FBFF36F8F60
:10ECD0002F4A02242F48D36E2F4943F44053D36662
:10ECE0000460D3692D4823F07F0343F04003D361D0
:10ECF0000B68834240D8274D00204FF0E0234FF0AF
:10ED0000FF3228600121C5F8080125480C460E464F
:10ED1000C5F80001C5F80811C3F88021C3F88421A3
:10ED2000C3F88821C3F88C21C3F8902101E000F0DA
:10ED300071F9D5F80C31002BF9D04F2CC5F80C61C6
:10ED400004F10104F3D9174B022017494FF0004298
:10ED5000C1F840015A63D5F80C313BB91348144946
:10ED60000C4A0163D2F80C31002BFAD04FF0E023AB
:10ED7000104AC3F80C2DFEE7FFF7C0F9BBE700BF50
:10ED800000FF272080FF27202083B8EDA0FF272049
:10ED900000C00F4000400840A48D0020803DCD0BF6
:10EDA000009F240000900D4000002E4000800F4086
:10EDB000F100AD0B0400FA05094A08B503461068D6
:10EDC00023B1034407498B4201D8136008BD02F008
:10EDD00051FD0C2203464FF0FF301A6008BD00BF02
:10EDE000D08E002000002820002070474FF0FF3018
:10EDF000704700BF4FF4005300204B60704700BFC6
:10EE0000012070474FF0FF30704700BF30BFFDE773
:10EE1000FFF70EBF124AD2F880305B07FBD5D2F85D
:10EE200080301048C3F30B230F4990ED007A07EEB2
:10EE3000903A91ED006AB8EE477A0C4AF8EEE77A1C
:10EE40000B4BD2ED006A77EEC77A93ED007AB8EEFD
:10EE5000477A67EE867A87EEA60A37EE400A704751
:10EE600000810D4074C900207CC9002080C90020A9
:10EE700078C90020836B70B586460E4610461BB1DC
:10EE8000536843F40043536072B6DEF8342042B353
:10EE90001B4B1060D3F8B02132421ED1194C65686B
:10EEA00005E06268A2EB050CBCF5166F0BD2D3F837
:10EEB000402142F48042C3F84021D3F8B811D3F87E
:10EEC00040215204EDD5314007D10D4ACEE902016F
:10EED000D2F8B0313343C2F8B031CEF8340062B664
:10EEE00070BD0749CEE90202D1F8B0313343C1F811
:10EEF000B031CEF83000CEF8340062B670BD00BF3D
:10EF000000002E40001000E070B5056B95B12B4657
:10EF1000002403E01B680134012B0CD05A68120650
:10EF2000F8D5036306462CB12846B36B2D68984785
:10EF3000013CF9D170BD00220023C0E90C23F1E7A8
:10EF400000B501BBDFF8A0C0234B0021234A4FF0DE
:10EF5000010E4FF001109960C3F800E0CCE90231D6
:10EF60004FF0800CC3F804C0C2F8BC01D2F8B03135
:10EF70001B4843EA0E03C2F8B0310160D2F8B03149
:10EF8000002BFBD100BD0904164BDFF85CC04FF02D
:10EF9000010E41F080019860104A596000F58051DF
:10EFA000C3F800E0D96000F50051CCF84830196191
:10EFB00000F5405100F58040596100219861CCF87E
:10EFC0004C10D2F8B03143F48033C2F8B031D2F8EB
:10EFD000B031002BFBD1B7E74097002000002E4056
:10EFE00050C7002060970020000000200749012240
:10EFF0000B78824023EA02030B7033B9044AD2F83B
:10F00000483123F08003C2F848317047B4CA002069
:10F0100000002E402DE9F047A64C82B0D4F84461A0
:10F02000F107C4F844614CD5D4F8AC31002B43D07F
:10F03000A14DA24FDFF8B882C4F8AC31D5E90A205F
:10F04000D4F8403143F40053C4F84031D4F840318F
:10F050009B04F5D5D4F840314FF0011123F400534F
:10F06000C4F84031C4F8B411D4F8B43113F001132A
:10F07000FAD191B284463B60B1F5086F00F03A8155
:10F0800000F2958040F2023E714500F0928100F25C
:10F09000A480822900F0E181B1F5817F00F0B38185
:10F0A000802940F09580864802210380FFF748FFC1
:10F0B000D4F8AC31002BBFD17E4AD2F8BC31002B42
:10F0C00042D1720616D57B4BD3F8AC21C3F8AC21E4
:10F0D000D3F8BC21C3F8BC21D3F8B041002CFBD13C
:10F0E0004FF0FF32C3F8B421D3F8843100F046FD6D
:10F0F000744B1C60F40103D5734B1B6803B1984734
:10F10000B00103D5714B1B6803B19847710708D54F
:10F11000684BD3F8843113F4007345D06C4B012253
:10F120001A70644BD3F848311A060AD5330608D54D
:10F13000684A13782BB1013BDBB21370002B00F04F
:10F140006D8202B0BDE8F0875C49C2F8BC31086846
:10F15000034240F098815B4A12681340B1D01C0C06
:10F16000554D1FFA83F810D094FAA4F7B7FA87F731
:10F1700005EBC7104030FFF7C7FE012303FA07F77E
:10F18000BC43F1D1B8F1000F9BD0012798FAA8F445
:10F19000B4FA84F405EBC41007FA04F4FFF7B4FEE4
:10F1A00038EA0408F2D18CE7494A1370B9E742F211
:10F1B000212E71455AD049D8B1F5106F00F0A280C8
:10F1C00042F2210C614503D1010C072900F08C812A
:10F1D0004FF00113C4F8C0316AE7B1F5A06F00F039
:10F1E000CA80A1F5D0610129F2D83B4B59680029AA
:10F1F000EED01FFA8CFE120C03E019690C330029C3
:10F20000E6D0B3F800C09445F7D1B3F802C0F44596
:10F21000F3D14FEA122C000CBCF1030F00F0CB81AC
:10F220001B89834228BF0346B2F5007F9A4640F00F
:10F230009A81274B1B78002B40F0EE8127495246DC
:10F240002748DFF89C90FFF7EDFB9EE142F2213367
:10F25000994214D04FF6C0039942B9D183B2FF2B23
:10F26000B6D843F46E4363F30F0CBEE780B230B9F7
:10F270001C4B120C19681C4B19601C4B1A70002394
:10F28000C5F84880EB64C8F808300123C8F800309E
:10F290008023C8F804304FF00113C4F8BC31D4F80F
:10F2A000B03143F48033C4F8B031D4F8B031002B1E
:10F2B000FBD1FDE600002E400000002050C70020DA
:10F2C00050C8002054C7002074CA002078CA00200B
:10F2D000BACA0020BBCA0020B485002058EB0060E9
:10F2E0000000202048CA002070CA0020B8CA0020B0
:10F2F00040970020B34B0121B3481B780370FFF700
:10F300001FFED5E6AF49120C01930A70AF4AC4F84C
:10F31000C821AF4AC4F8CC21AE4AC4F8D02100F0CD
:10F320002FFC80220199AC4802F082F9AB4980227F
:10F33000019BA9644A60AA4AEB64C5F8A02002F1C7
:10F340003C428B6002F56C2202F56F72C5F8E0203A
:10F3500001220A604FF00112C4F8BC21D4F8B02198
:10F3600042F48032C4F8B0219E4A3B60D2F8B031FA
:10F37000002BFBD19CE69949EB648B600123A964C7
:10F380000B6080234B604FF001139649C4F8BC31E9
:10F39000D4F8B03143F48033C4F8B031D1F8B0318F
:10F3A000002BFBD1130C5B0643F08073C1F8543182
:10F3B0007EE610F0780F7FF40BAF00F07F028A4BEF
:10F3C000000653F822104CBF41F4803141F0010196
:10F3D00043F822100021814BE96499600121AB645C
:10F3E000196080217F4A59604FF00113C2F8BC3187
:10F3F000D2F8B03143F48033C2F8B031D2F8B03132
:10F40000002BFBD154E610F0780F7FF4E1AE00F052
:10F410007F02754B000653F822104CBF21F4803157
:10F4200021F0010143F8221000216C4BE96499603E
:10F430000121AB64196080216A4A59604FF00113C1
:10F44000C2F8BC31D2F8B03143F48033C2F8B031E5
:10F45000D2F8B031002BFBD12AE610F078037FF40C
:10F46000B7AE00F07F01604A000652F82110564AFC
:10F47000138036D5C90301D50123137002215248E8
:10F48000FFF75EFD14E60020086058490C884868C4
:10F4900042F221018C427FF45EAE80B200287FF4FC
:10F4A0005AAE5349534C03C9A18086284FEA1141F3
:10F4B0002060A1717FF44FAE72B64F48017841F0E1
:10F4C00008010170D2F848110D0605D480200143CF
:10F4D000C2F84401C2F8481162B6484A502111707E
:10F4E00039E6CB07CAD5C7E74049EB60444BC1E9D1
:10F4F00000200122AB601A60424A5A603C4A9A607E
:10F50000D4F8B01141F00101C4F8B01102F58051F6
:10F51000D96002F50051196102F5405102F58042AF
:10F5200059619A612F4AD2F8B031002BFBD12B4997
:10F53000EB648B600123A9640B6048F280034B608D
:10F540004FF00113C2F8BC31D2F8B03143F480332C
:10F55000C2F8B0314FF48033224A3B60D2F8B03168
:10F56000002BFBD1A4E5B2F5E06F7FF468AE264B2B
:10F570001B78002B4ED12549DFF89490524648461F
:10F58000FFF750FA072389F8013029F01F0309EB30
:10F590000A02BFF34F8F4FF0E021C1F8703F2033D4
:10F5A0009A42FAD8BFF34F8FBFF36F8F1848514676
:10F5B000FFF7C6FC7CE50B78834228BF03469A46DA
:10F5C0003DE600BFB9CA002050C800200200CC00B0
:10F5D000C80002000200C800800000204097002000
:10F5E0005DCFC6B800002E40C0012E40189D0020FF
:10F5F00048C7002068CA0020B4CA0020BBCA002047
:10F600006097002080000700BACA0020BCEB0060B1
:10F61000000020200449AFE7044910E60320FFF76B
:10F62000E5FC08F06FF800BF58EB0060BCEB006031
:10F630002DE9F043841E83B0022C02D903B0BDE84B
:10F64000F083124D90460F46C60105EBC0143C22D4
:10F6500000210190201D994601F0EAFFB8FA88F2D6
:10F660003904520941EA42710122A951C4F8389083
:10F67000A260B9F1000FE1D00549019B9A400B68E7
:10F680001A430A6003B0BDE8F08300BF0000002009
:10F6900054C700202DE9F043A0F1020E83B0BEF163
:10F6A000020F02D903B0BDE8F0839146C201124FA8
:10F6B000884602F1400605463C220021F4190193D8
:10F6C000201D01F0B5FFB9FA89FC4FEA0842019B01
:10F6D0004FEA5C1C42EA4C72BA510122A363A26059
:10F6E000002BDFD0054905F110000B6882401A435A
:10F6F0000A6003B0BDE8F0830000002054C700207A
:10F7000012044FF0010C816042F08002C0F800C08A
:10F71000C36101F5805C01F54053426001F5005280
:10F7200001F58041C0F80CC08161C0E90423704735
:10F73000831E022B00D9704700F1100C064B0A46BD
:10F7400003EBC01000B54FF0010E0EFA0CF15DF89E
:10F7500004EBFFF78FBB00BF40000020831E022B8D
:10F7600000D970474FF0010C034B0A460CFA00F128
:10F7700003EBC010FFF77EBB00000020406870471D
:10F78000144B0A22DFF850C0D3F8200220F07F404B
:10F7900000EB800300B55B0085B0604538BF1846BC
:10F7A0006946FFF7DBF9DFF834C06B46002260469C
:10F7B00019780132013341B10A2A20F8021FF7D12A
:10F7C00016228CF8002005B000BD52008CF80020F5
:10F7D00005B000BD00441F4080969800E0920020D4
:10F7E00000F0ECBA00F0BABA00F020BB00F0D8BAD2
:10F7F00000F06EBB00F048BB0846114600F03ABB73
:10F8000070B5164D4FF0E02415494FF40032154EF7
:10F8100005EB401582B001EB4021C4F88C21034672
:10F82000328828460191FFF76BFF019933880B441A
:10F83000BFF34F8FC4F85C1F20318B42FAD8BFF35F
:10F840004F8FBFF36F8F03202946FFF787FF4FF4D9
:10F850000033C4F80C3102B070BD00BF80970020A7
:10F860008000202094CA0020264B1A884368C3F3E6
:10F870000E43D21A002AF0B5C46983B028DD2248AD
:10F88000224D01782D78CBB2DFF894C0A942204DEB
:10F8900009D01CF803100F4635F811100E46C1F5BB
:10F8A00000718A421AD90133002125F81420082B4F
:10F8B000184D88BF0B4625F8141098BF19460CF850
:10F8C0000340154B017019680A441A6003B0F0BD7B
:10F8D000204603B0BDE8F040FFF792BF0F4906EBAA
:10F8E00047200192084401EB4421FFF79BF8019A5D
:10F8F00009492046B31825F817300B6813440B60EC
:10F90000E7E700BF94CA0020B2CA0020B3CA0020B3
:10F910006CC800207CC8002068C80020800020201F
:10F920008CC80020224B1A78002A3FD102F0FF0336
:10F93000204A1278002A39D01F4A1288002A35D06E
:10F940001E49C2F5006210B5087884B01C4901EB6D
:10F9500040141C4901EBC0212046CDE9022301914E
:10F96000FFF7CEFEDDE901120A44BFF34F8F4FF0DF
:10F97000E020039BC0F8701F20318A42FAD801931F
:10F98000BFF34F8FBFF36F8F04202146FFF7D0FEE8
:10F990000A480021084B027819800132019BD2B23B
:10F9A000032A98BF1346037004B010BD704700BF10
:10F9B000B7CA0020B9CA002096CA0020B6CA0020E3
:10F9C00080980020801020202DE9F04F87B004900F
:10F9D000002900F0BF8000235F4C604F4FF0010909
:10F9E000DFF890A15E4E029303915E4B5E4A1D7854
:10F9F0003B8802EB451284F800900192002B40F006
:10FA0000A58098461D469B460198FFF7B7FE10F06B
:10FA1000800000F08B80BFF34F8F9AF8003084F89D
:10FA200000B00DB9D6F80080002B7BD13368A3EB72
:10FA30000803782B00F283804C4B1B78002B71D08D
:10FA400000F094FA3B88012584F80090002BDBD06D
:10FA500044491A46C3F500600D78039900EBC520B0
:10FA6000DFF814B19142584417D20593DDE9032120
:10FA70000192FEF7D7FF019A4FF04041059B9B1A78
:10FA80003B803B4BC3F88410BFF34F8F0298002399
:10FA90001044237007B0BDE8F08F0499FEF7C2FF51
:10FAA00000230BEBC5214FF400620198FFF728FEFD
:10FAB0000BEBC521BFF34F8F01F1200201F500636D
:10FAC000934294BF012340234FF0E02201EB431304
:10FAD000C2F8701F20318B42FAD1BFF34F8FBFF3B2
:10FAE0006F8F04200199FFF723FE1E4A137801331C
:10FAF000DBB2042B28BF002313703B88039AD11A72
:10FB0000029A1A4403910292049A1A44002304921E
:10FB1000174A3B80C2F88430BFF34F8F237000290F
:10FB20007FF463AF029807B0BDE8F08F4FF4006236
:10FB30000C4B8AF800001D7813463A808DE70123AC
:10FB400002988AF8003007B0BDE8F08F1A46C3F576
:10FB5000006082E70846E6E7B7CA002096CA0020A0
:10FB600048CA0020B6CA002080980020B9CA0020E8
:10FB700000002E40B5CA002080102020704700BF32
:10FB80002D4B002180222D4870B51B7800242C4E6F
:10FB90008B420CBF40234FF400732A4D33802B80DF
:10FBA00001F046FD284A2146284B14704FF480721C
:10FBB00027481C8001F03CFD264A1021264B0220DC
:10FBC000C2E90044C2E90244244AC3E90044147073
:10FBD000234AC3E90244234B1C7023461460224687
:10FBE000FFF758FD204B224631880320FFF720FD08
:10FBF0002346012229880420FFF74CFD20460134CA
:10FC0000FFF7FEFD082CF9D1184B00214A221848B5
:10FC1000184C0460C3F88410C3F88020D3F848213E
:10FC2000154942F08072C3F8482121B1134A137874
:10FC300043F00103137070BDBACA00208098002001
:10FC400094CA002098CA0020B6CA002096CA002094
:10FC5000809700206CC800207CC80020B2CA002019
:10FC600068C80020B3CA00203D0C020000002E40EE
:10FC700074CA0020F90C020000000000BDCA002078
:10FC80002DE9F84F4FF400324FF0E023C3F88C21F8
:10FC90002B4B1C78002950D082468B46E4B20027BB
:10FCA000DFF8B490274B5046274AABEB07081B7888
:10FCB000A34204F1010437D0092C244B244928BF66
:10FCC00000241E5D39F8163031F8165003EB46213A
:10FCD000ED1A1144A8452A4617D21E4C42465046FA
:10FCE000FEF7A0FE236839F816105846A3EB0B0365
:10FCF00088443B4429F8168023604FF0E0234FF4FA
:10FD00000032C3F80C21BDE8F88FFEF78BFE114AD4
:10FD10002F4430461368AA445B1B1360084A1470D2
:10FD2000FFF76EFDBB45BDD84FF0E0234FF4003226
:10FD30003846C3F80C21BDE8F88F0846DDE700BF60
:10FD4000B3CA0020B2CA0020800020208CC8002046
:10FD50006CC8002068C800207CC800200B4B0C4AEF
:10FD600012781978D3B28A420DD0013309480A4A71
:10FD7000092B0A4928BF0023C35C31F8131002EB9A
:10FD80004323585C70474FF0FF307047B2CA0020E1
:10FD9000B3CA00208CC80020800020207CC800202E
:10FDA000054B186800B1704700B583B0019000F0B2
:10FDB000DDF8019803B000BD68C800202DE9F84FB8
:10FDC000144E154D33782A78934220D0DCB2DFF8F8
:10FDD0005090DFF850B0DFF85080104F0134082CFD
:10FDE000A24601D90024A24619F80400DBF800302D
:10FDF00038F8102037F81010521A9B1ACBF8003040
:10FE0000FFF7FEFC86F800A02B78A342E6D1BDE800
:10FE1000F88F00BFB3CA0020B2CA00207CC80020FF
:10FE20008CC8002068C800206CC8002000B583B0D2
:10FE300001210DF10700FFF723FF18B19DF807001E
:10FE400003B000BD4FF0FF30FAE700BF084B00B52C
:10FE500083B01B788DF8070033B101210DF1070045
:10FE6000FFF7B2FD03B000BD03F0FF0003B000BD1B
:10FE7000B9CA0020034B1B780BB1FFF7A5BD03F0F7
:10FE8000FF007047B9CA00202DE9F04100240D4E53
:10FE900001230D4DA0460D4F33703B782846A342F9
:10FEA00005D0FFF76BFC030658BF08F50068013466
:10FEB0002035042CF1D1BFF34F8F0023404633701F
:10FEC000BDE8F081B7CA002080980020B6CA0020A3
:10FED000204B1B7813B1204B1A8802B970471F4B77
:10FEE000C2F500621E481F4930B51B7883B01E4C16
:10FEF00000EB431001EBC3210123054623700023CF
:10FF0000CDE90012FFF7FCFBDDE900120A44BFF364
:10FF10004F8F4FF0E023C3F8701F20318A42FAD888
:10FF2000BFF34F8FBFF36F8F04202946FFF700FC0C
:10FF30000A49002208480B7802800133DBB2042B07
:10FF400028BF13460B70BFF34F8F074B1A7003B0D7
:10FF500030BD00BFB9CA002096CA0020B6CA002032
:10FF60008098002080102020B7CA00202E4B2DE959
:10FF7000F0411E7886B1DFF8C88098F800305BB990
:10FF80000123F10788F8003040D4B20727D40023BA
:10FF900088F80030730701D4BDE8F081234B1A685C
:10FFA000002AF9D0EFF30582002AF5D1EFF310858E
:10FFB00072B61868002830D01D4C217800292CD149
:10FFC0000122227042691A60002A2AD0916105B983
:10FFD00062B600258368457798472570DCE7154BA6
:10FFE0001B78002BD3D0144F002557F8044F2368FB
:10FFF00020461B69984710B163699B6898470D4B71
:02000004600397
:1000000001351A78EBB29A42EFD8C0E7FFF7C8FE85
:100010000028BAD0AFF30080B7E7002DBCD162B69C
:10002000BAE7064B1A60D2E7BDCA0020A4A300209D
:10003000A7CA0020A8CA00201C970020B0A3002057
:10004000AACA002010B500234FF470440F224FF4C9
:10005000806EA0F88C411946A0F88E214FF46044C0
:10006000A0F890310A46B0F8883148F2B82C43F035
:10007000F003A0F8883101EB4103013100EB431399
:1000800004299C80A3F806E05A841A865A805A8173
:10009000A3F80EC05A82DA825A83DA83EBD1B0F821
:1000A000883143F00F03A0F88831B0F8883143F469
:1000B0007063A0F8883110BD374B384A996F3848C3
:1000C00041F47F0170B5996741F20106D3F88010C1
:1000D00045F6C05543F226040A43C3F88020FFF7D3
:1000E000B1FF00F58040FFF7ADFF00F58040FFF75E
:1000F000A9FF00F58040FFF7A5FF0022A0F503103F
:100100004FF00F0E114600EB42134FEA421C013232
:100110009981042A5981A3F80EE09E82DD8020F89F
:100120000C1019829C81EED100221E484FF00F0E58
:1001300041F20106114645F6C05543F2260400EB94
:1001400042134FEA421C01329981042A5981A3F8D3
:100150000EE09E82DD8020F80C1019829C81EED189
:10016000002211480F2641F20105114645F6C05400
:1001700043F2260E00EB42134FEA421C01329981F2
:10018000042A5981DE819D82DC8020F80C101982BE
:10019000A3F80CE0EED170BD00C00F40000003FCDE
:1001A00000C03D4000001E4000401E4008B5D0E9A0
:1001B00000325BB1BAB10F4BA3FB0213DB0803EBB8
:1001C0004303B2EB83030AD1012008BD094BA3FB13
:1001D0000213DB0803EB4303B2EB830301D0D21A13
:1001E0004260F02AF0D801F045FB1C2203460020B3
:1001F0001A6008BDABAAAAAA30B583B060B30446A2
:1002000021B11D46B2FA82F35B09A2B9206818B386
:1002100062680AB3164B174902FB03F3B1EBB30F45
:100220001AD3A368FBB9002323606360A360E36073
:10023000012003B030BD0193069BC0E90012C360EA
:10024000FFF7B4FF60B1002DF2D062680199206819
:10025000A56001F0EDF9EBE701F00CFB162303605C
:10026000002003B030BD002101F0E2F9DBE700BF60
:10027000ABAAAAAA555555150000000010B510EEFE
:10028000102AC2F30A53B3F57D7FB7EEC06A84B07B
:100290001BD226EE067BB3F5667F6CD326EE072BCA
:1002A00027EE021B714B93ED1A3B93ED185B93ED18
:1002B000164BA7EE035BA2EE046BB0EE460BA5EE69
:1002C000010BB7EEC00B04B010BD40F22E418B42C3
:1002D00059D8664A92ED087B26EE077BFDEEC77B78
:1002E00092ED0A5B17EE903A03F500031B1699078F
:1002F00007EE903A54BF114602F17001DC07B8EEE8
:10030000E77BA7EE456B26EE067B1DD403F00303C7
:1003100002EBC30291ED185B92ED000B91ED1A3BDD
:1003200026EE000BB0EE456B91ED164BA7EE036B7E
:1003300020EE075B27EE057BA5EE040BA6EE070B70
:10034000B7EEC00B04B010BD91ED144B27EE075B68
:1003500091ED126B91ED0E2BA7EE046B27EE054B82
:1003600091ED0C0B91ED103BA7EE020BA5EE030BEC
:10037000A6EE040BE4E712F0FF4FE3D1B7EEC77B24
:100380008DED037ADEE7B3F5FF6F4CD2C2F38361E4
:10039000374B8DED010A03EB810C53F82110C2F3AA
:1003A0001603C2F3C25043F400038340DCF820007C
:1003B000DCF810C003FB01F1A3FB00E0E3FB0C0140
:1003C00001F100539C0F03F04043C91A00F004FAF6
:1003D000019A9FED246B04EBD27241EC170B90074E
:1003E00054BF224B234B27EE067BE10727EE076B1A
:1003F0001ED41E4901EBC20293ED185B93ED1A3B2C
:1004000092ED000B93ED164B27EE000BB0EE457B03
:1004100020EE065BA6EE037BA5EE040B26EE056B35
:10042000A7EE060B8CE704B0BDE8104000F030B832
:1004300093ED144B26EE065B93ED127B93ED0E2BA2
:10044000A6EE047B26EE054B93ED0C0B93ED103BD3
:10045000A6EE020BA5EE030BA7EE040B70E700BFA0
:10046000AFF30080182D4454FB21193C7003002089
:1004700088800020E003002010B582B08DED010AD5
:10048000044601F0F7F99DED010A046002B010BDC9
:1004900070EE407AB4EE400A87EEA77AF1EE10FAD9
:1004A000B0EE470A02D62120FFF7E6BF704700BF33
:1004B00003460846194600F03DBE00BF81F00041EA
:1004C00002E000BF83F0004330B54FEA41044FEA39
:1004D000430594EA050F08BF90EA020F1FBF54EAD4
:1004E000000C55EA020C7FEA645C7FEA655C00F070
:1004F000E2804FEA5454D4EB5555B8BF6D420CDD41
:100500002C4480EA020281EA030382EA000083EAC3
:10051000010180EA020281EA0303362D88BF30BD63
:1005200011F0004F4FEA01314FF4801C4CEA1131B9
:1005300002D0404261EB410113F0004F4FEA033318
:100540004CEA133302D0524263EB430394EA050FA3
:1005500000F0A780A4F10104D5F1200E0DDB02FA12
:100560000EFC22FA05F2801841F1000103FA0EF2A6
:10057000801843FA05F359410EE0A5F120050EF16C
:10058000200E012A03FA0EFC28BF4CF0020C43FA9D
:1005900005F3C01851EBE37101F0004507D54FF0AA
:1005A000000EDCF1000C7EEB00006EEB0101B1F5FA
:1005B000801F1BD3B1F5001F0CD349085FEA300040
:1005C0004FEA3C0C04F101044FEA445212F5800F4B
:1005D00080F09A80BCF1004F08BF5FEA500C50F1E8
:1005E000000041EB045141EA050130BD5FEA4C0CCB
:1005F000404141EB0101013C28BFB1F5801FE9D228
:1006000091F0000F04BF01460020B1FA81F308BF4A
:100610002033A3F10B03B3F120020CDA0C3208DD16
:1006200002F1140CC2F10C0201FA0CF021FA02F1F1
:100630000CE002F11402D8BFC2F1200C01FA02F161
:1006400020FA0CFCDCBF41EA0C019040E41AA2BF86
:1006500001EB0451294330BD6FEA04041F3C1CDA4E
:100660000C340EDC04F11404C4F1200220FA04F06E
:1006700001FA02F340EA030021FA04F345EA030118
:1006800030BDC4F10C04C4F1200220FA02F001FADA
:1006900004F340EA0300294630BD21FA04F029465C
:1006A00030BD94F0000F83F4801306BF81F48011F5
:1006B0000134013D4EE77FEA645C18BF7FEA655C68
:1006C00029D094EA050F08BF90EA020F05D054EA3A
:1006D000000C04BF1946104630BD91EA030F1EBF3F
:1006E0000021002030BD5FEA545C05D14000494143
:1006F00028BF41F0004130BD14F580043CBF01F536
:10070000801130BD01F0004545F0FE4141F470011B
:100710004FF0000030BD7FEA645C1ABF19461046F6
:100720007FEA655C1CBF0B46024650EA013406BFF7
:1007300052EA033591EA030F41F4002130BD00BFB6
:1007400090F0000F04BF0021704730B54FF4806473
:1007500004F132044FF000054FF0000150E700BFF4
:1007600090F0000F04BF0021704730B54FF4806453
:1007700004F1320410F0004548BF40424FF0000140
:100780003EE700BF42004FEAE2014FEA31014FEA83
:1007900002701FBF12F07F4393F07F4F81F06051D2
:1007A000704732F07F4208BF704793F07F4F04BF1D
:1007B00041F40021704730B54FF4607401F00045FA
:1007C00021F000411CE700BF50EA010208BF70475A
:1007D00030B54FF000050AE050EA010208BF70474B
:1007E00030B511F0004502D5404261EB41014FF4B4
:1007F000806404F132045FEA915C3FF4D8AE4FF0BC
:1008000003025FEADC0C18BF03325FEADC0C18BF9E
:10081000033202EBDC02C2F1200300FA03FC20FAEF
:1008200002F001FA03FE40EA0E0021FA02F114443C
:10083000BDE600BF024B0146186801F03BBB00BF9C
:10084000409100202DE9F04F01F10B02162A85B0EE
:10085000804624D8102900F2AB8000F0C9FA0225A6
:1008600018211022B74C2144A1F108004E6886429D
:1008700000F062817268F168B46822F003023244C9
:10088000E1608C60516841F001014046516000F028
:10089000B5FA06F10804204605B0BDE8F08F32F045
:1008A000070200F18580914200F28280019200F0FF
:1008B0009FFA019AB2F5FC7FC0F0BA81570A7FD047
:1008C000042F00F27281970907F139052BB207F165
:1008D000380CDB009B4C2344A3F108065B689E4266
:1008E00007D10DE00028DF6880F21381BE4207D0F7
:1008F0003B46596821F00301881A0F28F2DD65464E
:10090000236991498B4200F0F1805E6826F003066E
:10091000B11A0F2900F391818B480029C4E9040022
:1009200080F27981B6F5007F676880F01981F1085F
:1009300001310FFA81FC76090121B14054F83C00E5
:1009400098600F4304EBCC010839D960676044F824
:100950003C30C360AB1001269E40BE4236D83E42BA
:1009600006D125F0030576003E4205F10405FAD0D4
:1009700004EBC50A04EBC507A946F9680EE0486810
:1009800020F0030EAEEB020CBCF10F0F0B46C96852
:1009900000F31881BCF1000F80F22D818F42EED15F
:1009A00009F1010919F0030F07F10807E5D17FE10B
:1009B0000C23C8F800300024204605B0BDE8F08FB5
:1009C0004FF4007340254FF03F0C83E7A768796828
:1009D00021F0030393429A4603D3991A0F2900F397
:1009E00087805A495A4E0968103111440820CDE9D0
:1009F000011200F073FF01994B1E034445428346E8
:100A000030681D40B0F1FF3F18BF294640460191B4
:100A100000F008FF411C0546DDE9011200F02B81C2
:100A200007EB0A0C844500F224814A4B186800EB5E
:100A300001090BF1FF3EC3F8009000F08981306896
:100A400001301BBFA5EB0C0C09EB0C0035601860E6
:100A500015F00700814600F04881C0F10800054408
:100A6000CDE901236B1803EA0E015844401A00EA4D
:100A70000E06314640469B4600F0D4FE421CDDE99E
:100A8000012300F09581401B304440F001011868BB
:100A9000A56000EB0609A7426960C3F8009017D073
:100AA000BAF10F0F40F25E81AAF10C0121F0070CA0
:100AB000796801F0010141EA0C017960052607EB34
:100AC0000C01BCF10F0FC1E9016600F26381696896
:100AD000214B1E684E4538BFC3F800901F4B1E685F
:100AE0004E4501D2C3F800902F46C6E0676831E753
:100AF000BD1841F0010142F001027A604046A56054
:100B0000696000F07BF907F10804204605B0BDE8F4
:100B1000F08F9A6801931944D760BA604A6842F02E
:100B2000010240464A6000F069F9019B03F10804A4
:100B3000204605B0BDE8F08FCE68B1427FF49AAE92
:100B40000235DDE65886002060860020D0C50020F2
:100B50002C910020A0C50020C8C50020CCC50020D5
:100B6000B6F5206F4FEA56207CD3142800F2D380CC
:100B700000F15C0109B25B30C90004EB010C615863
:100B8000ACF1080C8C4503D1A8E089688C4504D0F1
:100B9000486820F00300B042F7D8D1F80CC0C3E990
:100BA000021CCCF80830CB60D4E6142F72D9542F35
:100BB00000F2BA80170B07F16F052BB207F16E0C2C
:100BC000DB0087E69D1842F001025A609E68864A63
:100BD000F1608E60C4E90455C5E902224CF00102BF
:100BE0006A60404643F80EC0019300F007F9019B8C
:100BF00003F10804E0E69E441C46DEF8043043F0AE
:100C00000103CEF8043054F8083F4046D9608B60A9
:100C100000F0F4F8D0E61E4440467268019342F0BA
:100C20000102726000F0EAF8019B03F10804C3E6D8
:100C3000D508691C09B2C90014E69D1842F00102EA
:100C40005A60694A0193C4E90455C5E9022241F09A
:100C500001026A604046995100F0D0F8019B03F10F
:100C60000804A9E6B00900F1390109B23830C90019
:100C700083E7A74263D0A768796821F00300904218
:100C8000A0EB020102D30F293FF732AF404600F03C
:100C9000B5F890E607F15C052BB207F15B0CDB00C1
:100CA00018E6514651F808398B428A4640F09A803E
:100CB00015F0030F05F1FF35F3D1636823EA06034E
:100CC000636076009E423FF681AE1EB97EE67600F6
:100CD00009F104091E42FAD04D4649E6801001266A
:100CE00006FA00F00743676059E7CDE902236B1865
:100CF00003EA0E01ABEB010606EA0E06314640465A
:100D0000019300F08FFD431C019B04BF4E46184623
:100D1000DDE90223B7E6542827D8300B00F16F0134
:100D200009B26E30C90028E7B7F5AA7F27D8D70BDC
:100D300007F178052BB207F1770CDB00CAE52B4BE6
:100D4000186800EB01090BF1FF3EC3F8009076E64E
:100D500015EA0E0F7FF473AEA568514441F001010E
:100D60006960B5E601236B6090E7B0F5AA7F25D8EE
:100D7000F00B00F1780109B27730C900FDE640F2CE
:100D800054539F4224D8930C03F17D0503F17C0C4E
:100D9000EB009FE507F108014046CDE9012301F092
:100DA00089F8A568029B6968D3F80090019A8FE6DC
:100DB000A9F108010BEB0100002664E640F2545152
:100DC00088420BD8B00C00F17D01C9007C30D4E61C
:100DD0004FF47E737F254FF07E0C7BE54FF47E71E0
:100DE0007E20CAE663686CE760860020A0C500200C
:100DF000014800F06FBD00BF98C50020014800F019
:100E00006BBD00BF98C50020002900F09F802DE930
:100E1000F04383B00C4600928046FFF7E9FF00994B
:100E200001F10B03162B60D81023994260D854F8B7
:100E300004EC2EF003029A42A4F1080565DAB348E7
:100E4000806805EB020C6045DCF8046000F09080DF
:100E500026F0010060444068C0076CD426F0030609
:100E6000901983424CDD1EF0010F0FD154F8080C8D
:100E7000281A0746406820F0030006441644B3428F
:100E800040F3EF801618B34240F3C9804046CDE9E5
:100E90000023FFF7D7FCDDE900230646002800F019
:100EA000178154F8041C21F001012944A0F1080C19
:100EB000614500F0AE80043A242A00F2CE80132A65
:100EC00000F29C80034622461168196051685960FF
:100ED00092689A602146404600F0ECFF4046FFF7DA
:100EE0008DFF304603B0BDE8F08333F007039CD597
:100EF0000C23C8F800300026304603B0BDE8F0836C
:100F00000246DCE90201C16088606968D01A0F28D6
:100F100001F0010105EB02061BD8114369607368FB
:100F200043F0010373604046FFF768FF26463046F2
:100F300003B0BDE8F0831EF0010FA7D154F8080CF0
:100F4000281A0746406820F003009BE71146FFF788
:100F500079BC19436960E91840F001004860736882
:100F600043F0010308317360404600F0A3FFDAE765
:100F700026F00306B01803F1100C604580F28B8058
:100F80001EF0010F82D154F8080C281A0746406859
:100F900020F0030006441644B445B1463FF772AF53
:100FA0003E46F96856F8080F043A242AC160886062
:100FB00000F2A580132A40F2A0802168B960616820
:100FC000F9601B2A00F2A480083407F1100221689E
:100FD000116061685160A1689160F918A9EB030282
:100FE0004A4D42F00102A9604A607A6802F00102AB
:100FF000134340467B60FFF701FF98E723680360D7
:10100000636843601B2A3BD804F1080200F108031F
:101010005AE750F8041C21F003010A4475E7043A2A
:101020003D46F96855F8080F242AC160886020D829
:10103000132A1CD92168B9606168F9601B2A3DD860
:10104000083407F110022168116061685160A168DD
:1010500091602C4632463D4657E7214600F056FA4D
:1010600038E7DCE90201043AC1608860D8E72A4623
:10107000E9E721462846009300F048FA009BE8E79C
:10108000A3688360E368C360242A25D004F11002BA
:1010900000F1100318E71D4A1D449560C21A42F082
:1010A00001026A6054F8042C02F001021343404626
:1010B00044F8043CFFF7A2FE264638E7A1683961F0
:1010C000E1687961242A10D0103407F11802BAE7D8
:1010D0004046FFF793FE0EE72369036161694161B2
:1010E00004F1180200F11803EEE62269BA616269A0
:1010F000FA61183407F12002A5E7324667E7214676
:101100003046009300F002FA009B66E75886002004
:10111000A1683961E1687961242A03D0103407F1AC
:10112000180254E72269BA616269FA61183407F15A
:1011300020024CE713460A460146022000F022BE78
:10114000024A0349034800F0C9B800BF34910020A7
:101150006D5D0200608A00200C4B4168994210B519
:10116000044601D003F018FCA168094B994202D053
:10117000204603F011FCE168064B994204D020465A
:10118000BDE8104003F008BC10BD00BFD4C500206E
:101190003CC60020A4C600202DE9F843314A324C59
:1011A0003249DFF8DC90DFF8DC80314F1160002538
:1011B00004232946082204F15C00C4E903352D4EBE
:1011C000A560C4E90055C4E90555656600F030FA2C
:1011D00004F15800C4E90749C4E90987E66200F050
:1011E00075FB2946244B6367082204F1C400C4E957
:1011F0001A55C4E91E552567C4F8CC50C4F8805070
:1012000000F016FA04F1680304F1C000C4F8843059
:10121000C4E92298C4E9247600F058FB174BC4F8BF
:10122000DC30294604F596700822C4E93455C4E937
:101230003855C4F8D850C4F83451C4F8E85000F018
:10124000F7F904F1D003C4E93D87C4F8F09004F540
:101250009470C4F8FC60C4F8EC30BDE8F84300F0CA
:1012600035BB00BF0CC70020D4C5002015250200E7
:10127000592702007D270200090001001200020028
:10128000F52602001927020010B504460A4800F0AE
:1012900021FB636B23B9094B094A1B68626323B1C5
:1012A000BDE81040044800F017BBFFF775FFBDE82C
:1012B0001040014800F010BB9CC500200CC7002066
:1012C0002D250200014800F005BB00BF9CC5002091
:1012D000014800F001BB00BF9CC500202DE9F84388
:1012E0000746884616464FF000097568013D11D43F
:1012F000B468A389012B08D9B4F90E300133214613
:10130000384602D0C04749EA0009013D6B1C04F190
:101310006804EED13668002EE7D14846BDE8F88370
:1013200010B50C46B1F90E1000F066FA002803DB88
:10133000236D0344236510BDA38923F48053A38147
:1013400010BD00BF2DE9F0411F46B1F90C30164623
:10135000DA050C4605460BD423F48053A381B4F977
:101360000E103B4632462846BDE8F04100F06CBA0C
:101370000223B1F90E10002200F028FAB4F90C3063
:10138000EAE700BF10B50C46B1F90E1000F01EFAE6
:10139000B4F90C30421C0EBF23F4805343F4805345
:1013A0002065A38110BD00BFB1F90E1000F0FCB99B
:1013B00070B5ADF5067D0E46009313464FF40072EE
:1013C000059206A905AA054600F028F898B102463C
:1013D000059B03903146284600F036FA039A0590A3
:1013E00006AB9A4204D02846114600F063FD0598EA
:1013F0000DF5067D70BD4FF0FF30F9E700B5DFF861
:1014000018E084461346DEF800005DF804EB0A4657
:101410006146FFF7CDBF00BF4091002010B59AB0E4
:1014200021B1D2F800C0BCF1000F1CD100214FF453
:10143000227CADF80CC01991009104914FF6FF7C0D
:1014400002910591144669461A461C9BADF80EC0E0
:1014500001F054FA002814DB009B206000221A706F
:1014600004981AB010BD0091049161464FF4C16C0C
:10147000ADF80CC04FF0000CCDF864C0DEDA8B2361
:10148000036000201AB010BD032A11D8002A3BD0F7
:10149000013A431E0139024401E09A4234D013F864
:1014A000010F11F801CF6045F7D0A0EB0C00704799
:1014B00010B541EA0004A40784460B460FD0013A58
:1014C000431E0139024401E09A421BD013F8010F78
:1014D00011F801CF6045F7D0A0EB0C0010BDDCF88F
:1014E0000040D3F800E074451946604603F1040358
:1014F0000CF1040CE3D1043A032AF0D860461946F3
:10150000002ADCD1002010BD00207047884270B551
:1015100031D98B1883422ED9032A00EB02011DD941
:1015200041EA030C1CF0030F1D4618D14FEA920C40
:101530000CF1FF36A1EB8C048C4653F804ED4CF80B
:1015400004EDA445F9D1C6EB867301EB830105EBED
:10155000830CACF10403043902F0030252B102F12E
:10156000FF3C6FEA0C0C9C4413F8012D01F8012D8F
:101570006345F9D170BD032A50D941EA00039B07A6
:101580004ED10F2A51D922F00F0301F1100601F1BB
:10159000100C103B203100F1100E19445CF8104C77
:1015A0004EF8104C5CF80C4C4EF80C4C5CF8084CA7
:1015B0004EF8084C5CF8044C4EF8044C0CF1100C3E
:1015C0008C450EF1100EE9D1F11812F00C0F034406
:1015D00002F00F0503F1100325D025F0030CACF148
:1015E000040426461A1F1C198C465CF804EB42F8CA
:1015F00004EFA242F9D1043104333144334405F0FD
:101600000302002AB6D0013A0132013B0A4411F824
:1016100001CB03F801CF9142F9D170BD0346F0E749
:10162000013A0346F0E72A46EBE703461546D4E7BE
:1016300030B584078646034606D0A2B303F8011BE3
:10164000980702F1FF32F8D1032A26D95FFA81FC0C
:101650000CEB0C2C0F2A0CEB0C402AD922F00F0CAF
:101660009C44C3E90000C3E9020010336345F8D18C
:1016700012F00C0F02F00F0417D04FEA940C0CF18B
:10168000FF351A4603EB8C0C42F8040B6245FBD184
:10169000043304F0030203EB850322B11A4403F878
:1016A000011B9A42FBD1704630BD2246002AF5D17B
:1016B000F9E71446E1E700BF8AB340EA01039B075C
:1016C00030B504468E4618D1032A07D815E0043AEF
:1016D00023D01CF0803F20D1032A26D92368DEF8CE
:1016E0000050A3F10131AB4221EA030C20467146C0
:1016F00004F104040EF1040EE9D003780C78A3423F
:101700000FD1013A024406E06BB110F8013F11F825
:10171000014FA34205D19042F6D1002030BD1046C2
:101720007047181B30BD184630BD20467146E4E7AF
:1017300010B504460843830701D1032A19D8A446EB
:1017400001F1FF3E07E01EF8011F03F8011B501EC8
:1017500031B19C4602466346002AF4D1204610BDB2
:1017600094440028FAD003F8011B6345FBD12046BE
:1017700010BD0B46A44618681946A0F1013323EAB0
:10178000000313F0803F01F10403D9D1043A032A86
:101790004CF8040BEFD81946D2E700BF014B93F881
:1017A00010027047D88E002038B5074C002305463C
:1017B00008462360FDF71AFB431C00D038BD2368A0
:1017C000002BFBD02B6038BD58C7002038B58C46A5
:1017D000084C114605461A46604600232360FDF773
:1017E00011FB431C00D038BD2368002BFBD02B60BD
:1017F00038BD00BF58C7002038B58C46084C11468C
:1018000005461A46604600232360FDF7EDFA431CA7
:1018100000D038BD2368002BFBD02B6038BD00BF43
:1018200058C7002038B5074C0023054608462360FA
:10183000FDF7C2FA431C00D038BD2368002BFBD053
:101840002B6038BD58C7002038B58C46084C11466F
:1018500005461A46604600232360FCF757FB431CED
:1018600000D038BD2368002BFBD02B6038BD00BFF3
:1018700058C70020014B1868704700BF40910020F6
:1018800070B50E4E0E4DAE4208D0761BB610002439
:1018900055F8043B01349847A642F9D8094E0A4D41
:1018A00005F034FFAE4208D0761BB610002455F880
:1018B000043B01349847A642F9D870BD701F006000
:1018C000701F0060981F0060701F0060704700BFAD
:1018D000704700BF704700BF704700BF082802D1A3
:1018E0004FF48050704708B5FFF7C4FF162303601C
:1018F0004FF0FF3008BD00BF0000000000000000F6
:1019000000000000000000000000000002780B78DA
:10191000012A28BF9A4240F0D8806DE9044540EA88
:101920000104CDE902676FF0000C4FEA44721AB36C
:1019300080EA010414F0070F6BD100F0070420F0D7
:10194000070004F0030521F007014FEAC505F0E8A0
:10195000042314F0040FF1E804670CFA05F462EABA
:10196000040266EA04060BD063EA0403624667EAEF
:101970000407664604E000BFF0E80423F1E80467CA
:1019800082FA4CF582EA0604A4FA8CF46CBB83FA62
:101990004CF583EA0705A5FA8CF595B950E90223C1
:1019A00051E9026782FA4CF582EA0604A4FA8CF443
:1019B00083FA4CF583EA0705A5FA8CF52543DBD0BD
:1019C0009CB92DBAB5FA85F424F0070427FA04F17E
:1019D000DDE9026723FA04F303F0FF0001F0FF01E1
:1019E000FDE80445A0EB0100704724BAB4FA84F482
:1019F00024F0070426FA04F1DDE9026722FA04F272
:101A000002F0FF0001F0FF01FDE80445A0EB01003A
:101A1000704714F0030F3CD110F0030428D150F8A4
:101A2000082B51F8083B82FA4CF582EA0305A5FA27
:101A30008CF55DB950F8042C51F8043C82FA4CF551
:101A400082EA0305A5FA8CF5002DE8D02DBAB5FA87
:101A500085F424F0070423FA04F122FA04F202F0D8
:101A6000FF0001F0FF01FDE80445A0EB0100704715
:101A70004FEAC40420F0030050F8082B21F00301C2
:101A800051F8083B0CFA04F462EA040263EA040326
:101A9000C9E710F003041DD0A1EB040120F00300FE
:101AA000E40750F8042B06D012D28B785FFAA2F428
:101AB000E41A06D12BB1CB785FFAB2F4E41A00D164
:101AC00033B920465DF8104B7047A2EB0300704716
:101AD00001F1040150F8042BCC0721F0030151F867
:101AE000043B48D824D222F07F4482FA4CF594EA91
:101AF0001325A5FA8CF50AD165B951F8043B84EA9F
:101B00000204B4EB036F0ED150F8042BEBE74FEA5D
:101B1000132355E035F07F454DD10878FDE80445A5
:101B2000C0F1000070474FEA126203F0FF0347E084
:101B300002EA1C4482FA4CF594EA1345A5FA8CF5A6
:101B40000AD165B951F8043B84EA0204B4EB034FAF
:101B50000CD150F8042BEBE74FEA134330E015EAC1
:101B60001C4528D10B884FEA124229E04FEA124265
:101B700003EA1C4324E002F0FF0482FA4CF594EAE5
:101B80001365A5FA8CF50AD165B951F8043B84EACE
:101B90000204B4EB032F09D150F8042BEBE74FEA12
:101BA00013630DE015F0FF0F05D10B684FEA122209
:101BB00023F07F4304E04FF00000FDE80445704748
:101BC00012BA1BBA82FA4CF482EA0304A4FA8CF526
:101BD000B5FA85F402FA04F203FA04F34FEA12604C
:101BE000FDE80445A0EB1360704700BF01F0FF0162
:101BF000102A2BDB10F0070F08D010F8013B013A38
:101C00008B422DD010F0070F42B3F6D1F0B441EA69
:101C1000012141EA014122F007047FF0000700237F
:101C2000F0E80256083C85EA010586EA010685FAD5
:101C300047F5A3FA87F586FA47F6A5FA87F68EB92F
:101C4000EED1F0BC01F0FF0102F0070232B110F852
:101C5000013B013A83EA010313B1F8D10020704738
:101C600001387047002D06BF35460338073815F098
:101C7000010F07D1013015F4807F02BF013015F448
:101C8000C03F0130F0BC0138704700BF00000000C9
:101C90000000000000000000000000000000000044
:101CA00000000000000000000000000030B490F8C8
:101CB00000F020F007016FF0000C10F0070491F81D
:101CC00020F040F048804FF000046FF00700D1E9A9
:101CD000002391F840F000F1080082FA4CF2A4FAD7
:101CE0008CF283FA4CF3A2FA8CF34BBBD1E90223BA
:101CF00082FA4CF200F10800A4FA8CF283FA4CF359
:101D0000A2FA8CF3E3B9D1E9042382FA4CF200F190
:101D10000800A4FA8CF283FA4CF3A2FA8CF37BB994
:101D2000D1E9062301F1200182FA4CF200F108000A
:101D3000A4FA8CF283FA4CF3A2FA8CF3002BC6D0EF
:101D4000002A04BF04301A4612BAB2FA82F200EB3B
:101D5000D20030BC7047D1E9002304F00305C4F180
:101D600000004FEAC50514F0040F91F840F00CFA9A
:101D700005F562EA05021CBF63EA050362464FF0FF
:101D80000004AAE7F0B51D4C83B005462068019118
:101D900016461F46FFF79EFD194A0199136823B3A3
:101DA0005A6820681F2A23DC4DB9541C02325C603B
:101DB00043F82210FFF790FD002003B0F0BD03EBC5
:101DC000820E0124CEF88860D3F88861944046EAF8
:101DD000040C022DC3F888C1CEF80871E5D1D3F800
:101DE0008C512543C3F88C51DFE7064B1360D7E7CE
:101DF000FFF772FD4FF0FF30DFE700BFCC8E002011
:101E000000C4002004C40020F8B5064608200C4693
:101E1000FFF764FD07463046FEF7EAFF224A936863
:101E20005D6825F00305A5F111031C1B3C44B4FBC0
:101E3000F7F4013C07FB04F4A74208DC002130461C
:101E4000FFF7F0FC184A93682B44984204D03046C0
:101E5000FEF7D4FF0020F8BD61423046FFF7E2FCF8
:101E60000130114A0DD0114993682D1B45F0010531
:101E70005D600B6830461B1B0B60FEF7BFFF012047
:101E8000F8BD00213046FFF7CDFC074A9268831A5F
:101E90000F2BDCDD43F001035360054B03491B6846
:101EA000C01A0860D3E700BF58860020A0C50020F4
:101EB0002C910020002965D02DE9F0410C46074601
:101EC000FEF796FF54F804EC7D49A4F1080C2EF0BF
:101ED00001030CEB03028D685068954220F003006B
:101EE0000EF0010600F08B80151850606D6805F04B
:101EF0000105A846AEBB54F8084CACEB040C2344D7
:101F0000DCF8084001F1080E74456BD0DCF80C5089
:101F1000E560AC60B8F1000F00F08C8043F0010088
:101F2000CCF804001360B3F5007F35D2DA084868B6
:101F30005C090132012312B2A34003434B6051F804
:101F40003200CCF8080001EBC203083BCCF80C309F
:101F500041F832C0C0F80CC03846BDE8F041FEF789
:101F60004DBF85B9034401F1080E9068704543F0F8
:101F700001047AD0D268C2609060CCF804404CF87A
:101F80000330D0E770474EF00102B3F5007F44F80C
:101F9000042C4CF80330C9D3B3F5206F4FEA53201B
:101FA0004AD2980900F1390212B200F13804D20085
:101FB00088188A580838904203D15FE092689042AE
:101FC00004D0516821F003019942F7D8D068CCE9D8
:101FD0000220C0F808C03846C2F80CC0BDE8F04185
:101FE000FEF70CBFA5BB1844D2E90223D3609A6068
:101FF00040F00103CCF804304CF80000ACE7184482
:1020000046B954F8083CACEB030C1844DCE9022355
:10201000D3609A6040F00103CCF80430294BC1F83A
:1020200008C01B68834297D8274B38461968FFF7CA
:10203000EBFE91E7034498E714280FD9542824D8DD
:10204000180B00F16F0212B200F16E04D200AFE77C
:1020500043F00101CCF8041013607DE700F15C024D
:1020600012B200F15B04D200A2E7C1E904CCCCE9D2
:1020700002EECCF804404CF803306DE7A4100123C5
:10208000A3404C6823434B60A1E7B0F5AA7F07D873
:10209000D80B00F1780212B200F17704D20087E782
:1020A00040F25452904206D8980C00F17D0200F1A3
:1020B0007C04D2007CE74FF47E727E2478E700BF78
:1020C0005886002030910020D0C5002082B049B150
:1020D0005AB16BB113780B601278101E18BF012033
:1020E00002B0704701A9002AF3D1104602B0704730
:1020F0006FF00100F4E700BF30B5436C83B00546D4
:102100000C4653B153F8240088B1026843F82420E8
:102110000023C0E9033303B030BD2122042102F0C3
:10212000D9FD034668640028ECD10020F3E70121C3
:1021300001FA04F35A1D92002846019302F0CAFDE9
:102140000028F2D0019B44608360E1E731B1436C29
:102150004A6853F82200086043F82210704700BF15
:102160002DE9F0410E6917460D461C4601F1140297
:102170004FF0000E11688BB207FB03434FEA134C7C
:10218000090C07FB01CC0EF1010E9BB203EB0C43D3
:10219000764542F8043B4FEA1C44EBDC3CB1AB68AB
:1021A000B34207DD05EB860301365C612E612846EC
:1021B000BDE8F081696801318046FFF79DFF074661
:1021C000B0B12A69023205F10C0192000C30FCF723
:1021D00029FCD8F844306A6853F82210296043F883
:1021E00022503D4605EB860301365C612E61DEE739
:1021F000024B03483A46BA2102F04CFD781F0020FA
:102200008C1F0020B0F5803F034636BF030400203A
:102210001020B3F1807F3CBF1B020830B3F1805F18
:1022200006D3B3F1804F0FD29A0012D40330704717
:102230001A01B2F1804F00F1040006D29B0108D4CC
:102240005B00F3D4202070471A46002AFBDB0130E4
:1022500070470230704700BF0368590708D0DA079B
:102260001FD499072AD55B080360012210467047E6
:102270009AB282B91B0CDAB2B2B11022190701D19D
:1022800004321B09990714D0D90701D401325B0825
:10229000036010467047DAB24AB11A0717D1042218
:1022A000EFE700221046704718221B0AE6E70822D3
:1022B000FBE7590707D502329B08E9E79B08022292
:1022C000036010467047DB0804D12022CEE7DB080C
:1022D0000322DDE70332DBE738B5436C04460D46E5
:1022E0004BB15868B0B102685A6000220123C0E9BE
:1022F0000323456138BD2122042102F0EBFC034693
:1023000060640028EDD1094B0948002240F24511D4
:1023100002F0C0FC1C220121204602F0DBFC002858
:10232000F1D001220223C0E90123DEE7781F00205B
:102330008C1F00202DE9F04F0F691569AF4285B061
:102340000E46904605DB2A4643463D4688461746DC
:102350001E46D8F80830D8F80410EC19A342B8BFCC
:102360000131FFF7C9FE8446002800F09C8014303C
:1023700000EB840E704505D20346002143F8041B90
:102380009E45FBD8143606EB870296427CD208F1B4
:10239000140707EB8505A5EB080308F11508A84508
:1023A000A3F11503CDE902E44FEA930A8CBF0024A0
:1023B00001249146E34605E0090C34D1B14500F112
:1023C00004005ED956F8041B8AB2002AF4D0CDE985
:1023D0000090B8468646002358F8041BDEF800003B
:1023E0001FFA81F94FEA114C81B202FB0911000C6E
:1023F000194402FB0C0000EB114089B241EA004194
:1024000045454EF8041B4FEA1043E5D8DDE900903E
:10241000002C4FEA8A0208BF00220244536056F89B
:10242000041C090CCAD00368CDF800908846BC464D
:10243000864600221946BCF8009008FB092909EBE2
:1024400011499BB243EA09434EF8043B5CF8043B54
:10245000DEF800101B0C8AB208FB032303EB1943C0
:1024600065454FEA1342E6D8002C4FEA8A02DDF8B0
:10247000009008BF00220244B145536000F10400FF
:10248000A0D8DDE902E4DC46002C02DC05E0013CDA
:1024900003D05EF8043D002BF9D06046CCF8104024
:1024A00005B0BDE8F08F034B034862464FF4B171AD
:1024B00002F0F0FB781F00208C1F0020F8B512F00E
:1024C0000303144607462FD10E46A4102AD03D6CB4
:1024D000002D32D004F0010364103BB92868B8B174
:1024E000054604F001036410002BF7D02A4631465C
:1024F0003846FFF71FFF36B17B6C716853F8212017
:10250000326043F8216074B1064628680028E7D19C
:102510002A4629463846FFF70DFF0023286003604E
:102520000546DEE73046F8BD013B0F4A52F823204E
:102530000023FFF715FE0646C7E701213846FFF7DF
:10254000DBFD054640B1012340F27122C0E90432AF
:10255000002338640360BDE7044B05482A4640F277
:10256000451102F097FB00BF7C850020781F0020FA
:102570008C1F00202DE9F0470D4691462E69AB686F
:10258000496806EB6216741C9C4207464FEA6218C3
:1025900004DD5B009C4201F10101FADC3846FFF7E3
:1025A000ABFD844600284FD0B8F1000F00F11400B5
:1025B0000BDD08F105010CEB81010346002243F815
:1025C000042B8B42FBD100EB8800296905F1140331
:1025D00019F01F0803EB810E2ED0C8F12009024626
:1025E0004FF0000A196801FA08F141EA0A0142F8BD
:1025F000041B53F8041B9E4521FA09FAF2D8AEEBEE
:102600000503153B23F0030305F11502964538BF7A
:102610000023043340F803A0BAF1000F00D1344680
:102620007B6C6A68CCF8104053F822102960604631
:1026300043F82250BDE8F087043853F8042B40F8E3
:10264000042F9E45F9D8EAE7034B044862464FF44D
:10265000EF7102F01FFB00BF781F00208C1F0020CD
:1026600003690A6900B5B3EB020E12D100F1140C34
:1026700014310CEB820301EB820101E09C4508D28E
:1026800053F8040D51F8042D9042F7D003D24FF0C7
:10269000FF3E704600BD4FF0010E704600BD00BF0A
:1026A0002DE9F04F17460A693B69A2EB0308B8F120
:1026B000000F83B00C4615D1143107F1140505EB5A
:1026C000830501EB830302E0994280F0858053F893
:1026D000046D55F8042D9642F6D080F08A804FF0B4
:1026E000010805E0FBDB3B464FF000080F461C46A7
:1026F0007968FFF701FD002800F086803A692669B5
:10270000C0F80C8007F1100107F11408834600F1AE
:10271000140704F1140008EB820E944600EB8606C1
:102720000023B946C2460A46019450F8041B52F8E9
:10273000045F8CB21FFA85F8A8EB0408090C9844D2
:10274000C1EB154101EB28411FFA88F848EA014422
:10275000864249F8044B4FEA2143E6D8A146019C42
:10276000301B1538153420F00300A64238BF002076
:102770000AEB00010431C4198E4562460846DC4666
:1027800098BF23461AD9A7EB0A070434C61950F894
:10279000045B13FA85F82B442D0C05EB28459BB2FE
:1027A00043EA05498645C6F800904FEA2543EDD82F
:1027B0000EF1FF335B1A23F003032344B9F1000F3A
:1027C00004D153F8041D013A0029FAD06046CCF830
:1027D000102003B0BDE8F08F0021FFF78DFC844688
:1027E00058B101220023C0E90423604603B0BDE8CC
:1027F000F08F3B4627461C467AE7074B0748624660
:1028000040F2372102F046FA0246034B034840F2F9
:10281000452102F03FFA00BF781F00208C1F0020E6
:102820002DE9F043894683B0012157EC106B9046A7
:10283000FFF762FC0446002846D0C7F30A55C7F3E9
:1028400013030DB143F480130193331E15D101A876
:10285000FFF702FD019B636101212030216115B367
:10286000A5F233450544C0F13500C9F80050C8F859
:102870000000204603B0BDE8F08368460093FFF7F0
:10288000EBFCDDE9002328B1C0F1200103FA01F1DE
:102890000A43C340002B0CBF012102216261A361E6
:1028A0002161002DDCD104EB8103A0F23240C9F894
:1028B00000001869FFF7A6FCC0EB4110C8F8000043
:1028C000204603B0BDE8F083034B0448224640F2A3
:1028D0000F3102F0DFF900BF781F00208C1F0020AD
:1028E00049B1FF2A02D80A70012070478A23036089
:1028F0004FF0FF3070470846704700BF2DE9F04F9A
:102900002DED028BD1B00C4607919046099382467B
:1029100002F076F9036811931846FFF7C7F9082209
:102920001090002120A8FEF783FEA389180603D586
:102930002369002B01F06E8000239FED728BCDE99F
:102940002533CDE9143327AA0D9324921746129309
:102950001393059345462C466C4BD3F8CC61FEF798
:102960001DFF20AA034600921AA922465046B047EE
:10297000002800F09880C0F28E801A9A252A03461B
:1029800001D01C44E8E7B4EB0508064640F08F8010
:1029900000234FF0FF328DF85F309B4606930134E1
:1029A0002378049201349946A9F120035A2B00F2AE
:1029B000AF80DFE813F0FE02AD00AD00FA02AD001B
:1029C000AD00AD00DD02AD00AD00A802B702AD0064
:1029D000B302C002AD00BC025B005B005B005B00A9
:1029E0005B005B005B005B005B00AD00AD00AD0019
:1029F000AD00AD00AD00AD002101AD009C01AC0308
:102A0000210121012101AD00AD00AD00AD00A80301
:102A1000AD00AD000803AD00AD00AD007302AD0028
:102A20006103AD00AD009807AD00AD00AD00AD0095
:102A3000AD00AD00AD00AD002101AD009C018701EE
:102A4000210121012101ED0387016C00AD00080483
:102A5000AD00F8033D0413046C00AD0073026A007E
:102A60008303AD00AD00FB07AD006A00A9F13003A0
:102A7000002214F8019B02EB820203EB4202A9F14F
:102A80003003092BF5D906928EE723788AE723785D
:102A90004BF0200B86E70822002120A8FEF7C8FD96
:102AA00001231C4458E7B4EB0508064610D02599CD
:102AB000269B013143440729C7E9005826932591F5
:102AC00017DC0837059B43440593002E7FF460AF65
:102AD000269B002B41F00383079B9B8903F0400357
:102AE000002B41F0CF86059851B0BDEC028BBDE8BC
:102AF000F08F079924AA504601F022FF0028EBD15D
:102B000027AFDFE70000000000000000D88E0020A3
:102B1000B9F1000FDCD00023CDE90B3301228DF891
:102B2000DC908DF85F3008930A9204930E9337ADD2
:102B30000292269A1BF08403904600F005819DF8CE
:102B40005F1009B3DDF894C000260CF101010120EB
:102B50000132786007290DF15F00CDE92512386058
:102B600000F33E8408377EB1DDF894C00CF101011A
:102B700018A80232386007294FF00200CDE925126B
:102B8000786000F320840837802B00F06583049B75
:102B90000A995E1A002E00F3E8801BF4807F40F053
:102BA00021810A9B7B601A44259B3D600133072BE2
:102BB0002692259300F3BC8308371BF0040F05D041
:102BC000069B02995D1A002D00F31884DDE905319A
:102BD00002988142ACBF5B181B180593002A40F095
:102BE000778300232593089B1BB108995046FFF774
:102BF00061F927AF2546AEE6099B073323F00703AB
:102C0000B3EC028B9FEDA17BB0EEC86BB4EE476BCB
:102C1000F1EE10FA099300F33986B4EE488BF1EE29
:102C200010FA81F14685B9F1610F01F07A83B9F1AB
:102C3000410F01F07084049B013301F07F82B9F1F0
:102C4000670F18EE903A4BF4807801F0F584B9F1F3
:102C5000470F01F0F1840023089318EE903A002BFF
:102C6000C1F20885B0EE487B0026A9F14103252B6F
:102C700001F2DD81DFE813F0A50CDB09DB09DB09DC
:102C8000700ADD0ADB09DB09DB09DB09DB09DB098B
:102C9000DB09DB09DB09DB09DB09DB09DB09DB0914
:102CA000DB09DB09DB09DB09DB09DB09DB09DB0904
:102CB000DB09DB09DB09DB09A50CDB09DB09DB0927
:102CC000700ADD0A1BF0200F40F0DE85099A1BF028
:102CD000100F52F8046B41F01C861BF0400F099254
:102CE00001F08E8046F3C038434636B21FE2B9F198
:102CF000430F03D01BF0100F00F06586082200215F
:102D000022A8FEF795FC099A37AD126822AB294636
:102D1000504602F0C5FF0A90013001F0AE850A9BD3
:102D200023EAE3730293099B269A04330993002351
:102D3000CDE90B338DF85F30089304930E931BF0AD
:102D4000840390467FF4FBAE0699029E8E1B002EF4
:102D500000F321849DF85F1000297FF4F3AE049BFB
:102D60000A995E1A002E7FF718AF4A49259B0F91EA
:102D7000102E27DD39464FF0100837462E462546DF
:102D8000079C04E0103F102F01F1080116DD01330C
:102D900040481032072BC1E90008CDE92532F1DDAA
:102DA00024AA2146504601F0CBFD002840F098822D
:102DB000103F102FDDE9253227A9E8DC2C463546E7
:102DC0003E460F4601330F9939603244072BCDE957
:102DD00025327E6000F364841BF4807F07F10807CE
:102DE0003FF4DFAEB9F1650F40F3AC82B5EE408B36
:102DF000F1EE10FA40F05283259B274939600133E8
:102E000001320121072B26922593796000F37F87F9
:102E10000837199B0D998B4280F2EB84109B119916
:102E20001A44C7E90013259B26920133072B2593EB
:102E300000F3D38508370D9B5D1E002D7FF7BDAED7
:102E40001449259B0F91102D40F39787A146DDF87B
:102E50001C8010260C4604E00837103D102D40F36E
:102E60008B8701331032072BC7E90046CDE92532A5
:102E7000F2DD24AA4146504601F062FD002840F0F0
:102E80002F82DDE9253227AFE7E700BFFFFFFFFF15
:102E9000FFFFEF7F3886002028200020DDF8248007
:102EA00058F8045B00238DF85F30002D00F0A185F9
:102EB000B9F1530F00F037871BF010030B9340F06C
:102EC0003287049B002BC1F2FC801A460B992846DE
:102ED000FEF78CFE9DF85F300890002801F04884D2
:102EE000089A521B0A9222EAE27202920BB1013254
:102EF00002920B9BCDF8248004930E930C930893BD
:102F00004FF0730915E6099B53F8042B0692002A2B
:102F100080F27584069A09935242069223784BF008
:102F2000040B3FE52B238DF85F3023783AE52378B7
:102F30004BF0800B36E5214611F8019BB9F12A0FC1
:102F400001F09084A9F13003092B98BF002201F20F
:102F5000DD8211F8019B02EB820203EB4202A9F130
:102F60003003092BF5D942EAE27304930C461BE5C2
:102F7000504601F045FE436813931846FEF796FE4F
:102F800015900646504601F03BFE82682378149265
:102F9000002E3FF407AD002A3FF404AD1278002A5A
:102FA0003FF400AD4BF4806BFCE423784BF0010B55
:102FB000F8E49DF85F202378002A7FF4F3AC202208
:102FC0008DF85F20EEE41BF0200F4BF0100000F0B6
:102FD0002884099B073323F007031A46596852F8DF
:102FE000083B099200228DF85F20049A002A18DB22
:102FF00053EA010220F4906B15D1049A9AB910F0AB
:1030000001031A46029300F0738630238DF83F3196
:10301000049B0A92CDE90B330E9308930DF23F15F2
:1030200087E520F4806B50AD03F00702DB0843EA2C
:103030004173C908303253EA0106284605F8012DCC
:10304000F2D11BF0010F00F01582302A00F012823D
:103050003023049905F8013C023850AB1B1A994201
:103060004FF00002B8BF1946CDE90B2208920A932F
:10307000054602910E925CE51BF0200F4BF010010B
:1030800021D1099B1A1D099B04981B684FF0000869
:1030900040458DF85F801E4659DB21F0800B002BE8
:1030A00040F08C850992002840F0E983CDE90B00BF
:1030B0000A900E900290089050AD3AE51BF0200F58
:1030C00000F0BE835946099B073323F00702002313
:1030D0008DF85F30049BD2F8048052F8086B099297
:1030E000002B35DB56EA080321F0800B31D1049B1D
:1030F000002B40F0C483CDE90B330A930E93029367
:10310000089350AD15E523784BF0080B4AE41BF00B
:10311000200F4BF0100300F07A83099A073222F057
:1031200007029B46536852F8086B09929846002B99
:10313000C0F2C282049A002A0BDB56EA08032BF085
:10314000800B06D1002A00F04187302607E0099263
:103150008B460A2E78F1000380F0BF823036049A45
:103160009DF85F308DF83F61012AB8BF01220292BD
:1031700001220A920DF23F15002B01F06D83029B94
:10318000013302930023CDE90B3308930E93D0E46F
:103190002378682B03BF63784BF4007B01344BF03A
:1031A000400BFFF7FFBB099A1BF0200F02F104034D
:1031B00000F08883126805991160C917516009935E
:1031C0002546FFF7C8BB23786C2B03BF63784BF011
:1031D000200B01344BF0100BFFF7E4BB099A049E5F
:1031E00052F8041B002047F630038642ADF86030E9
:1031F0008DF85F000B46C0F2DB832BF0800545F0B5
:10320000020B002940F0D683002E00F0E6860992DA
:1032100030230122CDE90A210E918DF83F3102962B
:103220000DF23F154FF078098E4608910C91A5E3F9
:103230001BF0200F40F02583099A1BF0100F52F865
:10324000043B41F05E831BF0400F00F0E9859BB228
:10325000099258460021C5E6069B02995E1A002E87
:103260007FF795AC8B49259B0F91102E24DD3846B6
:103270004FF010082F4619462546864C04E0103EB4
:10328000102E00F1080013DD013110320729C0E9CA
:103290000048CDE92512F2DD079924AA504601F035
:1032A0004FFBE8B9103E102EDDE9251227A8EBDC14
:1032B0002C460B463D46074601330F993960324490
:1032C000072BCDE925327E6000F3638508375EE485
:1032D000079924AA504601F033FB00283FF481AC43
:1032E000089B002B3FF4F8AB08995046FEF7E2FD2F
:1032F000079B9B8903F04003FFF7F2BB109B1199DA
:103300001A44C7E90013259B26920133072B259306
:1033100000F3068707F108010028C1F21E810D980D
:103320000D6001330244072BCDE92532486046DDAC
:10333000079924AA504601F003FB0028D0D1269A11
:1033400027AF3AE40D98259B012802F1010203F111
:10335000010307F1080140F364810120072BCDE947
:1033600025323D60786000F32C821098119E013365
:103370000244072BC1E90060CDE9253200F32D821C
:1033800008310D98B5EE408BF1EE10FA00F1FF36E2
:1033900000F05F81013301353244072BCDE925323E
:1033A0000D604E6000F34981083112984860013386
:1033B0000244072B1CA8CDE925320860B8DC01F1D6
:1033C0000807FFF7FABB07990F9324AA504601F0AC
:1033D000B7FA002884D1269A0F9B27AFFFF7D4BBFA
:1033E00007990F9324AA504601F0AAFA00287FF407
:1033F00077AF269A0F9B27AFFFF7B5BB102D259B04
:1034000041F3D580A046DDF81C90234C102604E043
:10341000103D102D07F1080715DD01331032072B81
:10342000C7E90046CDE92532F2DD24AA49465046D7
:1034300001F086FA00287FF453AF103D102DDDE92E
:10344000253227AFE9DC21464446884601332A4429
:10345000072BC7E90085CDE925327FF7B7AB079980
:1034600024AA504601F06CFA00287FF439AF269A5E
:10347000FFF7ACBB049950AA521B91424FF00003D6
:10348000B8BF1146CDE90B3308930A9202910E930F
:10349000FFF74FBB38860020EC81002019980028E8
:1034A00040F300840B9B0D998B42A8BF0B46002B69
:1034B00098460ADD1A44C7E90053259B269201333A
:1034C000072B259300F3B48708370B9EB8F1000F44
:1034D000A8BFA6EB0806002E00F3AB820B9B1BF4E3
:1034E000806F03EB050940F0CA82199B0D998B424E
:1034F00003DB1BF0010F00F07D85109911980A4441
:10350000C7E900012599269201310729259100F389
:103510009B8708370D996E18A6EB0906CD1AAE42A7
:10352000A8BF2E46002E0BDD259BC7F80090013367
:103530003244072B7E602692259300F3D387083709
:10354000002EA8BFAD1B002D7FF737ABB949259BD7
:103550000F91102D40F31184A146DDF81C80102638
:103560000C4604E00837103D102D40F3058401336C
:103570001032072BC7E90046CDE92532F2DD24AA37
:103580004146504601F0DCF900287FF4A9AEDDE9A0
:10359000253227AFE7E72599102E404640F3618793
:1035A0000F943A46A846079CA34D1F4604E0103EE0
:1035B000102E02F1080216DD013110301023072908
:1035C000CDE9251015605360F1DD24AA214650464F
:1035D00001F0B6F900287FF483AE103E102EDDE92D
:1035E000251027AAE8DC3B460F9C17462A4645468D
:1035F000904601F1010C3218BCF1070FCDE925C24C
:10360000C7F800807E6000F336839DF85F100837AE
:10361000002940F0F880002B3FF4B9AA0B46FFF7D1
:10362000A5BA1BF0010F7FF498AE0120072BCDE95E
:1036300025323D6078607FF7B8AE079924AA5046DE
:1036400001F07EF900287FF44BAEDDE9253227A991
:10365000ABE60D9801287FF7A8AE112875480F90AA
:1036600040F3B783A046079F1025044604E00831C5
:10367000103E102E40F3AC8301331032072BC1E90A
:103680000045CDE92532F2DD24AA3946504601F045
:1036900057F900287FF424AEDDE9253227A9E7E7B2
:1036A000079924AA504601F04BF900287FF418AE80
:1036B000269A27AFFFF771BA2D238DF85F30049B50
:1036C000764268EB4808002BFFF643AD0A2E78F1EE
:1036D00000032BF0800BFFF441AD0294CDF828904D
:1036E00050A9DDF8509008974FF0000C0BF480645F
:1036F00026E016EB0803514843F10003A0FB03202A
:1037000020F0030202EB90029B1AF31A4B484FF091
:10371000CC32B646474602FB03F268F1000800FBD4
:103720000822A3FB0063BEF10A0F13444FEA5606BA
:1037300077F10007294646EAC3764FEA53082DD3AE
:103740003E4D16EB080343F10003A5FB032020F0D8
:10375000030202EB90029B1AF31AA3FB053268F1F5
:10376000000005FB00225B0843EAC27303EB8303FE
:10377000A6EB430330330CF1010C01F8013C4D1E64
:10378000002CB6D099F800306345B2D1BCF1FF0FE0
:10379000AFD00A2E78F1000380F0B3830499029C25
:1037A000CDF8509050AB5A1B9142B8BF1146DDF88E
:1037B0002890089F9DF85F30CDF834C00A9202919E
:1037C000DAE4079924AA504601F0BAF800287FF4F9
:1037D00087ADDDE9253227A9C7E5079924AA504618
:1037E00001F0AEF800287FF47BADDDE9253227A992
:1037F000C7E51BF0010F3FF4E0A9FFF70FBB0993EA
:103800002378FFF7CFB81E460023FFF79EB9099A29
:103810000432099909920E684FEAE6789B464346BE
:1038200085E4099B1A1D099B09921B680021FFF77B
:10383000D9BB00BF38860020EC810020CDCCCCCC99
:10384000099A1BF0100052F8043B41F057801BF01E
:10385000400100F0A8818DF85F009BB204994FF001
:10386000000841451E46C0F2A9812BF0800B002BB9
:1038700040F0A481049B0992002B3FF43CAC00264D
:103880006CE45846FFF7A5BB5B4646E4B5EEC08B3B
:10389000F1EE10FA2BF0800B00F11E839DF85F30E3
:1038A000B9F1470FCCBFA44DA44D002B40F0528777
:1038B0000322CDE90B3308930A9204930E930292EC
:1038C000FFF737B91BF0100F40F07C821BF0400F60
:1038D00040F0A7831BF4007F00F07482099A0599D9
:1038E000126811706BE4964E1BF0200F00F07D8182
:1038F000099B073323F007031A46586852F8083B20
:1039000009921BF0010140F05C81049A8DF85F1070
:10391000002AC0F28B8153EA00022BF4906B00F076
:10392000948103F00F02B25C8DF83F211B0943EA3A
:103930000073020953EA10100DF23F150BD003F08B
:103940000F001B09305C05F8010D43EA02731209F0
:1039500053EA0200F3D1049A50AB4FF0000E5B1B08
:103960009A42CDE90BEEB8BF1A460A930292CDF8FF
:1039700020E0CDF838E000293FF4DBA8029BDDE928
:1039800025C2023302931BF084039046614604D1A2
:10399000069E0298361A002E06DCBEF1000F3FF498
:1039A000E5A80226FFF7D1B80223F5E5654E9BE7AF
:1039B0004BF0020B0992634E03F00F020221B25C3E
:1039C0004FF07809B0E7099B1B688DF8DC300123C4
:1039D00002930A9337ADFFF7A6B9079924AA504678
:1039E00000F0AEFF00287FF47BAC269A27AFFFF7EC
:1039F00022BA049B0895062B28BF062302930A933C
:103A00002B460495CDE90B334F4DCDF824800E9312
:103A1000FFF78FB840215046FCF714FF079B186052
:103A20001861002800F06087079A40235361FEF771
:103A300083BF102E259B40F32E874448DDF81C8061
:103A40000F9039464FF01009074604E00831103E48
:103A5000102E40F32B8201331032072BC1E900797D
:103A6000CDE92532F2DD24AA4146504600F068FF38
:103A700000287FF435ACDDE9253227A9E7E70D9B67
:103A8000DDF83880CDF83CB0EB1804930C9BDDF8E2
:103A90001CB00B94002B4E463946DDF85090159F14
:103AA0000E9531DDB8F1000F40F32B8108F1FF389E
:103AB0002598139B01303A440728C1E90037269224
:103AC000259000F39F800831049B99F800009D1B0E
:103AD0008542A8BF0546002D0CDD259801302A44FB
:103AE0000728C1E900652692259000F35E8199F8C8
:103AF00000000831002DACBF441B0446002C14DC30
:103B000006440C9B002BCDDCB8F1000FCEDCDDE9C8
:103B10000D35EB189E42CDF850900B9CDDF83CB073
:103B2000B1460F4628BF9946DFE4102C2598074B75
:103B30002BDD10250A9310E0EC1F0020E81F002069
:103B40000C200020F81F00202020002038860020B4
:103B5000103C102C01F1080116DD0130AE4B103283
:103B60000728C1E90035CDE92502F1DD24AA59462F
:103B7000504600F0E5FE00287FF4B2AB103C102C5C
:103B8000DDE9250227A9E8DC0A9B0B60013022440D
:103B90000728CDE925024C6000F3588399F800000E
:103BA00008310644ADE71BF4007840F032820499F6
:103BB0008DF85F8000291E46BFF657AE0992FFF7C9
:103BC000C8BA53EA000237D030228DF860200022B4
:103BD0008DF85F20049A8DF86190002A23DB2BF486
:103BE000906242F0020B02219BE6099A1BF0100F33
:103BF00052F8043B099214D11BF0400F0DD09BB238
:103C000000207EE624AA5946504600F099FE00287E
:103C10007FF466AB269A27A956E71BF4007F40F095
:103C2000F58100206DE64BF0020B022103F00F023C
:103C30002BF4806BB25C77E6049B00218B428DF8FD
:103C40005F10C0F241812BF4906B049A002A00F0BF
:103C5000CB80012A33788DF83F31B8BF0122002391
:103C600002920122CDE90B3308930A920E930DF2D2
:103C70003F15FEF75EBF07990F9324AA504600F048
:103C80005FFE00287FF42CAB9DF85F10269A0F9BF7
:103C9000002900F0AC801E46DDF894C0034627AF33
:103CA000FEF753BF259B5D49396001330132012185
:103CB000072B26922593796000F37C810837002832
:103CC0007FF41CAB0D990BF001030B433EF475AF71
:103CD000109B11991A44C7E90013259B26920133C2
:103CE000072B259300F31C8207F10801FFF717BB90
:103CF000049B0A93CDE90B330E93089350ADFEF766
:103D000018BF0C9B013B09F1FF390C93D0E60799D2
:103D100024AA504600F014FE00287FF4E1AA269A57
:103D200027AFFFF776B80822002122A81B95FDF7E0
:103D30007FFC049B002B7DDB00260294CDF82080C5
:103D4000344698460EE037A9504601F0A9FF411CC1
:103D5000204400F09484404509DC06F1040600F09C
:103D6000008504461B9A925922AB002AEBD10A9493
:103D7000DDF82080029C6AE04C4601330F993960DF
:103D80002A44072B7D60CDE925327EF715AFFFF77A
:103D9000CFBA079924AA504600F0D2FD00287FF43C
:103DA0009FAA269A27AFFEF7F2BE24AA594650468C
:103DB00000F0C6FD00287FF493AA99F80000269A27
:103DC00027A997E6099A059912681160FFF7F7B9D4
:103DD000444601330F9808603244072BCDE9253261
:103DE0004E607FF7E1AA28E4049BFFF784B9002B1B
:103DF00000F00981DDF894C00B4627AFFEF7B6BE90
:103E00001BF4007F16BF46F3C0184FEAE67876B27F
:103E10004346FFF78CB900BF3886002028200020D9
:103E20001BF4007100F0F980DBB2099258460021C2
:103E3000FFF7D8B822AB009300231BAA19465046BF
:103E400001F056FF0A90013000F019841B950A9B7F
:103E5000002B00F09F80632B00F34C81002308931C
:103E600037AD0822002122A8FDF7E2FB0A9E22AB13
:103E700000931BAA33462946504601F039FF86427B
:103E800040F042850A9A0023AB5422EAE272029281
:103E90009DF85F20049312B1029A01320292CDE99B
:103EA0000B33CDF824800E93FEF743BE0F4601334B
:103EB0000F9939603244072BCDE925327E6000F33B
:103EC00023810837FFF70ABB33788DF83F312BF495
:103ED000806B0DF23F153EE52D238DF85F30B9F173
:103EE000470F4FF000030893049340F3E68003224A
:103EF000964D0A92CDE90B330E9304230293FEF7FD
:103F000018BE159A1399AD1A2846FDF711FC99F8B9
:103F100001300BB109F101098D4A16EB080343F199
:103F20000003A2FB030727F0030000EB97001B1A16
:103F3000F31A4FF0CC3168F1000803FB01F102FBEA
:103F40000811A3FB023001445B0843EAC1764FEA43
:103F5000510816EB080343F10003A2FB031020F005
:103F6000030101EB90015B1AF31AA3FB023168F124
:103F700000005B0802FB001243EAC27303EB8303F9
:103F8000A6EB4303303305F8013C4FF0010C013D33
:103F9000FFF7F8BB9DF85F30CDF82480003B18BFD9
:103FA000012302930A9B0493CDE90B330E930893EC
:103FB000FEF7BFBD079924AA504600F0C1FC0028B7
:103FC0007FF48EA91998269A27AF78E69DF85F307E
:103FD00002920A9250ADFFF7CFB8049B0992CDE947
:103FE0000A330E930C93029350AD4FF078099E461E
:103FF0000893C3E46E18A6EB0906CD1AAE42A8BF1B
:104000002E46FFF79DBA27AFFEF7C1BDDBB20020F9
:1040100077E48DF85F10DBB220E409925846FEF792
:10402000E1BF099A059912681180FFF7C8B822AB61
:1040300001931BAB0093B0EE470B049A19AB02211E
:1040400050468DED027B00F015FF9DED027B05468D
:104050001BF0010F40F05582229B5A1B199B0D92B9
:10406000D81C0B93C0F2018204999942C0F20B81D3
:104070009A4200F392820B9B0A931BF4806F03D049
:104080000B9B002B00F32D830A9B23EAE373C346AB
:1040900002934FF0670900230E930C930BF002017B
:1040A000002E00F0CA804FF02D0E8DF85FE0029BCD
:1040B00001330293002304935DE40322254D0A9209
:1040C00018E72846FDF7F2FD9DF85F300A9020EAD8
:1040D000E0720292002B3EF40CAFFEF708BF079C83
:1040E00024AA2146504600F02BFCA38903F040038C
:1040F000FEF7F6BC591C5046FCF7A4FB0546002809
:1041000000F0F6830890ACE6079924AA504600F028
:1041100017FC00287FF4E4A8269A27AFFFF7DEB942
:10412000079924AA504600F00BFC00287FF4D8A879
:10413000DDE92532199827A9FFF7EEB80023089387
:10414000062304934BF48078FEF787BDEC1F002014
:10415000CDCCCCCCE81F0020049B01330D93022171
:1041600022AB01931BAB0093B0EE470B19AB0D9A3A
:1041700050468DED027B00F07DFE0D9B29F0200C5A
:10418000BCF1460F9DED027B054600EB030100F0FC
:104190009880B5EE407BF1EE10FA00F0D882229BB9
:1041A000994288BF4FF0450C40F2CF8230205A1C14
:1041B00022921870229B8B42F9D35B1B0D93BCF1AA
:1041C000470F199B0B9356D0BCF1460F00F08F8020
:1041D0000B9B8DF87090013B002B1993C0F24C8122
:1041E0002B22092B8DF8712000F34F8130228DF89E
:1041F00072200DF17302303302F8013B1CABD31A6D
:1042000012930D9B129A012B1A440A9240F3418299
:104210000A9B109A13440A930A9A2BF4806343F47E
:10422000807B22EAE2720023CDE90B330E930292E7
:1042300034E7049B0D93032192E79DF85FE0BEF104
:10424000000F7FF434AF0496FFF795BB24AA5946BC
:10425000504600F075FB00287FF442A899F8000052
:10426000269A27A906444CE4199B0B934B1BBCF1DF
:10427000470F0D933BD10B9B0333C0F2F680049B99
:104280000B9A93420FDA0B9B013BA9F10209002B19
:104290008DF870901993A3DA0B9B2D22C3F10103C3
:1042A0008DF87120A2E70D9B0B9A934200F3758164
:1042B0001BF0010F0B9B00F0B282109A13440A937B
:1042C000DBE62B78302B00F06182199B1944B5EEA8
:1042D000407BF1EE10FAC7D0229B8B42FFF466AF11
:1042E0005B1B0D93BCF1470F199B0B93C3D00B992C
:1042F000049A0BF00103002943EA020340F3CF8242
:10430000002B40F01A820B9B0A934FF066091BF4B6
:10431000806F40F0E8810A9B23EAE373C34602936F
:10432000B9E647F63003ADF86030049B632B4BF0E1
:10433000020B00F35C8118EE903A002BC0F23B8137
:10434000B0EE480B19A800F061FCB4EE007B20EE43
:10435000077BB5EE407BF1EE10FA40F0408201237E
:104360000026199337AD0896AE480499B3EE004B7A
:104370002B4606E0B5EE407BF1EE10FA00F00F821E
:10438000114627EE047BFDEEC76B4A1E16EE90CA5F
:1043900010F80CE0B8EEE65B9C4637EE457B03F880
:1043A00001EB0029E6D1B6EE005BB4EEC57BF1EE81
:1043B00010FA08DCB4EE457BF1EE10FA1ED116EED1
:1043C000902AD2071AD5CDF888C013F8011C90F8AE
:1043D0000FC08C451A460AD14FF0300E02F801EC9E
:1043E000229A511E229112F8011C6145F6D03929FA
:1043F00016BF0131817AC9B202F8011C199A5B1B00
:104400000D93B9F1610F02F1FF33199300F01F8290
:1044100050214FF04109002B8DF87010C0F20E8230
:104420002B22092B8DF871202FDC0DF17202E2E6B0
:10443000079924AA504600F083FA00287EF450AF72
:10444000269A27AFFFF741B8079924AA504600F0F3
:1044500077FA00287EF444AF199B269A27AFFFF71E
:1044600059B8DFF8CC81FFF7C4B80B9BA9F102095A
:10447000013B8DF8709019930B9A2D238DF87130B4
:10448000C2F101030832BFF6B1AE0DF17F0CDFF8C7
:10449000A4E162461046AEFB0312D20802EB820191
:1044A000A3EB41013031632B00F8011C134600F1EE
:1044B000FF32EFDC303302F8013C831E634580F0AD
:1044C000C8810DF1710213F8011B02F8011F634549
:1044D000F9D103F5A0736B44CC3B1B1A1CAA9B1AA1
:1044E00012938EE6079924AA504600F029FA002874
:1044F0007EF4F6AE199D0D9B269A5D1B27AFFFF744
:104500001FB8049B4FF0470CE918E0E600230C4667
:104510000493FEF749BA45F63003ADF86030049BCA
:10452000632B4BF0020B62DC18EE903A002B42DB5F
:10453000B0EE480B19A800F069FBB4EE007B20EE4A
:10454000077BB5EE407BF1EE10FA01D10123199300
:1045500000263548089637AD07E746421030334805
:104560000F9052DA1027804603E00831103E102EDB
:104570004BDD01331032072BC1E90087CDE925322D
:10458000F3DD079924AA504600F0DAF900287EF4FA
:10459000A7AEDDE9253227A9E8E70D9B109A9A1806
:1045A0000B9B0A92002B79DD4FF06709AFE6DFF82D
:1045B0008080FEF74BBF0023089337AD2D26B1EE68
:1045C000487BB0EE470B19A800F020FBB4EE007B4F
:1045D00020EE077BB5EE407BF1EE10FA04BF01231D
:1045E0001993B9F1610F3FF4BFAE0F48BDE6049BCC
:1045F0005046591CFCF726F90546002800F03D817D
:1046000008904BF48078FEF728BB01330F980860C0
:104610003244072BCDE925324E6000F30281083188
:10462000FEF77DBEF81F00200C20002038860020F9
:10463000EC810020CDCCCCCC049A002A00F0D480B0
:10464000002BC0F22481B0EE487B002622AB019300
:104650001BAB0093B0EE470B19AB049A02215046F6
:104660008DED027B00F006FC00239DED027B0546EC
:104670000893EDE42D26B1EE487BFEF7F6BA079BD2
:104680009B890022089243F04003079A9381FEF72A
:1046900027BE1BF0010F3FF4BFADB9E5C3F1010325
:1046A0001A4422EAE273C3460A9202934FF0670962
:1046B000F1E418EE903A13F000432BF0800B0B93CB
:1046C00000F09A802D238DF85F30B9F1470F4FF03D
:1046D00000030893049340F3F8800322944D0A9258
:1046E00008E44FF0670914990B78FF2B00F0F8806D
:1046F00000200B9A0E90844603E001300131FF2B1D
:1047000009D0934207DAD21A4B78002BF5D10B78F7
:104710000CF1010CF3E7CDE90B201491CDF838C072
:104720000C9A0E9B159913440A9A01FB03230A93D2
:1047300023EAE373C3460293B0E4109B02EB010942
:104740004B440A934FF06609E1E55B1B0D93199BFF
:104750000B933DE50023032208930A920493FFF78D
:10476000C9BB049B029CDDF820800A93FFF76FBB56
:10477000CDF824801BB3049B0A935A1C0292049028
:104780000E900C904FF07309FEF7D3B9B5EE407B55
:10479000F1EE10FA1ED1199B0B93194466E5002A1D
:1047A0000491FFF62BAE0499302001EB030C19465F
:1047B00001F8010B6145FBD11A44531C1EE6049B12
:1047C0000A930293089B0E930C9304934FF0730982
:1047D000FEF7AFB90D9BC3F10103199376E50026EF
:1047E0005448089637ADC0E5934273DBB0EE487B82
:1047F0000123049E049329E79DF85F30B9F1470F28
:10480000CCBF4B4D4C4D002B40F0868003220493CF
:104810000A920E930C9308930292FEF78AB90A93B8
:104820002BE4079924AA504600F08AF800287EF469
:1048300057ADDDE9253227A9FEF771BD2D238DF88F
:104840007130C2F101030832FFF61FAEEDE57021B1
:10485000E1E502231293D4E4CDE90B3308930E93E0
:10486000FEF767B9099A63780C4652F8041B09925F
:1048700041EAE1710491FEF795B8079A938943F0F4
:10488000400393814FF0FF330593FEF72CB92D269B
:10489000B1EE487BDAE629490F91FFF708BBC34622
:1048A00033B9012302934FF066090A93FFF7F3BB74
:1048B000109B03F10109049B4B440A9323EAE37321
:1048C00002934FF06609FFF7E6BB03221A4D0A92E6
:1048D000FFF710BB01232D260493B1EE487BB5E60C
:1048E00000230E930C931BE70C23CAF80030C9E792
:1048F000079B08909B8943F04003C6E65946FEF7A4
:10490000C2BB5846FEF78FBF079B9B8943F040030D
:10491000BBE65B46FEF77DBF002304930E930C932A
:10492000089303230A9304230293FEF702B900BFFE
:10493000F41F0020F81F0020F01F00203886002000
:104940002DE9F0411546926802B32C680746884667
:10495000083401E00834C9B16B68581E002B1146B9
:10496000686013DD54F8046C002EF3D0334654F81D
:10497000082C4146384602F051FB431C07D0AA6878
:10498000921B1146AA6008340029E5D100200023BB
:10499000C5E90133BDE8F08170B5002941D0064674
:1049A0000C4610B1436B002B3ED0FCF78BFC636EC2
:1049B000B4F90C20DD0730D4900538D521463046B7
:1049C00000F04CF8E36A054633B1E1693046984798
:1049D0000028B8BF4FF0FF35A3891A0639D4216BE0
:1049E00041B104F14003994202D03046FDF762FA2A
:1049F00000232363616C21B13046FDF75BFA00238D
:104A00006364636E0022DB07A2811ED5A06DFCF7F4
:104A10005FFFFCF75DFC284670BD002ACED1FCF795
:104A200057FC0025284670BDFCF72EFCBDE7A06DA5
:104A3000FCF750FFB4F90C30002BBFD1636ED907DF
:104A4000EDD4A06DFCF748FFE9E7A06DFCF744FF4B
:104A5000DCE721693046FDF72DFAC0E7B1F90C20FB
:104A60002DE9F041804610070C4650D4496842F4C5
:104A700000630029A38164DDA66A002E44D00021D2
:104A800012F48052D8F80050C8F8001065D1E169DE
:104A900001234046B047411C02466CD0B4F90C30AB
:104AA000A66A5B0705D56368D21A236B0BB1E36B6B
:104AB000D21A0023E1694046B047471CB4F90C30D4
:104AC0004DD1D8F800101D2940D8304ACA40D60729
:104AD0003CD52269226023F40062A281D9044FF000
:104AE0000002626003D5D8F80030002B41D0216B62
:104AF000C8F8005041B104F14003994202D0404649
:104B0000FDF7D8F9002323630020BDE8F0810E698A
:104B1000002EF9D00D680E6092070CBF4B69002380
:104B2000AD1B8B600AE02B463246E169676A40465E
:104B3000B8470028A5EB0005064406DD002DF2DC91
:104B4000E2E7E16B002997DCDEE7A38943F040034D
:104B5000A3814FF0FF30BDE8F081226DA1E722690B
:104B6000226023F40062A281DB044FF00002626045
:104B7000BDD52065BBE7D8F80030002B8ED01D2BAB
:104B800001D0162BE1D1C8F80050BDE7010040204C
:104B900000B5034683B008B1426B52B3B1F90C00C3
:104BA00098B14A6ED20701D4820512D518460091F9
:104BB000FFF754FF00994A6E0346D00702D48A8952
:104BC00092050ED5184603B000BD0346184603B043
:104BD00000BD886D01930091FCF77CFEDDE90013B8
:104BE000E4E7886D0093FCF777FE009B184603B05E
:104BF00000BDCDE90001FCF747FBDDE90031CDE761
:104C000000487047B0900020000000004DF804BD3F
:104C100083B08DED000B019ADFF870C022F00043E5
:104C200000216345016025D8DDF800C053EA0C0C73
:104C300020D0DFF85CC002EA0C0CBCF1000F0AD1F6
:104C40009FED107B20EE077B8DED007B019A6FF0CE
:104C5000350122F00043DDE900BC6FF31E5242F043
:104C60007F5C1B154CF4001CA3F2FE33CDE900BCA5
:104C70000B4403609DED000B03B05DF804BB70476F
:104C8000AFF300800000000000005043FFFFEF7F03
:104C90000000F07F00B50B4C2468864685B0E068C4
:104CA0009C460C4652B108490094CDE90112734666
:104CB0000649624601F028F8FAF7A8F804490A46BE
:104CC000F2E700BF409100202C2000203C20002073
:104CD0009C12002010B5A1FB021482B074BBFBF73C
:104CE000B1FD034670B350F8042C22F00302043ADD
:104CF000242A10D8132A16D91B2AC0E900441AD92D
:104D0000242AC0E902440ABFC0E9044400F11001AA
:104D100000F1180108E021460190FCF789FC019B95
:104D2000184602B010BD014600221846C1E9002213
:104D30008A6002B010BD00F10801F5E7FCF79AFDAA
:104D40000C2303600023184602B010BD2DE9F04F7C
:104D500003690C69A34283B0C0F28880013C01F171
:104D6000140500F1140855F8243058F824200133B4
:104D700008EB84069A4200964FEA840B05EB840701
:104D8000B2FBF3F63AD300230191C64629469C466E
:104D900051F8042BDEF800901FFA82FA06FB0A3362
:104DA0004FEA134A120C06FB02A29BB21FFA89FAC1
:104DB000AAEB030363441FFA82FCCCEB234C0CEBFD
:104DC000194C9BB243EA0C438F424EF8043B4FEA26
:104DD0002C4C4FEA1243DBD258F80B3001996BB9D7
:104DE000009B043B984504D307E0984504F1FF3449
:104DF00003D21A68043B002AF7D004618146FDF70C
:104E00002FFC00282EDB01364146002255F8040B0A
:104E1000D1F800C01FFA80FE1FFA8CF3A3EB0E033B
:104E20001344020CC2EB234202EB1C429BB243EA46
:104E30000243AF4241F8043B4FEA2242E6D258F81F
:104E4000242008EB84036AB9043B984504D307E0A7
:104E5000984504F1FF3403D21A68043B002AF7D0C6
:104E6000C9F81040304603B0BDE8F08F002003B011
:104E7000BDE8F08F2DE9F04F93B08DED000B04915C
:104E8000816B1C9D069257EC106B0446089341B150
:104E9000C26B4A60012393408B60FDF757F90023F2
:104EA000A363B7F10008B4BF012300232B60A34B19
:104EB000BCBF28F00048CDF8048033EA080300F0B6
:104EC00092809DED007BB5EE407BF1EE10FA0DD1A6
:104ED000089A012313601D9B13B11D9A984B136010
:104EE000984B0293029813B0BDE8F08F10AAB0EE71
:104EF000470B11A920468DED027BFDF791FC5FEA7F
:104F000018539DED027B109A834640F08280119BDE
:104F1000134403F23241202940F3E281C1F1400100
:104F200008FA01F803F2124126FA01F148EA0101F8
:104F300006EE101AB8EE466B013B16EE901A4FF0D3
:104F40000108A1F1F8719FED772BB7EE081B9FEDDB
:104F5000775B9FED784B06EE901A03EE903A36EEB3
:104F6000416BB8EEE33BA6EE025BB0EE456BA3EE01
:104F7000046BFDEEC65BB5EEC06BF1EE10FACDED45
:104F8000055A00F1C0800599D21A162902F1FF3A9C
:104F900000F2A4806C4B03EBC10393ED006BB4EE05
:104FA000C67BF1EE10FA00F1A281002A40F3C08422
:104FB0000027CDE90A178A4400230993049B092B93
:104FC0003DD8052BC4BF043B0493049BA3F102030B
:104FD000CCBF00250125032B33D8DFE813F0FA01FD
:104FE000F701ED019201089AC8F3130842F20F731A
:104FF00058EA060813601BD11D9B002B00F0428667
:10500000524B029308331D9A0298136013B0BDE807
:10501000F08F17EE901AB0EE476BC1F3130141F019
:105020007F51A3F2FF3341F440114FF000088AE7AB
:105030001D9B002B40F06181454B029352E70023FA
:1050400004930025E563294620468DED067BFDF798
:1050500053F89DED067B0290002800F0B485119A6C
:10506000029BA363002A75DB05990E2972DC364B7F
:1050700003EBC10393ED003B87EE036BBDEEC66B04
:10508000029916EE103A303301F8013B4FF0FF3928
:10509000B8EEC65BA5EE437B0123B2EE044B11E0F4
:1050A00087EE036BBDEEC66B013316EE102A4B453F
:1050B00002F13002B8EEC65B01F8012BA5EE437B8E
:1050C00000F0A38427EE047BB5EE407BF1EE10FAEE
:1050D000E6D1059B013304930D46ECE001230B93CD
:1050E000059BBAF1000FBABFC2F101074FF0000AE9
:1050F0000027002B80F2F180059BFF1A5B42099389
:1051000000230A935AE7B8EEE55BB4EE465BF1EE96
:1051100010FA3FF438AF05990139059133E700BF24
:10512000AFF3008061436F63A787D23FB3C8608B42
:10513000288AC63FFB799F501344D33F0000F07F7D
:105140002920002028200020A80200206C20002018
:10515000782000204FF0FF390695CDF83090B8F157
:10516000000F00F0E984DDF8248002F233420121CF
:1051700020469244BD18FDF7AFF80646002F40F0D8
:105180009F82099B002B00F09383B8F1000F40F041
:1051900077835946099A2046FDF790F90123834603
:1051A000099301212046FDF797F80A9B8046002BC2
:1051B00040F04582049B012B40F3AA820120504419
:1051C00010F01F0000F008811B2800F3D582C0F109
:1051D0001C00054407448244002D05DD59462A463B
:1051E0002046FDF7C7F98346BAF1000F05DD4146B9
:1051F00052462046FDF7BEF980460B9B002B40F03F
:105200000082B9F1000F40F3D781099B002B40F0D9
:105210002481059B01330493029F012507E0594631
:1052200000230A222046FCF79BFF013583464146B6
:105230005846FFF78BFD4D4500F1300A07F801ABEA
:10524000EDDB029BB9F1000F03F1010209F1FF3917
:105250004FF00003D8BF4FF0000991440093594626
:1052600001222046FDF786F941468346FDF7F8F90D
:10527000002840F32083029A02E0914500F0268343
:105280004D4609F1FF3915F8013C392BF5D00133B2
:1052900089F8003041462046FCF758FF5EB1009B7C
:1052A0002BB1B34203D019462046FCF74FFF3146DD
:1052B0002046FCF74BFF59462046FCF747FF0023EA
:1052C0002B70089B049A1A601D9B002B3FF40AAEBA
:1052D00002981D6013B0BDE8F08F9A440A936BE604
:1052E000C1F1200106FA01F106EE101A22E6059B33
:1052F000013B059300230B93F2E6AC4B029303337F
:1053000081E601230D93DDE90523134403F101092F
:105310004E46012E0C93B8BF0126172E40F39C84F5
:10532000012204235B0003F11400B042114602F194
:105330000102F7D9E16320468DED0E7BFCF7DCFE20
:105340000290002800F03F84B9F10E0F9DED0E7B16
:10535000A06346D8002D44D00599002940F3F1827E
:10536000934B01F00F0203EBC203CD0593ED006BED
:105370004FEA211340F18A838E4A92ED085B03F0D5
:105380000F03032187EE054B002B00F0FB81894AB8
:1053900001E05B100832D80703D45B100832DE0747
:1053A000F7D592ED005B5B1001F1010126EE056B74
:1053B00000F0E8810832F2E701230D93069B002BF1
:1053C00040F38B81069E0C96B146A6E700230D9311
:1053D00099E700230D93F1E71C200544074482441C
:1053E000FAE6119A002AC0F24081059B0E2B00F3C9
:1053F0003C816F4B059A03EBC20393ED003B069B88
:10540000002B80F2ED82B9F1000F00F3E98240F049
:105410008682B1EE046B23EE066BB4EEC67BF1EE32
:1054200010FA494640F27C82029D312305F8013B87
:105430002046FCF78BFE059B023304933BE7314685
:1054400000230A222046FCF78BFE0C9B002B06460D
:1054500040F3FA83DDF830900595002F05DD3146E5
:105460003A462046FDF786F806460A9B002B40F098
:10547000F6823746029D6B1E4B440A93009B03F055
:1054800001030C9341465846FFF760FC31460B90F0
:1054900000F1300A5846FDF7E3F8414681463A46A6
:1054A0002046FDF7FDF8C3680146002B36D1099070
:1054B0005846FDF7D5F8099906902046FCF746FEB8
:1054C000069A002A5AD1049B1BB90C9B002B00F0B2
:1054D000A483B9F1000F43DB0A9BA9469D4209F85A
:1054E00001AB00F0D782594600230A222046FCF780
:1054F00037FEBE42834631464FF000034FF00A02AA
:10550000204635D0FCF72CFE3946064600230A22F9
:105510002046FCF725FE4D460746B3E72046FCF73C
:1055200015FEB9F1000F08DB009B03F00102049B9C
:1055300049EA030952EA09022ED1594601222046BE
:10554000FDF718F841468346FDF78AF8002840F336
:105550004183BAF1390F00F024830B9B03F1310A28
:1055600005F801AB059B0096013304933E4691E696
:10557000FCF7F6FD4D460646074683E7B9F1000FF6
:10558000C0F28483049B49EA03090C9B53EA09098E
:1055900000F07C83002A9FDDBAF1390F00F001830F
:1055A0000AF1010305F8013BDCE700BF7820002089
:1055B000A802002080020020049B022B7FF725AE6A
:1055C000B9F1000F40F0008241464B4605222046CB
:1055D000FCF7C6FD014680465846FDF741F84845B0
:1055E00040F3F281029D312305F8013B41462046FC
:1055F000FCF7ACFD059B02330493002E7FF457AEFD
:1056000059E641465846FDF72BF80028BFF6F9AD9C
:10561000594600230A222046059DFCF7A1FD099B5F
:10562000013D8346002B7FF40AAF0C9B002B40F317
:10563000FE82059BDDF8309004930595ECE51A4653
:1056400001462046FCF73AFF049B012B804640F3BD
:10565000F98100230A93D8F8103008EB8303186906
:10566000FCF7D0FDC0F12000A9E50D9B73B9002F18
:1056700067D1099B002B74D11D461E4691E5119AF6
:10568000002A03DB05990E297FF7B4AE049B012B9A
:105690007FF765AD099B09F1FF384345C0F277817B
:1056A000B9F1000FA3EB080880F2BE82A7EB090353
:1056B000012120460D93FCF70FFE3D460D9F064647
:1056C000BAF1000F7FF75DAD57453B46A8BF534683
:1056D000ED1AFF1AAAEB030A53E50021E163204605
:1056E0008DED067BFCF708FD9DED067B0290002802
:1056F00000F06982029BA363002D40F09F81119A04
:10570000AA42C0F27C8201230C93994606936CE670
:10571000009B002B7FF452AD019BC3F31303002BBE
:105720007FF44CAD019B23F000431B0D1B05002BA8
:105730003FF444AD012301350AF1010A0A931846EA
:105740003DE5BAF1000F00F0FE8157453B46099E4A
:10575000A8BF5346FD1AAAEB030A2F46002E3FF4BA
:1057600020AD5946099A2046FCF7A8FE002383463F
:1057700009933D461E4614E51C283FF42DADC0F1AB
:105780003C002AE684EE065B0B9B3BB1B7EE006B58
:10579000B4EEC65BF1EE10FA00F1E081B1EE0C4B15
:1057A00006EE901AB8EEE66BA6EE054B14EE901AD4
:1057B00053EC142BA1F15073B9F1000F00F09B8052
:1057C000DDF814C0484643EC142BB64B029DFDEEA9
:1057D000C53B03EBC00212ED022B13EE902A02F13F
:1057E000300E0D9A691CB8EEE36B0E4635EE466B33
:1057F000002A00F05B81B6EE003B83EE025B35EEE3
:10580000445BB4EEC65BF1EE10FA85F800E000F3FD
:105810002782B7EE001BB2EE043B002518E00135ED
:105820008542BFF62CAF26EE036B25EE035BFDEE43
:10583000C64B14EE902AB8EEE42B303236EE426BB3
:10584000B4EEC56BF1EE10FA01F8012B00F1DF8127
:1058500031EE464BB4EEC54BF1EE10FADFD5029AAD
:105860000CF1010C02E0914200F097810D4611F815
:10587000013D392BF7D001330B70CDF810C01AE57C
:10588000314642462046FCF719FE5A460146064676
:105890002046FCF74FFD59460D902046FCF756FC7C
:1058A000099BDDF834B0B3EB080309937FF471ACC6
:1058B0000123099375E403D11AF0010F7FF4DBACE7
:1058C0004D4619F8013D302BFAD0E3E4059B029ACE
:1058D0000233049331231370DCE406EE901AB1EE28
:1058E0000C4BB8EEE66BA5EE064B14EE901A53EC9B
:1058F000142BA1F1507343EC142BB1EE046B35EE75
:10590000466BB4EEC46BF1EE10FA00F35681B1EEC3
:10591000444BB4EEC46BF1EE10FA7FF562AD00219A
:105920002046FCF713FC069B029D5B420493C2E4F5
:10593000059B0A939A460023C2F101070B93FFF7D8
:105940003BBB00F00781059A564B524202F00F0113
:1059500003EBC10393ED005B131127EE055B00F031
:105960007981514A022101E05B100832DD0703D43E
:105970005B100832D807F7D592ED006B5B1001F190
:10598000010125EE065B3FF4FFAE0832F2E7099B0A
:105990000A9AA8EB03031A44012120460A92FCF755
:1059A0009BFCCA4407EB09050646CDF82480002F6E
:1059B0003FF4EFAB57453B46A8BF5346ED1AFF1ADD
:1059C000AAEB030AFFF7E5BB41462046FCF7BEFB06
:1059D000069B029D5B420493002E7FF468AC6AE450
:1059E000029B5E1C87EE036BBDEEC66B029A16EE41
:1059F000103AB9F1010F03F13003B8EEC65B31463E
:105A00001370A3EE457B7FF447AB37EE077BB4EE14
:105A1000C37B059BF1EE10FA03F1010304939C464E
:105A200008DCB4EE437BF1EE10FA05D116EE103A25
:105A3000DB0701D5029A19E70D463CE40C95A9460F
:105A4000069589E4009B002B7FF403AEDDE900128C
:105A5000C2F31303002B00F0C4800A91FBE57168C8
:105A60002046FCF749FB0546002800F00481336915
:105A700002339A0006F10C010C30F8F7D3FF2946E7
:105A800001222046FCF776FD0746F3E40221B0EE42
:105A9000474B79E4059B009601333E460493FFF79C
:105AA000DEBB00BFA802002080020020029A24EE84
:105AB000022B012882F800E014D0B2EE043B029AD7
:105AC000151826EE036BFDEEC65B15EE902A3032FC
:105AD00001F8012BA942B8EEE54B36EE446BF0D14C
:105AE000711E0144B6EE005B32EE054BB4EEC64BC0
:105AF000F1EE10FA3FF5B3AE35EE425BB4EEC65BA5
:105B0000F1EE10FA0DDC119A002AFFF6B0AD059AFD
:105B10000E2A3FF7ACAD059A03EBC20393ED003BB1
:105B200060E70D46013915F8013C302BF9D00CF136
:105B300001030493FFF7BFBB109ADDF82480C2F184
:105B40003602FFF714BB099E002E7FF40AAE3D46D5
:105B5000FFF727BB0221B0EE475B15E6B9F1000F56
:105B60003FF4BBAE0C9800287FF73BACB2EE043B91
:105B7000B1EE0C4B013106EE901A25EE035B059B4E
:105B8000B8EEE66BA5EE064B14EE901A03F1FF3C5F
:105B900053EC142BA1F1507315E60CF1010C3123D9
:105BA0006AE6A946392309F8013B059B00960133B3
:105BB000029A04933E46FFF763BB029D312305F82A
:105BC000013B002134E4334B3348002240F2AF1153
:105BD000FFF760F87FF4C4AC1AF0010F7FF4B9ACA2
:105BE000BEE4019B23F000431B0D1B05002B3FF47B
:105BF00031AD012301350AF1010A0A932BE50D9B12
:105C0000002B33D101230C93994606932FE50CF119
:105C1000010304930D46FFF74EBBBAF1390FC0D014
:105C200091453FF79AAC9BE44A46FFF7A0BA049A25
:105C3000022A05DC059A049299460595FFF7ECBA0D
:105C40000595DDF83090BBE4049A0595022AF8DC4E
:105C5000994602E4022197E50021E163FFF76BBB5F
:105C60000CF1010304930D46FFF725BB0D9B069332
:105C700099460C930EE5074B07482A4640F2EF2160
:105C8000FFF708F8054B0293FFF72CB9002A3FF7FE
:105C900054AC65E4781F00207C2000206C2000209C
:105CA00030B5044687B05BB110480193D0F8C851B5
:105CB00071B12046A847421C019B10D007B030BDEF
:105CC00000F5827309480193D0F8C8510029F0D13A
:105CD0000A46204603A9A847421C019BEED1002199
:105CE0008A221960226007B030BD00BFD88E002024
:105CF00010B582B0049CCDE900344FF0FF3301F0C1
:105D000055FC02B010BD00BF0EB400B582B003ABAD
:105D1000DFF81CC053F8042B01930146DCF80000A7
:105D200000F008F802B05DF804EB03B0704700BF64
:105D3000409100202DE9F04FC5B00DF1500A834687
:105D4000049116460021082250461C460B93FBF78F
:105D50006FFCBBF1000F04D0DBF83430002B00F0F7
:105D60004987049B5A6EB3F90C30D00740F141814A
:105D7000990400F1A985049943F4005322F40052D8
:105D80008B814A66930401F1AE80049BB3F90C3019
:105D90001D0740F1BD80049A1269002A00F0B88006
:105DA00003F01A020A2A00F0C2800023CDE9193359
:105DB000CDE90E331BAADFF86C980D9318921746A5
:105DC0000793B0464546D9F8CC41FBF7E7FCCDF840
:105DD00000A003462A4612A95846A047002800F012
:105DE000C580C0F2BB80129A252A034601D01D440B
:105DF000E9E7B5EB0806044640F0BC8000231946ED
:105E00008DF8433008934FF0FF326B78059205F11F
:105E10000108039108F101081946A1F120035A2B4A
:105E200000F2F280DFE813F0E603F000F000DF0399
:105E3000F000F000F000BF03F000F0000702530292
:105E4000F00012020004F000F1035B005B005B0055
:105E50005B005B005B005B005B005B00F000F00040
:105E6000F000F000F000F000F000F000F000D801C9
:105E70009F03F000F000F000F000F000F000F000F0
:105E8000F000F000F0001902F000F000F000AA01AC
:105E9000F000FB02F000F000BA05F000F000F000A6
:105EA000F000F000F000F000F000F000F000D80189
:105EB0006801F000F000F000950368016D00F0004B
:105EC0008B03F0007D036A0320036D00F000AA013C
:105ED0006A005902F000F000FB05F0006A00A1F131
:105EE0003003002218F8011B02EB820203EB42028E
:105EF000A1F13003092BF5D908928EE798F800300C
:105F000088E7039B43F02003039398F8003081E770
:105F1000049D5846294601F05FFA002840F0F687B4
:105F2000B5F90C3003F01A020A2A7FF43EAF049947
:105F3000B1F90E20002AFFF638AF4A6ED20702D41C
:105F40009F0540F19087049923463246584601F058
:105F500015F80790079845B0BDE8F08F082200219A
:105F60005046FBF765FB01231D442CE7B5EB080603
:105F7000044610D01A9B33441A93199B0133072B04
:105F8000C7E90086199310DC0837079B3344079351
:105F9000002C7FF433AF1A9B002B40F06E87049BDC
:105FA0000022B3F90C30199218E0049918AA584647
:105FB00001F024F878B91BAFE7E7049918AA58460E
:105FC00001F01CF8002800F08380099B1BB109999F
:105FD0005846FBF76FFF049BB3F90C30049A526EDE
:105FE000D0077FD55B0600F16687079845B0BDE80E
:105FF000F08F9F0540F114819D047FF5BCAE9004A5
:106000007FF5C6AE00F071BF0029C4D00023012285
:106010008DF8AC108DF8433009930A9205932BAD9F
:106020000692DDE919C0039C14F08406014662461D
:1060300026D1089B069C1C1B002C00F3ED839DF8C9
:10604000433003B300260C960132012301317B60FB
:10605000072A0DF14303CDE919213B6000F3868344
:1060600008370C9B63B1013211AB02313B60072A48
:106070004FF00203CDE919217B6000F36B830837F1
:10608000802E00F0EE82059B0A981C1A002C00F36B
:1060900026830A9B3D6001321944072ACDE9192164
:1060A0007B6000F34C830837039B5C0705D5089B96
:1060B000069A9C1A002C00F36583DDE907320698E6
:1060C0008242ACBF9B181B18079300297FF475AF61
:1060D00000231993099B1BB109995846FBF7EAFE67
:1060E0001BAF6FE69A053FF57DAF049CA06DFBF7F3
:1060F000F3FBB4F90C3075E7039B980640F13C8440
:106100000B9B073323F00702536852F8084B0B929E
:106110001E46002BC0F23882059A002A07DB039B3B
:1061200023F08003039354EA060300F08C840A2CC6
:1061300076F1000380F0F7803034059A9DF8433003
:106140008DF80F41012AB8BF01220692002B00F002
:10615000AF83069B0133002506930123CDE9095344
:106160000DF20F15DDE91921039B13F08406084693
:1061700094463FF45EAF00230C9365E70B9E00232B
:106180008DF8433056F8043B0993002B00F05585F9
:10619000532900F07284039B13F0100440F06D84C7
:1061A000059A002AC0F2138509982146FBF71EFDC7
:1061B0009DF84330099D002800F08B86421B0A920F
:1061C00022EAE2720692002B00F00E85013205945D
:1061D00006920B960994C5E7432903D0039BDD067D
:1061E00040F127840822002116A8FBF721FA0B9A18
:1061F0002BAD126816AB29465846FFF751FD0A90A1
:10620000013000F04F860A9B23EAE37306930B9B51
:1062100004330B9300238DF843300993059300E773
:10622000049DA86DFBF756FBB5F90C306A6E990416
:106230003FF5A8AD9FE50B9B53F8042B0892002A6D
:1062400080F23D83089A0B9352420892039B43F0DD
:106250000403039398F80030DCE5039B43F010003F
:106260009B0640F14E830B9B073323F007031A462E
:10627000596852F8083B0B9200228DF84320059A8A
:10628000002AC0F2118320F49062039253EA0102C3
:1062900000F01E8344AD03F00702DB0843EA4173BC
:1062A000C908303253EA0104284605F8012DF2D11D
:1062B000039B13F0010340F09E82059A099344ABBF
:1062C0005B1B9A42B8BF1A460A930692A9E62B2393
:1062D0008DF8433098F800309CE503998E0600F164
:1062E000A48003990B9A11F0100052F8043B40F07F
:1062F0002783039911F0400100F0CA848DF8430010
:106300009BB205990026B1421C4606DB039921F099
:1063100080010391002B00F07B850A2C76F10003AD
:106320000B92FFF409AF039B09970020CDF830B022
:1063300044A9DDF834B0069003F48067CDF82880D6
:1063400025E00690A319B54843F10003A0FB032CF8
:106350002CF0030202EB9C029B1AE31A4FF0CC32A2
:10636000A046B64602FB03F266F1000600FB0622D9
:10637000A3FB0043B8F10A0F13444FEA54047EF123
:10638000000E294644EAC3744FEA53062ED3069BF7
:10639000A24A01330693A31943F100031046A2FB5E
:1063A000032525F0030202EB95029B1AE31AA3FBD7
:1063B000003266F1000500FB05225B0843EAC27368
:1063C00003EB8303A4EB4303303301F8013C4D1E80
:1063D000002FB7D006989BF800308342B1D1FF2838
:1063E000AFD00A2C76F1000380F0AF8405999DF8B8
:1063F0004330CDF834B044AA521B9142B8BF114685
:10640000DDE90978DDF830B00A920691002B00F042
:10641000EE83069B0133069300230993A2E6039BB8
:1064200043F010019B0640F189820B9B073323F058
:10643000070200238DF84330059B566852F8084B3D
:106440000B92002BC0F2EE8221F08003039354EAFA
:1064500006037FF46CAE059B002B40F0DE840A93AC
:106460000693099344ADDCE5059C0B990398002243
:1064700047F630039442ADF844308DF8432051F88C
:10648000043BC0F2D28220F0800040F00200039072
:10649000002B00F0E58303F00F0461481B09045D45
:1064A0008DF80F410B9100F05685022106910DF2F7
:1064B0000F1503F00F011B09415C05F8011D43EAAC
:1064C0000273120953EA0201F3D144AB5A1B059B34
:1064D0000A929342B8BF1346069A002A00F0398503
:1064E000DDE91921039C023314F084060693084663
:1064F000944600F0E98200230993B4E503988606E8
:106500003FF5B1AE03990B9ACD0652F8043B00F16A
:1065100014850398440640F1C8839BB20B92002176
:10652000AAE603990B9A8C0602F1040340F1F0816C
:10653000126807991160C91751600B9342E498F8EB
:1065400000306C2B00F08F82039A42F0100203920D
:1065500060E498F80030682B00F07B82039A42F0E8
:106560004002039256E4039A940642F0100300F1AD
:1065700000820B9A04320B9903930C680B92E61776
:106580003346002BBFF6C8AD2D238DF84330059B55
:10659000644266EB4606002BFFF6C9AD039B23F071
:1065A00080030393C3E55846FEF72AFB43680F9325
:1065B0001846FBF77BFB0E9004465846FEF720FB7F
:1065C000826898F800300D92002C3FF423AC002A2A
:1065D0003FF420AC1278002A3FF41CAC039A42F43A
:1065E0008062039216E4039B43F00103039398F83F
:1065F00000300FE49DF8432098F80030002A7FF423
:1066000009AC20228DF8432004E4039B43F080036F
:10661000039398F80030FFF7FDBB00BFCDCCCCCC86
:10662000F81F0020D88E0020404610F8011B2A29B0
:1066300000F07784A1F13003092B98BF002200F20B
:10664000178410F8011B02EB820203EB4202A1F156
:106650003003092BF5D942EAE27305938046FFF730
:10666000DCBB089B06981C1A002C7FF70CAD102C85
:1066700040F3268438460C95AE4F049D102604E066
:10668000103C102C00F1080015DD01321031072AF2
:10669000C0E90076CDE91921F2DD18AA294658464D
:1066A00000F0ACFC00287FF490AC103C102CDDE92D
:1066B00019211BA8E9DC0C9D3B4607460132214409
:1066C000072ACDE919213B607C6000F3A482059B79
:1066D0000A981C1A002C07F108077FF7DAAC102C77
:1066E00040F3ED8238461026924F04E0103C102C07
:1066F00000F1080016DD01328E4B1031072AC0E987
:106700000036CDE91921F1DD049918AA584600F0A8
:1067100075FC00287FF459AC103C102CDDE91921E0
:106720001BA8E8DC3B46074601322144072ACDE995
:1067300019213B607C6000F3AA800837A9E4049922
:1067400018AA584600F05AFC00287FF43EAC1A996B
:106750001BAFA9E4049918AA584600F04FFC002882
:106760007FF433ACDDE919211BAF89E4049918AA41
:10677000584600F043FC00287FF427ACDDE91921DE
:106780001BAF6EE4102C199B40F381833A46049EA4
:10679000694F102504E0103C102C02F1080215DDB1
:1067A00001331031072BC2E90075CDE91931F2DD53
:1067B00018AA3146584600F021FC00287FF405ACA9
:1067C000103C102CDDE919311BAAE9DC3E461746C6
:1067D00001332144072BC7E90064CDE919317FF764
:1067E0006CAC049918AA584600F008FC00287FF405
:1067F000ECAB1A9961E4302A00F001823023059A4B
:1068000005F8013C023844AB1B1A9A42B8BF1A463D
:106810000A9306920546EFE000230C93102C464E97
:10682000624623DD394610232F46049D04E0103CC8
:10683000102C01F1080117DD01321030072AC1E9DF
:106840000063CDE91920F2DD18AA2946584600F068
:10685000D5FB00287FF4B9AB103C102CDDE91920E2
:106860001BA94FF01003E7DC3D460F46013221180B
:10687000072ACDE919213E607C6000F37A819DF8FA
:1068800043600837002E36D00026FFF7DDBB0499A1
:1068900018AA584600F0B2FB00287FF496ABDDE959
:1068A00019211BAFFFF7F5BB20F480620392F1E4DE
:1068B000099301230A930DF20F15FFF7B2BB0B9357
:1068C00098F80030FFF7A6BA92047FF561AAF2E2C9
:1068D000059A002A7FF4DEAC10F00102069200F067
:1068E000428130238DF80F31059B0A9209930DF2F6
:1068F0000F15FFF796BB0C9B002B7FF4B4ABFFF793
:10690000C2BB0B9B1A1D0B9B0B921B680021B3E4AF
:10691000039AD00600F18C81039A510600F195820A
:10692000039A920540F184810B9A079912681170BD
:1069300003E600BF48860020FC8100200B9B1A1D47
:106940000B9B05981B680026B0428DF843601C46DF
:1069500067DB21F080010391002B7FF4DEAC0B920A
:10696000002840F05A820A900690099044ADFFF743
:1069700058BB0393FFF7C4BB039B0B9AD90652F88D
:10698000044B3FF5F8AD039B5E0640F1768144F37E
:10699000C0360B9224B23346FFF7BBBBAD48039B16
:1069A0009D0640F1B5800B9B073323F007031A4681
:1069B0005C6852F8083B0B92039A12F001020692AF
:1069C00040F08C808DF84320059A002AC0F2B780F1
:1069D000039A22F49062039253EA040240F0F38097
:1069E000059A002A00F0F68103788DF80F31012313
:1069F00006920A930DF20F15DDE91921039B13F09E
:106A000084060846944600F0A1829DF84330002B8E
:106A100000F0AB82002309930C93FFF715BB8E485F
:106A2000BDE70B920391FFF782BB40F00200039099
:106A300031E50B9B1B688DF8AC30012306930A935C
:106A40002BADFFF7E4BB002A00F0D4813024FFF720
:106A500074BB039B43F40073039308F1010898F897
:106A60000030FFF7D7B9039B43F02003039308F1ED
:106A7000010898F80030FFF7CDB9099B139308225D
:106A8000002116A8FAF7D4FD059B002BC0F219814E
:106A90000024069725461F460EE02BA95846FFF70F
:106AA000FFF8411C284400F0FD81B84209DC04F1E4
:106AB000040400F008820546139A125916AB002A06
:106AC000EBD1069F05950AE1089C069B0996E41AFE
:106AD000002C7FF7C8AA02230C939FE653EA040216
:106AE0005ED100238DF84330059B002BC0F221813D
:106AF000039B23F49063039300F0878103788DF860
:106B00000F31069B0A93059B06930DF20F1573E751
:106B10000B9A52F8043B0B92039AD40608D45206FF
:106B200002D59BB2002447E7039A960500F18181C4
:106B3000002441E742F00202039202220692039AE5
:106B400022F48062039203F00F02825C8DF80F2121
:106B50001B0943EA0473220953EA14147FF4A7AC17
:106B60000DF20F15B1E4059B44ADCDE90933FFF7F4
:106B700058BA049918AA584600F040FA0646002868
:106B80007FF423AA9DF84330DDE91921002B40F062
:106B900089800C9B1BAF002B7FF465AAFFF773BAAB
:106BA00030228DF8442000228DF84320059A8DF87C
:106BB0004510002A039ABDDB22F4906242F00202E3
:106BC00003920222069203F00F02825CBEE7099D47
:106BD0002846FBF76BF89DF843300A9020EAE072F4
:106BE0000692002B7FF4F2AA099D05930B96099358
:106BF000FFF717BA5846FAF747FBFFF7B2B8059AFE
:106C000044AB5B1B9A42B8BF1A460A930023069214
:106C10000993FFF706BA049918AA584600F0EEF94E
:106C200000287FF4D2A9DDE919211BAFFFF72BBAA9
:106C30000B9A0799126811607FE4059B074D0B962C
:106C4000062B28BF062306930A93099B0593FFF79B
:106C5000E8B900BF0C200020F81F002020200020F1
:106C60000B91002C00F0DC80302301228DF80F31D5
:106C70000DF20F1523460A9232E4039B0B929D05F9
:106C80004ABF44F3C016E61764B23346FFF741BA71
:106C9000039810F4007600F0CF808DF84310DBB23B
:106CA000FFF72FBB1BAFFFF7CFB9039810F40071AC
:106CB00000F0BB80DBB20B920021FFF7DDBAAC4BDA
:106CC00032E516AB0093002313AA19465846FFF786
:106CD0000FF80590013000F0E580099B1393059BA8
:106CE000002B7CD0632B00F3B680002309932BADDF
:106CF0000822002116A8FAF79BFC059C16AB00930E
:106D000013AA234629465846FEF7F2FF844240F074
:106D10001681059900236B5421EAE17206929DF8D1
:106D20004320002A40F0B580CDE90A160592FFF70E
:106D300078B903788DF80F31039B23F480630393B4
:106D4000069B0A930DF20F1556E60E9A0F99AD1A8F
:106D50002846FAF7EDFC9BF801300BB10BF1010B63
:106D6000844AA31943F10003A2FB030C2CF0030097
:106D700000EB9C001B1AE31A4FF0CC3166F10006C1
:106D800003FB01F102FB0611A3FB023001445B0887
:106D900043EAC1744E08A31943F10003A2FB031098
:106DA00020F0030101EB90015B1AE31AA3FB02310F
:106DB00066F1000002FB00125B0843EAC27303EBBA
:106DC0008303A4EB4303303305F8013C0120013D6C
:106DD000FFF701BB059B0A9344A805460CE69DF806
:106DE0004330099D0B96003B18BF01230693059B7A
:106DF0000A9301E69DF843303BB1059BCDE9093389
:106E0000012344AD0693FFF7ADB9059BFFF727BB00
:106E1000059B0B92002B3FF422AB0024FFF78CB9AB
:106E2000059B0A9344ADFFF75BBB03980B92FFF7FA
:106E300023BADBB20024BFE505998DF84360002931
:106E40001C46BFF663AAFFF768BA0B9A0799126847
:106E50001180FFF772BB591C5846F9F7F3FC054641
:106E600000B3099044E7886DFAF736FDFFF76BB879
:106E7000002380460593FEF7D0BF049918AA584610
:106E800000F0BCF800283FF48AA8FFF7A4B83A4EF7
:106E90009EE4059A0A92069A0B9601320692059391
:106EA000FFF760B90498B0F90C30426E43F040012E
:106EB000D207818109D54FF0FF330793FFF795B8CB
:106EC0002B4BFFF7FBBB069F09E79905F3D4FFF7B0
:106ED0000CB99BB1059B0B965A1C06920A93059020
:106EE0000990FFF73FB9D707E5D4049B9B899E051E
:106EF000E1D4049B986DFAF7EFFCDCE7059A09935F
:106F0000CDE905320B960A92FFF78BB8049A536EBF
:106F1000D807D0D493899905CDD4906DFAF7DCFCCD
:106F2000C9E70B9A98F8013052F8041B0B9241EA1A
:106F3000E17180460591FEF76DBF0846E3E4049ACF
:106F4000938943F040039381FFF73FB80996FFF719
:106F500070B8069350E5059B0122012BB8BF0123B1
:106F60000DF20F150A92FFF7BBBA0993FFF788B825
:106F700048860020CDCCCCCCFC810020F0B50D465D
:106F8000ADF2744D164689896A6E1B92EA89ADF896
:106F9000162021F00201EA69ADF8141009921CA92B
:106FA0006A6A0291074606910B924FF480610022B3
:106FB00018A80193049107910892FAF787FC3246CA
:106FC000019B02A93846FEF7B5FE061E07DB02A9A3
:106FD0003846FDF7DDFD002818BF4FF0FF36BDF83D
:106FE00014305B0603D5AB8943F04003AB8118989E
:106FF000FAF76EFC30460DF2744DF0BD936810B593
:1070000014461BB918460023636010BD00F068F8F1
:107010000023A3600023636010BD00BF2DE9F0438F
:107020008E681D46AE420B6883B00C4690463AD837
:10703000B1F90CC01CF4906F0FD13546184641468B
:107040002A46FAF763FAA3689E1B2368A6602B44BE
:107050000020236003B0BDE8F0834A69096902EBB0
:1070600042025E1A02EBD2726B1C521033449342FE
:1070700094BF17461F46934288BF1A461CF4806F80
:10708000814612D01146F9F7DDFBF0B13246216995
:107090000190F7F7C7FCA289019B22F4906242F0AD
:1070A0008002A28105E02E46C8E7F9F7ADFE03464F
:1070B00038B123613344BE1BA660676123602E464E
:1070C000BCE721694846FAF7F5FEA3890C2243F094
:1070D0004003C9F800204FF0FF30A381BAE700BF9A
:1070E0009368002B00F0B7802DE9F04FB1F90CC088
:1070F0001CF0080F83B00C46804617462DD00B6954
:107100005BB31CF002033E6833D04FF0000ADFF897
:10711000C4B25546B9465D452B46524628BF5B462C
:107120004046B5B1E169676AB847002840F38B80F3
:10713000D9F808301B1A8244C9F80830002B79D0DE
:107140002D1A5D452B46524628BF5B464046002D12
:10715000E8D1D6E900A50836DDE72146404600F033
:107160003BF9002874D1B4F90CC03E681CF002034E
:10717000CBD11CF0010A70D1236800975546002D31
:1071800054D01CF4007FD4F80890184600F0AB806F
:10719000A945CB4600F2E4801CF4906F34D02169FD
:1071A0006269A3EB010902EB420202EBD27209F120
:1071B000010352102B44934294BF93469B46934243
:1071C00088BF1A461CF4806F00F0E98011464046E3
:1071D000F9F738FB002800F0F7804A462169019052
:1071E000F7F720FCA289019B22F4906242F0800212
:1071F000A28103EB09002361ABEB0903C4F814B0CF
:10720000A3602060A946AB4651465A46FAF77EF97C
:10721000A2682368A2EB0902A260009A91685B440D
:10722000491B2360916029B1B4F90CC0D6E900A5CF
:107230000836A4E7002003B0BDE8F08F21464046A1
:10724000FDF7A6FC68B3B4F90C3043F04003A3810A
:107250004FF0FF30EFE7002070471D469A46184672
:10726000B946009365B3002831D05246D4E90413DF
:107270002068AA4228BF2A46884204D9A16803EBA5
:10728000010B5A457CDC93426DDCE169009A676A28
:107290004046B847B0F1000BD5DDBAEB0B0ACDD0B4
:1072A0000120D9F80830A3EB0B03C9F80830002BF4
:1072B000C0D0009BA5EB0B055B440093002DD2D101
:1072C000756833460836002DFAD01B680093009F7E
:1072D0002A460A213846FAF789FC002871D0013085
:1072E000A0EB070AC1E722699A4221D36269AA4248
:1072F0001ED86FF00043AB4228BF2B46E16993FBD9
:10730000F2F3676A02FB03F340465246B847B0F116
:10731000000998DD009A9368A3EB0903A5EB090522
:107320009360002B86D0B4F90CC02368CA4426E7CA
:10733000A94528BFA94618464A465146FAF7E6F835
:10734000A2682368A2EB09024B44A2602360002AD2
:10735000E0D121464046FDF71BFC0028DAD072E759
:10736000A946AB4650E700990192FAF7CFF8019A87
:10737000A3689B1AA36023681344236093468CE799
:1073800000995A46FAF7C2F823685B442360214605
:107390004046FDF7FDFB00283FF47FAF53E7404632
:1073A000F9F732FD034600287FF423AF21694046F8
:1073B000FAF780FDA3890C22C8F8002023F080038F
:1073C00043E76A1C924651E70C22B4F90C30C8F826
:1073D00000203AE700FCFF7F10B5354B04461868E3
:1073E00082B00B4610B1426B002A53D0B3F90C2087
:1073F000110711D51869C8B1B3F90C2012F00101B9
:1074000026D059694FF0000C4942C3F808C0996171
:1074100020B3002002B010BDD00640D5510723D4C0
:10742000186942F008029A810028E5D19A8902F48D
:107430002072B2F5007FDFD019462046019300F09C
:10744000C9F8019BB3F90C20186912F00101D8D1D9
:10745000940758BF596999600028DAD11106D9D527
:1074600042F040029A811FE0196B61B103F14000C4
:10747000814206D020460193FAF71CFD019BB3F927
:107480000C200021196318690021C3E9000122F0D2
:107490002402C6E70191F9F7F7FE019BA6E709214F
:1074A00042F0400221609A814FF0FF30B2E700BF06
:1074B000409100202DE9F04F8BB0DDE91589149F34
:1074C00002901C46B8F1000F57D0166801960029AB
:1074D000C34608BF4FF0FF37002588460391924608
:1074E00006E0019B53F8040B0193002837D0654652
:1074F000AF423ED9002C3CD0DBF800300493DBF8DF
:1075000004300593019B02981A68D9F8C8615B465C
:1075100006A9B047431C33D000EB050CBC453AD854
:10752000039B013C002BDCD000280DDD08F1FF326D
:10753000019E06A900EB020E11F8013B02F8013F83
:107540007245F9D101968044019BDAF8002053F886
:10755000040B01930432CAF800200028C7D1039914
:10756000D84609B1CAF800000022C8F800200CF182
:10757000FF3528460BB0BDE8F08F00F58678A4E70C
:10758000029B05468A21002228461960CBF800207C
:107590000BB0BDE8F08FD846DDF810A0DDF814B0D0
:1075A0002846C8E900AB0BB0BDE8F08F00B585B048
:1075B000DFF81CC006980090079801900348006807
:1075C000CDF808C0FFF776FF05B000BD4091002060
:1075D000D88E0020B1F90C20930706D501F14303A2
:1075E0000122C1E904320B60704730B50B46B1F996
:1075F0000E10002999B0044632DB02AA009300F075
:107600005BF80028009B29DB4FF480612046009343
:10761000039DF9F717F9009BB3F90C20002839D026
:1076200005F4704142F0800218601861B1F5005F06
:107630004FF480609A8158613AD1B3F90E100093EB
:10764000204600F04DF8009BB3F90C2080B322F0E7
:10765000030242F001024FF4006117E0B3F90C207D
:10766000019312F0800F0CBF4FF48061402120463F
:107670000091F9F7E7F8019B0099B3F90C2048B1A4
:10768000C3E9040142F08002186000210A439A8194
:1076900019B030BD9105FBD422F0030203F1430180
:1076A00042F002020120C3E904109A811960EFE759
:1076B0004FF40061EAE700BF38B5084C00230546E7
:1076C000084611462360F7F795FB431C00D038BDF0
:1076D0002368002BFBD02B6038BD00BF58C70020AB
:1076E00038B5074C0023054608462360F7F788FBAA
:1076F000431C00D038BD2368002BFBD02B6038BD65
:1077000058C700205FF800F0CD1E00605FF800F061
:0C771000211F00605FF800F0B51600605B
:04771C00F8B500BFFD
:08772000908DFF7F01000000C5
:107728000000000000000000000000000000000051
:107738000000000000000000000000000000000041
:107748000000000000000000000000000000000031
:107758000000000000000000000000000000000021
:107768000000000000000000000000000000000011
:107778000000000000000000000000000000000001
:1077880000000000000000000000000000000000F1
:1077980000000000000000000000000000000000E1
:1077A80000000000000000000000000000000000D1
:1077B80000000000000000000000000000000000C1
:1077C80000000000000000000000000000000000B1
:1077D80000000000000000000000000000000000A1
:1077E8000000000000000000000000000000000091
:1077F8000000000000000000000000000000000081
:107808000000000000000000000000000000000070
:107818000000000000000000000000000000000060
:107828000000000000000000000000000000000050
:107838000000000000000000000000000000000040
:107848000000000000000000000000000000000030
:107858000000000000000000000000000000000020
:107868000000000000000000000000000000000010
:107878000000000000000000000000000000000000
:1078880000000000000000000000000000000000F0
:1078980000000000000000000000000000000000E0
:1078A80000000000000000000000000000000000D0
:1078B80000000000000000000000000000000000C0
:1078C80000000000000000000000000000000000B0
:1078D80000000000000000000000000000000000A0
:1078E8000000000000000000000000000000000090
:1078F8000000000000000000000000000000000080
:10790800000000000000000000000000000000006F
:10791800000000000000000000000000000000005F
:10792800000000000000000000000000000000004F
:10793800000000000000000000000000000000003F
:10794800000000000000000000000000000000002F
:10795800000000000000000000000000000000001F
:10796800000000000000000000000000000000000F
:1079780000000000000000000000000000000000FF
:1079880000000000000000000000000000000000EF
:1079980000000000000000000000000000000000DF
:1079A8000080E03779C34143176E05B5B5B89346F3
:1079B800F5F93FE9034F384D321D30F94877825ABF
:1079C8003CBF737FDD4F1575000000000000F03FDD
:1079D80000000000000024400000000000005940A2
:1079E8000000000000408F40000000000088C340F5
:1079F80000000000006AF8400000000080842E416A
:107A080000000000D01263410000000084D79741B5
:107A18000000000065CDCD41000000205FA00242BB
:107A2800000000E876483742000000A2941A6D4230
:107A3800000040E59C30A2420000901EC4BCD64223
:107A480000003426F56B0C430080E03779C34143CE
:107A580000A0D8855734764300C84E676DC1AB4344
:107A6800003D9160E458E143408CB5781DAF154462
:107A780050EFE2D6E41A4B4492D54D06CFF080443D
:107A8800F64AE1C7022DB544B49DD9794378EA4452
:107A9800000000000000F03F000000000000F0BF00
:107AA800000000000000F0BF000000000000F03FF0
:107AB80083C8C96D305F6441182D4454FB21F93FD8
:107AC800000000000000F03F1C620CFDFFFFDFBF5C
:107AD800198F06E15355A53F9D359AE887C056BFD3
:107AE800C3F87B024393F93E03A695595455C5BF85
:107AF800C40B23057610813F24CF7437EB9429BF3C
:107B0800000000000000F03F000000000000F0BF8F
:107B1800000000000000F0BF000000000000F03F7F
:107B280083C8C96D305F6441182D4454FB21F93F67
:107B3800000000000000F0BF1C620CFDFFFFDF3FEB
:107B4800198F06E15355A5BF9D359AE887C0563F62
:107B5800C3F87B024393F9BE03A695595455C5BF94
:107B6800C40B23057610813F24CF7437EB9429BFCB
:107B7800000000003333B33E3333333F0C1D002085
:107B8800281D0020381D00206C1D00208C1D0020A1
:107B980043414C2C76616C69643D302C6761696E99
:107BA8003D312E303030302C6F66667365743D3051
:107BB8002E303030302C72657369643D302E303091
:107BC8003030000043414C2C76616C69643D312CA7
:107BD8006761696E3D252E34662C6F666673657421
:107BE8003D252E34662C72657369643D252E3466F6
:107BF8000A00000043616C6C6261636B2063616C16
:107C08006C6564202D20537769746368696E6720FA
:107C18006F6666206E6F772E0000000025732C209B
:107C2800256C7520627974657320286669726D7792
:107C3800617265290A000000494D4D4147494E458A
:107C4800204D414E43414E544520286E6527206EF5
:107C5800656C206669726D77617265206E65272094
:107C680073756C6C61206D6963726F5344293A2097
:107C78000000000052657374617274206166746557
:107C88007220706F77657220646F776E0000000055
:107C9800466972737420706F776572206F6E00008A
:107CA80075426F782050726F206669726D776172C5
:107CB800652076382E35205354414E4441524400B5
:107CC80042696F6D696D585F4C6F676F5F35305FE4
:107CD80063726F702E6A70670000000075486561F6
:107CE800727453796D626F6C5F77656273697465DE
:107CF8002E6A706700000000754B6E656553796DDC
:107D0800626F6C5F776562736974652E6A7067006D
:107D18007547757453796D626F6C5F5765627369E7
:107D280074652E6A70670000754C697665725F6CC1
:107D38006F636B65645F62775F75426F782E6A70F8
:107D480067000000754C756E6753796D626F6C5FE4
:107D58006C6F636B65645F62775F75426F782E6ADC
:107D680070670000755363617253796D626F6C5F61
:107D7800776562736974652E6A70670075477574F4
:107D88005F6F6E6169722E6A706700007365747444
:107D9800696E67732E6A70670000000063757374FC
:107DA8006F6D53796D626F6C5F312E6A706700007A
:107DB800415454454E5A494F4E453A20257520693D
:107DC8006D6D6167696E69206D616E63616E74695E
:107DD80020287665646920736F707261290A000033
:107DE800454550524F4D3A20617265612063757365
:107DF800746F6D207631206D6F6469666963617494
:107E08006120646120756E206669726D77617265A4
:107E18002076382E31202D3E206E756F7661206DCC
:107E2800696772617A696F6E650000004545505256
:107E38004F4D3A207072696D6120696E697A696187
:107E48006C697A7A617A696F6E6520286C61796FDE
:107E58007574207632290000454550524F4D3A201E
:107E68006D696772617A696F6E65206C61796F758B
:107E780074207631202D3E20763200004E65772022
:107E8800310000004E657720320000004E657720F3
:107E9800330000007374617274FF000053656C65F1
:107EA800637420796F7572006F7267616E206D6FF1
:107EB80064656C003A00000020612E6D2E00000001
:107EC80020702E6D2E0000002F0000004261636BB1
:107ED80000000000596F752073656C6563746564F4
:107EE80000000000754865617274000069732061C4
:107EF800206D696E6961747572697A6564206D6F49
:107F080064656C006F6620612066756E6374696FC6
:107F18006E616C20616E642062656174696E6700D1
:107F280068756D616E206865617274206F6E20617E
:107F3800206368697020646576656C6F706564009D
:107F480077697468696E207542656174205374722C
:107F58006574636820706C6174666F726D2E0000C2
:107F68004E657874000000004D6F726500000000D7
:107F78005468616E6B7320746F2075426561742C50
:107F88002061206D656368616E6963616C2074723D
:107F980061696E696E670000726573656D626C6910
:107FA8006E67207468652070687973696F6C6F6795
:107FB8006963616C206865617274206265617469C7
:107FC8006E6700006973206170706C696564207465
:107FD8006F2068756D616E206361726469616320EA
:107FE80063656C6C732063756C74757265640000EE
:107FF800696E2033442E2057697468696E2066655F
:108008007720646179732C207468652067656E65D4
:10801800726174696F6E00006F6620612066756E0C
:108028006374696F6E616C2068756D616E20636141
:108038007264696163207469737375652C0000004C
:1080480073706F6E74616E656F75736C7920616E95
:10805800642073796E6368726F6E6F75736C7920C4
:1080680062656174696E6700697320616368696538
:108078007665642E000000005374696D756C617438
:10808800696F6E004672657175656E63793A203165
:1080980020487A0044757479206379636C653A20C6
:1080A800353020250000000054696D696E670000B6
:1080B8004F6E20666F72657665720000576861744E
:1080C80020646F20796F752077616E7420746F203B
:1080D800646F3F0046696C6C00000000796F757230
:1080E80000000000706C6174666F726D0000000023
:1080F80053746172740000007374696D756C6174F7
:10810800696F6E004D61696E000000004D656E7507
:1081180000000000526561647920746F2072652D3B
:10812800737461727420746865207374696D756CFA
:108138006174696F6E000000434F4E54494E5545B7
:1081480000000000754B6E656500000069732074BF
:10815800686520666972737420696E207669747226
:108168006F206D696E6961747572697A6564000063
:108178006D6F64656C206F6620612068756D616E37
:10818800206F7374656F61727468726974696300D3
:10819800284F41292063617274696C616765206F9B
:1081A8006E20636869702C20646576656C6F7065F5
:1081B8006400000077697468696E207542656174AF
:1081C80020436F6D70726573732E00005468616E82
:1081D8006B7320754265617420746563686E6F6C9B
:1081E8006F67792C2061206D656368616E696361D2
:1081F8006C0000006F7665726C6F61642072657345
:10820800656D626C696E672074686520706174685A
:108218006F6C6F676963616C00000000636F6E6468
:108228006974696F6E73206F66204F4169732061AE
:1082380070706C69656420746F2074686520686567
:10824800616C7468790000006D6963726F7469739A
:10825800737565732E20754265617420706174684A
:108268006F6C6F676963616C000000007374696DFF
:10827800756C6174696F6E206C65616473207769D1
:108288007468696E20666577206461797320746FFD
:10829800000000007468652067656E657261746926
:1082A8006F6E206F66204F412D6C696B65206D697C
:1082B80063726F74697373756573000077697468A6
:1082C8002061207068656E6F7479706520616E64D6
:1082D8002067656E6F74797065000000636F727255
:1082E800656C6174696E672077697468204F4120F6
:1082F800636C696E6963616C20666561747572652B
:10830800732E00003268204F4E0000002D20346884
:10831800204F4646000000002D203268204F4E00B6
:108328002D20313668205245535400007547757426
:10833800000000006F6620612066756E6374696FC7
:108348006E616C20696E74657374696E616C20650A
:1083580070697468656C69616C206F6E000000005C
:1083680061206368697020646576656C6F70656408
:108378002077697468696E20754265617400000031
:108388005374726574636820706C6174666F726D83
:108398002E000000754265617420656E61626C652F
:1083A8007320746865206D656368616E6963616CCC
:1083B800207374696D756C6174696F6E00000000DC
:1083C8006F662074686520696E74657374696E6180
:1083D8006C206570697468656C69616C2063656C94
:1083E8006C73200072656361706974756C6174697F
:1083F8006E6720626F7468207468652070657269A2
:108408007374616C746963006D6F76656D656E7405
:108418007320616E642074686520666C6F772069CC
:108428006E7369646520746865000000696E746520
:108438007374696E616C206C756D656E2E2057695A
:108448007468696E2066657720646179732000001E
:10845800612066756E6374696F6E616C2065706902
:108468007468656C69616C206261727269657220FA
:10847800776974680000000033442076696C6C6981
:108488002D6C696B6520737472756374757265738E
:108498002069732067656E6572617465642E0000DB
:1084A8004672657175656E63793A20302E322048C0
:1084B8007A000000755363617200000069732061DF
:1084C800206D696E6961747572697A656420696E78
:1084D80020766974726F206D6F64656C000000000F
:1084E8006F66206120666962726F746963206865CF
:1084F800617274206F6E20636869702064657665A8
:108508006C6F7065640000006973206170706C693D
:10851800656420746F2063617264696163206365B8
:108528006C6C7320616E6420666962726F626C6144
:108538007374730063756C747572656420696E205A
:1085480033442E207542656174207374696D756CAF
:108558006174696F6E00000070726F76696465738C
:108568002063656C6C732077697468206120666984
:1085780062726F7369732D6C696B6500656E7669DD
:10858800726F6E6D656E7420616E64206C656164D7
:10859800732077697468696E2066657720646179ED
:1085A80073000000746F207468652067656E6572DB
:1085B8006174696F6E206F66206120736361722D2C
:1085C8006C696B65207469737375652C0000000015
:1085D800726570726F647563696E672068616C6C30
:1085E8006D61726B732E0000754C756E670000002C
:1085F800754C756E672000006F6620612066756E89
:108608006374696F6E616C206C756E67206F6E00A5
:108618006F66206C756E672063656C6C732C2072B6
:10862800656361706974756C6174696E67206B65E8
:108638007920617370656374730000006F6620743D
:1086480068652064796E616D6963206D6563686132
:108658006E6963616C20656E7669726F6E6D656EAA
:10866800740000006F662074686520726573706915
:108678007261746F72792073797374656D2C2069D7
:108688006E636C7564696E670000000062726561F4
:108698007468696E672D6173736F6369617465646B
:1086A800206D6F76656D656E74732E0057697468FA
:1086B800696E20612066657720646179732C20617A
:1086C8002070687973696F6C6F676963616C6C7926
:1086D8000000000072656C6576616E74206C756EC2
:1086E80067206D6F64656C2069732067656E6572BD
:1086F800617465642E0000004672657175656E636D
:10870800793A20302E323720487A00006375737426
:108718006F6D000043686F736520796F7572206F05
:10872800776E207374696D756C6174696F6E2070F3
:1087380061747465726E2C0074756E696E6720774B
:10874800617665666F726D2C206672657175656EEF
:10875800637920616E642064757479206379636C31
:10876800652E0000437573746F6D697A65642050D7
:1087780061747465726E730045646974000000006A
:1087880053657400313233343536373839300000A8
:1087980071776572747975696F70000061736466CA
:1087A80067686A6B6C0000007A786376626E6D00A9
:1087B8006261636B0000000063616E63000000008B
:1087C8004F4B000043686F736520796F757220778F
:1087D800617665666F726D00537175617265207799
:1087E8006176650053696E20776176650000000048
:1087F800706172616D6574657273000046726571AF
:1088080075656E6379000000447574792043796357
:108818006C650000250000005045414B0000000039
:108828005052455353555245000000005374696D2A
:10883800756C6174696F6E2070726573737572659B
:108848000000000062617200526567756C61746FA8
:10885800722072616E676520302E3035202D2031F0
:108868002E3030206261722C207374657073206F13
:108878006620302E3035000043757272656E743A8A
:108888002063616C69627261746564004375727219
:10889800656E743A206E6F742063616C69627261F0
:1088A80074656420287261772072656164696E67F7
:1088B80029000000466974746564000044656C749E
:1088C800610000004E4F2041495200004C4F5700B4
:1088D800484947480000000043616C69627261744E
:1088E800696F6E2076616C6964202D2070726573E3
:1088F80073205341564520746F2073746F7265203E
:108908006974000043616C6962726174696F6E20FA
:1089180072656A65637465643A20636865636B2091
:1089280061697220737570706C7920616E64206360
:108938006972637569740000506E65756D6174695C
:10894800632063697263756974204F4B00000000EF
:10895800506E65756D6174696320636865636B202B
:108968004641494C4544000043414C52554E2C72F7
:1089780061773D252E34662F252E34662F252E341B
:10898800662C7265663D252E33662F252E33662F9D
:10899800252E33662C6761696E3D252E34662C6F53
:1089A80066667365743D252E34662C72657369643A
:1089B8003D252E34662C6F6B3D25640A00000000AF
:1089C800434845434B2C7365743D252E33662F254C
:1089D8002E33662F252E33662C6D6561733D252E4B
:1089E80034662F252E34662F252E34662C6F6B3D6A
:1089F80025640A0053544152540000004D656173C8
:108A080075726564000000005261770052657375E5
:108A18006C7400002D0000006761696E00000000A2
:108A28006F66667365740000726573696475616C5E
:108A3800000000005245504541540000534156453E
:108A48000000000052455345540000004E4F20419D
:108A580049523A20737570706C7920616273656E43
:108A6800742E20204C4F573A20737570706C792003
:108A7800746F6F206C6F77206F72206369726375F3
:108A88006974206F70656E202F206C65616B696E4C
:108A9800672E0000436C6F73652074686520706EE4
:108AA80065756D61746963206369726375697420A3
:108AB800286E6F20636869702920616E6420636F77
:108AC8006E6E6563742074686520616972207375C1
:108AD80070706C792E0000005468652072656775A7
:108AE8006C61746F722069732064726976656E2098
:108AF800746F2074687265652073657420706F697F
:108B08006E7473202861626F757420323020732967
:108B18002E00000050726573737572652063686576
:108B2800636B000054687265652073657420706F0C
:108B3800696E747320617265206D65617375726505
:108B48006420696E2073657175656E6365202861A0
:108B5800626F75742032302073292E005265666565
:108B680072656E63652076616C756573202865642F
:108B7800697420696620612067617567652069737B
:108B880020636F6E6E6563746564293A00000000A7
:108B9800506F696E742032002B000000506F696EB0
:108BA800742033004D6F6E69746F722063616C6955
:108BB80062726174696F6E004D6561737572696E7A
:108BC800672E2E2E00000000506F696E74000000A2
:108BD8006F66203320202D2020736574000000006C
:108BE8006D6F6E69746F72206E6F773A00000000C7
:108BF8004669726D7761726520757064617465008D
:108C0800436F6E6E65637420746865205553422007
:108C18006361626C6520746F20746865205043201E
:108C2800616E64206F70656E000000005465656EAB
:108C38007379204C6F616465722077697468207459
:108C48006865206E6577202E6865782066696C6592
:108C580020284175746F206F6E292E005468652096
:108C680075426F782077696C6C207265626F6F74DB
:108C780020696E2070726F6772616D6D696E672012
:108C88006D6F64652E000000555342206361626C6D
:108C980065206E6F7420636F6E6E65637465642003
:108CA800746F20612050432E00000000546F20652F
:108CB80078697420776974686F75742070726F674B
:108CC80072616D6D696E673A20756E706C7567209C
:108CD8005553422C20706F776572206F66662E00A0
:108CE800474F000043414E43454C00004649524D12
:108CF80057415245205550444154453A2055534216
:108D0800206E6F6E20636F6C6C65676174612C20D8
:108D18007269617676696F207269666975746174C3
:108D28006F0000004649524D574152452055504466
:108D38004154453A207269617676696F206E656C98
:108D480020626F6F746C6F616465720050726F6738
:108D580072616D6D696E67206D6F6465000000005B
:108D680057616974696E6720666F72205465656E15
:108D78007379204C6F61646572206F6E207468652A
:108D88002050432E2E2E00005468652075426F78BF
:108D980020726573746172747320627920697473C8
:108DA800656C66207768656E20646F6E652E0000BE
:108DB800546F206578697420776974686F757420BA
:108DC80070726F6772616D6D696E673A20756E704B
:108DD8006C75672074686520555342206361626C26
:108DE800652C000072656D6F766520706F7765720F
:108DF80020666F72203520732C207468656E207091
:108E08006F776572206F6E20616761696E2E000052
:108E18005374696D756C6174696F6E20626C6F63F1
:108E28006B0000004F4E00006D696E004F46460013
:108E38005265737420626C6F636B00005245535423
:108E480000000000686F7572730000006D696E7530
:108E58007465730041726520796F7520737572654A
:108E680020796F752077616E7420746F2070726F2F
:108E7800636565643F00000046696C6C696E672035
:108E88006D75737420626520706572666F726D65AA
:108E9800640000006265666F726520626567696ECE
:108EA8006E696E6720746865207374696D756C618E
:108EB80074696F6E00000000594553004E4F000062
:108EC800526561647920746F2073746172742074C0
:108ED8006865207374696D756C6174696F6E0000E4
:108EE80043617274696C6167650000005761726E56
:108EF800696E67210000000075426F782050524F5C
:108F080020776173206E6F742070726F7065726C59
:108F180079207374776963686564206F66662E00CC
:108F2800446F20796F752077616E7420746F2063A9
:108F38006F6E74696E75650066726F6D207768650F
:108F480072652069742073746F707065643F0000E7
:108F5800496620796F75206578697420746869732B
:108F6800207061676500000066696C6C696E672037
:108F780077696C6C206E6F7420626520636F6D700A
:108F88006C657465640000007374696D756C617458
:108F9800696F6E2077696C6C20656E640000000054
:108FA8005468652074696D696E6720626C6F636BC5
:108FB80020657863656564732032346800000000BA
:108FC800436865636B20274F4E272C20274F464662
:108FD8002720616E64205245535420626C6F636B86
:108FE800730000006265666F726520676F696E675F
:108FF800206F6E00474F5420495400004F4E2F4FAA
:10900800464620424C4F434B000000005468652000
:1090180074696D696E6720626C6F636B2069732079
:1090280073686F72746572207468616E2032346878
:10903800000000004672657175656E63793A20001C
:10904800447574792000000025202D005072657346
:10905800737572653A2000004F4E3A0027000000F1
:109068004F46463A0000000046696C6C696E672EF0
:109078002E2E000054696D65206C6566743A2000D8
:10908800206D696E75746573000000005B4545507E
:10909800524F4D5D2073616C766174616767696FCB
:1090A80020706572696F6469636F3A206461795FE3
:1090B80068656172743D256C7520743D256C75205A
:1090C8006D730A00446179006F66207374696D7569
:1090D8006C6174696F6E0000504155534500000083
:1090E80053544F50000000005B454550524F4D5DB2
:1090F8002073616C766174616767696F207065724F
:10910800696F6469636F3A206461795F636172743F
:10911800696C6167653D256C7520743D256C75200B
:109128006D730A004E657874207265737420696ED9
:109138003A2000006820616E640000005B454550DD
:10914800524F4D5D2073616C766174616767696F1A
:1091580020706572696F6469636F3A206461795F32
:109168006775743D256C7520743D256C75206D738D
:109178000A0000005B454550524F4D5D2073616CFD
:10918800766174616767696F20706572696F646979
:10919800636F3A206461795F736361723D256C7512
:1091A80020743D256C75206D730A00005B454550A1
:1091B800524F4D5D2073616C766174616767696FAA
:1091C80020706572696F6469636F3A206461795FC2
:1091D8006C756E673D256C7520743D256C75206D2A
:1091E800730A00005B454550524F4D5D2073616C1A
:1091F800766174616767696F20706572696F646909
:10920800636F3A206461795F637573746F6D3D2590
:109218006C7520743D256C75206D730A0000000084
:109228004D6F6E69746F723A2063616C6962726126
:10923800746564004D6F6E69746F723A206E6F7456
:109248002063616C6962726174656400486172646C
:10925800776172653A2075426F782050524F2076B8
:10926800312E31004669726D776172653A20763821
:109278002E35205354414E444152440053657420C6
:1092880074696D650000000053657420646174653D
:109298000000000043616C6962726174650000003F
:1092A8006D6F6E69746F7200507265737375726555
:1092B80000000000636865636B0000004669726D1A
:1092C8007761726500000000757064617465000064
:1092D800576861742064617920697320746F6461D0
:1092E800793F00004D6F6E74680000005965617227
:1092F800000000005265616479000000612E6D2E47
:1093080000000000702E6D2E000000005768617488
:109318002074696D652069732069743F000000003E
:1093280054455354205741544348444F473A206CBE
:109338006F6F7020626C6F636361746F2C2072654D
:109348007365742061747465736F20656E74726FD1
:1093580020313020730000004C4F472C7061676546
:109368003D25642C6461793D256C752C77617665A3
:109378003D25752C626C6F636B3D25752C73657488
:109388005F6261723D252E33662C6D6F6E5F563DB0
:10939800252E32662C6D6561735F6261723D252EE4
:1093A80033662C616C61726D3D25752C6379636C35
:1093B80065733D256C752C706572696F645F6D739C
:1093C8003D252E31662C6D696E5F6D733D252E31FE
:1093D800662C6D61785F6D733D252E31662C646552
:1093E8006665727265643D256C752C6C6F6F705F75
:1093F8006D733D252E31662C6C6F6F705F6D6178D3
:109408005F6D733D252E31662C7365745F706B3DFF
:10941800252E33662C6D6561735F706B3D252E3389
:10942800662C63616C3D25750A000000436865631E
:109438006B20726567756C61746F7220636F6E6EF6
:10944800656374696F6E00004E6F206169722073E6
:109458007570706C79000000507265737375726571
:10946800206E6F7420726561636865643A20636872
:1094780065636B2061697220737570706C79202F39
:109488002063697263756974000000004F76657225
:109498002D70726573737572653A20636865636BC6
:1094A80020726567756C61746F7200005072657325
:1094B800737572652064657669617465733A2063B3
:1094C8006865636B206369726375697400000000E6
:1094D800754C756E6753796D626F6C5F77656273F3
:1094E8006974652E6A706700754E4D435F73796DB8
:1094F800626F6C5F75426F785F3330305F6470699C
:109508002E6A7067000000002A2A2A2A000000003C
:1095180046543830000000004654380042543800A1
:109528005446542069643A20000000005350492DE5
:10953800312073706565643A2000000078000000EF
:10954800207078005245475F4652455155454E4375
:10955800593A2000496E76616C6964206F706572B3
:109568006174696F6E000000436865636B207468FE
:109578006520696D616765206E616D65000000009A
:10958800436865636B207468652074797065206F23
:10959800662074686520696D6167652066696C6519
:1095A8000000000049732069742074686520696DA3
:1095B8006167652873292066696C65287329206F9F
:1095C8006E20746865206D6963726F53442063610F
:1095D80072643F0047442E737761702829206973AD
:1095E800206C6F73743F00005854385858207375B6
:1095F8006767657374733A2074616B6520612062D4
:109608007265616B20616E6420636865636B2061BD
:109618006761696E21000000706C65617365207474
:109628006170206F6E2074686520646F740000009C
:1096380046543831584D616E69612E636F6D000074
:109648002C2000002062797465730000455846415B
:10965800540000004C435F434F4C4C4154450000BC
:109668004C435F4354595045000000004C435F4D44
:109678004F4E4554415259004C435F4E554D45524B
:10968800494300004C435F54494D45004C435F4DEE
:10969800455353414745530042616C6C6F632073D7
:1096A8007563636565646564000000002F64617418
:1096B800612F6A656E6B696E732F776F726B73704B
:1096C8006163652F474E552D746F6F6C63686169D0
:1096D8006E2F61726D2D31352F7372632F6E657722
:1096E8006C69622D63796777696E2F6E65776C692F
:1096F800622F6C6962632F7374646C69622F6D707A
:109708007265632E63000000494E4600696E66006C
:109718004E414E006E616E0030313233343536378B
:1097280038396162636465660000000030313233A5
:109738003435363738394142434445460000000045
:10974800286E756C6C290000300000002C206675AE
:109758006E6374696F6E3A20000000006173736570
:109768007274696F6E2022257322206661696C65A8
:10977800643A2066696C6520222573222C206C6966
:109788006E65202564257325730A0000496E666995
:109798006E697479000000004E614E002F64617498
:1097A800612F6A656E6B696E732F776F726B73705A
:1097B8006163652F474E552D746F6F6C63686169DF
:1097C8006E2F61726D2D31352F7372632F6E657731
:1097D8006C69622D63796777696E2F6E65776C693E
:1097E800622F6C6962632F7374646C69622F64748E
:1097F8006F612E6300000000FF00780180014302C2
:10980800880187018C018B01920191019501F60174
:10981800990198019A013D029E012002A801A70121
:10982800AD01AC01B001AF01B901B801BD01BC0186
:10983800BF01F701C601C401C901C701CC01CA01B2
:10984800DD018E01F301F101F501F4013A02652C05
:109858003C023B023E02662C420241025302810155
:10986800540286015602890157028A0159028F0162
:109878005B02900160029301630294016802970100
:10988800690296016B02622C6F029C0172029D01B3
:1098980075029F017D02642C8002A6018302A90142
:1098A8008802AE01890244028A02B1018B02B20128
:1098B8008C0245029202B7017B03FD037C03FE0381
:1098C8007D03FF03AC038603C203A303CC038C030D
:1098D800CD038E03CE038F03F203F903F803F703D6
:1098E800FB03FA03CF04C0047D1D632C511F591FCD
:1098F800531F5B1F551F5D1F571F5F1F781FF81FE2
:10990800791FF91FB31FBC1FCC1FC31FE51FEC1F16
:10991800FC1FF31F4E21322184218321612C602CEE
:10992800762C752CA0050020D49A0060FF4E00000C
:10993800BC050020788D00605B0D0000D805002074
:10994800288000604F0D0000F0050020C071006005
:10995800680E000008060020F4670060CA090000CD
:10996800B01D0020C05A0060340D000024060020FD
:10997800AC500060110A000044060020D844006082
:10998800D40B00005C0600200C3C0060CB080000F3
:109998006C06002098360060730500007C060020E5
:1099A8002C2C00606A0A0000C81D0020981F006067
:1099B800920C00006100E01AE000E017F800E007F0
:1099C8000001013032010106390101104A01012E5E
:1099D8007901010682010104A0010106B301010415
:1099E800CD010110DE010112F80101282202011245
:1099F8004602010AAD03DB03B103E011C303E0092A
:109A0800D80301183004E0205004B010600401228B
:109A18008A040136C104010ED00401446105D02630
:109A2800001E0196A01E015A001F0808101F0806F4
:109A3800201F0808301F0808401F0806601F080874
:109A4800701F4A02721F5604761F64027A1F700242
:109A58007C1F7E02801F0808901F0808A01F0808A6
:109A6800B01F0802D01F0802E01F08027021F01082
:109A7800D024E61A302CD02F672C0106802C0164E4
:109A8800002D002641FFE01A1F1C1F1E1F1E1F1F4E
:109A98001E1F1E1FF5E00100FDE0010001E10100AD
:109AA80005E1010065E001006DE0010071E00100E1
:109AB80075E00100C1EF0100C5EF0100C9EF010029
:109AC800CDEF01000000000000000000054D01007E
:109AD800A14D0100014D0100354D0100B54D0100BA
:109AE800014E0100494D0100000000000000000087
:109AF80005880100000000000000000079B901009D
:109B080085B901007DB9010021BA0100A9BF010092
:109B1800D9BE010035BF0100D1BD010091BB0100D4
:109B2800E1C30100A9B801000DB9010079C0010025
:109B380095B8010099B80100A1B80100A5B80100C5
:109B4800A9BB010081C10100FDC10100E9BC010000
:109B58008DB801009DB80100E1C201000DC00100EF
:109B680099B90100000000000000000031F2010076
:109B7800CD0B0200C90B0200C50B0200C10B02008D
:109B8800BD0B0200B90B0200B50B0200000000007B
:109B980000000000054D0100A14D0100014D01002C
:109BA800354D0100B54D0100014E0100494D010040
:109BB8000000000000000000F9010000150200008C
:109BC8000000000000000000A5C50100A9C50100B3
:109BD80011C40100A1C90100D1D4010009CD0100BF
:109BE80051B10100D9C50100B5D40100B9D50100B2
:109BF80091CD0100E9B0010015CF010035C5010084
:109C080041C5010005C4010009C401000DC40100DB
:109C18004DC5010071C5010095C5010021CA0100AB
:109C2800BDC5010005C801006DCA01002DCB0100AA
:109C3800000000000000000029E40100B9E2010072
:109C480051E201002DE1010049E2010025E1010096
:109C580095E10100ADE101001DE10100D9E101003C
:109C680009E1010051E3010059E20100E1E00100CE
:109C7800C1E1010029E2010000000000000000002D
:109C880085E60100CDE5010051E201002DE101006A
:109C980049E2010025E1010039E60100F1E5010092
:109CA8001DE10100D1E5010009E1010041E70100E2
:109CB80031E60100E1E00100D9E5010009E6010013
:109CC800410000007E000000BA00000061000000B2
:109CD8009D000000D9000000E1010000E50100003E
:109CE800ED010000F5010000789CED9B3D881B47C5
:109CF8001480CF418553E5D2D84979D739DD75B974
:109D0800228D4A77B934890C695CA45071600516B4
:109D1800B3865521830A150751E062CB850B195C80
:109D28002870902B0E49CD411438B00207B9E2567D
:109D38002C812B14106403E218EE64B3D1ECECFC14
:109D4800EEEC8F6E67564AF01B0C67EDEEDB4FEFBB
:109D5800BD7933F366B4B616251B858D5AC6569D54
:109D6800FF2B44BE40897CB0969992368DAC0AACE4
:109D780029B4A22E52F28657CDC6C1CF87B0350E70
:109D8800166DE54E6D8F6AD2C9B959DB39F1328942
:109D9800335B3FDE2431AB9C9378BE32CCC689A4BA
:109DA80079AA2B5EB1DECEA10A4E285B0312ADB7AD
:109DB800157206161DEC3B3355A49E77EFA5FA687D
:109DC800F533E0BC7D72A18ED3F34A93621DE9BDE1
:109DD800A58A33B068A3A392138ADB576B5564D165
:109DE80062DD745593F64190B1AA2AFA15B6A8BA5D
:109DF800BEC44A65A8CEAA388B96263A489DD95340
:109E08003C0E64B42AB6E8FDD73A38A1906C959513
:109E180034F00D707491F6C1C34676FF6F04A4ED5B
:109E2800A62E4E289DC3C01E5948833CFAF1B14E58
:109E3800D2ED71F65E8535B4A63A493DEFF6CB6CA6
:109E4800B18A7BD3ED977A393DEFEC3C9B5531A92C
:109E58009AD953BC10ABDE8C3488D217403FE9F650
:109E680078F3C6F355E2FB17FA39A19039C0C2ACB2
:109E780038436D0DF221756683FD9B452BF6FDF683
:109E8800381F5218017816B858B422D2870D957326
:109E9800E724D939597CCD82A3F443ED198A97C6B2
:109EA800018ED6B4B36B4CFA4F3F5F526746F255FA
:109EB800CA18C0771F9EE54B0A672CB467A561C511
:109EC800FD49FD3C3F599EB864CE9A622D805724C7
:109ED80079F6272AA6CBD4595279FFE9DE32381110
:109EE8006BBB89596F559349C7AD6591C27865FABF
:109EF800564CD65A4E8EE2C599919C15C38AAEDE51
:109F08006B2F9314CACE0919B722627655483DEFD4
:109F1800D3318D583F1BAC2C298C58B2D20A3257FA
:109F2800714549A10087190FB8A85D3552D8BF7689
:109F38004EF07A9B1D15568F140A8C834DC1B2AB17
:109F480090A5E462BAC323920FAA7826B5CCCC1F99
:109F580027A63B6E71519B33691F1C9EA5ADD3B5D7
:109F6800A65CCCE64A8AD651C5FA8FA7E9EE2F77C8
:109F780058D23C7B546982DFEAF6D3CCE056811490
:109F8800EECC9D9DC7DF2D7A7F59A4B0B59B5B832E
:109F9800A879FCD9F9D33DFEEE6592E21972E36027
:109FA800E70438A5C993E9936969029CF56366B427
:109FB80022592A8AB479BA7EFC20A29796266E3F47
:109FC8006AF5E5CC9AA75B83BEB47A24274D6885E9
:109FD800F8310AADCA8B75D91B9D198A1FF9DE2A7B
:109FE800AA94FFB61F4B5A48BDEB9D389ADE7F8D69
:109FF800AECA2AEAA68BAEC9F705EEB5D1D5BEA47E
:10A008001ECB92FA04059FB71A47998514BF2F8172
:10A0180054E20D919490C04699213F77077A4A9E61
:10A02800F9F3254D92F7A4EF49DF93AA27FDEB3FFB
:10A0380043BA0AF9F4FF462ADFDDC3EF9391B6A6C7
:10A0480071DF511FA97C3F02D736578974A3D60CFC
:10A05800AD6AE81E671CE967F99116D073C53ABF67
:10A068001FF580A916C791E617A7B4D25FACE3B96C
:10A078006F1FF0F51619691F2C81748DCE0D8BF5A5
:10A0880076B3DDE42A992B64539E55D6BE97ECA689
:10A09800036719A47497576885E8FE8DEBDD7993FB
:10A0A80006BC90AC8A4E37A33D426C6BB1DE41F3DF
:10A0B800C2724825EC242AE8CACE997DC5D4E4CBDF
:10A0C800D233804B202D50D6DA7C453E3C6A1CD4D6
:10A0D800B85A81DCA678DF263FD2E475AEFC841539
:10A0E800FE367992F276E55AE409069C17F226259F
:10A0F800B45542E8EFC0609AC13ECFD39AD2DD9AF8
:10A10800FC4991DC5AC33981D0071140CF0003873D
:10A11800DD555A16A9286C0CBF6A963BE50EB7F7B1
:10A12800B542A4C9FD6D51D2AEA1953566245E94A1
:10A13800D4363D4B2BEB1AC904C1AF776E6E53DB97
:10A14800D447FAD64276602B5EA94825E7BABA46C4
:10A1580017E8B2EAC8B0C17548777A52CFBA649E98
:10A1680086A4232DB16ACF35773392F618B2AEAFF5
:10A178004F7DBF722D5FEF4D490B88D40E938252ED
:10A18800592D29D68B494706B64F1AD2DA1E2265B1
:10A198006D8835AAB5EADBC0A298744662CCB3F0E4
:10A1A800AC308EF4EFFE951590026009A4A0A7903C
:10A1B800D5367852F81722ED02BC2F1B47FAE5096D
:10A1C800B41CB0581B52D22E50C569EE529D901443
:10A1D800BD0392C2BF5292CE092F03CF8C4C91740B
:10A1E800A428B3F60C81146937908DD292DAE0D2A4
:10A1F800626DC892AAB22AABF1DAC2DC2303BD2B86
:10A20800B54D816D123D86486AEE2AE0E434B62ADF
:10A21800C463C1E7E949991622559101788D340B39
:10A22800D82948F19E1B22ED71DE164815F89FD7F4
:10A238003712F4C793E2EA4BC8A6E0CA524DCAF6F1
:10A248007BD692594947A6489AD5FF61B22852D978
:10A25800EF5878EFF35CAA4943FA420D5726642772
:10A26800EFF1CAF58753F1A95E8834EB48954CFAAB
:10A27800E608D1AC4B7EC584CFEEDDBD4826D56857
:10A28800D3E0CA6560B7625D3C6D049CCD607ED248
:10A298009D2EC1FB12727C32E361833D575119E256
:10A2A800B9CB47C792678D5E8EA4F85D772EE8B963
:10A2B800BC57CDDF8FB606C3237AFAA5DD7C360DF1
:10A2C8003F3BB35493322360E86D6FC9B547E41739
:10A2D800A662ABED7D3E96F95B66836CA4744CC2B6
:10A2E80076A4238D6D8C08EB2F67621D1EB671EB6B
:10A2F800EB09B5224F650B31947DA51AD713E6B348
:10A3080000F2BFC7EE9B23766FE3D7FD47438683F2
:10A318007B0E5289D19E7D9D1AD6C8FE4FF4E23736
:10A32800933B177F9CDFBD78EC72F6127ABA67F51B
:10A3380045DFAB18F7059DB6C98E5BBDF0AC28D4D8
:10A348004626FFED7CDF8BCF28984BFD541175F224
:10A358007301C8FA2E34DFA0574BE56BCBE63E738A
:10A36800BFD011A550C23612328201638C8D59FAC2
:10A378009D643EE15711AA7CEF934AF446E718CF53
:10A38800F22CDC3B66615BCFEFBBB6447DEA56D26C
:10A39800A2AFE0EA2DF4993FEEBC9BDBD1DC6D5512
:10A3A800E0DA457687FFCD439FABAB4F85AD3A32B8
:10A3B800AFAC5E9824BEF95122896885EBFD3FC396
:10A3C800FE9AEB77C323622C27D4247B027CAB8EC6
:10A3D8005432AA02D4EBD3B2C215BD27CF10CA6B30
:10A3E8006823096B77BEE68F783F6976E0755BCCAA
:10A3F800764153CD89AB4A729BC07AA3DC5EC862B2
:10A40800D7D6C89447B58A757E58B6BF8BB25BCF8E
:10A41800B8B2D0B79959CF2AAD7933773D5A298B3D
:10A42800B4F9B9B6FAF97E8407A90561767A5E7936
:10A438005EE919BE95E3E342639DDFCFE571AC0B9E
:10A44800B4E7159D9C50927A509AD69BCF17757396
:10A458002259288F4AA244E74E942892F9C8CA780C
:10A468003D2C928A4D42D3DB87E225B56D0D5BF911
:10A4780058741381BC51B13B5F172E1C97FF021F04
:10A48800B242C000789CEDBDCD8E1C579225EC24BD
:10A49800FBC3E811BEA553D22CEA2D9C946A53F352
:10A4A800125EA2AA368D79875BADE89A5CE4221722
:10A4B8005C70C185B347EC1E01A385801130024A48
:10A4C80080ABBB283417394016900504810C3863DB
:10A4D80006A10FBE884510880498C0F0BBC78E1D22
:10A4E800B71B99499152511255C5483099191119FC
:10A4F800117EED9AD9B1633FB7AADEDCDEDCDEDC83
:10A50800FE4A6FE9D2AF37B71FE776F9EABFCCD773
:10A518009BDBABBB7D7F29BC91CCABBBBD5A29BCB7
:10A5280091CCF7BFFDF09278239597B9FDB8727872
:10A538002397E7DF7E5A49BC914A79FB1EAB3674F4
:10A54800D517D5A3764C9BFCB56E56F57238A996EF
:10A55800F8297F8DED1AF7D68BF4557FF78D4CBE11
:10A56800D3EDBBACD2A7C3366DBA75F5A05E36ABDA
:10A57800766CC77EDDAFBB751AAB45B54823EFAD2A
:10A5880057696C576D964BBB4A47CDB25BD7CB6AC0
:10A598009125B4AE3E7D23936FB9BDE4BA347B797F
:10A5A800C54FB0AAF53241069B7AD9AEBAF590EFFD
:10A5B8008314FA4D3B7663B3840452BEB79FE79F7A
:10A5C8009690487E6C5E67499964C6B4869C86CD31
:10A5D800B0EDD6CDFE1BA9ECDC5EB80EF55E5EBB19
:10A5E8006D5EE1553756A70DF6FCD81DA771D854F6
:10A5F800D932C1369936AC20997E6E562A3F679873
:10A60800578BBCDA786CD96F1A936063D2EBD6F8A3
:10A618000EB9D40BE84CFE6D34EBF63292F9EBBE72
:10A62800BDF0FAB1E7F3FEDFC01AD957D680BCAE49
:10A6380023D6311D554BFC46BB94577DDE8ECDAAE3
:10A64800B3BDDFACAA27F9AF36F9E7E590B528AF77
:10A65800F898A049593266C3B245C3332127E81098
:10A66800ED1B64F5372C936FBDEABCD7B314860D88
:10A67800560D72C86B95D70B7E22FF3BC64FC97E1D
:10A688006F57D48876952DD61F9AFCF8301FF29E06
:10A69800873EE4F58677DFC036F5597EC9A4478939
:10A6A8009934567C4EB5A086E5E78CBCF76F4E22F0
:10A6B800DF72B5ED41FD0C56A4352BC2D5C3DA6364
:10A6C800B7279310BEFA6C8BA031D5292C17249785
:10A6D8001FCFFFE047F0379D3D93F628CBD0FC48CD
:10A6E8005EE72759CAF60A26A13525DEAEE86320BB
:10A6F80079BC5B7ED5C5F0B43DF81B91C9B75C65E4
:10A708007F9857D5B4207BDB93BC46B0F6636D6B5E
:10A71800D92CE919B4B6F8BF7354C5FFF3DF981EF6
:10A7280099FC60E9C6EA111E33EFBF823FA14DCA0A
:10A738009EE7343F7F844DCBF71A32C83E06FE674A
:10A74800631EC67740C6617FFA2B97C9F33DC5EDF6
:10A75800C66D7ADEB51BAC3B56D1BCF06A9837EEB5
:10A768008DE12BE025B8BAB032FD06F688882AEFCD
:10A77800EC0D1EEB46AD2C75417B7F307DD0BFC103
:10A788002C162C1B6D5F63F62A64025F032CD06FB6
:10A79800D3EDBF52993CEF9A3E6946221FECE02167
:10A7A8006B48956D11D61A72C8325A6107C3F6B74D
:10A7B8002325857D0EE964146B1EB9E5BA425E0B4C
:10A7C800FC5F3DC15A6BE581CA3AB774F82D7F3DED
:10A7D800C16FD42DE81125D68DF036F4F39D79920A
:10A7E8002CD9D1BCCD66F8F8AF4C22CFDF61675CBD
:10A7F8001B7C413BB06ADCEDEE27568689F2BA54E1
:10A808004B7A6EF7BA6BDA2D60AEFC0A232D4C8EAC
:10A818003F56F4D3F2DB900F342FEB91478DFD9A1E
:10A82800310AF429FB7EB77A420F44C0D010DEE328
:10A838006862DD3CFB2BD292E75C07B00DD614961C
:10A848001F3A90FDE806B82AFBDD352C5175EAD68B
:10A8580086529AE481BFC36A677BB6EE88794D3623
:10A86800C31CD8B65929D6805C88A97A5B59EE7C76
:10A87800B36EF9A7647A559DDABBAF24117C02BC8C
:10A8880073D653430569859FA09FD593FAECAF42D1
:10A8980022975E4177082F502DBB796D919EAD9719
:10A8A800EDE6C131506FF10256B5363F919FBB813D
:10A8B80035CB8F82933ACB38CCD1515EB379BBE498
:10A8C800DEAE0D61312E6F477A8ED674013F0F5B75
:10A8D800A2A8CEBC5433BD97699AE928BD3B6C5AEF
:10A8E800BE3FFF4F84DC2C61E720A776F1B396C802
:10A8F800E57AF1C570D2C0371331292E580FDB6EB7
:10A90800DE1FE7BD3A374FB2CD3868435B021B966E
:10A91800D774EE5E64697B764DD624FFDD5378816B
:10A928007E8EF83CADA91DC96313B368C68E480E68
:10A93800D49B6E929269D20A2BCE1812FADA199623
:10A9480086E65062D49A2CA727169D3EF899CAE449
:10A95800D24FDDAE6B301ED89547BE3627E61FCEE8
:10A9680068197A8F057B8F13103BF766B110B9D53C
:10A978008E7BCDB2011D678B93AD9E615E46E8B4B8
:10A9880035E4793D721C93FB6CBCB245F3F6D78E67
:10A9980022469304F783D9ACEA0CD2801CEA53A26E
:10A9A800B5EA89F4A33E055A7EAE37797D6F976B79
:10A9B800C6A2750F50AFD271770C14D503B92EB15A
:10A9C80013F32A1E3B1ADD986ED87E358B32877DAD
:10A9D800718F3B924B6F4CAFDA876451CC63DBAB22
:10A9E800C13E0D733E0B0899BE857AE2D1E446BF9D
:10A9F800338E6F5DBE59124F88C05C33A0991B49D6
:10AA080081F7D77C6C9B3FEDF2672493CB7D86C59D
:10AA180007C363AC12EC53738475A0D78564AAB3DB
:10AA2800E6AC739C63FE7A412C4AC9D4ABE1C4629C
:10AA380006F8F74D3226057BBA59D20F935DC75FEA
:10AA48007463EF96477A81D768C8395A5CCE77C065
:10AA5800DF183FF228991EE1FEEC210C1DD7A766EE
:10AA680029379D233DEC0F3C4649996F3FFDD96836
:10AA7800C9A59FB2C7CA9DD44BB1477905FEE87CEA
:10AA8800AD790B670F1F63C560A1C888F05EC5E08C
:10AA9800793D4E60958693CEA3B97A592D2DDADB90
:10AAA800803B691935D86A236614C6B2FF0D95D163
:10AAB8007A91174BE3C4F83A7369CF161233A9D0C9
:10AAC800471171F51627BA4468BD9E87B85EA7DBA3
:10AAD800259F2F3D4014078FDB8E4444B023DDB102
:10AAE800619987F59268B45A32FA820701F2CABBB3
:10AAF80092F664E4EEE73A366665AA053C3F30B064
:10AB0800F1B744B7F4F0C657F58E02A077C6AE2F5A
:10AB18000D436F878DF329EBCEA54D29B4D4AB3502
:10AB2800B58C3842AC199F03E9D03BB93D5BBB55A6
:10AB38007BF85A4BE4C227AB67B68B9FE0AA1AE6AC
:10AB48002AC664DC6C37C74AE75DB6CC91C776780D
:10AB58009C8E894FB36D3AEB2CF76A9AE04C88D9F2
:10AB68009C253014AC55F330FFB46C46E88B712843
:10AB780063B7A1A5CB486A43CCDB39B708EC4016CC
:10AB88000BEF6BB2D8B8E5DA4C360EB87AC1B826F6
:10AB98003F022B471E133AB9EDD7FDBAD48C612377
:10ABA8005F46A9D5B3D7542297E129AEBE5910AC58
:10ABB80030779CEDDD4367C59F5D49E038AA157184
:10ABC800252D7B67561F1140EB393D5B33B379FC6C
:10ABD8008E5D9D35E8986B85F5A7CD771DB0DD0DA9
:10ABE8001BD339CEF57CD6AA1DC5020B1F60E7CB57
:10ABF800760A8D35ABE08AD378F3B36ED213625FF1
:10AC08007CAF4FE1DF0D1DBF8E3A725116B795B379
:10AC1800832CB20E9C90CDA8CDB7A6FFD11C0D9B5E
:10AC28001B9F7F7CFBFAEC775FE46BDC022B213601
:10AC380024B6012EB57C528EFEE84BC81D564BAD8E
:10AC48006B858CF81125D56F18CBD152D14330D2F2
:10AC580023166E1D69418E860F16F2CEC314938497
:10AC68005F216B405DC0DF5F9F5D4BD533780C483B
:10AC7800C0188435A5336CCDBE5DCE71BD56D218D3
:10AC88000E730CB04046957197AD0AE234F39A887A
:10AC980015EAB35F1FDCBF7D73AF4AD767F5336032
:10ACA80018448159534E615B78BDB6CFD79E415A3F
:10ACB800D37A317E6C3C026FE90BB0B3194B3F512C
:10ACC800968AE8A1F5C8DC628B05916C6BBC984943
:10ACD800C25E35AD028B3922730F637AFAF0E65EF5
:10ACE800FE84B3EB9F29421242E7EE0116CE12FE14
:10ACF800F36B24910B9FA4435C7C02CBCF28AE63FB
:10AD08008D01908CAD7146BDE3D52C077CE16ADFDF
:10AD18009E993D3A439D02337BFD94EDA644638D95
:10AD2800F18A9DC5825819C6F9788EEDDA2D7E26EE
:10AD380012E09EE7BE67AC4DDBE6BA006C3D22FE32
:10AD4800D17388909B65BDF05C0AACECE9B09D1DA1
:10AD5800DCDCC367BCB97725011338436CAC96F4C7
:10AD6800891EEE3591C845746B361C56AAB5EC425F
:10AD7800F6D6B6D392E72FAAC377B32C6EED5F9FB2
:10AD8800E15AF1FFF5D9F0B4B65D87CC38E597E321
:10AD9800BA6364A6686FBA8D218385FC28EAACB2D1
:10ADA800F53986C7551C434E98369EACBC6C51EF9E
:10ADB8005610F1353DBEE329E1376200F3FD2EC59B
:10ADC8009136E96AE2E7C4BF2ADDD8BBF139D82D4C
:10ADD800BE23AC6ABCF3733CC94F2E8DE699E19251
:10ADE8000DF502EBD5FE41A8D53CC8E6EB3BB7F61E
:10ADF8007F711FD7786B1F7BEF7EF621FF7C907DDC
:10AE0800ABA2876C07F22E7D5CDA0F625747687831
:10AE1800DE3133BA79E53D2E277B88F5F4CA05E79C
:10AE2800E72D869833FA067603DFD5293365D8816E
:10AE38008C1874CB1181BCC9A67E0439E0F3528FFB
:10AE4800F1EFAA6909344B5A275D7C0E97F2934AB1
:10AE5800C33C81211AA24CCB67F8EAD04EDCDA7FDA
:10AE6800EBDEECE017F721895BFB9008E4726B3F9F
:10AE7800AFF752390E2219A21E314BF8DB76CA8180
:10AE880090A385BC1BFF0BD347AB5FF038C776395F
:10AE980023165BE72DF5C6FCB473864076B453BD24
:10AEA80047EDC8653172C18EFFD03EE3FDDBD4614A
:10AEB800C8C3AC6BBECA61A31CC9E0AC27F060D69E
:10AEC800E29F5222974A838C68CD98C132DEB64EF3
:10AED80027B8DEDF7DF9CD5D5C1FBE2083D9C12C8C
:10AEE800FB74FCE5ADFD7753677B355F5F8E067AB3
:10AEF800DBFBAD47143902B41AB6649990BC96AB23
:10AF08007AC5156846DA1FFC4354DE6FE4357AE3E8
:10AF1800B4C24FF75EB142BED75EED18F8817F0329
:10AF2800363FAD58C942D977EBE5C790C6CDBDD9F4
:10AF3800C13777AFCF803DF83BA453FDC964B175E5
:10AF4800C460D126BD7D46253F8D442EBEEBB3CED1
:10AF5800A35EAB4558D05AC0A237C697C35B400220
:10AF68005FDF818D8244201D5C1DB5E4CA9FB2D786
:10AF78005F2B0B445C6CB84BCCE29AB95BE4D5C14F
:10AF88005DA5490787292A8076D27621C6631CDA0F
:10AF9800A9DEC1FE9E1C61E3F68D7A4039F56BD9B6
:10AFA8001D3CBF7EF6C1BEE441CDC04FB25A37F753
:10AFB800D2F4B781C79847199EFE0412B9F08EC81B
:10AFC800D4990C567EE56B72135EEB34521FB8FEB3
:10AFD800B4C9F76F533FB4F3DEBAD71C934D52D6BA
:10AFE80083D939C6119DE502AD62D4D90E31F36615
:10AFF800BFB4F7739C06CBC5881CF60A3B215E8557
:10B0080072AB9ED4A76418DB95FC4819B3E0B1ABCA
:10B0180089D2809DA29F8BDF299F6B899AA5BA212F
:10B028004693EDF3EAB87E547974561B80BC51EF11
:10B03800D694BC04B2B2794DB633B34FBC2E480196
:10B0480092A912AE8EBB8F5AF2FECCE2BBB5B06AA3
:10B05800754A5DC33E6626BC07EBBD3589D1CBF882
:10B06800739CE165D4E07F0F0F9D11D98A5C3AA5E6
:10B07800113959CFA24FEC077E13F2CD36F6995607
:10B088001D68839F2E7C3A3D5EB6B1B37E8BF8BEB9
:10B09800731BE79F1B7CD745B6F1479446F588EBB1
:10B0A80087BD4BCEB6B1AB4B96FBAECEDE9E51EF15
:10B0B800EFBB54200F5A64FCA3946EED43678C9346
:10B0C8005F91016C7D05B17ACC4B111167AFB1B0BE
:10B0D800D777EC65D90FD6428CF21DDD54A5E0D5A3
:10B0E800261BEDFB1CD93F817C9C8367F58AE516FE
:10B0F800271DDA423BA8078A90843B64B9E0F1F047
:10B10800993FDC6F9E1129187B36612D44993F9A2F
:10B1180044CE7BF1CF8CA5C54E6364B466CC445F46
:10B128003A3C15B2851C783DB45BB453BC36DE7F1F
:10B138006BFF9F0F584D48BFDA7BE514563CFB5E0A
:10B14800E8C236FB0EAF7620C6E1BE877FEFE6C4C5
:10B15800C0F4011D71D89AF1023C37F322D03A7C31
:10B1680059844F3BB725D625D7C57D74EB80E82F8A
:10B17800AC936C16AF415AFDD6BD5BFB9087D94D99
:10B188007F57D3BAFC8ACDE73F9244CE7B8E65EFDA
:10B198001566DD48DB6256616B3BEF9976BFFEA70B
:10B1A8000DD03D94C42DF79CBFB8FF8FB7F37E73C5
:10B1B80054DA73CF79646D88750D068B55D1F62EE8
:10B1C8006BDA6F70F4CDCA1964AB7363A406CE0C46
:10B1D800582DC740AAF31AC9F0F35551DF65966A8E
:10B1E800CD57A3BED5ABF767F46DFA84948924C212
:10B1F8002B08B95C4B907691515913B7A5D505EE3C
:10B20800F70797467787D621A3A23532CD8C75C527
:10B218004EA72F89DFE129687BE5D3C9424863F847
:10B2280038A2C45FDCBF9AAC42C1ADD064DFBD6652
:10B23800CE7CFC31512FAB1AC9998B5149EE53E999
:10B24800773AF57BB83FF78E904DEB7C58EF92211B
:10B2580036775BB77E6F4FDE9B7BA64A61B9781D58
:10B26800F2F0B896AFEF4072D599DB3B67F5B306BD
:10B278009ABF4B777E60899CD30DC38F8B7E1D1C34
:10B288002C7338D8CBF5B3DAAE01F2205294964835
:10B2980016BC3A5E37FC3B22C59B7B6F7F4AE48431
:10B2A8009DDD9994C53D99969C281F3B30621FC926
:10B2B800DCB222AB779FDDE5283FB1BBC03A0E0672
:10B2C80056E9AEBB89CB656D49EFCCBC479FD0ED45
:10B2D800A71FDFD62715DFA9CF1D9290B5D20E9BE9
:10B2E8001DD4AA5BB15813DC166DED0F6AB3CE4BB3
:10B2F800833CDAA967203642A1887C9B6757922253
:10B308005AEAB72C147E8BC89C5746B4259B303C10
:10B318002DF0FCA63A93AF8687A2D7A07534E671C4
:10B32800137149C60E8BDE58A94E28D92B51152901
:10B33800588433224AF14C8BA3C1DEEBB187CDB5DB
:10B348001456899F91FA1BBE3D7805592CECB70F0E
:10B35800F75125535444785DC40FEAD7775EB7D9BF
:10B36800A7BD74EB607B83F538F99E937777B49C1F
:10B37800D146F872BE82904BE016FAFE7FB457AE03
:10B388002C4A476C2E4FECF1BB212054E4988F6671
:10B398006F827963C4D88C05B8DFBB35EB7789A198
:10B3A800A6F87CD37B768318A4F7A803F9F766F18F
:10B3B800D141A9BB42BC920462593D16F75283AEF3
:10B3C80024D387456F3ACD4C8945607B3F903CCE6E
:10B3D800C9B99FF2CC64270CC58FE473DE9F51B7BF
:10B3E800615D8163C367870C4ADDF8FB4F2529BB84
:10B3F800E7A0452674E1B6CFB949A17BE3695D238F
:10B40800E80FC405C23330335572E813EAD92A7EEF
:10B41800AB4FF179B15EE20EBDCA7A7C7B26BF01E3
:10B42800D437B30CCD2EF2653CB21B1B12FDBEB750
:10B43800D77CDE8D94B021C18D90F80FA221E75EF4
:10B44800D32A2857BC3231231DEA07F3DEFDE54C29
:10B458007E1B6BAE1823F65C95B8D7422EC43378A2
:10B46800B4B2B8F89F6F5767AA908A0C059976C648
:10B47800359D676AC9C033BA1097E8F5574B7237DC
:10B48800EAFAD8CD810F5E8F084ED16B4836D59F2A
:10B49800026D5C9F24B3CB26963A0F6DE617E3A99D
:10B4A800FBB7FFEB1D6AA4690A2AEA50FBBBEC7ED6
:10B4B800082FB21B7398AD6CCEC8ADCB8B24EB9D17
:10B4C800797BA6B557FCA76BA294C40451FBE92F5E
:10B4D8007975E57EBCB11F329026DA756E6D8D3DAB
:10B4E800EA636D9BD5A57B357567FB22790EBC5A3F
:10B4F8008AD972AB6E919AB82ADA14E7504EBBCD4E
:10B5080095442C25DF5125ACF175D775EE95D242BF
:10B5180071EF501EE47D6EEDDF7BC8CF5D2F598F34
:10B52800C2ACCC05DEF7954AA3D92FF71A1912E752
:10B538003656FD56B138E33D5C0F3FBFD8ABB0CFB0
:10B54800FCCE7DF8D6BD405A78CEC7B7194DD0A6E7
:10B55800F4BEAA8C1B5A67473CF6A29D62D7D41446
:10B5680087B3B3B673EB458E5119F1DEAB2A8477F6
:10B57800C9CD7C75172B0BDB23841BBA21BD552441
:10B58800424B1C38917C1C7FEF9F2663335951DF57
:10B598005AFD51D6E4F35DBCAF501ED0445E5BD675
:10B5A800F65575CA0888F1D4D5243C554650C1FBD8
:10B5B800E0B16FEE424ABBF1D6FE67BC32C9E4FE89
:10B5C800EDAF1E4E88DEAA4B68E7C1EA8A551F36E2
:10B5D800AC2E6C6D3240F2FC5EAFDAD265EFDD88DE
:10B5E800D22464E89B955015FB4B800E8CB97F568E
:10B5F800C67ED25BC8415843880AF7E89F6425DDB8
:10B60800C1D57D6811BBD51C31D63466BE3ACF682A
:10B61800BD32697057D5669F86397642A7FA996315
:10B62800D428147E793F58C46049C955C196295F0A
:10B638004B8EF1FA0CBB4C3A737D7625755E09DAB0
:10B648007A0CE7AC98579A02E5A7B5387D4640CA08
:10B65800D81997F984BC8D7C0D11743345D18C3879
:10B6680014B35CB1D5FDE66EB9C6A52F2FBFE2FEB7
:10B67800522640BDB4B8D752B3147A1BA23AFEBCC6
:10B68800177945F2884A29F4D9B5A695E245BFE964
:10B69800B89EDFDCFDFACE2FEE33B726AFC135E713
:10B6A8006A33AA256F2A8E1139C3FBB7951DC5EBDE
:10B6B800FCDB5D5A2146118C2418DD284BDE7B7695
:10B6C80055DD03D9732813A9BA76F312F92FB6AA50
:10B6D800F484856A8CB91F3C638218873B3C746389
:10B6E800F7AB72CF822CFAEEE3422781B7EC59CF41
:10B6F800E4F120197AA90BB1E12B9186F51F8DACE5
:10B708002F36BBEE0C376A0EF059E8D5BEB94BC4DC
:10B71800F1D63DFC4E5B5B5EDDAF3EE1B388511870
:10B728009D50B3F48F68D3223CE327ED8A8092B60C
:10B73800C97926B2E67A77C41CE63D0DF7C9DF74ED
:10B748005EA3C87E0F562DD0AE29AA49E8A63D6350
:10B758004CB7FF19575ADF2585D008D9AC52376442
:10B76800A9422A568BF29415458CC88CC37CF24AA0
:10B778006C563A2F8F8A0C9DE17A56077466B7DEAD
:10B788007504A5A84F084B3186A25C3CE37F7D1168
:10B79800F8519E5D7C2FE50119DEDAFFFD7EEB781E
:10B7A800B6F7D843F959F122E0CF3BCF8448571870
:10B7B800AF74AA5A3339A551DD85AC466856CA2CF0
:10B7C800B6E3AE2D12DFCC7FDCFD8CC2F9281F2F2B
:10B7D800E576DEAE7D7D072C636F9DD5E43C85B2B2
:10B7E8005F01EEDDF9FBB4E9BCA2BFF3DE19EBCDD6
:10B7F800C83EE4EA272536DFF5DFD8FFB05EE1AFC3
:10B80800F73F2BEB19147FB07220983C7CFFE08B3C
:10B81800B412AB419BC5EC86AFFD9ADD6AE2545B7E
:10B82800EFB7AABDBB9CCF01AF831D94CCC733EA49
:10B83800208B4C3BA275E69E61750F7707575BEB33
:10B84800CE4F1B7AA1FF4B1C2016E8FA2C2DE53FA2
:10B85800945BCF3BE62FC5BD3B7FDD1E5895C0B13D
:10B86800215CAFD61B0C3F34CB8F6F471C856B50C8
:10B8780024C1AC39F204BC8772803CE83B9449B8D7
:10B88800B9F7AB4F64ED989B92ED6AD0C579EA950C
:10B898004E9E574D362D20AD3D6A1F8317249F0BB2
:10B8A80039298FEE5863AAC62A1001EDE043F986BC
:10B8B800D90177BF7203E76D53191B9651C945C467
:10B8C80085677CB88F4E11C5A28AD12E4C7FF80BA4
:10B8D800E491EDDF29A36256C012DFC33ADF7BC0D3
:10B8E800D5934E6065C1817C7D87768739F3B048F2
:10B8F800880423F7116C4AC491D4168FD517F2D94E
:10B90800F5A277AC0A698863EC37C2508CC75BEF45
:10B91800BA152E4E63B38ABCA1644A1FD26FE5C71D
:10B92800E141C89268AD1113491265360A9F4CF679
:10B938005712D46E2C75E7C6DEB016A6608E25EBBE
:10B94800E45FE24376FE324738ABCAEA00DAE53014
:10B958005971B38F4FF57923174EFFACF5A696684A
:10B96800E7D3CFD39F83632763C2BFE2DEC2DFFE84
:10B97800EA13D5055DF973E7153C9DD7A75BE78109
:10B98800F7CC3645453AE37566A3BAA932B1F3DE7A
:10B998001EC6F166DD1E753EDBE46A22EE8B7D1F56
:10B9A800388B382324C2CFB78BBE680D22D6558476
:10B9B8004FA9347F9E2A2FD00FB9B4DD70BEDBEDBE
:10B9C8007BCAA3630E90F59BECE1F74CD06F7D7FAB
:10B9D800C38F95390D62D7E04BF0B9F19CFBB7F7EF
:10B9E8003F23DB4879D04641827FFF6964D4C96828
:10B9F800E1FE2BA9B729177C3755814C7E8395CF5B
:10BA0800862F68A398D990EF4E9ECD27E71BF92D76
:10BA1800FCD42CF4EE8CBFB5AAB4B3C162516F84C8
:10BA28009E2226E4F75D4E888FF3D1B793FAAB6870
:10BA38004FC99FBC0A79D48FECEAACF2D0F2373602
:10BA4800ED8B7BF2839DCC2BB1236D94EC0E7FD7CD
:10BA58004E42ACC108843AC4AB87C7574CC84C8F18
:10BA6800ECC0FDDBFDD3FCAE276409D169A0CEDBB9
:10BA78009E3D7EACDD7554C55A91D66D14318078E3
:10BA88004971BEF424FDE6ED44B907AE655CBA1B06
:10BA980079E04BD2886844BA20E451E63CC3C33409
:10BAA800CF729C93117B6B5997812CE8A3EF258F5C
:10BAB8005DEDB06B230F4AFE42F560D792A4115C8E
:10BAC8001577887C00EF97B42009AC37AE10DC8975
:10BAD8006C1D7CBEBC89224879D577531AC99C90C5
:10BAE800BB6D6DCFB7BEDB6DFECB9A552EA6C31BC3
:10BAF80072DDD36C9495B2B19DD7E93282BFF9B9A2
:10BB0800F64BE9B34B1E57E856311F770FF38617EC
:10BB1800A5111C43E4ABAE26D9CDD6D9008B10BFF6
:10BB28008F86EC62AB15B9DCC12BFB958F6E97AA9B
:10BB3800A50CEF2C9F2E3F1D3928ADF83777E5531C
:10BB480060AFA85188CDE36FE0F163056EEEB5CB29
:10BB5800A23E8A5E645DF2F19DFAFB3D634E4CDCC9
:10BB6800AFA5C3E2D85B9FC29177D653BE3A74B5EE
:10BB78008C01251B79EB88494A5F1DB5A3D42AFDA2
:10BB880026BB252E787690A67EB7E43563DFCB6298
:10BB9800EDFC45BFEDD75345F928BC98AFFC69705B
:10BBA800528CB3C99B97FA1F715F8970A3D64499C9
:10BBB800127ACFA81560264B7BED83FDFE293196BE
:10BBC8004D05B0CA2EE65EFAB52A6EC8A5F4CECFEA
:10BBD800333E340B8BCA5EB3B3CA93E0A77713DF47
:10BBE800EF7C442EFB5FFAEDF82D1E097B5AF274A8
:10BBF800ACF6233F4754F91B4359DEE168530EF274
:10BC0800A7FCEE28EB9C2F4FD69564B9B935B35EE7
:10BC1800B8B29B5FBC577841464CC24B816EC31685
:10BC2800489788B29481E3A3BFFAE4579FEC32C2E5
:10BC3800C14A5AEDD98CF5D5565BC25A52EFBAEAC9
:10BC4800C4992FEAD37E9A4703C611FC4A63D58D5F
:10BC5800CAB39B84F2BA5CFF939819D45B288E9080
:10BC6800169778AB8CFDCA9CA0B8F960E9221B42F4
:10BC78008D97A5681E0D3E5BAB674FE3F89D356455
:10BC880017E93E62CE01553DACC260971DFB555485
:10BC98004DA9FACFC04565760D8FCBBFC046289E0B
:10BCA8009565085B277F28BE31D067E7F1B67550E8
:10BCB800933D338DF0FCC87C9A0030D53613D558A7
:10BCC800CED0F8EFE4B9F5CEAA7AC27B942CBAD0DC
:10BCD800C8AE3694B941C58FFAE4515FC62B6034BB
:10BCE8001B56E19A65D655416108703CE7D35F243D
:10BCF800915DDF61F356BBB5721CB2C7E0E18243C8
:10BD0800A37E70D7C9FFC95B2BDBC14F4E54258476
:10BD1800199534CAE894F9F5325A7C2731DE683827
:10BD2800DB6D4D1D21D2809FB6BCDC4275250DEB25
:10BD380041D7BD772FD18B33A6AFCE42F74AFE430A
:10BD4800164B715469A9820F51C589D82C793A5E6E
:10BD580055485032BEB9D77BA531F34464DBBEAF3A
:10BD68003CEA3DC5BBA804A83D036AFAF795AE288E
:10BD7800A41236955AA228BBF433652D53C48C7887
:10BD88001D5E93304CB07A9249FFB0E11C1F9FD2E0
:10BD98009A579D1668D3786C426FDD2AA3BF4E640C
:10BDA800E19D6DE998515C5F49E22C8383923C5494
:10BDB80003277F5ECA4B3BAFF4EDB210CA20EA1FDF
:10BDC8006D05AF17286B8A9E9D393B5777F2D2DAFB
:10BDD80031FCDFD62A9DD8A9D729CACAAB707356B9
:10BDE800B224250BF8CDDDA8E629B520E4105A15B4
:10BDF800DE3D62C1B85738533FF5F30EDD8527F4B1
:10BE0800045ED9B02506A64F631CD85A463D620F7A
:10BE18005587C1B3FCEBDD0F1D27ECC6DA5113269D
:10BE28001E34F67BF0BDC159519ACC1AFCE2BE789B
:10BE3800DE5DFBA677E83644BA9DE7CDF2A77B79AD
:10BE48006EF19CB552E491AC2EB65EB28EA5FA1393
:10BE58005959319F910B9784C4F594D6871E306C3D
:10BE68006B99397CEB1E6B4E4ACD902C690B67079A
:10BE7800BF7E40EE232112349467DD65E659384DC4
:10BE8800C3F2885163BA526D7667B2C8CF7AF64169
:10BE9800C11D94D6A8ACD9130E91D5A10418D16AA6
:10BEA800B7C4CFB7F6B5FF0213947C24D845ABAF1F
:10BEB8003815EB6736EB7BC8A37B58631ACBDAECF3
:10BEC800F57485409B7F9776BD564446CC3FE99FE5
:10BED800F65BE4A7150747665AB9E732634BEC1BD4
:10BEE800CFE19E7D7BD66F3BB748C354792BE4C521
:10BEF800B85B389719906E14774236519590DC33B9
:10BF080065762FB4533EFE3C6B8BDF18BD876F28D8
:10BF18001F2B5198D08D7EB33CFED8FB7C147CFE41
:10BF28007353655F4E3F9EF55BD6C9DACCA3A578FF
:10BF3800EE7EFBC1A4F3A517561C545EA576B9EC9A
:10BF4800EAEE1A8747D94554EC6693A4225FF5AF09
:10BF58007731032B15AB9E7C974816ADCFBFE8B958
:10BF68000294C6D6F9DDED6E54171190785A7C22EA
:10BF780070FFA5FF08B970DF4775ABEC697893B21D
:10BF88002A2B746476F0F8109548E808AE968975FF
:10BF9800BE672F258F5DACBBACA90FF08FA3EA0B52
:10BFA800DAD57B9FF33AEE4FD5C7F45E118D841F27
:10BFB80028E33FA193C82186ED96B4888BF9E85B06
:10BFC800F7C06B05C6C257BF550444EF5E7BA69CFD
:10BFD8001DB944E3EACEC9E8F894EC1173057F97DC
:10BFE800223F2FE40124AECFCBFB895823B7A15DB4
:10BFF80056FEADFC4AE9EF4A8DE79A68FFDDBFFDC2
:10C00800CB196AB23A9F42C0B9072F65B14A692C69
:10C018005AC72635E6ACAEDA09C5FCE3C414CAEE45
:10C02800B273B6F40762D84ACF12BF45D6AD64538F
:10C03800A51FEA402AF19724F84E6286A9770E8256
:10C0480016559CB3234A9F3C8DE8C4AB0FF3F75FAA
:10C058001F88ED8C68B3EC9DC54EC0557D7D27B219
:10C06800B361AF823D90E7D0A7BDC8C2C7278EBFD6
:10C07800564E953C167EAA5F86592C9E9177E2E82B
:10C088005E739C4E15407661FDB1752D47F5816252
:10C09800A0A87BD3EA475CA81DC53508C667577BAF
:10C0A80076775CE961F5DBF5D9570FD354B96EBAE9
:10C0B800C0AAD0C98338637206840E6CA9CA920FCD
:10C0C800F61529847E1093C86B89E70CEC15314965
:10C0D80078B4B00942B6945D99FF283D0BFFBA7A4F
:10C0E80096F70FBBDBD563F4F485F23887AD5A9B1E
:10C0F800D45D2DAB25A6E6A9FFFEF1C78A2DC8158C
:10C1080004A7060B13EB168C62699D881555FF531F
:10C11800626245BD652625F0B1AC225E0BD3AF7ACD
:10C12800AF746BBD923D728096115871EA217C07FD
:10C13800BEF23D8FE463CBD8549F4E3AAA552F33B5
:10C14800E7D029205B310AF236FCFCE43EC5B3E8AF
:10C15800DE327EF4EBFC9C9D31D456E6CE5E68B1AF
:10C16800761EEFE7FD49E7133E8C33B20994FDFADA
:10C17800BF789C57DA92B2BF26F232BB9965C54C9C
:10C18800BAE6C8ABE9B39FC75CDAB3611FF8CEFF64
:10C198007AD7AAD5B78DB3EAD4DA344DDFA387F7B7
:10C1A8003CBF7508D5CB77FCD585EDC27EC65E97BA
:10C1B800DC77D9C4EB33D6B346FE30100191B89082
:10C1C800C16E8D59CC68C13D5793F3E38EB12C8E67
:10C1D800F80EF268F681A53873CA62626381B23CD0
:10C1E800B60FEE6875C47E08A5289B13C85E386430
:10C1F80097C32EB542B98392AFE75E2C63C2D0B61F
:10C20800FBB73F3AB8F1D9540B67332E8323112B70
:10C21800CFC7389F1292FADD97E137CAF8617727BE
:10C22800878E84370FED8C6B0816AB8CADC49204E7
:10C238003B111A677F8FA99D5B54287544EAE7EB89
:10C248007ABF5D3F1686021EC35E7556415BF1A438
:10C258009F0599B8D86565B561C9B147DE2C242317
:10C26800B4A2DF025995F9D212A5947AC2E7B4862E
:10C2780072F3952DB9CB68B192777A248BD9991B33
:10C28800AD3925DE73271F4CAC55B99358FF5DD6E1
:10C298007B97D17568AE641412098D0E6C526AD7FB
:10C2A800AE2FBCB9575BE5017A1CC8E40C9875F34E
:10C2B800D2F2C8B86509EDA8E1838E5109C789474C
:10C2C800AC0128399ADDD5A26E444F41C4AA816ACF
:10C2D800CEFB6D698BF45D482D2267FDDDB2B3FCA2
:10C2E800A02657AD3959C6784363D5BC0F6D9AA1BE
:10C2F80081FC14671C03FB5F4BFA3C652D247772A5
:10C30800F0D2652E56164A0857DC69ECB2D26F4B4C
:10C318005EA52CE419670757135813765CD3969ECD
:10C32800C3BCDFEA3D78FA86CD85B6E953B85ACC66
:10C33800EBFA709F5E8CD90B591B4A67B756BF5CE6
:10C34800FBDD9A7D56C22A4A0CFCBE1B219712A41B
:10C358007C7FF7256D11B481A73F351E7DD03E51F6
:10C368000E9DCFB160C6837396A837ADEDA6C857AA
:10C378002073A45D15D6ACFC9227D4F790523C5E8E
:10C388007AC89094B2208147DEDB331BBA26EB448F
:10C3980016FE5B3D48A91D7B79ED8FDBE5B05107A3
:10C3A8006BBDB00ECEED8D3DAEA8BA06E4CB3929F3
:10C3B800468C6FF03C25FA8A150E9B16118090E189
:10C3C8002EAB18C8EA97B3CE669111F7B18EA71DA8
:10C3D800950951F740E71319C4C1F79E4F1F7C4ACE
:10C3E800D03B499A21EB55FEACDC7258ACB0A2E1C7
:10C3F8001FA28E7A37CB2BED905CA51BB48737F63E
:10C40800EA67C927A5F43E43E25B79DE521E7F4204
:10C41800761C5388DA653FF6F3EC3B16E928CBE740
:10C4280028FC4295CA4A68ADB47266E7393A5D5944
:10C4380070EAF4DAB1FAC158443C201D7B7B762DB2
:10C44800317BD11863A38A3878B5B466AFF2F0149B
:10C4580053FF9A67DD46192B67ADD45DE8B9DE6BEB
:10C4680029D832C65111AD07E314DC8178AED00863
:10C478004A2562C65D1EABB46525EEBFB997AC4FC1
:10C48800C83B8539CBE0DB58ACE2916EDBAEBC1E15
:10C4980010F9C545BDE0F483FFDDB1EA10578138D6
:10C4A80056556B653FA0D6588C8A345D950F6195BB
:10C4B800222E2C39F612934846641269ABC0E2B4B6
:10C4C80016A15ABFDA887CDF3B8E3B3F30C9BF3BA1
:10C4D800AB3FED39958A993955FCF29CAACD4707AF
:10C4E80081759589892EE0D23F949E9BBBACAC1A8E
:10C4F80015AA175ED9B572F2F2AAFABFB977EF4E4C
:10C5080032A684272E2137F3AD3161290F6371AD2F
:10C51800BB60412F82FF9BE5FBDE05214BC51E3B1F
:10C52800EC75F43DB10A81DC83AEF8E235967B46C2
:10C53800E870D783ECF657411AD599CDCFCFF68A54
:10C54800332D81168793FEE98745ED83AAA1F5CAA5
:10C5580037F66EEEE3EFF865358E3E1DB67AA67CAB
:10C5680064AC2FA39B40BAE557445742C1BB3A1469
:10C578008C4A7420A892A8F493EFA4CEE700B3875E
:10C58800DE26E23E4F1E3B9E45F39BED3A0C5DC115
:10C598007FB44B78F3A8FC800C1435732FB3625723
:10C5A800B5024293EC04D9F507BB28AB8C3262FF85
:10C5B800690FA795F53868729F9F519B638ADBD2F4
:10C5C800A45BFB11D79799809B7B98E9288F5FDB49
:10C5D8005A4026573E114FC067CE8ADEAE8BD5D162
:10C5E80025E3753EC719717C89B2027B85DD45BE9E
:10C5F800C0F983B5BAEACF21DEF43C79B0A22C4762
:10C60800F48FBA91DA8153E4D278739FB22FB98C40
:10C618009283081B8C4977C1640597153E4368339C
:10C62800F81EE9CB6E55D095A43A2B9BEF6A53962A
:10C6380087CDFB33ED81F295A37B317083654BB7D2
:10C64800CA9EF73EDDE47D67F56555D843145EBBA9
:10C65800AC08C5FDB037BB56A9AC9C89EE5B5983C5
:10C66800E8570DA9DCD81B9EB6DE0B91ACF7F65B3C
:10C678003893E2DEBEEBBD621631874E1C40843E25
:10C68800BB2D7C1BD63FFA94C313D072C4C4B1121D
:10C698005F7157F2556225E35397F1337EAB9FB133
:10C6A800AFA3F5DE4D7C96FF385316B7B47CFC2B50
:10C6B8003152F17A57FED4D3A7AF3CFB6F33B5A202
:10C6C800F250CC86DEBDB44A44E69C34A8C723DECB
:10C6D8002BA513BA593E6337C2320CEED5DDD68787
:10C6E8003A0EDD8BE5311CD954EE273C0990953480
:10C6F800F0E8CD885E3475A1D14F10F7EAD388579A
:10C708000B7B547244B166251F1C8F87CDE29E4473
:10C718007C303BF00CA79FEF648CDC4371CAA517F3
:10C728008E578C994E8C0EEA996ADD8987D9B77F26
:10C738002595BBBCF426E7E3BDB001BBBA514A441A
:10C74800DAA39D10488D1910FE7DFF156BC05A3174
:10C75800D1E3B9E9D6977BF369AE6DC75A593BE384
:10C768000F2833F6BEEA97C8919676969FF3EB3B6F
:10C77800717D8AD16327C5BDE1CD4BAB1FCF693F22
:10C78800676701E6E0B14BEDDE03BD5BD9351D718E
:10C7980059F88FE2F3EC273FAFCD4E54B1993FCD16
:10C7A800B35B07BB7A10FE6CB72E61D773EFFA3B09
:10C7B80049A17CBEFC69E97F5C9E7B585776B2191B
:10C7C8008735B6EB97D08F6DF6174F1227E1711AA0
:10C7D800FD0216E3ABC340324288B23F92436981FF
:10C7E80022D22AA391723795F885184C58DFAB04EA
:10C7F800F6DA67AA5FA25CAA6737F6F4EAA15D6574
:10C80800656D48BFB42E1FEE63AE4867D518C605E0
:10C81800E7D7BA66557A9262F477044722B40E6471
:10C828008FDFA27A2CEC73C4198182A39A4892A252
:10C83800FFB9862CC68A3E8C516CFF3CC45BA2AB08
:10C8480051FA813AD96ED424DD1B9F2B2FA87C94F2
:10C858006A3F950F093622FA01C376684A89AE63A2
:10C86800B7762CF42470256A9758CDD6FBECBEB762
:10C87800771822D5B1041A0B2BB2CB80DCB26987AA
:10C88800ACFD419FAECDAAF9B4AC4C90D7915FDF17
:10C89800AD5020737D3E5A0C24189393F515912EB4
:10C8A800771C5EF55A1AFC340CE5D35E463F6AEFF6
:10C8B800316ABC0BD2CF7B5DFD9F8EBB9CF998DDA6
:10C8C800C8563656714944EBF2F997315565F50962
:10C8D80065A05DE67CD7A7DD3451111A926DCCBEF8
:10C8E800F66C3082658C1979A6C80E712F5C49B434
:10C8F80054BDF520C01B619228DE13B85DAF10B19E
:10C90800B8702BFEDFADD02F91535430440D512910
:10C91800AD5DFCFECE4CFC5AF28EBA66F932FAA135
:10C9280049DB9DA6E12FA1E757127722D7EAEB3B17
:10C93800F0EEAAF191250B942349613E005140D4B1
:10C9480001EC72F1814174A5D2189EF565F3C74ECA
:10C9580091EDBB725F8C45A080B296823BBBACED7B
:10C968008857BDB1072EA5F77A6B563FBCE7D52B84
:10C97800D2255928551BEF7E85976617E1AE8709A2
:10C98800EB18DE305E437614FCA62A58AD2A6B718C
:10C99800A93C765070E7275DAA5E37D92959D59307
:10C9A800AB89D693B1857C47AC067F570556D4FC36
:10C9B8001185490BC2B704362CD148D8644C0311F1
:10C9C8001E32467D7C6FEFBC552851DA791D897778
:10C9D800E267693EABFC4CD6CEEAD3D2A8A93E2189
:10C9E8003766034BEF2C499C8F3E745F484376AF04
:10C9F800BC96F095F844FFE11E2210FA0FEEF9E715
:10CA0800640977EE2BA6D97ADF8B4D101EAF4ED571
:10CA180056AA26E1FE849E9408B7CCEC04B2A5CFB2
:10CA28009467A06D08045466DAB436986FD95B76BB
:10CA38006938B16A92671FEC93C7561E3EDE0175CE
:10CA4800F3AADA12420D94C1CF7A35B15271D86285
:10CA5800B272957D633575CE479FB62AC24BED55A8
:10CA68005448EB80AF521BC46B0949947E3E2C0698
:10CA78007748EF2786AAC6B8B93C22DCB9CF730A33
:10CA88005601976C520D6DD76FA7F81AF250A4147F
:10CA98007A42BD10D68E4842F1947697EA0198738F
:10CAA800863D636F27ED9E6A1B6FEEFD5D428DC864
:10CAB800B0D114B87651DA06BD33B95AF09C11DDFD
:10CAC800046F16B8F4FAEC9DC43A64CB76F28CDAAB
:10CAD80085D6B68C7EF449639DF189355DA5F4331E
:10CAE800F1A59827B4A764AEA4B537F6FA693E391C
:10CAF800AC10EA165F2C0F7FAE653E349D1CF2D059
:10CB08003C254E4D52770D5692BD80B458FC649426
:10CB18008EFA39C3F796CC4F701AA5BD0D0BF07677
:10CB2800EAA72A0578E21B9FDF2CFCAC781945CED2
:10CB3800A5BD8A1588F7C4AB9AAE990F818600E324
:10CB4800F0D5CAE79C8F34627FAB0755588A7A1AAA
:10CB58003838AE4318B244E1DE937036AC311BB8B6
:10CB6800D1198C2FA11F9C67D02CD591C71E8A661E
:10CB7800F91FD3BBE9977BBFD97B27BD3BFBCDDE34
:10CB8800FB19BDFD76EF5F0E1EDEFEF7DBEFCFFE75
:10CB9800E5E01D7BECF7FBBF9CE13B1EBD9AAEA414
:10CBA800F767EFEFFDFE203F1B8F1D5CCDF7BD93B0
:10CBB800EF7927BD377BDB7EFEFDC13B333CEF8A37
:10CBC8003DFBAA7DBD93AEE57FF89D7CACEA13964C
:10CBD8005D59B7290F2CB92A3B1CB6BC8CF06CA741
:10CBE8001E2023E495CDC686556601ED91596D3614
:10CBF800F083224202472C8D669C8FC8B206739C34
:10CC080023A31B135ABCB1879D9FF7A16B071EA9CD
:10CC1800ED8BBFDDDAFFF8F6C779977E74F0C13E79
:10CC280098D1DABBED88BE5F2C0FC820FB99478DE1
:10CC380077D737D6CFC9339B1C35DB7DF56298F3A0
:10CC480034589EE1877E00E20075C6604A1572BDC1
:10CC5800B59DF664CF5C1AEF716A96709A1E8A5A6F
:10CC6800CA3455E7A451F383B09FA7FA98D5E38E49
:10CC78009FAF8CC25851C8A94265375F309EE153B7
:10CC8800F38A9FE5287FEBD31C36ECA3B0FE9827E8
:10CC9800B5459CAC82AFEC94547E4E5692632A13F1
:10CCA8006A593A46A53E6518CFCF9A76A6FDD24D69
:10CCB800334CD3E8B3CA9FF41BCF058EAAF591B5C0
:10CCC80022D7FC9C4AF79DFBD865D792499CCEA2F7
:10CCD800EED6B45EC88760853139A3D3F937CE73F1
:10CCE800B5CBC6571ECFA996DE2FB66AFD1CECCE73
:10CCF800EBE4F9736F735D5995C4D757F6B5F773BD
:10CD08002550B163D5E038C7EC2C7DB9CBD563A5E8
:10CD1800612D85B3772DA190B9A26DB32D67D95E2A
:10CD28005834D87B759A261D5246CD4A556BC94F43
:10CD3800FEEEFC849E7ECD295AC869894D1B5CA2F3
:10CD4800DD5AD33A7ABFBE7C654FA60926D39C8E9E
:10CD58007EAA474295092B635E463F92CFF8F0952D
:10CD68005DC862697A89CD22E32C4FACFA23AFDB28
:10CD78001C7DC2E982CC386B4CD9AFDE2C873932A6
:10CD8800AB4478691DBDCAA835C47BD97E5C6AE707
:10CD980035EC70F7AC6B1A79AA47BBBCB1A7885EB3
:10CDA80095B83A7147B592A5B476394D9B3AE7F3F1
:10CDB800F5A35FA9F609FB940BF0B5F76978054B65
:10CDC800B209F0BDCF2ACDD18331B4CCA2807FA9DE
:10CDD80057BD4F8467854BEF5D5094AEAA55A57536
:10CDE80086AD7C5E14EBC1BB97D10F9F5BC89DCC11
:10CDF800AE5AFA92469DE7A627A848A51E411ED915
:10CE0800664DD5739C7CCFDC3D62FB76D469B5CC8E
:10CE18009BDA29463E939DF77006BF4968A319130C
:10CE2800C9F729FF87B5BFB1175177C911034F94C7
:10CE3800599092C30A5600538BB936ECF162A59605
:10CE480045EC5E253478E7082B4F635AA3734DCE23
:10CE58006966DF33D69E1FA3D5E93CC754D9AC27F2
:10CE68007537434BDC82B91588E9D8FA042F230FAC
:10CE7800754CB31E7B6057EBCACF9358984F5969CE
:10CE88004A71F584B58BFDB17B87B566BF36F63D33
:10CE9800994C5B75FEADD224679EDAD8F3341D9C9D
:10CEA800C5B9E10CF8FCC9817CB68326B7FB5438B8
:10CEB8004CABBE32E17ED58F9F6706221329B62C74
:10CEC8007880E1A1EF5ADA99ADAA0AF0BD71BFD610
:10CED800C5FA799DFCD4CF63368E1C586BFD17F6C6
:10CEE800D9BDCE48AFAC2E526946BC4BA51348A756
:10CEF800B97A9DF5FFBE581E7A05AC1A11BB9DC9BB
:10CF080065F30C1193D0637B367ACDF3962D2BBC49
:10CF1800B449ABAE498D3DDF6683C27E1DDB6943F4
:10CF28007E725DEFF8863919CEDB03F2301EE00C15
:10CF3800596FCAC07AE46CA665DE13F959F7EE0496
:10CF48004F22CDC08C05CC032AE3BF92479CB0EB9F
:10CF58005EFD6CF0D35A5819E49ED1E731D23B18E4
:10CF6800063E65557FDE37F6796DFDF82C5AD02DD3
:10CF78006339EEBDB49EACD464515467D4799D95A1
:10CF880033D4D3CC59F5125EC8A05FCA987444B99B
:10CF98009C53EB9500B4E0ECB5C5D944C956D3A66B
:10CFA800E38D405926239E4C6EA725D317504EFC7F
:10CFB8005B43601B76C762ED5B9FD9D373FEBAF5FE
:10CFC80072F45B76F4D767AC44E8AC3B5356237FE6
:10CFD800926D441991630C1620B484D38222FAAE60
:10CFE800D2EF6EAB3A8BB316D3189572B69EDB7E32
:10CFF8009A853F30A3EADE1C6810BB487B9D3B7DC9
:10D008009A036C5EC6EACDCF7A3F23A6F7C9E1F151
:10D018007E94A3C97DDBC72924E7FDC7A57CA22A86
:10D02800925BAB9581B7C36A92EDADCCA327FEBCEA
:10D0380030BB72620CF082338C6993FA35A3E056E8
:10D048007ED14F49614D67E7BD02981BDC9FB03A1E
:10D058009D9897B81A9FBB3EEB1D0DABEACD743C6B
:10D06800C7206283A24E9E351681AC382142F5391D
:10D078004264F533FA8BE427B84907EB53A12CFA3D
:10D0880012CE1D05BED5B424A12FAE893E8F9FEECA
:10D09800E2684A28CDD8189BD6C7BE02C49D6E63E5
:10D0A800F0DA16D97A3E8A59F0F1C5F2E834B3902D
:10D0B800A7F27915819DD9BC140F8669ED3CFBBA9E
:10D0C800F31908BC4A7A997EC3BA1C7EC9CF773E49
:10D0D8005B0767CEF31E5AB0768A3C689DFB691ED3
:10D0E800F560E8B22186311BDFADDFF6B84373691E
:10D0F800221A8F4E0EB2CF25DF7E357137D83B927C
:10D108002535DB6F5995B13E756BCFACF0A9BA7672
:10D11800079FEDE61D88390AE1674D8EBEC4F259B6
:10D12800B7C91927064A1F880274DE41F253B014A2
:10D138009140DB6CC7BE4CFEE31971192338F3C369
:10D14800EE271023665D305B657B776ED36F2123F6
:10D15800AB7E68D5E1B664CF882C546378CACE56C6
:10D168003E698FD82183EE2B3D9FDD1BFC99BBB810
:10D1780037BB6E7BCC39137205B826E59AE4C7A392
:10D18800EE2B3A3954A92779403BC8DF75F27BCC9E
:10D19800096DBCC6177BDCA24F741C0E3E135D6C78
:10D1A8008D10AD6AB93AD7966E4CDEBFCBA865D85C
:10D1B800281E544432F86C754AA755760DB3B657F5
:10D1C800F046CFAD883B270FEA93210670DE27583B
:10D1D8006D9E60876A9BCED69E1944D8194683DD1A
:10D1E800B1C58A3A61CD677FD964B679D6E193AE85
:10D1F80098D3D6DAEA022F586E85679A6E3D323098
:10D2080019E7FD7346DFA93E6BFF693374CA845181
:10D2180016982C5D56379478D833AF7FEA1CDFD246
:10D22800FE7146359106633AA12ADA783B9987C898
:10D23800AB9CA4ECB37D93FB02DA3346D9934FA0A1
:10D24800B53B55149E38CB72EB488E35153E39D018
:10D25800ACDEB317CBA357CDEF867BB3F693CC6D7B
:10D26800DF8F7EBAB89DC082392EEC66D0F9DAC657
:10D27800417272CA6698A735312FE71A9AF5F3F307
:10D2880069AB65A7F303579401391D5548632759BE
:10D2980007CB84F5FCBB4501FF70004698792E71D9
:10D2A80079AA2A8ECCAB38CAEA99A29C6E43490067
:10D2B800ADF1EC61622B44CCF4AF583BB78F1BCE79
:10D2C80072A267E97C9A2FE3A2DE27B3F5CEDF0BC3
:10D2D80023640D3B337F4D16E654DA35380AB03DEA
:10D2E800A54CAD67985E2C8FE16177EC154F6E45C4
:10D2F800781564490C67F144D443D8A4C16AE8ABF3
:10D3080085E35E3FAFD6EA7D17C0AFDC8D7E3AA4D9
:10D31800C784967D60B521E2CDB9F07E1AA7EF36B5
:10D328009D4431B3761A2D2F9E73E3B3E8DF28BDF1
:10D3380087AA279509B896AA67F54A19527A219BB0
:10D3480070E05DD1C4B7BDCF0C7374B5F5BD48FCB2
:10D3580073CA73ACA82356470C5BBC565530D6A885
:10D3680039732CE0BE24598F35AB307AD95FFAD2A5
:10D3780027C3A4638652BE7AB13CDA03EFDDF458C2
:10D3880035F9C44E46188D49857281E56A979486A9
:10D398009D17BF48C74452F54A1344941DA5ED6232
:10D3A8006786E25AC894EBD0793C402D77FFC9B81C
:10D3B800744DC4D6FB2981368519B1F3F6FD59643D
:10D3C800E685ADA24A0F39815FCE7A9FB7D2FB249A
:10D3D80067F07CA938612ADB51CB10F53E6FB2F3B8
:10D3E800D98CB4FD8CA5C5539916390290BE125537
:10D3F800C95328B610E367F76D295F7226945B3727
:10D408004D7F3C3793F7527900F1B6CE02249F4AFC
:10D418006155D5160F4EECC8C26C97EB5D6355A5E8
:10D42800FD9C1D3CAC6B6CA7F3046A8F22D3288E3D
:10D43800A7353CDF712ABB739FB4018CC2C824296D
:10D4480006E935198755E16649F00AFFF4D5ADA21A
:10D458009B43D92C93CFFE6FF6BF3AE46EC03B5482
:10D46800A7BDF7E9D002B6BE3B7AC5871322726F13
:10D47800EE488FF5F1F80C42B1F4F18D9FB94A0CE2
:10D48800082D56745FF9A9AEAE679AB0449FEEEFC7
:10D4980061FA67F56DCF89062F78107A0CAF347171
:10D4A800D68F73CFAD26C27AD7C88F70F7836B84B7
:10D4B800D766CCD81AA66ADC4E581CBE52FC04FEAD
:10D4C800A3F359C6D653B7E274628F56780A143458
:10D4D80064A477A4156F56DDC43A10DF506F9BF52E
:10D4E800EFBE028BF2C1BEAA7FAFCFDECE1160E3E2
:10D4F800B3649A95F822D457B6F2026B79073124AF
:10D5080088F980463941D5F1B75732761BD90A4A8E
:10D51800698853AB8CF54DF61CCA26BF9FB34013E0
:10D528005676CCD53B436CCCBEE7D8D2F3EBDB7751
:10D538003DC853624F4D2B4A7EDE725AB73EDD0816
:10D548002729F39FC9CD7A0C1BEB06C07D79DD8FA7
:10D55800BB69BFB3778C3359CD76AC89AD5AB3D795
:10D56800D49F6EADF84C96A4F535C08AB56EC73A0F
:10D578003F35CD6DDE6A98B7A6A386AFCFFA6DF2B8
:10D58800AAE9E4B3D88C77F3D9E24451B4EEC6DB08
:10D598006E84577AC7B6B4249D4718CDCA6377DB23
:10D5A800CFB5CF8CA51512EAE0A786FFD06BB73EA2
:10D5B800E986B9146A8BEBE0A6F6B91DF4EFC63F0D
:10D5C8007EDB1493523FB6E4955A8F0761391B9F4F
:10D5D8000CC268303933958EF20A199A659F61FE3C
:10D5E800DD3B34D2E8590ED791EE7F8A07E55ADA47
:10D5F800EA4F3CAEEDAD253549DE8A1C3263EAE4DC
:10D60800DD67F6EC6DED67A23A7BB3E9E79453D694
:10D618001FD75CB2DFC9B97DCE1D358FB0A69D4A34
:10D62800E6C93BEBAF22CAA3F5178E1ACCF32B72CF
:10D6380048A3B806677557761EEBB2B6339598E5DA
:10D6480060456B64458CC9A57FDF4A06C49603997B
:10D65800499B61FC72F268BE803D316ED6A2359E50
:10D6680018840E74BB5E4ED1318B601E1E9EE53849
:10D678001D9BF758FACC6EEF66CA7FEB5162E7FC48
:10D688005BB352746EB86B8A65116D18A3379D68C9
:10D698000EC9D5A7B279693D652DB67C6F4A877DDD
:10D6A800E78DCF13A7959477D00E2272725F761A02
:10D6B8008894D10D7732E5E83BD875C06C9A6B79C0
:10D6C8005E4963151BFA0FC7F46964CC4DFF2D261C
:10D6D800441E0FB6B99FB2473D4F31D9342331426A
:10D6E800B6105FBC9C3C78F68A7346C61A32CEC325
:10D6F800DEB7C9197E5653E327CC0D2766A78CB130
:10D70800AA173EB7D82745D7B256237759EDB55D46
:10D718008CFE5B8FE2EB25F9836E3D4504A7C4F4CC
:10D728009DD8E929DB90AFF1B83D6C1EE60875E994
:10D738007B953ECA3328C9F0773209257B17C70184
:10D748007C25B78153ACED95A894897B5BCFF8B85D
:10D7580045328662B0B9DCF4F1B44C769F3324CDFF
:10D768001959374628E250CC464E1354A03FB29A76
:10D77800E001CED5C29D97C78E443A4734FCA4F445
:10D78800CEADB1B43A376BF0139E2C47B830EB648A
:10D79800681831A2F1EE644E7CE5D9A79598D53585
:10D7A800DDB00E38432979EFCC1B3FED371848AE72
:10D7B80087246FD23F348462D81852B0FD7E9C3DD6
:10D7C80097F98840E7B2AAA63547C6FC734693F294
:10D7D8008C76FEADE92A628B27CEC9E6E8A1759C56
:10D7E8004A3F45DB6A71CAC40A0F9E9BAD168CB9C5
:10D7F8006909EBB33421C09A51ACE738650515C304
:10D80800CB9733A2FE5669EC6AC8B3403D2DE32698
:10D818009BA18E35F4E86AEE361E38F798F17A3A0D
:10D82800724F6F3EA45ACAF22AB3C8EF6458FB136A
:10D83800E2297A1A48B43E25BBD8167C565E2DB329
:10D848001DEC2FA5BD7AFB33BC433FCF2B34672F8C
:10D858007AE7F95F7A2C65CFE837FACDBFDDEDB608
:10D86800B440AC9991F7C22ED5F9ED64D768279BDF
:10D87800952270DB75BE3B301F817C1AB5D85617D0
:10D888006727FBEC50C6ADF4EFC92A3A8987110126
:10D898005A8CFFC474E5C9E0527A81373F8FB00EC5
:10D8A8003BE70F184125EB34B64C1E7280F3404D10
:10D8B800D28C64F3EEE1DF902B3754BE64F46259E6
:10D8C80077F3CE95C5F56454B20FF6EA876A492B0B
:10D8D800D63BAEF4EBDD905F720E68E1FE791C0E6C
:10D8E800AFCFDE9BFDDDA735D1867138F0E7B4A850
:10D8F80095ACA1BD76B779DBEAE6AED96C84969390
:10D90800E7378A0799F130BFB176EB390E9EAF241D
:10D91800526DD78E67D69D9D7B0F0E47919D69836B
:10D92800C74DF559EDF1B8DBC64DEF27C5D0FE550B
:10D93800A764A9B1ABB2DD3C81DDCAD7FBF03BE8F7
:10D9480047C20E869C6BAB6A008AAAB0A78FF26AA0
:10D95800671F9257E0B03EECFF907729727F47E946
:10D9680078F863F73FAA07CD617B54E7479AA3E1AC
:10D9780071B6EEF3AC55476DFE1AFED8FFA17E983E
:10D98800B2DD8707324EE5B83AEC8FB326AD2A46AA
:10D99800F88612ED5A91CBDA362B211BE224EB7A6A
:10D9A800C82BFCA1679C6EEDFF97FD9B9F775BB32F
:10D9B80046D3C91FF9133273BFF9EAE1D574EB40B6
:10D9C800D5DDEDA29BCE49572EAA39EB7D0263B275
:10D9D8002A0CEC8B8EE71EAE889CE0BB9B11F902EB
:10D9E800C681D2D7C1EB53C41262C757676EC94EFE
:10D9F8005BE7B829035A517BAE3ABD4CDAF58BA7E1
:10DA0800F0EEC6E8EBE4B36CE901CC7BBBCDE98F63
:10DA1800B1A62D6C5646556076D3515EE3A32CC152
:10DA28008CB3DAA37EDE67490C8FF1AC7CA57360FA
:10DA380000D87ACBAB5B3E25AFF2319EDB9D587D9B
:10DA4800D89CEBD44EE712745E1D6391A9ED6D7AF4
:10DA5800EA9B7E0ABCEA4766071FEE5D4DFFD6DDEE
:10DA6800FBAAFA73FE54C7FFF0F0DAA7EFCDDEDFAA
:10DA78009BDD2EA7FFCE0EDE9B75CE58352B493980
:10DA88007BE1098709C9F6CAA1912D99F2BA44BE6A
:10DA980083F232DB760CDC846725CEF077440DEB1D
:10DAA8003D4C13777B67AD8243E1ABBD501EE73C2D
:10DAB8003A792BC665E40DE8DB6B3FF501BB2A1DFF
:10DAC800D14A207F08BD815DC77DC0E6B4205C8354
:10DAD8001A3DCB0F8996196B59C47052D9D4849EBC
:10DAE800B558CE5B7017B95F752B695E2CEFD55BA7
:10DAF80013D31E3D87FA8AC9F051A5197D39DDD6A1
:10DB08006CE25AC8A13789085189D3E7CE6EBC7335
:10DB1800B47386DC32FA86529B95E2CDBCC3175C9F
:10DB2800DB64757F6EFF3CB7437B5BB382897525E9
:10DB3800EECB3D5F727E1ED9E5B7D25E2183E3DD71
:10DB4800556665ED6C73D6EFF093238F9E23E4251D
:10DB5800ABDF72F4B1C0640DB058C31C88C9581249
:10DB6800E7B838E59B95AB3EB969A559358AF63AC9
:10DB78003B094DCC6A720F553B4B93F1D45CF36073
:10DB8800A26657B5DCACAED56986929672EBB8E75B
:10DB98006A1AE6EE2F26AF243EDCDE07131FE603E3
:10DBA800B33EDBDE236DFAB3416CA4E364C840F1F5
:10DBB8001DA35AD7129E4179CAF5A1FE249FC5CC50
:10DBC800FB1D87E538E5B9998FE7C823DD26E227ED
:10DBD800AF4194045B4FEC6AF7AFEA257976585E5B
:10DBE800AC2DAC142482FB0D8F4D673B39BE740FEE
:10DBF8006EB560A81899B30E6BE21BCD52282A693E
:10DC0800C87839F7D76FFFE94E548CAB9A5E790F15
:10DC18004A09B5F2AA34675604277F8A8BFF3F9DCD
:10DC2800EA0D929DB3CA789DFE8335611EEDC81337
:10DC38006F81493CA3BFE5A97A83472DCC2D432E9C
:10DC4800D8F9C68A18B75515D9DE340AD97A84B9ED
:10DC5800529C8BDF9FCBEC3E5722B449294EF65B92
:10DC6800AA2691758AC051362B808CEFB23FA92C19
:10DC780072EC8F93E2339E6DB6E66F9D61B4C66316
:10DC8800FB8E3E74D16F5951D3DACC69CB9C1D03FE
:10DC9800CD18C7B465D469167C494B14B36BA2B7C9
:10DCA80014FE1D5320F028CFDA29A746443FC4F0BC
:10DCB80094D80DF32686E9AC2DEE67D85472B60DCC
:10DCC800A7BE4C0C55E75318196DDB6C81D162FA6D
:10DCD8002D75A59FBCCAB05545CEB051BE859A4F8B
:10DCE80079F4C5A4AE9792C6398BD5287A1B695F9B
:10DCF800C4DFD2C6321EA92D73CECA9E8E79B74311
:10DD08008BD5A6C82EB4247B185445AC18A16484BE
:10DD1800B66C3C9664ACCD75513C9EA4973683ECAA
:10DD2800DE617427AA1651BD1EB4537C8CDD803A7F
:10DD38007F5D9E9FD9A9DFEE917DE335A451DC7A02
:10DD4800CF8CC709E3EA6649BFEC9930474EE2CD6C
:10DD580093657D3DDA98F445F883158C8EB378EE9B
:10DD680087D565F5EBE468913D5F2F65ADCEC9A316
:10DD7800EF80F6C8C05955DABCF5AC92C98333FCBC
:10DD8800568C94898BA13D36CB7A4579817F6D5726
:10DD9800626F7BE1359B40D988233C3676C3B82E29
:10DDA8004614E0BCEC750C23D65625D76DBE994EAB
:10DDB80031D29494E8C3882EC5E8DDA2BD8AD3D1B8
:10DDC8002C77BBCFECA2249DAF618ABC199DD246AB
:10DDD80077CEAD379EE3F0DCA05F053F776BB542A9
:10DDE8004037D01BD4CD3B97B8D10C34B37B1EA59C
:10DDF800244736FEEEEBE1E3EF2E0FCE7C4D3E8B53
:10DE08008DFC3AD1B9FB8F115E02679F01FBD69E4C
:10DE180085029765519A6778552DD73AE38B3C442C
:10DE2800E249D9F64CCE22673EB2819D386EFDDCC0
:10DE380008CFA85A2CFD4F56BF13934DA511EA9948
:10DE4800638509A70CA1634A5E9DD292B6C0AB77E1
:10DE58001BE960AC102C25A2AD7A450F202F808AD3
:10DE680069F983FAB43EF3ACE926799D35B31F8688
:10DE78009199C9E42929EB29B2B7B8DE6C3ECF0ED7
:10DE880067F512EA415E8C752F914867DDF3B4227D
:10DE9800D8098C04C96738E734AF17E48432CE3D1B
:10DEA8006EE9478E192F7B7ECA9912FC44C926E376
:10DEB800286BC3C88EA54C5279A7FDD1394C8BC5A8
:10DEC8006801ADFAE1D1AD690E5DF8F0383313F7AA
:10DED800C78C66FCAC891EEA5DA455032EFB704F07
:10DEE800F58965244EDD6495744F3CB98EFC9FAD71
:10DEF8003A6BD847719E6964CD2FA5D28E62F7E937
:10DF08008D86A8C05893B1C6BEABED9C6FF0782F34
:10DF18002D8D731AD2AF655FC829349EF983062008
:10DF2800E7E131A261AB7A412618F6C77CBC311013
:10DF380060E169DFE863E8DD81C22A6631E6B07630
:10DF480086A04EDA79C5732CD7641C0D95ADC17ABD
:10DF5800C4EC624E35895E287A77680664F0CDDDB8
:10DF68005FDCD7848238672126F2A34BA95D331F73
:10DF7800D89BEEB987C7DA2EB93B86356D4EF20CC1
:10DF8800B1B227BD578879F66BCDBA127999E4EC0E
:10DF98000863A7668CFCAC31651B49BBFBAE274800
:10DFA800ED3EF799594463622BD54DAFDCEEACC812
:10DFB80055B58E7CD331F115A28FD66A786BCFB860
:10DFC80073AA99C7E5CEFB09F9926D32AF9DF5ABFF
:10DFD8003FA10769F86EE653AE7F5A761BEA0466DE
:10DFE8006A833ACBA815EA11E534C798DEA6C8902B
:10DFF80032FCF51716FDB1CBE52C324EFD06A871A3
:10E008008AE0A6F85CFBDD2315D6DD70D6B4A1A6A0
:10E018007AD97B6EA5F7ACA3F9A04DEFF946320289
:10E02800E669E797F0882F92C7AE443EA1A7E0BE05
:10E038009FF2208EA96A9B9D679A3B8737E88E5985
:10E04800D3C01E35C487D0D3C1E243F2ADFA6C8980
:10E05800F36A36B5B12589B9FA23D8437BBD51BED9
:10E0680026EFDBED4707E5D41431529ACFC1AAF663
:10E078006FEEA2530A985767CE01694527BE2277EB
:10E08800EA9569C196913A3168FECD3AA2B2B64E88
:10E09800A79C4E5C93773C246663E4EF3751292DA7
:10E0A800794E584BBCE254DB6888C170507EC597E6
:10E0B800F5E5CFB158CE78989796C56AC7CAABDF51
:10E0C8001C63CD1B3BD5147C097220DD31FC8B7998
:10E0D8009287E0B6F0BC8A73FFFC145ABD86E71835
:10E0E80010DD1C19FB28A9394B7335B1A339AA4493
:10E0F800E91B62560A11304FFFE47C47D5C9050E6B
:10E108008B13F6F8B7690C5EB14458B441F977CF70
:10E118000B7A2E71435F4689306F66B8754B3F9115
:10E12800E853B6BDEBB6BD06EAF979E220EBE34762
:10E13800B295FDF739A1B378FEF0B178C4D670294D
:10E14800716D85DDBCC03DDD516B33F7A123F592C0
:10E1580099C2ECBBC03822D638EC8E6BF32ECC3E7D
:10E1680029BA4B5EED4BC46288176C09DEC7A40E52
:10E17800CE08C86578AAAA11790CF5E228F22835E4
:10E1880086D88A31881096AAE638B780962C4786B2
:10E19800475857CBD0F85AAAA653D5A3AD45E98816
:10E1A80046C4CD13E95AA4CECAD26DEF7D1DC96B02
:10E1B8004DAC3E704BF99945719F425F8F197BD9E1
:10E1C800577EF29DA5714E431A4664E6CD614F7C99
:10E1D80007CFBDAA0028EA883E1EF7E5DD63AC2F0D
:10E1E800B82E5829F813DA306257FA0DB0F6D592DE
:10E1F800910B31541AA70CD86A78CC9C274FC88D3C
:10E208008903F2228AFEA2FB461138EBA861B7DE29
:10E21800BA17733B34053522940FF78593EA152511
:10E2280022EE9AAC00FF4F1601B6CEFBF4262578F5
:10E23800F0643E90F6ACF5D890B153CF2A64637D74
:10E24800983118BCAACE7467F59D90EEF334E42992
:10E25800579E1148E75502869016032C9361604734
:10E26800B0CC0D1E83596474019F2226ABB5485C5F
:10E27800D137F00C3923E7C956D583C67BDC92F336
:10E2880014B453EC2DD7D96131594055BADCFB444D
:10E2980058C45F42BC8C5864B764B1F07DD9C907D3
:10E2A800775EA925A67F302C942CF7A41ABCD6D764
:10E2B800B6DB88A7EA950599A7A25ABEF55AE4C124
:10E2C800CF23E9591F63670CA146E425CF29FA56E5
:10E2D80079A43BCCF930936716CBEAD899D7039B3E
:10E2E800DB63B72FBA6346792DF812AB36414E8BF4
:10E2F800313BB921AB28B1CA6A3CBFB293A9542DAE
:10E3080041ADC9DA3F6F3CCF8A7E4159A1987D2142
:10E31800F643A725C53334798BF1BA6ADD83518971
:10E328000A46FCFCD14167ECC3E0715F6BB945DF7D
:10E33800E340945E0789D5F4ECBF7B8AB476EB663C
:10E34800B5A0BCCF74C45ECF6A6446B1DBF24FF0AF
:10E3580021C654DCF9CBE59125625CBBF1076BF76C
:10E36800E7C6591AEFB4808F60F6C398BAECC5991E
:10E378004384E770D6E408D2D12E4CD68F9DB56978
:10E38800D5B85FB7CA5FF83BD4CBCF87C7F4ACBF6B
:10E39800FB4AD352621E0D6389980E07CDD109DE60
:10E3A8009A45CB158F19C0B46E9C0FACAE29E617F1
:10E3B800C1F9C0BEE4CFF2845746DB65D5C773CF39
:10E3C800623857DBA8EE70EB39F48DA4E31909D352
:10E3D800718FCCAD1E1816C07932CB4FB5E3F0FD66
:10E3E8004EDBBE44228A172C1AF2EA0D75B1C14ED3
:10E3F80001550D73FA981C651C578F10A7D72B72FF
:10E40800EFA63B47E9986C57CD4AB27965B5BEFE91
:10E418007979763418BD13EE51CCB22839DAE8E3AD
:10E42800D4449DF0E481808329D1F9EA94459C4540
:10E438001479932BA9FB92B11E57184C143A0B8CE4
:10E44800F9B3D51573CBCF67B5F89BDE99C6297399
:10E458007866BA328A0B4E164726E7B50D375ADD6D
:10E46800437A9913585E5A1E96A7361F415D24AB0E
:10E4780095FDC763E3781D51D1EB230782D8BDB75B
:10E488005891392C7CAFCC9FB4A390333B131441E3
:10E4980031934DDD80D7BC9ADF953D1E42565A67B1
:10E4A8004618F41331B94FF397CB3C21BD37A71960
:10E4B8009613ED1853E251E35E7DEE426392C896DF
:10E4C800C5FD3B3C19ED91F10C9BA8D5E9BCC6DA1A
:10E4D800A668100FB32383BD9D64A6C9C62F5A9E94
:10E4E8003E0689FC25DA714122ADBAC61035B00B5B
:10E4F800F9A431FB6FFBFC50F17B6359ABC6A766EF
:10E50800B0AE92513CFC8BB356B0C6478CFD184D4B
:10E51800558613A0333573F58B98B2A0958DF9679E
:10E5280037F7703E37A70C691ED7FDDBBFFA84D2D8
:10E5380050F4A1A8458837A60DA96BC7EAAEC72233
:10E548009ED8883F672EAF9B2AB85BEB5548AA3AFE
:10E558001CC9FE92E56595A2474C134B6F3A6E5362
:10E56800E693E3C7BF501AE77DC8546D4B89B426BC
:10E5780093C6BC54B6B7164F58BCCEFEB455F588F2
:10E5880052C99F32FBF6F688AC8AD7D579C6A376EE
:10E59800B9B57E4A306AB288AEDF9E0567283FCD9E
:10E5A800D822B2B4C45D9C13AEB3E035A30E73A0F9
:10E5B800CAF3EE77A72F890DBB3EFBE51EEA3707A6
:10E5C8003F8D225FDFA66564B7936B6ABDD7D1B470
:10E5D800C11F810E67B474EABCA3D7CE1916B35C09
:10E5E8008AAA417254625341D3773DF7FC2534C45B
:10E5F800F684734BB040D8CFFD09FB126AAF633481
:10E60800943BA78D4A8783C58195E7D895D5E2DFE6
:10E618005BA6FD84B152CD6A6D20E17C25D73E8989
:10E628009C05565B3525815C2119CE850F66917353
:10E6380001E5D1C9C0C774B4F0429A23C71311EEDB
:10E648003DE83D9787FA6463D646F1839DFBEAD699
:10E65800AB399A952213EA4F75AA7E1CF3FBDE515B
:10E66800DEA18AF471E3FD89C9CF8B7A05D2B8445B
:10E6780022C4D90D90C431F385E988CC216D58E3C3
:10E6880071BC67A4CC6FC07E5944C28A35AB5F2485
:10E6980067D29FD8F41963AD4CDFC8586DCAF58F9F
:10E6A8000A9272327BF02131A98152E223F41A31A5
:10E6B800BDAE9C5506668532A14486A7C0AFAD574E
:10E6C80099B202BD5DD1C644F549526D30F5871542
:10E6D8002AC6E19A2D3B2533D9AE88035875C0AABE
:10E6E8007B5471BD22695C4059CC4AC29B33475B5D
:10E6F800FB4E371BB624224916BB26CF25E6E72C4E
:10E70800E8C12D7E39EEE62E47AB13EA36D9032D44
:10E718005A3F15AA3E6C8FAAE5B5FBD2024D12DE10
:10E728009D991FD184FEE9B48B604D64D1A841CA7C
:10E7380047456D837817F6A6731D7BEBF230A475F9
:10E74800D64D15ECAA48A4456D7C7A07B977D6D280
:10E758000F5E3B0ACE8ADDAFD5AA9F3AFD8C717851
:10E7680015B6EA1289A4BBC3465C6052C7EDDAAAA3
:10E77800AE2CDE6EA69924E4202B4ECA5A91E7B53A
:10E7880058E484791943C34BDED77B757C6B1541FC
:10E79800D5214E1389C9BA519140DC24FE503E5E02
:10E7A8000CA26C53B0EE92D96E541F114DE4E19156
:10E7B800596AD4B5EDA895B2E117E30FE21845F30D
:10E7C8008D55F9C38BB4F9B9B57737D456ED07EF42
:10E7D800D1F959DFC68475AF4C1AE73464F8BFF431
:10E7E8005BDC2DC94FF5C5BEA82CD761F5950B4745
:10E7F800F38E7F51B56A1CD01159AFCA7879583851
:10E8080066516AB77D26ADF97FBA4F9CA4558C5ED8
:10E8180066CDBB2A7BCFB5EFC9A804DB1B9A50D6BF
:10E82800A3A8173A7C3B5FFDBD59E7990A62295AAC
:10E838001D674FB653AC87092D8646946718A6CA3C
:10E84800B7964CBAD758F5DBE47552593A67D5CB29
:10E858009F3EFF3D24D26DEA6564E689F8BA9115BA
:10E8680023ADD7F5B5DE49DE598D9071B7867B515A
:10E8780067E318EB28DB3BEF05A935510BF1E00600
:10E88800B895F56E5CF988304A4637585BCA001C63
:10E89800621989680A53C8AF9C4C16968FF6ECBD6E
:10E8A800BD1B9F79566C45A462F57FAC67D8F636D8
:10E8B80045C010D69AB970D36AABD763E4D23A4F41
:10E8C800DD5B45A24555CEC3F4E74F19FCCBA571D6
:10E8D8004E1EF567EDC8692A69743E2BE3924E3DDA
:10E8E8006686B71DC5DA2EA3CDCAFBCCB85F8FE507
:10E8F80097AC2667EEC9BA9696B45CEFCF809AB407
:10E908009E2532620D09D74F337FE9BDF1BBAC9626
:10E91800B21FE54963D2314DC652945EE6193F3ABB
:10E928006839DF64242EF12A46D53A58D638EFAF35
:10E9380063788BACCF2715BC26F8FA1365E8EAA5EF
:10E94800F6A8E11763E081C4EACF5EB93CCEDBAC40
:10E9580043ACEE54FFBF4D9E31244AEF2D435B5B21
:10E9680006103E9FF92972C3D08B6972DF31B1332B
:10E97800731FE028FB759CE2CD6A92986B55DA1CF0
:10E98800CEEF898C94BC0BA4C8EF8A06A91BC1647E
:10E998009519DF98AAC1FCFBBB9F25C3789C98E218
:10E9A8003CC3AAF253407B9ED6B16C9D55A487EC1C
:10E9B800BC2B38A93F041D7B23F38359BEC81C1CFC
:10E9C800FE00D2B82891A7AAE7E9BDB7841934DBBD
:10E9D800F19E4B6CAD1B89F5A3B4C676369D718646
:10E9E80060169A25D960EA1435E586AD17581245A0
:10E9F800DD911994DD526E0A8FC2465162949A7065
:10EA0800155976559C4486306C955E85D88C52B1E4
:10EA18001AC4C7698E3C40B354ECAB3A145D5DEB45
:10EA280013979233BED4A5CEF3BF86CBACA2C82A27
:10EA3800389FFE40D238270F43BE73D5C358566659
:10EA4800557BEF513234ECD1A99FD18D5A68A28FF2
:10EA58009A55A64BE6333BCFB9311BF47EA235F964
:10EA68007FFF37CFC6A146FCE2BED8AB9088BC3545
:10EA7800A752C74FC24DBA37106F48346247E907EB
:10EA8800ADDE87FB37679DF51B254D2CF04E2D7AA3
:10EA980076B0BE696CDD160C1E275A0CEC8C1BB9BF
:10EAA800AC8EF32C2CD77C7ED55EA13CCE4722FBC6
:10EAB800CD84417A9B4BCBBEA06413DFA83D66A1F1
:10EAC800969D7B93C4A9FC8BC1FA453A8F636877FE
:10EAD800CD8B3E951D8A2C6059D5C3D564A421766B
:10EAE80090B856F1BBA272CEE42DB352587F9D1A4E
:10EAF800ADBFA256FDFDA79A9685E7D523B06BF664
:10EB0800788676CD93702ADB281681689856407AE5
:10EB1800A3C95FE4A59357C9E6BFDFFF01A571410B
:10EB280022BD658F93F71D771B72B6AED9B6B7AC09
:10EB3800B7DBB08A58DD7615B5EF6E0DDCBA75E334
:10EB4800AF0F629E157DB826B26B8212D156202C6B
:10EB5800F158584BAE6A4C7FA5EFA7E50A7E4BB239
:10EB68003ECF6CA9F201F5BDB5796AE872330AB5F2
:10EB780036DE0393DC1A75564550AD92B378A8ACCF
:10EB8800AAFD2C57E316A12FDFB5AAE72F97C85384
:10EB9800464ED5D411C28803FBA6F68A9E9A0CE786
:10EBA80014ABB7D6496F52324D079F6B9AB68C5C3F
:10EBB80046D48F88858A735C1477D06B4754276650
:10EBC800B75C77BE4E9CB61233F68377C1779E6DDD
:10EBD80040CBF5C7BBCC61666F8E7AD013A0F2CE5E
:10EBE8006706E7D5B7AE8E1C3779FD137B8EA01369
:10EBF800B54FDEE42ECB7EE887F31CCF9507385F50
:10EC0800DAC9D66B61989DB24CF94A882A59A4543E
:10EC18002D1AEFFB601E8B511726643166FC70CAF3
:10EC2800DA456EA9EC28D09C5059FF90847CB5B881
:10EC3800DDA89BD32A47153CFF4774A3FB3883F113
:10EC4800EB3B31F32F6D93F7B227EB1FB25CEE4825
:10EC5800EFD17B565CBEC37CF85A160A3158F25E77
:10EC6800AE1FD4737C8B4494CB0422645F665246F7
:10EC780097F51673C64ACA42B5D67550DB24F866AE
:10EC8800C5EA856A79F553F9ECE09EA2B267778206
:10EC98006B548046DD49D4F3C47CCB98C0A4A87DCE
:10ECA800AA729FBCBAA27765BD303DF6F7FBC69243
:10ECB800C3C2BAFF365FEEDDB9A6F79CA936323774
:10ECC80090FC1CF6C6F2A6C45C3F9A342E48A49E5B
:10ECD80075A3EC26A461A8DDEB18AC26E6C4725136
:10ECE800BEE3D83FD8789D4AE768B1DF863EF0DCBE
:10ECF80061AD5EB01D2503A5E70279491688223566
:10ED080035312A7FE843146310A149D74AED0343FC
:10ED1800A3DC56F6EA2BB269CC0BD86FA7F58A3C70
:10ED28006E2A7DB6FCB66B7DB2BAC06C19663FA27E
:10ED3800342E68887589F8E41EE62AF1A9EA55E7B1
:10ED480093E51A4D6072B68EAC9D65FA3DAAFAF746
:10ED5800E9143DF957E09D8836CA5382E4192283A5
:10ED68005EF2278CB7397934CEE852BE3DF06DF8A3
:10ED78008F32DA57A472F593E41D2F69CD5CE7E072
:10ED8800DD2140B49AE24164D5D0938FAC1D8296C0
:10ED98009CE30E7F78795C94C84363721669AAC7AE
:10EDA800673F476327938A9F27A66ABDAB197BCF26
:10EDB800ACAD9DB659221DEDFFB02DE2DC4B6F4C7A
:10EDC8006C2C9B1FD95CAD77D4C645263D2A21986B
:10EDD8001BA4950AB4259EE5C19D765426A7B62A9C
:10EDE80043E870EB33D7A307BAB34E79AB45D938AC
:10EDF800BBBB6CBEFCD1A57189449A45CBE9F78EA3
:10EE080044689358639A3CC34C7F427DE98DAFE2D6
:10EE1800758547A66628D60BE6AFACBE8A9DCD138E
:10EE28008E222B25CFC34842A7B4ABCE87AF22563C
:10EE38003ECE178A2A60BD2BF4EBFD59653563F584
:10EE48004A8C83B186DEC1459FCD78AAF169719D50
:10EE5800C9A57DF89348E31289D48F862DF75437D6
:10EE6800CD74B12A779F0054F94419EF32DDF8A325
:10EE78008B6E135145F807EDF492FFA3BCC29F3384
:10EE8800260FB6B1E4D723F711A7B494DDD1FB9FC1
:10EE980095F7C9320662CBF2FB92FB49163859DF67
:10EEA8003D225ECE586146CDAA47BCEF6638AE1EFD
:10EEB800FD64D2B84422CD82988FB1202732904386
:10EEC800210B67B66A4D7EBE61D7F9BA5EA0AA2744
:10EED80022F238115A138E15F9E94C9538BD40EBDA
:10EEE80018DCA2321FC14B4536E4FC0CE5F8C7D349
:10EEF800C5E8E5F5179088EF789FE2D47AF79CF794
:10EF0800B14D13048CEF359EAE3FFE49A57189447F
:10EF1800D283E4DA9BD69ACF562D5557A64918AA1C
:10EF2800503286F1CF11F9E90CC7D8B5BB357061FD
:10EF3800AF749257799A9ED654B17A99372FEBE8E5
:10EF4800E4B3A3EB2D34336A1EF0D83F1C741B4A7C
:10EF5800C332B7EB6AA9CC6067790E63864E9A43D1
:10EF68006471F2F5FE7496EA5B24D27C96A60E557F
:10EF7800EFD1A4955DF5D31CDFD62786643DD9462D
:10EF880046E8BC14A273F3A29D97570F365779C26F
:10EF980088FDE89983558F735C14FD07FB45BE3DDA
:10EFA800B2BA445CF76F2377A63C4D832A1E9F8430
:10EFB800DC723EEDC6FB585135F7DF5F0B695C220A
:10EFC80091F620F91437CB0D4E75E3960961269416
:10EFD8003376324EBF9ACA0C6CC952055A8A28BD7C
:10EFE800ACEC29A5A2CAC5D0349D5219270646DC27
:10EFF80042AD88AE366819EE254656EF3A5FF9C33A
:10F008003D54FC3903B4468E1632B0F911EC7846FB
:10F018003D227CC8C16B238D4B24C2F36FBB4D745A
:10F02800B519CEF5CC0EB95CF329EB7F39F8E84079
:10F038007C37CFA38EF58EDE8DC88797F2883AB9D4
:10F04800326EA11750E6840C579CAC19B31C4A0DBC
:10F0580089B3A985BE88CD3E00BBC8C8DBF297B589
:10F068004FF7ECBC9E1D6C4A77B1AEEAA796C6A5D1
:10F0780012C12C9D6AC95C93B8A0DA26C689E7EA52
:10F088001F236FD8AED96F13677528031EF90ED5E5
:10F098008DA83EA78CDD656F229A14BE5556832B2A
:10F0A800AF785C9A185D54F1B7CC6F71C2C307FB97
:10F0B800BFDF6F6DF2E3F0B8F6BEB076D45EF20E45
:10F0C80015F8F9ED6B280DDC2EEA8877ACB7D40D6E
:10F0D8009B73627115A31358DD23548C02F35E4DA4
:10F0E800DCF99ADA5366915887C8BC6DB083F2CEC2
:10F0F800BC372AA902FB526E9AE420AE92BCA3EC5C
:10F108001B6B4A238FA2791BBFDF1FE664AA5B9B98
:10F118007B4EBEC733B38E465A76AEBD9ED2C0ED87
:10F12800C2271B3E4E132E31EE70C53A53E3A5ADF0
:10F138000E2BC78447E8A5023ABEF7E0FDD9ADC952
:10F148009F87B7902791E50282428F39FBA1022F52
:10F1580085A789EFE2AFA2AE817E5F550FAAA343D0
:10F1680086987BE03F7DF2C7BBCD3A61DEE01C7E2E
:10F17800BAF6CF5CAF9A9572B6AC34C9BEE3CE6B23
:10F188002C0DDC2E7EBA843CB45928E277CE863129
:10F19800AF88DC7F7B488EB1F5C9A5F71E5C491F97
:10F1A8001DB03F2DF0698977A36E41114A20AAB09E
:10F1B80059C24DC12ACAA3A82347F5EFE0C9703F39
:10F1C800A4FB9BBD5B5F5A65DF8924C10C13AB2E82
:10F1D800DA913530AC99B990DD78FDA481DB259FB3
:10F1E800B1B12A317A13AB2359567E321BFB6F59C2
:10F1F8000794D69C4A069B5D76425D9C70C55DAFC0
:10F20800DAF5521B22F711FA212DA22FA18F1742EE
:10F21800D6FD90C66FF71E1F5937CB89323864DC8C
:10F22800CD471C937720B66D2C73F0B390066E977C
:10F238007CCEFA515A31BFD9AFD1C7C65DC6AA5FD5
:10F24800E806568155F09E29C9FAF3EB2FDE4F1FC9
:10F2580038CE154A0AF453C67BBA57795CC5E9EA31
:10F2680052239725B4C52F583CA061DCF3FEEC9DD2
:10F278004FD38673ED68510D4B199A526515E74CBB
:10F288009847C1049D8B71F8EB2A0DDE2ED31230FE
:10F298004047C33C1DA523D4ED92A34EACB15E708C
:10F2A800B699D7CFB10A68DE3EECE6FFF0D5D58433
:10F2B800384DF53CD1311BAC541975C73C9932E334
:10F2C8001BB1A17A48985BFF70EFA3034E6061BE43
:10F2D8003C7162E049E3138A9443432D2EB845CE2E
:10F2E800FAFD99C982B7CB3CC9434E6DE88ED3610C
:10F2F8006BF372AD7BED0FD6EBF63F81671AAF8CDF
:10F30800355C7388E77AC5C3C3FFFCC9EF0FDEBA63
:10F31800AF5CABEC566032659DC23344479AF44308
:10F32800E7B523E2F96DF614F5A8D808B5C4F93D98
:10F338008F5B9B1E55591E003DF4AC7C6166BCB2C8
:10F3480019B5DD454EE4E7200DDE2EF9E4ED5D9BB1
:10F35800AFB84C47EDA1A1483BA7A23BAE1FD40FC5
:10F36800F277EB07E11C14C49336D3C127D16106A9
:10F3780004E6C9FE3F9FFC7BDED78CBC23F341FC2F
:10F38800AACE1B54D385ADE2635FDFF99783FF7A7A
:10F39800FB31B8A6C36AC13EBACACFEE6B7C8E8178
:10F3A800CDA6353D01B63216E4315121FAED86FF7E
:10F3B800F63396056F977DFE9436364BD9CF6B683A
:10F3C80038D1F2087AC3F9029DCF08220E5685403B
:10F3D8005EBB23D6BFC3B2A32267387CFCDF6607B7
:10F3E800BF9C5D4BFFDF9D7F341DC099EFB31CF1BF
:10F3F800DFBFFDDEDE87FBEFA4DFECBD3BFBE39D5B
:10F40800EEABFC1E5BD611738A33E6BDD31B3027E7
:10F4180063AF68D303F3677A68D517C78802F3DF49
:10F42800F5B575C85FE8DEF8394A03B74BAFA2DD1A
:10F438006FD6CCBF59472E91EF51F3005A6315B0E0
:10F4480098C80FFE7A8ED90FE8FA5465A9F5EA72C2
:10F4580056E3616F16AEF2BEDD6E333C6DD7395A96
:10F468005E75760636E3B87A3A334C1932F63900C7
:10F478003F6046703B72AE416D9370D0E785C77AA6
:10F4880058A663DB31B0ACDB0B556D3F5769F0769E
:10F49800E9B574773965D1AB96ADD3306BC783F6D0
:10F4A8000858BF9B67EF01C4B3C49C6BAC1CFC0B32
:10F4B800227AC3CCC869DB6379D50EDB43E8913384
:10F4C8004B7366F2589D4ABE1FB2653D4B63F918EF
:10F4D8009B2461A71C7447CCE2B343384BF9C81E80
:10F4E8004597A97A248F2EC985FF9C65C1DBE5570E
:10F4F800943A43FC3657FCC4BAD731C5C1A7037543
:10F5080073A24CEB623FE9E73C270CF5FE16D58F5A
:10F51800A8922712828D53DD73EB2795345E89906C
:10F528005C4B6CEA00A7A81CB1ABC9EA260FF1EE48
:10F53800EAA3C327C0393F7A872CEDA3E77DF29F62
:10F548007A415FC1ED79579634E904E74D99BE18C1
:10F558003F617668D4EC264E0D421715663462D2A8
:10F5680003E77470D200BCBD21244D4B41B7D521AF
:10F578006BC1305FCCF7BFC5DAC012D801D6477A65
:10F588000CE44DA95B8DF7A17572D93489E77FDE4C
:10F598009F7A215FE1EDB9D7C86934B64EF3EED84A
:10F5A80063F925BD7DBEFF8493CC1A8B51D8658144
:10F5B800DF312545736CACC3E4013112D100E76D2E
:10F5C800A106DF39E579E733A930ED06E72AB89DCA
:10F5D800F48E5FEA8E7998BF0559E8F6DC6B4D77B3
:10F5E800338A59723A53B273106039384F96D260E1
:10F5F800E52F983E8BE84F38D38935C2587FABCD7D
:10F608007958737AE34A3D80C468AADFE10C023B6B
:10F61800DB7845BD63AF50C6774769FE5C6FF1D7AD
:10F62800290BDE9E7FC509678E645F7E523FACD88A
:10F63800D776C2532D6A9FD3C8A8A05D712EA04566
:10F648007266856C2AC1DCA473D4F7D03493EA9A25
:10F658009175D694B15DA372BB3932DED6664898EF
:10F66800A522E23E8187FAF6CFF5532FDA0F7CFB0D
:10F67800F66B4F9CB788698A36D56CC5BEC3ECB5A6
:10F688008F1A635D6869A02164F87C4E8D4D1D70EA
:10F698003C70DC7BC46F76EE31FBACFBBEB73950F7
:10F6A800EC782016B8A446E76F4B16BABD6815F279
:10F6B80057FB55ED1988CA4ED16164CD7DDDE698BA
:10F6C800CD226C30E1738B18A02327F41CEE999798
:10F6D8009ABA65933D163C91CF724DEBF6AB97F90C
:10F6E800043FF522FDE8B79758937AD63EE836F4FA
:10F6F800DBD01AD8A26E4D1D41F4D89A363587DD75
:10F708001C9E9A5AC16E2CF62CAA2F08798D7693D6
:10F718001E5CA8767E2389DDDBCBAC8E7D357BED48
:10F7280097593B90B55E18C362F5E7E90816AA7EBB
:10F7380068D1A1E72AF485AE9A84C90B5F562F27B2
:10F7480085BF7559E8F6F26BB5239FEE6EFB6577BA
:10F75800D81FDBE4B9233B91EAB03FAA3FEFBA7A5E
:10F76800EFFBBDE64FBD10AFD5EDFBADE0ABFA7AD0
:10F77800737BDEED8D1C5EC7DB1B49BCAEB7375211
:10F78800785D6F6FA4F0BADFDEACFE9BDB0F7AFB0F
:10F79800FF01E83A466E0000D8399D270054EA2A4E
:10F7A80000A4781F007B9A17A2000000F9A20000AD
:10F7B80083F9A2006E83F9A24E6E83F9444E6E83DC
:10F7C80015444E6E2915444EFC29154427FC29156D
:10F7D8005727FC29D15727FCF5D1572734F5D1579E
:10F7E800DD34F5D1C0DD34F5DBC0DD3462DBC0DDEE
:10F7F8009562DBC0999562DB3C999562433C99958B
:10F8080090433C994190433C002020202020202018
:10F8180020202828282828202020202020202020B8
:10F8280020202020202020202088101010101010C8
:10F838001010101010101010100404040404040414
:10F8480004040410101010101010414141414141AE
:10F858000101010101010101010101010101010190
:10F8680001010101101010101010424242424242A0
:10F878000202020202020202020202020202020260
:10F888000202020210101010200000000000000008
:10F898000000000000000000000000000000000060
:10F8A8000000000000000000000000000000000050
:10F8B8000000000000000000000000000000000040
:10F8C8000000000000000000000000000000000030
:10F8D8000000000000000000000000000000000020
:10F8E8000000000000000000000000000000000010
:10F8F8000000000000000000000000000000000000
:10F90800000000000000000000000000202020206F
:10F9180020202020202020202020202020202020DF
:10F92800202020202020202020202020000000420D
:10F93800C8801F40B8821F40080000000000004235
:10F94800C4801F40B4821F400400000000C0004271
:10F9580024801F4014821F401000000000C0004295
:10F9680028801F4018821F402000000000C000426D
:10F978002C801F401C821F404000000000C0004235
:10F9880034801F4024821F400001000000400042D4
:10F9980064811F4054831F4000040000004000425F
:10F9A80080811F4070831F40000002000040004219
:10F9B8007C811F406C831F40000001000040004212
:10F9C80068811F4058831F40000800000040004223
:10F9D8003C811F402C831F40010000000040004272
:10F9E80044811F4034831F4004000000004000424F
:10F9F80040811F4030831F40020000000040004249
:10FA080048811F4038831F40080000000000004262
:10FA180004811F40F4821F400000040000000042DF
:10FA280008811F40F8821F400000080000000042C3
:10FA380018811F4008831F4000008000000000421A
:10FA480014811F4004831F40000040000000004252
:10FA580000811F40F0821F400000020000000042A9
:10FA6800FC801F40EC821F400000010000000042A3
:10FA780024811F4014831F4000000004000000423E
:10FA880028811F4018831F40000000080000004222
:10FA98001C811F400C831F40000000010000004231
:10FAA80020811F4010831F40000000020000004218
:10FAB800EC801F40DC821F40001000000000004264
:10FAC800F0801F40E0821F4000200000000000423C
:10FAD80034811F4024831F40000000400000004282
:10FAE80038811F4028831F400000008000800042AA
:10FAF80094801F4084821F400000040000C0004220
:10FB080090801F4080821F400000008000800042DB
:10FB1800A8801F4098821F4000008000008000429B
:10FB2800A4801F4094821F40000040000040004213
:10FB38006C811F405C831F400010000000C0004221
:10FB480030801F4020821F4080000000004000429B
:10FB5800B0811F40A0831F400000002000400042E9
:10FB6800AC811F409C831F400000001000400042F1
:10FB780084811F4074831F4000000400004000423D
:10FB880088811F4078831F40000008000000004261
:10FB98002C811F401C831F40000000100000004201
:10FBA80030811F4020831F400000002000000042D9
:10FBB8000C811F40FC821F40000010000000004222
:10FBC80010811F4000831F40000020000080004279
:10FBD800C8811F40B8831F40008000000080004299
:10FBE800C4811F40B4831F400040000000800042D1
:10FBF800C0811F40B0831F400020000000800042E9
:10FC0800BC811F40AC831F400010000000800042F0
:10FC1800D0811F40C0831F400000020000800042C6
:10FC2800CC811F40BC831F400000010000C000427F
:10FC380074801F4064821F400000000100C0004221
:10FC480080801F4070821F400000000800C00042F2
:10FC580084801F4074821F400000001000C00042D2
:10FC68006C801F405C821F400000400000C00042C2
:10FC78007C801F406C821F400000000400C00042CE
:10FC880078801F4068821F400000000200C00042C8
:10FC980088801F4078821F40000000200500000077
:10FCA800190000007D00000007080C0B06050F0076
:10FCB8000D0E0102838407080C0B06050F000D0EBC
:10FCC80001028384FFFFFFFFFFFFFFFFFFFF818229
:10FCD800090A0000000100008C91002012000000B9
:10FCE8000006000020EC00600A000000000200008E
:10FCF800BCEB0060620000000007000058EB0060E9
:10FD080062000000EE030000D09100201200000005
:10FD1800000004EEA8910020280000000003000065
:10FD280054EB006000000000010309043CEB006094
:10FD3800000000000203090424EB0060000000003A
:10FD480003030904E0920020000000000000000006
:10FD5800000000000000000030303030303030301B
:10FD6800303030303030303030303030303030308B
:10FD780030303030303030300000000000000000FB
:10FD88005886002058860020608600206086002063
:10FD98006886002068860020708600207086002013
:10FDA80078860020788600208086002080860020C3
:10FDB8008886002088860020908600209086002073
:10FDC8009886002098860020A0860020A086002023
:10FDD800A8860020A8860020B0860020B0860020D3
:10FDE800B8860020B8860020C0860020C086002083
:10FDF800C8860020C8860020D0860020D086002033
:10FE0800D8860020D8860020E0860020E0860020E2
:10FE1800E8860020E8860020F0860020F086002092
:10FE2800F8860020F8860020008700200087002040
:10FE380008870020088700201087002010870020EE
:10FE4800188700201887002020870020208700209E
:10FE5800288700202887002030870020308700204E
:10FE680038870020388700204087002040870020FE
:10FE780048870020488700205087002050870020AE
:10FE8800588700205887002060870020608700205E
:10FE9800688700206887002070870020708700200E
:10FEA80078870020788700208087002080870020BE
:10FEB800888700208887002090870020908700206E
:10FEC8009887002098870020A0870020A08700201E
:10FED800A8870020A8870020B0870020B0870020CE
:10FEE800B8870020B8870020C0870020C08700207E
:10FEF800C8870020C8870020D0870020D08700202E
:10FF0800D8870020D8870020E0870020E0870020DD
:10FF1800E8870020E8870020F0870020F08700208D
:10FF2800F8870020F887002000880020008800203B
:10FF380008880020088800201088002010880020E9
:10FF48001888002018880020208800202088002099
:10FF58002888002028880020308800203088002049
:10FF680038880020388800204088002040880020F9
:10FF780048880020488800205088002050880020A9
:10FF88005888002058880020608800206088002059
:10FF98006888002068880020708800207088002009
:10FFA80078880020788800208088002080880020B9
:10FFB8008888002088880020908800209088002069
:10FFC8009888002098880020A0880020A088002019
:10FFD800A8880020A8880020B0880020B0880020C9
:10FFE800B8880020B8880020C0880020C088002079
:08FFF800C8880020C888002021
:02000004600496
:10000000D0880020D0880020D8880020D888002000
:10001000E0880020E0880020E8880020E8880020B0
:10002000F0880020F0880020F8880020F888002060
:10003000008900200089002008890020088900200C
:1000400010890020108900201889002018890020BC
:10005000208900202089002028890020288900206C
:10006000308900203089002038890020388900201C
:1000700040890020408900204889002048890020CC
:10008000508900205089002058890020588900207C
:10009000608900206089002068890020688900202C
:1000A00070890020708900207889002078890020DC
:1000B000808900208089002088890020888900208C
:1000C000908900209089002098890020988900203C
:1000D000A0890020A0890020A8890020A8890020EC
:1000E000B0890020B0890020B8890020B88900209C
:1000F000C0890020C0890020C8890020C88900204C
:10010000D0890020D0890020D8890020D8890020FB
:10011000E0890020E0890020E8890020E8890020AB
:10012000F0890020F0890020F8890020F88900205B
:10013000008A0020008A0020088A0020088A002007
:10014000108A0020108A0020188A0020188A0020B7
:10015000208A0020208A0020288A0020288A002067
:10016000308A0020308A0020388A0020388A002017
:10017000408A0020408A0020488A0020488A0020C7
:10018000508A0020508A002000000000D4C50020C2
:100190003CC60020A4C600200000000000000000B3
:1001A000000000000000000000000000000000004F
:1001B000000000000000000000000000000000003F
:1001C000000000000000000000000000000000002F
:1001D000000000000000000000000000000000001F
:1001E000000000000000000000000000000000000F
:1001F00000000000000000000000000000000000FF
:1002000000000000000000000000000000000000EE
:1002100000000000000000000000000000000000DE
:1002200001000000000000000E33CDAB34126DE67B
:10023000ECDE05000B0000000000000000000000E4
:1002400000000000000000000000000000000000AE
:10025000000000000000000000000000000000009E
:10026000000000000000000000000000000000008E
:10027000000000000000000000000000000000007E
:10028000000000000000000000000000000000006E
:10029000000000000000000000000000000000005E
:1002A000000000000000000000000000000000004E
:1002B000000000000000000000000000000000003E
:1002C000000000000000000000000000000000002E
:1002D000000000000000000000000000000000001E
:1002E000000000000000000000000000000000000E
:1002F00000000000000000000000000000000000FE
:1003000000000000000000000000000000000000ED
:1003100000000000000000000000000000000000DD
:1003200000000000000000000000000000000000CD
:1003300000000000000000000000000000000000BD
:1003400000000000000000000000000000000000AD
:10035000000000000000000000000000000000009D
:10036000000000000000000000000000000000008D
:10037000000000000000000000000000000000007D
:10038000000000000000000000000000000000006D
:10039000E803000000000000000000000000000072
:1003A000000000000000000000000000000000004D
:1003B000000000000000000000000000000000003D
:1003C000000000000000000000000000000000002D
:1003D000E803000000000000000000000000000032
:1003E000000000000000000000000000000000000D
:1003F00000000000000000000000000000000000FD
:1004000000000000000000000000000000000000EC
:10041000E8030000000000000000000000000000F1
:1004200000000000000000000000000000000000CC
:1004300000000000000000000000000000000000BC
:1004400000000000000000000000000000000000AC
:10045000E8030000000000000000000000000000B1
:10046000000000000000000000000000000000008C
:10047000000000000000000000000000000000007C
:10048000000000000000000000000000000000006C
:10049000E803000000000000000000000000000071
:1004A000000000000000000000000000000000004C
:1004B000000000000000000000000000000000003C
:1004C00000000000000000000029DE07007B9A17F2
:1004D00000003A40B4EA00600000000000000000A4
:1004E000000000000000000000000000000000000C
:1004F00000000000000000000000000000000000FC
:1005000000000000000000000000000000000000EB
:1005100000000000000000000000000000000000DB
:1005200000C0394044EA0060000000000000000004
:1005300000000000000000000000000000000000BB
:1005400000000000000000000000000000000000AB
:10055000000000000000000000000000000000009B
:10056000000000000000000000000000000000008B
:100570004C24002000000000E80300000000000000
:100580000000803FFFFFFFFF2C010000FFFFFFFF87
:1005900000000000E80300000000003F0000000031
:1005A000000000000000000000000000000000004B
:1005B0000000803F0000000000000000000000007C
:1005C0003333B33E3333333FFFFFFFFF01000000FF
:1005D000D023002000000000000000000000000008
:1005E000000000000000000000000000000000000B
:1005F000FFFFFFFF94C50020803020200000000096
:1006000043000000000000000000000000000000A7
:1006100000000000000000000000000000000000DA
:100620004300000000000000000000000000000087
:1006300000000000000000000000000000000000BA
:100640004300000000000000000000000000000067
:10065000000000000000000000000000000000009A
:100660004300000000000000000000000000000047
:10067000000000000000000000000000000000007A
:100680004300000000000000000000000000000027
:10069000000000000000000000000000000000005A
:1006A0004300000000000000000000000000000007
:1006B000000000000000000000000000000000003A
:1006C00043000000000000000000000000000000E7
:1006D000000000000000000000000000000000001A
:1006E00043000000000000000000000000000000C7
:1006F00000000000000000000000000000000000FA
:1007000000000000000000000000000000000000E9
:1007100000000000000000000000000000000000D9
:1007200000000000000000000000000000000000C9
:1007300000000000000000000000000000000000B9
:1007400000000000000000000000000000000000A9
:100750000000000000000000000000000000000099
:100760000000000000000000000000000000000089
:100770000000000000000000000000000000000079
:100780000000000000000000000000000000000069
:100790000000000000000000000000000000000059
:1007A0000000000000000000000000000000000049
:1007B0000000000000000000000000000000000039
:1007C0000000000000000000B53C0200A13402005F
:1007D00000000000E8800020F01300209C120020A0
:1007E0009C1200209C1200209C1200209C120020D1
:1007F0009C1200209C1200209C1200209C120020C1
:10080000FFFFFFFFFFFFFFFFFFFFFFFFFFFF0000F6
:10081000010041534349490000000000000000006E
:1008200000000000000000000000000000000000C8
:10083000000041534349490000000000000000004F
:1008400000000000000000000000000000000000A8
:1008500000000000FFFFFFFF00000200000000009A
:1008600003000000D4C50020608A002007000000BB
:1008700066000000330000000100000001000000DD
:100880000100000001000000010000000100000064
:100890000100000001000000010000000100000054
:1008A0000100000001000000010000000100000044
:1008B0000100000012010002EF020140C016830493
:1008C000800201020301000000000000800000001F
:1008D00028000000000104000100000000000000EA
:1008E000020157494E55534200000000000000002D
:1008F000000000000000000012034D0053004600FD
:100900005400310030003000F800000008070000FB
:10091000010000004E65772031000000000000005B
:1009200000000000000000000000000000000000C7
:1009300000000000000000000000000000000000B7
:1009400000000000000000000000000000000000A7
:100950000000000000000000000000000000000097
:10096000004E65772032000000000000000000000B
:100970000000000000000000000000000000000077
:100980000000000000000000000000000000000067
:100990000000000000000000000000000000000057
:1009A00000000000000000000000000000004E6594
:1009B000772033000000000000000000000000006D
:1009C0000000000000000000000000000000000027
:1009D0000000000000000000000000000000000017
:1009E0000000000000000000000000000000000007
:1009F0000000000000000000000000000000E145D1
:100A00000000E145010000000C03000000000000B0
:100A100000000000000000000000000000000000D6
:100A20004100000082000000E807000029000000EB
:100A300000000000000000000000000000000000B6
:100A400000000000000000000000000000000000A6
:100A50000000000000000000000000000000000096
:100A60000000000000000000000000000000000086
:100A70000000000000000000000000000000000076
:100A80000000000000000000000000000000000066
:100A90000000000000000000000000000000000056
:100AA0000000000000000000000000000000000046
:100AB0000000000000000000000000000000000036
:100AC0000000000000000000000000000000000026
:100AD0000000000000000000000000000000000016
:100AE0000000000000000000000000000000000006
:100AF00000000000000000000000000000000000F6
:100B000000000000000000000000000000000000E5
:100B100000000000000000000000000000000000D5
:100B200000000000000000000000000000000000C5
:100B300000000000000000000000000000000000B5
:100B400000000000000000000000000000000000A5
:100B50000000000000000000000000000000000095
:100B60000000000000000000000000000000000085
:100B70000000000000000000000000000000000075
:100B80000000000000000000000000000000000065
:100B90000000000000000000000000000000000055
:100BA0000000000000000000000000000000000045
:100BB0000000000000000000000000000000000035
:100BC0000000000000000000000000000000000025
:100BD0000000000000000000000000000000000015
:100BE0000000000000000000000000000000000005
:100BF00000000000000000000000000000000000F5
:100C000000000000000000000000000000000000E4
:100C100000000000000000000000000000000000D4
:100C200000000000000000000000000000000000C4
:100C300000000000000000000000000000000000B4
:100C400000000000000000000000000000000000A4
:100C50000000000000000000000000000000000094
:100C60000000000000000000000000000000000084
:100C70000000000000000000000000000000000074
:100C80000000000000000000000000000000000064
:100C90000000000000000000000000000000000054
:100CA0000000000000000000000000000000000044
:100CB0000000000000000000000000000000000034
:100CC0000000000000000000000000000000000024
:100CD0000000000000000000000000000000000014
:100CE0000000000000000000000000000000000004
:100CF00000000000000000000000000000000000F4
:100D000000000000000000000000000000000000E3
:100D100000000000000000000000000000000000D3
:100D200000000000000000000000000000000000C3
:100D300000000000000000000000000000000000B3
:100D400000000000000000000000000000000000A3
:100D50000000000000000000000000000000000093
:100D60000000000000000000000000000000000083
:100D70000000000000000000000000000000000073
:100D80000000000000000000000000000000000063
:100D90000000000000000000000000000000000053
:100DA0000000000000000000000000000000000043
:100DB0000000000000000000000000000000000033
:100DC0000000000000000000000000000000000023
:100DD0000000000000000000000000000000000013
:080DE00000000000000000000B
:100DE800FFFFFFFFFFFFFFFFFFFFFFFFFFFFFFFF0B
:100DF800FFFFFFFFFFFFFFFFFFFFFFFFFFFFFFFFFB
:100E0800FFFFFFFFFFFFFFFFFFFFFFFFFFFFFFFFEA
:100E1800FFFFFFFFFFFFFFFFFFFFFFFFFFFFFFFFDA
:100E2800FFFFFFFFFFFFFFFFFFFFFFFFFFFFFFFFCA
:100E3800FFFFFFFFFFFFFFFFFFFFFFFFFFFFFFFFBA
:100E4800FFFFFFFFFFFFFFFFFFFFFFFFFFFFFFFFAA
:100E5800FFFFFFFFFFFFFFFFFFFFFFFFFFFFFFFF9A
:100E6800FFFFFFFFFFFFFFFFFFFFFFFFFFFFFFFF8A
:100E7800FFFFFFFFFFFFFFFFFFFFFFFFFFFFFFFF7A
:100E8800FFFFFFFFFFFFFFFFFFFFFFFFFFFFFFFF6A
:100E9800FFFFFFFFFFFFFFFFFFFFFFFFFFFFFFFF5A
:100EA800FFFFFFFFFFFFFFFFFFFFFFFFFFFFFFFF4A
:100EB800FFFFFFFFFFFFFFFFFFFFFFFFFFFFFFFF3A
:100EC800FFFFFFFFFFFFFFFFFFFFFFFFFFFFFFFF2A
:100ED800FFFFFFFFFFFFFFFFFFFFFFFFFFFFFFFF1A
:100EE800FFFFFFFFFFFFFFFFFFFFFFFFFFFFFFFF0A
:100EF800FFFFFFFFFFFFFFFFFFFFFFFFFFFFFFFFFA
:100F0800FFFFFFFFFFFFFFFFFFFFFFFFFFFFFFFFE9
:100F1800FFFFFFFFFFFFFFFFFFFFFFFFFFFFFFFFD9
:100F2800FFFFFFFFFFFFFFFFFFFFFFFFFFFFFFFFC9
:100F3800FFFFFFFFFFFFFFFFFFFFFFFFFFFFFFFFB9
:100F4800FFFFFFFFFFFFFFFFFFFFFFFFFFFFFFFFA9
:100F5800FFFFFFFFFFFFFFFFFFFFFFFFFFFFFFFF99
:100F6800FFFFFFFFFFFFFFFFFFFFFFFFFFFFFFFF89
:100F7800FFFFFFFFFFFFFFFFFFFFFFFFFFFFFFFF79
:100F8800FFFFFFFFFFFFFFFFFFFFFFFFFFFFFFFF69
:100F9800FFFFFFFFFFFFFFFFFFFFFFFFFFFFFFFF59
:100FA800FFFFFFFFFFFFFFFFFFFFFFFFFFFFFFFF49
:100FB800FFFFFFFFFFFFFFFFFFFFFFFFFFFFFFFF39
:100FC800FFFFFFFFFFFFFFFFFFFFFFFFFFFFFFFF29
:100FD800FFFFFFFFFFFFFFFFFFFFFFFFFFFFFFFF19
:100FE800FFFFFFFFFFFFFFFFFFFFFFFFFFFFFFFF09
:100FF800FFFFFFFFFFFFFFFF0000000000000000F1
:1010080000000000000000000000000000000000D8
:1010180000000000000000000000000000000000C8
:1010280000000000000000000000000000000000B8
:1010380000000000000000000000000000000000A8
:101048000000000000000000000000000000000098
:101058000000000000000000000000000000000088
:101068000000000000000000000000000000000078
:101078000000000000000000000000000000000068
:101088000000000000000000000000000000000058
:101098000000000000000000000000000000000048
:1010A8000000000000000000000000000000000038
:1010B8000000000000000000000000000000000028
:1010C8000000000000000000000000000000000018
:1010D8000000000000000000000000000000000008
:1010E80000000000000000000000000000000000F8
:1010F80000000000000000000000000000000000E8
:1011080000000000000000000000000000000000D7
:1011180000000000000000000000000000000000C7
:1011280000000000000000000000000000000000B7
:1011380000000000000000000000000000000000A7
:101148000000000000000000000000000000000097
:101158000000000000000000000000000000000087
:101168000000000000000000000000000000000077
:101178000000000000000000000000000000000067
:101188000000000000000000000000000000000057
:101198000000000000000000000000000000000047
:1011A8000000000000000000000000000000000037
:1011B8000000000000000000000000000000000027
:1011C8000000000000000000000000000000000017
:1011D8000000000000000000000000000000000007
:1011E80000000000000000000000000000000000F7
:1011F80000000000000000000000000000000000E7
:1012080000000000000000000000000000000000D6
:1012180000000000000000000000000000000000C6
:1012280000000000000000000000000000000000B6
:1012380000000000000000000000000000000000A6
:101248000000000000000000000000000000000096
:101258000000000000000000000000000000000086
:101268000000000000000000000000000000000076
:101278000000000000000000000000000000000066
:101288000000000000000000000000000000000056
:101298000000000000000000000000000000000046
:1012A8000000000000000000000000000000000036
:1012B8000000000000000000000000000000000026
:1012C8000000000000000000000000000000000016
:1012D8000000000000000000000000000000000006
:1012E80000000000000000000000000000000000F6
:1012F80000000000000000000000000000000000E6
:1013080000000000000000000000000000000000D5
:1013180000000000000000000000000000000000C5
:1013280000000000000000000000000000000000B5
:1013380000000000000000000000000000000000A5
:101348000000000000000000000000000000000095
:101358000000000000000000000000000000000085
:101368000000000000000000000000000000000075
:101378000000000000000000000000000000000065
:101388000000000000000000000000000000000055
:101398000000000000000000000000000000000045
:1013A8000000000000000000000000000000000035
:1013B8000000000000000000000000000000000025
:1013C8000000000000000000000000000000000015
:1013D8000000000000000000000000000000000005
:1013E80000000000000000000000000000000000F5
:1013F80000000000000000000000000000000000E5
:1014080000000000000000000000000000000000D4
:1014180000000000000000000000000000000000C4
:1014280000000000000000000000000000000000B4
:1014380000000000000000000000000000000000A4
:101448000000000000000000000000000000000094
:101458000000000000000000000000000000000084
:101468000000000000000000000000000000000074
:101478000000000000000000000000000000000064
:101488000000000000000000000000000000000054
:101498000000000000000000000000000000000044
:1014A8000000000000000000000000000000000034
:1014B8000000000000000000000000000000000024
:1014C8000000000000000000000000000000000014
:1014D8000000000000000000000000000000000004
:1014E80000000000000000000000000000000000F4
:1014F80000000000000000000000000000000000E4
:1015080000000000000000000000000000000000D3
:1015180000000000000000000000000000000000C3
:1015280000000000000000000000000000000000B3
:1015380000000000000000000000000000000000A3
:101548000000000000000000000000000000000093
:101558000000000000000000000000000000000083
:101568000000000000000000000000000000000073
:101578000000000000000000000000000000000063
:101588000000000000000000000000000000000053
:101598000000000000000000000000000000000043
:1015A8000000000000000000000000000000000033
:1015B8000000000000000000000000000000000023
:1015C8000000000000000000000000000000000013
:1015D8000000000000000000000000000000000003
:1015E80000000000000000000000000000000000F3
:1015F80000000000000000000000000000000000E3
:1016080000000000000000000000000000000000D2
:1016180000000000000000000000000000000000C2
:1016280000000000000000000000000000000000B2
:1016380000000000000000000000000000000000A2
:101648000000000000000000000000000000000092
:101658000000000000000000000000000000000082
:101668000000000000000000000000000000000072
:101678000000000000000000000000000000000062
:101688000000000000000000000000000000000052
:101698000000000000000000000000000000000042
:1016A8000000000000000000000000000000000032
:1016B8000000000000000000000000000000000022
:1016C8000000000000000000000000000000000012
:1016D8000000000000000000000000000000000002
:1016E80000000000000000000000000000000000F2
:1016F80000000000000000000000000000000000E2
:1017080000000000000000000000000000000000D1
:1017180000000000000000000000000000000000C1
:1017280000000000000000000000000000000000B1
:1017380000000000000000000000000000000000A1
:101748000000000000000000000000000000000091
:101758000000000000000000000000000000000081
:101768000000000000000000000000000000000071
:101778000000000000000000000000000000000061
:101788000000000000000000000000000000000051
:101798000000000000000000000000000000000041
:1017A8000000000000000000000000000000000031
:1017B8000000000000000000000000000000000021
:1017C8000000000000000000000000000000000011
:1017D8000000000000000000000000000000000001
:1017E80000000000000000000000000000000000F1
:1017F80000000000000000000000000000000000E1
:1018080000000000000000000000000000000000D0
:1018180000000000000000000000000000000000C0
:1018280000000000000000000000000000000000B0
:1018380000000000000000000000000000000000A0
:101848000000000000000000000000000000000090
:101858000000000000000000000000000000000080
:101868000000000000000000000000000000000070
:101878000000000000000000000000000000000060
:101888000000000000000000000000000000000050
:101898000000000000000000000000000000000040
:1018A8000000000000000000000000000000000030
:1018B8000000000000000000000000000000000020
:1018C8000000000000000000000000000000000010
:1018D8000000000000000000000000000000000000
:1018E80000000000000000000000000000000000F0
:1018F80000000000000000000000000000000000E0
:1019080000000000000000000000000000000000CF
:1019180000000000000000000000000000000000BF
:1019280000000000000000000000000000000000AF
:10193800000000000000000000000000000000009F
:10194800000000000000000000000000000000008F
:10195800000000000000000000000000000000007F
:10196800000000000000000000000000000000006F
:10197800000000000000000000000000000000005F
:10198800000000000000000000000000000000004F
:10199800000000000000000000000000000000003F
:1019A800000000000000000000000000000000002F
:1019B800000000000000000000000000000000001F
:1019C800000000000000000000000000000000000F
:1019D80000000000000000000000000000000000FF
:1019E80000000000000000000000000000000000EF
:1019F80000000000000000000000000000000000DF
:101A080000000000000000000000000000000000CE
:101A180000000000000000000000000000000000BE
:101A280000000000000000000000000000000000AE
:101A3800000000000000000000000000000000009E
:101A4800000000000000000000000000000000008E
:101A5800000000000000000000000000000000007E
:101A6800000000000000000000000000000000006E
:101A7800000000000000000000000000000000005E
:101A8800000000000000000000000000000000004E
:101A9800000000000000000000000000000000003E
:101AA800000000000000000000000000000000002E
:101AB800000000000000000000000000000000001E
:101AC800000000000000000000000000000000000E
:101AD80000000000000000000000000000000000FE
:101AE80000000000000000000000000000000000EE
:101AF80000000000000000000000000000000000DE
:101B080000000000000000000000000000000000CD
:101B180000000000000000000000000000000000BD
:101B280000000000000000000000000000000000AD
:101B3800000000000000000000000000000000009D
:101B4800000000000000000000000000000000008D
:101B5800000000000000000000000000000000007D
:101B6800000000000000000000000000000000006D
:101B7800000000000000000000000000000000005D
:101B8800000000000000000000000000000000004D
:101B9800000000000000000000000000000000003D
:101BA800000000000000000000000000000000002D
:101BB800000000000000000000000000000000001D
:101BC800000000000000000000000000000000000D
:101BD80000000000000000000000000000000000FD
:101BE80000000000000000000000000000000000ED
:081BF8000000000000000000E5
:040000056000100087
:00000001FF
