:0200000460009A
:100000004643464200000156000000000101020084
:1000100000000000000000000000000000000000E0
:1000200000000000000000000000000000000000D0
:1000300000000000000000000000000000000000C0
:1000400000000000010406010000000000000000A4
:100050000000800000000000000000000000000020
:100060000000000000000000000000000000000090
:100070000000000000000000000000000000000080
:10008000EB04180AFF1E04320126000000000000E5
:100090000000000000000000000000000000000060
:1000A0000000000000000000000000000000000050
:1000B0000000000000000000000000000000000040
:1000C0000000000000000000000000000000000030
:1000D0000000000000000000000000000000000020
:1000E0000000000000000000000000000000000010
:1000F0000000000000000000000000000000000000
:1001000000000000000000000000000000000000EF
:1001100000000000000000000000000000000000DF
:1001200000000000000000000000000000000000CF
:1001300000000000000000000000000000000000BF
:1001400000000000000000000000000000000000AF
:10015000000000000000000000000000000000009F
:10016000000000000000000000000000000000008F
:10017000000000000000000000000000000000007F
:10018000000000000000000000000000000000006F
:10019000000000000000000000000000000000005F
:1001A000000000000000000000000000000000004F
:1001B000000000000000000000000000000000003F
:1001C000000100000010000001000000000000001D
:1001D000000001000000000000000000000000001E
:1001E000000000000000000000000000000000000F
:1001F00000000000000000000000000000000000FF
:10020000FFFFFFFFFFFFFFFFFFFFFFFFFFFFFFFFFE
:10021000FFFFFFFFFFFFFFFFFFFFFFFFFFFFFFFFEE
:10022000FFFFFFFFFFFFFFFFFFFFFFFFFFFFFFFFDE
:10023000FFFFFFFFFFFFFFFFFFFFFFFFFFFFFFFFCE
:10024000FFFFFFFFFFFFFFFFFFFFFFFFFFFFFFFFBE
:10025000FFFFFFFFFFFFFFFFFFFFFFFFFFFFFFFFAE
:10026000FFFFFFFFFFFFFFFFFFFFFFFFFFFFFFFF9E
:10027000FFFFFFFFFFFFFFFFFFFFFFFFFFFFFFFF8E
:10028000FFFFFFFFFFFFFFFFFFFFFFFFFFFFFFFF7E
:10029000FFFFFFFFFFFFFFFFFFFFFFFFFFFFFFFF6E
:1002A000FFFFFFFFFFFFFFFFFFFFFFFFFFFFFFFF5E
:1002B000FFFFFFFFFFFFFFFFFFFFFFFFFFFFFFFF4E
:1002C000FFFFFFFFFFFFFFFFFFFFFFFFFFFFFFFF3E
:1002D000FFFFFFFFFFFFFFFFFFFFFFFFFFFFFFFF2E
:1002E000FFFFFFFFFFFFFFFFFFFFFFFFFFFFFFFF1E
:1002F000FFFFFFFFFFFFFFFFFFFFFFFFFFFFFFFF0E
:10030000FFFFFFFFFFFFFFFFFFFFFFFFFFFFFFFFFD
:10031000FFFFFFFFFFFFFFFFFFFFFFFFFFFFFFFFED
:10032000FFFFFFFFFFFFFFFFFFFFFFFFFFFFFFFFDD
:10033000FFFFFFFFFFFFFFFFFFFFFFFFFFFFFFFFCD
:10034000FFFFFFFFFFFFFFFFFFFFFFFFFFFFFFFFBD
:10035000FFFFFFFFFFFFFFFFFFFFFFFFFFFFFFFFAD
:10036000FFFFFFFFFFFFFFFFFFFFFFFFFFFFFFFF9D
:10037000FFFFFFFFFFFFFFFFFFFFFFFFFFFFFFFF8D
:10038000FFFFFFFFFFFFFFFFFFFFFFFFFFFFFFFF7D
:10039000FFFFFFFFFFFFFFFFFFFFFFFFFFFFFFFF6D
:1003A000FFFFFFFFFFFFFFFFFFFFFFFFFFFFFFFF5D
:1003B000FFFFFFFFFFFFFFFFFFFFFFFFFFFFFFFF4D
:1003C000FFFFFFFFFFFFFFFFFFFFFFFFFFFFFFFF3D
:1003D000FFFFFFFFFFFFFFFFFFFFFFFFFFFFFFFF2D
:1003E000FFFFFFFFFFFFFFFFFFFFFFFFFFFFFFFF1D
:1003F000FFFFFFFFFFFFFFFFFFFFFFFFFFFFFFFF0D
:10040000FFFFFFFFFFFFFFFFFFFFFFFFFFFFFFFFFC
:10041000FFFFFFFFFFFFFFFFFFFFFFFFFFFFFFFFEC
:10042000FFFFFFFFFFFFFFFFFFFFFFFFFFFFFFFFDC
:10043000FFFFFFFFFFFFFFFFFFFFFFFFFFFFFFFFCC
:10044000FFFFFFFFFFFFFFFFFFFFFFFFFFFFFFFFBC
:10045000FFFFFFFFFFFFFFFFFFFFFFFFFFFFFFFFAC
:10046000FFFFFFFFFFFFFFFFFFFFFFFFFFFFFFFF9C
:10047000FFFFFFFFFFFFFFFFFFFFFFFFFFFFFFFF8C
:10048000FFFFFFFFFFFFFFFFFFFFFFFFFFFFFFFF7C
:10049000FFFFFFFFFFFFFFFFFFFFFFFFFFFFFFFF6C
:1004A000FFFFFFFFFFFFFFFFFFFFFFFFFFFFFFFF5C
:1004B000FFFFFFFFFFFFFFFFFFFFFFFFFFFFFFFF4C
:1004C000FFFFFFFFFFFFFFFFFFFFFFFFFFFFFFFF3C
:1004D000FFFFFFFFFFFFFFFFFFFFFFFFFFFFFFFF2C
:1004E000FFFFFFFFFFFFFFFFFFFFFFFFFFFFFFFF1C
:1004F000FFFFFFFFFFFFFFFFFFFFFFFFFFFFFFFF0C
:10050000FFFFFFFFFFFFFFFFFFFFFFFFFFFFFFFFFB
:10051000FFFFFFFFFFFFFFFFFFFFFFFFFFFFFFFFEB
:10052000FFFFFFFFFFFFFFFFFFFFFFFFFFFFFFFFDB
:10053000FFFFFFFFFFFFFFFFFFFFFFFFFFFFFFFFCB
:10054000FFFFFFFFFFFFFFFFFFFFFFFFFFFFFFFFBB
:10055000FFFFFFFFFFFFFFFFFFFFFFFFFFFFFFFFAB
:10056000FFFFFFFFFFFFFFFFFFFFFFFFFFFFFFFF9B
:10057000FFFFFFFFFFFFFFFFFFFFFFFFFFFFFFFF8B
:10058000FFFFFFFFFFFFFFFFFFFFFFFFFFFFFFFF7B
:10059000FFFFFFFFFFFFFFFFFFFFFFFFFFFFFFFF6B
:1005A000FFFFFFFFFFFFFFFFFFFFFFFFFFFFFFFF5B
:1005B000FFFFFFFFFFFFFFFFFFFFFFFFFFFFFFFF4B
:1005C000FFFFFFFFFFFFFFFFFFFFFFFFFFFFFFFF3B
:1005D000FFFFFFFFFFFFFFFFFFFFFFFFFFFFFFFF2B
:1005E000FFFFFFFFFFFFFFFFFFFFFFFFFFFFFFFF1B
:1005F000FFFFFFFFFFFFFFFFFFFFFFFFFFFFFFFF0B
:10060000FFFFFFFFFFFFFFFFFFFFFFFFFFFFFFFFFA
:10061000FFFFFFFFFFFFFFFFFFFFFFFFFFFFFFFFEA
:10062000FFFFFFFFFFFFFFFFFFFFFFFFFFFFFFFFDA
:10063000FFFFFFFFFFFFFFFFFFFFFFFFFFFFFFFFCA
:10064000FFFFFFFFFFFFFFFFFFFFFFFFFFFFFFFFBA
:10065000FFFFFFFFFFFFFFFFFFFFFFFFFFFFFFFFAA
:10066000FFFFFFFFFFFFFFFFFFFFFFFFFFFFFFFF9A
:10067000FFFFFFFFFFFFFFFFFFFFFFFFFFFFFFFF8A
:10068000FFFFFFFFFFFFFFFFFFFFFFFFFFFFFFFF7A
:10069000FFFFFFFFFFFFFFFFFFFFFFFFFFFFFFFF6A
:1006A000FFFFFFFFFFFFFFFFFFFFFFFFFFFFFFFF5A
:1006B000FFFFFFFFFFFFFFFFFFFFFFFFFFFFFFFF4A
:1006C000FFFFFFFFFFFFFFFFFFFFFFFFFFFFFFFF3A
:1006D000FFFFFFFFFFFFFFFFFFFFFFFFFFFFFFFF2A
:1006E000FFFFFFFFFFFFFFFFFFFFFFFFFFFFFFFF1A
:1006F000FFFFFFFFFFFFFFFFFFFFFFFFFFFFFFFF0A
:10070000FFFFFFFFFFFFFFFFFFFFFFFFFFFFFFFFF9
:10071000FFFFFFFFFFFFFFFFFFFFFFFFFFFFFFFFE9
:10072000FFFFFFFFFFFFFFFFFFFFFFFFFFFFFFFFD9
:10073000FFFFFFFFFFFFFFFFFFFFFFFFFFFFFFFFC9
:10074000FFFFFFFFFFFFFFFFFFFFFFFFFFFFFFFFB9
:10075000FFFFFFFFFFFFFFFFFFFFFFFFFFFFFFFFA9
:10076000FFFFFFFFFFFFFFFFFFFFFFFFFFFFFFFF99
:10077000FFFFFFFFFFFFFFFFFFFFFFFFFFFFFFFF89
:10078000FFFFFFFFFFFFFFFFFFFFFFFFFFFFFFFF79
:10079000FFFFFFFFFFFFFFFFFFFFFFFFFFFFFFFF69
:1007A000FFFFFFFFFFFFFFFFFFFFFFFFFFFFFFFF59
:1007B000FFFFFFFFFFFFFFFFFFFFFFFFFFFFFFFF49
:1007C000FFFFFFFFFFFFFFFFFFFFFFFFFFFFFFFF39
:1007D000FFFFFFFFFFFFFFFFFFFFFFFFFFFFFFFF29
:1007E000FFFFFFFFFFFFFFFFFFFFFFFFFFFFFFFF19
:1007F000FFFFFFFFFFFFFFFFFFFFFFFFFFFFFFFF09
:10080000FFFFFFFFFFFFFFFFFFFFFFFFFFFFFFFFF8
:10081000FFFFFFFFFFFFFFFFFFFFFFFFFFFFFFFFE8
:10082000FFFFFFFFFFFFFFFFFFFFFFFFFFFFFFFFD8
:10083000FFFFFFFFFFFFFFFFFFFFFFFFFFFFFFFFC8
:10084000FFFFFFFFFFFFFFFFFFFFFFFFFFFFFFFFB8
:10085000FFFFFFFFFFFFFFFFFFFFFFFFFFFFFFFFA8
:10086000FFFFFFFFFFFFFFFFFFFFFFFFFFFFFFFF98
:10087000FFFFFFFFFFFFFFFFFFFFFFFFFFFFFFFF88
:10088000FFFFFFFFFFFFFFFFFFFFFFFFFFFFFFFF78
:10089000FFFFFFFFFFFFFFFFFFFFFFFFFFFFFFFF68
:1008A000FFFFFFFFFFFFFFFFFFFFFFFFFFFFFFFF58
:1008B000FFFFFFFFFFFFFFFFFFFFFFFFFFFFFFFF48
:1008C000FFFFFFFFFFFFFFFFFFFFFFFFFFFFFFFF38
:1008D000FFFFFFFFFFFFFFFFFFFFFFFFFFFFFFFF28
:1008E000FFFFFFFFFFFFFFFFFFFFFFFFFFFFFFFF18
:1008F000FFFFFFFFFFFFFFFFFFFFFFFFFFFFFFFF08
:10090000FFFFFFFFFFFFFFFFFFFFFFFFFFFFFFFFF7
:10091000FFFFFFFFFFFFFFFFFFFFFFFFFFFFFFFFE7
:10092000FFFFFFFFFFFFFFFFFFFFFFFFFFFFFFFFD7
:10093000FFFFFFFFFFFFFFFFFFFFFFFFFFFFFFFFC7
:10094000FFFFFFFFFFFFFFFFFFFFFFFFFFFFFFFFB7
:10095000FFFFFFFFFFFFFFFFFFFFFFFFFFFFFFFFA7
:10096000FFFFFFFFFFFFFFFFFFFFFFFFFFFFFFFF97
:10097000FFFFFFFFFFFFFFFFFFFFFFFFFFFFFFFF87
:10098000FFFFFFFFFFFFFFFFFFFFFFFFFFFFFFFF77
:10099000FFFFFFFFFFFFFFFFFFFFFFFFFFFFFFFF67
:1009A000FFFFFFFFFFFFFFFFFFFFFFFFFFFFFFFF57
:1009B000FFFFFFFFFFFFFFFFFFFFFFFFFFFFFFFF47
:1009C000FFFFFFFFFFFFFFFFFFFFFFFFFFFFFFFF37
:1009D000FFFFFFFFFFFFFFFFFFFFFFFFFFFFFFFF27
:1009E000FFFFFFFFFFFFFFFFFFFFFFFFFFFFFFFF17
:1009F000FFFFFFFFFFFFFFFFFFFFFFFFFFFFFFFF07
:100A0000FFFFFFFFFFFFFFFFFFFFFFFFFFFFFFFFF6
:100A1000FFFFFFFFFFFFFFFFFFFFFFFFFFFFFFFFE6
:100A2000FFFFFFFFFFFFFFFFFFFFFFFFFFFFFFFFD6
:100A3000FFFFFFFFFFFFFFFFFFFFFFFFFFFFFFFFC6
:100A4000FFFFFFFFFFFFFFFFFFFFFFFFFFFFFFFFB6
:100A5000FFFFFFFFFFFFFFFFFFFFFFFFFFFFFFFFA6
:100A6000FFFFFFFFFFFFFFFFFFFFFFFFFFFFFFFF96
:100A7000FFFFFFFFFFFFFFFFFFFFFFFFFFFFFFFF86
:100A8000FFFFFFFFFFFFFFFFFFFFFFFFFFFFFFFF76
:100A9000FFFFFFFFFFFFFFFFFFFFFFFFFFFFFFFF66
:100AA000FFFFFFFFFFFFFFFFFFFFFFFFFFFFFFFF56
:100AB000FFFFFFFFFFFFFFFFFFFFFFFFFFFFFFFF46
:100AC000FFFFFFFFFFFFFFFFFFFFFFFFFFFFFFFF36
:100AD000FFFFFFFFFFFFFFFFFFFFFFFFFFFFFFFF26
:100AE000FFFFFFFFFFFFFFFFFFFFFFFFFFFFFFFF16
:100AF000FFFFFFFFFFFFFFFFFFFFFFFFFFFFFFFF06
:100B0000FFFFFFFFFFFFFFFFFFFFFFFFFFFFFFFFF5
:100B1000FFFFFFFFFFFFFFFFFFFFFFFFFFFFFFFFE5
:100B2000FFFFFFFFFFFFFFFFFFFFFFFFFFFFFFFFD5
:100B3000FFFFFFFFFFFFFFFFFFFFFFFFFFFFFFFFC5
:100B4000FFFFFFFFFFFFFFFFFFFFFFFFFFFFFFFFB5
:100B5000FFFFFFFFFFFFFFFFFFFFFFFFFFFFFFFFA5
:100B6000FFFFFFFFFFFFFFFFFFFFFFFFFFFFFFFF95
:100B7000FFFFFFFFFFFFFFFFFFFFFFFFFFFFFFFF85
:100B8000FFFFFFFFFFFFFFFFFFFFFFFFFFFFFFFF75
:100B9000FFFFFFFFFFFFFFFFFFFFFFFFFFFFFFFF65
:100BA000FFFFFFFFFFFFFFFFFFFFFFFFFFFFFFFF55
:100BB000FFFFFFFFFFFFFFFFFFFFFFFFFFFFFFFF45
:100BC000FFFFFFFFFFFFFFFFFFFFFFFFFFFFFFFF35
:100BD000FFFFFFFFFFFFFFFFFFFFFFFFFFFFFFFF25
:100BE000FFFFFFFFFFFFFFFFFFFFFFFFFFFFFFFF15
:100BF000FFFFFFFFFFFFFFFFFFFFFFFFFFFFFFFF05
:100C0000FFFFFFFFFFFFFFFFFFFFFFFFFFFFFFFFF4
:100C1000FFFFFFFFFFFFFFFFFFFFFFFFFFFFFFFFE4
:100C2000FFFFFFFFFFFFFFFFFFFFFFFFFFFFFFFFD4
:100C3000FFFFFFFFFFFFFFFFFFFFFFFFFFFFFFFFC4
:100C4000FFFFFFFFFFFFFFFFFFFFFFFFFFFFFFFFB4
:100C5000FFFFFFFFFFFFFFFFFFFFFFFFFFFFFFFFA4
:100C6000FFFFFFFFFFFFFFFFFFFFFFFFFFFFFFFF94
:100C7000FFFFFFFFFFFFFFFFFFFFFFFFFFFFFFFF84
:100C8000FFFFFFFFFFFFFFFFFFFFFFFFFFFFFFFF74
:100C9000FFFFFFFFFFFFFFFFFFFFFFFFFFFFFFFF64
:100CA000FFFFFFFFFFFFFFFFFFFFFFFFFFFFFFFF54
:100CB000FFFFFFFFFFFFFFFFFFFFFFFFFFFFFFFF44
:100CC000FFFFFFFFFFFFFFFFFFFFFFFFFFFFFFFF34
:100CD000FFFFFFFFFFFFFFFFFFFFFFFFFFFFFFFF24
:100CE000FFFFFFFFFFFFFFFFFFFFFFFFFFFFFFFF14
:100CF000FFFFFFFFFFFFFFFFFFFFFFFFFFFFFFFF04
:100D0000FFFFFFFFFFFFFFFFFFFFFFFFFFFFFFFFF3
:100D1000FFFFFFFFFFFFFFFFFFFFFFFFFFFFFFFFE3
:100D2000FFFFFFFFFFFFFFFFFFFFFFFFFFFFFFFFD3
:100D3000FFFFFFFFFFFFFFFFFFFFFFFFFFFFFFFFC3
:100D4000FFFFFFFFFFFFFFFFFFFFFFFFFFFFFFFFB3
:100D5000FFFFFFFFFFFFFFFFFFFFFFFFFFFFFFFFA3
:100D6000FFFFFFFFFFFFFFFFFFFFFFFFFFFFFFFF93
:100D7000FFFFFFFFFFFFFFFFFFFFFFFFFFFFFFFF83
:100D8000FFFFFFFFFFFFFFFFFFFFFFFFFFFFFFFF73
:100D9000FFFFFFFFFFFFFFFFFFFFFFFFFFFFFFFF63
:100DA000FFFFFFFFFFFFFFFFFFFFFFFFFFFFFFFF53
:100DB000FFFFFFFFFFFFFFFFFFFFFFFFFFFFFFFF43
:100DC000FFFFFFFFFFFFFFFFFFFFFFFFFFFFFFFF33
:100DD000FFFFFFFFFFFFFFFFFFFFFFFFFFFFFFFF23
:100DE000FFFFFFFFFFFFFFFFFFFFFFFFFFFFFFFF13
:100DF000FFFFFFFFFFFFFFFFFFFFFFFFFFFFFFFF03
:100E0000FFFFFFFFFFFFFFFFFFFFFFFFFFFFFFFFF2
:100E1000FFFFFFFFFFFFFFFFFFFFFFFFFFFFFFFFE2
:100E2000FFFFFFFFFFFFFFFFFFFFFFFFFFFFFFFFD2
:100E3000FFFFFFFFFFFFFFFFFFFFFFFFFFFFFFFFC2
:100E4000FFFFFFFFFFFFFFFFFFFFFFFFFFFFFFFFB2
:100E5000FFFFFFFFFFFFFFFFFFFFFFFFFFFFFFFFA2
:100E6000FFFFFFFFFFFFFFFFFFFFFFFFFFFFFFFF92
:100E7000FFFFFFFFFFFFFFFFFFFFFFFFFFFFFFFF82
:100E8000FFFFFFFFFFFFFFFFFFFFFFFFFFFFFFFF72
:100E9000FFFFFFFFFFFFFFFFFFFFFFFFFFFFFFFF62
:100EA000FFFFFFFFFFFFFFFFFFFFFFFFFFFFFFFF52
:100EB000FFFFFFFFFFFFFFFFFFFFFFFFFFFFFFFF42
:100EC000FFFFFFFFFFFFFFFFFFFFFFFFFFFFFFFF32
:100ED000FFFFFFFFFFFFFFFFFFFFFFFFFFFFFFFF22
:100EE000FFFFFFFFFFFFFFFFFFFFFFFFFFFFFFFF12
:100EF000FFFFFFFFFFFFFFFFFFFFFFFFFFFFFFFF02
:100F0000FFFFFFFFFFFFFFFFFFFFFFFFFFFFFFFFF1
:100F1000FFFFFFFFFFFFFFFFFFFFFFFFFFFFFFFFE1
:100F2000FFFFFFFFFFFFFFFFFFFFFFFFFFFFFFFFD1
:100F3000FFFFFFFFFFFFFFFFFFFFFFFFFFFFFFFFC1
:100F4000FFFFFFFFFFFFFFFFFFFFFFFFFFFFFFFFB1
:100F5000FFFFFFFFFFFFFFFFFFFFFFFFFFFFFFFFA1
:100F6000FFFFFFFFFFFFFFFFFFFFFFFFFFFFFFFF91
:100F7000FFFFFFFFFFFFFFFFFFFFFFFFFFFFFFFF81
:100F8000FFFFFFFFFFFFFFFFFFFFFFFFFFFFFFFF71
:100F9000FFFFFFFFFFFFFFFFFFFFFFFFFFFFFFFF61
:100FA000FFFFFFFFFFFFFFFFFFFFFFFFFFFFFFFF51
:100FB000FFFFFFFFFFFFFFFFFFFFFFFFFFFFFFFF41
:100FC000FFFFFFFFFFFFFFFFFFFFFFFFFFFFFFFF31
:100FD000FFFFFFFFFFFFFFFFFFFFFFFFFFFFFFFF21
:100FE000FFFFFFFFFFFFFFFFFFFFFFFFFFFFFFFF11
:100FF000FFFFFFFFFFFFFFFFFFFFFFFFFFFFFFFF01
:10100000D1002043F1150060000000000000000046
:101010002010006000100060001404600000000058
:10102000000000600020040000000000FFFFFFFF40
:10103000FFFFFFFFFFFFFFFFFFFFFFFFFFFFFFFFC0
:10104000FFFFFFFFFFFFFFFFFFFFFFFFFFFFFFFFB0
:10105000FFFFFFFFFFFFFFFFFFFFFFFFFFFFFFFFA0
:10106000FFFFFFFFFFFFFFFFFFFFFFFFFFFFFFFF90
:10107000FFFFFFFFFFFFFFFFFFFFFFFFFFFFFFFF80
:10108000FFFFFFFFFFFFFFFFFFFFFFFFFFFFFFFF70
:10109000FFFFFFFFFFFFFFFFFFFFFFFFFFFFFFFF60
:1010A000FFFFFFFFFFFFFFFFFFFFFFFFFFFFFFFF50
:1010B000FFFFFFFFFFFFFFFFFFFFFFFFFFFFFFFF40
:1010C000FFFFFFFFFFFFFFFFFFFFFFFFFFFFFFFF30
:1010D000FFFFFFFFFFFFFFFFFFFFFFFFFFFFFFFF20
:1010E000FFFFFFFFFFFFFFFFFFFFFFFFFFFFFFFF10
:1010F000FFFFFFFFFFFFFFFFFFFFFFFFFFFFFFFF00
:10110000FFFFFFFFFFFFFFFFFFFFFFFFFFFFFFFFEF
:10111000FFFFFFFFFFFFFFFFFFFFFFFFFFFFFFFFDF
:10112000FFFFFFFFFFFFFFFFFFFFFFFFFFFFFFFFCF
:10113000FFFFFFFFFFFFFFFFFFFFFFFFFFFFFFFFBF
:10114000FFFFFFFFFFFFFFFFFFFFFFFFFFFFFFFFAF
:10115000FFFFFFFFFFFFFFFFFFFFFFFFFFFFFFFF9F
:10116000FFFFFFFFFFFFFFFFFFFFFFFFFFFFFFFF8F
:10117000FFFFFFFFFFFFFFFFFFFFFFFFFFFFFFFF7F
:10118000FFFFFFFFFFFFFFFFFFFFFFFFFFFFFFFF6F
:10119000FFFFFFFFFFFFFFFFFFFFFFFFFFFFFFFF5F
:1011A000FFFFFFFFFFFFFFFFFFFFFFFFFFFFFFFF4F
:1011B000FFFFFFFFFFFFFFFFFFFFFFFFFFFFFFFF3F
:1011C000FFFFFFFFFFFFFFFFFFFFFFFFFFFFFFFF2F
:1011D000FFFFFFFFFFFFFFFFFFFFFFFFFFFFFFFF1F
:1011E000FFFFFFFFFFFFFFFFFFFFFFFFFFFFFFFF0F
:1011F000FFFFFFFFFFFFFFFFFFFFFFFFFFFFFFFFFF
:10120000FFFFFFFFFFFFFFFFFFFFFFFFFFFFFFFFEE
:10121000FFFFFFFFFFFFFFFFFFFFFFFFFFFFFFFFDE
:10122000FFFFFFFFFFFFFFFFFFFFFFFFFFFFFFFFCE
:10123000FFFFFFFFFFFFFFFFFFFFFFFFFFFFFFFFBE
:10124000FFFFFFFFFFFFFFFFFFFFFFFFFFFFFFFFAE
:10125000FFFFFFFFFFFFFFFFFFFFFFFFFFFFFFFF9E
:10126000FFFFFFFFFFFFFFFFFFFFFFFFFFFFFFFF8E
:10127000FFFFFFFFFFFFFFFFFFFFFFFFFFFFFFFF7E
:10128000FFFFFFFFFFFFFFFFFFFFFFFFFFFFFFFF6E
:10129000FFFFFFFFFFFFFFFFFFFFFFFFFFFFFFFF5E
:1012A000FFFFFFFFFFFFFFFFFFFFFFFFFFFFFFFF4E
:1012B000FFFFFFFFFFFFFFFFFFFFFFFFFFFFFFFF3E
:1012C000FFFFFFFFFFFFFFFFFFFFFFFFFFFFFFFF2E
:1012D000FFFFFFFFFFFFFFFFFFFFFFFFFFFFFFFF1E
:1012E000FFFFFFFFFFFFFFFFFFFFFFFFFFFFFFFF0E
:1012F000FFFFFFFFFFFFFFFFFFFFFFFFFFFFFFFFFE
:10130000FFFFFFFFFFFFFFFFFFFFFFFFFFFFFFFFED
:10131000FFFFFFFFFFFFFFFFFFFFFFFFFFFFFFFFDD
:10132000FFFFFFFFFFFFFFFFFFFFFFFFFFFFFFFFCD
:10133000FFFFFFFFFFFFFFFFFFFFFFFFFFFFFFFFBD
:10134000FFFFFFFFFFFFFFFFFFFFFFFFFFFFFFFFAD
:10135000FFFFFFFFFFFFFFFFFFFFFFFFFFFFFFFF9D
:10136000FFFFFFFFFFFFFFFFFFFFFFFFFFFFFFFF8D
:10137000FFFFFFFFFFFFFFFFFFFFFFFFFFFFFFFF7D
:10138000FFFFFFFFFFFFFFFFFFFFFFFFFFFFFFFF6D
:10139000FFFFFFFFFFFFFFFFFFFFFFFFFFFFFFFF5D
:1013A000FFFFFFFFFFFFFFFFFFFFFFFFFFFFFFFF4D
:1013B000FFFFFFFFFFFFFFFFFFFFFFFFFFFFFFFF3D
:1013C000FFFFFFFFFFFFFFFFFFFFFFFFFFFFFFFF2D
:1013D000FFFFFFFFFFFFFFFFFFFFFFFFFFFFFFFF1D
:1013E000FFFFFFFFFFFFFFFFFFFFFFFFFFFFFFFF0D
:1013F000FFFFFFFFFFFFFFFFFFFFFFFFFFFFFFFFFD
:10140000824205D051F8043B40F8043B8242F9D8AF
:10141000704700BF044A05494FF0000342F8043BFF
:101420009142FBD8704700BFC0920020A0C60020A8
:1014300008B5BFF34F8F00F02FFA544C544B0820DF
:101440005449C3F85401544AC3F800115348C3F82F
:10145000F0405349FFF7D4FF524A53495348FFF72E
:10146000CFFF534CFFF7D6FF4FF470004FF0E02151
:101470000023504AC1F8880D44F823200133B02BD3
:10148000FAD14D4B80214D4A03F8011B9342FBD109
:101490004FF0E0254A4E4B4A4FF0FF31C5F8084D5A
:1014A000D5F8243D43F4E023C5F8243DF36923F047
:1014B0007F0343F04003F361736A23F07F0343F03B
:1014C000400373629166D1661167516700F0ECF9D1
:1014D0003D4A3E4BA2636322E36300246A61032317
:1014E0003B4AAC612B61C5F8202DD5F8FC2D394B5A
:1014F00042F080723849C5F8FC2D1A6842F00102AA
:101500001A605B680B6000F09FFB344800F028FD18
:10151000F16E334B334A41F44051F1661C60C3F81D
:101520000841C3F81841C3F82841C3F83841936B08
:10153000DB0708D442F615632B4951651365936B9D
:1015400043F001039363274A284C936843F0011347
:10155000936000F037FA00F01FF900F0FDFC00F096
:10156000A5FB00F09BF92368132BFCD900F03AFC93
:101570002368B3F5967FFBD300F094F900F090F95F
:1015800000F0E6FC00F0D4FC30BFFDE70C0D1113B9
:1015900000800D401B101820789102000000000010
:1015A0002CEC0060C0920020A87D036000000020A9
:1015B00000900020B506020000E400E0A0E400E096
:1015C00000C00F4000C00A40E9F5010051F60100DB
:1015D00000002020001000E0F4C500200046C323D6
:1015E0000040084000400D400000C056F8C50020F3
:1015F000054B4FF42A01054A05485A641864054A08
:1016000099639546FFF714FF00C00A40FFAFAAAAEE
:101610000700200000000520044A936B43F04003BC
:101620009363BFF34F8F30BFFDE700BF00400D4015
:1016300008B5134B5A69520613D55A68114942F03E
:1016400000425A600B6803B198470F4B1B684BB1BF
:101650009847012806D020B9094AD36C43F4C02327
:10166000D36408BD064AD36C43F4C023D36472B676
:101670004FF0E0234FF48032C3F88422FFF7CCFF11
:1016800000400D40DC9E0020E89E0020064B1B68B9
:101690002BB1064AD36C43F4C023D3647047044B88
:1016A0001B68002BF5D1F9E7DC9E002000400D40BF
:1016B000E89E0020134A1449D36C43F4C023D3643A
:1016C0000860A0B14FF0E0234FF480320F4910487A
:1016D000C3F88422C1F800010E49FF2081F83000D0
:1016E000BFF34F8FC3F80421BFF34F8F70470A4BEE
:1016F0001B68002BF8D14FF0E0234FF48032C3F881
:101700008421F1E700400D40DC9E00200090002085
:101710003116006000E400E0E89E0020134A1449FE
:10172000D36C43F4C023D3640860A0B14FF0E0232E
:101730004FF480320F491048C3F88422C1F80001E9
:101740000E49FF2081F83000BFF34F8FC3F804210A
:10175000BFF34F8F70470A4B1B68002BF8D14FF037
:10176000E0234FF48032C3F88421F1E700400D40BC
:10177000E89E0020009000203116006000E400E0A8
:10178000DC9E00204FF0E023024AC3F80C2D30BF4E
:10179000FDE700BF0400FA050F4B40F2376C0F4A1B
:1017A000A020D96E41F44031D966D96E41F4407120
:1017B000D966C2F844C09064936C1B06FCD4084AF6
:1017C00040F23761A02351649364936C13F080035B
:1017D000FBD1044A1370704700C00F4000400C401A
:1017E00000800C4058C60020294A00210123C2F87D
:1017F000A000C2F8A410C2F8B0305369D907FCD5D4
:1018000001234FF4803C22495361C2F8A000C2F882
:10181000A4C0C2F8B0304B69DB07FCD501234FF4FC
:10182000003C1B4A4B61C1F8A000C1F8A4C0C1F83C
:10183000B0305369D907FCD50123DFF858C01449EB
:101840005361C2F8A000C2F8A4C0C2F8B0304B691E
:10185000DB07FCD5D1F8003145F60D504FF0210CD7
:101860009AB2C1F814C0824210D045F69D518A4206
:101870000AD1C3F34253032B08D0A3F10403B3FAF4
:1018800083F35B09180170470020704708207047F8
:1018900000402A4004000300704700BF704700BFAB
:1018A000704700BF00BF70474FF0E02300214FF0AA
:1018B000100C3448C3F8941DC3F89CCD4FF0110CA4
:1018C000C3F8A00D3048C3F89CCD4FF0120CC3F8FC
:1018D000A00D2E48C3F89CCD2D4AC3F8A00DDFF80B
:1018E000D0C042F015022B48C3F89CCDC3F8A00D20
:1018F000DFF8C0C02848C3F89CCDC3F8A00DDFF8BE
:10190000B8C0C3F89C2D2548254AC3F8A0CDC3F81C
:101910009C0DC3F8A02D02F5A022DFF8A0C00C3268
:101920002048C3F89CCDC3F8A02D1F4AC3F89C0DD6
:10193000C3F8A02D02F14062DFF884C002321B48D8
:10194000C3F89CCDC3F8A02D0A32C3F89C0DC3F890
:10195000A02D00BF00BF00BF00BF00BF0122C3F821
:10196000942DBFF34F8FBFF36F8FC3F8501FBFF39A
:101970004F8FBFF36F8FD3F8142D42F44032C3F86A
:10198000142D70473F0000102500080709001000C3
:10199000A0C6002021000207250008131600202001
:1019A00027000B13180000602F000B071A0000809F
:1019B0001300200014000020090000101700004050
:1019C0001900007030B5864B85B0DFF874E218223C
:1019D000844D0120C3F85CE28349C3F86052A5F549
:1019E0008055DFF860C2814CC3F864E2C3F86852E6
:1019F0002125C3F86CC2C3F870C2C3F874C2C3F81F
:101A000078C248F20C7CDA661A675A679A67DA6716
:101A1000C3F88020C3F88420C3F88820C1F82C03C1
:101A2000734AC1F83003C1F83403C1F83803C1F870
:101A30003C03C1F85003A1696E4B0A406E486F49E0
:101A400013436F4AA361D4F8843043F00C03C4F805
:101A500084304FF0FF34036843F0020303600368EF
:101A600003EA0C031A43674B026044608A68664CC1
:101A70001340664A43F000538360C36823F0780341
:101A8000C360036A23401A43604B0262026A224029
:101A90005F4C1343002243628462C46240F20564D7
:101AA000D1F8B83023F03F0343F00103C0F8B83059
:101AB000D1F8BC30574923F03F0343F00103C0F88D
:101AC000BC3002610567C0F880404567C0F88440BB
:101AD0000224036823F00203036081614E4B4F49E7
:101AE000C46143F8042B8B42FBD1434C236843F081
:101AF00001032360256815F00105FBD1454802224A
:101B000040F2F561A06140F29940E26140F2664224
:101B1000C4F8001242F20141C4F81022404AC4F84D
:101B20002002C4F8302240F23542C4F834123D4855
:101B3000C4F840223C4AC4F850022846C4F8542253
:101B400042F201223949C4F86012C4F86422FFF756
:101B50004BFE0246002839D0810201234FF4802039
:101B600021662549C4F8A050C4F8A400C4F8B030D8
:101B70004B69D807FCD515050124039228464C6112
:101B8000FFF732FE039A2A4B0244D2B21A7080B198
:101B9000194980024FF4802348660846C1F8A050D6
:101BA000C1F8A430C1F8B0404369DB07FCD501237C
:101BB000436120490024204801230094401A00EB8F
:101BC00002521E4800F0B8F905B030BD1B4B184951
:101BD00018600870D860C3E9010005B030BD00BFCF
:101BE00000801F40F910010000841F4000C00F401A
:101BF000FFFCFF1F0003008000402A4000802A40B5
:101C00001200FFFFFF37F70000FFF07C400000806C
:101C1000FF000F83F05AF05A00422A4000432A4046
:101C20009F041830EB06180A063201263806180AF7
:101C300059C6002000000070000000700CC3002096
:101C4000F9B00100F970010010B5174A4FF4805443
:101C50004FF4005E4FF4404C4FF4803043F24201A9
:101C6000136913F0020F0DD113F4005F0FD013F4BA
:101C7000805F0FD0002BF3DA13F4803F0CD15B06AA
:101C80000ED510BDC2F818C050619161E8E7C2F8E6
:101C900014E0E5E75461E3E74FF480339361DFE755
:101CA00040235361DCE700BF00800D40414A032020
:101CB0004149F3EE095AD2F880309FED406A23F093
:101CC00001039FED3F5ADFF814C100B5C2F8803020
:101CD000C2F89000D1F8E010DFF804E1CBB2394847
:101CE000CEF8003007EE903A0B0DC1F30B21F8EE61
:101CF000E77A06EE903A07EE101A334BB8EEC77A41
:101D0000CCF80010F8EEE66A304937EEC66A37EED6
:101D1000C55A76EEC76A77EEE57A26EE266AC3EDF7
:101D2000006A25EE265AD2F8803067EEA64AC0ED4A
:101D3000007AC6EE275A264885EE276AC4EEA76ABF
:101D400075EE875AFCEEE55A36EE076A15EE90CA34
:101D5000BCEEC66A43EA0C5376EE877AC2F880304E
:101D600016EE103AD2F890C1FCEEE77A01EA034190
:101D700041EA0C014FF0000C17EE903AC2F89011B6
:101D8000C3F30B03D2F890110B431249C2F8903100
:101D9000D2F8803043F00203C2F880300E4B80F856
:101DA00040C0C1F840314FF0E0230122C3F80821C0
:101DB00000BD00BF00810D4000441F400000AA424A
:101DC0000000B4422CC5002030C500200000FF0FE9
:101DD00000E400E0009000209508020024C50020E7
:101DE00028C50020314B40F6617210B5C3F82021A0
:101DF00040F2044400F0B8F82D4A2E49D2F8803061
:101E00002D4843F00303C2F880302C4BC1F86041E9
:101E100002681A4203D1D1F8A8319A071BD0254A8B
:101E20004FF00041244B5963D2F8403143F0020394
:101E3000C2F84031D2F840319B07FBD44FF4003058
:101E40004FF0E0211C4B4FF00042C1F88C021920EA
:101E50009A6300F075F8184B0021164C4FF0804241
:101E60000A209A634FF420721960C4F8A80114483C
:101E700000F06AF84FF4800203464FF4810040F20C
:101E800043111860C4F858311A640E4B0E4AC4F856
:101E90004811C3F804224FF0E0224FF4003101232F
:101EA000C2F80C11C4F8403110BD00BF00800D40D5
:101EB00000C00F4000002E4000900D40001C1E008E
:101EC0000000002000900020990A020008B50E4B87
:101ED0001B6E9B0700D4FBBE72B60C4B00200C4A55
:101EE000C3F8400103F160430A49A3F55F2311647D
:101EF0009D46BFF34F8F4FF40013074A0748DB6935
:101F000002609B68984700BF00441F4000002E40BD
:101F100000C00A4003002000000012EB00802020D7
:101F2000F8B500BFF8BC08BC9E4670470000000032
:101F30005FF800F0990402005FF800F07D1C0200D9
:101F40005FF800F095FE01005FF800F0B530020088
:101F50005FF800F0053302005FF800F03D1B02005F
:101F60005FF800F081FB01005FF800F0051202004D
:101F700045000000F15301005D8E01006DE7010096
:101F8000E5E70100B1EB0100BDEE010025EF010026
:081F9000BDEF0100B1F80100F2
:101F9800FFD8FFE000104A464946000101020076DA
:101FA80000760000FFDB0043000302020202020386
:101FB80002020203030303040604040404040806DB
:101FC80006050609080A0A090809090A0C0F0C0A75
:101FD8000B0E0B09090D110D0E0F101011100A0C24
:101FE80012131210130F101010FFDB00430103032C
:101FF8000304030408040408100B090B1010101044
:1020080010101010101010101010101010101010C8
:1020180010101010101010101010101010101010B8
:102028001010101010101010101010101010FFC009
:10203800001108002F004F030111000211010311C4
:1020480001FFC400190001010003010000000000A5
:10205800000000000000070805060904FFC4003D51
:10206800100001030302040401080709000000002E
:10207800000102030405061107120008132122318A
:1020880041514209143261718191A1152352627242
:1020980082C11724254353738492B1FFC4001B01E6
:1020A8000001050101000000000000000000000020
:1020B8000500010204060703FFC4003211000103F2
:1020C80002040306050501010000000000010002EA
:1020D8000304110521314112516106718191B1F05A
:1020E800132223A1C1071452D1F132E1FFDA000C07
:1020F80003010002110311003F00EA257AB94BB62B
:1021080068B3EE1ADCC6E253E9B19C9729F59F0B38
:102118004D3692A528FD801E124B99779EB5556EB7
:102128009AECFE662FD7261A7BF25D81A7D6A3927A
:102138009C6E3C92C2BBC99484286E8CC1214E7F90
:10214800ACFABA79D89571153B6C8E6AD76DEF6C7D
:1021580057D570D76B354AB6A9571D44A1D55A969D
:10216800BA2A9DC1695D21E13394149D8DEDDB1D73
:10217800251E1EA1486D27B2AE3976D01A3685C401
:102188008DA9BACD2A5562FD94932A25295214F0B7
:10219800A5EF04EE5EE514A9F393B9C56769242792
:1021A800272A21F13C6E930A1694DDFF00C46BE3E5
:1021B800CBC55DA3C3E6AE3F20B3799F79A46B8FEF
:1021C800994BA58715FA1E854C8ED83E1EB95BCA59
:1021D800C7D64148FCB8C9C9DB2AA7BBE946D03AEB
:1021E800DC9FC2D3D3F65E9C8FAAF24F4B0FED6BE8
:1021F800D139C3B9697240B86D3A74D8C3B28C3753
:1022080056C3807B8DC5493F97DBC7BD3F6BEA2F1F
:1022180069A30474B83F7BAB527636091BF464207B
:10222800F5B11F6B2D6356B4B2D2E69A993AFDD038
:102238005BBE7D16FA88DF5A7D11D9CE4644DC0C88
:1022480000E3617B5B70E004BC8CA147017FB49D17
:10225800750E254F88B38A139EE0EA3DF3593C4B2F
:1022680008ABC21E1B50DF94E84660F8FE0E6833C8
:102278004AAE89FA9F6D54F948D6395320D79A92B5
:10228800E2ECDA95494B4C9A5D61BDDFDC5E528E1B
:10229800ED8E1DC9009F894919CB78BFD10C3966CD
:1022A8001602C3ADDF9715817268E3D5AADD2AF55A
:1022B800D3E7655C76E6C9AEB72074158A9D38E128
:1022C8004376027AE84907C4D2C0EC71C249746BFC
:1022D800974D5C8DADBA4541BF12A6C4E7D9F9B593
:1022E8004DA4793535AF0BA00F404E169FDD5A78B7
:1022F800905122C514F3C5714EAD526D3D02A154E3
:10230800930A5EA0D4BFC4A513DA25262E1D92F227
:10231800FD9230147DD2DAC7AF0C53B79A8DDDAF7A
:10232800D2AA6F5675F9FA5A116BDA0B62D7D3AA8B
:1023380034946E69C92DA098BBD07B2D2C37BA6315
:10234800C3E379D40390A238652E8967924D1B5B4D
:102358008CCCE652FB6573E63929E6ADC13017141B
:10236800FCB2A575EA0BCFD250515A527F6BA8AF79
:102378003DA780F8E62830AA4328FF00B3937BF9ED
:10238800F70D55AA4A7FDD4A19B6E97AE6BAA04B95
:1023980094FA8C89935D51796E3CCC479F492D679F
:1023A800AA77A1252769041C138C11E98E3993702B
:1023B800CC46B41A9F86E771677E7D735B485F0CD5
:1023C8000032E05B6F447D7054E9A9611255518A6F
:1023D800969F4EE696A79294AC7BA493DF8A6C8A6C
:1023E8004E22DE1371AE5A2351BDADB711011F55F0
:1023F800E54698DB8EC490D3C84AD6D9536B0A01F8
:10240800693852723D411823D38F70C730D9C2C87A
:10241800B53BDAF1769BAD728F735CD67DCD0AE45D
:10242800B3A5BF1EAD05CEA30B6525448F890A4809
:10243800FA4850C8524F6233C12A19658656BE0BF6
:10244800F10D2DEFCD5FA8A7A6AAA7745576E03A9F
:10245800DF2EE37D8DF43CD32F321A7749E62347EC
:10246800A0734BA6F08C1BAE8D1C2EB91A3643AE4A
:102478002239C3BDC772F4729DE8579A9B18F44677
:102488003A7515536B606CCDDF5E8775C4F17C358A
:10249800F84563E924CEDA1E60E87DEE81EE2D482A
:1024A800762DEFA71CD4D310DA674E9086AE569AD5
:1024B80001285D5616C6E59C2700264C475B731E0F
:1024C800A56BE2D7543ADB2A7B95279AD23E6475EE
:1024D8002B40A33E9FD05564A2E7B706E251D150E6
:1024E8004A8047BE597909FF008E7870A273174554
:1024F800FCDD5F6E49D50D56B89978AD56ED169B43
:10250800605288F34BF3F7489A53FBDD043EDFF340
:10251800F0C538469AC369541DBCB4D395EB786CA2
:102528009341830A14B0318556AA6A43F2DD563FB7
:10253800612B693DFB84B78FAB849C735D0EB86DCE
:102548009A5D9F6B51AC3B75BF9A53A8D4B4C288AF
:10255800123BA1213B02BB79ABC3B89F524F1CDF92
:10256800B6B31755450EC1B7F33FF88EE0CD01AEAF
:102578007F5F445D746A5CCA7B36AD9155B1EA02EF
:102588005BC5D8D024D2A6A131196DA8E953AA52A7
:1025980017E4AC050696405648EE939C9A8BB51402
:1025A80072C05FC2E01805F2195F2E6ADB30890B32
:1025B800DCF6BC67CF539FBBA34AAC16D1226CE7AD
:1025C800A132DBF2E43AFA86C49290A56E2927F884
:1025D8008A9440ED959F3F3E3158956B6BAA9D3488
:1025E800570D3FD5AFE2B57410FC18DAD76640B284
:1025F8009DF512E6A26984C16AD8D6BC54D46AEFA4
:102608002A73CD32856C2EBAADBBCA5272B756A1A9
:10261800E9E78F5EDC10A4A79712FAB3BC90321CCE
:10262800FBBB8235434F153B488DA1A353DFCCAD8F
:102638007EE5A16AFDAF74D15177568502BC9751EA
:1026480030D1A2BDD39D0E2A9BDE97DE0DE52D0568
:1026580077474D6BEA0246500281269D4ECC29866B
:1026680046E4EDB9E7E8BD61969F17BC4071C5B96E
:1026780023E5241D33D7BC65C8AB47E4F6AEBB32AF
:1026880005F7684D3D68ADBD12A08697E24E5E4BDA
:102698008DBA083E7B8348CF04BB33212C9233D0BC
:1026A800F9FF008B2BFA8B4ED0EA7A81A90E6F9531
:1026B80088F52A4CD45B459B3D5AC5A5CC0260DA07
:1026C800B73C2A94049F81A53CE45FCD994C03FE56
:1026D800D8F6E34EB9B84B3735F72ACAACF2E9AFAA
:1026E8008C1097E6590F5265AC7F98B8CCAD9CAB6F
:1026F800DCFEB87E03849B985A2D624A751353E911
:10270800105E216DDEFAC53653C3D14CB6FC58CDE8
:102718008FB025D747DE78492DDB9770DEA573F596
:102728005BBAA427ACCC3AA576ACDEEEF80DA9517D
:10273800D9FC02D18FB070B748E415DBA951D49504
:10274800C79207856D96F3F5839FEBC739EDB40EF5
:102758006D4453EC411E20DFF28EE0CF05AE675B7F
:10276800A88F5259A69BC2A454D5389332417F2DC5
:10277800D3FBF84EDEA6E940F9F975CB7DFE82520F
:10278800AEFC0FA1E2FDA3ED7D1BFCB9F77A03D5E2
:102798006B22BDDBEFF1E8B2155BA2DAA5B944B64E
:1027A800A756A1C6A9D4E205C186B584AE42108158
:1027B800BCB6029492123CF0B501DBB9C8244B694F
:1027C800E6903E56B496B4E67977E9E8AF3278E316
:1027D800788DCEB38E839A31BAEC2B42A977BB762B
:1027E800B8F49953931D9696CA9F0111DC47D15AA4
:1027F8000A085038008C9EC7B8E0A9ADF8304715D4
:10280800382DCB32773BDBA22B4324BF3B642D39D9
:10281800E56FE3C8DF75ACCDA553E9AA92E438C1EA
:102828000ECA70BB21D5294B75E59EE54B5A8952D6
:10283800C9F724F1033C939E290DD1DA701A0002DE
:10284800C1577F2795B1218A35E7783CD292CCF9D8
:1028580071A9B1D67E2E8A54B731F7BC91F71E36CE
:102868009D998888DF29DC81E5FEAE79FA8954D7FD
:10287800490530D5A0B8F8D80F4530EA855A2DD784
:10288800235FF53A238174EAB5CD4BA0D39DF85E5A
:10289800225A9D247BFEAA1057D8B1C6997391B2CB
:1028A800CA6B1C17A672DFCB7D0D84154C7E0D619B
:1028B800F4A71DCB654850FBB1C2486A51F697D6BC
:1028C800831A87A4150797E162EE549593EEBA939D
:1028D8000493F97093A5DF93D9F48E666BC241FD1A
:1028E8006BD46AA633E655F3B64ABFAF0826768B93
:1028F800A3B70D19BAED2DD82A5042CF89A59F85C7
:1029080063C8FD9E87EA3C0DC630C6E2B4AE80E4DB
:102918007507911EEC7A2F6A4A934B2878D37EE587
:1029280032DF166D2DBACB322B3418E2A34B71F57A
:10293800B2A5B601429E46C71581D97B91DB2A070D
:10294800B7971C86665450BDF4F2DDA771DDA787E2
:102958002216F69266CAC0E8CDC147572D369D2487
:10296800B66453E33BF374A92CEF652A0D85001474
:102978001208EC0800103D87B7118E47B6FC248B6F
:10298800A2D1B1AFB170BA3EACB0C466D4D4761B94
:1029980069032425B4048FC0716038B8DDC6E8BD6A
:1029A8003B43459A2CB0B6C69EDCFA9D74C7B4ADBD
:1029B8004845F9720E5C7140F4A3359C29E755F03F
:1029C800A07E24E00C920704E82965AC904510CF5E
:1029D800D3A956EAB11830BA7353506C07993C879B
:1029E8005FF4AA5F98AD46B7F951D08A7E8D581228
:1029F80054EDD35984A8507A6075D0870912272DD1
:102A080023B85A94A506C7AAD4319083C750A5A75E
:102A1800651C2D859A0F775C4712AF9715AB7D5CC7
:102A2800DAB8F90D87805226BD527FB30B16C5E57B
:102A3800E2100BAE4242AE5B99B6D5BB1579A84AF7
:102A4800188C7DD4D30129FE707D78F754C679AAF5
:102A5800328165C2BAB9A8D3CD1E5329914BD20B86
:102A6800092C554254148131C8E10B19F2CEE7996B
:102A7800FBC1F6E1F751D9454A62AD6EB7439AA852
:102A8800CA43D45ABBEB1E349C29B71874791F70FB
:102A9800788A9266E51EA126DCE6EE9D2111D662B3
:102AA800546A154A72CA549EC9792EA91919CF6554
:102AB80025BE1F74C745D5307233C494161EE4B4BE
:102AC80068575C6F9BD62185948C36F20ED71BFB1A
:102AD800143FF0E47D5C0EC430AA5C4DBC350DB9E2
:102AE8001A1D08EE3F8D15BA5AD9A8DDC511F0D8C0
:102AF800A20B8B9665CD714AA45DA96D0A3D912AFA
:102B08002EE23F992A19FC38CA4BD8BB1BC3365D45
:102B180047E41FC2D2D3F6A7807D58BC8FF6B0B069
:102B28003939852E425DB9AF579D602BC4CC08A1B9
:102B3800A5287F1ACAB1FF005E3DE9FB1ED69BCFD0
:102B48002DC7416FB9BFA2B12F6CDCD6DA08B3E646
:102B58004DFEC2DEABD3ABFA93A77C9BD84CC1B376
:102B68002CE4C8AE56C3829D1467125D6C0DCF4A23
:102B78007D4771423703804A8E7090919235549404
:102B88007050B3E1C0DB0FB9EF2B2B5D8854E272B4
:102B98007C4A97DCEDC8770D945BA6B57ADD56E5DF
:102BA800B979AFD5F4AEE3976ECA6514D84EA8626A
:102BB8007D71E4A8C4688070D4761292E63200DA97
:102BC800809C9C8367AAAA79058CD29A4D7EAB7F9C
:102BD80057F986D5188E54E1DA19B9E7A54E365754
:102BE80052A92DD08871C2413B50A90A41248DA910
:102BF8004378F61C248F255E720366D5E45B575E26
:102C0800B8DE2E2645C17FD59D716E9209E8B4E2E3
:102C1800B76307C214F29CF0FA2508E1C28BB92FFA
:102C2800FFD90000FFD8FFE000104A4649460001DE
:102C38000102007600760000FFDB00430003020279
:102C4800020202030202020303030304060404044B
:102C58000404080606050609080A0A090809090AF3
:102C68000C0F0C0A0B0E0B09090D110D0E0F10108D
:102C780011100A0C12131210130F101010FFDB00A2
:102C8800430103030304030408040408100B090B9D
:102C9800101010101010101010101010101010102C
:102CA800101010101010101010101010101010101C
:102CB800101010101010101010101010101010100C
:102CC8001010FFC0001108002F005003011100026E
:102CD8001101031101FFC4001B00000203000300DF
:102CE80000000000000000000000070805060901B8
:102CF8000304FFC40039100002010302040207059F
:102D08000803010000000001020304050607110082
:102D180008121321410914222331325115616271BD
:102D28008116244243529192A125337283FFC40035
:102D3800170101010101000000000000000000006F
:102D4800000000020103FFC4001C1101010002037E
:102D58000101000000000000000000000111310224
:102D680021514161FFDA000C030100021103110037
:102D78003F00D48BB5D2DF63B5D5DEAED5494D451E
:102D88004303D4D44CE7658E3452CCC7EE001E03FF
:102D980034B50359EB73CC92E5CC366B3D62E374E2
:102DA800952F6CC271B150F125C658CEFDC98291DC
:102DB800BC29B8794FF1332C60EDBED19FAE98C7CE
:102DC800418DFB35CC6D57B6CDF30BB55DD7502F84
:102DD8008C9574B4D2B164B6ABEDDA95E21E1DD20F
:102DE80036EDC5B6C8BD2C46E54719969B3E5CF93D
:102DF80071B4E96D95B982E663258A9AE4BFF23128
:102E0800C778AEE882DDBFB426A8676D9A63BEFBBB
:102E18001F94FD5BE1527D45E5F23CBA89E979E50D
:102E28003B0BAE96DB8F4D926632C2C54CD69A00EC
:102E380094E48FE992764EA1F7804714943623E9FB
:102E480097E582FB5C94791E3D9A6371BB01EB3573
:102E580014315444BF7B766467DBF253C0133527C3
:102E68004F74A79CDC35B52340F54A9A4BE431856D
:102E78008EB6DB5EE219C81E1055C40868DBC8317F
:102E880050C3CC11E1C65996CB82CBA579A5DAC738
:102E980070BF72A9CC7BD7535A2F937620A9AD90D7
:102EA800B4B65B97F26A11D8F8C4CDD3E20EDE202F
:102EB800FC0B6F13CABBEC47E9FD2E6B68BE661CA2
:102EC800A965979ADA1BA554EF2D86A12A9D3B1771
:102ED8008814987A181FFAEA23DD3E87AA33C27845
:102EE8005F4EDF269AC157AABA490D1E4333B64B27
:102EF8008ACBF645D44A7DE3141EEE46DFC77651E9
:102F0800B13FD48DC5CB94729840F3BB94DC6A7101
:102F18006C7B4531DAC5A7B9EA15C452D44BD5B094
:102F280082DF16CF3C8DF45F977FC21B8CE5E37878
:102F3800FA4CA6B858EEF5577D5BAAA156C1F4F92C
:102F480022B061F6C9C7BBADAB1B9803AFF10F0741
:102F5800A99BEA4853F3712A5F794DC0AC3496FCBB
:102F68009B9C3D77ADDEC38C77EBE09AAC757AC558
:102F780052FB52546C7E62AC42A0F391BC3E51C6E7
:102F8800F19F59CAFC231CC87337AD1CF4EAC25A16
:102F9800E8D6AA1B0AD438B163B1CDD14D4702EEA9
:102FA8004D45431210B8405A495FD9500EC428E223
:102FB800D00A6A1E995EB4F27A29AA2BADF78B352E
:102FC800D51A4B65EED7234B435C10F4C82372AA7D
:102FD8007A91B756460181DBC3620908AC3B0DC83C
:102FE80033CBF418E635442A2AE60CECCF22C51474
:102FF8001128DDE6964621638D1412CEC400078998
:10300800E02FBA79A95AD5CA1EABADE717B954D87B
:10301800AFB6C910555297EBA5B8539D982C801E92
:1030280089E17520AB02410C194FC0F01ACF9253B9
:10303800E0FE90BE5AA875D74EADF1D16736585EFE
:103048002AAA2520C8B3C43AA6A173F16077EB89F0
:103058008F932FF5102794CAB8DC16DCCF2CB966ED
:10306800184E23ABF0CCF1E5D85D5C360BBCFE22E4
:10307800493B5BC94152DE7D5D29244C4F9C4BF591
:10308800E26ABF0CBE916514D82F3676BBD5B368FB
:1030980031AD70B043768A25F08E3AD910BB28FB43
:1030A800C4C92AFF00F5E2A755974AB73779DBCF9D
:1030B800AB1A857B86727F64F1FA4C4EDDB1F92A32
:1030C800EBF779D97F1083BEBFDB8CA4D049AC78ED
:1030D800FD6D0C9A65CB85823FDEE8A869AAABE353
:1030E8005FE65DEE455DBABEA52368507D003C6590
:1030F800F1B3D5C7D2C97C8745F964D36E5DF13980
:103108007D5E8AED55FBD84F033C1448A4F57D7AC3
:10311800E6955CFDEBC7473BDB3C340751ECB8C098
:10312800B8E1F766A0B535F2AE8EA21BD54C26489D
:1031380043D3BF5AD15728F69E8266E9EE85D882D6
:10314800A8C7A8295E009F64CDF2ECD751F26D188C
:10315800D67C0637B25D4C9586D36C44861B1845E1
:10316800774ABA399E4EC52C03BC677A8D9C488332
:1031780062583F0176D3DC5310D39A1ADC3B1CB754
:10318800C37BB1DEA8C8BCCF75A66A77BADB657009
:10319800AB5B561434B4B4E4EDEA54911EFCF374FA
:1031A8004A7C02AF001AE63A5C0712B2D2E92D96C1
:1031B800F55D945C2CD5E6A282B6E10A45558EDB16
:1031C800DD49FB226746613C8AEDD4E012913290DA
:1031D800BB167550647D0BBAA370B16B7E4DA512FA
:1031E800D4B9B6E53656B847096F656AE9586CC070
:1031F8007D4C52480FFE47D38027EBF6194D85EBDF
:1032080066B060F4112C76DBD5A3EDE82251B2A4A8
:103218008AD1556E0796C7BEA3EE63C73BB749A7C9
:103228007D4DEA7A5E5C743F54E2245661196D4D17
:10323800ACCA3E3DAEF77D57F20136FD78DF90FA15
:10324800AFE7572FDBAD439A9E43D6B96EA9540713
:10325800FC5142F1431FE804EFC66C8BBE94471E35
:10326800A57A41EBEEB381241417CB8D5C60F8800E
:1032780094A8F1C3FD8AC7B7E5C6CEEB2F515EF41B
:10328800E16375D25AF4AB2F4463474F3DCEDB2B35
:10329800792C922C32203F988DFF00C78B43303019
:1032A8002C1725D4BCBADB83E2141EB775BA4A635F
:1032B80086327A554052CEEC7C95515998F9053CA6
:1032C800039960B7C964C4AD180D2562DC69ED3493
:1032D80091CA2AAED4849929DA5EA8AAAB936EEF74
:1032E800A8894FEE36C3BBD448448EA1485E039CE0
:1032F800935774FB473269B4FB3CB3642F79BA0423
:103308009AB2E52D534757667AA5024BA4CC88C6D6
:10331800A6E661626354F734CAC22424F5BF00AA42
:103328006B2E8F641A4D7E8E2AE98DC6CF741DFBD5
:1033380065D5576150840631CABB9ED54207512CCA
:103348002C7A918F8EE082419FF43E6395F77E6ED2
:10335800E3BCD3C4C69AC58EDC2A6A1C0F051204C6
:103368008541FCCC9FEB80687980BC5365DAF3AD6E
:10337800196D23ABDBF14C55ACED283BA9A8904562
:103388004A177FAF5C92FF0081E22ED734AD5540DB
:103398005B90BB0D111BCD72D4190530F33EE5943B
:1033A800EDFA83C67C6FD0EB16BD05CC74FEE33313
:1033B8007845984955213F8AAA9C93FD8706D18371
:1033C800927A80DCE15D9A73BC93C578DB7F896E65
:1033D800E751FF0040F1BC769E5A385CE572ED4D2E
:1033E800CCEE81DFF4D51A28AF002DC6C75127824D
:1033F800C55F0EE63DCF92B82D1B1F20E4F971681A
:1034080062972F58EE07A7993EA959F5EF3FB8E9FB
:10341800964169C7EA6CD6C64A09A6AD86E924AAC8
:10342800ADD31C637F044752775F664DD4FC0F0110
:1034380027A9BCD7DBAA719A4B6E0CF5B5B97BF7F7
:103448001AF1964D46942B5752C3A0D7474EACED70
:10345800EB8D16D17AC3BEEAA18C691B3B31018E74
:10346800299958739B053E98EAA57FABC74A19313D
:10347800CC92405E4B448C49EC4E46ED251BB12462
:103488008F16898974F0EA56099CD72B181E98BEA6
:1034980082D36494F96565555475770969E75A9B31
:1034A8006DA650E5C4542CBECC93B13EF6A1770569
:1034B800768D7700920FF72AB88A720DCAF5CF5326
:1034C800B36A44A7D52D5044FB2AD528F7D474AA4B
:1034D800A7B3DC53E2A075995C1F331A7C41E32D36
:1034E800C364CAB9A994D3E96681D9F0EBBCACD955
:1034F8008EA656AE557EEE1DE586893ABD56393CF8
:10350800C177679483E7C45D2E77452B76266BDFFA
:1035180096DE5EBB24CE84E617B887898D65733244
:10352800871E47B6AE3F51F5E37C8CF6961BB587F0
:1035380020B2A53B1A3292DB2F15241EEA1D8831D2
:1035480011F03F553C4A858E5AEAAED61E6DACF74F
:10355800C8E91BD5AB6F5534F2ECEBB84A90EA3C9E
:1035680037F22EA7F4E366D974D57E3A3995DE6F23
:103578007D1FDA47CD7C46FF0056CF8C66D045DAF2
:1035880082FF004508633281ECC75316E04CA3C89C
:10359800EE180F81DBC380CC1D51F4527359A75527
:1035A80013496CB658328B623111D6D05D6280B245
:1035B800F9168EA0C6CA7EE1BFE7C040601E8CBE69
:1035C8006DF502B160A5C32D36BA7DC092AABAF9CD
:1035D8004BDB8C7D4889DDCFE8A7807334F3916D90
:1035E80021E45EC14BAC9AC04EA5E791C9D364B73C
:1035F800450F6AD94D560750601FE72BF1EE3FC3C0
:103608006F6537D8F196E1B265038A54E4BADBA94D
:10361800F7AD72D6F57B85930FA75B9D45BA175E0C
:10362800997DE74D2D0C49BECB1B4847513E1B06E3
:103638002492788DF757AEA22ECB8DE65AF9AD3588
:10364800BA87A9D4FDBB3C1DDBDDDC4532376ADF18
:103658004CBD5EAD0A06DFE5558D7F3DCF9F0C64FE
:10366800D4335C96DA2F3A9BAA39D731D96D2C70AE
:103678004D50E2D169A60E1852C3B2928BB1F0092F
:1036880012C483EBBB715C7794F2EBA7FFD90000FF
:10369800FFD8FFE000104A464946000101010096A4
:1036A80000960000FFDB004300030202030202034E
:1036B80003030304030304050805050404050A07B6
:1036C8000706080C0A0C0C0B0A0B0B0D0E12100D3A
:1036D8000E110E0B0B1016101113141515150C0FD7
:1036E800171816141812141514FFDB0043010304ED
:1036F8000405040509050509140D0B0D141414140B
:103708001414141414141414141414141414141471
:103718001414141414141414141414141414141461
:103728001414141414141414141414141414FFC0BA
:1037380000110800300029030122000211010311C1
:1037480001FFC4001F000001050101010101010082
:103758000000000000000001020304050607080934
:103768000A0BFFC400B5100002010303020403059D
:103778000504040000017D01020300041105122163
:1037880031410613516107227114328191A1082336
:1037980042B1C11552D1F02433627282090A161758
:1037A80018191A25262728292A3435363738393A58
:1037B800434445464748494A535455565758595A19
:1037C800636465666768696A737475767778797A09
:1037D800838485868788898A929394959697989901
:1037E8009AA2A3A4A5A6A7A8A9AAB2B3B4B5B6B726
:1037F800B8B9BAC2C3C4C5C6C7C8C9CAD2D3D4D552
:10380800D6D7D8D9DAE1E2E3E4E5E6E7E8E9EAF190
:10381800F2F3F4F5F6F7F8F9FAFFC4001F01000314
:103828000101010101010101010000000000000186
:1038380002030405060708090A0BFFC400B51100B6
:1038480002010204040304070504040001027700CE
:103858000102031104052131061241510761711358
:1038680022328108144291A1B1C109233352F015C3
:103878006272D10A162434E125F11718191A26277D
:1038880028292A35363738393A434445464748497E
:103898004A535455565758595A6364656667686958
:1038A8006A737475767778797A828384858687884F
:1038B800898A92939495969798999AA2A3A4A5A673
:1038C800A7A8A9AAB2B3B4B5B6B7B8B9BAC2C3C49F
:1038D800C5C6C7C8C9CAD2D3D4D5D6D7D8D9DAE2CB
:1038E800E3E4E5E6E7E8E9EAF2F3F4F5F6F7F8F9F0
:1038F800FAFFDA000C03010002110311003F00FB7C
:10390800B6B2BC45E23D3BC35A7BDCEA37B1592627
:10391800D6D8643CB3004E147735AB5E69FB40588B
:10392800D95DF806696E2D9E7BA8E455B578D492CA
:103938008EC464F1DB028038ED3AFBE2978E7C237B
:103948002496CF0C56B339922BA6220B8957764072
:103958005C741C7535DA7C39F8A4FE22D4A3F0ED2A
:10396800F699796BAB59C1B6EA593E650E9804933E
:10397800D467DFD6AE7817E24787AFBC2364EDA8DB
:10398800DB58C96D02C73DBCEE10C6CAB823079301
:10399800DFA5711E13F11CFAA7C5AD475FD364B547
:1039A800B6F0FDE37D9659AF2411B4CB1A02590144
:1039B800EA781F81E6A4A3DCE8DC3D6B2BC3DE2696
:1039C800D37C516B35C69970B730C52B42CC0606EF
:1039D800E1D7FF00D75ABB47A551272FE3BF885A25
:1039E8006FC3EB3B7B8D416590DC49B123857E62DB
:1039F8003B9CF4E2BC9BE2A7C76B7D4ACADACFC204
:103A0800F77710CDE60965B909B3231C28FC4E7F6A
:103A18000A4F8F7E3CD33C491DB78734E5F3EFA1AD
:103A2800BBC4B2347808DD02A9FA9E6BD4BC0BF093
:103A3800CF46F07E8F0C2B670DC5DB2033DD4A8126
:103A480099DBBFD05494786695AFF813506975DF49
:103A580010C5757DA9B4091CBA7F960249280019BA
:103A68000303DF1939EE4D6F784FC2BA3788BC614E
:103A7800A6E94D6E0786BC99752B08D9C97B92C5F6
:103A8800558364E7E52A46071F2FBD6E7C78F86BDF
:103A9800A67FC23B3F8834FB68ECEF2D595A611270
:103AA800E1654240C91EA091F866B37C2B6BE1FF2B
:103AB8000089DA3DAC76124DA6F8C34ED3D628DE7F
:103AC80036648E329C061838C12467EB480D1F1ED9
:103AD800787746F87FE2FF000B6A1A6DB4F024D7B6
:103AE800589F4FB1247981470E107A74AF5EFED388
:103AF800FF00A672FF00DF35C57857E16CBA36BF04
:103B080065AF6A3ADDDEABAA470345289C8642CCFE
:103B18003F8723200AF41DC7FBC3F2AA11F3FF0055
:103B2800C7CF02E97E1D8EDFC47A762DAFA7BBCC46
:103B3800C8CFFEB1BA8603D88AF4DF02FC4ED17C26
:103B48005DA2C137DB21B5BC54026B699C2B2B0EDF
:103B58000E33D455CF1D7C3ED33E205A5BDBEA5E44
:103B68006279126F492238600FDE1F88AF28F8A5E6
:103B7800F01E2B3B3B6BAF0A594F34E5F64D6C1FDB
:103B880076171C30FC696AB61EE6A7C78F899A6F3C
:103B9800FC23B3681A6DCC77977744099E16DCB17D
:103BA800A020E09F52463F3AE93E0EFC3FD27C35CA
:103BB800A0D86AD6FF00BFD46F6D54CD701F2B8676
:103BC800C1C0FA703F0AC2F0EFECF1A1C9E1581781
:103BD800545B94D5A78D5E5915F69858F25547E968
:103BE8005EA9A0E8B6BE1DD1ED74DB2431DADBA6F0
:103BF800C452727F1FC69EB7BB0E9A17C514514C8C
:103C080093FFD900FFD8FFE000104A46494600015B
:103C18000102003B003B0000FFDB004300030202FF
:103C2800020202030202020303030304060404045B
:103C38000404080606050609080A0A090809090A03
:103C48000C0F0C0A0B0E0B09090D110D0E0F10109D
:103C580011100A0C12131210130F101010FFDB00B2
:103C6800430103030304030408040408100B090BAD
:103C7800101010101010101010101010101010103C
:103C8800101010101010101010101010101010102C
:103C9800101010101010101010101010101010101C
:103CA8001010FFC0001108003300CD0301110002FD
:103CB8001101031101FFC4001D00010100020301ED
:103CC80001010000000000000000000705060203D3
:103CD80008010409FFC4003A1000010303020403A9
:103CE80005050607000000000001020304000506A0
:103CF8000711122131415161810813227191141564
:103D080042529223323382C1F0172472A1B1B2F128
:103D1800FFC40017010101010100000000000000BC
:103D2800000000000000020103FFC4001C11010193
:103D38000003010101010000000000000000000173
:103D480011213151124102FFDA000C030100021166
:103D58000311003F00FE97A9494A4A94A0001B920C
:103D68004EC00A0905EF57F25CBAF32312D13B3B68
:103D78003737E32BDDCCBDCAE50629EE127F19FEE5
:103D8800C03599F158F5D69D00BB648049D4CD5013
:103D9800BFDE1F5F354786EFD9A324F825201E5EB6
:103DA80082B31E99F1CD5ECAFA6281C505FBF4376C
:103DB800C74799B8AB8C1F1E62B7E61F55D0F60BE4
:103DC800AD3A743EDB81E6EBCAA033CD568BD00505
:103DD800D524766DDF1F51EB4DC332B6FD37D59B29
:103DE8002EA08916D5C57AD17F81F0CEB4CB1C2FF1
:103DF8003447529DF6E24F9FD692E59661BCD6B005
:103E0800A05028140A05061F2CCBAC184591FC833A
:103E180024B82224360753CD4B5764A53D54A3D864
:103E28000A70EA531EF1AD7AC3FE6B1C29C13187B3
:103E38007F852DF6FDE4F948FCC94FE107D3E66A12
:103E48007755A8FD69F65FC3A71F7F9564D935F636
:103E58004AB9ADD933CA413E400E5F5A7C9F4F8A5A
:103E6800F664C6EDA7ED18666393E3F293CD0B6293
:103E7800695A01F349DB7FAD30CFA7E57B2FD5ED3C
:103E88001E585EA0C7465D8C25412BBC416B8254F1
:103E980064FE675BEE3FBE2A6E75BABC57AC17FB73
:103EA8003E51698F7DB0CF6A641949E369D6CEE087
:103EB800F91F023B83CC552590A05028140A05020F
:103EC800823DABD7BBCE619340D12C4662E33D71B6
:103ED8006FED57C98D9E71617E507B157F503BD623
:103EE8005DE9535B52F15C56C78658E363D8F41416
:103EF8004587153B25291CD67BA947BA8F735BC418
:103F0800DDB2D40A0504BF58F4E255DDA6B3FC2897
:103F1800FD8F2FB08F7F19E686C65B69E6A657F935
:103F2800B71BEDBFCBA1ACB3F5B2FE368D35CE6174
:103F3800EA261D03278880D2DF496E4B3DD97D3C98
:103F4800968FAF4F22292E4B30DA2B585028140A5F
:103F58000E2EBAD30D2DF79C4A1B6D256B528EC1C0
:103F68002903724D043310B62F5E7347F513246D81
:103F78004E6276390A8D6080E0FD9C87127E290B9F
:103F88004F7E7FD0763BCCDED575A5D40000006C83
:103F9800072005524A0507171B6DE6D6CBCDA56D40
:103FA800AD252A4A86E140F504771410B95155EC3D
:103FB800FDA871665B8A918265B2431223EFBA2D20
:103FC800B315FBAB4F824FFC6FE02A78AEC5DBAF71
:103FD800306A925028140A05028235ECF89191DC77
:103FE800B34D4D9438DFBD5DD715851E7C3199DB07
:103FF8008523CB98FD22A67AABE2CB54928140A0D0
:104008005046F4A9B18A6B0E7F81B3F0427D4CDE35
:10401800E2363A23DE01C600F9A87D2B26AB6EE214
:10402800C95AC28140A0504DBDA22FF22C1A4D781A
:10403800542594C9B8FBBB73441E7BBCA093B7F24C
:10404800F1565E3675B76118E45C4B11B463911094
:104058001288111B68EC3AAF6DD47E65449F5AD81C
:10406800CEB3740A0502834DD62C619CBB4D2FF646
:10407800871B0A70435C860F74BAD8E3491EA9DB14
:10408800D6B2F1B354D1CC8DDCAF4C71DBDC859565
:10409800BEEC24B6F28F52E37BA147D4A77F5A4ED9
:1040A80017ADCAB585028140A06C4F41418BC7311D
:1040B8008B0E236D167C6ED8D40861C53A196C92A4
:1040C80038D5CD4799279D387594A05028140A08EB
:1040D800ECC22CBED4705F7BE16EFF008DAD86CF45
:1040E8006538D2C923E7B26A7F55F8B15524A05084
:1040F800281411CF68F22E51F0BC4DA3C4FDDF2463
:104108008DB2075286F7E23E9C42B2B62C7CBB5673
:10411800B0A05028141D52E389711F8AAE8F34A6AF
:10412800CFF3023FAD049FD97E47069ABB627794CE
:104138008B2DD66427907AA485F10FFB567F3C57C8
:10414800F5D576B525028140A0F35E476DC9B3FD6C
:104158005ACCD161BB4F6E2D9D50E270B32169409E
:104168005FBB5716C01DB7DC1DEA7B55C8F4A552C6
:104178004A05028140A094EBFE3D7555A2D5A8984A
:10418800DB25CBBE1B2C4F4A1239BB1F97BD47D02E
:1041980003F206B2FAD9E37EC4729B4E6B8EC1C994
:1041A800AC8F8722CE682C73E6857E242BC083B81B
:1041B8003F2AD972CBA6628140A0F8A525292A52A8
:1041C80080006E493B00282278B3FF00E2E6B5483C
:1041D800CD98DDCC6F0B6D702DAEFE091315FC4725
:1041E80013E200279F926A7B55C8B6D524A05028B1
:1041F800140A088B3253A3FADD31A9C7DCE35A80CD
:1042080043CCBC79371EE09EA927B716E7F50F0AFD
:104218009E55762DD54928140A0D6B51739B669DC2
:10422800E253726B92D24B28298CCEFF0013EF9188
:10423800F0200EFB9EBE40D65B86C996B9A0B88515
:10424800CB17C31574BFA4FDF791C95DD6E1C43E71
:1042580024A9CE6941F927B7624D216A915AC281D2
:1042680040A050283E29295A4A5490A4A86C411BC2
:10427800822822375C5730D12BECBCAF4DEDCE5E97
:104288003159EE17EE76041FDA465777638F0F2100
:10429800F2D88D889E2BBD6F9856B06019E329FB24
:1042A8009AFCC372FA39065283321B577050AEBE5D
:1042B8009B8AD972CB2C6E6398DC7315AC61F23C87
:1042C800C715C4A22A6E497F856F69037FDB3C024C
:1042D8008F904F527C80A64EA4374CB331D7C71766
:1042E8008D69F469764C416AE0B85FA43650E4A65B
:1042F800FBB6C24F3D8FFEEDD0CF78AC63AB062B3B
:104308008BD9B0CB0C4C6EC11047850D1C084F5291
:10431800A3DD4A3DD44F326AB89EB2D40A05028161
:1043280040A0D7F3AC1EC7A858E48C6EFCC9532F25
:104338007C4DBA9E4E30E8FDD7107B11FEFCC5655A
:104348009925C25D67D46CB3469E6B12D608D226F7
:1043580059D04356FC963B65C429BFC297C0E614A2
:10436800077EBF3EB599C7558CF15FB1E4D8F64DCD
:10437800153371FBDC2B832B1B8547792BFA81CCFA
:104388007AD5259251091C4A3B01DCF2A0D0F37D75
:104398006CC0707498F26EC8B8DCD5F0B36EB79084
:1043A800FBEE2FB2764F24FAD65B86C996A78BE030
:1043B800D976A6E4B1751756618850A02BDE5971DD
:1043C800EDF70C9ECEBDE2AE8763CFC76036ACC6B4
:1043D8007ADCE38B45524A05028140A05028141329
:1043E8005D59D30C02F966957DB962D0D7716D25F8
:1043F8004253614D384F8952082AF5DEB2C8D96B4D
:10440800C6175BD5F2D97372DD6FBF5D188C95F056
:10441800869135DE1DBF5545748F46680E9960B983
:10442800143FBF720C799B9CE46CA4B931C71E1B66
:10443800FF00A54A293F4AA9116BD14CB2CC76900E
:10444800C47690D34D8E142109094A478003A5529A
:104458005CE8140A05028140A050754B89127C77EC
:1044680021CE8CD4861D1C2B69D405A143C083C8DA
:10447800D0798FDA0B4EB0CC3B6BAE2B654DA64B8B
:1044880080A94B88FBAD0DFC9215C23D054D8A9560
:104498000DC72E776BFDD9AB75E2F57397194A09ED
:1044A8002D3935D208FD553155ED9D35D34C0F15B5
:1044B800B5C6B9D8718851A63A805524A4B8EEFE7D
:1044C8004B592A1E86AE445B96F55AC283FFD90023
:1044D800FFD8FFE000104A46494600010102007675
:1044E80000760000FFDB0043000302020202020321
:1044F8000202020303030304060404040404080676
:1045080006050609080A0A090809090A0C0F0C0A0F
:104518000B0E0B09090D110D0E0F101011100A0CBE
:1045280012131210130F101010FFDB0043010303C6
:104538000304030408040408100B090B10101010DE
:104548001010101010101010101010101010101063
:104558001010101010101010101010101010101053
:104568001010101010101010101010101010FFC0A4
:10457800001108002F00500301110002110103115E
:1045880001FFC4001A00000301010101000000003E
:1045980000000000000006070805090304FFC40026
:1045A8003B10000103030203070105040B00000090
:1045B8000000010203040506110007081221131464
:1045C800223141517161091523428132526291169B
:1045D80024334344828392A1A2C1FFC4001B01007B
:1045E80002020301000000000000000000000001BA
:1045F80002000305060704FFC40033110001020589
:104608000204030606030000000000000100020384
:10461800041121310541061251613271811323249D
:10462800C1D1E1144291A1B1F05262F1FFDA000C5C
:1046380003010002110311003F00EA2D72B54CB7C7
:1046480068F3ABD5998DC4814D8EE4B94FB8709697
:104658009A424A94A3F001D451731EFCDE6A8DEF8E
:104668005DA8F1277E3928D0D329DA6D856AB92962
:10467800C6999AB60E4BD210850CC667295BA7FB64
:10468800C74A5A1E149D564D6EAC02964BAAF5DFCA
:10469800785BF5C5DE777D5E755F72EB8B44D65A25
:1046A80092A52C5183982CBCB63F64CA50292CB1D2
:1046B8008E565250A292A29480510A86DA6DBBB1EE
:1046C800F871870F77788FA9CCAB5FD52067D26D4B
:1046D800B2F2A4488654721F792A560BE49C95B806
:1046E8007083D0732F241B36E564F4DD1E6B577F6F
:1046F8002C0146EE4D80FA9ECB66E3E3F2FC97254B
:104708007FD14B328D4E8DCC790CE75C92F63D33E0
:10471800CA529CFD06A1795BA4BF03CB35BF11101B
:1047280093DADF55E341E3F371A23E9371DA141A89
:104738008C6C82AEEAA763398F5C12549CFCE80744
:104748009DD3C7E07947B7DCC4703DE847C8ADCB17
:10475800DE89B67C66539EAC6DADD33ACFDCB88C9F
:1047680073F71932DC61335081D10EA50AE5713E29
:1047780081D6FC49E9CC08E9A6B3969BAA68535AA6
:1047880041E68A399870E18FB1F3487DAABC27D2F7
:10479800A6D7B84DE23D5508546AE4911989150722
:1047A8004ADEB7AAD9FC09085A8FF62B5149E60701
:1047B80097A820F2A95A03A1586229759DB7D4FB7E
:1047C800D61562F1E132EDABCEA7D664C975DA032E
:1047D800C898E35DD6BF1D054D25B585021996C855
:1047E80028F3C654DABCF507450F5570F05DBCB226
:1047F800F7736822B3703EE2AE4B59CFB9AAE1EC29
:10480800F6AB5207E13ABCF5CA903073D79D0BD38B
:1048180034D6C91C2886B8E2B8EA557A25ADB096D0
:10482800ED4530EA1B8B53ECA73E4F48B4B8FF0068
:104838008B21E5FF000009E63F4411EBA8E3B22D08
:104848001BA8E1CAD50EAF36B1BDEF52DB365D8489
:1048580023DB56151A4A029995290098885A3F323F
:104868005039E6BFE7CEB52504F5D2A6A6C111F0AA
:10487800F36DB56BDBB5BE2D77259555E5459AE407
:104888007B6189CAE6FBCAB4E295CF31CCF55250B8
:10489800A2A20FEF0511D529D4C5CAC9E91A69D54D
:1048A80066DB2C3C3971E8067D50D44A94CDC4DCD3
:1048B8007833AF8AAC898ED7AAF15AA8CB52F0B216
:1048C800DB8F210AE53E4901270900612001A4C9BF
:1048D8005D7DD0DBA7C9B992C000D69A0F2069E6E2
:1048E8009DD2F8528F35FDC19702A0D51A9745B8C9
:1048F80098A651E6D5652832230C2A42FC20A9E562
:1049080002B4B694F4CAB3D7234DC995AD33899C84
:10491800CFC3078E773985CE0D17AFE51D86E4DE48
:10492800C943BA5B6150DB7AC96DC75A7A9539F7C2
:10493800FEE791DF1879E9B11B2009250D28F2A1BE
:1049480044E01F7C8F3074A410B3DA66A0CD421DFA
:1049580040A385398508A13B5C0C7F6C84A9954AE6
:104968009512A316B1479CF429D09D0FC790C2F9A0
:104978005C65C1E4A49F7F4FA8E87A1D0C2C84587D
:104988004C8CC30E2B6A08A11D7B2A7B712CB81C8A
:1049980066EC40DC6A453986F736CF6951A5A184B3
:1049A80001DFD284F3A983EB87124B8DFEEAF29FD5
:1049B80023AB69CC171DD774A3A44D984DF03AEDDD
:1049C8003DBED8EEA67BD2EEAADE563D9BBD90E555
:1049D800388BC2CE971EDCACCA1D1D75C6076F4A40
:1049E80098BF5E72842DA513D4A9BEA72742B5BA75
:1049F800C3529654C6CF5D30EC6E2FE15569213114
:104A0800AD7DF6B7D9AE466927C0D4D71BED549F04
:104A180090F21F1FEA634458A045907F1717E38E52
:104A2800EEA6EB5CACBAA2AB5A8302C3A514ABAA40
:104A380024D472F4C527D95DDC293F0B3A072A0C28
:104A4800255EF25B33A255B6D7867B751FD6E8F094
:104A580022098D84E39EB955525C794B1EBD9A1488
:104A6800DA07A84A750A22F54FAE32A97036FE89D0
:104A7800B69B4140416A936FD29D75B4818E75A4EF
:104A8800A5AED0FF00113CEA3F551D07DACBA0F0D8
:104A98003416F2468E72481F3531B4F3915C44A641
:104AA8009650B6141D42879A5493CC0FC823498553
:104AB800BF72F30E5EB6F43956BDB02BB51B8A87AC
:104AC8006D2EAC24D61EB7E05E0FC28CA9027B7295
:104AD8001E94A75E5B0EADC117012E9096948FCCE5
:104AE800B392A39D5A3A2E6F32214382F8E1B467FC
:104AF8003BA18269CA406802A00E6C8A920F4443A7
:104B080079592DDED55BA29959D96B39EAD4781F2A
:104B18007AC582B71C44B9ACB815E26E5360250E4D
:104B280087414AD2138E720E4F367448AAF24A4E03
:104B3800991642890A61FC84D09B5011D5A76A62F4
:104B4800F8DB6502F2A93E1502143A2811820FA873
:104B580023DF3AA5753A01854FF00D5E930F726B0E
:104B6800B6E85931EA548EF253E9DA30E800FCE14C
:104B7800C234EC375A5F1BC06BE4E1C6A5C3A9E891
:104B880047D928B7DACC8B64EF46F76DFC06435457
:104B9800CAB5145CB15903096DC69E6A50200F62EC
:104BA800E4A03D82B1A245E8B9A0C557D2E571C8D5
:104BB8005B03B03BA6CA712EC7BBE4D216E63CD94C
:104BC800123B64A4FE808FD753A143721615C928DF
:104BD8006E0EE0C182B3CCD5F1BC331F7067F69975
:104BE8006DE623363E0216753251A50237D9542791
:104BF800733ED06AA57A51EDD9855DAD549255D4EE
:104C080072C50A8ECFF2CA08F81A22E54384DCFB83
:104C1800412DB95DF2D0BB508263F672696EA80E61
:104C28008959297100FC80AFE5A113AADFF81A6140
:104C3800BCB1A5CE6CEF91FD147AE27990A4820103
:104C4800524804EAB5D001DD5BB6DC099363DB5C4E
:104C5800435955C6D51DDB4635AF363A59CB905F1B
:104C68006B952A3CD9F0F893CBD474CA4FA8D59940
:104C7800B85CDE65E18E8BA44C36E2217B4FF903EC
:104C8800FDAFEA8DF6DEB759AD6E35B51E5B4FBC8C
:104C9800BA7522A6A72638A24AE2AD6CA5B4289E0A
:104CA800A70EA55827D88F31A6172B19A8C2870693
:104CB8004E2B9A45DCDB0D9D7A9A7959433BB94FC7
:104CC8006295BAB78D3A3279598F5E9C86C63C9206
:104CD8005E5280FF00B6AA228574CD2E2189230555
:104CE800EEC96B7F84F8E012DB932EFDB86EAECD73
:104CF8005DDA9B4B4C30AC742EBCE0563FDADE7468
:104D0800D0C5D6B1C6F30D6CAC3815B935F41FF55E
:104D18002FB7FAAF1EEBDFBDF7BC222D2B816959E7
:104D2800AAA11781F0F7A7571E3253F53DA2DE1F3F
:104D3800E43A272B9AE0008665324F0256CC1E5F74
:104D4800C7A86E43BDD87A9F094F4FD74364DF99F0
:104D580001EDC5652DDF5B473E42FC0D5E064B84C9
:104D6800FBAEA51C93A81429B7C073E0F15F58EDFA
:104D7800C8ED5FA7D6B973D4F3F7A4157FEE98658D
:104D88002BB0BA03BBFB6749DD9B0AA5665517D84C
:104D980099290E4591CB931A423AB6E81F43D08F12
:104DA80054950F5D31150BDDA56A1134B9B6CCC326
:104DB800DB23A8DC2E5EDEB655CBB7D72CCB52ED65
:104DC800A6AE154612B0A49FD8711F95D6D5E4A6F5
:104DD800D43A850F838208D504105768939C833F83
:104DE80005B312EEAB4FEDD88D885ABB75BB57BED5
:104DF800D6CA7DDB5AA6130E60299D4E949ED61CFA
:104E0800B4E30438D9F5C74E61850F8E9A2090A86F
:104E18009FD2E5B526B4466D48C11670F23D3B6198
:104E280054762F1B5B5D1234BAA5C3B7F368D5C798
:104E380098690F1A6B497D9961A490DA12A252A45D
:104E480025393849181927CF560882975A54EF0838
:104E58004EBDCD870A3073013E2B115C9C5C9ECA07
:104E680052799B9B76770E5AA8947766562E6A9B42
:104E7800F29B88CF88853AE15904F4012907AA8E64
:104E8800000093AAFC46CB796983A5C9B444751878
:104E9800C68BF90FE4F4CAAFEEAB92DBE07787A4D8
:104EA800D39A9B1665E7570E2A3247F8AA82D20290
:104EB800DEC79F60C8C753E6120742BD59E00B9092
:104EC8006B1A9BF589B318F8459A3A01F5C951EE62
:104ED800E2C57B6BB6068B6956DD5AAEEDCE9E9B5E
:104EE800C6BDDA9CBCCD3DBE6EE8873D799C716A33
:104EF8007483EA7E874A45A8B182E53529369B93B3
:104F08006470C3C3E98E93250A37AD75A073C8874B
:104F180056A7D217EC791247EBA6E8103B952AB9A9
:104F28002645122D1A5A472BD46ABC950EB9C29B36
:104F380071A747FCA34A9939385EB845B9C6251EFA
:104F48005B61418A956AA501413FB9283AA467E1A6
:104F58005C9A23281C2EAFE39860EAC55A0DDCBD85
:104F6800A1B0B762949A5DE9436E5F639EEF25072F
:104F7800B391189F56DC1D47C7507D41D02015902E
:104F8800D3F559AD2E27B4967D3A8D8F985325C306
:104F9800F67DAD5254E5A1B929430A3E06AA7079B7
:104FA8009691EDCEDA867E48D27B35B94BF1C55B5A
:104FB800EFE0D4F634FD885E740FB3DE6F794AAE45
:104FC8008DCA6047072A6E9B4F216AFA0538A207E7
:104FD800F2D4F67D5347E3A672FC3C135FF63F41DB
:104FE800F34C4BC276CB7041B78BB829B6DC893508
:104FF8003A9ABB94524972654A4005410E3E461B97
:105008006C6327C87B0274D66DC2D3F52D5E6F57CB
:1050180075661D6E82C07A28A2D9B9E76FB6E6D741
:10502800B7DB7C64AA7DB764466EAD51A7C707910C
:1050380048ED7921D3986FF2A16F1485A8F4C025A3
:1050480047C5D1726A563CD85164D19BADF115BDA4
:10505800750BFF00735659A330876E0AFA9A2142DE
:105068002D2222428C66119E63E10965200FCEA590
:105078001C75D0C95301549C113150DE2DD8BFF88E
:1050880098B8986DA53EE0A35262A4822232529548
:105098007669F608692CB63DCF39F5D337354AEB32
:1050A800597FFFD9FFD8FFE000104A464946000162
:1050B8000102007600760000FFDB004300030202D5
:1050C80002020203020202030303030406040404A7
:1050D8000404080606050609080A0A090809090A4F
:1050E8000C0F0C0A0B0E0B09090D110D0E0F1010E9
:1050F80011100A0C12131210130F101010FFDB00FE
:10510800430103030304030408040408100B090BF8
:105118001010101010101010101010101010101087
:105128001010101010101010101010101010101077
:105138001010101010101010101010101010101067
:105148001010FFC0001108003000500301110002C8
:105158001101031101FFC4001B000002020301003A
:105168000000000000000000000007080609020314
:105178000504FFC4003810000103030204030506F8
:1051880006030100000000010203040506110007E0
:105198000812132131415109223261621416237118
:1051A80081A115334243829118245292FFC40017FB
:1051B80001010101010000000000000000000000E2
:1051C8000001000203FFC4001E11010100020203D6
:1051D800010100000000000000000001021121315F
:1051E8001241513261FFDA000C0301000211031170
:1051F800003F00B48AAD520512992EB3559488D059
:10520800A0B0B9321E59C25B6D092A528FC8007509
:105218002568DFFBC932FDB96A7C445ECF4BFBB918
:105228000E4AE9964DB9D75B68A8BAD9CF51D09242
:1052380032CA3216E9FEA5292D838CE31BDF2E9294
:105248006B80C2BB79DDF49AD9BEAEFAA4AAA6E0F7
:1052580057149991587495269885805A756DF875E4
:1052680048C749AC6109E55119291A08F1B6D6D5DC
:1052780081C334089BC3C4BD6E6D56FAA98FB7D2DB
:105288006D94BA5F92C73770FBC9271D427BE564EE
:1052980004FCD5E0CE39ACDE788D3757B4D77065CD
:1052A800CA5A6CCB02874E8A14790CF71D92E91FF3
:1052B8003E52848FF475792F1616BFB4D771A1CAE0
:1052C80040BBEC2A0D4A2F30E7FB12DD8AE81F228B
:1052D800A2B4FEDABC97888374C6DA7E37A8AFDC3E
:1052E8001B4976CDB5B7220C7E75D3E448530A9294
:1052F800948F81C4A55CAB4F90751923B730C76DE7
:105308003FAE9738825B4D79D4A14AAF709FC44AAB
:10531800E6C5A656DF2C44933D654ED16ABFD975C4
:105328002A51FE5A95CBDC1C7707C14AD665F54D44
:10533800FB1CDDBC8D7A42A8DE3C2ADD1559D02B3A
:105348002B7DD934075125682C5663A494212A074C
:10535800F9721A053E8496CEA9F15FA78F839DE066
:1053680091BB5B411135C796AB8ADA5FF08AB0739F
:10537800F98A5A07E1B8AF3CA918CFD4956B72EEF9
:105388003194D54778DEBAAA4FDA76FECBDB92C3E2
:10539800155DC3A8A61BCE7363A301A214FAD5E8B2
:1053A8009F873F48568CBE1C7E9317E7D06B33AA65
:1053B800FBA9221257626DCB6D50AD3A6BC3F0E773
:1053C800CCEFD04A93FD5921729EF5CF29F886B3C8
:1053D800FD69EED97A73169DB1707171B9AC0AB4D2
:1053E8008873151ADA8B2FB8A8D65CC9EB2879A16F
:1053F800AEEAFCC1C7C3AA7D57E01572DCB746E127
:10540800DD12AE1B86749AAD66AD2399C715952D2E
:10541800C5A8E02520780F00123B018034764D9E08
:10542800C070896E375D8EEDF3782A3DF56FAA0559
:105438007DFB6D11B9DB6622DC494A5F52872A94ED
:10544800AF3093EEE4673AD4C59B530DF4E0297767
:105458006B171EE4EDF56D6BAF4C9F2268A3A99402
:10546800371D4D8511D2688F85581DB3D89F4D378C
:10547800113223547AC5D1B7D743356A4CA9747A07
:10548800E51A4E50B4E50EB0F20E0823F304107B73
:105498001EE0EB0D9E0BFAD7A471ADC3DC7DE3B61D
:1054A800A9ECC6DC6B5D9547A8B2C000CA2D0E6595
:1054B800B24789E649EA37E8494EB5FA8CFE6E8B61
:1054C8009DEB78D46EBB5ACADF186FA91765AB2D50
:1054D8009A1569F1D96EBD1C7520C957D4A6D0B4E8
:1054E80028F9967E7A3FA7F8667666E289B7FC5B6C
:1054F800B6E52F0C5B1BD74166BB0DB4F66D129C4D
:105508004174A479643A97D3FE635A9C517988AF61
:105518001777DADDDDABFEB6CBE4FDCFB762DAF4A0
:10552800EC1F8265432A7943EA0C17C7E8345ED436
:10553800E81EDE2A0CCA631B63C3A505BCCD8F0A0F
:105548003CFA8369FEED5EA452A3CDF34365940F44
:10555800419D17E19F444E3DA9D176EA89B5FB29C3
:1055680043F729740A3B9294076EABCA506CB87E15
:1055780064A1C57F99D397031E790FB85EDADBCA99
:10558800E38B736E3597426AA95BB798446A0B0F31
:105598002D0841A83A40EB02B21254CB654B009F4C
:1055A8008B97D3449ECDBE961BB4FB5D1765767D65
:1055B800AA4D72B265D4D2D99D5AAACB779897963C
:1055C800B0E3BEFABB86D273819C7627C49D6E4D2C
:1055D800316EE8896ACD8352A1B152A64D6664390D
:1055E8006A5BEC48655CC875B52894A92478820E76
:1055F80090AF7F68A6D1532DEBBE0EE9DB91D28622
:105608002B8A312AA96D38426625394AFD32B4837E
:105618009F9A7E7AC653DB78DF4F6FB31EE7951AE1
:10562800F9BBACE53AA316752DBA80467B075974C9
:10563800233FAA5DFD86AC56416711312D1DA9DEB9
:105648002DDDDB69B5BA6D2E0D6A2B558A7477E4AA
:1056580021BFC7EAB521094027C795C7D007A1C60A
:10566800AB0CA96395F5C4D8BE1F376D85FF00D96B
:10567800B4AE5934771E49F16448EAA067D3952A35
:105688001FAE8F4BDA357FD47EFDEE1C98CB573A90
:105698006EFDD27D0AFA9A614D32DFE80485EAAAE6
:1056A80026BB5CCB7B99ED089B52780723D3AB953F
:1056B800094807B8088885B6CFFA286FFD699D8B19
:1056C800C449FDA7B6BCB4576CABCD0D1315E89211
:1056D800298E2C0EC9710B0E241FCC2D5FFC9D59F1
:1056E8002C44FE01A810691B0316BAE4742D9AC550
:1056F8004E599D919C72AC21B5FE9CB8FD74E3D0C7
:10570800CBB17388A8F1697B117CCA555DF623FF7C
:105718000003949095B81682548212073027B92056
:1057280078F9E9BD09DB93C2736ED57874B14A2A5A
:10573800C3ECC8A5A1A52238C2B992A505254AF18E
:10574800041EC718D53A57B2D7C4AD4605C94EDFAF
:10575800CA1A054C22D59D40763A1FA817A336B31E
:10576800EEA8B2C9480D13939209CEB37DB53D009A
:10577800DC35710DB6FC2F3B75EE96E0CF783EED2B
:1057880028D2A8B4F8ACF55F9B2D6A0B384E4008B8
:10579800486D3CCA2401CC3C4903562B228B6FEF41
:1057A80026DBD76A5765E1BDB42A9DDB745CF12618
:1057B800AD735F6D0F74E73CA1D35A4A960A128401
:1057C800E718EE3000181DB576CCD095B3DC48DB71
:1057D800B23627FE36D41E9E2426F76AAD6DBAF37C
:1057E80040A1115C694DAD95AC2B215D4292918C25
:1057F8007BC7BF968B3832F22F5A35806F6DBB9EB0
:10580800FABB26F17252C9F554A8E49FDB596E8B96
:10581800BC11480F717D5979F3F88F315750CFFE7D
:105828008BA09FDB3A71ED9CBA3CDC426CE53B7C7B
:10583800F6C2A763CA710C4C5012A9B2543218961A
:105848008079147E9392957C9475AB36CCBA22DB22
:105858006BC56DF7C2A5AB51D8FBA36C9A9353A443
:10586800CD78B6654853411D4392149093CE927BF0
:10587800A540E083ACCBAE1AB37C855BBBC536ECE8
:105888006F25305BB5FA9B10684973A82990505072
:10589800D120E53CEA24A960790271F2D16ECC925C
:1058A80030D99E28F76F6363AA996855D87E90E32C
:1058B800A5E5D36735D56798F894F70A413E783A55
:1058C800A5B1592A737571013B7D61562C5B1F6622
:1058D800A342BC371A6434D6664396E3C66160FEB9
:1058E80018436AECDF86547380324FAEADED6B45DA
:1058F800B3DA43B34C6C55C9B6B6475D2FCF5DAC30
:10590800A9F537927DD725B929D0BE5FA5212840B2
:10591800F50907CF5B93518B775BB81EE1BB86BD5A
:10592800EDDA6DDBBB779EEDAA536AF65C0335842E
:10593800C57FA488513A4A57DACA794F57F1072FD9
:1059480027C876F7810827719D5C798D3D19D52583
:105958006D3A9536B4F620839047A1D48FD4AB5EC8
:10596800F5A2A69EF7DD5ACA1EA555E42C0305D05C
:1059780047296940FC3EA93AE4EA2F70C4DDC96DA5
:1059880071714CAD2EDDAAA204FAACD8AE3C61B858
:105998001096E425C092A38C019527C74CEC5E961F
:1059A80095AE8E6186F570E9B63BEF4F4B179D209B
:1059B800A2A0C20A22D56210DCA607A73608527335
:1059C800FD2A047A63459299744F6EAF663DEF1ACB
:1059D8005B8AB2F7128D3E293EE26A2CB91DD03D92
:1059E80009405A4FE7DB59F16BC985AFECC8BF6571
:1059F8004A41BC370E8902283EF880CBB25D23E5C8
:105A0800CE1091FBEAF15E462A9B606C9705363C06
:105A18008B9A936ED46AF5A7D05843E960C9A8CF8A
:105A28007719E9A0A538691E6700240F1C9C69D462
:105A3800C46EE4AA2E3786FE6FFDDAFEF4DC163D4E
:105A48006D74CA5474C271B669EEF42951CAD45A35
:105A58004774E79492ACA8F8AB24E32354BB566888
:105A68001BD9ADECB8B672CFDCDB460DA02A2DEE03
:105A78004DBA6DE7DE754B42A1A4AF9BAA9001E732
:105A8800382A1838F239ED83A65C8D8FD85DCADFC5
:105A98008DC2A558561DB53A5499B21099123A0AB2
:105AA8000C43679873BCF2F184212327BF8F80C908
:105AB800206A4FFFD9000000FFD8FFE000104A46D7
:105AC800494600010102007600760000FFDB004332
:105AD8000003020202020203020202030303030498
:105AE800060404040404080606050609080A0A0947
:105AF8000809090A0C0F0C0A0B0E0B09090D110DE8
:105B08000E0F101011100A0C12131210130F101090
:105B180010FFDB0043010303030403040804040823
:105B2800100B090B1010101010101010101010107E
:105B3800101010101010101010101010101010105D
:105B4800101010101010101010101010101010104D
:105B5800101010101010FFC0001108002F00500383
:105B6800011100021101031101FFC4001B00000212
:105B78000301010100000000000000000000070808
:105B8800050609020304FFC40038100001040102DD
:105B980004040405030207000000000102030405D1
:105BA80006071100081221133141510914227115F9
:105BB8002332618116426224334352828391A1C108
:105BC800FFC4001B010001050101000000000000E6
:105BD80000000000000500010203040706FFC400DE
:105BE800321100010303020502030803010000004B
:105BF8000000010002030411210531061241518100
:105C080061712291E1132332A1B1C1D1F014425242
:105C180062FFDA000C03010002110311003F00D4F7
:105C28005BCBAACC769E75F5CCC6E240AD8EE4B9C6
:105C38004FB8764B4D21254A51FB0078492CC7CFE8
:105C4800359AC737BDB1E64F3C7251A34CA76B706C
:105C58002C55C94E34CCD5B0772F484214378CCE4A
:105C6800E95BA7FE23A52D0FA5278AC9BE55805B32
:105C780008757F97E618F5E2F34CC2DE75BEA55DA0
:105C8800A913996A4952C5307362CBEB63F4994AF8
:105C980005259636E9653D0A292A28486F529F0846
:105CA800D78353E98F2A30E26AC732F6F3AEF51E7E
:105CB800CD3F88D3E28878C9950CA89224480A5722
:105CC8004878924F5B87A5049D8296090634AD0EED
:105CD800AF5575E2166F571DBEBEC1659EA590E013
:105CE8009513967C52B54A74C70617A7D8E53C4E5B
:105CF800A3D1F88BAECC7C8F4EAE928483FB0E3D45
:105D0800AC1C174AC6FDFC849F4161FBA1CED41E82
:105D18004FC21718AFC52755E0CB41CC700C6AE2CB
:105D280026E3AC4075E86F01FE2545683FCF0F3F7D
:105D38000552BC110C8E07D6C7F849BA83C6E114C0
:105D48002F6468EF3D75122EB49F2E9F886A7C08D9
:105D5800FD6E564B94E4754B6D236097508574BA6D
:105D680081E41F6F752371D436EDC78CD5742AADC5
:105D78002CDE61F09D9C36FA794420A964D81F2452
:105D88001AD2ACC2C2AA6DFF0029BCC7AAC21D3D67
:105D9800E491198913DD2B7B1EB7DFF224216A3FBA
:105DA800ECAD4527A81E9EE083D2A57014762B5132
:105DB80018B851DA7D5F9AC2B8CC794CCB6DE757E9
:105DC800DCC992EBB40F22638D7CADFC741534965C
:105DD800D61408665B20A3CF6DD4DABCF843B2476B
:105DE800BA78792ED6597AB9A41159C81F7159268B
:105DF8002CE7E0D6E1EDFC55A903F29D5EFDF752D4
:105E080006C77EFD685F1269BE141C2CAB5CF1648A
:105E18007656F498B68263B6298761A8B67E14E7E9
:105E2800C9ED16AE3FE6C8797FE0027A8FEC823D75
:105E3800784E3D13B47549C3B75476F36E75BDEA11
:105E4800B6CE178108F8D6054D25014CCA948DCCDD
:105E5800442D1FDC940EB9AFF9F52D49428EC78841
:105E6800A7F65EFA50DB5A6D845EF379A86C1B9B2B
:105E78004458390B0F8D395D7F895E38545735DDAD
:105E8800FBA90D1EA56FEAA0ADB6213B16D174B7CC
:105E98006AD5620386EE4F60A9AA9840CB84B3E422
:105EA800F935FE637F3F2BCAADE4595B59BC64CC1E
:105EB80096FABA96EACFA9DBC801D8246C12360044
:105EC80076E3B2C30474EC1142DE5036F6FEEEBC43
:105ED800F39C5E6E77473C2B965446A49B7F9AE4CE
:105EE800E9ACCAB1D34378EE22ED6A96B5564B9C1D
:105EF800D34854A7540210A58513E127A8A40D96EA
:105F0800013B00751AC73482381B763B9DBCF7EA03
:105F1800D69381FBFC969653802EE3916575CBB999
:105F28001CCAB2EC1323D65D379ACCF93FD497DB61
:105F3800E2ECC44B4510E3D8C869298C47652C2589
:105F4800BDC3640053B04F7001C50712C504ECA46B
:105F5800A9161CACF8B7C968391E77533485EC32DA
:105F680037B9C794AA505F5E627770724C72D24D8F
:105F780065B563E991125B0A28758753EA0FA7A8EC
:105F880029236237041048E3D4CB1327618A4008D9
:105F98002323A11FDCE3C2C6D7161B85A0792D15C4
:105FA800573D7CB931AAF45591E3EA7624D390ECB5
:105FB80023B036F9C5363ADC8FB79F4B883E2B3B6A
:105FC800FE95128DF624F1C775CD2CE9554621961C
:105FD800EED3E9F4D91FA59FED5809F2977CD32E8B
:105FE800B5CCB07C375B224A7119861D2E3E3973B9
:105FF800287675D7181E3D54C5FAF594216D289E4C
:10600800E54DF73B9E035EF95A76C266347B2987D5
:1060180083737F0AD6A426362FAED8FB37919A49C8
:10602800FA1A9AE37E2A93F70F21F1FF00736E1C88
:1060380060A6230A9FCDC678E3BAA9AAD92B2EA8B1
:10604800AB16A18181D514ABBA24D8EEF4C527D9F3
:106058005F2E149FB2CF0C77486C857ACB8CCE8B91
:106068006DA69CB3E3A8FF00594F022098D84EDDD7
:106078007796AA4ADE52BDCB6853681EC94F08A757
:106088001D4AB67C462242C11CD2CD14C7F76A9F6E
:1060980017C7DD90DA3C829D52D2D78AAFF2212B06
:1060A800513EEB3C748E0985AD8259FA9207819472
:1060B8001F5175DC1A803A13885AE4790CC9F40622
:1060C800AFF1DAE613FD3AC5A484C68D2ADD6B0963
:1060D8006901E70783E2B482B7D0DAC8EB5369D81D
:1060E8002BA483E97549DB1461925F94FE2B0B9016
:1060F800DEB819B1D891B79BAC7134B8DC6FD168F0
:10610800DE43A3F51A13CA14DC52D724538E437600
:106118000D9DEDD4C538F75BEAB28CF4A7BD565097
:106128000851091B9206FDD4A3BF3C8B507EA7AB38
:10613800895ADB0370D68B0C72901147C42380B444
:106148009F7F9A22F2B52EAECB4822DB5159B76316
:106158005B67757B3E14B690B425E61EB492EA14CC
:1061680012B0143B2F62081DC1E076B6D7B6B0B5A1
:10617800E2CE01808F50D00ECADA620B2E36B9FDFE
:10618800567373E78660D43ADD659069D48448AD68
:10619800B670A6DC44655F290EE87D4FB09740F0E5
:1061A800D4E29252EADB49250A27AB6EADB8E87C07
:1061B80031533CD44D8EA065BB5F72DE9E0640EE27
:1061C80085D635824BB5123E16594CB87A9798E168
:1061D800C5C598B654CCD8F46FF487987BA3AB6F39
:1061E800728736FE381BC6B007534731190E23E6AF
:1061F8003E8ADD39D6716A80D76C322E13AD1ADD2E
:10620800A7F0190D565B528C962B206C96DC69E62C
:10621800A50200F62E4A03D82B6E39A919B23436D6
:10622800BAFA5CBC721680E80EA9B29DA5E0F97CAA
:106238009A85B9B79B22478C949FE011FCF0BB1458
:10624800DD48505924A1A83A83060ACF5359C6B04D
:10625800CC7DC1BFEA65B7988CD8FB042CF0B72970
:10626800ED60AEFA2894EA67C41AD2FA49F1D985E2
:106278007B756482AEE3A63054764FF1BA08FB0E04
:106288001017299D86A90F8A9E23319C9F05CF1040
:10629800D28C5930A4D33AE01B84BC8712EA01FBA4
:1062A800A4AB6FB71D1B826A1A629A0273707C6C6A
:1062B800846A0D3CCD72AF727D8F55E27A4F2F56AE
:1062C800F2AA962F304B8BA918E6735B2D91223CCE
:1062D80078284B4A8965E1107B30EAD41C3B6E1B59
:1062E80073AC7E8E34EBF33E7AB14919E595A03D47
:1062F800846326FCCDBFFE85ADEA2CA14AD0D673B7
:106308009C8BE51C79B8D28C274FF96BCAEEF15DEE
:1063180040CAABEA64448CD41A6FEA05CBAB94A7A5
:106328001E6FC3690DBFD6A08237500DAD2004EF94
:10633800E5C03D0ABA5AAD4638E58DA4826EEE5BDB
:106348003860DCE2D9EF70569A98DAC8890E3F3582
:106358001FC97E9DDC6A8F2EB8F45B6D5FB7671529
:1063680086F4D86FE3D42135EB2B1214A5B72A6A2B
:10637800097D7D417BF4B65BFA5406E7CF8B388AFA
:10638800AD947A8BCB211CE6C799D9E832D1B63BBC
:106398009BA6A5619221777840AE6AABB10871756A
:1063A8008310C571955357E0D94E2EC40619B071A4
:1063B80071501D86E21DF0A31FA182AEC54A46E5B5
:1063C800646EA249DF837A23E671A796477317B2F2
:1063D8004B9B0BE08B5CEE6DD2FB7459E703E20D2F
:1063E80018042B4FC2C310992B3DCD33A5347E52D0
:1063F800BAA98AA42FD0BEF3BE2280FDC21B1FF902
:106408001C66E35A868823A70724DFC0C7E6A5A72A
:1064180036EE2E5E5AFD6F1F2BD7BD77CC222D2B63
:10642800818961AAA22F03F4FCD3AB8F1929FDCF70
:1064380088B787FD078E6C774636002ACCA649E4D4
:106448004B1983D3F9F61A90EFCB0F53F494F6FE59
:10645800786E8A5FECA87A717296F3AD239F217FDC
:1064680043598192E13EEBB28E49E1048A2DF21C38
:10647800FA4F35F6FF0030478AFD7DD74EE773D5D2
:10648800F3482AFF00EF126EEA2ED93D5CC3E89D5F
:106498003EBE696DAE9F59BE98B21F09915D3549E0
:1064A800EAF9498DEE5A776F51BEE950F54A943DA5
:1064B800B829A4EA2FD2AA5B50DC8D88EE0EFF0023
:1064C800CACF3C426616959938C6BDF301CA1C0C62
:1064D8009741DFC769623CB9CE4990D5B41327C349
:1064E8002E20216B6BB84BCCB8948209DC11F723B2
:1064F8008E933E9941AF3995E1E4E305A6DB77EA4F
:1065080008425B3494C0C67F3412BECFB32C9EA61B
:10651800063D75924E914F54B75CAEABF18885003D
:10652800B8A2A50619DFA5B1DC803BF48FA53B0E08
:10653800DC1A8A96185E668DA038EE6D936EE7F5C4
:10654800EEB397BDC3949C295D36D66D51D209AF81
:106558004ED38CDECA8D524A5525A65695B120A732
:10656800C8B8D2C142B61EBB6E3DF8AAB34FA5AF9C
:10657800686D4C61D6EFBF829D92BE3376957DB52E
:10658800D55D5AE65E72F4E6AB03C7A464999D9C98
:1065980039B6B369EB951E55BBB19050C392495AB1
:1065A8009B6DB692A254A4848DBBAB7F2E303686E9
:1065B800974767F9323DDC8C0400E370DBEF6EA689
:1065C800FB595DF6AFA83C8064A78EC67E29C81724
:1065D8002CB1F1A853A2CECC6C92EAD923B19B6816
:1065E800E2478920A4F70C3236F3F44253E6AE3979
:1065F8008EB3A9BF54AA74EEDB603B01B7D7D51898
:10660800A68442C0C4A56A2C57B4BB4069712BB795
:1066180056ACBB53A7A731BEF14EEF335EDF57CA66
:1066280021CF5EA71C5A9D20FA9FD8F022D8B2D05D
:10663800325152A713726C8E58797D31D264A147BA
:1066480035BD681DFA10EAD4FA42FD8F4248FE783B
:10665800976098F52955724C8A48B4D2D23A5EA60A
:10666800B792A1DF7D94DB8D3A3FF68E22A48C9CF5
:10667800AF64231CE7129E5B61418B2BAB280A0990
:10668800FF0092507548DFECAE8E1C6E98ECB57F1B
:1066980060A1B2B8B08BAAD0EB59797FD2CD76A7DA
:1066A8006EAB5131B6E6391F71127B2AF06644276A
:1066B800CCB4EA7B81EE93BA4FA83C10D3F55AAD1F
:1066C80029FCF4CFB771D0FB855490B25FC6126F26
:1066D800967C2A2519AA5E0DAC0DA6328FD0CDCD99
:1066E800615B891EC5C65437FBF4F1EBA0E3700566
:1066F800A7873E87F63B2C2ED3BFE5CB9C5BE151A9
:106708003BE710736D6167E592ADD6D53D594B8A6D
:10671800FB2DE5909FBF49E1E6E366F2FDCC39F534
:106728003FC24DD3B3F11474BA85A07C8269B39784
:1067380038E622EBB6568BF938EB3BBB3AD6400528
:10674800410EC823643600DC8EC91E89278F21A814
:10675800EAD53A9BB9EA1DB6C3A0F60B7C303221C4
:1067680066849AE33944ED76D4DBED77D7292AB0ED
:10677800C6F088ADDAD8D7B0094A9B2EF443AE618B
:10678800BFED42DE290A51EC402547EAEC2F73722F
:10679800B46C145533777CC56B5D867FA9AB2CD35D
:1067A8003087720BF53442845A88890A319846FD3D
:1067B80047E90965200FEF528EDDF86DCA5B04D2F8
:1067C8007244C586B16AC67FCCC644C36D29F70535
:1067D800354C549044464A52AF0D3EC10D2596C7DC
:1067E800B9EB3EBC49BBDD45D8C2FFD9FFD8FFE0B5
:1067F80000104A4649460001010200760076000072
:10680800FFDB00430003020202020203020202034A
:106818000303030406040404040408060605060921
:10682800080A0A090809090A0C0F0C0A0B0E0B09B9
:10683800090D110D0E0F101011100A0C1213121061
:10684800130F101010FFDB004301030303040304BC
:1068580008040408100B090B101010101010101069
:106868001010101010101010101010101010101020
:106878001010101010101010101010101010101010
:1068880010101010101010101010FFC00011080088
:106898002F004F03011100021101031101FFC40071
:1068A8001A000002030101000000000000000000BF
:1068B800000006070508090400FFC4003B1000019A
:1068C8000303020305040707050000000000010296
:1068D8000304050607001108122113143151610938
:1068E8002241711523243252819125334243627229
:1068F800A11663828392FFC4001701010101010000
:10690800000000000000000000000001000203FF7A
:10691800C4001E1100020202030101000000000071
:10692800000000000001112102311241516132FFC3
:10693800DA000C03010002110311003F00D46ADDE4
:10694800669B6ED1E757EB32D116053A3B92A4BC51
:10695800B3B25B6D092A513F903A88CCEBE732D449
:10696800AEEB867F11B7B3924D38C95D3EC4B6947D
:10697800F2D0D492D1FDFBC9491BB2D9214BFC6E90
:1069880028237D81DB0DF6748E85B55EECBCE85757
:1069980002AE3AE552755B25D75D4C84256A52D51F
:1069A8004B2E6DD99E41D0C9208E446DB360A7A7E8
:1069B80036C1208F2B11AC69C22C78F7D66D9F2E6B
:1069C800E8CA5351DEE25BAC48ED4D2C2FA85BEAD8
:1069D80051E54BA77DCA95B91FC20F53A75B32E596
:1069E800E88BB97DA5997EA12946D8B52DBA446D05
:1069F800FDC4BCDBB29CDBD545491FA246AE45C5EC
:106A08001D9687B4C7254094DA6F6B2A8757884844
:106A1800ED0C22E45780F424AD27F4D5C8B886D706
:106A2800C5B58EF8C9A14DBFB015DD3A857F446B59
:106A3800B6A8509F96A60CBD87F1202B942BE01D7D
:106A480046E93D02B63D43FAD17E7629715DCF3FD6
:106A5800245BB54E1333248950AB4D3EE3969D42DB
:106A6800A0A507E9D5546FF65714AEBC8E1DD23FCA
:106A7800B88F8A7615D31756881B0EB17CD76C5BF6
:106A88008F0EC8AB5569D79582F48AF5039242D028
:106A9800F7D49FB7423B1F7BDD4F6A91D7AB6AF3B0
:106AA800D0BC27E9A2BC3B6588F9A31250EF70A4BB
:106AB80009CE35DD6A4DA7F972DBF75C1B7C013B1B
:106AC800287A286B69CA30D4315DC6F5CD3A7D0283
:106AD800DAC21439E22CCBF6A1CB39EE6DBBBD314D
:106AE8008D96FB8AFE91D09F442B465E0E3E94D134
:106AF800FAC52AA0ED6336CA8094DAF6796ADCB161
:106B0800A96FA776DE92949EC4A927A283690A90EA
:106B1800EFE25AD20FDED67E9AF874E2F6158AF1C1
:106B2800F54B8A3BBDB13EE4AACC769F66B530737F
:106B3800F69395B97EA0B07EF06FAF2FF5FE5A950B
:106B4800593BA1271A1DE592AE870448B53B86BD7F
:106B580055794F381B429F7DF71477528EDB9FCFB4
:106B6800C068D88D08FC17F12D2184C818C65B6948
:106B780050DF6725308501EA0AFA69E2C39222D814
:106B8800E1733349948851A854B76438BECD0CA238
:106B9800B9094B52BF084877727D35432941459959
:106BA800C3AF1538E6AECE45B3ED47A3C9A12D6FE7
:106BB8007798B508EE01D9EFDA36A0970F30D810DC
:106BC800A41F1EA354345298F1CF164523895C257F
:106BD8004BE29F1B42EE376D2180E5663C6E8B735E
:106BE800B03F5A3A75ED1A23992AF128FCB4BB52E2
:106BF8000A9C08DAFE445B57B63CE26E9C84266C1D
:106C0800D7D11EE36D0364AEA1179112091E4FC7B9
:106C18005A16479AD7A27B18E8B41C2B486B14F174
:106C28001991306B0F7EC3ACA11725006FEE9694B7
:106C380012B013F369D48FFAB5A54E0CBB522CB819
:106C4800BBBE5C9395323D698794A36E51A0D9B4BD
:106C5800DD8FDC91377724A93EBD887D1FF21A1B92
:106C6800B15A15F976D798EDCD8D3867B786CF52DA
:106C780061436A6253E0AAB540A5D7D6AF3E54AD8A
:106C8800B4FA04687E0AF42CF681310ED2B92C3C91
:106C98005144476347B56DA6C476874054B71495E9
:106CA8002C8F321A4927CC9D391620CDF152AD7060
:106CB800EB8B6D2B36CD5AE95705F5484D7EBD59FE
:106CC80067DC94A8EE28866234E0EA84009255CA0C
:106CD8004124E8745B1BFC0B5C53AD9B1EF3BB7239
:106CE800F5E8ED3EC9AB06E0C2FA5262F6932365B9
:106CF8008794C731E63EEA82494F893E634E3F4357
:106D080022628B83383FA5D520DCD6BDB993EB4EE4
:106D1800C292DCB8A98B4F9AB69C5A14149D945A07
:106D28004EE3703F887CF4C22960B66BBAAA78B784
:106D380018556CBB42893F1B5BF724E915075AAA13
:106D4800CE122B75575DDB9D0DB2951EEECF400A16
:106D580094A076E9D49EA3A256C28F663D75C9F663
:106D6800EDF765CC1DAC365F8B310D2FAA7EB50BC8
:106D78006DC1B7910DA74E259153329D5EC0B12BC1
:106D8800993F0E2AEEA525749B99A95488C6524AA4
:106D980095CAB75A5213D76E6ECDD46E3FDBF4D670
:106DA8005A14C7C5DF7B49B2EA380339C7594C8939
:106DB800966BB4B94E0FE62A3B6B6BAF9FEF07E9B2
:106DC800A7565B9402DCD50FF5E64E8B19E3CE8B04
:106DD800B72A4971C1E3CCD36EB0D37FA079CFD79E
:106DE800416837C0894649E3EEB1714A01C6E0D42B
:106DF800EAD506F7EA025AE669AFD3746DF21A5576
:106E0800B074894F69C5A12E2DEB6A5F28654625A8
:106E1800429AE5356BDBA25D65C2B00FCD2EF4FE5C
:106E2800D3AB22C4B117CAF045030359F7B66AB504
:106E3800E91574D2A8B0D34E6A4C74B8FBAEA994C5
:106E480010D340F53B90371E1F13AD388B32A66820
:106E58005958D907015BF253963395E16FBD71AD6F
:106E68003FB1ADC8604A62DD863F76C32CB40A03E1
:106E7800BB6DCCADB7DFA68AEC5A7A44165AF693A6
:106E8800B2A8AF5230CDAEE21C50284D52A89002A5
:106E98003D50C83D4FF71FCB43CBC158FA524BB6B4
:106EA800F0B9EFAAEC8B96EEADCAAA54A52B7724BD
:106EB800485F32BE43E0903E00741AC9A0B6D3E2E0
:106EC800D2D8E19F0C644A15325545590AFA8820F0
:106ED800518C24A76A6B696DC4F7A75648E5F79DDE
:106EE8003CA13BAB746FD075D6F131915769194B02
:106EF8000F41B1EE1B66A18D65542A3588B19B629E
:106F0800A7216D2DF65F4B895BEF768473052CA462
:106F180081B1F051074C32943BACAE23E9996B0E2A
:106F2800E2EC072624D6EE5B23E94684A7794B32A8
:106F3800E338AED1B0820EFCE842483B8F86E09D34
:106F48001922C58C9B16B496EFAC6B50797D1ABB91
:106F5800152564FC0AA5B249FF00035936C7070185
:106F6800521278A7AF76E7775FA754F627E2AEF01C
:106F7800D93FE01D38EC32D1793880C3349CEB8D91
:106F88002A163D41686252B6934D96A4EFDDA520BE
:106F98001E4579F29DCA543F0A8EB4D4984E0C9F70
:106FA800CBEACBB46AD318FB2D4FAAAE4DAEDF7334
:106FB800871663854DB4C8E892D1F0520803650D71
:106FC800F71B75D7373D9D147400F8786A23DA8863
:106FD80039C3B876F1CD97945B42D082B595A82A8B
:106FE80064B524F63099DFDE75C57C0790F127A0DB
:106FF800D4949370273DA276151317F13D56B0AD82
:10700800E42841A352292C214AFBCE2BB9B6A5B8B6
:10701800AF5528A947E7AEAA8E4EC3BB0312F0AD01
:1070280053F6725E3986BF4CA9AF24D22AEAA5A2CC
:107038007A5D78763396B498ACA100F665A5347776
:1070480051209DF9BA8213A88AD3825C71ACAB43F4
:1070580071A5A90A1DE76293B11F66775116FE6DE7
:107068000AE3A07D1EFAA0943D49AB4858FAD41E05
:10707800A92D28781F3075C8EA38385172AF6F715A
:10708800674DA92211EE93EA13A1B84389E88792C4
:10709800E72F4DF7E87975A5B07A35335B3980B9B4
:1070A8005309E35CCF4A4D2B205B6CCE2D0223CADB
:1070B80041ECE4C727E2DBA3A8F97507E20E86A432
:1070C8005382AADCBECC1A1BF296EDA394E6C461E7
:1070D8004494B350A7A5F5247973A168DFFF003A5B
:1070E800CF11E4765A1ECC7B3E0CA6E45ED91AA5D5
:1070F800556904154683113142FD0AD4A59DBE4049
:107108001F5D3C4B90D0CA17A63EE0E31D3142C636
:10711800962302A7520B14F88D0E5438E24005E965
:107128002F28F32F6DC74DCA8F80D8750BAD125C11
:107138008C6AE2B6D0CB978DC154E20AF2067C5A2B
:10714800ACB6E24D9AA90D733727B3F75B0D85737B
:107158000472246DCA36006DAB16592816B4ACDD1E
:107168007751F07D7701458F4F36EDC15C8D5F9289
:10717800EADA5192990CB7C894A55CDB0411B120E6
:10718800A49DC788DCE9323C3D9E7C28DDDC43E5D4
:1071980064D6E3BED53ED8B75A7D7519EA7505C0E1
:1071A800E38CAD0D3686F7E624A94093B6C003D725
:1071B8007D86A23FFFD90000FFD8FFE000104A46B5
:1071C800494600010102007600760000FFDB00431B
:1071D8000003020202020203020202030303030481
:1071E800060404040404080606050609080A0A0930
:1071F8000809090A0C0F0C0A0B0E0B09090D110DD1
:107208000E0F101011100A0C12131210130F101079
:1072180010FFDB004301030303040304080404080C
:10722800100B090B10101010101010101010101067
:107238001010101010101010101010101010101046
:107248001010101010101010101010101010101036
:10725800101010101010FFC0001108002F0050036C
:10726800011100021101031101FFC4001B000003FA
:1072780000030101000000000000000000000607F4
:10728800080405090102FFC4003A100001030302C3
:1072980004040306040603000000000102030405B9
:1072A8000611000708122141131422313271911579
:1072B8002342516181174352A10916336272823405
:1072C80083B1FFC4001C0100010501010100000099
:1072D8000000000000000005000102060703080482
:1072E800FFC400351100010107020403060603016B
:1072F80000000000000102000304051121310641CD
:10730800071251611322718191A1B1C1D1141624C0
:107318003262E1152342F0FFDA000C03010002118A
:107328000311003F00EA2572B34CB768F36BD59997
:107338008DC4814E8EE4B92FACE12DB484952947D4
:10734800E401D2C326E63DF7BCD51BDEBD51E246BB
:10735800FC7257D8824BB4DB0AD572538D33394C43
:107368001C97A4250A198CC9295BA7F98EA92D0396
:10737800849D7326ADD00A32E6BD77DDD40ADB974B
:1073880095E1579D57DC9ADAD135A6A512A1470E8B
:10739800005A796C7C26528149658E5E565050A5FC
:1073A80024ACA4089A52A70CE698366A7B61F64684
:1073B800DFD956E26ECEFF004B9955BE671F3F4D91
:1073C800A138FADF720151E60FBE14AC2A41CE7221
:1073D800AE8827A655922B1A8B57CB34D22B16AAD8
:1073E800BC50A842727EDEA7E2C6A4F208E9E2BF5A
:1073F8004E9A2058A8D80FB9EC2FE8CD6AAF1417C9
:107408003BCF2BEC7A0D3A1B5938F30B5BCBFDF1D4
:1074180081F4D6491BC62982D4441B84A46DCD555A
:107428001F980D7D86E1DC225357EF54A3DA807C48
:107438005BE695C4FDD4CBA3ED8A0D36637F883017
:10744800A532BFD892A1A503C628F76A1F8C7295EA
:107458000ED549FA8678AE1E412D3FA77AA49FE43F
:10746800011F46D1EEE6D7597C52D31FAFEDE5CBCD
:1074780036D7DC08AC821B5CB7596E62523A21F4ED
:10748800215CAA03D83A8F527F1023A6B59D37AC4A
:10749800A5DAA524422B95E0CA0D398771D477184F
:1074A800DC06A0CE34EC6C8D557E9AA0FF00D0C7C8
:1074B800F47B169A36AEF09D4A995FE13F88F35007
:1074C8008947ADCAF2D1E4541D52DEB7EAFF00C8BD
:1074D8009085A8F5654A29390797D4140F2A95ABE2
:1074E800583B16067A86D66DFC0BDA0D62F0E13E43
:1074F800EBAB4DA7D624CA71DA03CDCC71AF2B5EA6
:107508008CD953410B0A04332D9CA319C654DABDF8
:10751800F4874673D435C5C176F2CBDDBDA18CC5E1
:10752800C0F38BB96D673EC6ABF8A7EF16A40FBAC8
:10753800757DF99481824FE242F5249AD9A0A1463B
:107548001AE38EE5A8D5A896B6C2DBD504C49FB8C1
:107558009520D4E7C9E91A96C7DE48757FEC01255E
:1075680047F46C8D25746748ADDA3676B343AC4C76
:10757800ACEF6C8A5A556658BE05B76251E48CB5B3
:107588002A52413152E24FC4940E79B23DF9D6A441
:1075980024FB9D470CEC6FC2AEDF96A354B89EDC6B
:1075A80036955592CCF719B75130F319F56528A9D6
:1075B800D9AE67AA8364A883EDCDCC47B0C567551B
:1075C800EA1469A962A372B3640EAA38AF6193FD85
:1075D800B1C90CA55398E4C3D6891751E8919F699E
:1075E800C0670AEDAAFDC4C26F0B92BF4F822AEF93
:1075F8002FC0915490A42A62D3F1148093848F6091
:107608004E00F61EDAF362E4D1F3777FE5A62F92F7
:107618008F149E553C510554C94D126C315341800D
:107628001B6444C21A5EB32E8374A597605421204C
:10763800F2838AD4E4E4E4D5BCFE16DE2FB28934A2
:107648009811AAACB8952D2BA74D6A405007048411
:107658008214707DFA74D32F44CD9690B85407A93C
:10766800209050B4AAB4B1B035B6F6F565F9925C7D
:1076780085143F59764679D2A4E6E2E453E3E8D983
:10768800B4ED91DCEA960A6D7763A0FE294F36D0F7
:10769800FA124FF6D7D707C39D4717887291D5447A
:1076A8000F8135F837CF11ABE4F0F51E3D7B24137D
:1076B800FD7C5B713F64B70EC9A5B978B53E134F21
:1076C800D28799222BCA2F3413EEA07001C771DC20
:1076D80067DFDB461FF0F67DA7A1CCD92F1214EB8C
:1076E800CDE551A80324580F51B861CEB574AA70DE
:1076F800FC4B8A1443CF2F980A5FA8FF00D7E8DA1B
:107708006DFCDA2A7714BB41FC41B769CDA2FF00B2
:10771800B6585B4B43431E7DB40E65C5577F50CAB0
:10772800DA27E151E5F651D6DDA43512753CAD11E5
:1077380066CF0795406CADC8EC45C7B9B34D432833
:107748003248D5381742BCC93DBBF7183EF6916F91
:107758004BBAAB7858F66EF4C294E26EFB3E547B9B
:1077680076B127243AF38C0F1E99315DF98A50B609
:10777800544F5E66BAFBEAD15DD825366A5F67EE7C
:1077880088762717F06AB4A2962D7DF5B7D9ADC6CD
:107798006D3FE9B735C4175491DB21E43C3FF6014E
:1077A800A90B1689BB07F1737E38FEE9EEA5CACB93
:1077B800D936B50A05894A20E79255432F4C527F9E
:1077C800250612A4F4FEAD32B2D24D832B378ED9E2
:1077D800A845AAEDAF0D56F3644BA44089E71B48B2
:1077E800C15D72AA52E3CA50EE5B429B47FC53A4A8
:1077F8006F60C8756B0B79E814DB028F656D8505C2
:107808001E152EDDA50432903E356420AC8EEA3874
:10781800528FEAA3AC0B8C918A3130F083F684A99D
:1078280054EE4D3E41B54E1DC3A7C07F134B920584
:107838007B018F7B31D522954CD88A154AA2D52B4E
:107848002D428C96975180663485A8E0FA07ABA83C
:10785800C8C8F9EADC5EC342E8D867F101164240BD
:107868002F11CE05736EE181074FA2353BE74E8A93
:10787800AEA51210BE4361D4F4608A3EE0B14398CD
:10788800CCFA4BF6332FB0CAE3B4B4D2A747296970
:107898006A0A527A023054339EA754D82D50EA5CB3
:1078A800F12F61950C0A4103FD6F51406E7008BFBE
:1078B8005A55AC715245C6BA2EA212FCA49048E79C
:1078C80074AB8140720E2C2F4625677BEE57A82D8E
:1078D800D4652ADD80F3D507A330B79B94B43ED393
:1078E80068195B684A4A8FA943DF1F5D585D7102BA
:1078F8003D7049887A5D20A96A4A490F28A09A5D97
:1079080020024F98D2F4F9B08568F831145D243C10
:1079180058080A34E4052546C092698E956C81772B
:10792800DE571DAD79C7AE4565D808A238EC696C3D
:10793800D39F8895B8A0429090EFA940019CE35D41
:10794800CCEE6D3596CC5DC6A41741C9295076A4F6
:107958000AD0D8735CDBE2DC4CB25F2F8D83543ADB
:10796800885F8802925695900508354D87A30C705C
:10797800BF5375AB8EAF470496A443449E5EC1685F
:107988005E33F456AADC1E8D52239FC257CAA4F355
:107998007B5273F1635C44864AA11CC41174A88AA3
:1079A800F623EE1A46DF4B2E3D91BCFBDD60539962
:1079B8000DD36AB45172C5640C25B75A75A9492903
:1079C8001DB057253F256BD03BD1B2805B21CADB68
:1079D8009076076077499FFCBB22EF95485389F75B
:1079E8002C26478A94FCB008F91D3F766DDB43725C
:1079F800CD4DFD7F4288EABC46EF5DE19B21EEBF9D
:107A08001B0D3AC466C7C8256A1FBE91BB2638D964
:107A180054B7B9DFE20953AF493E3B112BD5AA9AB7
:107A28000ABFA6302C307F6F411F21A6A554C8F984
:107A380043543C51521E4D4E875C09CB4EB2E4353F
:107A48002876503CE3EA09FA6B08E32402FC6868EC
:107A5800D02C4149F506BF225B52E1CC5A7C17F085
:107A6800B5B82143D0DBE618BE8B6BC3DC7D94A090
:107A7800D0D1537194B2CB0B714C729573B5CD962E
:107A8800CE7E039F72474D5BA024EE355E908584C1
:107A98004BCB009AF2D2B545472DF06BBD2CC023D5
:107AA800264F641A89FC4945C9552BD15BF7B6D5D1
:107AB800BB2A9CBB6AF467EB299D74D5A029B88FB3
:107AC800C1669D3663AFCAF343012E254940425330
:107AD800CC9F8B3F0E40CE759AAE77172F5C487FB0
:107AE80012B4512501DA94A52F9C7FD0F284815DD0
:107AF800EB8AD2AD774CB21E2C392E9CA57E64A899
:107B0800AD294A51C9920824A89A1F7E68C471AC4D
:107B18005DC2B8514E9AAA5542538884976056243C
:107B2800548C199114E0254D3A0025612B2A230025
:107B38001E550EBD700F3AD3D3B99A5D3E2E94A24E
:107B480011543D53CF0DE23981AA5592405548B0A2
:107B58003CA45EF401D5399541178EC2D2905442A7
:107B68009DA51E23B5530A1800914ADC8A8B8EA462
:107B780012AC55EDDEDFDD555AE56BCC4AA95191C3
:107B880015DE6756E6646140E14B393CC549C0EDF6
:107B980083A38FF4EFE599146C4C6BEE653C74127B
:107BA8006A49F30A8C9B9E624506CC2D13913D9A37
:107BB80042B8877744A1E150B016B6426C2801A9B3
:107BC800DD87385EA53CE572B15CE5FBA8F1511490
:107BD8001EC56B57311F44EAB9C1C815AE2A2234F5
:107BE800FED0909AF726BF20C6388B14130EE618DD
:107BF800E4A8AA9D85BEAD317101588B75EFD6FBFF
:107C0800DE115C0A816A59CAA11753F0F9A754C456
:107C180064A73F9F3ADD1FF43ADF0E496CA45986EA
:107C2800A5B3CDC0A5B104A72FD43721EF2E3B9F14
:107C38004941C7EFA7D990CB016DDD6129BD769683
:107C48006C857A5BBB9725793DDCA8C7C93F51A6EF
:107C5800DDA4CDBE039E078AFAAF8EAFBD7A0D6F45
:107C680019EEAF32927FFBA7172D1386E87EE259F3
:107C7800516FAB5E550A4A836E2F0E467719F09EF8
:107C88004FC2AF9763FA13A05A9E42EB51CB5E40A6
:107C9800BCB13749E8A183F7EC4B12924D5E4923FA
:107CA8001114EAE0588EA37FB8EE1A43948BBAC039
:107CB800AD3F4D5499D499F1D5EB4B2F29B0A1D9AB
:107CC800431D14923D8F5D795A21335D2D18A862AA
:107CD800A53A783342457A1B641C83BB6F0E4C046B
:107CE800EA192FD294BC7671500FB3B11B8EB862CB
:107CF8002B4F76AEC875EA67F982E1973696894DBB
:107D0800F986E5210F1F0F9B0AC1524918F7E87B36
:107D180068EC935CCC9D4739FC7BF2B72143982AE9
:107D28008AB56E6E091D6C6AC2665A6205E42BD16B
:107D380008E825E729A11517DB0697EEC77B85C458
:107D48003D56056E651ECC4405468EA0D89EB05D96
:107D58002E2B1EA2919E5E507A03DF07576D55C5E4
:107D6800389848C790728092949A739F354EF4DA87
:107D780095C67AB56641A19CBF854C44C39B99576B
:107D8800E5C53A577A90CAE935CBF7742AF1A93292
:107D9800AA132AD29E73EE23E425A41EEBE5002540
:107DA800200CE544741DF59B2E613DD65148855B3A
:107DB800C53D59361B0EF41614DCEC1AE8884956F2
:107DC8009C70A7E8425DA40B9A5CF6A9B9AEC37390
:107DD800B3323773726DEE11B644B51E5479375508
:107DE8004D2E229CD67AC89AA4FADF503D7C16867E
:107DF800093FED4A7DD5AF4D696D3EEB4CCB510641
:107E08008BAB2A3D5472476D8766C4E7936793B876
:107E1800D544AAC3091D13B7DCF768837122BDB521
:107E2800DB0745B4EB4EACDDBB9939378D7CBA72B4
:107E3800F334F6B9BC9B6E0F7E6716B5BC41EE4FA6
:107E480071AB11C309FDC59A949B51736470C7C384
:107E5800D960192DA8DEB5D68752DA1D5A9F485F1A
:107E6800E479138D3F40CDB55A575CA91448B469DD
:107E78007D52F51EAD21C4E0F50A6DC69D1FDD1AC1
:107E88008B4D9C5C2FDC42DAE30A8F2D01419A8DE1
:107E98006EA34F584FBF2CA0E147EC0F87A7196678
:107EA800561BABE53CE9E557F6D746E6C3B78D81E7
:107EB8006B5ED0D312E0A725D280434FA0F23AD709
:107EC800FC543A8F9751FA680CF34E4BB50BA0E669
:107ED80039DF31183850F43F7B31495CE6324CF3D6
:107EE800C4845D3A8C83EA193D54E165DF194687FD
:107EF8007724364E4225C6CA87FD907AFD359346CB
:107F0800F0741784C245797A2937F7834F835F2144
:107F1800788A0279625C5FF89B1F616F297C2C3C30
:107F28001E49AD5DADF85DD10E36158FC8159C0F95
:107F3800A6A507C1B573FEB62BCBD129FA92D28973
:107F4800E230A7E99C5FF92B1EC02ED9DBA17DED9D
:107F58007F089602AE13467E4CE9EE18B058402AC8
:107F6800913E4019095BC461B401D4938007B027DE
:107F78005AA48F4CCBB4DBA2EE05DD09CA8DD47DA3
:107F88004F4ED86A24D6751B3A781514AA81802CCE
:107F980091E83EB96842DBBA26EFB6E657B7D77C18
:107FA800642AA16DD9319BA9D420471E85A3C5E4B5
:107FB800894D8ED9F850B7B014A3D080A2A3EAD1C6
:107FC800D172C34D836AA88DD6F887DECA85FBB9FE
:107FD8006A2CD1E3A1EB86E02D10A116931121465E
:107FE8003328CF31F404349007E2528E3AE9B2CD07
:107FF80060D51F044CD4378B762FEE25EE38ED3242
:10800800B7969A35262A482223452925B48EC10DCC
:1080180025947EA79CF7D493735689B0A37FFFD984
:10802800FFD8FFE000104A464946000101020076E9
:1080380000760000FFDB0043000302020202020395
:1080480002020203030303040604040404040806EA
:1080580006050609080A0A090809090A0C0F0C0A84
:108068000B0E0B09090D110D0E0F101011100A0C33
:1080780012131210130F101010FFDB00430103033B
:108088000304030408040408100B090B1010101053
:1080980010101010101010101010101010101010D8
:1080A80010101010101010101010101010101010C8
:1080B8001010101010101010101010101010FFC019
:1080C80000110800300050030111000211010311D2
:1080D80001FFC4001B0000030101010101000000B1
:1080E8000000000000000607080905010204FFC49B
:1080F800003610000104010205010603080301000F
:1081080000000001020304050607110008121321EC
:10811800311422414251610915321623526271818C
:10812800829118337283FFC4001B0100010501010D
:10813800000000000000000000000001000203042D
:10814800050706FFC4002F110001030303030107FD
:1081580004030000000000000100021103042105CF
:10816800314112516113062223327181E14291A1FA
:10817800C1B1F0F1FFDA000C030100021103110094
:108188003F00D46BAB7AEA0A999776D2D1161406D7
:108198001C9325F59D92DB484952947EC00278498C
:1081A8002CC6CEB59EC33BC86CB992CE972CE38C37
:1081B800C972B304C6152DD619B0718F7BBAF842AF
:1081C80093BC66774BAF9F9DC525A0760788C9E508
:1081D8003C084B9BDCC32FA0B95677995C4EB5D4AD
:1081E8007BD2DD8466A495115085805990E33FA722
:1081F800DA149E92C31B74B48295A9254509E0122E
:108208008F94E6D3FA5D38E58E3C2D57E63ECA7565
:10821800EEA2D927F31A6C4D0F17E4C4EA2542548D
:10822800AEA57487544EFBAFC2373B052B7D9AEA47
:108238008CA5BEEB2354D6ADB4D1151D2E3C0DD55F
:108248000D8CEA87341ABF098B7D388DA6D8EC09C6
:1082580075706DDA6ED44C9B212CCB0E16D2B28E73
:1082680084F580D1DF6DC7BC36DF86B5F56A09684D
:1082780003EBF85468DE6A17803E8F434100899308
:108288008331DB385C7D43D76E65340222AEB54A54
:10829800AF4FF26AF6D86E438DD289709F0DAA4B04
:1082A8006C1E92E152770A7504EFB0D8F01F56ADF4
:1082B8002F9A0FD14377A8DF69CDEBB80C70F12066
:1082C800EF1BFDD0864634A39E3A5917BA4F95D86E
:1082D800621A9F5F1C2DCAC952DC8E65B681E10EF9
:1082E800A10AE87103D03EDFBC9F986DE048DA8DA3
:1082F800ADB6EB4F4CD6AD7511F0CC1E41DFF29206
:10830800FA4F9A4FAE997FCA87316E5845A6BE91EB
:10831800ECAC3F60F296FE3F6FB8EC4842D44FEEAB
:1083280094BE93B83D3B90A07A54AE1C27672D733A
:10833800DD73F4F20E6702E331E53F2BB79B5D6D09
:10834800324B8E503CDCC75AF66BE8C825AEDAC211
:10835800810CCB6429BDB7DB7520EDBF000E1199E8
:10836800CAB7B92CD6499AB3A411A3E42FB8BC93C1
:108378001677F27B60EEFDD5940FDD3ABDFCF5294A
:1083880003651F8AD0AE1ED32135C20A1FE7932684
:10839800B3B0C671AD0AC6A6A635AEA459A61C8749
:1083A80049F11EB99D9C90EAFE88006E4FF0A143EA
:1083B80080E3C20DEEA3476CF1EBCB2B9D5E7AB543
:1083C8002EE03A7088F8EE1953253BB5612C1262FD
:1083D80034E27E60485CD91FC44A527C1E1909EBFE
:1083E800DD2A8E9C4317BEE6C7511AFCEAC1AB05CD
:1083F800C3C5D89A4285A5FB9B95CB741FD4DB3B9C
:10840800957D3A86DF2F86BDE29B7A8ACBD63516D4
:10841800E996CEA9B9D80F29758562197F303A81B6
:108428006AFDB64C10F3AD3B6D7D7B6016F0619034
:10843800A092E14A77538B2B5A50DB49F24A92912A
:10844800B01E28869AA7277E5730B7A15B56B87307
:108458009EECEE5C78FF007681F45A4957A3B9BCCC
:10846800ED19C9311C3EE6C709B1B0ADADA8A39757
:10847800215D12DA8B0E3A10953C1A512C9755DD76
:10848800DC2495242FEBE38BE29B8B08185D0A9D77
:1084980095636AFA5489612000798688931B4E7C1B
:1084A800842B91F2EBA80BD05ADC073FC9ECB30937
:1084B800A2258C1B29B09B32654565E71A7E3A9A3E
:1084C80043CA0B9219763B7BA490B5254ADBD00EA4
:1084D80018683BD3E97192ABD5D36B9B36D1AEE22A
:1084E800F30413B9830411393040F2567EE578EE6F
:1084F80065A0FA891575F7A1AB08419B5A6B9AE5F7
:10850800292DC861CDCB4FB5D5B100ECA4A90A1E61
:108518000A54823C7150834DD85E06B52AFA5DC074
:10852800731D9C1046C41DBF23ECABFCE715A9E7DF
:108538006B9798FAC98D55B0CEA462CCAE2DA468BD
:10854800FB0F6C2C8EA763EDEA7A927BAC93FA4909
:10855800E9F43E2FD37FAAD9E5751D17526EA36E95
:10856800DAA7E6D88F2A75CDB2DB2CC309C2F5C2CB
:1085780014A5A32EC4A5B18EDD4A4EE1C79E8E9EDA
:10858800FD64D57C7A94D216D289F99AF3E7827B76
:10859800AD61E552BA3B9443C139BE876356131F98
:1085A80017D74A066F233493FBB6E6B88EEA923E95
:1085B800E9792F27FF00A0E1C374DDC216E6EB3D81
:1085C8005B9AB5A9B92B4F93FB198D43C2EA8A4E22
:1085D800E5136CC95CA5A3E8A11C2D3E3D3AB80E75
:1085E800C94E6EC947AC58FCDA86B4CB971C71A14A
:1085F800EDD5F5F166CF6D29203B796A52A255F584
:10860800EDB45A40FA24700F6080E51B73F15B0FDC
:108618004ED3A5FA21440B7538B63AB9213F075F06
:1086280071CEDA9D57F32BA1C24FD5678AB7472180
:10863800AB9F7B635DC6B53A3C013FBE3FA4BCE53A
:108648002B5069309CCACEAEEE642826EDA84A812C
:108658003272BA22A26C49497DA69F5EC7A1A77A49
:108668004A3ACF84A8A49F00F1151774BB2B1F4367
:10867800BAA76F54B1E626209DA410403E0C44F1E1
:10868800BABEB5575D31C384BA9C813231AA690537
:108698000AB7992E63214B8C140BB1A1861D52E5A4
:1086A8003CE805B496BDD01456543D0DE7D46C642F
:1086B800AF737B7F4DD40FA9EEB7924F1C8107246F
:1086C800ED8C2FBD3AD7AA64E9FC576B5A732489FD
:1086D8000DA220DA479F1D31DE60125AF6A5BCE2D2
:1086E800550DC427A52E07878292525636E132AC23
:1086F8008C275B6A0DF44103A8704111E2676EC6CE
:108708007B72B3C39A0CEE8F35CEEBE2E3F651ECF5
:108718006363D542BDD9D177EC4992B7DD90FA9819
:108728002402594ADE2842B61D5D3D5E878A355CC3
:108738001CEC2F03AD5D32E2B86D23D5D22278242C
:10874800924E7B09809EFF00860E51323E759961DC
:10875800A5C518D3EA58B308DFC25D65DED9207D08
:10876800D2EA41FE8389AD1C412D5B3EC75622AD3E
:108778004A138227EF31FDA08D6FC323609AC3ADE2
:108788009A7501A0DD6DA530C9A13207BADB8CBC92
:10879800D4B4F48FB072527FA2B6E2C9DD7435FA50
:1087A8001CBB76BF40B4135519F12B06CBE55429F1
:1087B800C1EA584C80EA527FB750FEFC1E11E571A1
:1087C8003359433FCEFD89C73AD19C6B0CA5BBF109
:1087D800EA6185B319B1FD025676E17296C8D34AAB
:1087E8005A6F543F10AB0B59043F1A0E456D3DBEEE
:1087F800AF23B70D2A659FF5D2823843740E02EC79
:108808007E27D8BCB6339C2F330DA8C59B54FD6278
:10881800960784BACBBDD09DFEE97147FC78AB764C
:108828003DE0573DF6C28BBD6A7540C111F706524F
:1088380007966D3EA3CF73A9AE64701BB1AFA0AC11
:108848005597E5EEA949666BEA79B61869D29F3D56
:108858009EE3C952C0D894A4A771BF10D1687BA069
:10886800AC4D16D59735C9A827A44C77320007C652
:1088780065684EA3F2F38FB7A78E377516BAFA0557
:108888007B20CDAC14D122B4DB03C38A82A61B4B58
:10889800B11C6C12B414A943DDD9615B93C5D7D15F
:1088A8006F4E57BCBAD3698A07AC07771D20639E01
:1088B8009812237FF32BDD27D04C58E0FB630B3451
:1088C8001452D4E0AC8ED57467572E3A5452DCB9A2
:1088D800CB90D2D529C776EE6CAD9012A09481B614
:1088E800E532888C6C95969D4FD18A7EEB4CC606F6
:1088F800477748C93BE702600505735FA6F4D826A9
:10890800615D63470615726E9B9899B02124A62B6A
:1089180013A2495477971D249E865DD92B08DF64DE
:1089280012A48F00714AAB035C3A795E1F5DB4658F
:10893800BD50E608EA990369062478272139FF0023
:108948000C0C6253F9CE6599F6C88B02A58AC0BD96
:10895800BC29D79DEE103EE12D249FFD0E25B512B2
:10896800E256BFB1D45CEAD52B46008FBCFE173F58
:1089780098AB38D937317ACF90C4712A8789E04FBC
:10898800D5BAE0F29321C4331D28DFEA56FA87F8F6
:108998001FA716CE4AE863601094A693FF00022A28
:1089A800639F2ECAD4977D9D27D4ECDA9276FEFC7D
:1089B8002E10FD482B4F2D92BCDF49253EE1D8668D
:1089C8002ECA73CFCCE58C7DCF0139357912784822
:1089D800E6C2D9E7D5BBAF42BA58DFD7A8C90491D8
:1089E800FECF05A729AED95B9CCCE87C5D77D2B9D0
:1089F800F87F71B62D58509D4F257E12CCB403D206
:108A080009F50858250AFB2B7F870AA53F51B0B204
:108A1800357D386A56AEA3CEE3C159558764996E41
:108A280080EA44B6AEB1BDA5C44BB537B4938ADA73
:108A38001223AC8EB694A4F94794A16DB89F45252E
:108A48002A1BF19CC2EA6ECAE6542BD5D2EE9DD4FD
:108A5800DEE083CF8FEC10AFCAAE6C5DC7F97EB88D
:108A6800D5409977ADB306BE452B168E2132BB9201
:108A78001D722AA3C87590039DA7E3B9BBA1214A1B
:108A8800494EFE4F16C5C7C32F5EE9BACFA364EBA4
:108A98009F980889DE492083DE08ED91BA286F98EF
:108AA80017B3BD11C5B51A0487F1E6EEA2584EB743
:108AB800318A1D7E335063BAB90DB0A701014A71DE
:108AC800B4A52E11B80ADF6DF879ABD4D0E1E7F878
:108AD8005646A46E2CA9D769E9EA0663C024C4FDEA
:108AE80037E167066F9965DCC267B530E8F1971220
:108AF800EAD945550D143529F532D15297D2A71523
:108B0800E5C714B5ADC75D57A92A27603C512F3575
:108B18004E02E7B73715755AED6526F86819C7DFAD
:108B2800F72568254B78BF223CB2172D64C597926C
:108B3800C8EA74B6956C2C6DDD4F8423E3DA6D209A
:108B48006EA3E88413EA40E3429B0526C72BA6E9F7
:108B58001A68D36D8511BEE7EAA3ACC0CFC1F97915
:108B68006E4E49216BCBF5A2DD37F61DCF0E26A23E
:108B780032D4B6CAC7A80F3EBEB1F6007C38270269
:108B880056B8C9C261D7E2EA9D8AF2CBA105857BB6
:108B98005DE59AF30B66B6DCA63ADD2B41207A0236
:108BA800DA54785E10E49534B5266D0318ED92E337
:108BB800BCDBB4970F3DEF36A494A9B798747A8FAD
:108BC800E43C04E4E5E556F3F6639C2AD7C2542254
:108BD800D8DB5A5695049290991DC2DEE76D80DC69
:108BE80023FDF09BBA04616AC11D43A4F12A8E25B6
:108BF80027F5DF95AD30D7C888772780E42BB611E5
:108C0800DB8D7507644A6D3F04AB7F75D46FF2A89E
:108C18001DBE0471154A4DA9BEEB2752D1EDB531E1
:108C2800F1443BB8DFF2A78BEE4B75A2A34BA6E944
:108C3800262D71875F5448F2C4E9CEC9852D922646
:108C4800894925094ADB510A2B4FD3A5C3F1DB8A91
:108C5800EEB77F4F4EEB12B68574CB536B44B4839B
:108C6800C990779FA7FD4418172C9AF3134CABF4BF
:108C780093239782D452C3ACB5AC5CD8AF4A9B312E
:108C8800C4D87FDCE049086C2923F4EFB8FAF0F681
:108C9800D1A91D27CFF2A5B5D2AF596CDB5A85A152
:108CA800A03848927DEDFB4230A4D3AE5F391AC29A
:108CB80064669303F2ADDF498C2C24203F6562E99A
:108CC8001B88F1D006CDA4EDE424048F054761C4C8
:108CD800ACA4DA590B5F4DD1ADB4D1F084BBB9DF88
:108CE800F0A419397DDF35DABB233CD5975FAAC0DC
:108CF80030F8EAB1B08CCF5A9B815C95FBB15BF838
:108D0800B926439D2D957EA51EAD80090383F319D1
:108D18005B31D22021D9CE641CD16B91B8BD80F5CE
:108D2800163AA1DC90A2C2931E8F1F889EA5241E0E
:108D38009E91D2D0DB61FA9C58D81E16E50380A913
:108D4800BE50E3BFAD5AFF0098F3072EA9C854944C
:108D58007191418D45711D22333D212DA120FA14B9
:108D68003091BEDF33AAE0B7265076042FFFD90032
:108D7800FFD8FFE000104A4649460001010200768C
:108D880000760000FFDB0043000302020202020338
:108D9800020202030303030406040404040408068D
:108DA80006050609080A0A090809090A0C0F0C0A27
:108DB8000B0E0B09090D110D0E0F101011100A0CD6
:108DC80012131210130F101010FFDB0043010303DE
:108DD8000304030408040408100B090B10101010F6
:108DE800101010101010101010101010101010107B
:108DF800101010101010101010101010101010106B
:108E08001010101010101010101010101010FFC0BB
:108E1800001108002F005003011100021101031175
:108E280001FFC40019000003010101000000000057
:108E3800000000000000060708090503FFC4003809
:108E480010000103020404030604050500000000E5
:108E5800000102030405060007111208213141131D
:108E680014710915222351613242628124337291AF
:108E7800A14344528283FFC4001C01000104030182
:108E880000000000000000000000000501020607C5
:108E980000030408FFC4003611000102040404049E
:108EA800040407010000000000010002030411216E
:108EB800051231410651617107228191131432C1A3
:108EC800426272A11623245282B1D1F0FFDA000C5B
:108ED80003010002110311003F00D44AE566996EB0
:108EE800D1E6D7AB331B8B029D1DC9725F59D12DBB
:108EF800B484952947D0038C58B31AFBCE7A8DEFEA
:108F08005EA871217E3B2BDC824BB4DB0AD6725300
:108F1800AD33354C9D7C69094286E8CCEA95BA7F29
:108F2800D47549681DA95635935BA7D364BAAEDDDD
:108F3800F77502B8ABD2EFABCEAB665569C44E69D4
:108F4800B9454AF7387342CBCB63F0996A05259641
:108F580036ED65050A292B29012A6A9C054D0A7BED
:108F6800E5CDA7977C2E40859BBC4AD566D5F302F4
:108F7800A43DE347B5D2F2A4CA885475121F4A9596
:108F8800A1789D495B876A0F4DCBE9CF1E6A0CA873
:108F9800AC437E4A45C3DC2B89713442D936010C77
:108FA80058BDD668E95DCF417ECBC2EAF696E65455
:108FB800B94B4D9B61D02951771285545D765BC5BD
:108FC8003F7D850907D30262633109258D002B6631
:108FD8004BC22C3A1B47CE4C3DCEFCA0347EF52B21
:108FE800C6DBF695E6A4394937558D6DD5A3120A27
:108FF800D30D6F44740EFA1515A75F5C633188AD05
:109008003E76823A6A9F37E11E1915BFD2C67B1D8C
:10901800D68E1F6A23AB917949C6FD35EA9E585D05
:10902800750B37346231BCD3E5CB718135B40FC2CF
:10903800E25B56D7503A079BF891F986982D2F395D
:109048000A6C794D08D8AAAB88F83713E1839E3BA0
:1090580073C23A3DB522BC8EED3DF5D8949ACABB91
:10906800C67D2E5D7B84FE23CD461D1AB92046623F
:109078004541D2B7ADEABEBF22421C513F256A29FD
:109088003A83B79820ED52B1D00EC5454DEE17334F
:109098002FE05EB06AF78709D75D5E6D3EB1265353
:1090A800AED01E44B75BF2B5F8C82A68216140F813
:1090B80032D9D51A6BA6AA6D5D7183915846EAE23A
:1090C800E0B73965E6DE514662E079C5DCB6B39EA5
:1090D800E6AB78C7E6AD481F29D5F7DCA40D144FD9
:1090E8005521587B4D6C9AE14286B8E3B92A156A36
:1090F80025AF90B6F5413127E6254BC39CFEBCA3AE
:1091080052E3FCC90EAFF40092A3F66C8C238D2CAD
:109118009028DDCACD0EB136B39DAFD2D2BB36C4CE
:109128000C5B76251E48D5A972D2098A95A4FE241F
:10913800A06E9B23AEF5A9093D4E113BB2EB6485A9
:10914800323D896857B8BDCCA8E6B3322CD722DAAD
:1091580091A692AF79D71D24AE5B9AF3525B515119
:10916800D7EA164684271CB333025E118875DBBA2A
:109178009170C602FE25C49922D346EAE3C9A353D7
:10918800DF61DD2820D5AA19A19AB4DA8E61D6A5A7
:109198004F7EE2AE436AA9354BD1C521D7D085842D
:1091A8009E88012ADA9006891A6839622F531A2094
:1091B800310D6A47EEBD3F120C3C1B0A7C3C3D81D9
:1091C800A21B1D94750D2457FB89373B92A839BC07
:1091D80017C6A849CCC9D4BAB316FD16817447A4DA
:1091E800D127D66528471101064ACED05521692ACC
:1091F80043684F2D55A8D770C77990A988F69A006B
:109208004004E94DFBF2A7350487E203E089286FA3
:109218006FC489121973DAC02A4D3C82E68D162470
:109228009E54D923F383286AB9555CF09D7D87E85D
:10923800B5190F9A1C9F3F1DF7E7C26D412996503B
:10924800C9212859D40274E7AA74D5271C71A03AF9
:1092580003B983A75EB4534C071E858D40B54446B9
:10926800819C652035C6F96A40351CBD74282A8F53
:1092780059AADBF55875DA154A440A8C0752FC4995
:1092880071D7B1C61C4F30A4ABFC1EC475D472C6CE
:1092980086B9CC21CD3708C4C4BC29A84E811DA1EC
:1092A800CD70A106E0D7FF007FC56D5D16F53F8E36
:1092B8000E1ED199749A730DE6959AD2E1541B61EA
:1092C800013E7C369DEA674FA38925C6BFE2BDC92A
:1092D800E8712C9499F9B859CFD42C579678CF8641
:1092E800FF008631332F0EF09FE667E92743D5A6A6
:1092F800DD6C7753BDEB77552F1B26CDCEA872D6E4
:109308009BBECF96C5B95892490EBAE303C7A5CC00
:109318005F7DE5085B2A279EE6B9F5D31D3D5453CA
:10932800A2A6727AE88762717D06A949DB1ED7CFAB
:109338005B799AE466D3AF86DCD7105D52076D433C
:10934800C9787FE8061C2C534DD0771717E2DFCD7C
:109358003CD5B9597B536B50605874A20F344AA856
:109368006AF4C527F50612B4FD7E2C23AE539B4044
:1093780012AF38EDBA844AAE5AF0D36F23F8BA3C2C
:10938800089E71B09FE6572AA52E3CA50EE5B6D4D7
:10939800DA3FA538422B60B01D4A67F1FB0A0E5F21
:1093A800D2B2AF262DF496A8F6FD21F90840E5BD06
:1093B800C052D070FEA3F3093F559C05C69FE663D3
:1093C8000752AF1F0824D820CD4E11725AD1D2D9D6
:1093D8008FBD9480CC8721BCDCC69C536E465879DF
:1093E8000B1C8A5483B811E85230101A5F95FD950A
:1093F800CA5A220CA77B7BD95FF69B55EAA5CB6F8F
:109408005AEBAC79AB85FB6A9D7C488115720541A6
:10941800A90F4B2F3EE45756E0880250E1086949EE
:10942800E8B59D4AB9938C6B9CF0DFC540EEB5AEAC
:10943800DB53A515113AE812F2D1A68332C1111FE8
:109448000438E5C946B32B43800625E82A41D86D80
:1094580064537EE5E3598358BBE935DC83B11DAF1E
:10946800C6A6FBE2153DC71C44D9EC3A143C46A6F7
:10947800360250F25D4942D013B77949DC776B8DDB
:10948800B160FC52E0E86336BD7BD46FCD0EC2F10B
:109498004385C3968B027A28845D91CE0065691452
:1094A800B163B56E535049AD2A2829459ABA2D3F64
:1094B8000AD2A0A1C8857507B83F7079623ABD1075
:1094C80028402157BECD5B965C1CD7B92D70B3E5FB
:1094D800AAB4312D48EDE2C779212AF5DAE9183125
:1094E800833C88CE66C457D5551E2E4A322E1706A1
:1094F8006A9E663E95E8E1FF004550A67A5991ECD0
:109508008CE7CEEB029CD06E9D54A28B9A23291A2D
:1095180025A71A75A94368EDA15C903ECAD3078EAA
:10952800B454003BAF772B6E41C81C81CD2647F160
:109538005645DF2692A70752C091E3253FD811E888
:1095480070BB552735C2B96626FEBFA144755E2299
:109558002F5CE09B21EEFBD969D623363D36A94323
:10956800F7C26A52847192A946677B416A75E927F6
:10957800C7661D7AB553415730511818EC9FDBE187
:1095880023D061C35486CD463ED37B56509F63DFBC
:10959800286C98DE14BA3BCBD39217A879B07D40DB
:1095A8005E9E98078CB0D5910E9A2BBBC1F9E6FC4C
:1095B80039A933F5795FE9F49FB2861D4EF6DC6C64
:1095C80072DC928D4F6279601ABA8115E8B51B87F3
:1095D8002B2E8F7CD7ED5E252897521C65CB162D38
:1095E800AAFD252C8DEC4B63687372F5E44141F8B4
:1095F80074D7983D08C49E52107B84C83F872D17A6
:109608009A78AF108F86C18FC391E15088EE8A1D7A
:109618005D5AEB8B75AEB5E899D5D5B4FE7ED9AC5D
:10962800C12152A2506ACED436F54455AE3A5ADD1D
:10963800A7653A9569AF5DA71D2FBCD369C8D7B593
:10964800A8A372D56E033062685F0C37F500ECD4BE
:10965800FF001D7D1651676D318A2E71DF54988881
:1096680009622DC7514349039049794A03F6DDA79A
:10967800ED88ACC0CB19E3A9FF006BD43C3D18CCF6
:1096880060F2B19DA986CAFB00A90F6695AB2E763C
:1096980064DD179168F94A551D14FDFA722FC874D4
:1096A8002B683FD0DEB82583C3262B9FB01455EF17
:1096B8008BB3CD87874094ADDEFAFA3452BEE68B81
:1096C800999FF598B75E7D67BDDF1541702D4B35C5
:1096D8005422EA7A192EA988C94EBF5DEB747FD04F
:1096E800E0F1D6AA831A21998C6BC0A5B10769F35A
:1096F800150CC77BCBA7B9F84A397EF85D926E8006
:10970800F2EEAE945E994D35F50296EEE5C970938A
:10971800DDCA8C7D49FEF8409E9B7C07BDAF15F5E0
:109728005320FCD7A0D6F4D7BABCD249C386A98E99
:10973800D15ED9E794546CEACB6AB5855773C033C8
:10974800109761CA09D5512520EAD3A3EBA1E447B4
:1097580074950EF8D733004CC330CA31C3B8DC5EF9
:109768001DC461CFC2BD0F986999A751EDA750B12B
:10977800FEFEB02EBCB2BAE6D977A525702A90179E
:10978800B5682094388D4EC75B5745B6A1CD2A1EC3
:1097980087982043E2427407E489A85EB2C331394E
:1097A8005C6255B3928ECD0DDEFD88D9C371EA3562
:1097B8005DECA2CF5CCAC91AB2EA56157CC76642EC
:1097C80082A5C0909F1A1CBD0683C46C9FC5A72D97
:1097D800E9215F7ED8D92F351A54F90FA6C87E39EA
:1097E800C3586F10C210A7D8096E8E068E6F63F625
:1097F800350AC2B0FDA1994ADB352B8AF2CB8A958E
:109808001AE79CD35E6DDA636994DD414D021B4F04
:1098180088A295A00D48014344EA4EB82F0B168440
:109828002AE7B7CDD154D89F8598ABF24BCA4C35AF
:10983800F01A4D331232575B52849B5C6AA2B79878
:10984800BB33A733E6B940A13D3ABB76D5A44C6AF1
:109858001303710A75D2BD353D1080402B3C804EF4
:10986800A701A8E998BE51727457133E5B87F0C6EA
:1098780088CECB0A0B002E3C9A29A6B73A017DA8C0
:10988800AF9A954AD9E02B86C6E8CD4C893AF6AC12
:10989800071C6B6FFBAA92D237BDCF9F80C2741A88
:1098A80091CC2523915E2552B2E2560866FBF75EFD
:1098B8005FE2AE2189C4F89BE71C0860B301D9A315
:1098C80041DCEA7A9526661C47F2B72128B6956DE1
:1098D800E5AAEECCC9C9BC6BE5D27C66A9ED6EF2EF
:1098E8006DB9DF738B5ADD20F7F4C6E366A8E8B9D3
:1098F800AA69D26D55CC93C3170F859064B6A37A25
:10990800D75AEA509756A7D217F43B124617420285
:109918004E654AEA952289128B2F9A5EA3D5A42C0C
:1099280073D48536E34E8FF2DE113D38F85EB88584
:10993800B7C61D1E6361419A956EA301613D76CA43
:109948000E293FB6BB318DD5348B2D602370D09E48
:1099580098DAB5A01CD9C8FCB6CE9A3228D7EDBC87
:10996800DCE2CEEF2B2D0A2D4A8A4F52D3A3E24FC9
:10997800DC1D527B838D11E5A14CB72C408CE0BCDB
:10998800438870F46F8D231295D41B87771A7DF95D
:10999800291EE8F663BCB96B72C6CD74A23A89D8A1
:1099A800C55E9DBD691AF42E34A1BBD4A70222E07E
:1099B800D7391FEE15AD25E3000D1F392B7DCB1DC3
:1099C800AFA387DE8BC6D9F66354552D0ABBF36661
:1099D8003A63255F1B749A610E287D02DD5109FEEA
:1099E800C7190F0671FA9F6E89D39E30C20DA4A4C1
:1099F800A9CDF9DD6F668BFBA7157E3644701D97E0
:109A08006E5C145B5DF9554AA2BC947715F36755F3
:109A180024685410E4823469B1A6A40D00EC951CA6
:109A280014812D0A547F2C5F9EEAAEC7B89B12E2C0
:109A38005881D3D12A068D1668EC3EE6A7AA8D2D4B
:109A4800CB9E7E7AE6657B3DB3CA42A7DB96447619
:109A5800AA751811C7C2A4177643A6C76FF2B6B77E
:109A6800880B51E5A05151F8B1B85CD4A054CB652E
:109A7800C9A2A2B7C44675D42FECCC5A99A3B08713
:109A8800EE1B80B4A0A116930D216633290771F847
:109A9800025A4803F32947BE135294D851545C1113
:109AA800313F38B35EFEE262E18ED34A7DC4D1A96C
:109AB800315241111A29492DA47608692CA3EE7751
:109AC8009E870E1735486C28BFFFD900FFD8FFE0E6
:109AD80000104A464946000101020076007600005F
:109AE800FFDB004300030202020202030202020338
:109AF800030303040604040404040806060506090F
:109B0800080A0A090809090A0C0F0C0A0B0E0B09A6
:109B1800090D110D0E0F101011100A0C121312104E
:109B2800130F101010FFDB004301030303040304A9
:109B380008040408100B090B101010101010101056
:109B4800101010101010101010101010101010100D
:109B580010101010101010101010101010101010FD
:109B680010101010101010101010FFC00011080075
:109B78005601C203011100021101031101FFC400C3
:109B88001D000002010501010000000000000000A6
:109B9800000007080600010405090302FFC4005C71
:109BA800100001030302040206030A0808080F0054
:109BB80000010203040506110007081221311341B0
:109BC8000914223251614271811516235262729131
:109BD800A1C1D217183357829296B135475373866D
:109BE800A3B2C22426344354A2A4D125273637551C
:109BF80063667475839394A5B3B4FFC4001C010015
:109C08000300020301000000000000000000000043
:109C18000102050603070804FFC4004311000201FE
:109C2800020303040F0801040203000000000102FC
:109C38000311042131050641125171D1071314157E
:109C480016223242536181919293A1445254628206
:109C5800B1C1E1F023334372A2D22434F1FFDA0018
:109C68000C03010002110311003F009B70FD69EF16
:109C7800D711756BD9A1C4EDE36F0B62A298E5B15A
:109C880025F91E28716F608C3C80803C2C63AF7F67
:109C98002C6A15D96EC8339E0B3789D4FE1F8CBB2E
:109CA800ED4A3F043D8FFF00AB4F92F9C5CA5CC631
:109CB800A6A7C3B71A3B74DAAADB65C4A4ABA5711F
:109CC800873A69B582A497BF25224175B24FCD481E
:109CD800FAC68B34174C9B70B9C56D4B75AB751DA7
:109CE800ABDD1B7D16F5FD444ACBAC250A69B96985
:109CF8006884BB86D4496DD4120A9192083CC9384D
:109D0800C80277C81AB0CB6A8915BE3FAD8DE0BAD4
:109D1800B6E6874FDAFA7D62A30854D4AAD43A4843
:109D2800529F75BF0FF024A11ED2DB0BC9206467B8
:109D3800909181D264546C157866A2DF56F6C559A5
:109D4800F46DC932BEF86340E592894E788F34824B
:109D5800E28B4DB8AC9CA92D16D27AE41183DB4D69
:109D68006827A84FD3115A00AD0056802B4015A084
:109D78000AD0056802B4015A00AD0056802B401580
:109D8800A008C6E7C7BB65EDCDCD1AC27FC1B8DD57
:109D9800A4CA4529C0A0929945A5787827A03CD89F
:109DA800C13D01C1D0C10ACFA3E6C5DEFB4A55E7D4
:109DB8002F726995FA551E6FABFABC6AD7881D7A5F
:109DC8006852CBAF212B2558E5290A5F651C77E53A
:109DD800CEA6372A561CDD51256802B4015A00ADBB
:109DE8000056802B4015A00AD00249C4ADCBBC3C1C
:109DF800366FA50377A1DE372D5F6E2B1393EBB477
:109E08007726B8E468CE1490FC60D925290A473330
:109E1800AD7C16952476198774EE5AB3561CCA156C
:109E2800729572D160DC3429CD4DA754A3B72A2C82
:109E3800868E50EB4B4852543EB046AC833F401A96
:109E48007BC2ECA158B6BD52F0B9A6A6252E911535
:109E5800C9729E3F450919C01E6A3D001DC9207977
:109E6800E8D035148E1513BDFBF1B8354DFABC6F2B
:109E78007B9693637DD179CA3DBEDD41C44694B0DB
:109E88004A52DF860E0B0D0C051ECB701F20ACC28C
:109E9800BB7729D96439FAB24AD00568039DBC74E6
:109EA80071535BAADDAADA2DB3B86640A7D05FC5A7
:109EB8005E753DF5B4ECB9C3A7ABA568215C8D13FD
:109EC80085007DA73A7D0198932E2B898F48BA2E5D
:109ED8000E126C48F7B6E55CF5AAFEEADD10D4AAC6
:109EE8000DB550AAC87A3D1622C60CA96D95905694
:109EF8007B729EB9F606087140D0350016E1DD2D5B
:109F0800EDBBEA959ABDF93D86DB4AAA77057E7CCA
:109F1800E75B894D8D9C175C08200FC56DA4005424
:109F280070948EE44E6CAD0D85F9BE528DB9FC1659
:109F38006D5D42B34CB35977C5952A5495FDD2AFA0
:109F480048181EB12979CA11EC8E48E8212818CE84
:109F58004F62E2B04AE183869B9F73217F09FBA38E
:109F680077D56DBDBA85978BEF551C8CBA9A527D03
:109F7800AE55A94034C0C614E9EFD423CD491B51CE
:109F88005CA93B2392952A988A8A8D18B949E4924C
:109F9800576DFA92D43B6E17A4036A36DE9AD59FA2
:109FA800B2F6DAEE4FB9CCA62C77F9951A9CCA52BC
:109FB80030909528171E031DC000F7E63AC3E276D5
:109FC800E52A7E2D15CA7EE5FD9DADB07B116D2C71
:109FD8007255B6A4D518FDDF2A7EED23ED6DFA85FE
:109FE80092F4E38388EBC9D70357B22DE8AB24A6D4
:109FF80035122A18E51F0F155CEE9FEB6B0D576B9A
:10A00800E2EAF9D6E8FF002E76A6CDEC69BB7B39EB
:10A018002BD0EDB2E79B6FE8AD1FA03E8DB89BDF5C
:10A028007A55DAA741BE6F9ADD4E49FC1C78D529CE
:10A038006FBCE1F9210A27F5635F2AAF88AB2B29AA
:10A0480049BE966C33D91B0F66D1752A50A54E0BA5
:10A0580056E30497B5A091F7738DBD96A7A2ECA817
:10A06800CADC5A452D85254B76A6552E223270031B
:10A07800A874AD2807B7B413F5EBEBE5ED1C22E5A2
:10A08800BE525EBCD1AD772EE46F1D4784A6A8CE24
:10A098006F846D197B1C792DFB2E323B7F74C5E3D1
:10A0A8009F6D66409970556C9DC7B552842A751688
:10A0B80073ECB0EA1CCF238594AC071A5292A0A483
:10A0C80013CC8527D95608CEC3B371DDDD06A59418
:10A0D80096BD67486FE6E6BDD2C5C65424E542A5DD
:10A0E800F92DEA9AD62F9ED74D3E2B85D3140DD540
:10A0F8006788AD96BADDB3AFABD2ED872900B91D3D
:10A10800F6EB92951E6339C07595F38E74FC47453E
:10A1180024F450075F7E68D1159E8187839E306B3B
:10A12800966DD28B03766E59952B6AB8F25B8D507B
:10A13800A8C953CBA5C951C0E671649F016480A02A
:10A148004E10AC2860156A93B09C6FA11AE33F6269
:10A158002A1B15B829B8ECE72644B46E871C7E1272
:10A1680063BEB4260CAF79D8DEC9184F5E76FF00FF
:10A1780024A923DCD26AC38BB92EE12373AADBA3FB
:10A18800675C9C2FDCF7A55204FAAC57275A558414
:10A19800CE751222CB6FF08A64380F39485243814A
:10A1A80039EA90F27B1034D3E026B8989C2AF11152
:10A1B800B93B71BF036DF78AECAD4C815292BA047A
:10A1C800B62AD39C9029D504B852D2D25C279417CA
:10A1D8000786A39C10E255E43427679834AD91D2E2
:10A1E800B1D756417D00259E8FE60C4DC2DF187D04
:10A1F8008335D6518FAA44D1A88EA54874F56495A5
:10A20800A0049776696D51BD231B6D50B7878732BF
:10A21800B14F69EA886FBAC06E5B4A52BEB69B48B6
:10A228003F248D43F28B5E48ECA7DD1F56AC834B71
:10A2380075DEF6758D0454EF3BA693438A428A5E19
:10A24800A84C6E3A55CA32794AC8C900F619D1A045
:10A258001B3813A1D4E0C7A953E421F8B29A43EC00
:10A26800BAD9CA5C6D40292A07CC1041FB74019108
:10A27800A00C4AB55E9541A73F57ADD4A2D3E0C51F
:10A288004788FC994F25A69A4FC54B510123EB3AB5
:10A29800000257F8F6E18A83355045FCBA92DB3C58
:10A2A800AB5D3A9EFBED83F9E12127EB048D4F2945
:10A2B80015C964A6C0E2C787EDCB98CD32D8DC9A21
:10A2C80077AFC83CAD449C170DD715E4940782427C
:10A2D800CFC9249D3BA62B34173BE988BE80233782
:10A2E8007EE66DF582E4462F4BD28D457A7AC222FE
:10A2F800B336621A71F2541239104F32BDA20640B9
:10A30800EE74AF60B5CD9DC372DBD69529EAEDD169
:10A318005C8149A747197654D90865A47C8A94407A
:10A32800CFCBB9D3D000FC8E3738608F2BD515BA78
:10A33800719641C171A812DC6FFAE968823E634BDD
:10A348009487C96106C2DE2DAEDD042D5605F74699
:10A35800ADADB1CCE33164A4BCD8F8A9A385A47C85
:10A36800C8D09DC1AB12C97322408CECD9D25A8F88
:10A378001D84171D75D58421091D4A94A3D001F1A8
:10A388003A620395EE32F868B765AE0CCDD6A6C82A
:10A3980079B514A84065F98907F3D94293FA0E975D
:10A3A800290F92C94EDE6FEECEEEB3EA8760EE0556
:10A3B8002AAB3129E630D2E16A4E31927C17025637
:10A3C80040F320634269834D040D311E1366C3A711
:10A3D800447675425331A33082E3AF3CE0421B48D8
:10A3E800EEA528F403E67401ACB5EF4B46F58F2AC9
:10A3F8005D9F72D32B4C429062487A04A43EDB6F77
:10A4080004A5450548247300A49C67CC68B81B774D
:10A418009E66332B9121D434D3492B5AD6A094A5C8
:10A428002064924F4000F3D0047ED0DC6B0F703D67
:10A438007CD9177D26BC9A63A9625AE9D292FA1A86
:10A448007149E64A4A9248C91D7A1D2BDC2C462FD1
:10A45800EE24763B6C67AA937AEE45260D41BF7EC3
:10A468001B6A54890D9F829B642949FE901A2E907D
:10A47800ECD9A2A1718FC34DC329B850B76694C354
:10A48800CEAB95227B6F43493F9CF2129FD7A39492
:10A498008392C30C499127C66A6C192D488EF20322
:10A4A8008D3AD2C2D0B49190A4A87420FC46988862
:10A4B8009EE06F1ED7ED632877702F8A4D10BA394A
:10A4C8009B6643E3C7707C50D272E287CC24E9369E
:10A4D80090D26C80D2F8D7E18EAD2C426774E147F8
:10A4E800714AE54AA6449319B27FCE38D848FB484A
:10A4F800D1CA41C961969557A557603355A254E210
:10A50800D421484F3B3262BC975A713F14AD248224
:10A518003EA3A6232F40119DC8DBDB6B74ECAAADCC
:10A52800897643F58A755582D2F1D16D2FBA1D6CA3
:10A53800FD15A1402927E23E1A1AB8276150E15EAD
:10A54800FEB976037367708FBB72BF05E3A9EB4E44
:10A55800A0B3869E4B84A836827A043BED2903E893
:10A56800B81C6FB903509DB265BCF31D4C8C67567F
:10A57800409BEF256AA7C5C6F2B3C3AD8F3DD6ECA5
:10A588005B4E4226DE9568EAC25E750AC08CDABC6C
:10A59800CA540A47C5CE6560867ACBCDD8A592B88D
:10A5A800DD5068548B628B0ADEA05399814EA73028
:10A5B80088D163329C21A69030948F900354499F90
:10A5C800A00AD000538B7DEF1B1FB453EB14D9089E
:10A5D80045C35826994549EE990B49E67B1F0690D5
:10A5E80014BF873040F3D293B21A576221C3B5AB78
:10A5F8006ED856BD538ABDD4866753A8324C6B5A61
:10A608009AFABDAACD6CE4859CF74B6AC92AFC600E
:10A61800B575F0F0617396F3C81BC189B8FC4C6E30
:10A62800D3CE499A89B5FAFBCB95366C95144583F8
:10A638001903DB7567FE6A3B28C003C80006547A15
:10A64800AD47A232374EF8B751019DA8DAC79D161B
:10A658004D1A478AE4D5A791EB867A472AAA0F8F25
:10A66800C5EE196CF442307DE2700227FC2FF0F53C
:10A6780040BBA04FDEBDE6929A5ED9DAFCCEBEA7FB
:10A68800C948AABC83D594E3A9682B09572F55A8B4
:10A6980086D3D4AB1339C6941D4A8EC91F560B05F1
:10A6A80088DA589860F09072A9376497F9A716F479
:10A6B8004B3669B88EE25EE1DF2AB26934E6DCA285
:10A6C80058F4B21BA4D0DAC211C881843AFA53EC08
:10A6D800A9780309F75B1D13D72A3A763F684F1B01
:10A6E8002B6905A2FE5FF991EA9DCCDC9C26EA6104
:10A6F800D4DDA78892F1A7CDF961CD1E77ACB579E5
:10A708005920B752758F378188E18B83DBA37D9CF5
:10A718006EE7AFBEFD0ACB6DC29334207AC540A464
:10A72800E1488C1431CA0820BA41483D0051071944
:10A738004D9FB2E78CF1E59439F9FA3ACEBADF5E6B
:10A74800C8385DD84F0B874AA627EEF9B0BE8E767B
:10A75800E3C54566F56D2B5FA47B6BB41B73B454DE
:10A7680074D16C0B5A1D2DA2901E7909E691208F89
:10A77800A4EBCACADC3F59C7C00D6D987C2D2C3498
:10A788007934A363CD9B676FED1DBF5BB7ED0AAE50
:10A798006F82E0BA22B25EC47BEEB3F4885B637664
:10A7A800CBAE36D2E9CCD0E72E525C03954D0617D6
:10A7B800CC083DF23A6AB12E2A8CDCB4B3FD88D8B5
:10A7C80070AB5369E1E143CB7385ADCFCA5613DF54
:10A7D800464583568D12EBDCA9ACB8D4398DC7A396
:10A7E800432A1D1E5344B8FA87C4254509CFC79884
:10A7F800791D60760519252ACF479759DC3D9A3689
:10A80800AD29CF0FB320EF28F2A72F55F28AF6AB68
:10A81800BE8B0D9EF0ECDD91BDD683F68DEB4EF12F
:10A828005B397224B6F024427B180EB2B3EEABE269
:10A838003B287450235B1B573A293B1C97DF2D8F0D
:10A84800BBF61EF47AD1BA990FC77429DA7545B4E4
:10A8580010C5423E71CE9CF650C80B41EA927CC1AD
:10A86800493C6D58E44EE34BC3ADF34BE29F646B38
:10A878003C2FEE45413F7C74C83E35BF517D597130
:10A88800C6DAC782BC9EA5C615CA9563AA9A57C9D7
:10A898004754B35625AB3B89BC59176ED55FADC934
:10A8A8006D0BA65C969D533C8AEECCB8EE60A4FC7A
:10A8B8005394907E293F3D495A8C271A56D52AEB46
:10A8C8008B66714165B059A4EE0C0691510D743137
:10A8D800AA4DA3A6481D145285209FC68E4F73A665
:10A8E800F9C51E61E4E15B770EF3ECB50AE99AF865
:10A8F80072AF15069957EBD7D719012A59FCF4F20C
:10A9080039FD3D5A774435661774C4261C1554A979
:10A91800547DDEDFD4542A7122037227903EFA1B3D
:10A928002A024CCCE0288CE32350B5653E0373F72C
:10A93800D96BF865EFBE2A5F227A957AE3581F6FC4
:10A9480036AC9067B93C5B6C26D84379CAC6E053ED
:10A95800AA135B4928A7521D4CD92B3F8B86C94A9D
:10A968003EB5A923E7A4DA4349B061C365837B6E8A
:10A9780086EF5638B5DD0A1BB443518DEA56A51D3E
:10A98800FCF8B1E114F287940E08CB7909C80545A3
:10A99800C755800A72966EEC6F2C90D8EA89120F10
:10A9A8004A45312F58F64560B692A8B539B1828824
:10A9B800EA03B1B9BBFD6D0FD1A891701C2B1181B1
:10A9C8001AC9A0461D9AA5C447E86503564199715E
:10A9D8005C147B528550B96E09CD42A6D2E3392E5C
:10A9E8005C870FB2D3484952947EC1DBB9EDA0050C
:10A9F800176F6D8ACF1C3714ADD2DD413A2ED6D2EF
:10AA0800A6AE3DB56B25D534DCF5B670A9324A48FB
:10AA18002BC76383EF73241012AE795E36A53F14FB
:10AA28006968BB67B776E4245368362D029F190915
:10AA3800080D47A6B284E3E784F5FB74EC4DC13EEC
:10AA4800F9F069B47BBD4594BA6DBF02D9B9020A61
:10AA5800A2D569D192D02E0EC1F69184BA827BE438
:10AA6800730EE950D0E298D49A045C1E6F9DFB6780
:10AA7800EE24DE1677B5F7D753A7ADC8F469329D33
:10AA88002B710B693CC63170F571B537F846567AAB
:10AA9800E072F505204A7C18DAE2876F5648887A12
:10AAA8004FA9498FFC1D5D91D252FB2F4F865C0345
:10AAB800A8E8CBA8FD6851D448B813EA2F0C9777BB
:10AAC80010D3A1EE671515B945B71097A9565D3192
:10AAD800F5331298D280203CB1ED29D50EAAE52194
:10AAE80059E85440E50ED7CD8AF6D02937C2270D4C
:10AAF8006DC3F514ECE5B85BC63996C294E7FF0060
:10AB080050AB9F3F3CE9F250AEC5838B0E1368DB18
:10AB180025446F7DF622754ADE7ADF94CAE5456AD8
:10AB280052DCF564AD61097D85A895A7956A485200
:10AB3800095254957960832D5B345277C99B3B3613
:10AB4800D2DEDE3B2140B9774EBAEDA7B651421BA3
:10AB58006A9B4BF6575A90DFB2EBC39860A79C28C4
:10AB6800732C14A4FB2849214BD19CB50CA3A0C17C
:10AB7800D07837E1AEDF82882CED3D1E694A025459
:10AB8800FD442E5BCB3F12B7147AFD581AAE4A2704
:10AB980094C1A6F9F02BB7332DB97766CC539EB480
:10ABA8006EEA334A9D0053E53A96643AD82A08E596
:10ABB8002A25A59C612B6CA70719046749C7986AC1
:10ABC8005CE11F83EDDEAAEF3EC7D2AE3B85E2F51E
:10ABD8006A03CED2AA4F10125E799C61D207652D06
:10ABE800B536A3E5CC55A7177426ACC95710D4665B
:10ABF800ABFB13B814A7901697ADBA81008C82A44A
:10AC0800B0A527F5A4687A02D406FA345A03612A53
:10AC1800B20003C6B9E51E9F28F1C694741CB51A84
:10AC2800BA9418F53A7C9A74A485332995B0E24809
:10AC3800CE52B49491FA0EA893987C21D037CEB70F
:10AC480026F9DA6DA8ABC7B729F324466ABF712C79
:10AC580012F531A654FB6111D20825E7473004608C
:10AC6800808CF327BEB8D5F44724AC38762F031C64
:10AC78003CD9F0528AA5A3F7D35157B5227D71D597
:10AC8800485BAB3EF2BC304369C9C9E89CFC49EF5C
:10AC9800AA5144F2999178F041C37DD94E7E2B3B5D
:10ACA8007EC50A4B8921B994675719C6CFC42412A7
:10ACB800DABEA5248D3E4A17298A1D8973F11DC362
:10ACC800CEE45D3C2B6DC2D15CA95424A58A319099
:10ACD8003F070B993E289AD21594212A615CCB4AEA
:10ACE800BD84A93CD851042A15D645E4F3192DB9D9
:10ACF800E02F6FA1AD774EF6D4A6EE1DDB3CF8D35E
:10AD0800E4CE94E88BE21EA4252085B801C8E6703D
:10AD18009CF92523A6A9479C972E608356E0FB86BD
:10AD2800BACC35437F68A851C1494876136B8AEA83
:10AD38007A770B6D4159D3B217298BE5976E567800
:10AD480034E286DEDB9A557A6CFDBADCC2A6A2C76D
:10AD580094BE631A5679539C613E225C2DA4AC01C3
:10AD6800CE8747302539D4F92CA7E321E51DB564F2
:10AD780017D0001F8B6E1DDBDF1B2113EDD098B79A
:10AD8800ADB7CD2E872D2AF0D6E28614A8C563B0BC
:10AD980059482957D070255D073653571A7617B585
:10ADA800F1AFB837B6D2533692D7A25413BCD5797F
:10ADB80066DC92A4B25B2C84FB2B9609E88754329C
:10ADC80008FF009B525C59C04A733CABAB15C9CC19
:10ADD8006B3876D8DA26C1EDCC4B46029A95527874
:10ADE800FAD562A0949E6992D40732B27AF2247B93
:10ADF8002807B2464F5249A4AC4B770A1A622B4037
:10AE0800163D3401CD1E2B2B75CE2538ABA6ECEDA7
:10AE1800A7214B8B45929A04650C9436F92173A4AB
:10AE280091F9012527E4C7CF5C6F3762D64AE0E382
:10AE38008A4DC0A5DC97853B6AB6F92A1656DDB35C
:10AE4800F7068B1D9F6BD6A42484BF2303DF5ADC2F
:10AE58001CA0F9F2E7E99D0D8D1BFDCD88DF0D5B88
:10AE68004D1F66E12DB4DFF7DC56AA17A4A460AE27
:10AE7800053CF5629895771CC725CC639B0AEE14B0
:10AE88009C0F2C8167983CE1EF65EA1BE5B8B1ADF2
:10AE980074C83068D0DB33EBB51242530E0A0FB6D4
:10AEA800AE63D02D5EEA73D892A3D1274BA4A49C9D
:10AEB8009A8C55DBD1135E27B7EE9FB87320EDA6A9
:10AEC800DA349A66DA5A01316910E382844C5B639A
:10AED80097D6543B91DFC3CF5C12B3ED2CE351DA24
:10AEE8007B41E2E7C88790B4F5FAFA8F52763DDCE9
:10AEF800A8EECE13BAB151FF00E4D45E37E45F7117
:10AF08007AFEF3E2F2D16606D628EC60EFC2470E6D
:10AF18006FEFE5F6A5D65B75AB4682A43D57752461
:10AF2800A4C851EA888850ECA5E09511EEA01EC58A
:10AF380049D64B66E05E36A78DE4AD7A8D0F7FB7B4
:10AF4800BE3BAB80B50CF1152EA0B9B9E6FD4B8719
:10AF58003CBD499D5EA6D36051E9F1A954A86CC4D3
:10AF6800870DA4311D865010DB4DA461284A474047
:10AF780000000035BAC62A2B92B43C9F5AB54C45FE
:10AF88004955AB26E526DB6F36DBD5B7CECC9D33EE
:10AF98008C15F1155ADA61B7353B4B7637058B625C
:10AFA800975B6D0D3CA4494A25BCC8712A5A1A46BC
:10AFB80014B5730494129492028E3AEBE2C74A874E
:10AFC8006974EBCB929FBCDA77470DB59ED1A78BFE
:10AFD800D938775674DB6B26E29D9A4DBC92B5EE54
:10AFE800AED68005FF00481EC56DBD1A159FB51B5E
:10AFF800775B9F4AA53423454210DC08E9427B72FF
:10B00800F8854E1CF72A52324924E49D631EDAC3A0
:10B01800508AA7420DA5EC37F87628DBDB62B4B17D
:10B028009B5B1318D49BBB79CE57F5DAD1F627650D
:10B03800A235907D27F4A5C909A96CDCE6A393D5B0
:10B0480071EB4DB8B03F354D241FEB0D42DE057C4A
:10B05800E9FD7FA3EBA9D852B28DE963537EB834DA
:10B06800BDEA4FF60A532E5D81E3B36E6A166D3E54
:10B07800AAA62AF19BF5A8ECCB643551A5C803090B
:10B088007D2824871193CAAE4514A924A49048C6E4
:10B098005B0D8EA18D5FE9BCF99EA75AEF16E86D8E
:10B0A8005DD79AEED8788F2538E717EABF07EA699F
:10B0B800339CEF31B85C39EEEA50EA0D36E9B3EA71
:10B0C80029713DFC3771D4107E932EB6AFB50BF8BD
:10B0D800EBE8D0D6F541778CEA4D06EF7AD1E24E0F
:10B0E800CA60228DB8D4F4A67363198F5361212BDB
:10B0F80042F1D9452394FC54C28F9E9BE714798969
:10B10800670B91D3BE5C356E5F0EF2D4976A74906C
:10B118002BD6F0575521C512A484FC078EDE0FC923
:10B12800F3F1D0B35613C9DCBFA367725CA0EE4D30
:10B138006F6C67B8A6E35CD0FD762B4BEE89B187C0
:10B14800B49F91534A567FCD0D38B091D21D5907FF
:10B1580039B637870DB8E223787799EBFD55529ABF
:10B168001DC8EFAA220C90C83E34A93CE544A4931C
:10B17800FC9A71DBCF5095D96DD92B0763E8E2E1D2
:10B18800B4B7C8215C60FE30ABAB3FECE3F569F2C5
:10B1980050B94CD0557D1B96253A4B157DB2DCAB8A
:10B1A8009EDBAA42703F11D90962621A753D52A00E
:10B1B8000250A183E7CDA3921CAE723E8E20788AFE
:10B1C800E152F3A7DABC49259BB6D0A92FC38D71EC
:10B1D800C46878C940F794952529E75241CA9A71FD
:10B1E8002178EA952877576B50B27A0ED53AA10A9A
:10B1F800AD4F8D55A6CA6E4C498CA244779B5732E9
:10B208001D6D690A4AD27CC104107E7AB2452BD2E0
:10B218006B143BB1D44938EACDCACA47F4A2C81A5C
:10B2280099151D46AEDA47876F53118C72C3607F3C
:10B23800AB4EA9122BDE91CBCAA148DA0A458D4A3A
:10B2480075489178D65B88E007DF65A1E2149F9185
:10B2580073C1CFCB532D0A8EA31FB7165D3B6EACBF
:10B268003A058F4A69088D44A7B30D3CA3DE5212F4
:10B2780002D67E6A573289F8A8EA912F3249A00A85
:10B28800D0021BC7FD246DDEEEED96F9D112199A96
:10B29800994966529031CEB86EB6EB655F125B5B2A
:10B2A800A8FA801A8964EE5C7987BD9750F34879CB
:10B2B800B5650B48524FC41EA35640A27A4B60A5F1
:10B2C800CDA7B52A58F6E2DD2CA01F805C77B3FE27
:10B2D800C8D4C8A88DCC624C76C9EE509FEED51262
:10B2E8007AE80045C5B32891C36EE1B6E24280A171
:10B2F800BEBC1F8A4A540FD8403A4F41AD4D77051E
:10B30800631C30585FFB93E7FED4F688E812D43705
:10B318006988B1008C1191A00517D1B8169DB4BDEC
:10B32800139FC18BBE4040F21F80673A98E854B51E
:10B33800198DC7604ADBEB9A29190F51A6B647D673
:10B34800C2C6A99285D7D1AA00E1D1C23BAAE19889
:10B358004FD7E1B1A98E854B51AC3AA244FF008189
:10B36800AA62295BABC40414240116E84B291F21E7
:10B3780022611FDFA98EACA968870754495A004D7E
:10B38800E7C3437E930A63E00CBB69978FCC88CEF2
:10B39800A3FB80D4F9C579A391AA24AD00287C70B9
:10B3A800A149DD4E1F1F6721DFBEC29491DFFE5108
:10B3B8000CEA65C0A8E8C6EC6A892FA001AF103B6B
:10B3C800DB40D87DBA9D79D5B9244C57FC1A950332
:10B3D8009B0A9B2D40F23631D79460A947C9293E74
:10B3E80078053761A5711FAB6CC7101B3B47A4716B
:10B3F80097226A655DABA8BD5AB8E90A6390C68B07
:10B4080020F5F1027E8A90A525D48EAD85A48F7192
:10B41800475166B32AE9E43F7B4FB9F6D6F0D874B2
:10B42800BBF6D57F9A2545BFC232A502E457D3D1D2
:10B43800C61C03B2D0AC83F11823A107569DC96A74
:10B44800C4BF4C45680229BAD7C45DB5DB7B92FC02
:10B458009653C943A6BF31095765BA949F0D1FD2A9
:10B46800594A7EDD0F20599CCED8EA8CCDBADAAD88
:10B47800CAE24AA6EA95704D26D4B7642C6546A55B
:10B4880033F092E424FE321042B3F250D71AC95C6A
:10B49800E479BB191C176DF50DEAFD7B7DAFB6F39A
:10B4A8006AED7C355495E2751227841534919F789E
:10B4B800A002BFCF535F1D0971097300CBFAF6AD27
:10B4C8006E35E75ABEEE370AEA15B96E4C786490C5
:10B4D800D83EEB69FC942025007C12349BB8F40E0E
:10B4E800F7FD4D5C3CEC7C0D8DA3ABD5EF2BEA3B17
:10B4F80055BBDDF41C391A2AD3FF0006A767B8F636
:10B508003AAC7C0AFC9CD60B6CE35D38F734357A90
:10B51800F4737B4EE8EC51BA8B1759EDDC5C6F186D
:10B528003B534F8C96B2FD3A2FCD9F9A2E3AD64F69
:10B53800419954BA6542B5538946A4C45CA9D3DF7E
:10B548006E2C661032A75D71412848FAD440D38C1E
:10B558005CDA8C7567157AF4F0D4A55AABB4629BA3
:10B568006F992576FDC764761768E97B27B6148B33
:10B57800120042E4476FC7A8C948FF00954D580517
:10B58800E70FCB3ECA7E094A4796B7DC1E1A384AEF
:10B598002A92F6F49E35DE9DBD577936A54C7D4D31
:10B5A8001E515F762BC95FCBF5B6C935EB7CDA5BEC
:10B5B800756F49BAEF5AF45A452A263C4912178141
:10B5C800CC7B2520755A8F9252093E435CD56B423D
:10B5D800841CEA3B2319B3B6662F6BE22384C1535C
:10B5E800739BD12FDDF049716F2420FBE5E911BA77
:10B5F800EE35C8A06CBC15DBF4D3941AC4B6D2B926
:10B60800EF0ED969B394300FC4F32FF34EB59C5E97
:10B61800DC9D4F170EACB9F8FF00477E6ECF623C39
:10B6280026114711B6A5DB27F713F1174BD65ECBCA
:10B638002E9142ABD62AD5FA93F5AAED525D4AA1CE
:10B6480025454F4B96FA9E79C3F94B5124FE9D60D0
:10B65800E5294DF2A4EECEE0C3E1E8E1292A142061
:10B66800A305A24924BD8B230F527316F11BEBF8D7
:10B678004474EFED0E9F5E8B8ECF98DBDAB74DC129
:10B6880064DC54FBB2D5AA3D4EAB52DE0FC592D155
:10B69800EA850F223B292474524F450241EFABA79C
:10B6A8005254A6AA41D9A3E3C76070FB4F0D3C26AC
:10B6B8002E0A54E6ACD3FF00326B54F54F3436DC17
:10B6C80049C7A1F133C3E51B89DB5A0351AE2B648B
:10B6D8000A6DD10D9EA50D7300B073D486D6B4B88B
:10B6E80083FE49E567B74DE309898E328AAAB5E337
:10B6F800D279077A777AAEEC6D39E02A3BC7584B96
:10B70800EF45E8FA783F5A609F67EA4BBFF60B733C
:10B718003652612EC9A34617D5BE9528650EC52099
:10B728004C6D3E6799A39C0FC659D7D2B4B1AE3CB5
:10B738009DCF5E04EF355A3C48DBCC17CA22DC4C5F
:10B74800C9A33DD7A28B8DF88D7FAC691FA744751F
:10B7580009687BEE9473C3A71A2F56A0A3C1834F21
:10B76800B8E357584A3212614A216EA07C8071F4BE
:10B778007D9A3460B3475690E15A42DAE552143262
:10B788009503904791D721C6267C023DEB1B93BEBB
:10B79800923FCA57DA57E99337511D4A9701D0D5D6
:10B7A800925680029C655AB4CBAB870BD1BA8B2DCD
:10B7B800A9CA54135788E28756A4472169527E04C0
:10B7C80080A41F92C8F3D296838EA637047539B524
:10B7D8004E18ACA767A96A5C7664C46D4A3925A679
:10B7E800A53A86FEC09481F50D11D025A901F496DD
:10B7F800F2FF0017FA767BFDF344C7FF006F234A78
:10B808005A0E3A8D15BC41A15388FF00A233FEC2DF
:10B8180075489130F491C9312B9B412E4122247AED
:10B82800ACA79C51EC395C884FFD5075122E23BA99
:10B83800821490A49041EA083DC6AC83EB4015A061
:10B8480004ABD26789F6E6DDDB71D3CF36A55D7C24
:10B858003081EF11E086FA7F49D40D4C8A88E6D30F
:10B86800E37A9C18F139B9BC0690D67E3CA903F658
:10B878006A89153F494B8846C8D0428E3FE35C43EE
:10B88800F608F209D4CB42A3A8D6C25A571195A0FC
:10B89800E52A6D241F9606A893DF40023E2D9411D9
:10B8A800C36EE193FF00A09F1FA70349E835A9AF26
:10B8B800E0B883C30D8247FD01D1FF006977447466
:10B8C800096A1B34C47CAD41092A3D8027400A37E8
:10B8D800A365CF136BAF03F1BBA42B3F5C764EA6D9
:10B8E8003A152D4682F6FF00C8EAEFFF000D95FFD6
:10B8F80000E956A99285BFD1B0903872247D2AFC00
:10B90800D27FA8C8FD9A98E854B51AA3AA24533838
:10B91800347C3DBD7C45A92461576255FEBE60FD5F
:10B928009A98EACA96886D354495A004EA7BE1CFD7
:10B93800496D35BFF2768291F6FABBAAFDBA9F38F7
:10B94800AF3471754495A005278D1752ADE5E1DE3A
:10B958003119FF008DA5647FF3E18D4C8A8E8C6DC3
:10B9680046A89316AF56A6D06972EB5589AD4383A6
:10B978000185C99321E572A1A69092A52D47C8001B
:10B9880009D00293B4F45A8716FBC4BE20EF282FBF
:10B99800236FAD290B8764D2A4A70994F215ED4C47
:10B9A800711E78500A3F96109C90D1CCACDDCA79B4
:10B9B8002B0DE498B1A6C67614B8ED3EC3E8536ED5
:10B9C800B4EA02D0E21430A4A927A10412083DF376
:10B9D800AA244763FAEF01FBF422B8E3AAD9DDC22F
:10B9E8007F2852B9969A4C81F1F305A0707F1D9279
:10B9F8000F5535A8F2597E521E465E6A4B2890C3F1
:10BA0800A871B7121685A141495248C8208EE08F07
:10BA18003D5907DE8014DF4915EDF7BFB2506D467A
:10BA28005F2876E7ABB4D3A907DE8D1C17DCFB399A
:10BA3800D2D0FB7532D0A8EA27FC40BE9B336CB647
:10BA48009F671A2942E9B4137556128CE4CEA8A848
:10BA5800AD2163F190D023EA56A594B9C276F734A4
:10BA6800762F835B0767D8FC0566FD7BEEED7424B3
:10BA7800E1450021E52143E4A5466FEA68E9BC9564
:10BA880084B37702FC30D994ABAF756355AE76F9C1
:10BA9800ADBB3623F74D6C900A4C68839D2839E876
:10BAA80079DDF0D38F319D71CE6A9C5CE5A2CCFA2A
:10BAB800F0785AB8EC453C2D1579CDA8AE96EC88AF
:10BAC80055F57955F70EF2ACDF15E70AE757263931
:10BAD80035D04F44731F65B1F242425007C1235A13
:10BAE800156AB2AF51D496ACF69ECBD9D476460A35
:10BAF800960682F169C5457AEDABE96EEDF49A2DAB
:10BB0800719F78D47A3D36B137A6EF48BEAA31BCCA
:10BB18004A75971C3ED73272954F7B990CFF00559A
:10BB280001D5FC8F21D6676261FB6D7ED8F48FEE5C
:10BB3800CEAAECB5B71ECED911C053769D7767FF54
:10BB48000048D9CBDEECBA2E747AEFBAE8962DAF5E
:10BB580054BBEE394235328F11C9929CC6486D09E3
:10BB6800C9C0F327B01E6481ADAEAD48D183A93DED
:10BB780011E70C0606BED3C553C1E195E736A29777
:10BB8800ADFF001CFEA390FBF9BF9786FEDE2E5C7E
:10BB980015F79C8B4B8CB52691494AC96A0B27F53A
:10BBA80029D50C73B9DC9E8309006B47C6E32A6369
:10BBB8006A72A5A705CDFD9EBCDD5DD5C1EEAE0DB3
:10BBC80061F0EAF51F973E327FC4579ABDAF36D869
:10BBD80031D7C66D07DB4D3B21D430C34B75D754E5
:10BBE80010DA1092A52D44E025207524920003A9AF
:10BBF8003A2D7C90A52504E5276487AB86CF47FBC3
:10BC08002FC68B7A6FD46732EA52EC6B692B29E521
:10BC180007A832D6939CFF00EA92463E9127291B3B
:10BC2800260362DD2A989F775F51D11BE3D95A51C9
:10BC380094B05B01E993ABFF00A27C3F33D7CD5CA6
:10BC480047529D61D9348A50A1D2AD1A344A7251F3
:10BC5800E188ACC0690D72FC39027075B0468D3848
:10BC6800C79318AB741D2B5B6A6371157B7D5AD221
:10BC780094F9DC9B7EFB9CC3E3976BED6DAEDED342
:10BC880012CF80C53E9D5CA63356F52613CAD467ED
:10BC980054E38DB8109FA29516F9824740547181DC
:10BCA8008034FDAF87861F116A6AC9ABD8F4FF00DC
:10BCB800632DB78ADB7B0F978C9394E9C9C394F5FE
:10BCC8006924D5DF16AF6BEAECAF99B9E036EB8A99
:10BCD800BBFEBBB33702BC5A0EE251E44275851F66
:10BCE80067D61B6D44119F35345E4FD89F86B9B611
:10BCF8001D7E457749E925F5462BB2EEC78E33639D
:10BD0800C768C578F464BE1964D7B25C97EF07BCFE
:10BD18003FA5FDBCE27EDFB62AE9E74A6BB22D4AB1
:10BD28008A17D9C69F2E43701FACAC1FB06B6A5AD6
:10BD38009E6B7A10AB42549DB7DDCA349528A1FB9F
:10BD48005EE6612B3DB1EAF2C255FA927486F41AA6
:10BD58001F49E5AA235F567DDA8682455E93269AB7
:10BD6800E280EEA61D0A4E7E7CB20FE8D548988C7C
:10BD7800D6D771196C3DB6768BB53900CC5D0A0201
:10BD8800A412BEA5D31D1CDFAF3A6992D01BF47272
:10BD98004812AECDE3919C97AA715CFB0BD30FEDD3
:10BDA800D289521E0D5905B2068014AE34F7919A05
:10BDB800FD213C346D7AD15EBD6F090DC197162205
:10BDC80082FD4A38505292EA8744295CA0107DD6F9
:10BDD800C2D4AC0C6664F81515C58C3ED16DFC5DFB
:10BDE800ABDB3B6F6FA23C1E4D0E9EDC671E1D9D9C
:10BDF8007BDE75C1F00A714B57DBA69584DDC5C79C
:10BE0800D26D2437B17458F9EAEDC8D1FEAC592780
:10BE18004A5A0E3A8D35A2E8916AD1DF1D9CA7C611
:10BE28005FE969275489175F4856D84CBF3643EFF6
:10BE38008A95156FCCB3E5FDD35A10095186A4161F
:10BE4800E4600FC5494B87E4D9D4C95D151D49BFC6
:10BE580008DBCB0779366A8F3972D0BAE51196E9D3
:10BE6800559679B2B4C86D2129748EFCAEA00583AD
:10BE7800DB2543BA4E9A774292B30D5A622C4E3460
:10BE880000953CE0E2938D58326923D6EC8DA048AA
:10BE98002ECA4FB4C489C970AB093D41E67D290358
:10BEA800E288CA3D88D46ACAD10EA8D592273E93A3
:10BEB800893C9B4F6AC4CFF2D7205E3F362BDFF711
:10BEC800EA6454751BDA57F83227F986FF00D91A45
:10BED80068932B4C00C7190F781C32EE02F3DE96DC
:10BEE8001BFEB3CDA7F6E93D06B531F82957370B48
:10BEF800D619F843903F44B78688E812D437E988C2
:10BF0800C3AC481129336528E0331DD709FA904F8F
:10BF1800ECD0028FE8C95F89B457439F8F72AD5F39
:10BF2800A62307531D0A96A343B90F88DB7B73C961
:10BF380027019A34E70FD8C2CEA99285CBD1A6E8BB
:10BF48005F0EF25BCF56AE29693F6B31D5FB753179
:10BF5800D0A96A35E7B7DA354489B70272FD777632
:10BF680077F648394BD71A5C07EB9537531D59526A
:10BF7800D10E56A892B400943B239BD278CB59F7A4
:10BF8800283E17FF008E52BF6EA7CE2BCD1D7D51C8
:10BF980025680131E356786F884E1FE3F37F235BF2
:10BFA8000F1FB66C34FECD4CB52A3A31CD1DB544C1
:10BFB80089DF1257A563882DDAA6F08DB755175972
:10BFC800A6A1E4CBBDAA51D590CB0D94AD4C647419
:10BFD800F63292A07BBAB6927DD50D4BCF2452CBC8
:10BFE80031B1B62DAA259D6F53AD6B729EDC2A65C3
:10BFF8002A337122C76C6036DA0600F99F324F5235
:10C008004927A9D5126D340108DE6DA8B7B7A76F07
:10C018002AB605C49096A737CF1A48482B89253DDC
:10C028005A7D19F34ABB8F349524F42749AB8D3BCD
:10C038000BE705BBB970D0AAB55E16375D6A66E82E
:10C04800B3D6E33495B8ACFACC46FA9652A3D55C8D
:10C0580089295B67E932A1F8874A2F80E4B88DD631
:10C06800A8939F1E9089122F9DF7DB8DA888E170F9
:10C078002D86505B1E4ECE9896BF4F2343F4EA257B
:10C088009B2E3A019DC469BDE5E32E5D01AE554185
:10C09800A85DF1E80C840F6530A33888F81F2F0DD0
:10C0A800959FB74B563D11BEF4835DFF007C7C43E2
:10C0B8004AA132E24C5B5A991698D253EEA56B4FBF
:10C0C8008EE74F8FE1503FA2344B508E8686CE02CA
:10C0D800C7E126F5BA414227EE0DC312D68CAFA6AA
:10C0E800214649912397F254A2507EA1AC56D8AB71
:10C0F800DAF0AE2BCE76FE59D95D8AB66AC76F0CD8
:10C108006B4965462E7EDF263F577F600F3D4E7593
:10C11800A81EA22DA00EAC7029B762C4E1FA913E08
:10C128004C7F0EA17538BAE482A4E15C8E612C0FB5
:10C13800A832841FAD475BA6C7A1DA70A9BD659F69
:10C1480057D0F29764EDAFDF4DE0A94E2EF0A36A09
:10C158006BA5795FF937EE3338E5875499C325DC49
:10C168009A6739F07D4DF9294F731D129A539F60D4
:10C178000327E40EAB6BA93C1CEDEAFDCE1EC67589
:10C188002953DE7C376DE3CA4BFECE124BA8E4E19F
:10C19800EFD75A49EB333E816FD72EAACC4B76DACC
:10C1A800A4CAA9D4E7B81B8D122B656EBAAF901E2E
:10C1B80043CC9C003A9206AA10954928415DB3E702
:10C1C800C5E2E86068CB13899A84239B6DD92FF365
:10C1D8009B57C0E94F0A5C18D2768111AFBDC26E79
:10C1E8003552F45279D96D38723D2723DD6CF65BF0
:10C1F800D8E8A77B0EA11D32A56DBB3765470B6A32
:10C2080095739FEDFDFACF34EFD7645ADBC0E58014
:10C21800D9EDC30DC784AA74F3479A3ED9679269CA
:10C2280075993AB4B1E83401C8AE30B70D9DC9E28A
:10C2380006E6AA417C3B4FA5388A243505652A4481
:10C248006CA56A07E05D2E91F2C6B47DA95FB7E2DE
:10C25800A4D68B2F77F67AF3B1F6C996C7DDFA1410
:10C26800AA2B4E779CBA659AF746C46F876A9BB427
:10C278007DFADBEA832A2929B8E13471E6971C0D97
:10C28800A87DA9591AE1C0CB9189A6FD68C8EF7DA0
:10C298001588D818DA6FD1CDFB95D7D5129DC56B07
:10C2A800D5F8D9A9A200C286E2C652027C966632A7
:10C2B800A38FE913ADEB89E36E040F7E5A440DEEAC
:10C2C800DC46E3FB2962E9AB1463CB129C2349EA01
:10C2D80035A0E5FA47D8FBA1B49B75702C65C4540A
:10C2E800CA33F27A1151FD6D8FD1AA9684C75128AD
:10C2F800A7EE05620408D05A7DD088CCA1A4804F4F
:10C308004094803FBB5250D76D1EC4F1BFB0F57A40
:10C31800DD576FEDBB4DDFBBCA47ADB536A2CBE9E4
:10C328005842D6A411ED20A4FE115E7E7F2D524DF9
:10C33800684DD30A2E5C9E923909F053B7DB791009
:10C348009E9E2FAC36AC7CF1EB07FBB4FC6178A762
:10C35800839B1BC6DEEA2044DD1DFCA6DAD4877267
:10C3680097E1DB8D10EA907BA496D2DE73DBAB8A73
:10C378001F23A2CD85D2D0346C7F0C9B5DB0B19CBD
:10C3880072D3A63B2EB3291C92EB35050765BC0F6B
:10C398005290A0006D04F5E54000F4CF3119D34A5E
:10C3A800C26EE1674C42D7C71EC8EE36F958B40BC7
:10C3B8007F6EE1C192FC1AAAE5C944A98238083106
:10C3C800DC6D2415020FB4BEDA992B951760F16362
:10C3D80053EA349B2E814BAC3686E7C3A5C4625220
:10C3E80010BE74A5E43294AC050EE3981EBE7AA282
:10C3F80059B9799664B2B8F21A438D389285A16911
:10C40800052A49182083DC11E5A004AEF4E13F7742
:10C41800363EFE91BAFC245559F024F37ADDB12555
:10C42800C48496C92A53280B210F339C94A14A4AE5
:10C43800D1F4147CA2D6D0ABA7A920A6F189BE94CA
:10C44800D6D14DBCB83EBD55544FB2A55310F16579
:10C45800C57C53CCD2B03FA6AFACE9F29F3059733C
:10C468009ED55AB7185C44C65DB54FB258D9AB567D
:10C4780070F0A754AA12BD62ACE327A290D369E575
:10C4880028241F820FE58D19B0C9078D9CD9DB338D
:10C49800642CB8D655970D4861B3E2C992EE0BF3F8
:10C4A8001F20053AEA801951C0000C048000000DD5
:10C4B80034AC26EE4E74C42CBC716C76E46F8DB12E
:10C4C8006BD236EE04194ED32A4F4A94254D4C7040
:10C4D80094A9928490540E7A93D3532572A2EC3285
:10C4E80054F65C8F063B0F63C46DA42158ED909001
:10C4F8000EA893234002CE27EC4BA7733632E7B140
:10C508006CC8D1DFABD59B8CDB0DBEF86504264B20
:10C518004B5E567A0F650AD26AE869D997E18AC2F2
:10C52800B9B6C762ED6B16F08F1D8ABD29A90892AE
:10C53800DB0F879092B92EB89C2C743ECAD3A164A5
:10C5480081E6C296988D35E70AA352B42B74EA3A6D
:10C5580010B9F2A9B2998A95AF912A794D2928057F
:10C568005E43988EBE5A0005703DB277FEC76DD502
:10C578006ADDDC2850E2CE9B58F5B651165A642481
:10C58800B5EACD3792A48001E642BA7CB531562A85
:10C598004EEC34EE651EAB70EDCDD340A1B4DB9507
:10C5A8001A9D166C388871C084A9E7185A100A8F2A
:10C5B800BA39943AF96A99280E7049B3BB83B25BC9
:10C5C8006756B4F70A0438B2E45697363A62CC4C48
:10C5D800849694C328C9291D0F336AE9A98AB152E0
:10C5E80069BC861C8C8D5122C7C1CEC4EE4ED05C6E
:10C5F8003B8F59DC1870238B9EA0CC884234D12005
:10C60800AD297642D4A5600E5FE593DFAF7D4A562B
:10C618002A4EE33BAA24B1D002B51361F74071CC8E
:10C62800FEFA49A7C016918EA611204E497F1F73A6
:10C638008303F058CFF2808FABAEA6D9DCABE561AF
:10C64800A6D5125680158E26B61773F73F7DF6CEFF
:10C65800F6B4E9F01FA1DAEEC7727B8FCE4B4E20FD
:10C66800A6721D5F2A08CABD8403D3CFA6A5A772E8
:10C6780093560F9BA2FDFD1EC1AC9DB0A7C5997432
:10C68800B91CB54C44A7D2D3287964243AA52BA663
:10C6980010095E3CCA40F3D37EA2501AE0C7878BCC
:10C6A8008B65E815FAFEE2B2C39795C93D4B94FA3B
:10C6B8002489244649CA01731D54B714E38AF892A1
:10C6C8009CF6D28AB15277190D51256802B400A69A
:10C6D800F163C386E55E1B9568EF2EC5B305ABA273
:10C6E80091EC4C5BF2D31828B2A0A8EE648F6FA22D
:10C6F8009C6D40F74103B6A5A77BA293E0C6968C34
:10C70800FD4A451E0C9AD416E14F76336B9519B73E
:10C71800038965E2905680B1EF04AB201F3C675453
:10C7280049CF3DCBA8B1707A47213AFA8AA2DBB348
:10C7380061B8AC9F7530A9EA94AFFAC09D43F28BFB
:10C748005E482EE09632AEAE2A2D4A84DFC22FC54F
:10C75800A8559C27AE5CF567559FEB3834A3A8E530
:10C76800A03BDF1B80DD7BD17CDC057CC99B70CEC8
:10C77800520E73F834BCA6D1FF005509D27A8D68E1
:10C788004FF79DC144D87D8CB2D08F0D4ED1EA377A
:10C798002C81E6B72649F6147FA09235AE6DE9F8EC
:10C7A800D4E9F4B3BF7B0BE0D46862F18F8CA31F8C
:10C7B800726DFEE8086B5F3BB8DD5936ACBBE6F13D
:10C7C800A1D97001F1EBB518F4F411F47C570254B7
:10C7D800AFB1249FB35C94A9BAD5234D71763E2D91
:10C7E800A58E86CCC1D5C6D4D29C652F72BFD5E4A0
:10C7F80076E6954D8746A644A453990D4482C371A5
:10C80800986C764368484A47D800D761462A094554
:10C81800688F10D7AD3C455956A8EF2936DF4B77BE
:10C828006555A954EAED2E5D16AF0DA97067B0E401
:10C83800692C3A32875A5A4A56850F30412344A206
:10C84800A69C65A30A15EA61AAC6B5176945A69A02
:10C85800D5359A629B37D1A7B3F22B0A970EF1BB55
:10C8680021D3D4BE61052EB0BE44FE225D5B65585F
:10C87800F204E4FCCEB08F60D072BA93B736476C3E
:10C88800D3ECC9B62147913A34E53FBD692F6B4ACD
:10C8980056F7597A83D6D2EC1ED66CA415C5B06D5E
:10C8A8008662C87D011267BCA2F4C903E0B755EDE2
:10C8B80063F24613F2D64F0D82A38456A51F6F1359
:10C8C80042DBDBD3B57792A29ED0AADA5A4565152A
:10C8D800D11597B5DDFAC21EBEA35E2B40013E2DD1
:10C8E800F7C19D91DA79D3E0494A2E3AD85D368866
:10C8F800DE7DA0F293EDBF8FC56924AF3DB9B907BE
:10C90800D2D63F6962D612836BCA792EBF61BAEE5E
:10C9180016ECCB7976B429D45FE8D3F1A7D0B48FDD
:10C928004C9E5D177C0E471249C952944F5254725F
:10C9380049F893E675A39EBB0ABC2C5B8E5CDC4071
:10C94800D94C7B298F4DA8A6B131C59C21B8F112CD
:10C958005F5A947C865091F5A86BEDD9B4DD5C5490
:10C9680012E0EFEECCD477EF1D0D9FBBB8BA927EE4
:10C97800545C174CFC5FE5BF61BFD9143FBCFC6534
:10C98800D26E069BE76EA37649B91CC8E8961A7161
:10C9980072139F9612D8FB46B7759B3C82F2409360
:10C9A800732AA2E4DC3BB6B6DAB98552B751909245
:10C9B8003CC3921C23F511A4343D5E9185085B238A
:10C9C80060525CFE57EEC34307BFE0E0B80FF78D37
:10C9D80054B4223A895D2F6FAAF3E99127351DC215
:10C9E800892C36EA481DC29208FEFD49773B112A78
:10C9F800F96A2920DAF72BB8FF00254A715A4EB593
:10CA0800BCD7EE3EE86CC73FF960BA668D6BBBA633
:10CA1800C35DEC4BD97F994174EA5E212F365EE302
:10CA2800E98EC394BFE7A5F31188E6F2476FFC5C73
:10CA38006E0ABF36DB78FEDD4BC52FB92F71CCB738
:10CA4800764FED347E6231D7BE11D1FE2BB7255F0C
:10CA58009B6C3C7F6EA7BAFF0024BE13916ECC9FDF
:10CA6800DAA87CD4782F7EA3A3FC536E791F116AB1
:10CA7800BC7F6E97767E497C2CB5BAD27F6BC3FC9F
:10CA8800D89E4AE2063A7BED06EA9FAAD378FEDDF5
:10CA98001DDABD1CBE1296EA49FDB30FF3A2799EBA
:10CAA80022230EFB35BB3F65A2F1FF007B4BBB97F2
:10CAB800A39FC25F82327F6DC3FCE8F51E6788D8EA
:10CAC800E9EFB2BBBBF65A0F1FF7B47772F473F8ED
:10CAD80047E0849FDB70DF3A3D47C2B8918E9CFFE8
:10CAE80000E2477808F88B3DEFDED2EEF5E8E7F094
:10CAF80095E074BF1D86F9CBA8F83C4AC503A6C7C4
:10CB0800EF17D42CE7BF7B4777AF473F847E06CB30
:10CB1800F1D86F9CBA8F95713311070763778C67CB
:10CB2800E1673BFBDA5DF05E8E7F08D6E5CDFDBBA5
:10CB38000DF39751F2789D863B6C66F21FAACE776B
:10CB4800F7F477C17A39FC23F02A7F8FC2FCE5D449
:10CB58007CAB8A1849F7B62F7947FA1CEFEFE977CB
:10CB6800C17A39FC252DC99BD31F85F9CBA8B7F10C
:10CB7800A481FCC6EF2FF639DFDFD1DF15E8E7F037
:10CB88008FC08A9F8EC2FCE5D47C9E296083D362C5
:10CB9800B798FF00A1CE7EFE8EF8AF473F843C08D1
:10CBA800A9F8FC2FCE5D457F1A685FCC4EF37F63F2
:10CBB800DCFDFD1DF15E8E7F08780F53F1F85F9C58
:10CBC800BA8B2B8A8808F7B62B7987FA1EE7EFE825
:10CBD800EF8AF473F846B71EA3FB7E17E72EA3E788
:10CBE800F8D5D37F98BDE6FEC739FBFA3BE2BD1CFA
:10CBF800FE10F01AA7E3F0BF397515FC6AE9BFCC3F
:10CC08005EF37F639CFDFD1DF15E8E7F08780D53FA
:10CC1800F1F85F9CBA8AFE3574DFE62F79BFB1CE92
:10CC28007EFE8EF8AF473F843C06A9F8FC2FCE5D08
:10CC380047D278A8A7AF3CBB15BCC71FFB1CE7EFC2
:10CC4800E8EF8AF473F841EE3D45F6FC2FCE5D45DA
:10CC5800FF008D342FE62779BFB1EE7EFE8EF8AF48
:10CC6800473F845E03D4FC7E17E72EA28714B049A1
:10CC7800EBB15BCC3E7F79EE7EFE8EF8AF473F840A
:10CC88003C08A9F8FC2FCE5D47D7F1A481FCC6EF7C
:10CC98002FF639DFDFD1DF15E8E7F08781153F1D73
:10CCA80085F9CBA8BA78A184AF7762F794FF00A181
:10CCB800CEFEFE8EF8AF473F844F7266B5C7E17E61
:10CCC80072EA3E8713B10F7D8CDE41F5D9CEFEFEA8
:10CCD8009F7C17A39FC227B953FC7E17E72EA3E9B1
:10CCE8003C4D4451C2763B78FF00B1CF7EF68EF8BA
:10CCF8002F473F8497B9735F6EC37CE5D47D8E253B
:10CD0800A3119FE03F7887FA1CF7EF69F77AF4736D
:10CD1800F845E06CBF1D86F9CBA8FA4F1251D583B0
:10CD2800FC08EF0007CCD9EF7EF68EEF5E8E7F0809
:10CD38009EE74BF1D86F9CBA8FB1C46C7576D95DFC
:10CD4800DDFB6D0787FBDA7DDCBD1CFE127C1092D3
:10CD5800FB6E1BE747A8F41C44463DB66B767EDBAA
:10CD680045E1FEF68EEE5E8E7F08BC1192FB6E1FCB
:10CD7800E747A8F44F1051D5DB67F7547D7693C386
:10CD8800F6E9F76AF472F8497BA725F6CC3FCE8F0F
:10CD980051EA8DFA8EB3FF009A6DD01F336A3C3F7B
:10CDA8006E8EECFC92F8487BAD25F6BC3FCD89EC45
:10CDB8008DF18EBFF15BB949FCEB61E1FB74FBAF10
:10CDC800F24BE121EECC97DAA87CD8990DEF2C77BD
:10CDD8003FC5BEE0A7F3ADB787EDD57752FB92F715
:10CDE8001C6F7764BED347E6232DADD561EED61D03
:10CDF800EE8FCFA0BA354B129F9B2F71C32D87287A
:10CE0800FDA297CC46C62DF8D4A200B56E76F3FEE7
:10CE18005692E27FBF54AB5FCD7EE3E79ECB70FFB7
:10CE280000969BE89A2431A40971D2F865D682C786
:10CE3800BAEA0A143EB07B6B953BAB98E9C3912ED6
:10CE48004DEFD072CEB3572BE2FF00756BBCF930B3
:10CE580023DDEB42BE05AA648653FDC351C47C0C96
:10CE68005E009D443E22E99216062350EA6B19FCA7
:10CE78009653FB33A23A84B417B9F2972E54A9CB30
:10CE88003953EEBAF93F12A5157EDD2186FE299F9A
:10CE98004A6ADB71476FA374BDB6B7D9481D815B79
:10CEA8006B70FE92AD6A9B7257C4A5CC97F27A67F5
:10CEB800B10D154F77E53FBD564FDCA2809EB0E718
:10CEC800690CD7A3E2C5FBEADFB45C4FB21716D3EF
:10CED800A73D3C950C8F5877F02C8FAF0B7543F31B
:10CEE8003597D8947B662796FCD57FE0EB1ECB3B25
:10CEF80053B87603C345F8D5A4A3FA578D2FD92F75
:10CF080069D44EDADC4F2E95A00AD0056802B40128
:10CF18001CDC0DC1B4B6C2D599795EB586A9D4C852
:10CF280049CA9C59CA9C59F75B6D3DD6B576091D0F
:10CF38004EB8AB57861E0EA547648C8ECAD938BD2D
:10CF4800B78B8E0B050729CBE8B8B6F825C5B39281
:10CF58001C426F8D777EF70E4DDF536D7129EC24DF
:10CF6800C5A453CAB2224507201F22E2CFB4B23B60
:10CF78009C01D1235A3E37172C6D5ED8F4E0B99145
:10CF8800EB8DD2DD9A1BABB3A383A4F95379CE5FA3
:10CF98007A5D4B48AE6CF56C19EBE4367192A25190
:10CFA8009CE1EB86BAA5FF00580A8B7A6ED46344DD
:10CFB800A04750E5762518E15224907A82E2718FD5
:10CFC8009299F89D6D5B1B06E8D3EDF3D65A747FF2
:10CFD800679C3B2AEF4C769E316C8C2CAF4E8BBCF9
:10CFE8009AE33D2DFA165D2DF31BEE0F688DEDB615
:10CFF800D2EE8F131556BC214BA43F45A1A88F79BB
:10D00800F201594FD6E98ED83F10B1ACD2CB33A834
:10D018005E6EC2CBB7F417EE8BEED9B65B05D76A56
:10D02800957830BE2545C7D0951FD049D228723D86
:10D038002857337F742C3B45B3EDC58F3EACEA4788
:10D04800C1450D37FEC39AA9131187DADE1E2DA636
:10D0580036CAD166A6C72CC6E8501320140C8744DC
:10D0680074057EBCEA9225B08E378F67CF6DD4B336
:10D078008F9FF8722FEFE8BA0CC9041B86DCA9A2AF
:10D088000BB4DAE5365A2A6D2DF82A624B6E094D33
:10D09800A31CCB688279D23993929C81919EFA32F3
:10D0A8000CCC97E6D3A2C88D124CB8ECBF316A6E8F
:10D0B800334E3894ADE525256A4A01EAA21295282F
:10D0C80081D8027B0D311A8ADDFF0060DB334536DB
:10D0D800E3BD6DFA4CB2D874479D52658739092073
:10D0E8002B956A070483D7B743F0D171E667D0EB75
:10D0F800F6FDCD04552DBADD3EAB0D4B53624C19F0
:10D10800287DA2A4F45279D048C8F319D01998758B
:10D11800EBEAC7B5A53706E6BC6874892F37E2B6CF
:10D12800CCEA832C2D68CE398256A048C8233DB25C
:10D13800340666C69756A4D6E03555A354A24F8444
:10D14800F82A6A4C5792EB4B00E094AD2483D41E26
:10D15800C74088E0DE1DA32A084EE95A054A212067
:10D168000ADC6C924E00F7FBE74AE87664A65CB8E6
:10D17800B022BD3A7496A3C68EDA9D79E75610861A
:10D18800D09195294A3D00001249E800D3118D2E0F
:10D19800BD42A7D1D5714FAD418D4A432242A73D2B
:10D1A80025088E1A2010B2E13CBCA7230738EA34C0
:10D1B800011DFE193683F9D6B3FA0CFF008762F613
:10D1C800FEBE95D0ECC9143AED0EA0B8EDC0ACC1C6
:10D1D80092B9717D763A59928597A3E40F19001F89
:10D1E8006919527DA1D3DA1D7AE988F68951A74FCA
:10D1F8005C96A0CF8F2170DE31E4A5A752B2CBA1F7
:10D208002145B5807D9572A92707AE140F9E803EF3
:10D21800913213B2DD80D4B657263A10E3ACA5C0DC
:10D228005C6D0B2A0852939C80AE45609EFCA71D3E
:10D238008E8035771DEB675A0842EEBBAA93474BA1
:10D24800A096FD7E6B6C73E3BF2F3919FB34019FE9
:10D2580048ABD26BF4D62B142AA44A8C0948F1188F
:10D268009511F4BCCBA9ED94AD24850E87A83A009E
:10D27800B55EB348A04076A95CAA44A7C36705C9B0
:10D28800129F4B4D2327032A5100649C68030EDD2F
:10D29800BC2D3BB9A75EB5AE4A6D590C10978C39B9
:10D2A800487BC227380B0924A49C1C6719D0079512
:10D2B80076FDB16D7969A7DCD7A50A93296D8752E8
:10D2C800C4EA8B2C38A41240504AD40F2E4119EDD1
:10D2D800D0E8B81B3A5D5A955C82D5528B528B3E8A
:10D2E8001BE096A4457D2EB4E007194AD2483D4775
:10D2F80091D00605C57A59F6821B72EBBAA9347427
:10D30800BA096CCF9ADB1CF8EFCBCE467ECD17B0AE
:10D3180019D48AC522E0A6B158A1552254604A4FB3
:10D328003B12A23E97997539C652B49214320F63D4
:10D33800E5A00BC7AA52E5CE954B8B528AF4C821BB
:10D34800B32A3B6F254EB01C04A39D20E53CC012B8
:10D3580032064038D005DFA953634D8D4D93508E6A
:10D36800D4B981C5468EB792971E0800ACA124E5B2
:10D378005CA08271DB233A00FB93361422C89931F2
:10D38800960C8752C321D7027C470E7084E4F5516E
:10D39800C1C01D7A1D006AEE3BDACEB40326EBBA93
:10D3A800A9347F59CF83EBD35B63C4C633CA16470E
:10D3B8003632338ED9D17033E9357A4D7A9CC55ED1
:10D3C8008753895183253CEC4A88FA5E69D4E7196A
:10D3D8004AD24850C823A1F2D007DD42A34FA4C2C5
:10D3E8007AA5559D1E1C48E9E779F90EA5B6DB4FCD
:10D3F800C54A51000F993A00D65BB7CD9976B8EB7C
:10D4080036BDD549AB38C00A7510E636F29B49ECF3
:10D41800549492403E44F4D006CD552A70A8A69064
:10D42800A9F184E5B2A9298A5D4F8A5A4A8254E053
:10D4380046798A429490558C0240F3D007D3D32181
:10D44800467E3C69129869E94A52186D6B0953AADD
:10D45800092A2100F5510949240F204F96803DB033
:10D468003E1A00D0DC97E58D6729B45DB77D128C34
:10D47800A793CEDA6A13DA8E569CE39805A8123E73
:10D488007DB45C799B3FBAD47E786D7DD387CF51CC
:10D498000550D3E32732404F392D8CFB784FB5D355
:10D4A8003D3AF6D023EE54DA7C25C76A64B8EC2EF0
:10D4B8005BBE0474BAE2525E77954AE4403EF2B924
:10D4C80052A381D70927C8E80284EA72A72E98993F
:10D4D80071CCC6DA4C85C70E27C54B4A2529594F4A
:10D4E800709252A00E304A48F2D0068266E7ED9557
:10D4F8003A73D4B9FB876C46991DC2CBD19EAB4712
:10D5080043ADB83A142925790A1F03D74AE3CC92C8
:10D51800B6E36F3487595A568580A4A9272083D843
:10D5280083E634C4720A5CF2ADF6DDA96A57B4FC2E
:10D538003BD120FCCB7206B8F89CBC0CCE0C25FA6B
:10D54800AF1054A682B065D26B3193F3260BAB03B0
:10D55800F4A342D452D00524154748F8B607EAD2B6
:10D56800186EE275A5AAE0B12A9DDAA96DD5B8FBB7
:10D578004AF22131D48563EA520EB52DB516B1575A
:10D58800E748F4EF625AB1A9BBBC95AC6A4D3FFCC1
:10D598005FF20735893B38E96FA39B6ED76CECFCCB
:10D5A800EBE26305126EFA829D6891D4C38F969A56
:10D5B800FB0AFC657D446B6DD8743B5D0751F9CF60
:10D5C800E8BFC6799FB2F6D758DDB10C0C1F8B4661
:10D5D800367FF6966FDCB9286C759B3A9CAD005681
:10D5E800802DDB4000FDFCE2E36C762D87A99225B7
:10D5F8008AEDD1CB96A8B05D056827B190BEA1840D
:10D60800FD7951F249D63B1BB4E8E0D59E72E65F3E
:10D61800CF31BC6EB6E16D4DE792AB15DAE8719C7F
:10D62800965FA56B27D1973B4734F7977CF7077C24
:10D63800EE2FBBD7BD5399A614AF51A747CA2241B5
:10D6480041EE1B413D544632B5654AF8E3006A583D
:10D65800AC655C64F9551F42E08F4BEEEEEC6CED67
:10D66800D8C3F68C0C337E549F952E97CDCC964B11
:10D67800A7307DAF94D8466B868E1AA055A98EEF39
:10D68800C6F872D1B6E2DF6CCF4A2582935628EAF3
:10D698003D93D4B19C0F8BAA2109C824EB35B3362E
:10D6A80063AED56ACBC45F5FEBF73A9BB217640AE7
:10D6B8007B169CB666CC95F12F2935A535FF00BFA2
:10D6C80032F37579D903EDD1BF6F2E2C37C230A351
:10D6D800D3D685D5243747B76987DD871798F205EC
:10D6E80063A038E675C3D875F248D6D3A9E6DF5BE0
:10D6F8000EBC6CD6A83B43B5363F0AF66490A6E14B
:10D70800B0D54AACB49C29C420ABC32BC1F79D7CCF
:10D71800B8F11F909F223552CB22639E60AF814B98
:10D728001DCBCF88DA0CB5B05C896D32FD6DF3E4A2
:10D7380095213E1B3FEB5D41FE89D28EA393B23704
:10D748009BE337F8C4F1AECDA54F74BF4E45621DBB
:10D75800B4D29279808F195994B18F2E6F583F5057
:10D768001A1E6C1648EA2251C89086C84A12309090
:10D7780006001E435C871832954CA68E21692D0A37
:10D788007C508FBCBA8FB2194E3FE5F13E5A5C47C8
:10D79800C0F0DC49CC5BFBB3B7F35AA1D4270669C8
:10D7A800B5D6D0C5362875690A10F27972309E98B8
:10D7B800CFC481E7A1EA0B4312BF74A6E2DD2DB204
:10D7C8006DCB66BF4C53355A92D0E5460F82859F84
:10D7D800B972472A55CC7DAC1271F04ABE1D4E2154
:10D7E800C0A957143A0EF45E01567D66B8B7A894DE
:10D7F8003528D3A026478785CEC05732860907A08B
:10D80800D1C438054A1486265262CE6296FD393252
:10D818005B4BDEAB2180CBAD150CF2AD03DD50F3D5
:10D8280019D31030B86B6E50B7D273ED59D58AF949
:10D838007ED18495229AC30E168266CAC7378AE2B9
:10D84800319E638C67B1CE31A5C47C0F4D8F9B4E42
:10D85800A8556F990DD25EB725CEAB353245B325A5
:10D8680080CC8A7A551D0D25F7509FC19548F056F2
:10D87800E733456838C73A9695E040CD6EC5DD1068
:10D888005DDBCB16DF5EDE5C042A951638A82A928B
:10D89800DFAA0E56BA385CE6CF21E5C8563AE41F2F
:10D8A8003D25A0324FBB35BA1BCF5176FEAF56810E
:10D8B8000D8AFBCA9151F5B908692AA6C72853E809
:10D8C8003CCA1CC1D5A99648F34BAB3E474DF30261
:10D8D80031367AB1415A2BFB5F12A34FA947B624C0
:10D8E80024C1F01E43E8552A4953915270481E1925
:10D8F8000EB18F83093E6342E607CE543A65307114
:10D90800075768408B855994ECA7C14F613E6796CD
:10D9180034710E064C98CCB5BFF4A71B6D29E5B33E
:10D9280027B4004E00489D13A0FF00BB4710E041FC
:10D9380062A256DFDDB7B6EDD29B5B94F6AE5763B5
:10D948005D511B4A945D8022C5299A948EEEC625A6
:10D9580044E0654CA9C1D4A1B016998F5C89AC4A42
:10D96800CC2A66E0DFB7520A24C562D7A34C0B6500
:10D978006141D691F745C1CAA1D0823B1F9E988CC0
:10D98800DDA3B6E9E2D5A7DE7516DA9F70DCB0D95B
:10D99800A9D4EA6EA02DD756F361CF0D2A3D52CBFC
:10D9A80061410DB63094A523A6492440C9B405D3D6
:10D9B800CB4A629AA8FE1C75A9A521829E56D60F4D
:10D9C800B49213D0104F51DFAE9881F5362B578E95
:10D9D800F157E4D71A4488B65B5062D2632F0A6DB8
:10D9E800A94FB45E7A5729E85C28534DA55DD294B7
:10D9F800AF971CEACAE23E07C6F2D3E1D099A56EFA
:10DA08008D39A11EB943AA53E3990D2405CA852669
:10DA18005B51DF8AE1FA68525D2A4839E57108509E
:10DA2800C11A1F382E630AB374DB56AEF656D75D9B
:10DA3800893DE32ED5A5147A9D1A54F56112E78223
:10DA480015E034BE5F78639B19EB8CE0E8BD985B0A
:10DA5800231B692A74914DBEB74A810C44B76AF3F7
:10DA6800153A2535080CB81716306E43AEB23F90FC
:10DA780079D5B6799B500B1C892B016A5240B9C1E4
:10DA8800F3124DA3B7A0AAD3A6DEB5365A9D715C92
:10DA9800B098A9D4AA4EA029D716F3697034851E68
:10DAA800A965B0A08436309094F6C951220649AAD7
:10DAB80035FB72D9B7AA55A7E54562994465E7A62B
:10DAC80029A29E5612D24ADC040E80819E9D0E4FDA
:10DAD800CF4C405A875CB72D1B86DCDC39371D10CC
:10DAE800D56ED96AA7DD0CB15065C5A5731C0610A3
:10DAF800385E562339E1C607AE10EA95D86A46491A
:10DB0800378AD55DDB7FD97120CDFB9F578706B358
:10DB1800328F5109C98535B110B6E63E920F542DA2
:10DB28001D96DAD693DF3A6C118F52BC05F348B2D2
:10DB3800A54EA78A7D629B7AC48158A72941460CC5
:10DB4800F69A77C46C1FA4820A56DAFE9B6B42874A
:10DB5800BDA2F7033AA6E55F6F771AB979D52CEA23
:10DB6800857E895E8F0DB454A971FD6E5D292CA345
:10DB78009151DC8E3F0AA609E6742990B3CCB5858D
:10DB8800207451340D498C0BFF006F3EF6E05C7138
:10DB98002EAA247A2CFE6F5492A94DB0CB8413CCB4
:10DBA80091CC53850214149E8A04104020E8B8884A
:10DBB800B2CD3B71376DA8926446A9DBF6DD0A1534
:10DBC8006A132950763499931E7D0DC9E84A5CF092
:10DBD8009B8C7C33D4053CA50EA1241C467B6FB5D9
:10DBE8002E3C5B2E5EE253D9698B86CD68D5A9D3CE
:10DBF80092395D4868853B1CA8752D3CD85B6B4104
:10DC0800CA485038E64A481F38223DB976B54EBF53
:10DC1800BBB4CA9DB0FB316E6A2DB126751DF78164
:10DC2800E42EA6632151DDC75F05E4294DB9DF0164
:10DC38004163DA424E86B305A19E6ED817ED6F6B2D
:10DC4800AE3831DD8CBFBB152665C27C61F8329BCE
:10DC5800A74A6DE8EE8F25B6B0A41F238C8C820EE0
:10DC68008D42C4AAEADD0B5A896FDC33E997051E99
:10DC7800A153A1D2E6D40D3DB9CDADD57ABB4A5A50
:10DC880092509573000A707A74CE8B858BEDDD9374
:10DC98004CA0D0599D2DA6A7D6EAAC3722AF54790F
:10DCA800B4A9F9AFAD00AD4A5119E40490840F65E9
:10DCB80009094A40034240C896ED545144DD1DAC61
:10DCC8009C9A54E9C1995574A5880C075DEB4F508F
:10DCD800C84E4741F5E8608F3BC6EB4DCB76EDC4A7
:10DCE800372D3B869DE0DD7E3A5EA840F05AC8A6F7
:10DCF800CE1CA15CC7DA3CDD07C8E8606E60A127CE
:10DD0800888AE3800E616552524E3AE3D7A7F9E854
:10DD1800E21C0895837F6DF5218BBE875569D9B3C1
:10DD2800C5DD5D0B811A8EFCB79D2A96B3CA128693
:10DD3800D41590479E3AF523070930689FECEDBB50
:10DD480051B5EC48F4DA8D37EE5F89366CC8F4CEFD
:10DD580074A853A33F29C7598B94929FC1B6B4A7FF
:10DD680009252920A524A403A6819CA69E148DFA22
:10DD7800BFA12BA2A548BB22E3E6A666607E90352C
:10DD8800C7C4E4E060F0D75A450F7EEC1A8BAB09A4
:10DD980069CADB111C3E5C9202983FA9DD0B507AE0
:10DDA80003C7E3AA1CA761B830A8EEAD9503E450F9
:10DDB800A293FDDA0069B72F6DAABB8DC23ED56F5D
:10DDC8000DB911C9D22D1A63F41AD36CA4ADC6E2E9
:10DDD80034FAD287703A94B6A41E6F825DCF604E33
:10DDE800B07B6F0B2A908D782D327D1FD1DC9D88FA
:10DDF800B78A8E0B135764E265C9555A942F92E57A
:10DE08002C9AE992B5B9DAB6AD011D9BDA8B937BF2
:10DE18002FCA7D8D6B32A5192B0B9B2D2399B831F9
:10DE280041FC23EB23A0007BA3E928A40EFAC061E0
:10DE380070D3C5D554E1EDF52E73BB378B6F61B741
:10DE48006B013C7629E9E4AE329708AFE7995DB3F8
:10DE5800B2B6C5B949B42DCA65AB418C23D3A91153
:10DE68001A8515A1F45A6D212907E2703A9F339D4E
:10DE78006FB4E11A50508E88F19E37195B68626A58
:10DE880062ABBBCE6DC9BF5B7766CF567CC7CB8E06
:10DE9800B6D214EB8B4A509054A528E0003CC9D167
:10DEA8007B0D2727640677338BFD85DB043AC54A4B
:10DEB800F58F57A9343FC1D452263E4FC14507C3F9
:10DEC8006FFA6A1AC7E2369E1B0F9395DF32CCDCD5
:10DED800F63763FDBFB6DA952A0E107E74FC55EC52
:10DEE800BE6FD898966F4F1F9BA5B88DBF45B11AC6
:10DEF800365515CCA14B8EF78951793F94F80034EB
:10DF08000FC1B00FE59D6BF8BDB35ABF8B4BC55F12
:10DF18005F7F51DD5BB9D8AB65EC86ABE3DF6FA8FB
:10DF2800B9D5A0BF4F9DFAB2FCA2BEEBAA5AD6FB48
:10DF3800EE952DD515AD6E2B256A3DC927A927E28B
:10DF48007A9D61DBE2CED18C525C98AD0286D970A5
:10DF5800C9BDBBB2A69EB56C698D53DD23FF000910
:10DF6800D48187100F885AC657FD04AB5F661F67B8
:10DF7800E2313E4472E7792356DB5BE9B0F60DE304
:10DF88008BAE9CD79B1F1A5EE592FD4D0E46D7704F
:10DF98002FB51B3B4E7370B7C2E1875F7692DFAD3A
:10DFA800BC9923C0A44309EA54A4ABDA7B1D3DFC09
:10DFB80024FE2671AD8309B16951F1EB3E53FA7F16
:10DFC8007FE6474A6F2F658DA1B5232C36CB8F6826
:10DFD800A6F2BDEF51AE9D23FA73FCC2C7C58F15DB
:10DFE80013F7DAB08B66D60F53EC5A43A0C28A53A4
:10DFF800E1AE7389E8243A9F2007F26DFD10727D27
:10E00800A384E61BE0754E6DDDEA14F837B2ADCD9A
:10E0180096DB5AEF169B9E80CB2DC57235BECABFC4
:10E028009471B27954B6C1EEE3EBC348FC90A3D91E
:10E0380059D359664BCF24295B8D7ED7F746F8AC68
:10E048005FB733BCF51ACC92FAD20929651D9B65D6
:10E0580019FA28404A07C939F3D4EA568359C3FC48
:10E06800C6B869E152EADFAA8250DDC77C3A299630
:10E07800D36E01CCA4A39D0D2C7E4F3979E3F14BCF
:10E0880049F88D52C95C979BB18BE8DBDB97AE1DD5
:10E09800CCAE6E8D450B758B6E21891DE59EAB9DB3
:10E0A8002B3CEACF990D05E7FCE8D11412674835F7
:10E0B80064101934D94BDF6A755C16BD5DAB4A6CC8
:10E0C80062398F395AE6C650E98C63083D73DF1D03
:10E0D80034B88F817B9E9D2DFDDEB1EA2D29AF5787
:10E0E8008B4DADA1E4A9479895889CB818C11EC965
:10E0F800CE48F2EFA388702F7CD2A4CCDC1DB79E4B
:10E10800C168354EABCF75E0A510A2154C92D8E585
:10E1180000609CA87723A7E8D000E6FBDD146CF626
:10E12800F1DC1509F4355499B828D490CF8520210D
:10E138004D98EB9615CC0A08C1F153820F91EDE684
:10E1480068C35411F68F7459DD5A34EABB1465D389
:10E15800910E5FAA842DF0E95FB09573642463DEA5
:10E16800C63AF6D09DC1E44077437318DA6DE65598
:10E178006EA34872A11EAD6C4588CA597821687192
:10E18800A97216AE60538E521C4E0839E87A79E8A7
:10E19800D182CD139B0E9D57AD56266EA579A83119
:10E1A8005EAB52E341810623AB743111B538E853B5
:10E1B800AEA928E7716B749C0404A02401CC4A948E
:10E1C80045CE003EC1E26A2EDFEDFD0ECF9966BB5B
:10E1D8002A5D069AD4175C6E780DB8B691CA4A497A
:10E1E8006F3824798CE92761B570C9655BF12F2BED
:10E1F80082E5BE6E9A64098A9525AA6535879A4B89
:10E20800E22C28E807195A7A2D6F3AFAD58F2F0C85
:10E2180064F2E988F5B96D7896BDE9695DD6B53ED1
:10E228000412A96E512A6CB2CA591221C949524F17
:10E23800B09EAB6DF69A5273F454E8C8E6EA0193BF
:10E2480012952C6FB552B854D7AB3968D3E2A53CB8
:10E25800C79F9D3365A892318C6149EB9EF9E9A36C
:10E2680088702A4D3A62F7D29F550A6BD55BB4A6DF
:10E27800C729E63CFE22A6C75038C631841EB9CE4F
:10E288007CB4710E0646DD53A446997AAA6784A425
:10E29800CCB9A43CD8492AFC198F1D202B2075F62F
:10E2A8004F4EA3420668F6DB6F5FB2EF0BBA82EB04
:10E2B800F1E55BAED3E9CD51A32B2A722C3E7984CC
:10E2C800C45E460B68538B4B7D4E1B2949F70122D0
:10E2D80040C89DC1BA69E16E874EB52F184FD72D3A
:10E2E800F61063D1264158F5D44446036C486D7C3A
:10E2F800A82A6D3840752BF6C2412949CE55EC162F
:10E30800B928E1C6AB0EE7B2EA97BD362AA343BAED
:10E318002E1A8D5A3B4E63C5436E38123C4C740B13
:10E32800F60920123AF73A6819E3B9F547B666AD27
:10E3380051DE88CCA265165C58D12E1A78572BE589
:10E348004DAD496254724149580E29B5B6A290A400
:10E358008410A4946143CB3059E46B6D2BF22712DF
:10E36800D2A2C9A1C7914DB4EDDA8C79D39A98009D
:10E37800975096D10E476B91054843287025D52BA9
:10E38800994A529B427091924D41AB136A743989F4
:10E39800DE8AFD416B6FD55CB6692C2121479F9DB4
:10E3A80032A729448C63185A71D7E3DBCCE21C0CE2
:10E3B8007896EAA83BAD533152C1A35E54B32E6C94
:10E3C800524F4A8462DB4A78271CA43AC3ADA1673E
:10E3D800BE584743927471007D5CDD44F0B94AA68B
:10E3E800D977843915DA13482C5066C258F5C443D6
:10E3F80046036C486D7CA82A6D3840752BF6D29080
:10E408004A1273957B05AE6058EE237168F4D622E4
:10E41800446E3D06F7BD2A370CE65F214E3B0E3FA2
:10E428002BA98EB4849492E3C8679C648E40A1950E
:10E438006742CC7A065B876BEC7B8A8551A14AB62A
:10E44800A98CB7528CEC55BCCC2690EB7CE9239D6B
:10E458000A09CA569242811D4100F969D89B90CB9E
:10E4680045CB8EBF57DB3AEDC0F45727C5A1D6235D
:10E47800D49C6D6A21E92954568B881CA3A294DA8E
:10E48800D5838C7301D7421991B87B7CFAF706D6ED
:10E49800BE6812A3C6F16AF0D9AEC65A48131A6903
:10E4A8002F7ABBA9207479B52D48C9F79B70827D56
:10E4B80084606811A0DCEE2BED5DAABDE658D5EBB3
:10E4C80062AD29F8ECB0F34FC45B4A42C38807A891
:10E4D80051494904E3A737C7E5A4DDB204AE4BF6BA
:10E4E800D2CE8732DF995EB8E914A79574D51DB8E6
:10E4F800DB86190F350C3EDB694A52A5A4656528F1
:10E508000B5A824656B5F71D4B481989B96CCCDBB6
:10E5180079BFC31DBED46721D2695F73AB74A512DE
:10E52800D091010E171A5B0A48212F32B5B9CA9546
:10E538000E55A5D582524254079660B3C88ADBFBB4
:10E54800A34AE28DB76D8B6204BA6DBB0DD8D22B8E
:10E55800CBA884A64CA682F9D315A436A52421C538
:10E5680020071C52F211CC909CAB992AF70B58212A
:10E57800394F96ADE98F53E66BD59BB5DE631CC763
:10E588009F9D531B56718C6309F8FD9A7C44696BF7
:10E598009B7F2A9FBCB6D5E544951D9A6542648742
:10E5A800AB10565595CD4D3DE69A94D60602CB470D
:10E5B800C3701C7306D93DD0725B31F02732ACCBE7
:10E5C800525C69F11DB7A9E115461E8D2CB71D08CF
:10E5D80053CDBA921C4A94900FB409CF5D3B080AF8
:10E5E8005737B9FE1BA3D2EC3DC58722E069B8C9ED
:10E5F8006E9754A7AD3EB1222A3D86FD69A73952D0
:10E60800974252029485A82C8E6C233CA26F61DA43
:10E61800E4A175177702E6DA3BF60C74C588F7DDD6
:10E62800396B61E732E250EC15252060609CE33DD0
:10E63800BEDD30247B934F9532B7B7CEC42D25303D
:10E64800EEA4C87B9D4412DFDCF9A8C2700E4E56BA
:10E658003A1C74CF5D0C11E70E972D3BE957AC952A
:10E6680035EACE5A54D8A94F31E7F11132628923DD
:10E6780018C6163AE739CF4D1C43817DA0A74CA692
:10E68800D3AE56A6ADB578B76D6E435E1AC901B75D
:10E6980025AD69072060F5EA3B67CCE840C9E1EDA4
:10E6A800A6239457E6DC5728BC51D69F53F0151E75
:10E6B80075DB392809757CDE1C971C4E08E4C03CC4
:10E6C800AEF5EA75C7C4E44F20274FA5D62DB9F09B
:10E6D8002AAD3D1FC7A63EC4A6CA5C57BED292B19A
:10E6E800F47E291A43D4DDDF1694D7771EE8830D0C
:10E6F8005192115A9BCA14B500029E5280E893DBCE
:10E708009B1A00E837A3D2356A95B3F58B6AB0A88F
:10E71800AE22156DD76329A714B01B79A6D4A4908F
:10E72800A48C7B6147FA5AB8E84379DD1327AC5EBD
:10E73800242D395397B6AF6CAC3892DD2EB83EF71E
:10E74800264171D3D705CF05D585ABAF73AC7BA375
:10E758008BA6DF69E425D0D7ECCDE63B4F76F1F008
:10E7680082DA6B1529455BFDC84D2E8E545597A846
:10E778008D546ADC71254596EB5B3ACA87D2446AA8
:10E7880081FF00681D70CA5B474BC3EA64A951DC6E
:10E7980067E338625FB69FF0466A142E3EEE22A801
:10E7A800AD6F2D874B42FA7FC021A9B23EA52A3210
:10E7B800943F4EB8A50DA73CBB645747FF0086524F
:10E7C800962B70309693C1569FFDA49FD1544885CF
:10E7D8005C5C11714FB8202AFBDFEA7D51B575F0FA
:10E7E800A4CF9CF363EA6F9528FD5AF9EA6C9C6DF7
:10E7F8007FF72ADFDACCDE13B256EAEC9FFE86CF2B
:10E80800707CEA34D3F7DDBFA9874BF460DCAA2912
:10E818004D5B776951D03B889477178FAB99D48F2C
:10E82800D5A98EEFCFCEA8BDDFD9CB5FB35E197F58
:10E83800B383937EB9A5FB4593EB63D1A5B5901C33
:10E848000BBA6FAB96B453DDB603309B57D7CA9556
:10E858002FF42B5F553D83463E5C9BFA180C6F6680
:10E868005DAB555B0B429D3E9BC9FD5A5F40EB611A
:10E8780070CBB15B6CB449B5B6DA90DCC6C0C4C91C
:10E888006D9972411E61C78A9493F9B8D6468ECFA6
:10E89800C350CE1057F7FEE68BB537CF6EED94E335
:10E8A8008BC4C9C5F9A9F263EE8D93F6DC25C87946
:10E8B8001163B92169252D214B2077C019E9AFB023
:10E8C800D5CE5A7129BE3B9BC42548404BB168F64A
:10E8D8007C477C48548449592EA8767A4A8230E38A
:10E8E8009F04FBA8F2C9CA8F1B773912B101D94D11
:10E8F800899DBA1BAB40B12A3518D1614F90553567
:10E90800D6DC595FABB692E3A947B3EFA92929042E
:10E91800F404E7CB492B837641678B2B96EDDD1BFF
:10E92800CFF82EB619A7D16CBB09F5D2A9B4DF1957
:10E93800680B7991E1179612823A005084E4F2A7A5
:10E9480027BA8E9BCDD85120DB57C25DDB7F5E9402
:10E958007A0D4AB747894D99252263ACBEEA9E4C89
:10E968007482A73C305A039CA5240C900120F968B6
:10E97800B0EE48F8C6AD572F1DC536351A343A5D86
:10E98800A5B768343A45392EA804F8612971D2022E
:10E9980048C9E54A475E8940F327430590F2F08964
:10E9A800B61176AF622DCA5A16D3B36AEC0AD541AE
:10E9B800E6F3CAE3F2121781900E128F0D03F33EAD
:10E9C8007AB4AC886EEC336988FFD9006CC00F400C
:10E9D800030000000E0D00003D8F01002A360000E4
:10E9E800140000001300000001000000F4841F4020
:10E9F8002B3200001400000013000000010000008A
:10EA0800F8841F402D31000014000000130000009E
:10EA180001000000F0841F402CFFFF0014000000DC
:10EA280000000000000000000100000000000000DD
:10EA3800EC841F4000000000000000006CC00F4084
:10EA480030000000100F00003D8F0100012700007A
:10EA580017000000120000000001000014851F408C
:10EA68001AFF000012000000000000000100000072
:10EA780018851F401BFF0000120000000000000066
:10EA88000100000010851F400026FF00170000004D
:10EA98001200000000000000010100000100000059
:10EAA8000C851F400C851F40000000006CC00F4003
:10EAB800C0000000504F0000119001000CFF000042
:10EAC80013000000000000000000000024851F4023
:10EAD8000BFF000013000000000000000000000011
:10EAE80028851F400DFF00001300000000000000F3
:10EAF8000000000020851F400A25240013000000A4
:10EB080012000000120000000102030000000000D3
:10EB1800000000000000000000000000160355007F
:10EB28005300420020005300650072006900610034
:10EB38006C00000018035400650065006E00730047
:10EB480079006400750069006E006F000403090411
:10EB580009026200030100C032080B000202020130
:10EB6800000904000001020201000524001001054B
:10EB78002401010104240206052406000107058278
:10EB88000310001009040100020A00000007050331
:10EB98000240000007058402400000090402000248
:10EBA800FF6AFF00070581024000010705010240D6
:10EBB8000001000009026200030100C032080B00D6
:10EBC80002020201000904000001020201000524FA
:10EBD8000010010524010101042402060524060091
:10EBE800010705820310000509040100020A00005C
:10EBF800000705030200020007058402000200095D
:10EC080004020002FF6AC70007058102000201072B
:10EC180005010200020100000A060002EF0201409D
:04EC280001000000E7
:10EC2C0000000000000000000000000000000000D8
:10EC3C0000000000000000000000000000000000C8
:10EC4C000548064B1B1AD90F01EBA301491002D042
:10EC5C00034B03B118477047C0920020C0920020AC
:10EC6C000000000008B5054B1BB105490548AFF382
:10EC7C000080BDE80840FFF7E3BF00BF00000000C4
:10EC8C007CC3002000200460B2F1000C1E4A10B5B9
:10EC9C0092F800E008BF4FF47A7C86450FD072B62C
:10ECAC0010705180C2F804C082ED020A1373029BEB
:10ECBC001361039B5361049B936162B610BDB2F860
:10ECCC0002E01FFA8EFE8E45E9D1D2F804E0E6454B
:10ECDC00E5D1D2ED027AF4EE407AF1EE10FADED103
:10ECEC0092F80CE09E45DAD1D2F810E0029CA645D1
:10ECFC00D5D1D2F814E0039CA645D0D1D2F818E0B7
:10ED0C00049CA645CBD110BD348A0020314B324A2D
:10ED1C001B889BB207EE903A10B41278F8EE677A23
:10ED2C002E4C012AC4ED007A34D0D1B202291DD068
:10ED3C00002944D12A4C07212A4AD4ED007A3324E5
:10ED4C009FED297AF8EE677A284B116066222849E4
:10ED5C0067EE877A1A60274B40221A609622264B60
:10ED6C000C601A60C0ED007A10BC70471C4C072177
:10ED7C001C4AD4ED007A33241C4BF8EE677A1160F0
:10ED8C009FED197A66221A491A6067EE877A194B39
:10ED9C008522E2E713498124144BA8220C609324AA
:10EDAC001A6063221249134B1A60B322124BDFED27
:10EDBC00137A0C601A60C0ED007A10BC70470949D8
:10EDCC0081240A4BA8220C6093241A60B9220849AA
:10EDDC00084BE9E742C6002053C600202CC6002091
:10EDEC00D89E0020F48C00206F12833AF88C0020FF
:10EDFC00FC8C0020A88E0020AC8E002000000000AF
:10EE0C00036818470B680360704700BF0B6803600A
:10EE1C00704700BF704700BF08B5836803B19847BF
:10EE2C00034AD38843F48043D380BFF34F8F08BD8C
:10EE3C0000800B4008B5836803B19847034A1378E8
:10EE4C0003F0F7031370BFF34F8F08BD00400B4066
:10EE5C0000B583B001901FF0F9FA019803B000BD22
:10EE6C008B4A8C4B8C491B681068F0B51A1A0C68CD
:10EE7C0083B08A4D944260D0894C0A60217801F0AD
:10EE8C00FF06D1B94FF0FF32334631468548067044
:10EE9C008548864E0360864B1A6033889BB28B4242
:10EEAC0050D0844B9B68DB0753D4834A01232B70CF
:10EEBC0013680133136003B0F0BD8049097801F089
:10EECC00FF0600295DD1217B00296BD133462178C7
:10EEDC00012971D02178022900F08680616894EDB7
:10EEEC00017ADFED776AB8EE477A0193B2FBF1F065
:10EEFC0001FB102207EE902A6288F8EE677A97B22F
:10EF0C0087EE870A20EE260A21F00AFD07EE907A9A
:10EF1C00B6EE007A4FF0FF32F8EEE77AF7EE006AC1
:10EF2C0067EE877A30EE260AA7EE807ABCEEC77AB7
:10EF3C0017EE103A99B2019BA8E72C78002C9BD1C4
:10EF4C0003B0F0BD2B78002BB5D05A4B9B68DB0778
:10EF5C00ABD500225B4801911FF078F863883288AA
:10EF6C00C3F34E03019992B29A4210D3328892B2F3
:10EF7C009A4201D3994210D3002331802B7003B0F5
:10EF8C00F0BD00234FF0FF321E4619467EE7994232
:10EF9C0041D2328892B29342EED84B4A1368013375
:10EFAC001360E9E72169D4F814C09142D4F818E051
:10EFBC0007D90144CB1A8AE761884FF0FF3289B236
:10EFCC0064E76144914208D88E4496454FD9C01AE3
:10EFDC00521A022600EB0E0379E7C91A4FF0FF32E2
:10EFEC0001260B18002151E76068D4ED017A94EDED
:10EFFC00027AF8EE677AB2FBF0F167EE877A00FBE3
:10F00C001122FCEEE77A17EE901A8A422BD3616834
:10F01C008A1A00213AE72D4A2D4C136801910133CD
:10F02C0013601FF09DFD23680199D3B12368DFF8AD
:10F03C00B0E0C31ADFF8ACC0DEF80020254F1A444C
:10F04C00CEF80020DCF800200132CCF800203A6821
:10F05C009A4200D93B60204AD2F800C09C4500D2AD
:10F06C001360206088E78A1A618889B20EE71B4911
:10F07C008A4207D801314FF0FF3203260144CB1AE4
:10F08C00002103E733464FF0FF3203261946FDE615
:10F09C00E4C20020F8C50020788A00204EC600206B
:10F0AC00348A002053C60020D89E002042C600207F
:10F0BC00308A002000400042C09E00204BC6002039
:10F0CC00DB0FC94054C30020389F0020409F002014
:10F0DC00D49E0020288A0020B09E0020FF5B2605CD
:10F0EC00B49E00203C9F002008B520F0BDF8002104
:10F0FC0008BD00BF831EFDEEC07A70B50DB204468C
:10F10C00D6B21D4819B24FF410632A462DED028B6E
:10F11C0084B0B0EE678ACDED017A009333468DED65
:10F12C00030A17F049F8154B2A4621B212480193ED
:10F13C0000230093334616F0EDFFB8EEC87A9DED30
:10F14C00030AF6EE007ADFED0E6A04F1080130EEE8
:10F15C00470A022433462A4609B20748E0EE267ACB
:10F16C000094FDEEE77ACDED017A17F025F804B0A6
:10F17C00BDEC028B70BD00BF20990020FC0F00205D
:10F18C000000C842194A1A49138812889BB292B2DD
:10F19C0007EE903AF8EE677AC1ED007AA2B1154B02
:10F1AC008220154A1B68DFF860C00233A2FB0312F1
:10F1BC0022F0010101EB52029B1A5CF823200F494B
:10F1CC000F4B08601A6070470E4B9F200A4A1B6851
:10F1DC00DFF838C00233A2FB031222F0010101EB6D
:10F1EC0052029B1A5CF82320E9E700BF42C60020BC
:10F1FC002CC60020409F0020ABAAAAAAAC8E0020EF
:10F20C00A88E0020389F0020702100207C21002037
:10F21C002B4B1B7843B12B4A2B4B1268A3FB0232AE
:10F22C00C2F34013920600D5704700B585B027484D
:10F23C00039316F08BFA0399244816F0BFFAFF21BA
:10F24C00224816F0E1FD2249204816F0F1FAA021DF
:10F25C001E4816F02BFB09211C4816F071FE039B6F
:10F26C00F42246210093194817F0E4F8039B4FF45D
:10F27C0087724FF4CD710093144817F0DBF8FF231D
:10F28C0012481A46194616F0D3FE124B4FF4C060C2
:10F29C0040F201121B78F021012B4FF01B030CBF25
:10F2AC00DFF834C0DFF834C0CDE9000C074816F0A5
:10F2BC0031FF064805B05DF804EB16F00FBA00BF3D
:10F2CC004FC60020F8C50020D34D621020990020B5
:10F2DC002417BD004AC60020500400206C040020F6
:10F2EC00214B944640F6C3121B889BB207EE903A12
:10F2FC00F8EE677A30B51D4CDFF880E0C4ED007A8B
:10F30C001B4CDEF8003025685B1B934214D9036854
:10F31C00032B09D8DFE803F019200211154B9A22B0
:10F32C001A60154B196003680133042BA8BF002326
:10F33C000360DEF80030236030BD0E4BCE221A6025
:10F34C000D4BC3F800C00368EEE70A4B34221A6079
:10F35C00094B19600368E7E7064B68221A60064BF5
:10F36C00C3F800C00368DFE742C600202CC60020AB
:10F37C00ECC20020A88E0020AC8E0020F8C5002026
:10F38C000A4B186880B10368094A1B6893420CD178
:10F39C00836810B503B19847064AD38843F4804379
:10F3AC00D380BFF34F8F10BD70471847F49E0020D9
:10F3BC00F901000000800B4010B5242184B01F48D7
:10F3CC0021F0AAF81E481FF0E5F81E481FF03EF881
:10F3DC000023B6EE000A4FF47A72194618460093D1
:10F3EC00194CCDE90133FFF74FFC0A4617481EF0C4
:10F3FC002DFE2378DBB116490022164815F04CFC83
:10F40C002378C3B114490022124815F045FC237827
:10F41C007BB1124900220F4815F03EFC64201FF00E
:10F42C0049FB642004B0BDE810401FF043BB0C49FD
:10F43C00E2E70C49EEE70C49E5E700BF8804002041
:10F44C00188A0020508D00205AC6002054C300207A
:10F45C00942030002099002070203000D4203000FF
:10F46C0090241000C42410006C2410002DE9F043EB
:10F47C00002491B081460F4690462546504E56F8D2
:10F48C0024003946033422F08BFD002861D001356D
:10F49C000C2DF4D14B4BD3F88024EAB10023114648
:10F4AC0002A83A4602931AF0E1FA04464946464845
:10F4BC0016F070FCFCB1002208F1FF31424817F045
:10F4CC0001F800223946404818F094FAB8F1000FC0
:10F4DC0039D011B0BDE8F083D3F8841439B1134698
:10F4EC000E9202A83A4619F0AFF9002863D14946AA
:10F4FC00354816F04FFC3821344821F00DF83846C9
:10F50C0022F00EFF0146384621F006F830481FF075
:10F51C0041F8304A00212C4813780133137016F04F
:10F52C0049FD0123032128481A4615F0AFFE01229C
:10F53C0000232548CDE9002219461A4615F0DCFEB9
:10F54C00B8F1000FC5D1204811B0BDE8F04316F05A
:10F55C00C5B81C4A05EB4505D2F8803406EB850688
:10F56C00E3B11946029003463A4602A81AF07EFA15
:10F57C004946154816F00EFC08F1FF3100221248DE
:10F58C0016F0A0FF1048D6E9011215F0E9FF124958
:10F59C00B3683A460E481FF017F897E7D2F8841470
:10F5AC0021B13A4602A80E9319F04EF94946064885
:10F5BC0016F0F0FBE0E74946034816F0EBFB7AE760
:10F5CC00D41D00208499002020990020CC04002018
:10F5DC00188A00205EC60020B004002070B507E039
:10F5EC0020F076FFC4B2204620F082FF542C04D0C9
:10F5FC0020F028FF0A28F3DC70BD00260A253446CB
:10F60C0020F066FFC2B23038A100C0B2303AB3006D
:10F61C00092841EA967107D89B1944EB0104DB18C1
:10F62C006441D61844EBE274013DE9D130462146E1
:10F63C001DF022FEDCE700BF2DE9F04F0120ADF5F7
:10F64C00477D1EF06BFD02201EF05EFDB74BB84CE3
:10F65C0040F2EE26B74F1D68DFF8DC8220F0D8FFB1
:10F66C002378002B00F0DD833B78DA0740F1D98357
:10F67C00AE4B1B68D8F800209B1A0E2B40F2D1839E
:10F68C00AC4DAD4E20F0C4FF2378002B00F0D58399
:10F69C002B78DB0740F1D183A44B1B6832689B1A93
:10F6AC000E2B40F2CA83A5481DF036FEFFF796FFDD
:10F6BC0064201FF0FFF91EF01FFD002800F0FC83F2
:10F6CC0018219F4820F028FF9E481EF063FF9E489B
:10F6DC0028F052FB20219D4820F01EFF9C4C99489D
:10F6EC001EF058FF00201FF01DFB0A2120609948D6
:10F6FC0017F0B6FA2568002D00F00E84964B012405
:10F70C0094481C6016F022F8224694490020FFF71A
:10F71C00ADFE002292492046FFF7A8FE0022914937
:10F72C000220FFF7A3FE00228F490320FFF79EFE65
:10F73C0000228E490420FFF799FE00228C490520F7
:10F74C00FFF794FE00228B490620FFF78FFE002264
:10F75C0089490720FFF78AFE002288490820FFF715
:10F76C0085FE002286490920FFF780FE002285498C
:10F77C000A20FFF77BFE844B1A78002A40F0FC83AA
:10F78C00092182481EF0B8FB0022804811461EF069
:10F79C005DFC0A201EF090FF10201EF0C1FF00211E
:10F7AC000E201FF029FA7A4B402118681971A0B16C
:10F7BC00784B794AC31879481B11D1545378117876
:10F7CC008B4228BF0B469178D2788B4228BF0B46D0
:10F7DC00934228BF134680F87A30714B76AD714A4C
:10F7EC003EA93C9378A82B6000263E923CACFFF7D8
:10F7FC0009FB41F26F72294665481EF0A3FD2B6888
:10F80C0078A8694FDB68984723683EA8DB6898475F
:10F81C00664A6748136C674943F4001313647A6FA4
:10F82C00866042F44032644B7A67086040F21450B0
:10F83C00624A6349C2F8B01146F2A0121A8041F232
:10F84C0010321A8044F20A02DA801A8842F06C02F2
:10F85C001A804FF080521E814FF0E023C3F808212C
:10F86C000122584B1A601FF05DFAB12800F0798321
:10F87C00B2464FF6FF764FF0C40940F2F4474846C3
:10F88C004FF008081FF04EFA4640B6B206F00103DE
:10F89C00B8F1010803EB830203EB423383EA56060B
:10F8AC00B6B2F3D109F10109B945E8D10DF10E0752
:10F8BC003E80BAF1000F40F039834FF4A072002162
:10F8CC00284622F007FA4FF47A7347A90022AB605E
:10F8DC00AB64C5F88830C5F8C830C5F8083110AB32
:10F8EC0043F82C2C2C3343F8542C8B42F8D1642045
:10F8FC001FF018FAFF28814600F044832221324879
:10F90C00A3460DF2D71AC4F1C40620F005FE0D482B
:10F91C001EF040FE0BEB06001FF004FA0BF8010B77
:10F92C00D345F7D105AEC6F59A7A4FE0F8C500205D
:10F93C0066C6002065C6002020C60020C904000051
:10F94C0008050020188A00209907000034050020C3
:10F95C00C4C2002020990020E0C2002058050020DD
:10F96C007405002090050020A8050020C00500208B
:10F97C00DC050020F40500200C0600201C060020ED
:10F98C002C060020400600205EC6002054C3002038
:10F99C00508D002000BFF7BF508A002000E400E02B
:10F9AC00882100204102000000C00F4000C00A4026
:10F9BC0030C60020F49E002000800B4000900020F8
:10F9CC006107000020C300200807002006EB0A0096
:10F9DC001FF0A8F906F8010BA642F7D12E46C5F583
:10F9EC006D7A06EB0A001FF09DF9C6AB06F8010B09
:10F9FC009E42F6D10DF23D1A234605E05E2900F237
:10FA0C006382534500F060821A780133A2F1200121
:10FA1C00002AF3D104F14C0304F1990605E05E29A8
:10FA2C0000F25B82B34200F0588213F8012FA2F16E
:10FA3C002001002AF3D104F1E60105E05E2A00F270
:10FA4C0055828E4200F0528216F8013FA3F120023B
:10FA5C00002BF3D1B9F1FF0F00F0558264201FF099
:10FA6C0061F9009070201FF05DF983467C201FF037
:10FA7C0059F9814688201FF055F9824694201FF0D1
:10FA8C0051F90646B8201FF04DF95B46012B38BFE3
:10FA9C000123B9F1010F38BF4FF00109BAF1010F81
:10FAAC0038BF4FF0010A012E38BF0126012838BF9C
:10FABC00012083462046E7224FF4AF6101931FF0EB
:10FACC00EBFA05A8DC2240F25F611FF0E5FA4FF477
:10FADC00A07240F23B7128461FF0DEFA00996420B8
:10FAEC001FF03AFA002140F216501FF035FA019B34
:10FAFC00042240F21C5104A804931FF0CDFA0422F6
:10FB0C004FF4A46104A8CDF810901FF0C5FA04229C
:10FB1C0040F2245104A8CDF810A01FF0BDFA042225
:10FB2C004FF4A56104A804961FF0B6FA012604222E
:10FB3C0040F22C5104A8CDF810B01FF0ADFA0422FD
:10FB4C004FF4A66104A804961FF0A6FA042240F212
:10FB5C00345104A8049600261FF09EFA04224FF498
:10FB6C00A76104A804961FF097FA04A8042240F297
:10FB7C003C5104961FF090FA022238464FF4A361D0
:10FB8C001FF08AFA022140F215501FF0E5F9B1215D
:10FB9C0040F214501FF0E0F9642040F21C5A1FF0A0
:10FBAC00C1F82C46AF4B186050460AF1010A1FF001
:10FBBC00B9F804F8010BBAF5A46FF5D12B682C46F3
:10FBCC00A94F40F224563B6050460AF1010A1FF03F
:10FBDC00A9F804F8010BB245F6D12B682C46A34EBC
:10FBEC00336050460AF1010A1FF09CF804F8010B2F
:10FBFC00BAF5A56FF5D12B68AB469D4A40F22C594E
:10FC0C00136050460AF1010A1FF08CF80BF8010B37
:10FC1C00CA45F6D12B6840F23454964AA946136073
:10FC2C00204601341FF07EF809F8010BB4F5A76FDC
:10FC3C00F6D12A68A946904B1A6050460AF1010A7F
:10FC4C001FF070F809F8010BBAF5A66FF5D12A6808
:10FC5C00AB468A4B40F234591A6050460AF1010AFD
:10FC6C001FF060F80BF8010BCA45F6D12A68AA46BA
:10FC7C00834B40F23C591A60204601341FF052F875
:10FC8C000AF8010B4C45F7D12A68A9467D4B1A603E
:10FC9C00204601341FF046F809F8010BB4F5A86FA3
:10FCAC00F6D1794C2B68794A04F1E709C4F5AF65B4
:10FCBC00136060191FF036F804F8010B4C45F8D1AD
:10FCCC00734D40F23B74AA46641B05F5A0790AEB10
:10FCDC0004001FF027F80AF8010BCA45F7D16D4C48
:10FCEC0040F6980B04F10A0AABEB040B04EB0B0087
:10FCFC00DFF8A0911FF016F804F8010B5445F5D16C
:10FD0C009FED657A40F2B6306449DFF8A0E1DFF888
:10FD1C00A0C139F8022BA2F132039BB2834200F24C
:10FD2C00968007EE902AF8EEE77AC7EE876AF6EE31
:10FD3C00007AE6EE877AFCEEE77A17EE903A9BB201
:10FD4C00323B8EFB0342DB17C3EB2213C3EB0343A3
:10FD5C00ACFB03429B1A02EB53031B0908F110087E
:10FD6C0041F8043BB8F1500FD3D1DFF8488140F291
:10FD7C005F6908F1DC05A9EB080908EB09001EF026
:10FD8C00D1FF08F8010BA845F7D1364B444D1B6841
:10FD9C002A689A4241D0083B362B3CD8DFE813F056
:10FDAC000A013B003B003B003B003B003B002D01AC
:10FDBC003B003B003B003B003B003B0038013B0061
:10FDCC003B003B003B003B003B000E013B003B007B
:10FDDC003B003B003B003B003B003B003B003B003F
:10FDEC003B003B003B003B003B003B003B003B002F
:10FDFC003B003B003B0037003B003B0013013B004A
:10FE0C003B003B003B003B003B003B0028011B4AF6
:10FE1C00244B12681A601E232B600DF5477DBDE83C
:10FE2C00F08F214B1B6822785B1B6AB1B3F5FA6F1C
:10FE3C003FF626AC20F0ECFB10E41B4B1B68B3F533
:10FE4C007A6FFFF41FAC2EE4B342F3D918E445F2F9
:10FE5C00D70345F6506455F82820012A18BF2346CD
:10FE6C007CE700BFE8C300201C8D0020048D00201F
:10FE7C00148D0020388D00202C8D0020248D002026
:10FE8C000C8D00200CC600209C8D002010C600207C
:10FE9C0030880020C8C2002000007A44D0C5002061
:10FEAC00E4C30020208D0020F8C500201F85EB51F5
:10FEBC00CB6B28AF48C400200E21594820F02CFBF6
:10FECC0058481EF067FB02E44C225749204621F0AB
:10FEDC0081FF002384F84C309CE550464C2253495A
:10FEEC0021F078FF002384F89930A4E54C22504986
:10FEFC000DF5C57021F06EFF0023B9F1FF0F84F8EA
:10FF0C00E6307FF4ABAD4FF0010B00235E4600935F
:10FF1C00DA46D9465B46CDE5464816F053FC0A2135
:10FF2C00284621601FF018F8FFF7E8BB4FF00009D6
:10FF3C004FF4A3601EF0F6FE60F3070940F219506F
:10FF4C001EF0F0FE60F30F291FFA89F9B1453FF45A
:10FF5C0023AE4921384820F0DFFA32481EF01AFB54
:10FF6C00ABE440F215501EF0DDFEA0F1020ABAFA25
:10FF7C008AFA4FEA5A1A7CE430492A481EF024FBCC
:10FF8C00FFF7FEBB2A212E4820F0C6FA25481EF0AA
:10FF9C0001FBE7220021204621F09CFE4FF4A072C9
:10FFAC000021284621F096FEDC22002105A821F034
:10FFBC0091FE1FE5234B3A681A602CE7224A234B2B
:10FFCC0012681A6027E7224A224B234910680968F5
:10FFDC00224A1B6811601B1A214A40F2165013600A
:10FFEC001EF0A0FE04281F4B17DD00221A6012E73A
:04FFFC001D4A1E4B31
:02000004600199
:1000000012681A600DE71D4A154B10681B681C4AE0
:1000100031681B1A1160154A136002E7194A1A4B1E
:1000200012681A60FDE61860FBE600BF2405002098
:10003000188A00202C070020340700203C070020ED
:10004000209900209006002060060020DC06002099
:10005000188D0020388D0020348D002010C600201F
:10006000F8C500200C8D0020088D0020E4C200207F
:1000700078C300202C8D0020288D00200CC6002085
:10008000008D0020148D0020108D0020F0B52C4C28
:1000900085B000252B4F20461C2616F07DFCFF2343
:1000A00020461A46194615F083FC204615F0E4FA5E
:1000B000204616F071FC0121204615F047FF2B4623
:1000C0002D220F212046009516F0BAF9204615F092
:1000D00043FBFF2320461A46194615F0AFFF1A4985
:1000E000204615F0D1FE0121204615F06DFB3B881E
:1000F000164AD721204600960392C722CDE9015324
:100100000125372315F0E2FC3723C722D7212046EB
:10011000CDE9006515F08CFC204615F0E5FA204687
:1001200016F044F9237C2BB1638A4FF6FF72934299
:100130003B6001D005B0F0BD054B1D6005B0F0BDC2
:100140002099002014C60020A9A9A9004407002076
:10015000E4C30020F0B5CE4883B016F01DFCCD4DB1
:10016000CB4814F0DFFD32201EF0AAFC2B68142BC4
:1001700009D80024012001341EF0A2FC2B68142BA6
:1001800001D8192CF6D1C24C00254FF4C066204688
:1001900014F090FDFA2320461A46194615F008FC83
:1001A000204615F069FA4FF4B461204615F0C2FB01
:1001B0000221204615F0CAFE5A21204615F02AFEDB
:1001C000D92320461A46194615F038FF2B462A46F1
:1001D000F0212046009516F033F94FF4F0612046E7
:1001E00015F0A8FBFF21204615F014FEDE23204663
:1001F0001A46194615F022FF4FF491722B46F02152
:100200002046009516F01CF90921204615F09EFEA7
:10021000F22320461A46194615F010FFC3222B463A
:1002200029462046009516F00BF94FF482722B46B2
:100230004FF4F0712046009516F002F977237922E9
:100240007C21204615F0FAFE934A1F23F021204618
:10025000CDE90062262215F063FF904A1F23F021AA
:100260002046CDE900628E4E522215F059FF3368C8
:10027000002B40F08F8100251A2306220421844898
:10028000CDE9005515F09EFF31681A2306228048FB
:10029000CDE900510E2115F095FF82490025824ECF
:1002A0001A2306227A48CDE90051172115F038FFAC
:1002B00031681A230622092900F365811C2174483C
:1002C000CDE9005515F07EFF31681A2306227048EB
:1002D000CDE90051252115F075FF1CF031FF20B14B
:1002E000724B1968002900F06481714800211A23BB
:1002F0000622CDE900102B21654815F011FF6D4D48
:100300002968092900F3358100261A2306224B218A
:100310005F48CDE9006615F055FF29681A230622CB
:100320005B48CDE90061552115F04CFF624E002578
:10033000624F1A2306225D215548CDE9005615F07B
:10034000EFFE3A681A23092A00F30B810622632183
:100350004F48CDE9005515F035FF3A681A236B2157
:100360004B48CDE90052062215F02CFF00251A2338
:10037000062273214648CDE9005615F0D1FE5049BA
:100380001A23062209684248CDE90051792115F067
:1003900019FFFF233E481A46194615F04FFE052166
:1003A0003B4815F011FA0121394815F0CFFD032320
:1003B000CD221F213648009516F042F8022134481C
:1003C00015F002FA0123CD2274213148009516F070
:1003D00037F803212E4815F0F7F90223CD22C92161
:1003E0002B48009516F02CF80821294815F0ECF957
:1003F0000623CD224FF48F712548009516F020F882
:10040000C821234815F0E0F90A23CD2240F27311E8
:100410001F48009516F014F8FF211D4815F0FAFC4E
:10042000A0211B4815F048FA0921194815F08EFD46
:10043000D721174815F0C8F92249154815F0FEF9DB
:1004400080222B4640F2A7111148009515F0F8FFC5
:100450009E222B464FF4EF710D48009515F0F0FFEA
:10046000FF230B481A46194615F0E8FD16494FF4CC
:10047000C0621B230648CDE900218E2240F2BF1145
:1004800015F04EFEFF21024815F0C4FCA0211DE02E
:1004900020990020308A00204C07002058070020B7
:1004A00030C300206407002040C30020C0C20020E9
:1004B00070070020DCC200207807002050C3002015
:1004C0003CC60020D9D9D9007C0700204D4815F042
:1004D000F3F909214B4815F039FD4A21494815F037
:1004E00073F94949474815F0A9F980222B46294656
:1004F0004448009515F0A4FF9E222B463721414821
:10050000009515F09DFFFF233E481A46194615F049
:1005100095FD01213B4815F019FD082378220B2198
:100520003848009515F08CFF364815F03FFF94F8D9
:100530002030082B0AD8012B11D9023B062B0ED8EC
:10054000DFE803F04B500D550D0D4600C82B53D07E
:10055000D72B38D04A2B02D12C4B1F221A6003B064
:10056000F0BDCDE9005261210622264815F02AFE91
:10057000FCE600201A230622CDE900014B21214888
:1005800015F020FED2E6CDE900511E481B2115F0E2
:1005900019FEA2E61CF0B4FD092830607FF76BAEAF
:1005A0001A2306220421CDE90050204615F00AFE48
:1005B00073E617481A230622CDE900102B211148B3
:1005C00015F0AEFD9BE6114B37221A6003B0F0BD6B
:1005D0000E4B17221A6003B0F0BD0C4B02221A60BA
:1005E00003B0F0BD094B09221A6003B0F0BD074B00
:1005F00010221A6003B0F0BD044B38221A6003B019
:10060000F0BD00BF20990020D9D9D900E4C3002053
:1006100068070020F0B5CF4883B016F0BDF9CE4D85
:10062000CC4814F07FFB32201EF04AFA2B68142BC2
:1006300009D80024012001341EF042FA2B68142B43
:1006400001D8192CF6D1C34C00254FF4C0662046C2
:1006500014F030FBFA2320461A46194615F0A8F983
:10066000204615F009F84FF4B461204615F062F900
:100670000221204615F06AFC5A21204615F0CAFBDB
:10068000D92320461A46194615F0D8FC2B462A468F
:10069000F0212046009515F0D3FE4FF4F06120467E
:1006A00015F048F9FF21204615F0B4FBDE23204663
:1006B0001A46194615F0C2FC4FF491722B46F021F0
:1006C0002046009515F0BCFE0921204615F03EFCA1
:1006D000F22320461A46194615F0B0FCC3222B46D9
:1006E00029462046009515F0ABFE4FF482722B464A
:1006F0004FF4F0712046009515F0A2FE7723792281
:100700007C21204615F09AFC944A1F23F0212046B4
:10071000CDE90062262215F003FD914A1F23F02146
:100720002046CDE900628F4E522215F0F9FC336865
:10073000002B40F04B8100251A2306220421854816
:10074000CDE9005515F03EFD31681A230622814897
:10075000CDE900510E2115F035FD83490025834E6A
:100760001A2306227B48CDE90051172115F0D8FC49
:1007700031681A230622092900F321811C217548BA
:10078000CDE9005515F01EFD31681A230622714887
:10079000CDE90051252115F015FD1CF0D1FC20B14B
:1007A000734B1968002900F03981724800211A231F
:1007B0000622CDE900102B21664815F0B1FC6E4DE4
:1007C0002968092900F3198100261A2306224B21E2
:1007D0006048CDE9006615F0F5FC29681A23062269
:1007E0005C48CDE90061552115F0ECFC634E002515
:1007F000634F1A2306225D215648CDE9005615F0B5
:100800008FFC3A681A23092A00F3EF80062263213D
:100810005048CDE9005515F0D5FC3A681A236B21F4
:100820004C48CDE90052062215F0CCFC00251A23D5
:10083000062273214748CDE9005615F071FC514955
:100840001A23062209684348CDE90051792115F0A1
:10085000B9FCFF233F481A46194615F0EFFB072164
:100860003C4814F0B1FF0523CD221F2139480095E3
:1008700015F0E6FD0421374814F0A6FF0923CD2228
:1008800074213448009515F0DBFDFF21314815F047
:10089000C1FAA0212F4815F00FF809212D4815F0B5
:1008A00055FBD8212B4814F08FFF3749294814F005
:1008B000C5FF80222B4629462648009515F0C0FD2D
:1008C0009E222B4637212348009515F0B9FDFF23C2
:1008D00020481A46194615F0B1FB2C494FF4C06266
:1008E0001B231C48CDE900218E221D2115F018FC88
:1008F000FF21184815F08EFAA021164814F0DCFFED
:100900000921144815F022FB4A21124814F05CFF1B
:100910001D49104814F092FF80222B4640F2A71187
:100920000C48009515F08CFD9E222B464FF4EF717C
:100930000848009515F084FDFF2306481A4619461D
:1009400015F07CFB0121034815F000FB08237822F9
:100950001EE000BF20990020308A00204C070020B4
:100960005807002030C300206407002040C3002047
:10097000C0C2002070070020DCC2002078070020E1
:1009800050C300203CC60020D9D9D90084070020DC
:100990004FF4D5712B48009515F052FD294815F0FC
:1009A00005FD94F820304A2B47D030D8042B3FD097
:1009B000072B02D1244B2D221A6003B0F0BDCDE9E4
:1009C000005120481B2115F0FDFBE6E61CF098FBCA
:1009D000092830607FF7AFAE1A2306220421CDE943
:1009E0000050204615F0EEFBB7E6CDE9005261213C
:1009F0000622144815F0E6FB18E700201A23062209
:100A0000CDE900014B210F4815F0DCFBEEE6D82BB9
:100A1000D3D10D4B01221A6003B0F0BD0B481A234D
:100A20000622CDE900102B21064815F079FBC6E619
:100A3000054B22221A6003B0F0BD034B1F221A603F
:100A400003B0F0BD20990020E4C300206807002017
:100A5000F0B5CF4883B015F09FFFCE4DCC4814F0D1
:100A600061F932201EF02CF82B68142B09D80024D1
:100A7000013401201EF024F82B68192C01D0142B0E
:100A8000F6D9C34C00264FF4C065204614F012F985
:100A9000FF2320461A46194614F08AFF204614F018
:100AA000EBFD4FF4AA61204614F044FF02212046DA
:100AB00015F04CFA5A21204615F0ACF9D9232046FE
:100AC0001A46194615F0BAFA33463246F021204646
:100AD000009615F0B5FCFF21204615F09BF9772311
:100AE00079227C21204615F0A9FAAB4A1E23F02179
:100AF0002046CDE90052202215F012FBA74A1E2302
:100B0000F0212046CDE900523F2215F009FB772362
:100B100079227C21204615F091FAA14A17239421CD
:100B20002046CDE90052732215F0FAFA9D4A1B23A4
:100B30004FF487712046CDE90052732215F0F0FA88
:100B4000994A1B23F0212046CDE900528C2215F052
:100B5000E7FA964A1B23F0212046CDE90052A52250
:100B600015F0DEFA924A1B23F0212046CDE900520F
:100B7000904DBE2215F0D4FA2B68002B40F07F81F7
:100B800000261A23062204218148CDE9006615F0CB
:100B900019FB29681A2306227D48CDE900610E2140
:100BA00015F010FB84490025844E1A23062278484C
:100BB000CDE90051172115F0B3FA31681A23062246
:100BC000092900F355811C217148CDE9005515F024
:100BD000F9FA31681A2306226D48CDE90051252122
:100BE00015F0F0FA1CF0ACFA20B1754B1968002929
:100BF00000F06B81734800211A230622CDE9001012
:100C00002B21634815F08CFA6F4D2968092900F3F0
:100C10004D8100261A2306224B215D48CDE900664E
:100C200015F0D0FA29681A2306225948CDE9006147
:100C3000552115F0C7FA654E0025654F1A23062287
:100C40005D215348CDE9005615F06AFA3A681A2337
:100C5000092A00F32381062263214D48CDE900557E
:100C600015F0B0FA3A681A236B214948CDE90052D1
:100C7000062215F0A7FA00251A23062273214448FC
:100C8000CDE9005615F04CFA52491A23062209689C
:100C90004FF4C0663E48CDE90051792115F092FA33
:100CA000FF233B481A46194615F0C8F90121384878
:100CB00015F04CF901232A464FF4C87134480095C9
:100CC00015F0BEFBFF21324815F0A4F8A0213048F2
:100CD00014F0F2FD09212E4815F038F90A212C48AC
:100CE00014F072FD3C492A4814F0A8FD80222B46DE
:100CF00029462748009515F0A3FB9E222B46372155
:100D00002348009515F09CFBFF2321481A461946FD
:100D100015F094F9314A1B231D211D48CDE90062CD
:100D20008E2215F0FDF9FF21194815F073F8A02166
:100D3000174814F0C1FD0921154815F007F90921DC
:100D4000134814F041FD2449114814F077FD802226
:100D50002B4640F2A7110E48009515F071FB9E221C
:100D60002B464FF4EF710A48009515F069FBFF23FD
:100D700007481A46194615F061F9194A1B2340F233
:100D8000BF110348CDE900628E2215F0C9F929E0B0
:100D900020990020308A00208C0700209C0700202A
:100DA000AC070020B4070020CC070020E807002093
:100DB0000808002030C300206407002040C3002042
:100DC000C0C2002070070020DCC20020780700208D
:100DD00050C300203CC60020D9D9D9008407002088
:100DE0007C070020FF21404815F014F8A0213E4860
:100DF00014F062FD09213C4815F0A8F8DE233A48BA
:100E00001A46194615F01AF90B21374814F0DCFC84
:100E10004FF47071344814F08DFD0221324815F002
:100E200095F84FF491722B46F0212F48009515F05C
:100E300007FBFF232C481A46194615F0FFF82B49EB
:100E40001B23FF222848CDE90061F02115F068F945
:100E5000254815F0ABFA94F820300A2B3FD00B2B25
:100E60002ED0092B02D1224B04221A6003B0F0BD10
:100E7000CDE900511C481B2115F0A4F9B2E61CF085
:100E80003FF9092828607FF77BAE1A230622042148
:100E9000CDE90060204615F095F983E6CDE90052D2
:100EA00061210622104815F08DF9E4E600201A238E
:100EB0000622CDE900014B210B4815F083F9BAE673
:100EC0000B4B03221A6003B0F0BD0A481A23062216
:100ED000CDE900102B21044815F022F994E6044BCB
:100EE00001221A6003B0F0BD2099002028080020DC
:100EF000E4C3002068070020F0B5C84883B015F0AF
:100F00004BFDC74DC54813F00DFF32201DF0D8FD35
:100F10002B68142B09D80024013401201DF0D0FDCA
:100F20002B68192C01D0142BF6D9BC4C00264FF499
:100F3000C065204613F0BEFEFF2320461A46194620
:100F400014F036FD204614F097FB4FF4A0712046B4
:100F500014F0B2FC0921204614F0F8FFB1492046F4
:100F600014F06CFC46225D2133462046009615F0B5
:100F700067FAEB22334640F283112046009615F0C3
:100F80005FFA772379227C21204615F057F8A64A8C
:100F90001B23F0212046CDE90052532215F0C0F862
:100FA000A24A1B23F0212046CDE900526E2215F003
:100FB000B7F89F4A1B23F0212046CDE90052872233
:100FC00015F0AEF89B4A1B23F0212046CDE90052D4
:100FD000A02215F0A5F8984A1B23F0212046CDE960
:100FE0000052B92215F09CF8944A1B23F0212046A8
:100FF000CDE90052D22215F093F8914A1B23F0213B
:101000002046CDE900528F4DEB2215F089F82B6870
:10101000002B40F0F38000261A23062204217F488B
:10102000CDE9006615F0CEF829681A2306227B4820
:10103000CDE900610E2115F0C5F883490025834EE6
:101040001A2306227548CDE90051172115F068F8DA
:1010500031681A230622092900F3C9801C216F4830
:10106000CDE9005515F0AEF831681A2306226B4819
:10107000CDE90051252115F0A5F81CF061F820B14B
:10108000734B1968002900F0F580724800211A237B
:101090000622CDE900102B21604815F041F86E4D75
:1010A0002968092900F3998000261A2306224B217A
:1010B0005A48CDE9006615F085F829681A230622FA
:1010C0005648CDE90061552115F07CF8634E0025A6
:1010D000634F1A2306225D215048CDE9005615F0D2
:1010E0001FF83A681A23092A6FDC062263214B484D
:1010F000CDE9005515F066F83A681A236B21474888
:10110000CDE90052062215F05DF800251A230622CB
:1011100073214248CDE9005615F002F851491A23CF
:10112000062209683D48CDE90051792115F04AF8B9
:10113000FF233A481A46194614F080FF0121374828
:1011400014F004FF01232A464FF4C8713348009578
:1011500015F076F9A021314814F0AEFB09212F4893
:1011600014F0F4FE0D212D4814F02EFB3E492B48BF
:1011700014F064FB80222B4629462848009515F080
:101180005FF99E222B4637212448009515F058F927
:10119000FF2322481A46194614F050FF33484FF4F3
:1011A000C0611B238E22CDE900101D211B4814F0C5
:1011B000B7FF1A4815F0FAF894F820300D2B02D139
:1011C0002B4B02221A6003B0F0BDCDE90052612121
:1011D0000622124814F0F6FF97E700201A23062291
:1011E000CDE900014B210D4814F0ECFF6EE7CDE98D
:1011F00000510A481B2114F0E5FF3EE71BF080FF79
:10120000092828607FF707AF1A2306220421CDE9B9
:101210000060204614F0D6FF0FE700BF20990020A1
:10122000308A0020F2F2F200300800205808002036
:1012300084080020B0080020D80800200009002001
:101240002809002030C300206407002040C300208C
:10125000C0C2002070070020DCC2002078070020F8
:1012600050C300203CC60020D9D9D90084070020F3
:10127000E4C3002004481A230622CDE900102B21E4
:10128000024814F04DFF0AE768070020209900206B
:10129000F0B5CA4883B015F07FFBC94DC74813F0BD
:1012A00041FD32201DF00CFC2B68142B09D80024C2
:1012B000013401201DF004FC2B68192C01D0142BE3
:1012C000F6D9BE4EBF4C304613F0F4FCFF23304637
:1012D0001A46194614F06CFB304614F0CDF977230A
:1012E00079227C21304614F0A9FE2368002B40F0BF
:1012F000538200251A23FC2240F24311AF48CDE966
:10130000005514F05FFF21681A23FC22AB48CDE999
:1013100000514FF4A67114F055FFAB490024AB4DBA
:101320001A23FC22A548CDE9004140F2551114F0E2
:10133000F7FE29681A23FC22092900F3258240F2CE
:1013400059119E48CDE9004414F03CFF29681A2346
:10135000FC229A48CDE900414FF4B17114F032FFFC
:101360001BF0EEFE20B19A4B1968002900F025828F
:10137000984800211A23FC22CDE9001040F269119F
:101380008E4814F0CDFE944C2168092900F3F181B8
:1013900000251A23FC2240F28B118848CDE9005524
:1013A00014F010FF21681A23FC228448CDE9005173
:1013B00040F2931114F006FF884D0024884F1A2341
:1013C000FC2240F29B117D48CDE9004514F0A8FEB7
:1013D0003A681A23092A00F3C381FC2240F2A111C2
:1013E0007648CDE9004414F0EDFE3A681A2340F245
:1013F000A9117248CDE90042FC2214F0E3FE00245A
:101400001A23FC2240F2B1116C48CDE9004514F0DA
:1014100087FE74491A23FC2209684FF4C0656748A7
:10142000CDE9004140F2B71114F0CCFEFF23634830
:101430001A46194614F002FE0121604814F086FD98
:10144000224601234FF4C8715C48009414F0F8FF61
:101450004FF4A071594814F02FFA0921574814F09D
:1014600075FD6149554814F0E9F950222346534867
:101470001146009414F0E4FF2346C822EB214F48A4
:10148000009414F0DDFF772379227C214B4814F07F
:10149000D5FD564A18239B214848CDE900525322D6
:1014A00014F03EFE524A1B23A4214448CDE90052C9
:1014B000732214F035FE4F4A1B23A4213F48CDE987
:1014C00000528C2214F02CFE4B4A182383213B48F7
:1014D000CDE90052AC2214F023FE4849374814F0FD
:1014E000ADF9474A1B238F213448CDE90052CC2265
:1014F00014F016FE772379227C21304814F09EFDEB
:10150000404A1B234FF4B8712C48CDE900525A22AF
:1015100014F006FE3C49294814F090F910212748A0
:1015200014F052F94FF43471244814F003FA0221F4
:10153000224814F00BFD2346A3224FF49F711F484D
:10154000009414F07DFFFF231C481A46194614F03E
:1015500075FD2E4A1B234FF49F711848CDE90052A8
:101560008E2214F0DDFD2A4A1B234FF49F7113488D
:10157000CDE90052A12214F0D3FD264A1B234FF4DB
:101580009F710E48CDE90052B42214F0C9FD1E49E6
:101590000A4814F053F91121084814F015F94FF4D2
:1015A0003471064814F0C6F90221044814F0CEFC48
:1015B0002346A32240F29F112EE000BF2099002075
:1015C000308A002030C300206407002040C3002080
:1015D000C0C2002070070020DCC200207807002075
:1015E00050C300203CC60020F2F2F200380900206F
:1015F00044090020540900206809002058D75A00E7
:10160000700900207C090020D9D9D9009409002054
:101610009C090020A40900207748009414F010FFD2
:10162000FF2375481A46194614F008FD734A1B2318
:1016300040F29F117048CDE90052932214F070FDE2
:101640006F4A1B2340F29F116B48CDE90052AA223A
:1016500014F066FDA021684814F02EF909216648AF
:1016600014F074FC0D21644814F0AEF8654962482A
:1016700014F0E4F8042223465F481146009414F065
:10168000DFFE2346232237215B48009414F0D8FE66
:10169000FF2359481A46194614F0D0FC5A4A1B2316
:1016A0001F215548CDE90052142214F039FDA02124
:1016B000514814F001F909214F4814F047FC172153
:1016C0004D4814F081F84F494B4814F0B7F82346C1
:1016D000EB2204214848009414F0B2FE23464FF454
:1016E000857237214448009414F0AAFEFF23424833
:1016F0001A46194614F0A2FC444A1B231E213E48F8
:10170000CDE90052F02214F00BFD414A1B231E21AB
:101710003948CDE9005240F2011214F001FD36487B
:1017200014F044FE3B483C49012204600C60002454
:101730003A4996F820300C6039480D3B394902602F
:101740000A600A2B0AD8DFE803F00609094D4809A8
:10175000090909094300344B02221A6003B0F0BDA5
:10176000CDE9004240F29F11FC22234814F02AFDEB
:1017700045E600201A23FC22CDE9000140F2891140
:101780001D4814F01FFD17E6CDE900411A4840F24C
:10179000591114F017FDE3E51BF0B2FC0928206095
:1017A0007FF7A7AD00211A23FC22CDE900104FF4EA
:1017B000A171304614F006FDAFE51C481A23FC2247
:1017C000CDE9001040F269110B4814F0A9FCDAE5EC
:1017D000154B01221A6003B0F0BD134B06221A60AC
:1017E00003B0F0BD124A0520124B0F491268086081
:1017F0001A6003B0F0BD00BF20990020B00900209E
:10180000B8090020D9D9D90084070020C4090020D4
:10181000CC090020F0C30020ECC300202CC600201F
:10182000E8C50020F0C50020E4C3002068070020C0
:10183000F8C50020F4C20020F0B5B54883B015F01B
:10184000ABF8B44DB24813F06DFA32201DF038F900
:101850002B68142B09D80024013401201DF030F925
:101860002B68192C01D0142BF6D9A94DAA4C284667
:1018700013F020FAFF2328461A46194614F098F868
:10188000284613F0F9FE772379227C21284614F0AC
:10189000D5FB2368002B40F0218100261A23062265
:1018A00004219B48CDE9006614F08CFC21681A23C2
:1018B00006229748CDE900610E2114F083FC974978
:1018C0000024974E1A2306229148CDE900411721A2
:1018D00014F026FC31681A230622092900F3F78048
:1018E0001C218B48CDE9004414F06CFC31681A23AC
:1018F00006228748CDE90041252114F063FC1BF046
:101900001FFC20B1874B1968002900F0F78086483A
:1019100000211A230622CDE900102B217C4814F067
:10192000FFFB824C2168092900F3C78000261A2397
:1019300006224B217648CDE9006614F043FC21686D
:101940001A2306227248CDE90061552114F03AFCB1
:10195000774E0024774F1A2306225D216C48CDE98B
:10196000004614F0DDFB3A681A23092A00F39D8033
:10197000062263216648CDE9004414F023FC3A684E
:101980001A236B216248CDE90042062214F01AFCAA
:1019900000241A23062273215D48CDE9004614F085
:1019A000BFFB65491A23062209684FF4C0665848F0
:1019B000CDE90041792114F005FC4FF4A0715448A1
:1019C00013F07AFF0921524814F0C0FA5B495048DD
:1019D00013F034FF6422234650214D48009414F044
:1019E0002FFD962223464FF4C8714948009414F005
:1019F00027FDFF2346481A46194614F01FFB012114
:101A0000434814F0A3FA012322464FF4C87140481A
:101A1000009414F015FD772379227C213C4814F0C2
:101A20000DFB474A1D23F0213948CDE900627D2294
:101A300014F076FB4FF4A071354813F03DFF0921F7
:101A4000334814F083FA1421314813F0BDFE3D49A8
:101A50002F4813F0F3FED1222346D2212C480094C4
:101A600014F0EEFCD42223464FF4877128480094EA
:101A700014F0E6FCFF2326481A46194614F0DEFA55
:101A800031491B23D3222248CDE90061F02114F013
:101A900047FB1F4814F08AFC95F82030142B02D124
:101AA0002A4B08221A6003B0F0BDCDE90042612143
:101AB0000622174814F086FB6AE700201A23062244
:101AC000CDE900014B21124814F07CFB40E7CDE941
:101AD00000410F481B2114F075FB10E71BF010FBB1
:101AE000092820607FF7D9AE00211A230622CDE90C
:101AF00000100421284614F065FBE0E614481A2380
:101B00000622CDE900102B21014814F009FB08E75B
:101B100020990020308A002030C300206407002074
:101B200040C30020C0C2002070070020DCC200209B
:101B30007807002050C300203CC60020F2F2F200DB
:101B4000D4090020D9D9D900F8090020E4C3002025
:101B500068070020F0B5CF4883B014F01DFFCE4DCC
:101B6000CC4813F0DFF832201CF0AAFF2B68142BAE
:101B700009D80024013401201CF0A2FF2B68192C85
:101B800001D0142BF6D9C34C00264FF4C065C34FC7
:101B9000204613F08FF8FF2320461A46194613F00B
:101BA00007FF204613F068FD4FF4AA61204613F0AA
:101BB000C1FE0221204614F0C9F95A21204614F032
:101BC00029F9D92320461A46194614F037FA334624
:101BD0003246F0212046009614F032FCFF212046C8
:101BE00014F018F9772379227C21204614F026FA84
:101BF0001E23AB4AF0212046CDE900521A4614F0CC
:101C00008FFA1E234122F0212046CDE9005714F01F
:101C100087FA772379227C21204614F00FFA1723C4
:101C200073227D212046CDE9005714F079FA9D4AB0
:101C30001B2340F211112046CDE90052732214F00B
:101C40006FFA994A1B23F0212046CDE900528C22DD
:101C500014F066FA954A1B23F0212046CDE9005284
:101C6000A52214F05DFA924A1B23F0212046CDE90B
:101C70000052904DBE2214F053FA2B68002B40F016
:101C8000718100261A23062204218248CDE90066CC
:101C900014F098FA29681A2306227E48CDE90061DB
:101CA0000E2114F08FFA84490025844E1A2306224F
:101CB0007848CDE90051172114F032FA31681A231F
:101CC0000622092900F347811C217248CDE90055FD
:101CD00014F078FA31681A2306226E48CDE90051D3
:101CE000252114F06FFA1BF02BFA20B1744B196800
:101CF000002900F05D81734800211A230622CDE9F6
:101D000000102B21634814F00BFA6F4D2968092944
:101D100000F33F8100261A2306224B215D48CDE9BE
:101D2000006614F04FFA29681A2306225948CDE9B3
:101D30000061552114F046FA644E0025644F1A23C1
:101D400006225D215348CDE9005614F0E9F93A68BE
:101D50001A23092A00F31581062263214D48CDE993
:101D6000005514F02FFA3A681A236B214948CDE93F
:101D70000052062214F026FA00251A2306227321A7
:101D80004448CDE9005614F0CBF952491A230622F3
:101D900009684FF4C0663F48CDE90051792114F03D
:101DA00011FAFF233B481A46194614F047F901215E
:101DB000384814F0CBF802232A464FF4C87135484E
:101DC000009514F03DFBFF21324814F023F8A021C8
:101DD000304813F071FD09212E4814F0B7F818218E
:101DE0002C4813F0F1FC3C492A4813F027FD8022CF
:101DF0002B4640F2A7112748009514F021FB9E22A4
:101E00002B464FF4EF712348009514F019FBFF2384
:101E100020481A46194614F011F9304A1B2340F2A3
:101E2000BF111C48CDE900628E2214F079F9FF2120
:101E3000184813F0EFFFA021164813F03DFD0921CB
:101E4000144814F083F81921124813F0BDFC2249FC
:101E5000104813F0F3FC80222B4629460D480095CC
:101E600014F0EEFA9E222B4637210A48009514F012
:101E7000E7FAFF2307481A46194614F0DFF8184A14
:101E80001B231D210348CDE900628E2214F048F97E
:101E9000DE2327E020990020308A0020040A002059
:101EA0008C0700200C0A0020300A0020500A002075
:101EB000740A002030C300206407002040C30020C3
:101EC000C0C2002070070020DCC20020780700207C
:101ED00050C300203CC60020D9D9D9007C0700207F
:101EE000840700203A481A46194614F0A7F81A2128
:101EF000374813F069FC4FF47071354813F01AFD40
:101F00000221334814F022F84FF491722B46F0214D
:101F10002F48009514F094FAFF232D481A461946CD
:101F200014F08CF82B491B23FF222948CDE90061CE
:101F3000F02114F0F5F8264814F038FA94F820301F
:101F4000192B3FD01A2B2ED0182B02D1224B0B224B
:101F50001A6003B0F0BDCDE900511D481B2114F0FB
:101F600031F9C0E61BF0CCF8092828607FF789AE6C
:101F70001A2306220421CDE90060204614F022F93C
:101F800091E6CDE9005261210622114814F01AF9B8
:101F9000F2E600201A230622CDE900014B210C486D
:101FA00014F010F9C8E60C4B0A221A6003B0F0BD19
:101FB0000A481A230622CDE900102B21044814F008
:101FC000AFF8A2E6044B01221A6003B0F0BD00BFD7
:101FD0002099002028080020E4C300206807002082
:101FE000F0B5CC4883B014F0D7FCCB4DC94812F003
:101FF00099FE32201CF064FD2B68142B09D80024B4
:10200000013401201CF05CFD2B68192C01D0142B2D
:10201000F6D9C04C00264FF4C065204612F04AFEA7
:10202000FF2320461A46194613F0C2FC204613F03F
:1020300023FB4FF4A071204613F03EFC09212046FB
:1020400013F084FFB549204613F0F8FB41225F21CD
:1020500033462046009614F0F3F9EB22334640F263
:1020600081112046009614F0EBF9772379227C2128
:10207000204613F0E3FFAA4A1B23F0212046CDE9B6
:102080000052412214F04CF8A64A1B23F0212046AE
:10209000CDE900525C2214F043F8A34A1B23F0213F
:1020A0002046CDE90052752214F03AF89F4A1B23CE
:1020B000F0212046CDE900528E2214F031F89C4ADE
:1020C0001B23F0212046CDE90052A72214F028F866
:1020D000984A1B23F0212046CDE90052C02214F07B
:1020E0001FF8954A1B23F0212046CDE90052D92242
:1020F00014F016F8914A1B23F0212046CDE9005236
:102100008F4DF22214F00CF82B68002B40F0F38076
:1021100000261A23062204217E48CDE9006614F029
:1021200051F829681A2306227A48CDE900610E2168
:1021300014F048F883490025834E1A230622754877
:10214000CDE90051172113F0EBFF31681A23062265
:10215000092900F3C9801C216E48CDE9005514F00F
:1021600031F831681A2306226A48CDE90051252149
:1021700014F028F81AF0E4FF20B1744B1968002914
:1021800000F0F680724800211A230622CDE90010E3
:102190002B21604813F0C4FF6E4D2968092900F314
:1021A000998000261A2306224B215A48CDE9006661
:1021B00014F008F829681A2306225648CDE9006170
:1021C000552113F0FFFF644E0025644F1A230622A9
:1021D0005D215048CDE9005613F0A2FF3A681A235A
:1021E000092A6FDC062263214A48CDE9005513F025
:1021F000E9FF3A681A236B214648CDE900520622CE
:1022000013F0E0FF00251A23062273214148CDE98F
:10221000005613F085FF52491A23062209683D48EB
:10222000CDE90051792113F0CDFFFF2339481A463B
:10223000194613F003FF0121364813F087FE0223ED
:102240002A464FF4C8713348009514F0F9F8A021DC
:10225000304813F031FB09212E4813F077FE1C2182
:102260002C4813F0B1FA3F492A4813F0E7FA8022CC
:102270002B4629462748009514F0E2F89E222B466B
:1022800037212448009514F0DBF8FF2321481A4633
:10229000194613F0D3FE34484FF4C0611B238E223D
:1022A000CDE900101D211B4813F03AFF194814F026
:1022B0007DF894F820301C2B02D12C4B09221A6097
:1022C00003B0F0BDCDE9005261210622114813F0A0
:1022D00079FF97E700201A230622CDE900014B2160
:1022E0000C4813F06FFF6EE7CDE9005109481B2140
:1022F00013F068FF3EE71AF003FF092828607FF714
:1023000007AF1A2306220421CDE90060204613F00E
:1023100059FF0FE720990020308A0020F2F2F200E6
:102320008C0A0020B40A0020DC0A0020080B0020E0
:102330002C0B0020540B00207C0B00209C0B002059
:1023400030C300206407002040C30020C0C200202A
:1023500070070020DCC200207807002050C3002056
:102360003CC60020D9D9D90084070020E4C300204E
:1023700004481A230622CDE900102B21024813F04D
:10238000CFFE09E76807002020990020F0B5C94872
:1023900083B014F001FBC84DC64812F0C3FC3220D4
:1023A0001CF08EFB2B68142B09D80024013401206B
:1023B0001CF086FB2B68192C01D0142BF6D9BD4ECE
:1023C000BE4C304612F076FCFF2330461A461946C2
:1023D00013F0EEFA304613F04FF9772379227C217F
:1023E000304613F02BFE2368002B40F08882002536
:1023F0001A23FC2240F24311AE48CDE9005513F0F8
:10240000E1FE21681A23FC22AA48CDE900514FF4CD
:10241000A67113F0D7FEAA490024AA4D1A23FC2264
:10242000A448CDE9004140F2551113F079FE296826
:102430001A23FC22092900F35A8240F259119D48BF
:10244000CDE9004413F0BEFE29681A23FC22994806
:10245000CDE900414FF4B17113F0B4FE1AF070FEF3
:1024600020B1994B1968002900F05A829748002141
:102470001A23FC22CDE9001040F269118D4813F0B7
:102480004FFE934C2168092900F3268200251A2368
:10249000FC2240F28B118748CDE9005513F092FEE3
:1024A00021681A23FC228348CDE9005140F29311A0
:1024B00013F088FE874D0024874F1A23FC2240F238
:1024C0009B117C48CDE9004513F02AFE3A681A2397
:1024D000092A00F3F881FC2240F2A1117548CDE9E8
:1024E000004413F06FFE3A681A2340F2A9117148B4
:1024F000CDE90042FC2213F065FE00241A23FC22E1
:1025000040F2B1116B48CDE9004513F009FE734963
:102510001A23FC2209684FF4C0656648CDE90041E2
:1025200040F2B71113F04EFEFF2362481A461946D7
:1025300013F084FD01215F4813F008FD22460223B9
:102540004FF4C8715B48009413F07AFF4FF4A07108
:10255000584813F0B1F90921564813F0F7FC6049C7
:10256000544813F06BF923465022412151480094FE
:1025700013F066FF2346C822F7214E48009413F05B
:102580005FFF772379227C214A4813F057FD554A93
:1025900018239B214748CDE90052532213F0C0FD78
:1025A000514A1B23A4214348CDE90052732213F062
:1025B000B7FD4E4A1B23A4213E48CDE900528C2290
:1025C00013F0AEFD4A4A182383213A48CDE9005260
:1025D000AC2213F0A5FD4749364813F02FF9464ABF
:1025E0001A2347213348CDE90052CC2213F098FD3D
:1025F0004249304813F022F9414A1A2375212D48E7
:10260000CDE90052CC2213F08BFD3A49294813F052
:1026100015F93C4A1A23A8212648CDE90052CC22BC
:1026200013F07EFD3549234813F008F9364A1A2382
:10263000E4212048CDE90052CC2213F071FD77232C
:1026400079227C211B4813F0F9FC304A1B234FF4FC
:10265000B8711848CDE90052642213F061FD2C498D
:10266000144813F0EBF81F21124813F0ADF84FF4A3
:102670003471104813F05EF902210E4813F066FC25
:102680002346A3224FF49F710A48009413F0D8FE0A
:10269000FF2308481A46194613F0D0FC1D4A1B2395
:1026A0004FF49F710348CDE900528E2213F038FD9C
:1026B00032E000BF20990020308A002030C3002083
:1026C0006407002040C30020C0C200207007002023
:1026D000DCC200207807002050C300203CC6002048
:1026E000F2F2F200380900204409002054090020C9
:1026F0006809002058D75A00C40B0020585FD70043
:10270000CC0B0020D80B0020E00B00207C0900201F
:10271000D9D9D90094090020904A1B234FF49F7106
:102720008F48CDE90052A12213F0FAFC8D4A1B23F9
:102730004FF49F718A48CDE90052B42213F0F0FCA7
:102740008949874813F07AF82021854813F03CF82E
:102750004FF43471824813F0EDF80221804813F0F1
:10276000F5FB2346A32240F29F117D48009413F00D
:1027700067FEFF237A481A46194613F05FFC7B4A2E
:102780001B2340F29F117648CDE90052932213F0AB
:10279000C7FC774A1B2340F29F117148CDE90052D4
:1027A000AA2213F0BDFCA0216D4813F085F8092181
:1027B0006B4813F0CBFB1C21694813F005F86A49FC
:1027C000674813F03BF804222346654811460094FD
:1027D00013F036FE2346232237216148009413F07C
:1027E0002FFEFF235E481A46194613F027FC614A64
:1027F0001B231F215A48CDE90052142213F090FCEC
:10280000A021574813F058F80921554813F09EFBB2
:102810001721534812F0D8FF5349514813F00EF8CE
:102820002346EB2204214E48009413F009FE234670
:102830004FF4857237214A48009413F001FEFF23BC
:1028400047481A46194613F0F9FB4B491B23F0225F
:1028500043484A4CCDE900511E2113F061FC484920
:102860001B2340F201123E48CDE900511E2113F016
:1028700057FC3B4813F09AFD42490020012296F88C
:10288000203008604049173B226007240A60662117
:102890003E4A3F48116040213E4A046033241160A3
:1028A00096213D483D4A04601160092B09D8DFE8B4
:1028B00003F050080808080508084742384B092269
:1028C0001A6003B0F0BDCDE9004240F29F11FC2236
:1028D000234813F077FC10E600201A23FC22CDE9F0
:1028E000000140F289111E4813F06CFCE2E5CDE9CD
:1028F00000411B4840F2591113F064FCAEE51AF098
:10290000FFFB092820607FF772AD00211A23FC220B
:10291000CDE900104FF4A171304613F053FC7AE575
:1029200020481A23FC22CDE9001040F269110C481E
:1029300013F0F6FBA5E51A4B0D221A6003B0F0BDAB
:10294000194A0C20194B1649126808601A6003B026
:10295000F0BD134B01221A6003B0F0BD9C090020AA
:1029600020990020A4090020D9D9D900B00900205D
:10297000B809002084070020C4090020E8C5002011
:10298000CC0900202CC60020F0C50020F88C0020C7
:10299000F48C0020A88E0020FC8C0020AC8E00203F
:1029A000E4C3002068070020F8C50020F4C200201E
:1029B000F0B5B54883B013F0EFFFB44DB24812F054
:1029C000B1F932201CF07CF82B68142B09D80024B4
:1029D000013401201CF074F82B68192C01D0142B41
:1029E000F6D9A94DAA4C284612F064F9FF232846CF
:1029F0001A46194612F0DCFF284612F03DFE7723F6
:102A000079227C21284613F019FB2368002B40F023
:102A1000218100261A23062204219B48CDE9006665
:102A200013F0D0FB21681A2306229748CDE90061F4
:102A30000E2113F0C7FB97490024974E1A23062254
:102A40009148CDE90041172113F06AFB31681A2340
:102A50000622092900F3F7801C218B48CDE90044A8
:102A600013F0B0FB31681A2306228748CDE90041F4
:102A7000252113F0A7FB1AF063FB20B1874B1968DF
:102A8000002900F0F780864800211A230622CDE9AC
:102A900000102B217C4813F043FB824C216809294C
:102AA00000F3C78000261A2306224B217648CDE981
:102AB000006613F087FB21681A2306227248CDE9CD
:102AC0000061552113F07EFB774E0024774F1A23C7
:102AD00006225D216C48CDE9004613F021FB3A68DF
:102AE0001A23092A00F39D80062263216648CDE956
:102AF000004413F067FB3A681A236B216248CDE962
:102B00000042062213F05EFB00241A2306227321E2
:102B10005D48CDE9004613F003FB65491A23062200
:102B200009684FF4C0665848CDE90041792113F097
:102B300049FB4FF4A071544812F0BEFE09215248DF
:102B400013F004FA5B49504812F078FE64222346E1
:102B500050214D48009413F073FC962223464FF405
:102B6000C8714948009413F06BFC772379227C21CB
:102B7000454813F063FA504A1D23F0214248CDE93D
:102B800000627D2213F0CCFAFF233F481A46194613
:102B900013F054FA01213C4813F0D8F902232246DD
:102BA0004FF4C8713848009413F04AFC4FF4A071F8
:102BB000354812F081FE0921334813F0C7F923216B
:102BC000314812F001FE3D492F4812F037FED12264
:102BD0002346D2212C48009413F032FCD422234601
:102BE0004FF487712848009413F02AFCFF232648ED
:102BF0001A46194613F022FA31491B23D3222248E0
:102C0000CDE90061F02113F08BFA1F4813F0CEFBE1
:102C100095F82030232B02D12A4B0F221A6003B0E3
:102C2000F0BDCDE9004261210622174813F0CAFA2F
:102C30006AE700201A230622CDE900014B21124841
:102C400013F0C0FA40E7CDE900410F481B2113F013
:102C5000B9FA10E71AF054FA092820607FF7D9AEC4
:102C600000211A230622CDE900100421284613F082
:102C7000A9FAE0E614481A230622CDE900102B2118
:102C8000014813F04DFA08E720990020308A00200F
:102C900030C300206407002040C30020C0C20020D1
:102CA00070070020DCC200207807002050C30020FD
:102CB0003CC60020F2F2F200D4090020D9D9D90094
:102CC000F8090020E4C3002068070020F0B5CF48D1
:102CD00083B013F061FECE4DCC4812F023F83220C1
:102CE0001BF0EEFE2B68142B09D8002401340120C0
:102CF0001BF0E6FE2B68192C01D0142BF6D9C34C1F
:102D000000264FF4C065C34F204611F0D3FFFF23C8
:102D100020461A46194612F04BFE204612F0ACFC33
:102D20004FF4AA61204612F005FE0221204613F05E
:102D30000DF95A21204613F06DF8D92320461A4682
:102D4000194613F07BF933463246F02120460096AF
:102D500013F076FBFF21204613F05CF877237922ED
:102D60007C21204613F06AF91E23AB4AF02120464D
:102D7000CDE900521A4613F0D3F91E234122F02167
:102D80002046CDE9005713F0CBF9772379227C2137
:102D9000204613F053F9172373229B212046CDE9D7
:102DA000005713F0BDF99D4A1B234FF4877120464D
:102DB000CDE90052732213F0B3F9994A1B23F02195
:102DC0002046CDE900528C2213F0AAF9954A1B2324
:102DD000F0212046CDE90052A52213F0A1F9924A34
:102DE0001B23F0212046CDE90052904DBE2213F066
:102DF00097F92B68002B40F0718100261A230622D8
:102E000004218248CDE9006613F0DCF929681A2311
:102E100006227E48CDE900610E2113F0D3F98449E2
:102E20000025844E1A2306227848CDE90051172147
:102E300013F076F931681A230622092900F3478135
:102E40001C217248CDE9005513F0BCF931681A23F2
:102E500006226E48CDE90051252113F0B3F91AF08E
:102E60006FF920B1744B1968002900F05D81734837
:102E700000211A230622CDE900102B21634813F00C
:102E80004FF96F4D2968092900F33F8100261A2365
:102E900006224B215D48CDE9006613F093F92968BD
:102EA0001A2306225948CDE90061552113F08AF909
:102EB000644E0025644F1A2306225D215348CDE954
:102EC000005613F02DF93A681A23092A00F31581E8
:102ED000062263214D48CDE9005513F073F93A6895
:102EE0001A236B214948CDE90052062213F06AF9F2
:102EF00000251A23062273214448CDE9005613F019
:102F00000FF952491A23062209684FF4C0663F4858
:102F1000CDE90051792113F055F9FF233B481A46BA
:102F2000194613F08BF80121384813F00FF80323EA
:102F30002A464FF4C8713548009513F081FAFF21F5
:102F4000324812F067FFA021304812F0B5FC092189
:102F50002E4812F0FBFF27212C4812F035FC3C498B
:102F60002A4812F06BFC80222B4629462748009500
:102F700013F066FA9E222B4637212448009513F061
:102F80005FFAFF2321481A46194613F057F8314AD1
:102F90001B231D211D48CDE900628E2213F0C0F8CD
:102FA000FF211A4812F036FFA021184812F084FCC5
:102FB0000921164812F0CAFF2621144812F004FC19
:102FC0002349124812F03AFC80222B4640F2A71106
:102FD0000E48009513F034FA9E222B464FF4EF7101
:102FE0000A48009513F02CFAFF2308481A461946A0
:102FF00013F024F8184A1B2340F2BF110348CDE90F
:1030000000628E2213F08CF8DE2327E02099002046
:10301000308A0020EC0B00208C070020B407002031
:10302000F40B0020200C0020400C002030C30020B6
:103030006407002040C30020C0C2002070070020A9
:10304000DCC200207807002050C300203CC60020CE
:10305000D9D9D900840700207C0700203A481A46B5
:10306000194612F0EBFF2821374812F0ADFB4FF460
:103070007071354812F05EFC0221334812F066FF91
:103080004FF491722B46F0212F48009513F0D8F998
:10309000FF232D481A46194612F0D0FF2B491B2357
:1030A000FF222948CDE90061F02113F039F82648C4
:1030B00013F07CF994F82030272B3FD0282B2ED00A
:1030C000262B02D1224B12221A6003B0F0BDCDE9AB
:1030D00000511D481B2113F075F8C0E61AF010F8D6
:1030E000092828607FF789AE1A2306220421CDE93A
:1030F0000060204613F066F891E6CDE900526121A8
:103100000622114813F05EF8F2E600201A23062288
:10311000CDE900014B210C4813F054F8C8E60C4BE4
:1031200011221A6003B0F0BD0A481A230622CDE925
:1031300000102B21044812F0F3FFA2E6044B0122F9
:103140001A6003B0F0BD00BF2099002028080020BD
:10315000E4C3002068070020F0B5C84883B013F02E
:103160001BFCC74DC54811F0DDFD32201BF0A8FC4B
:103170002B68142B09D80024013401201BF0A0FC7B
:103180002B68192C01D0142BF6D9BC4C00264FF417
:10319000C065204611F08EFDFF2320461A461946D1
:1031A00012F006FC204612F067FA4FF4A071204698
:1031B00012F082FB0921204612F0C8FEB1492046D8
:1031C00012F03CFB41225F2133462046009613F06B
:1031D00037F9DC22334640F281112046009613F085
:1031E0002FF9772379227C21204612F027FFA64A67
:1031F0001B23F0212046CDE90052452212F090FF1A
:10320000A24A1B23F0212046CDE900525B2212F096
:1032100087FF9F4A1B23F0212046CDE900527222EE
:1032200012F07EFF9B4A1B23F0212046CDE900527D
:10323000892212F075FF984A1B23F0212046CDE920
:1032400000529F2212F06CFF944A1B23F02120466B
:10325000CDE90052B32212F063FF914A1B23F02103
:103260002046CDE900528F4DC92212F059FF2B683C
:10327000002B40F0F38000261A23062204217F4809
:10328000CDE9006612F09EFF29681A2306227B48CA
:10329000CDE900610E2112F095FF83490025834E90
:1032A0001A2306227548CDE90051172112F038FF84
:1032B00031681A230622092900F3C9801C216F48AE
:1032C000CDE9005512F07EFF31681A2306226B48C3
:1032D000CDE90051252112F075FF19F031FF20B121
:1032E000734B1968002900F0F580724800211A23F9
:1032F0000622CDE900102B21604812F011FF6E4D1F
:103300002968092900F3998000261A2306224B21F7
:103310005A48CDE9006612F055FF29681A230622A3
:103320005648CDE90061552112F04CFF634E00254F
:10333000634F1A2306225D215048CDE9005612F052
:10334000EFFE3A681A23092A6FDC062263214B48F4
:10335000CDE9005512F036FF3A681A236B21474831
:10336000CDE90052062212F02DFF00251A23062275
:1033700073214248CDE9005612F0D2FE51491A237A
:10338000062209683D48CDE90051792112F01AFF63
:10339000FF233A481A46194612F050FE01213748D9
:1033A00012F0D4FD03232A464FF4C8713348009528
:1033B00013F046F8A021314812F07EFA09212F4877
:1033C00012F0C4FD2A212D4812F0FEF93E492B4887
:1033D00012F034FA80222B4629462848009513F033
:1033E0002FF89E222B4637212448009513F028F809
:1033F000FF2322481A46194612F020FE33484FF4A4
:10340000C0611B238E22CDE900101D211B4812F044
:1034100087FE1A4812F0CAFF94F820302A2B02D1F6
:103420002B4B10221A6003B0F0BDCDE90052612190
:103430000622124812F0C6FE97E700201A23062241
:10344000CDE900014B210D4812F0BCFE6EE7CDE93D
:1034500000510A481B2112F0B5FE3EE719F050FE5C
:10346000092828607FF707AF1A2306220421CDE937
:103470000060204612F0A6FE0FE700BF2099002052
:10348000308A0020F2F2F200540C0020800C002060
:10349000A40C0020C80C0020EC0C0020100D002013
:1034A000380D002030C300206407002040C30020F6
:1034B000C0C2002070070020DCC200207807002076
:1034C00050C300203CC60020D9D9D9008407002071
:1034D000E4C3002004481A230622CDE900102B2162
:1034E000024812F01DFE0AE768070020209900201C
:1034F000F0B5CA4883B013F04FFAC94DC74811F070
:1035000011FC32201BF0DCFA2B68142B09D80024A4
:10351000013401201BF0D4FA2B68192C01D0142B94
:10352000F6D9BE4EBF4C304611F0C4FBFF233046E7
:103530001A46194612F03CFA304612F09DF87723ED
:1035400079227C21304612F079FD2368002B40F06F
:103550004B8200251A23FC2240F24311AF48CDE9EB
:10356000005512F02FFE21681A23FC22AB48CDE94A
:1035700000514FF4A67112F025FEAB490024AB4D6B
:103580001A23FC22A548CDE9004140F2551112F062
:10359000C7FD29681A23FC22092900F31D8240F285
:1035A00059119E48CDE9004412F00CFE29681A23F7
:1035B000FC229A48CDE900414FF4B17112F002FEAD
:1035C00019F0BEFD20B19A4B1968002900F01D8248
:1035D000984800211A23FC22CDE9001040F269111D
:1035E0008E4812F09DFD944C2168092900F3E98171
:1035F00000251A23FC2240F28B118848CDE90055A2
:1036000012F0E0FD21681A23FC228448CDE9005124
:1036100040F2931112F0D6FD884D0024884F1A23F2
:10362000FC2240F29B117D48CDE9004512F078FD67
:103630003A681A23092A00F3BB81FC2240F2A11147
:103640007648CDE9004412F0BDFD3A681A2340F2F5
:10365000A9117248CDE90042FC2212F0B3FD00240A
:103660001A23FC2240F2B1116C48CDE9004512F05A
:1036700057FD74491A23FC2209684FF4C065674856
:10368000CDE9004140F2B71112F09CFD4FF4A0715A
:10369000624812F011F90921604812F057FC6A499A
:1036A0005E4812F0CBF8502223465C481146009445
:1036B00012F0C6FE2346C822EB215848009412F0AF
:1036C000BFFEFF2355481A46194612F0B7FC0121E8
:1036D000524812F03BFC224603234FF4C8714F4876
:1036E000009412F0ADFE772379227C214B4812F032
:1036F000A5FC564A18239B214848CDE90052532285
:1037000012F00EFD524A1B23A4214448CDE9005279
:10371000732212F005FD4F4A182383213F48CDE95B
:103720000052AC2212F0FCFC4B493C4812F086F8E7
:103730004A4A1B238F213948CDE90052CC2212F08E
:10374000EFFC772379227C21344812F077FC444A3D
:103750001B234FF4B8713148CDE900525A2212F0C0
:10376000DFFC40492D4812F069F82D212B4812F05A
:103770002BF84FF43471294812F0DCF80221274865
:1037800012F0E4FB2346A3224FF49F7123480094D8
:1037900012F056FEFF2321481A46194612F04EFC3D
:1037A000314A1B234FF49F711C48CDE900528E22F1
:1037B00012F0B6FC2D4A1B234FF49F711748CDE938
:1037C0000052A12212F0ACFC294A1B234FF49F7136
:1037D0001248CDE90052B42212F0A2FC21490F4850
:1037E00012F02CF82E210D4811F0EEFF4FF4347139
:1037F0000A4812F09FF80221084812F0A7FB23465E
:10380000A32240F29F110548009412F019FEFF23F5
:1038100002481A46194612F011FC2BE020990020AC
:10382000308A002030C300206407002040C30020FD
:10383000C0C2002070070020DCC2002078070020F2
:1038400050C300203CC60020F2F2F20038090020EC
:10385000600D00206809002058D75A007009002028
:103860007C090020D9D9D900940900209C090020A6
:10387000A4090020744A1B2340F29F117348CDE92C
:103880000052932212F04CFC714A1B2340F29F110C
:103890006E48CDE90052AA2212F042FCA0216B48EA
:1038A00012F00AF80921694812F050FB2A216748F2
:1038B00011F08AFF6749654811F0C0FF04222346D2
:1038C00062481146009412F0BBFD234623223721A3
:1038D0005E48009412F0B4FDFF235C481A46194676
:1038E00012F0ACFB5C4A1B231F215848CDE9005263
:1038F000142212F015FCA021544811F0DDFF09211B
:10390000524812F023FB1721504811F05DFF514936
:103910004E4811F093FF2346EB2204214B480094BC
:1039200012F08EFD23464FF48572372147480094EC
:1039300012F086FDFF2345481A46194612F07EFB19
:10394000464A1B231E214148CDE90052F02212F0C5
:10395000E7FB434A1B231E213C48CDE9005240F2BD
:10396000011212F0DDFB394812F020FD3D483E49BE
:1039700001220460002496F820300C603B48173B7D
:103980003B4902600A60172B10D8DFE803F0570F9D
:103990000F0F0F0F0F0F0F0F0F0F0F0F0F0F0F0F37
:1039A0000F0C0F0F4E49334B10221A6003B0F0BDBD
:1039B000CDE9004240F29F11FC22244812F002FCA3
:1039C0004DE600201A23FC22CDE9000140F28911C6
:1039D0001E4812F0F7FB1FE6CDE900411B4840F2FC
:1039E000591112F0EFFBEBE519F08AFB0928206072
:1039F0007FF7AFAD00211A23FC22CDE900104FF470
:103A0000A171304612F0DEFBB7E51B481A23FC22F9
:103A1000CDE9001040F269110C4812F081FBE2E59B
:103A2000144B14221A6003B0F0BD144A1320144B37
:103A30001049126808601A6003B0F0BD0D4B0122F6
:103A40001A6003B0F0BD00BFB0090020209900202B
:103A5000B8090020D9D9D90084070020C409002062
:103A6000CC090020F8C300202CC60020E8C50020A7
:103A7000F0C50020E4C3002068070020F8C500203E
:103A8000F4C20020F0B5B54883B012F085FFB44D04
:103A9000B24811F047F932201BF012F82B68142BB2
:103AA00009D80024013401201BF00AF82B68192CD6
:103AB00001D0142BF6D9A94DAA4C284611F0FAF8DA
:103AC000FF2328461A46194611F072FF284611F0C6
:103AD000D3FD772379227C21284612F0AFFA2368A0
:103AE000002B40F0218100261A23062204219B4846
:103AF000CDE9006612F066FB21681A23062297487A
:103B0000CDE900610E2112F05DFB97490024974E2C
:103B10001A2306229148CDE90041172112F000FB3B
:103B200031681A230622092900F3F7801C218B48EB
:103B3000CDE9004412F046FB31681A23062287487B
:103B4000CDE90041252112F03DFB19F0F9FA20B131
:103B5000874B1968002900F0F780864800211A2356
:103B60000622CDE900102B217C4812F0D9FA824CB4
:103B70002168092900F3C78000261A2306224B2159
:103B80007648CDE9006612F01DFB21681A23062253
:103B90007248CDE90061552112F014FB774E0024E4
:103BA000774F1A2306225D216C48CDE9004612F0BA
:103BB000B7FA3A681A23092A00F39D800622632186
:103BC0006648CDE9004412F0FDFA3A681A236B21E9
:103BD0006248CDE90042062212F0F4FA00241A23CA
:103BE000062273215D48CDE9004612F099FA654935
:103BF0001A23062209684FF4C0665848CDE90041EF
:103C0000792112F0DFFA4FF4A071544811F054FEFC
:103C10000921524812F09AF95B49504811F00EFE02
:103C20006422234650214D48009412F009FC96224C
:103C300023464FF4C8714948009412F001FC7723E1
:103C400079227C21454812F0F9F9504A1D23F021D0
:103C50004248CDE900627D2212F062FAFF233F481C
:103C60001A46194612F0EAF901213C4812F06EF9A1
:103C7000032322464FF4C8713848009412F0E0FB49
:103C80004FF4A071354811F017FE0921334812F0A6
:103C90005DF9A421314811F097FD3D492F4811F0FD
:103CA000CDFDD1222346D2212C48009412F0C8FB2E
:103CB000D42223464FF487712848009412F0C0FBA9
:103CC000FF2326481A46194612F0B8F931491B233A
:103CD000D3222248CDE90061F02112F021FA1F48D9
:103CE00012F064FB95F82030A42B02D12A4B162247
:103CF0001A6003B0F0BDCDE90042612106221748E9
:103D000012F060FA6AE700201A230622CDE90001CA
:103D10004B21124812F056FA40E7CDE900410F4816
:103D20001B2112F04FFA10E719F0EAF90928206078
:103D30007FF7D9AE00211A230622CDE90010042115
:103D4000284612F03FFAE0E614481A230622CDE98D
:103D500000102B21014812F0E3F908E72099002018
:103D6000308A002030C300206407002040C30020B8
:103D7000C0C2002070070020DCC2002078070020AD
:103D800050C300203CC60020F2F2F200D40900200B
:103D9000D9D9D900F8090020E4C300206807002021
:103DA000F0B5CF4883B012F0F7FDCE4DCC4810F0FF
:103DB000B9FF32201AF084FE2B68142B09D8002496
:103DC000013401201AF07CFE2B68192C01D0142B31
:103DD000F6D9C34C00264FF4C065C34F204610F0FF
:103DE00069FFFF2320461A46194611F0E1FD2046DF
:103DF00011F042FC4FF4AA61204611F09BFD022114
:103E0000204612F0A3F85A21204612F003F8D923D5
:103E100020461A46194612F011F933463246F0216F
:103E20002046009612F00CFBFF21204611F0F2FF15
:103E3000772379227C21204612F000F91E23AB4A19
:103E4000F0212046CDE900521A4612F069F91E23EE
:103E50004122F0212046CDE9005712F061F9772385
:103E600079227C21204612F0E9F8172373227B2166
:103E70002046CDE9005712F053F99D4A1B234FF419
:103E800087712046CDE90052732212F049F9994A10
:103E90001B23F0212046CDE900528C2212F040F97C
:103EA000954A1B23F0212046CDE90052934DA522CF
:103EB00012F036F92B68002B40F0808100261A237F
:103EC000062204218648CDE9006612F07BF92968B4
:103ED0001A2306228248CDE900610E2112F072F900
:103EE00087490025874E1A2306227D48CDE90051D7
:103EF000172112F015F931681A230622092900F357
:103F000056811C217648CDE9005512F05BF93168E5
:103F10001A2306227248CDE90051252112F052F9E8
:103F200019F00EF920B1784B1968002900F06C8166
:103F3000764800211A230622CDE900102B2168487B
:103F400012F0EEF8724D2968092900F34E8100261F
:103F50001A2306224B216248CDE9006612F032F99D
:103F600029681A2306225E48CDE90061552112F026
:103F700029F9684E0025684F1A2306225D2158480A
:103F8000CDE9005612F0CCF83A681A23092A00F35A
:103F90002481062263215248CDE9005512F012F91E
:103FA0003A681A236B214E48CDE90052062212F0DE
:103FB00009F900251A23062273214948CDE9005644
:103FC00012F0AEF855491A23062209684FF4C0666C
:103FD0004348CDE90051792112F0F4F8FF2340481D
:103FE0001A46194612F02AF801213D4811F0AEFF99
:103FF00006232A464FF4C8713948009512F020FA7A
:10400000FF21374811F006FFA021354811F054FC7C
:104010000921334811F09AFFA821314811F0D4FB4F
:104020003F492F4811F00AFC80222B4629462C4894
:10403000009512F005FA9E222B463721284800955C
:1040400012F0FEF9FF2326481A46194611F0F6FF32
:10405000344A1B231D212248CDE900628E2212F032
:104060005FF8FF211E4811F0D5FEA0211C4811F079
:1040700023FC09211A4811F069FFA721184811F003
:10408000A3FB2749164811F0D9FB80222B4640F2AA
:10409000A7111348009512F0D3F99E222B464FF436
:1040A000EF710F48009512F0CBF9FF230C481A4628
:1040B000194611F0C3FF1C4A1B2340F2BF110848E8
:1040C000CDE900628E2212F02BF8FF21044811F096
:1040D000A1FEA021024811F0EFFB092126E000BF5C
:1040E00020990020308A0020740D00208C070020C9
:1040F0007C0D0020A00D00200808002030C3002007
:104100006407002040C30020C0C2002070070020C8
:10411000DCC200207807002050C300203CC60020ED
:10412000D9D9D900840700207C0700203E4811F02F
:104130000DFFDE233C481A46194611F07FFFA921E6
:10414000394811F041FB4FF47071374811F0F2FB20
:104150000221354811F0FAFE4FF491722B46F021FE
:104160003148009512F06CF9FF232F481A46194682
:1041700011F064FF2D491B23FF222B48CDE900617C
:10418000F02111F0CDFF284812F010F994F82030FA
:10419000A82B43D0A92B32D0A72B06D1244A192013
:1041A000244B2549126808601A6003B0F0BDCDE9C0
:1041B00000511D481B2112F005F8B1E618F0A0FFD0
:1041C000092828607FF77AAE1A2306220421CDE958
:1041D0000060204611F0F6FF82E6CDE90052612131
:1041E0000622114811F0EEFFE3E600201A23062212
:1041F000CDE900014B210C4811F0E4FFB9E60E4B6C
:1042000018221A6003B0F0BD0C481A230622CDE92B
:1042100000102B21044811F083FF93E6064B012286
:104220001A6003B0F0BD00BF2099002028080020CC
:10423000F8C50020F4C20020E4C300206807002075
:10424000F0B5C84883B012F0A7FBC74DC54810F0C1
:1042500069FD32201AF034FC2B68142B09D8002495
:10426000013401201AF02CFC2B68192C01D0142BDE
:10427000F6D9BC4C00264FF4C065204610F01AFD5C
:10428000FF2320461A46194611F092FB204611F0F2
:10429000F3F94FF4A071204611F00EFB09212046DE
:1042A00011F054FEB149204611F0C8FA46225D21B2
:1042B00033462046009612F0C3F8EB22334640F214
:1042C00083112046009612F0BBF8772379227C21D7
:1042D000204611F0B3FEA64A1B23F0212046CDE96B
:1042E0000052532211F01CFFA24A1B23F02120464A
:1042F000CDE900526E2211F013FF9F4A1B23F021DB
:104300002046CDE90052872211F00AFF9B4A1B2369
:10431000F0212046CDE90052A02211F001FF984A79
:104320001B23F0212046CDE90052B92211F0F8FEFE
:10433000944A1B23F0212046CDE90052D22211F0ED
:10434000EFFE914A1B23F0212046CDE900528F4D0C
:10435000EB2211F0E5FE2B68002B40F0F3800026E5
:104360001A23062204217F48CDE9006611F02AFFB6
:1043700029681A2306227B48CDE900610E2111F03D
:1043800021FF83490025834E1A2306227548CDE973
:104390000051172111F0C4FE31681A2306220929A1
:1043A00000F3C9801C216F48CDE9005511F00AFFC8
:1043B00031681A2306226B48CDE90051252111F0FE
:1043C00001FF18F0BDFE20B1734B1968002900F001
:1043D000F580724800211A230622CDE900102B2116
:1043E000604811F09DFE6E4D2968092900F39980FF
:1043F00000261A2306224B215A48CDE9006611F007
:10440000E1FE29681A2306225648CDE900615521AC
:1044100011F0D8FE634E0025634F1A2306225D215A
:104420005048CDE9005611F07BFE3A681A23092A5C
:104430006FDC062263214B48CDE9005511F0C2FE26
:104440003A681A236B214748CDE90052062211F041
:10445000B9FE00251A23062273214248CDE90056F1
:1044600011F05EFE51491A23062209683D48CDE944
:104470000051792111F0A6FEFF233A481A46194649
:1044800011F0DCFD0121374811F060FD06232A46BA
:104490004FF4C8713348009511F0D2FFA021314884
:1044A00011F00AFA09212F4811F050FDAB212D48D7
:1044B00011F08AF93E492B4811F0C0F980222B46B1
:1044C00029462848009511F0BBFF9E222B46372134
:1044D0002448009511F0B4FFFF2322481A461946DC
:1044E00011F0ACFD33484FF4C0611B238E22CDE99F
:1044F00000101D211B4811F013FE1A4811F056FF41
:1045000094F82030AB2B02D12B4B17221A6003B04A
:10451000F0BDCDE9005261210622124811F052FE91
:1045200097E700201A230622CDE900014B210D4810
:1045300011F048FE6EE7CDE900510A481B2111F049
:1045400041FE3EE718F0DCFD092828607FF707AF41
:104550001A2306220421CDE90060204611F032FE24
:104560000FE700BF20990020308A0020F2F2F2000D
:1045700030080020C80D0020F40D0020180E002087
:104580003C0E0020640E0020900E002030C300205E
:104590006407002040C30020C0C200207007002034
:1045A000DCC200207807002050C300203CC6002059
:1045B000D9D9D90084070020E4C3002004481A2375
:1045C0000622CDE900102B21024811F0A9FD0AE7CF
:1045D0006807002020990020F0B5CA4883B012F087
:1045E000DBF9C94DC74810F09DFB32201AF068FA7C
:1045F0002B68142B09D80024013401201AF060FA2A
:104600002B68192C01D0142BF6D9BE4EBF4C304666
:1046100010F050FBFF2330461A46194611F0C8F936
:10462000304611F029F8772379227C21304611F0A9
:1046300005FD2368002B40F03B8200251A23FC2255
:1046400040F24311AF48CDE9005511F0BBFD2168A0
:104650001A23FC22AB48CDE900514FF4A67111F0AA
:10466000B1FDAB490024AB4D1A23FC22A548CDE98E
:10467000004140F2551111F053FD29681A23FC2224
:10468000092900F30D8240F259119E48CDE90044FA
:1046900011F098FD29681A23FC229A48CDE90041BF
:1046A0004FF4B17111F08EFD18F04AFD20B19A4B14
:1046B0001968002900F02882984800211A23FC225A
:1046C000CDE9001040F269118E4811F029FD944C9B
:1046D0002168092900F3068200251A23FC2240F2F2
:1046E0008B118848CDE9005511F06CFD21681A2323
:1046F000FC228448CDE9005140F2931111F062FD93
:10470000884D0024884F1A23FC2240F29B117D48DB
:10471000CDE9004511F004FD3A681A23092A00F397
:10472000D881FC2240F2A1117648CDE9004411F075
:1047300049FD3A681A2340F2A9117248CDE90042B6
:10474000FC2211F03FFD00241A23FC2240F2B1119B
:104750006C48CDE9004511F0E3FC74491A23FC22B2
:1047600009684FF4C0656748CDE9004140F2B711D0
:1047700011F028FDFF2363481A46194611F05EFC2C
:104780000121604811F0E2FB224606234FF4C87174
:104790005C48009411F054FE4FF4A071594811F098
:1047A0008BF80921574811F0D1FB6149554811F0A8
:1047B00045F85022234653481146009411F040FE1C
:1047C0002346C822EB214F48009411F039FE77238D
:1047D00079227C214B4811F031FC564A18239B2149
:1047E0004848CDE90052532211F09AFC524A1B234B
:1047F000A4214448CDE90052732211F091FC4F4AA4
:104800001B23A4213F48CDE900528C2211F088FCE3
:104810004B4A182383213B48CDE90052AC2211F0CA
:104820007FFC4849374811F009F8474A1B238F217C
:104830003448CDE90052CC2211F072FC7723792262
:104840007C21304811F0FAFB404A1B234FF4B87129
:104850002C48CDE900525A2211F062FC3C4929480B
:1048600010F0ECFF3B21274810F0AEFF4FF43471FD
:10487000244811F05FF80221224811F067FB23461B
:10488000A3224FF49F711F48009411F0D9FDFF231C
:104890001C481A46194611F0D1FB2E4A1B234FF42F
:1048A0009F711848CDE900528E2211F039FC2A4A36
:1048B0001B234FF49F711348CDE90052A12211F040
:1048C0002FFC264A1B234FF49F710E48CDE900525E
:1048D000B42211F025FC1E490A4810F0AFFF3C211C
:1048E000084810F071FF4FF43471064811F022F8B7
:1048F0000221044811F02AFB2346A32240F29F1113
:104900002EE000BF20990020308A002030C3002014
:104910006407002040C30020C0C2002070070020B0
:10492000DCC200207807002050C300203CC60020D5
:10493000F2F2F20038090020440900205409002056
:104940006809002058D75A00700900207C0900200F
:10495000D9D9D900940900209C090020A40900207D
:104960007348009411F06CFDFF2371481A461946F4
:1049700011F064FB6F4A1B2340F29F116C48CDE994
:104980000052932211F0CCFB6B4A1B2340F29F1183
:104990006748CDE90052AA2211F0C2FBA021644869
:1049A00010F08AFF0921624811F0D0FAAB2160486B
:1049B00010F00AFF61495E4810F040FF04222346D0
:1049C0005B481146009411F03BFD2346232237211A
:1049D0005748009411F034FDFF2355481A461946F4
:1049E00011F02CFB564A1B231F215148CDE90052E0
:1049F000142211F095FBA0214D4810F05DFF092114
:104A00004B4811F0A3FA1721494810F0DDFE4B493D
:104A1000474810F013FF2346EB220421444800943A
:104A200011F00EFD23464FF4857237214048009463
:104A300011F006FDFF233E481A46194611F0FEFA12
:104A4000404A1B231E213A48CDE90052F02211F0C2
:104A500067FB3D4A1B231E213548CDE9005240F239
:104A6000011211F05DFB324811F0A0FC37483849C3
:104A7000012304600C600024364996F820200C6065
:104A800035483C2A354903600B604CD035D8172A8D
:104A900045D03B2A02D1324B1A221A6003B0F0BD36
:104AA000CDE90041224840F2591111F08BFBFBE5A2
:104AB00018F026FB092820607FF7BFAD00211A23DC
:104AC000FC22CDE900104FF4A171304611F07AFBC1
:104AD000C7E5CDE9004240F29F11FC22144811F0D5
:104AE00071FB30E600201A23FC22CDE9000140F2E0
:104AF00089110F4811F066FB02E6AB2ACED1184BA4
:104B000017221A6003B0F0BD16481A23FC22CDE923
:104B1000001040F26911064811F002FBD7E5104A77
:104B2000136003B0F0BD0E4B1B221A6003B0F0BD42
:104B300020990020B0090020B8090020D9D9D90057
:104B400084070020C4090020CC090020F0C3002005
:104B5000ECC300202CC60020E8C50020F0C50020D2
:104B6000E4C3002068070020F0B5B54883B011F019
:104B700013FFB44DB24810F0D5F8322019F0A0FF61
:104B80002B68142B09D800240134012019F098FF58
:104B90002B68192C01D0142BF6D9A94DAA4C284604
:104BA00010F088F8FF2328461A46194610F000FF37
:104BB000284610F061FD772379227C21284611F0E8
:104BC0003DFA2368002B40F0218100261A2306229B
:104BD00004219B48CDE9006611F0F4FA21681A23FC
:104BE00006229748CDE900610E2111F0EBFA9749B2
:104BF0000024974E1A2306229148CDE9004117213F
:104C000011F08EFA31681A230622092900F3F78081
:104C10001C218B48CDE9004411F0D4FA31681A23E5
:104C200006228748CDE90041252111F0CBFA18F082
:104C300087FA20B1874B1968002900F0F780864871
:104C400000211A230622CDE900102B217C4811F007
:104C500067FA824C2168092900F3C78000261A23CD
:104C600006224B217648CDE9006611F0ABFA2168A7
:104C70001A2306227248CDE90061552111F0A2FAEB
:104C8000774E0024774F1A2306225D216C48CDE928
:104C9000004611F045FA3A681A23092A00F39D806C
:104CA000062263216648CDE9004411F08BFA3A6888
:104CB0001A236B216248CDE90042062211F082FAE4
:104CC00000241A23062273215D48CDE9004611F025
:104CD00027FA65491A23062209684FF4C066584826
:104CE000CDE90041792111F06DFA4FF4A0715448DB
:104CF00010F0E2FD0921524811F028F95B495048B3
:104D000010F09CFD6422234650214D48009411F080
:104D100097FB962223464FF4C8714948009411F03E
:104D20008FFBFF2346481A46194611F087F90121E7
:104D3000434811F00BF9062322464FF4C87140484E
:104D4000009411F07DFB772379227C213C4811F0FF
:104D500075F9474A1D23F0213948CDE900627D22CB
:104D600011F0DEF94FF4A071354810F0A5FD0921CE
:104D7000334811F0EBF83F21314810F025FD3D4953
:104D80002F4810F05BFDD1222346D2212C480094FD
:104D900011F056FBD42223464FF487712848009423
:104DA00011F04EFBFF2326481A46194611F046F92A
:104DB00031491B23D3222248CDE90061F02111F0B3
:104DC000AFF91F4811F0F2FA95F820303F2B02D1CD
:104DD0002A4B1D221A6003B0F0BDCDE900426121CB
:104DE0000622174811F0EEF96AE700201A2306227E
:104DF000CDE900014B21124811F0E4F940E7CDE97B
:104E000000410F481B2111F0DDF910E718F078F987
:104E1000092820607FF7D9AE00211A230622CDE9A8
:104E200000100421284611F0CDF9E0E614481A23B9
:104E30000622CDE900102B21014811F071F908E795
:104E400020990020308A002030C300206407002011
:104E500040C30020C0C2002070070020DCC2002038
:104E60007807002050C300203CC60020F2F2F20078
:104E7000D4090020D9D9D900F8090020E4C30020C2
:104E800068070020F0B5CF4883B011F085FDCE4D06
:104E9000CC480FF047FF322019F012FE2B68142B7C
:104EA00009D800240134012019F00AFE2B68192CBE
:104EB00001D0142BF6D9C34C00264FF4C065C34F64
:104EC00020460FF0F7FEFF2320461A46194610F041
:104ED0006FFD204610F0D0FB4FF4AA61204610F081
:104EE00029FD0221204611F031F85A21204610F008
:104EF00091FFD92320461A46194611F09FF83346F0
:104F00003246F0212046009611F09AFAFF21204601
:104F100010F080FF772379227C21204611F08EF853
:104F20001E23AB4AF0212046CDE900521A4611F06B
:104F3000F7F81E234122F0212046CDE9005711F059
:104F4000EFF8772379227C21204611F077F8172398
:104F500073227B212046CDE9005711F0E1F89D4AEC
:104F60001B234FF487712046CDE90052732211F0C4
:104F7000D7F8994A1B23F0212046CDE900528C2214
:104F800011F0CEF8954A1B23F0212046CDE90052BE
:104F9000934DA52211F0C4F82B68002B40F07481CA
:104FA00000261A23062204218648CDE9006611F066
:104FB00009F929681A2306228248CDE900610E21E9
:104FC00011F000F987490025874E1A2306227D48F3
:104FD000CDE90051172111F0A3F831681A230622F8
:104FE000092900F34A811C217648CDE9005511F0CA
:104FF000E9F831681A2306227248CDE900512521CB
:1050000011F0E0F818F09CF820B1784B19680029ED
:1050100000F04E81764800211A230622CDE90010C7
:105020002B21684811F07CF8724D2968092900F39A
:105030001A8100261A2306224B216248CDE9006618
:1050400011F0C0F829681A2306225E48CDE90061F4
:10505000552111F0B7F8684E0025684F1A23062233
:105060005D215848CDE9005611F05AF83A681A23E4
:10507000092A00F3F080062263215248CDE9005549
:1050800011F0A0F83A681A236B214E48CDE900527E
:10509000062211F097F800251A23062273214948A9
:1050A000CDE9005611F03CF855491A23062209684B
:1050B0004FF4C0664348CDE90051792111F082F8E0
:1050C000FF2340481A46194610F0B8FF01213D4819
:1050D00010F03CFF0A232A464FF4C8713948009566
:1050E00011F0AEF9FF21374810F094FEA0213548A9
:1050F00010F0E2FB0921334810F028FFDE2331488D
:105100001A46194610F09AFF4FF470712D4810F0AE
:1051100011FC02212B4810F019FF4FF491722B461D
:10512000F0212848009511F08BF9FF21254810F057
:1051300071FEA021234810F0BFFB0921214810F087
:1051400005FFCA211F4810F03FFB2E491D4810F0F3
:1051500075FB80222B4629461A48009511F070F9FC
:105160009E222B4637211748009511F069F9FF233D
:1051700014481A46194610F061FF234A1B231D21CB
:105180001048CDE900628E2210F0CAFFFF210D48C1
:1051900010F040FEA0210B4810F08EFB09210948B9
:1051A00010F0D4FEC921074810F00EFB1549054840
:1051B00010F044FB80222B4640F2A71101480095D5
:1051C00024E000BF20990020308A0020A80E002093
:1051D0008C0700207C0D0020B00E0020D80E00208F
:1051E00030C300206407002040C30020C0C200205C
:1051F00070070020DCC200207807002050C3002088
:105200003CC60020D9D9D9008407002011F018F934
:105210009E222B464FF4EF712F48009511F010F9A4
:10522000FF232D481A46194610F008FF2B491B236F
:105230008E222948CDE9006140F2BF1110F070FFC5
:10524000254811F0B3F894F82030C92B3AD0CA2B76
:1052500029D003B0F0BDCDE90052612106221E48DD
:1052600010F0B0FF17E700201A230622CDE9000155
:105270004B21194810F0A6FFEDE6CDE90051164884
:105280001B2110F09FFFBDE617F03AFF09282860A8
:105290007FF786AE1A2306220421CDE9006020465E
:1052A00010F090FF8EE60E4B01221A6003B0F0BDA5
:1052B0000C481A230622CDE900102B21064810F0D5
:1052C0002FFFB1E6084A3A20084B054912680860EA
:1052D0001A6003B0F0BD00BF209900207C070020B9
:1052E000E4C3002068070020F8C50020F4C20020B5
:1052F000F0B5CA4883B011F04FFBC94DC7480FF055
:1053000011FD322019F0DCFB2B68142B09D8002486
:105310000134012019F0D4FB2B68192C01D0142B77
:10532000F6D9BE4EBF4C30460FF0C4FCFF233046CA
:105330001A46194610F03CFB304610F09DF97723D1
:1053400079227C21304610F079FE2368002B40F052
:105350003B8200251A23FC2240F24311AF48CDE9DD
:10536000005510F02FFF21681A23FC22AB48CDE92D
:1053700000514FF4A67110F025FFAB490024AB4D4E
:105380001A23FC22A548CDE9004140F2551110F046
:10539000C7FE29681A23FC22092900F30D8240F276
:1053A00059119E48CDE9004410F00CFF29681A23DA
:1053B000FC229A48CDE900414FF4B17110F002FF90
:1053C00017F0BEFE20B19A4B1968002900F0288220
:1053D000984800211A23FC22CDE9001040F26911FF
:1053E0008E4810F09DFE944C2168092900F3068236
:1053F00000251A23FC2240F28B118848CDE9005584
:1054000010F0E0FE21681A23FC228448CDE9005107
:1054100040F2931110F0D6FE884D0024884F1A23D5
:10542000FC2240F29B117D48CDE9004510F078FE4A
:105430003A681A23092A00F3D881FC2240F2A1110C
:105440007648CDE9004410F0BDFE3A681A2340F2D8
:10545000A9117248CDE90042FC2210F0B3FE0024ED
:105460001A23FC2240F2B1116C48CDE9004510F03E
:1054700057FE74491A23FC2209684FF4C065674837
:10548000CDE9004140F2B71110F09CFEFF236348C4
:105490001A46194610F0D2FD0121604810F056FD61
:1054A00022460A234FF4C8715C48009410F0C8FFEC
:1054B0004FF4A071594810F0FFF90921574810F036
:1054C00045FD6149554810F0B9F95022234653482B
:1054D0001146009410F0B4FF2346C822EB214F4838
:1054E000009410F0ADFF772379227C214B4810F017
:1054F000A5FD564A18239B214848CDE90052532266
:1055000010F00EFE524A1B23A4214448CDE900525C
:10551000732210F005FE4F4A1B23A4213F48CDE91A
:1055200000528C2210F0FCFD4B4A182383213B488B
:10553000CDE90052AC2210F0F3FD4849374810F095
:105540007DF9474A1B238F213448CDE90052CC22F4
:1055500010F0E6FD772379227C21304810F06EFDB3
:10556000404A1B234FF4B8712C48CDE900525A220F
:1055700010F0D6FD3C49294810F060F9D0212748A9
:1055800010F022F94FF43471244810F0D3F90221BD
:10559000224810F0DBFC2346A3224FF49F711F48E2
:1055A000009410F04DFFFF231C481A46194610F0D6
:1055B00045FD2E4A1B234FF49F711848CDE9005238
:1055C0008E2210F0ADFD2A4A1B234FF49F71134821
:1055D000CDE90052A12210F0A3FD264A1B234FF46F
:1055E0009F710E48CDE90052B42210F099FD1E497A
:1055F0000A4810F023F9D121084810F0E5F84FF4DB
:105600003471064810F096F90221044810F09EFC0F
:105610002346A32240F29F112EE000BF20990020D4
:10562000308A002030C300206407002040C30020DF
:10563000C0C2002070070020DCC2002078070020D4
:1056400050C300203CC60020F2F2F20038090020CE
:1056500044090020540900206809002058D75A0046
:10566000700900207C090020D9D9D90094090020B4
:105670009C090020A40900207348009410F0E0FE6B
:10568000FF2371481A46194610F0D8FC6F4A1B23B5
:1056900040F29F116C48CDE90052932210F040FD7A
:1056A0006B4A1B2340F29F116748CDE90052AA22A2
:1056B00010F036FDA021644810F0FEF80921624880
:1056C00010F044FCCD21604810F07EF861495E483E
:1056D00010F0B4F8042223465B481146009410F001
:1056E000AFFE2346232237215748009410F0A8FE2E
:1056F000FF2355481A46194610F0A0FC564A1B23B2
:105700001F215148CDE90052142210F009FDA021BB
:105710004D4810F0D1F809214B4810F017FC172123
:10572000494810F051F84B49474810F087F8234694
:10573000EB2204214448009410F082FE23464FF4EB
:10574000857237214048009410F07AFEFF233E48CE
:105750001A46194610F072FC404A1B231E213A4893
:10576000CDE90052F02210F0DBFC3D4A1B231E2144
:105770003548CDE9005240F2011210F0D1FC324818
:1057800010F014FE37483849012304600C600024EF
:10579000364996F820200C603548D02A35490360F8
:1057A0000B604CD035D8172A45D0CD2A02D1324BC8
:1057B00038221A6003B0F0BDCDE90041224840F222
:1057C000591110F0FFFCFBE517F09AFC0928206046
:1057D0007FF7BFAD00211A23FC22CDE900104FF462
:1057E000A171304610F0EEFCC7E5CDE9004240F271
:1057F0009F11FC22144810F0E5FC30E600201A232B
:10580000FC22CDE9000140F289110F4810F0DAFCCA
:1058100002E6D12ACED1184B3C221A6003B0F0BD6B
:1058200016481A23FC22CDE9001040F269110648FF
:1058300010F076FCD7E5104A136003B0F0BD0E4BB4
:105840003B221A6003B0F0BD20990020B00900206F
:10585000B8090020D9D9D90084070020C409002044
:10586000CC090020F0C30020ECC300202CC600208F
:10587000E8C50020F0C50020E4C300206807002030
:10588000F0B5B54883B011F087F8B44DB2480FF0C9
:1058900049FA322019F014F92B68142B09D8002486
:1058A0000134012019F00CF92B68192C01D0142BAC
:1058B000F6D9A94DAA4C28460FF0FCF9FF2328463B
:1058C0001A46194610F074F828460FF0D5FE7723D3
:1058D00079227C21284610F0B1FB2368002B40F090
:1058E000218100261A23062204219B48CDE9006667
:1058F00010F068FC21681A2306229748CDE9006160
:105900000E2110F05FFC97490024974E1A230622BF
:105910009148CDE90041172110F002FC31681A23AB
:105920000622092900F3F7801C218B48CDE90044A9
:1059300010F048FC31681A2306228748CDE900415F
:10594000252110F03FFC17F0FBFB20B1874B1968B5
:10595000002900F0F780864800211A230622CDE9AD
:1059600000102B217C4810F0DBFB824C21680929B8
:1059700000F3C78000261A2306224B217648CDE982
:10598000006610F01FFC21681A2306227248CDE938
:105990000061552110F016FC774E0024774F1A2332
:1059A00006225D216C48CDE9004610F0B9FB3A684B
:1059B0001A23092A00F39D80062263216648CDE957
:1059C000004410F0FFFB3A681A236B216248CDE9CE
:1059D0000042062210F0F6FB00241A23062273214F
:1059E0005D48CDE9004610F09BFB65491A2306226D
:1059F00009684FF4C0665848CDE90041792110F09C
:105A0000E1FB4FF4A07154480FF056FF09215248B2
:105A100010F09CFA5B4950480FF010FF64222346B7
:105A200050214D48009410F00BFD962223464FF470
:105A3000C8714948009410F003FDFF2346481A46F8
:105A4000194610F0FBFA0121434810F07FFA0A23AF
:105A500022464FF4C8714048009410F0F1FC7723BF
:105A600079227C213C4810F0E9FA474A1D23F021B5
:105A70003948CDE900627D2210F052FB4FF4A0714D
:105A800035480FF019FF0921334810F05FFAD4218F
:105A900031480FF099FE3D492F480FF0CFFED1223B
:105AA0002346D2212C48009410F0CAFCD42223466D
:105AB0004FF487712848009410F0C2FCFF23264859
:105AC0001A46194610F0BAFA31491B23D32222484C
:105AD000CDE90061F02110F023FB1F4810F066FCB7
:105AE00095F82030D42B02D12A4B3E221A6003B005
:105AF000F0BDCDE9004261210622174810F062FB9B
:105B00006AE700201A230622CDE900014B21124842
:105B100010F058FB40E7CDE900410F481B2110F081
:105B200051FB10E717F0ECFA092820607FF7D9AE97
:105B300000211A230622CDE900100421284610F086
:105B400041FBE0E614481A230622CDE900102B2180
:105B5000014810F0E5FA08E720990020308A00207B
:105B600030C300206407002040C30020C0C20020D2
:105B700070070020DCC200207807002050C30020FE
:105B80003CC60020F2F2F200D4090020D9D9D90095
:105B9000F8090020E4C3002068070020F0B5CF48D2
:105BA00083B010F0F9FECE4DCC480FF0BBF8322098
:105BB00018F086FF2B68142B09D80024013401202B
:105BC00018F07EFF2B68192C01D0142BF6D9C34C8A
:105BD00000264FF4C06520460FF06CF8FF232046E6
:105BE0001A4619460FF0E4FE20460FF045FD4FF42B
:105BF000AA6120460FF09EFE0221204610F0A6F971
:105C00005A21204610F006F9D92320461A46194693
:105C100010F014FA33463246F0212046009610F078
:105C20000FFCFF21204610F0F5F8772379227C2124
:105C3000204610F003FA1E23AA4AF0212046CDE99F
:105C400000521A4610F06CFAA74A1E23F021204693
:105C5000CDE90052412210F063FA772379227C21AA
:105C6000204610F0EBF9A14A17239B212046CDE9ED
:105C70000052732210F054FA9D4A1B234FF487718F
:105C80002046CDE90052732210F04AFA994A1B23AC
:105C9000F0212046CDE900528C2210F041FA964ABC
:105CA0001B23F0212046CDE90052A52210F038FA3E
:105CB000924A1B23F0212046CDE90052904DBE228E
:105CC00010F02EFA2B68002B40F0738100261A2367
:105CD000062204218148CDE9006610F073FA296894
:105CE0001A2306227D48CDE900610E2110F06AFAE0
:105CF00084490025844E1A2306227848CDE90051B4
:105D0000172110F00DFA31681A230622092900F331
:105D100049811C217148CDE9005510F053FA3168D2
:105D20001A2306226D48CDE90051252110F04AFAC8
:105D300017F006FA20B1754B1968002900F05F8151
:105D4000734800211A230622CDE900102B21634855
:105D500010F0E6F96F4D2968092900F3418100260A
:105D60001A2306224B215D48CDE9006610F02AFA7D
:105D700029681A2306225948CDE90061552110F0FF
:105D800021FA654E0025654F1A2306225D215348EE
:105D9000CDE9005610F0C4F93A681A23092A00F335
:105DA0001781062263214D48CDE9005510F00AFA0B
:105DB0003A681A236B214948CDE90052062210F0B7
:105DC00001FA00251A23062273214448CDE9005622
:105DD00010F0A6F952491A23062209684FF4C0664A
:105DE0003E48CDE90051792110F0ECF9FF233B4802
:105DF0001A46194610F022F90121384810F0A6F889
:105E000005232A464FF4C8713448009510F018FB5A
:105E1000FF2132480FF0FEFFA02130480FF04CFD6B
:105E200009212E4810F092F883212C480FF0CCFC69
:105E30003C492A480FF002FD80222B46294627487C
:105E4000009510F0FDFA9E222B463721234800953D
:105E500010F0F6FAFF2321481A46194610F0EEF822
:105E6000314A1B231D211D48CDE900628E2210F00E
:105E700057F9FF2119480FF0CDFFA02117480FF067
:105E80001BFD0921154810F061F8822113480FF01D
:105E90009BFC244911480FF0D1FC80222B4640F294
:105EA000A7110E48009510F0CBFA9E222B464FF416
:105EB000EF710A48009510F0C3FAFF2307481A460D
:105EC000194610F0BBF8194A1B2340F2BF110348D2
:105ED000CDE900628E2210F023F929E020990020FC
:105EE000308A00208C070020F00E0020F80E0020E1
:105EF000B4070020000F0020200C0020400C0020E0
:105F000030C300206407002040C30020C0C200202E
:105F100070070020DCC200207807002050C300205A
:105F20003CC60020D9D9D900840700207C07002076
:105F3000DE233A481A46194610F080F88421374883
:105F40000FF042FC4FF4707134480FF0F3FC022163
:105F500032480FF0FBFF4FF491722B46F0212F488F
:105F6000009510F06DFAFF232C481A46194610F0E0
:105F700065F82B491B23FF222848CDE90061F02159
:105F800010F0CEF8254810F011FA94F82030832B49
:105F90003FD0842B2ED0822B02D1224B2F221A608D
:105FA00003B0F0BDCDE900511C481B2110F00AF9E7
:105FB000BEE617F0A5F8092828607FF787AE1A23F8
:105FC00006220421CDE90060204610F0FBF88FE6A0
:105FD000CDE9005261210622104810F0F3F8F0E6F6
:105FE00000201A230622CDE900014B210B4810F0B6
:105FF000E9F8C6E60B4B2E221A6003B0F0BD0A4842
:106000001A230622CDE900102B21044810F088F84D
:10601000A0E6044B01221A6003B0F0BD20990020D5
:1060200028080020E4C3002068070020F0B5C84815
:1060300083B010F0B1FCC74DC5480EF073FE32209E
:1060400018F03EFD2B68142B09D8002401340120E0
:1060500018F036FD2B68192C01D0142BF6D9BC4C46
:1060600000264FF4C06520460EF024FEFF23204694
:106070001A4619460FF09CFC20460FF0FDFA4FF42B
:10608000A07120460FF018FC092120460FF05EFF9A
:10609000B14920460FF0D2FB41225F213346204612
:1060A000009610F0CDF9DC22334640F281112046F3
:1060B000009610F0C5F9772379227C2120460FF055
:1060C000BDFFA64A1B23F0212046CDE90052452200
:1060D00010F026F8A24A1B23F0212046CDE90052F9
:1060E0005D2210F01DF89F4A1B23F0212046CDE9C8
:1060F0000052762210F014F89B4A1B23F021204610
:10610000CDE900528F2210F00BF8984A1B23F021A2
:106110002046CDE90052A72210F002F8944A1B2332
:10612000F0212046CDE90052BD220FF0F9FF914A3F
:106130001B23F0212046CDE900528F4DD5220FF0D0
:10614000EFFF2B68002B40F0F38000261A23062275
:1061500004217F48CDE9006610F034F829681A233D
:1061600006227B48CDE900610E2110F02BF883490F
:106170000025834E1A2306227548CDE900511721C8
:106180000FF0CEFF31681A230622092900F3C980D7
:106190001C216F48CDE9005510F014F831681A231E
:1061A00006226B48CDE90051252110F00BF816F0BE
:1061B000C7FF20B1734B1968002900F0F5807248C1
:1061C00000211A230622CDE900102B2160480FF090
:1061D000A7FF6E4D2968092900F3998000261A232C
:1061E00006224B215A48CDE900660FF0EBFF2968E3
:1061F0001A2306225648CDE9006155210FF0E2FF2F
:10620000634E0025634F1A2306225D215048CDE9D5
:1062100000560FF085FF3A681A23092A6FDC062220
:1062200063214B48CDE900550FF0CCFF3A681A23A3
:106230006B214748CDE9005206220FF0C3FF00252D
:106240001A23062273214248CDE900560FF068FF59
:1062500051491A23062209683D48CDE900517921A8
:106260000FF0B0FFFF233A481A4619460FF0E6FE3A
:10627000012137480FF06AFE05232A464FF4C87102
:106280003348009510F0DCF8A02131480FF014FBE2
:1062900009212F480FF05AFE86212D480FF094FA5D
:1062A0003E492B480FF0CAFA80222B46294628483F
:1062B000009510F0C5F89E222B4637212448009502
:1062C00010F0BEF8FF2322481A4619460FF0B6FE1A
:1062D00033484FF4C0611B238E22CDE900101D21ED
:1062E0001B480FF01DFF1A4810F060F894F820309A
:1062F000862B02D12B4B37221A6003B0F0BDCDE9BB
:1063000000526121062212480FF05CFF97E700203F
:106310001A230622CDE900014B210D480FF052FF50
:106320006EE7CDE900510A481B210FF04BFF3EE715
:1063300016F0E6FE092828607FF707AF1A23062229
:106340000421CDE9006020460FF03CFF0FE700BFBD
:1063500020990020308A0020F2F2F200540C002034
:10636000180F0020440F00206C0F0020940F002015
:10637000B40F0020DC0F002030C300206407002091
:1063800040C30020C0C2002070070020DCC20020F3
:106390007807002050C300203CC60020D9D9D9007E
:1063A00084070020E4C3002004481A230622CDE914
:1063B00000102B2102480FF0B3FE0AE76807002007
:1063C00020990020F0B5CA4883B010F0E5FAC94D15
:1063D000C7480EF0A7FC322018F072FB2B68142B74
:1063E00009D800240134012018F06AFB2B68192C0D
:1063F00001D0142BF6D9BE4EBF4C30460EF05AFCDD
:10640000FF2330461A4619460FF0D2FA30460FF0F5
:1064100033F9772379227C2130460FF00FFE236871
:10642000002B40F02D8200251A23FC2240F243115C
:10643000AF48CDE900550FF0C5FE21681A23FC22B4
:10644000AB48CDE900514FF4A6710FF0BBFEAB494C
:106450000024AB4D1A23FC22A548CDE9004140F2AF
:1064600055110FF05DFE29681A23FC22092900F35B
:10647000FF8140F259119E48CDE900440FF0A2FE81
:1064800029681A23FC229A48CDE900414FF4B171E2
:106490000FF098FE16F054FE20B19A4B19680029AF
:1064A00000F01A82984800211A23FC22CDE900103E
:1064B00040F269118E480FF033FE944C216809298F
:1064C00000F3F88100251A23FC2240F28B11884842
:1064D000CDE900550FF076FE21681A23FC2284488E
:1064E000CDE9005140F293110FF06CFE884D00246D
:1064F000884F1A23FC2240F29B117D48CDE90045CC
:106500000FF00EFE3A681A23092A00F3CA81FC2212
:1065100040F2A1117648CDE900440FF053FE3A68ED
:106520001A2340F2A9117248CDE90042FC220FF073
:1065300049FE00241A23FC2240F2B1116C48CDE937
:1065400000450FF0EDFD74491A23FC2209684FF451
:10655000C0656748CDE9004140F2B7110FF032FE47
:106560004FF4A07162480FF0A7F9092160480FF0BD
:10657000EDFC6A495E480FF061F9502223465C4801
:10658000114600940FF05CFF2346C822EB215848C7
:1065900000940FF055FFFF2355481A4619460FF097
:1065A0004DFD012152480FF0D1FC224605234FF446
:1065B000C8714F4800940FF043FF772379227C2164
:1065C0004B480FF03BFD564A18239B214848CDE924
:1065D000005253220FF0A4FD524A1B23A421444829
:1065E000CDE9005273220FF09BFD4F4A18238321FF
:1065F0003F48CDE90052AC220FF092FD4B493C4898
:106600000FF01CF94A4A1B238F213948CDE900526B
:10661000CC220FF085FD772379227C2134480FF0BE
:106620000DFD444A1B234FF4B8713148CDE90052A7
:106630005A220FF075FD40492D480FF0FFF88921CF
:106640002B480FF0C1F84FF4347129480FF072F95C
:10665000022127480FF07AFC2346A3224FF49F71B2
:10666000234800940FF0ECFEFF2321481A461946F8
:106670000FF0E4FC314A1B234FF49F711C48CDE915
:1066800000528E220FF04CFD2D4A1B234FF49F71B8
:106690001748CDE90052A1220FF042FD294A1B23E1
:1066A0004FF49F711248CDE90052B4220FF038FD2B
:1066B00021490F480FF0C2F88A210D480FF084F8E5
:1066C0004FF434710A480FF035F9022108480FF0F1
:1066D0003DFC2346A32240F29F11054800940FF091
:1066E000AFFEFF2302481A4619460FF0A7FC2BE025
:1066F00020990020308A002030C300206407002049
:1067000040C30020C0C2002070070020DCC200206F
:106710007807002050C300203CC60020F2F2F200AF
:1067200038090020001000206809002058D75A00BE
:10673000700900207C090020D9D9D90094090020D3
:106740009C090020A40900206F4A1B2340F29F11DE
:106750006E48CDE9005293220FF0E2FC6C4A1B23F5
:1067600040F29F116948CDE90052AA220FF0D8FCEF
:10677000A02166480FF0A0F8092164480FF0E6FB5D
:10678000862162480FF020F8624960480FF056F801
:10679000042223465D48114600940FF051FE234623
:1067A00023223721594800940FF04AFEFF2357480F
:1067B0001A4619460FF042FC574A1B231F21534823
:1067C000CDE9005214220FF0ABFCA0214F480FF08E
:1067D00073F809214D480FF0B9FB17214B480EF013
:1067E000F3FF4C4949480FF029F82346EB220421D6
:1067F000464800940FF024FE23464FF4857237215B
:10680000424800940FF01CFEFF2340481A461946E8
:106810000FF014FC414A1B231E213C48CDE90052D5
:10682000F0220FF07DFC3E4A1B231E213748CDE9A4
:10683000005240F201120FF073FC34480FF0B6FD25
:106840003848394901230460002496F820200C6060
:106850003648892A364903600B604CD035D8172A50
:1068600045D0862A02D1334B2D221A6003B0F0BDE9
:10687000CDE90041254840F259110FF0A3FC09E68B
:1068800016F03EFC092820607FF7CDAD00211A23C9
:10689000FC22CDE900104FF4A17130460FF092FCBC
:1068A000D5E5CDE9004240F29F11FC2217480FF0D8
:1068B00089FC3EE600201A23FC22CDE9000140F2CB
:1068C000891112480FF07EFC10E68A2ACED1194BAE
:1068D00031221A6003B0F0BD17481A23FC22CDE91B
:1068E000001040F2691109480FF01AFCE5E5114A61
:1068F000136003B0F0BD114A3020114B0D491268EE
:1069000008601A6003B0F0BDB00900202099002093
:10691000B8090020D9D9D90084070020C409002073
:10692000CC090020FCC300202CC60020E8C50020B4
:10693000F0C50020E4C3002068070020F8C500204F
:10694000F4C20020F0B5B54883B010F025F8B44D7E
:10695000B2480EF0E7F9322018F0B2F82B68142B89
:1069600009D800240134012018F0AAF82B68192C4A
:1069700001D0142BF6D9A94DAA4C28460EF09AF94D
:10698000FF2328461A4619460FF012F828460EF043
:1069900073FE772379227C2128460FF04FFB236872
:1069A000002B40F0218100261A23062204219B4857
:1069B000CDE900660FF006FC21681A2306229748ED
:1069C000CDE900610E210FF0FDFB97490024974EA1
:1069D0001A2306229148CDE9004117210FF0A0FBB0
:1069E00031681A230622092900F3F7801C218B48FD
:1069F000CDE900440FF0E6FB31681A2306228748F0
:106A0000CDE9004125210FF0DDFB16F099FB20B107
:106A1000874B1968002900F0F780864800211A2367
:106A20000622CDE900102B217C480FF079FB824C27
:106A30002168092900F3C78000261A2306224B216A
:106A40007648CDE900660FF0BDFB21681A230622C7
:106A50007248CDE9006155210FF0B4FB774E002458
:106A6000774F1A2306225D216C48CDE900460FF0CE
:106A700057FB3A681A23092A00F39D8006226321F6
:106A80006648CDE900440FF09DFB3A681A236B215C
:106A90006248CDE9004206220FF094FB00241A233D
:106AA000062273215D48CDE900460FF039FB6549A8
:106AB0001A23062209684FF4C0665848CDE9004100
:106AC00079210FF07FFB4FF4A07154480EF0F4FED3
:106AD000092152480FF03AFA5B4950480EF0AEFED9
:106AE0006422234650214D4800940FF0A9FC9622C1
:106AF00023464FF4C871494800940FF0A1FC772356
:106B000079227C2145480FF099FA504A1D23F02143
:106B10004248CDE900627D220FF002FBFF233F488F
:106B20001A4619460FF08AFA01213C480FF00EFA76
:106B3000052322464FF4C871384800940FF080FCBA
:106B40004FF4A07135480EF0B7FE092133480FF01D
:106B5000FDF98D2131480EF037FE3D492F480EF0EA
:106B60006DFED1222346D2212C4800940FF068FC00
:106B7000D42223464FF48771284800940FF060FC1C
:106B8000FF2326481A4619460FF058FA31491B23AD
:106B9000D3222248CDE90061F0210FF0C1FA1F484D
:106BA0000FF004FC95F820308D2B02D12A4B3322B4
:106BB0001A6003B0F0BDCDE90042612106221748FA
:106BC0000FF000FB6AE700201A230622CDE900013E
:106BD0004B2112480FF0F6FA40E7CDE900410F488B
:106BE0001B210FF0EFFA10E716F08AFA092820604F
:106BF0007FF7D9AE00211A230622CDE90010042127
:106C000028460FF0DFFAE0E614481A230622CDE901
:106C100000102B2101480FF083FA08E7209900208B
:106C2000308A002030C300206407002040C30020C9
:106C3000C0C2002070070020DCC2002078070020BE
:106C400050C300203CC60020F2F2F200D40900201C
:106C5000D9D9D900F8090020E4C300206807002032
:106C6000F0B5CE4883B00FF097FECD4DCB480EF077
:106C700059F8322017F024FF2B68142B09D8002470
:106C80000134012017F01CFF2B68192C01D0142BA4
:106C9000F6D9C24C00264FF4C06520460EF00AF823
:106CA000FF2320461A4619460EF082FE20460EF0BB
:106CB000E3FC4FF4AA6120460EF03CFE0221204680
:106CC0000FF044F95A2120460FF0A4F8D9232046AA
:106CD0001A4619460FF0B2F933463246F0212046E3
:106CE00000960FF0ADFBFF2120460FF093F87723BD
:106CF00079227C2120460FF0A1F91E23A94AF02118
:106D00002046CDE900521A460FF00AFAA64A1E2381
:106D1000F0212046CDE9005241220FF001FA7723FD
:106D200079227C2120460FF089F9A04A1B23F42107
:106D30002046CDE9005282220FF0F2F99C4A1B2333
:106D4000EF212046CDE900529A4D9B220FF0E8F941
:106D50002B68002B40F0728100261A2306220421A2
:106D60008E48CDE900660FF02DFA29681A23062215
:106D70008A48CDE900610E210FF024FA8E490025E2
:106D80008E4E1A2306228548CDE9005117210FF0B7
:106D9000C7F931681A230622092900F348811C210A
:106DA0007E48CDE900550FF00DFA31681A2306220E
:106DB0007A48CDE9005125210FF004FA16F0C0F908
:106DC00020B17F4B1968002900F04C817D480021DB
:106DD0001A230622CDE900102B2170480FF0A0F9EC
:106DE000794D2968092900F3188100261A23062203
:106DF0004B216A48CDE900660FF0E4F929681A23AF
:106E000006226648CDE9006155210FF0DBF96F4E8F
:106E100000256F4F1A2306225D216048CDE90056F8
:106E20000FF07EF93A681A23092A00F3EE80062251
:106E300063215A48CDE900550FF0C4F93A681A2386
:106E40006B215648CDE9005206220FF0BBF9002510
:106E50001A23062273215148CDE900560FF060F93C
:106E60005C491A23062209684FF4C0664B48CDE9F5
:106E7000005179210FF0A6F9FF2348481A46194618
:106E80000FF0DCF8012145480FF060F809232A468D
:106E90004FF4C871414800950FF0D2FAFF213F48E6
:106EA0000EF0B8FFA0213D480EF006FD09213B4839
:106EB0000FF04CF8DE2339481A4619460FF0BEF899
:106EC0004FF4707135480EF035FD022133480FF054
:106ED0003DF84FF491722B46F021304800950FF0A9
:106EE000AFFAFF212D480EF095FFA0212B480EF0A0
:106EF000E3FC092129480FF029F85E2127480EF00C
:106F000063FC354925480EF099FC80222B46294622
:106F1000224800950FF094FA9E222B4637211F48F5
:106F200000950FF08DFAFF231C481A4619460FF002
:106F300085F82A4A1B231D211848CDE900628E22BC
:106F40000FF0EEF8FF2115480EF064FFA021134862
:106F50000EF0B2FC092111480EF0F8FF59210F483C
:106F60000EF032FC1C490D480EF068FC80222B46C6
:106F700040F2A711094800950FF062FA9E222B46B5
:106F80004FF4EF71054800950FF05AFAFF230348BC
:106F90001A4619460FF052F822E000BF209900204F
:106FA000308A00208C070020141000201C100020C4
:106FB0004010002030C300206407002040C30020A0
:106FC000C0C2002070070020DCC20020780700202B
:106FD00050C300203CC60020D9D9D9008407002026
:106FE00028491B238E222848CDE9006140F2BF11B9
:106FF0000FF096F824480FF0D9F994F82030592B67
:107000003AD05E2B29D003B0F0BDCDE9005261210A
:1070100006221D480FF0D6F819E700201A23062291
:10702000CDE900014B2118480FF0CCF8EFE6CDE98F
:10703000005115481B210FF0C5F8BFE616F060F8A7
:10704000092828607FF788AE1A2306220421CDE99B
:10705000006020460FF0B6F890E60C4B37221A601D
:1070600003B0F0BD0A481A230622CDE900102B21F7
:1070700005480FF055F8B3E6044B23221A6003B01D
:10708000F0BD00BF7C07002020990020E4C3002051
:1070900068070020F0B5CC4883B00FF07DFCCB4DE5
:1070A000C9480DF03FFE322017F00AFD2B68142B63
:1070B00009D800240120013417F002FD2B68142B9D
:1070C00001D8192CF6D1C04EC14C30460DF0F2FD5E
:1070D000FF2330461A4619460EF06AFC30460EF081
:1070E000CBFA772379227C2130460EF0A7FF236864
:1070F000002B40F0E98200251A23FC2240F24311C4
:10710000B148CDE900550FF05DF821681A23FC2243
:10711000AD48CDE900514FF4A6710FF053F8AD49D9
:107120000024AD4D1A23FC22A748CDE9004140F2CE
:1071300055110EF0F5FF29681A23FC22092900F3E6
:10714000BB8240F25911A048CDE900440FF03AF853
:1071500029681A23FC229C48CDE900414FF4B17103
:107160000FF030F815F0ECFF20B19C4B19680029A6
:1071700000F0D1829A4800211A23FC22CDE90010A8
:1071800040F2691190480EF0CBFF964C2168092916
:1071900000F3B48200251A23FC2240F28B118A48A6
:1071A000CDE900550FF00EF821681A23FC2286481D
:1071B000CDE9005140F293110FF004F88A4D0024FC
:1071C0008A4F1A23FC2240F29B117F48CDE90045EB
:1071D0000EF0A6FF3A681A23092A00F38682FC22E1
:1071E00040F2A1117848CDE900440EF0EBFF3A6877
:1071F0001A2340F2A9117448CDE90042FC220EF096
:10720000E1FF00241A23FC2240F2B1116E48784FAE
:10721000CDE900450EF084FF76491A23FC22096867
:107220004FF4C0656848CDE9004140F2B7110EF057
:10723000C9FFFF2364481A4619460EF0FFFE0121DC
:1072400061480EF083FE092322464FF4C8715E4860
:1072500000940FF0F5F8772379227C215A480EF03C
:10726000EDFE654A1E23F0215748CDE900521A224F
:107270000EF056FF1E235A22D2215348CDE9005763
:107280000EF04EFF07F14D039622D2214E489A3759
:10729000CDE900531E230EF043FFD2221E234A489D
:1072A0001146CDE900570EF03BFFD92346481A4658
:1072B00019460EF0C3FEB22143480EF085FA4FF492
:1072C000A07141480EF036FB02213F480EF03EFE11
:1072D0005A22234664213C4800940FF0B1F8D92388
:1072E00039481A4619460EF0A9FEB32136480EF069
:1072F0006BFA4FF4A07134480EF01CFB02213248A7
:107300000EF024FE9622234664212F4800940FF0AD
:1073100097F8D9232C481A4619460EF08FFEB4214F
:1073200029480EF051FA4FF4A07127480EF002FBE5
:10733000022125480EF00AFED2222346642122486B
:1073400000940FF07DF82D491F480EF077FAB82110
:107350001D480EF039FA4FF4A0711B480EF0ACFA3C
:10736000032119480EF0F2FD5A2223464FF4A07172
:10737000154800940FF064F85A2223464FF4AA717E
:10738000114800940FF05CF8FF231D4F1A46194670
:107390000D480EF053FE1B235A224FF4A5710A48E4
:1073A000CDE900570EF0BCFE144907480EF046FA2E
:1073B000B92105480EF008FA4FF4A07102480EF00A
:1073C0007BFA03211EE000BF20990020308A0020B4
:1073D00030C300206407002040C30020C0C200204A
:1073E00070070020DCC200207807002050C3002076
:1073F0009C8D00203CC600206C100020D9D9D900FB
:1074000080100020C9480EF0A1FD234696224FF4BB
:10741000A071C64800940FF013F8234696224FF44B
:10742000AA71C24800940FF00BF8FF23BF481A4618
:1074300019460EF003FE1B2396224FF4A571BB489C
:10744000CDE900570EF06CFEB949B8480EF0F6F9D8
:10745000BA21B6480EF0B8F94FF4A071B3480EF057
:107460002BFA0321B1480EF071FD2346D2224FF4CE
:10747000A071AE4800940EF0E3FF2346D2224FF4F1
:10748000AA71AA4800940EF0DBFFFF23A7481A4612
:1074900019460EF0D3FD1B23D2224FF4A571A34849
:1074A000CDE900570EF03CFEA149A0480EF0C6F908
:1074B000BD219E480EF088F94FF4A0719B480EF054
:1074C000FBF9032199480EF041FD5A2223464FF45F
:1074D000C371964800940EF0B3FF5A2223464FF42E
:1074E000CD71924800940EF0ABFFFF23914F1A46E6
:1074F00019468E480EF0A2FD1B235A224FF4C87184
:107500008A48CDE900570EF00BFE894987480EF0F6
:1075100095F9BE2185480EF057F94FF4A0718348C4
:107520000EF0CAF9032181480EF010FD2346962281
:107530004FF4C3717D4800940EF082FF23469622DB
:107540004FF4CD71794800940EF07AFFFF2377480D
:107550001A4619460EF072FD1B2396224FF4C8718D
:107560007248CDE900570EF0DBFD71496F480EF00F
:1075700065F9BF216D480EF027F94FF4A0716B48F3
:107580000EF09AF9032169480EF0E0FC2346D2225E
:107590004FF4C371654800940EF052FF2346D22287
:1075A0004FF4CD71614800940EF04AFFFF235F480D
:1075B0001A4619460EF042FD1B23D2224FF4C87121
:1075C0005A48CDE900570EF0ABFDA02157480EF008
:1075D00073F9092155480EF0B9FC5F2153480EF0AC
:1075E000F3F8534951480EF029F9042223464F4835
:1075F000114600940EF024FF2322234637214B48E6
:1076000000940EF01DFFFF2348481A4619460EF05D
:1076100015FD494A1B231F214448CDE9005214227D
:107620000EF07EFDA02141480EF046F909213F48A9
:107630000EF08CFC17213D480EF0C6F83C493B4843
:107640000EF0FCF8EB2223460421384800940EF09B
:10765000F7FE4FF4857223463721344800940EF02C
:10766000EFFEFF2331481A4619460EF0E7FC334A75
:107670001B231E212D48CDE90052F0220EF050FDB3
:107680002F4A1B231E212948CDE9005240F2011246
:107690000EF046FD25480EF089FE96F82030B32BFB
:1076A00056D0B42B35D0B22B54D126492922264BA3
:1076B0000C601A6003B0F0BDCDE900411B4840F2F8
:1076C00059110EF07FFD4DE515F01AFD09282060D7
:1076D0007FF711AD00211A23FC22CDE900104FF4F1
:1076E000A17130460EF06EFD19E5CDE9004240F281
:1076F0009F11FC220D480EF065FD82E500201A2343
:10770000FC22CDE9000140F2891108480EF05AFD33
:1077100054E50224C9E70D481A23FC22CDE90010E4
:1077200040F2691101480EF0FBFC2EE52099002083
:10773000D9D9D9008810002084070020C40900206E
:10774000CC09002078C30020E4C300206807002093
:107750000124AAE7B92B0CD0BA2B13D0B82B1BD11C
:10776000234A01202349244B14602A2208701A60FE
:10777000A0E701231F4C1E482A211F4A23700360E3
:10778000116097E71A4A02211A4801241A4B116026
:107790002A2204701A608DE7BE2B0AD0BF2B10D0AE
:1077A000BD2B16D112492422134B0C601A6003B072
:1077B000F0BD0F490120104B242208601A6003B06D
:1077C000F0BD0B4902200C4B242208601A6003B064
:1077D000F0BD172B07D05F2B7FF46CAF064B222236
:1077E0001A6003B0F0BD044B01221A6062E700BFCB
:1077F00078C3002069C60020E4C300202DE9F04FC3
:10780000C14889B00FF0C8F8C04DBF480DF08AFAE2
:10781000322017F055F92B68142B0AD8002401E008
:10782000192C06D00120013417F04AF92B68142BCB
:10783000F6D9B54800240DF03DFAFF23B2481A46A8
:1078400019460EF0B5F8B0480DF016FFFF23AE480C
:107850001A4619460EF0F2FB0121AB480EF076FBFA
:1078600009234FF4C8712246A74800940EF0E8FDA2
:10787000772379227C21A4480EF0E0FBA44B1B78EF
:10788000002B40F0B180A34BDFF8D0920793A24BBE
:10789000DFF8C4820493A14B0593A14B06939A4D44
:1078A0000024A049282628461B270EF0EDFA952132
:1078B00028464FF04D0A0DF087FF9B4BE7222146EB
:1078C0002846039302944223CDE900670EF056F94F
:1078D000972128460DF078FF944BBC2240F2B1115D
:1078E0002846039300962F23CDE901740EF046F944
:1078F000962128460DF068FF8D4BE7224FF4CF719B
:107900002846039300964223CDE901740EF036F920
:10791000772379227C2128460EF090FB0094D9F839
:10792000003014227D2128460AFB038301931F2384
:107930000EF0F6FBFF2328461A4619460EF07EFB92
:10794000079B662221461B682846CDE90243CDE904
:1079500000674FF4F0730EF06BF9049B91222146FF
:107960001B682846CDE90243CDE900674FF4F07368
:107970000EF05EF9059BBC2221461B682846CDE926
:107980000243CDE900674FF4D7730EF051F9069B1F
:10799000E72245212846CDE900671B68CDE902436F
:1079A0004FF4AB730EF044F928460EF0FFFC502064
:1079B00017F086F895F82030A3F130020A2A03D98F
:1079C000A3F16102192A4BD85A4A13705A4A116816
:1079D000092940DCD9F800004C1C0AFB0080435404
:1079E000146009B0BDE8F08F4A4A2026534BDFF8F7
:1079F0006C9113604D23D9F80050474903FB05F5FE
:107A00004F4B07920B60454A4E4BDFF84C81136099
:107A100005924D4B424ADFF848B1136008F1FF333D
:107A2000DFF82CA15F19049145440692CBF8004081
:107A300006E017F8013FCBF800400AF8013B3E7022
:107A400028461AF073FCA04204F10104F1D8002387
:107A50002F4A137023E70A23136009B0BDE8F08FA3
:107A6000972B10D134494D20D9F800200B6800FB2A
:107A70000282013B54BF1C4623460C602021D15496
:107A800009B0BDE8F08F952B2ED1D9F80030202712
:107A90002E4E294A0AFB03880AFB0366146035460A
:107AA00001E005F8017F40461AF040FCA04204F1D5
:107AB0000104F6D8264D0024DFF8A4B0202704E006
:107AC0002B7805F8017B06F8013F2148CBF80040F0
:107AD0001AF02CFCA04204F10104F1D81D4B232222
:107AE0001A6009B0BDE8F08F962B7FF47AAF124B85
:107AF000E7224FF4AF6118481C6017F0D3FA154B1A
:107B000023221A60EDE700BF20990020308A002070
:107B100069C6002014C4002008C400200CC4002042
:107B200010C40020A9A9A900B8100020C01000208E
:107B3000C81000205DC6002038C300208C10002033
:107B400098100020A4100020B01000209B8D002071
:107B500094C30020E4C300209C8D002078C3002043
:107B60003CC30020F0B5C84883B00EF015FFC74DE8
:107B7000C5480DF0D7F8322016F0A2FF2B68142B61
:107B800009D800240134012016F09AFF2B68192C23
:107B900001D0142BF6D9BC4DBD4C28460DF08AF807
:107BA000FF2328461A4619460DF002FF28460DF01D
:107BB00063FD772379227C2128460EF03FFA236863
:107BC000002B40F0928100261A23FC2240F2431140
:107BD000AD48CDE900660EF0F5FA21681A23FC22C3
:107BE000A948CDE900614FF4A6710EF0EBFAA9495E
:107BF0000024A94E1A23FC22A348CDE9004140F2FB
:107C000055110EF08DFA31681A23FC22092900F370
:107C1000648140F259119C48CDE900440EF0D2FA3B
:107C200031681A23FC229848CDE900414FF4B17124
:107C30000EF0C8FA15F084FA20B1984B19680029A3
:107C400000F08381964800211A23FC22CDE9001020
:107C500040F269118C480EF063FA924C21680929B0
:107C600000F35D8100261A23FC2240F28B11864826
:107C7000CDE900660EF0A6FA21681A23FC2282489C
:107C8000CDE9006140F293110EF09CFA864E00247B
:107C9000864F1A23FC2240F29B117B48CDE9004617
:107CA0000EF03EFA3A681A23092A00F32F81FC22CB
:107CB00040F2A1117448CDE900440EF083FA3A680D
:107CC0001A2340F2A9117048CDE90042FC220EF0BF
:107CD00079FA00241A23FC2240F2B1116A48CDE956
:107CE00000460EF01DFA72491A23FC2209684FF46F
:107CF000C0666548CDE9004140F2B7110EF062FA66
:107D0000FF2361481A4619460EF098F901215E4892
:107D10000EF01CF9092322464FF4C8715A4800940A
:107D20000EF08EFB4FF4A07157480DF0C5FD0921F0
:107D300055480EF00BF95F4953480DF07FFD502276
:107D400023465D21504800940EF07AFBDC22234646
:107D500040F283114C4800940EF072FB7723792295
:107D60007C2149480EF06AF9534A1C23F021464809
:107D7000CDE900625A220EF0D3F9504942480DF085
:107D80005DFDC42140480DF01FFD4FF45C713E487D
:107D90000DF0D0FD02213C480EF0D8F8AA2223466F
:107DA0003948114600940EF04BFBFF2336481A4623
:107DB00019460EF043F9AA2241491B233248CDE966
:107DC000006111460EF0ACF93C492F480DF036FD2C
:107DD000C5212D480DF0F8FC4FF45C712A480DF0D8
:107DE000A9FD022128480EF0B1F8AA2223464FF43B
:107DF0009B71254800940EF023FBFF2322481A466E
:107E000019460EF01BF92F4A1B234FF49B711E4895
:107E1000CDE90062AA220EF083F9A0211A480DF0E4
:107E20004BFD092118480EF091F8602116480DF01D
:107E3000CBFC224914480DF001FD042223461248D0
:107E4000114600940EF0FCFA2322234637210E48F7
:107E500000940EF0F5FAFF230B481A4619460EF06F
:107E6000EDF8194A1B231F210748CDE900621422AF
:107E70000EF056F904480EF099FA95F82030C42B0C
:107E80006ED0C52B56D021E020990020308A0020EA
:107E900030C300206407002040C30020C0C200207F
:107EA00070070020DCC200207807002050C30020AB
:107EB0003CC60020F2F2F200CC100020D9D9D90043
:107EC000E0100020EC10002084070020602B02D17D
:107ED000284B23221A6003B0F0BDCDE900412648AB
:107EE00040F259110EF06EF9A4E615F009F90928CF
:107EF00020607FF768AE00211A23FC22CDE9001034
:107F00004FF4A17128460EF05DF970E6CDE900420C
:107F100040F29F11FC2218480EF054F9D9E60020D7
:107F20001A23FC22CDE9000140F2891112480EF01B
:107F300049F9ABE6114B0121114A25241B680D4874
:107F40009B010460D15003B0F0BD0E481A23FC22FF
:107F5000CDE9001040F2691107480EF0E1F87CE627
:107F6000064B2520064A1B6802499B010860D45035
:107F700003B0F0BDE4C300202099002078C30020A6
:107F800030880020680700202DE9F043A54885B01F
:107F90000EF002FDA44DA3480CF0C4FE322016F0F2
:107FA0008FFD2B68142B09D800240134012016F012
:107FB00087FD2B68192C01D0142BF6D9994C4FF45E
:107FC000C0654FF00009994E2046994F0CF072FEA3
:107FD000FF2320461A4619460DF0EAFC20460DF014
:107FE0004BFB772379227C2120460EF027F891491C
:107FF0001E2314222046CDE90051F0210EF090F806
:108000008D491E2337222046CDE90051F1210EF083
:1080100087F8FF2320461A4619460EF00FF8012173
:1080200020460DF093FF09234A464FF4C8712046BD
:10803000CDF800900EF004FA33689B0157F80380E6
:10804000B8F1000F00F01081B8F1010F00F01E82AE
:10805000A02174480DF030FC0921724800250DF074
:1080600075FF5A216F484FF4C0680DF0ADFB73499E
:108070006C480DF0E3FB2B46EB2240F2A911694856
:1080800000950EF0DDF92B464FF485724FF4EE713A
:10809000644800950EF0D4F9FF2362481A46194649
:1080A0000DF0CCFF664BFA2240F2C1115D480193FE
:1080B0001B23CDF800800EF033F8A02159480DF0B5
:1080C000FBFB092157480DF041FFAE2155480DF04B
:1080D0007BFB5A4953480DF0B1FB04222B46514813
:1080E000114600950EF0ACF92B46232237214D485E
:1080F00000950EF0A5F9FF234A481A4619460DF0DF
:108100009DFF504A1B231F21464801921422CDF89F
:1081100000800EF005F843480EF048F9237CC62B8A
:1081200000F04F81C72B66D0A22B0BD133689A0188
:10813000BA58002A40F09181434A2C2101FB0323C5
:1081400000221A6094F82030AE2B64D05A2B65D1EF
:1081500032683E48910130F8124007EB821C7B5890
:10816000A4F1320080B2002B40F03C81364D2C2629
:108170009FED376A06FB0256DFED366A9FED367AD1
:10818000D6ED005AC5EE867A67EEA67AF8FE677AD3
:1081900067EE877AF5EE407ACCED017AF1EE10FACF
:1081A0000BD0B7EE006ADFED2D6A86EE277A67EE18
:1081B000267AFDEEE77A17EE903A39448B602C234D
:1081C00003FB0255AB68264D03EB83035B00A5FB65
:1081D0000353DB0B03EB83035B0007EE903A40F2A3
:1081E000B633F8EEE77A9842C1ED037A40F20281A5
:1081F00045F650631FE133689A01BA58002A40F0EF
:108200002381114A2C2101FB0323628A9A6094F88E
:108210002030AE2B9AD1134B24221A6005B0BDE852
:10822000F08300BF20990020308A002078C300200E
:108230003088002038090020F8100020D9D9D90052
:108240007C0700208407002048C40020C8C200200A
:1082500000FF7F4700007042CDCC4C3D00007A44C7
:1082600001800080E4C300202046772379227C210E
:108270000DF0E4FEB64B20460095019369221D23C4
:1082800078210DF04DFFB34B204600950193B622A7
:108290001D2378210DF044FF4FF02C0933685C2139
:1082A000AD4A4FF49B70DFEDAD6A09FB03239FEDF0
:1082B000AC7A9FEDAC0A1D2293ED006AC6EE267AD9
:1082C00067EE877AF8FE677A27EE800AF6F718FFDE
:1082D0003368A14A204640F23B1109FB0323A24A1E
:1082E0009B68009503EB83035B00A2FB0323B6228C
:1082F000DB0B03EB83035B0001931D230DF062FF97
:108300009A4B20460095019369221D2340F26D117E
:108310000DF006FF964BB622204600954FF4B4713F
:1083200001931D230DF0FCFE2046C6210B250DF008
:108330004BFA20468F490DF0A7FD3368864A4FF669
:10834000FF7109FB032303913921D3ED007A4FF428
:10835000AA73CDF80480FCEEE77A009517EE900A38
:1083600082B22046029282220DF0BCFCC6238222F9
:108370002046019339214FF4AA7300950DF058FB64
:108380002046C7210DF020FA4FF6FF71724A2046B1
:1083900003913921336809FB0323CF221B89009500
:1083A000CDE901834FF4AA730DF09CFCC7224FF472
:1083B000AA73392101922046CF2200950DF038FB97
:1083C00046E633689A01BA58002A55D1618A624A52
:1083D00007EE901A2C21F8EE677A01FB0323C3ED18
:1083E000007AAFE6012B00F0D18040F2B63398421C
:1083F0003FF6FEAE07EE904A9FED5F7A5F48B8EE1B
:10840000E76A5F49F6EE007AC6EE076AE6EE877A1B
:10841000FCEEE77A17EE903A9BB2323B80FB0340CA
:10842000DB17C3EB2013C3EB0343A1FB03015B1A70
:1084300001EB53031B09534C3F20534944F82230AE
:10844000086005B0BDE8F083012A7FF47BAE424AA4
:108450002C2101FB03239D6074E6012A7FF472AE98
:10846000618A3D4A07EE901A2C21F8EE677A01FBEB
:108470000323C3ED017A65E6012A7FF463AE364A31
:108480002C2101FB032300225A605BE62046772360
:1084900079227C210DF0D2FD2D4B204600950193D1
:1084A00091221D2378210DF03BFE4FF02C083368FC
:1084B0008421294A4FF49B70DFED286A08FB0323CF
:1084C0009FED277A9FED270A1D2293ED016AC6EEE4
:1084D000267A67EE877AF8FE677A27EE800AF6F743
:1084E0000FFE224B91222046009540F26D11019320
:1084F0001D230DF015FE2046A2210B250DF064F979
:1085000020461C490DF0C0FC3368134A204639212F
:1085100008FB03284FF6FF7303934FF4AA73D8EDBB
:10852000017ACDF80490FCEEE77A009517EE902AD8
:1085300092B20292AA220DF0D5FBA2224FF4AA73A6
:10854000392101922046AA2200950DF071FA7FE5AB
:10855000041100201011002048C4002000FF7F47B4
:1085600000007042CDCC4C3D0180008010100020F6
:108570001C110020A9A9A90000007A441F85EB5115
:10858000CB6B28AFD0C50020E4C300201A4B2C25AC
:108590009FED1A6A05FB0233DFED196A9FED197A28
:1085A000D3ED015AC5EE867A67EEA67AF8FE677AB1
:1085B00067EE877AF5EE407ACCED017AF1EE10FAAB
:1085C00017D0B7EE006ADFED106A86EE277A67EE05
:1085D000267AFDEEE77A17EE903A0F44BB600B4B1C
:1085E000FB6040F2B63398427FF604AF45F2D70302
:1085F00021E70023F1E700BF48C4002000FF7F47C8
:1086000000007042CDCC4C3D00007A44000048424E
:108610002DE9F043A94885B00EF0BEF9A84DA74852
:108620000CF080FB322016F04BFA2B68142B09D883
:1086300000240120013416F043FA2B68142B01D8D2
:10864000192CF6D19D4800250CF034FBFF239B48E4
:108650004FF4C0681A4619460DF0AAF997480DF074
:108660000BF8772379227C2194484FF00B090DF009
:10867000E5FC944C4FF4C0601E232022F021924E62
:10868000924FCDE900048D480DF04AFDFF238B4841
:108690001A4619460DF0D2FC012188480DF056FC0F
:1086A000002209234FF4C871844800920DF0C8FEDF
:1086B000772379227C2181480DF0C0FC3368844AFD
:1086C00037219B017D4CD3582046012B4FF01D03D1
:1086D0000CBF804A804ACDE9005261220DF020FD96
:1086E00033687E481D2257F8231047F6FF739FED2D
:1086F0007C0A01EBC10C01EB4C01CB186221A0FB01
:1087000003034FF49670DB0B013303EB830303EB9E
:1087100083035B009BB207EE903AF8EEE77A87EEB0
:10872000800AF6F7EDFC6F4B62224FF4AF712046E2
:10873000CDE900531D230DF0F3FC6B4BE122F0213A
:1087400020460193CDF800801A230DF0E9FCDB21CF
:1087500020460DF039F8654920460DF095FB4FF69F
:10876000FF739622392103932046336837F823306C
:10877000CDF80090CDE901534FF4AA730DF0B2FA91
:10878000DB239622392120460193CDF800904FF447
:10879000AA730DF04DF9A02120460DF08DF80921A6
:1087A00020460DF0D3FBD92120460DF00DF850499D
:1087B00020460DF043F82B46EB2240F2A91120464B
:1087C00000950DF03DFE2B464FF485724FF4EE718F
:1087D000204600950DF034FEFF2320461A46194628
:1087E0000DF02CFC434BFA2240F2C11120460193BC
:1087F000CDF800801B230DF093FCA02120460DF046
:108800005BF8092120460DF0A1FBDA2120460CF08F
:10881000DBFF374920460DF011F804222B46204695
:10882000114600950DF00CFE2B46232237212046E1
:1088300000950DF005FEFF2320461A4619460DF05F
:10884000FDFB2D4A1B231F2120460192CDF80080FD
:1088500014220DF065FC20460DF0A8FD237CDB2BD7
:1088600003D13368628A47F8232094F82030DA2B4A
:108870001ED0D92B19D131682626204D47F6FF731B
:1088800057F821202E6002EBC20514481C4C02EB65
:108890004502D318A0FB0303DB0B013303EB830377
:1088A00003EB83035B0024F8113005B0BDE8F083CF
:1088B000124B25221A6005B0BDE8F08320990020F4
:1088C000308A00203411002078C30020D0C5002059
:1088D0003088002020110020281100200180008015
:1088E00000007A444C11002050110020A9A9A900D1
:1088F000D9D9D9007C07002084070020E4C30020D8
:10890000C8C20020F0B5BE4883B00EF045F8BD4D9A
:10891000BB480CF007FA322016F0D2F82B68142B63
:1089200009D800240120013416F0CAF82B68142B52
:1089300001D8192CF6D1B24C00264FF4C065B24FC5
:1089400020460CF0B7F9FF2320461A4619460DF0D1
:108950002FF820460CF090FEAC4920460CF06EFF3C
:108960004FF4A07120460CF0A7FF092120460DF01E
:10897000EDFA32223D213346204600960DF060FD8F
:10898000E62233464FF4D271204600960DF058FD92
:10899000772379227C2120460DF050FB9C4A1D2331
:1089A000F0212046CDE900523E220DF0B9FB994A54
:1089B0001B23F0212046CDE900525F220DF0B0FBD1
:1089C000954A1B23F0212046CDE9005276220DF076
:1089D000A7FB924A1B23F0212046CDE900528D22AD
:1089E0000DF09EFB3B78002B00F092803246334620
:1089F000C82120460DF022FB894A1B23F021204686
:108A00004FF4C066CDE90052A42200250DF088FB8A
:108A1000FF237B481A4619460DF010FB4FF4A07156
:108A200077480CF049FF092175480DF08FFADD21D8
:108A300073480CF0C9FECD22A5212B467048009545
:108A40000DF0FEFCD0222B46D7216D4800950DF08D
:108A5000F7FC772379227C2169480DF0EFFA714BFE
:108A6000D022BC216648CDE900631C230DF058FBE1
:108A7000FF2363481A4619460DF0E0FA4FF4A0713F
:108A80005F480CF019FF09215D480DF05FFADE2107
:108A90005B480CF099FE2B46CD2240F2131158484A
:108AA00000950DF0CDFC2B46D02240F245115448E4
:108AB00000950DF0C5FC772379227C2150480DF0FC
:108AC000BDFA594A1C234FF495714D48CDE9006217
:108AD000D0220DF025FB4A480DF068FC94F82030B8
:108AE000DE2B10D0DD2B11D1504B1B7893B9012315
:108AF00035214F483B7017F015FD4E4803B0BDE8D7
:108B0000F04015F04DBD4C4B1F221A6003B0F0BD74
:108B10004A4A72E727224A49464817F0C5F94548AC
:108B200015F03EFD17F02CFD464815F095FC464B20
:108B30001A78002A00F0968072B600224FF07C511D
:108B40004FF47A701A705A80586099601A731A61DB
:108B50005A619A6162B600223C484FF4C0641146E3
:108B600015F07AFA26480DF017FFFF2324481A461D
:108B700019460CF01DFF22480CF07EFD7723792268
:108B80007C211F480DF05AFA31481E235022F02153
:108B9000CDE900401A480DF0C3FA2E481B237D2270
:108BA000F021CDE9004016480DF0BAFA2A481B23FF
:108BB0009622F021CDE9004011480DF0B1FA274886
:108BC0001A23BE22F021CDE900400D480DF0A8FA8D
:108BD00023481A23D422F021CDE9004008480DF0A3
:108BE0009FFA07480DF0E2FB05480DF0E9FD044847
:108BF0000CF098F8C82015F063FF1FF0CBF800BF09
:108C000020990020308A00205BC60020F2F2F2009A
:108C10008011002090110020BC110020EC110020D8
:108C200018120020701200207412002066C6002066
:108C30007C120020188A0020E4C300203C1200208F
:108C4000B4120020508D0020348A002054C300202C
:108C5000DC120020F0120020181300204013002026
:108C6000741300205A8892B2002A7FF465AF5A68C4
:108C7000B2F57A7F7FF460AFF6EE007A93ED027A78
:108C8000B4EE677AF1EE10FA7FF456AF1A7B002A41
:108C90007FF452AF1A69002A7FF44EAF5A69002A56
:108CA0007FF44AAF9A69002A7FF446AF53E700BFCA
:108CB0002DE9F04FDC4885B00DF06EFEDB4DDA4853
:108CC0000CF030F8322015F0FBFE2B68142B09D87D
:108CD00000240134012015F0F3FE2B68192C01D07B
:108CE000142BF6D9D04C0025DFF860934FF6FF7AAD
:108CF0002046DFF85C830BF0DDFFFF232046CC4FDE
:108D00001A4619460CF054FE20460CF0B5FC7723A9
:108D100079227C212046C74E0DF090F9C6491E23CA
:108D2000202201914FF4C06120464FF0A00B00912A
:108D3000F0210DF0F5F94FF47F4120460DF0A4F835
:108D4000FF2320461A4619460DF078F901212046E6
:108D50000DF0FCF809232A464FF4C871204600950F
:108D60000DF06EFB772379227C2120460DF066F909
:108D70001B232F223C212046CDE900590DF0D0F9CC
:108D800018233F2240F259112046CDE900580DF03A
:108D9000C7F91823592240F259112046019700952E
:108DA0000DF0BEF91B232F224FF48C712046019643
:108DB00000950DF0B5F9A14B7B223C212046019393
:108DC00000951B230DF0ACF918238B2240F25911AA
:108DD0002046CDE900580DF0A3F91823A62240F251
:108DE00059112046CDE900570DF09AF91B237B223B
:108DF0004FF48C712046CDE900560DF091F91B23FC
:108E0000C8223C212046CDE900590DF089F91823EC
:108E1000D32240F2591120464FF02C09CDE90058D9
:108E20000DF07EF91823ED2240F2591120460197EA
:108E30000095834F0DF074F9C8221B234FF48C71F9
:108E40002046DFF81082CDE900560DF069F97D4E1D
:108E50003B68FD21204609FB0363DB68009503EBBB
:108E60004303DB00A8FB03233222DB0B01931B230C
:108E70000DF0A8F93B68322209FB036319691B2333
:108E80000095C1EB0110C1EB8001A8FB0101204658
:108E9000C90B019140F223110DF094F93B68FD21BB
:108EA000204609FB0363DB69009503EB4303DB000A
:108EB000A8FB03237B22DB0B01931B230DF082F91C
:108EC0003B687B2209FB0363196A1B230095C1EBF6
:108ED0000110C1EB8001A8FB01012046C90B0191E3
:108EE00040F223110DF06EF93B68FD21204609FB8D
:108EF00003635B69009503EB4303DB00A8FB0323DB
:108F0000C822DB0B01931B230DF05CF93B68C822E0
:108F100009FB036399691B230095C1EB0110C1EBA9
:108F200080012046A8FB01814FF00808C90B019180
:108F300040F223110DF046F97B2120460CF044FC51
:108F4000414920460CF0A0FF3B68CDF80CA04C2214
:108F500009FB0363362120469B89CDF80080CDE9CB
:108F600001534FF48C730CF0BDFE7B234C22362151
:108F700020460193CDF800804FF48C730CF058FD1F
:108F80007C2120460CF020FCCDF80CA03B68682228
:108F90003621204609FB03631B8ACDF80080CDE90A
:108FA00001534FF48C730CF09DFE7C236822362114
:108FB00020460193CDF800804FF48C730CF038FDFF
:108FC0007D2120460CF000FC1F4920460CF05CFF80
:108FD000CDF80CA03B6898223621204609FB03639C
:108FE0009B8BCDF80080CDE901534FF48C730CF0CE
:108FF00079FE7D239822362120460193CDF800800A
:109000004FF48C730CF014FD7E2120460CF0DCFB39
:10901000CDF80CA03B68B2223621204609FB036341
:109020001B8CCDF8008017E020990020308A0020AA
:10903000B813002064070020A0130020BC130020F8
:1090400078C3002048C40020A9A9A900B4130020B7
:109050007418002001800080CDE901534FF48C7317
:109060000CF040FE7E23B222362120460193CDF83B
:1090700000804FF48C730CF0DBFCA02120460CF038
:10908000A3FBCDF80CA03B68E1223621204609FB6A
:1090900003639B8ACDF80080CDE901534FF48C73B4
:1090A0000CF020FE4FF48C73E12236212046CDF8DF
:1090B0000080CDF804B00CF0BBFCA12120460CF0E0
:1090C00083FBCDF80CA03B68FB223621204609FB30
:1090D00003631B8BCDF80080CDE901534FF48C73F3
:1090E0000CF000FEA123FB22362120460193CDF88F
:1090F00000804FF48C730CF09BFC594620460CF01A
:10910000DBFB092120460CF021FF5C2120460CF0FE
:109110005BFB8F4920460CF091FB2B46EB2240F283
:10912000A911204600950DF08BF92B464FF485725E
:109130004FF4EE71204600950DF082F9FF23204692
:109140001A4619460CF07AFF4FF4C061814BFA229F
:1091500020460091019340F2C1111B230CF0E0FF67
:10916000594620460CF0A8FB092120460CF0EEFEE3
:10917000B02120460CF028FB754920460CF05EFB20
:1091800004222B462046114600950DF059F92B4636
:1091900023223721204600950DF052F9FF23204667
:1091A0001A4619460CF04AFF6B4A4FF4C0611B2364
:1091B00020460192009114221F210CF0B1FF20469D
:1091C0000DF0F4F8237C7B3B262B1BD8DFE803F063
:1091D0009DA4ABB21A1A1A1A1A1A1A1A1A1A1A1AB9
:1091E0001A1A1A1A1A1A1A1A1A1A1A1A1A1A1A1ADF
:1091F0001A1A1A1A1A14B9002C223B6802FB0363CC
:10920000628A5A6194F820305C2B04D0B02B76D05F
:1092100005B0BDE8F08F39682C27DFF8508101FBDD
:1092200007F7DFF84CA13E440AEB8111F36830697F
:1092300003EB430E7569C0EB0014326A4FEACE0EA1
:10924000C0EB840CA8FB0E3EB369A8FB0C0C05EB2D
:109250004505C3EB0310ED00C3EB8004F069A8FBE8
:1092600005354FEADC3CA8FB043400EB4000C2EBC0
:109270000213C000C2EB8303E40BA8FB0323CCEB77
:109280000C12A8FB0080C4EB0419DB0B4FF46168DF
:10929000C00B4FEADE3EED0B92004FEA890908FB56
:1092A0000E2208FB05990A614A44C1F81C90C1E9E5
:1092B0000B03C3EB03139B0008FB0033486B024412
:1092C0008B621344254A9342C1E905ECC1E9085475
:1092D00015D9234B012218371A600023214AB818E8
:1092E000C6E90333C6E90533D35143600B63C1E9D3
:1092F0000433C1E90633C1E90833C1E90A331A4B23
:1093000026221A6005B0BDE8F08F2C223B6802FBD4
:109310000363628ADA6075E72C223B6802FB036311
:10932000628A1A616EE72C223B6802FB0363628A41
:10933000DA6167E72C223B6802FB0363628A1A62E8
:1093400060E72C223B6802FB0363628A9A6159E75B
:10935000D9D9D9007C070020840700208051010062
:10936000D4C200204CC40020E4C30020018000804F
:10937000308800202DE9F04FAE4885B00DF00CFB91
:10938000AD4DAC480BF0CEFC322015F099FB2B68AC
:10939000142B09D800240120013415F091FB2B680F
:1093A000142B01D8192CF6D1A24C4FF4C069A34F4D
:1093B0004FF02C082046A24E0BF07CFCFF232046E9
:1093C000DFF8A8A21A4619460CF0F2FA20460CF073
:1093D00053F9772379227C21204600250CF02EFEBC
:1093E000984920221E2320464FF6FF7BCDE90091AD
:1093F000F0210CF095FE4FF47F4120460CF044FD27
:109400003B6840F20911204608FB03635B6A009544
:1094100003EB4303DB00AAFB03236222DB0B019374
:109420001D230CF0CFFE3B68622208FB0363996AA0
:109430001D230095C1EB0110C1EB80012046AAFB62
:1094400001A14FF00B0AC90B01914FF49B710CF075
:10945000B9FE7D4B62224FF4957120460193009531
:109460001D230CF05DFE794B6122372120460193CC
:1094700000951D230CF054FE754B782240F26311C9
:109480002046019300951D230CF04AFE714BB22239
:1094900040F263112046019300951D230CF040FE1D
:1094A000802120460CF090F96B4920460CF0ECFC32
:1094B0003B68CDF80CB0822208FB036339212046BB
:1094C0009B8CCDF800A0CDE901534FF48C730CF0C8
:1094D00009FC80238222392120460193CDF800A087
:1094E0004FF48C730CF0A4FA812120460CF06CF937
:1094F000CDF80CB03B68BE223621204608FB036342
:109500001B8DCDF800A0CDE901534FF48C730CF006
:10951000E9FB8123BE22362120460193CDF800A02D
:109520004FF48C730CF084FAFF2320461A46194638
:109530000CF084FD012120460CF008FD09232A4689
:109540004FF4C871204600950CF07AFFA021204608
:109550000CF0B2F9092120460CF0F8FC5D21204600
:109560000CF032F93D4920460CF068F92B46EB220D
:1095700040F2A911204600950CF062FF2B464FF4F3
:1095800085724FF4EE71204600950CF059FFFF23D1
:1095900020461A4619460CF051FD314BFA2240F292
:1095A000C11120460193CDF800901B230CF0B8FDAB
:1095B000A02120460CF080F9092120460CF0C6FCC1
:1095C000B12120460CF000F9244920460CF036F970
:1095D00004222B462046114600950CF031FF2B4605
:1095E00023223721204600950CF02AFFFF23204636
:1095F0001A4619460CF022FD1A4A1B231F21204649
:109600000192CDF8009014220CF08AFD20460CF057
:10961000CDFE237C802B70D0812B29D094F8203074
:109620005D2B2ED0B12B02D10F4B26221A6005B034
:10963000BDE8F08F20990020308A002078C30020F8
:1096400048C40020C013002064070020CC13002071
:10965000D4130020DC130020A9A9A900D9D9D9006E
:109660007C07002084070020E4C3002001800080E4
:109670003B68628A08FB03639A6294F820305D2B92
:10968000D0D138682C21204C4FF4616700FB01F1E8
:109690000E44D6E909231D4E02EB4202D200A4FB80
:1096A0000252C3EB0315C3EB8503D20BA4FB0343A8
:1096B000174C8501DB0B04EB8010C0E90E23C3EBD4
:1096C00003139B0007FB0233C769026943633A44F3
:1096D000876A3A441344B342A6D900230D4A203185
:1096E000303504340C4E01273760535011442A1989
:1096F0004B6063515360C36396E73B68628A08FB23
:1097000003635A628AE700BF018000808051010034
:10971000308800204CC40020D4C20020F0B5C948D5
:1097200083B00DF039F9C84DC6480BF0FBFA322072
:1097300015F0C6F92B68142B09D800240134012038
:1097400015F0BEF92B68192C01D0142BF6D9BD4E9B
:10975000BE4C30460BF0AEFAFF2330461A4619468F
:109760000CF026F930460BF087FF772379227C2115
:1097700030460CF063FC2368002B40F0B2810025DA
:109780001A23FC2240F24311AE48CDE900550CF0FB
:1097900019FD21681A23FC22AA48CDE900514FF493
:1097A000A6710CF00FFDAA490024AA4D1A23FC2231
:1097B000A448CDE9004140F255110CF0B1FC2968F4
:1097C0001A23FC22092900F3848140F259119D4893
:1097D000CDE900440CF0F6FC29681A23FC229948D4
:1097E000CDE900414FF4B1710CF0ECFC13F0A8FC92
:1097F00020B1994B1968002900F09D8197480021FC
:109800001A23FC22CDE9001040F269118D480CF0BA
:1098100087FC934C2168092900F37D8100251A23D8
:10982000FC2240F28B118748CDE900550CF0CAFCB0
:1098300021681A23FC228348CDE9005140F293119C
:109840000CF0C0FC874D0024874F1A23FC2240F205
:109850009B117C48CDE900450CF062FC3A681A2364
:10986000092A00F34F81FC2240F2A1117548CDE98D
:1098700000440CF0A7FC3A681A2340F2A911714881
:10988000CDE90042FC220CF09DFC00241A23FC22AE
:1098900040F2B1116B48CDE900450CF041FC734931
:1098A0001A23FC2209684FF4C0656648CDE90041DF
:1098B00040F2B7110CF086FCFF2362481A461946A5
:1098C0000CF0BCFB01215F480CF040FB0923224651
:1098D0004FF4C8715B4800940CF0B2FD4FF4A071D6
:1098E00058480BF0E9FF092156480CF02FFB60495E
:1098F00054480BF0A3FF502223465D2151480094A9
:109900000CF09EFDDC22234640F283114D4800946A
:109910000CF096FD772379227C214A480CF08EFBCF
:10992000544A1C23F0214748CDE900525A220CF03A
:10993000F7FB514943480BF081FF982141480BF058
:1099400043FF4FF45C713F480BF0F4FF02213D48A8
:109950000CF0FCFAAA2223463A48114600940CF077
:109960006FFDFF2337481A4619460CF067FB434A40
:109970001B23AA213348CDE9005296220CF0D0FBDC
:10998000AA223F491B232F48CDE9005111460CF074
:10999000C7FB3C4A1B23AA212A48CDE90052BE221C
:1099A0000CF0BEFB344927480BF048FF99212548AD
:1099B0000BF00AFF4FF45C7122480BF0BBFF022151
:1099C00020480CF0C3FAAA2223464FF49B711D488D
:1099D00000940CF035FDFF231A481A4619460CF086
:1099E0002DFB294A1B234FF49B711648CDE90052E9
:1099F0009C220CF095FB254A1B234FF49B711148C8
:109A0000CDE90052B8220CF08BFBA0210D480BF0E1
:109A100053FF09210B480CF099FA922109480BF0E9
:109A2000D3FE154907480BF009FF042223460548D9
:109A3000114600940CF004FD2322234637210148EF
:109A4000009425E020990020308A002030C30020B7
:109A50006407002040C30020C0C20020700700201F
:109A6000DCC200207807002050C300203CC6002044
:109A7000F2F2F2007C090020D9D9D9009409002023
:109A80009C090020A4090020B0090020B80900208A
:109A90000CF0D6FCFF2332481A4619460CF0CEFAD9
:109AA00030491B2314222E48CDE900511F210CF010
:109AB00037FB2B480CF07AFC96F82030982B45D0D9
:109AC000992B33D0922B02D1274B29221A6003B055
:109AD000F0BDCDE90041224840F259110CF072FB73
:109AE00084E613F00DFB092820607FF748AE0021C3
:109AF0001A23FC22CDE900104FF4A17130460CF07E
:109B000061FB50E6CDE9004240F29F11FC2214486F
:109B10000CF058FBB9E600201A23FC22CDE9000125
:109B200040F289110E480CF04DFB8BE60E4B3422AF
:109B30001A6003B0F0BD0D481A23FC22CDE90010D5
:109B400040F2691106480CF0EBFA62E6084A2C2054
:109B5000084B0549126808601A6003B0F0BD00BFE9
:109B60002099002084070020E4C30020680700201B
:109B7000F8C50020F4C20020F0B5B54883B00CF061
:109B80000BFFB44DB2480BF0CDF8322014F098FF23
:109B90002B68142B09D800240134012014F090FF05
:109BA0002B68192C01D0142BF6D9A94DAA4C2846A4
:109BB0000BF080F8FF2328461A4619460BF0F8FEF2
:109BC00028460BF059FD772379227C2128460CF09A
:109BD00035FA2368002B40F0218100261A23062243
:109BE00004219B48CDE900660CF0ECFA21681A23A9
:109BF00006229748CDE900610E210CF0E3FA97495F
:109C00000024974E1A2306229148CDE900411721DE
:109C10000CF086FA31681A230622092900F3F7802E
:109C20001C218B48CDE900440CF0CCFA31681A2392
:109C300006228748CDE9004125210CF0C3FA13F034
:109C40007FFA20B1874B1968002900F0F780864819
:109C500000211A230622CDE900102B217C480CF0AC
:109C60005FFA824C2168092900F3C78000261A2375
:109C700006224B217648CDE900660CF0A3FA216854
:109C80001A2306227248CDE9006155210CF09AFA98
:109C9000774E0024774F1A2306225D216C48CDE9C8
:109CA00000460CF03DFA3A681A23092A00F39D8019
:109CB000062263216648CDE900440CF083FA3A6835
:109CC0001A236B216248CDE9004206220CF07AFA91
:109CD00000241A23062273215D48CDE900460CF0CA
:109CE0001FFA65491A23062209684FF4C0665848CE
:109CF000CDE9004179210CF065FA4FF4A071544888
:109D00000BF0DAFD092152480CF020F95B4950486C
:109D10000BF094FD6422234650214D4800940CF032
:109D20008FFB962223464FF4C871494800940CF0EB
:109D300087FB772379227C2145480CF07FF9504A34
:109D40001D23F0214248CDE900627D220CF0E8F9A4
:109D5000FF233F481A4619460CF070F901213C4890
:109D60000CF0F4F8092322464FF4C87138480094E7
:109D70000CF066FB4FF4A07135480BF09DFD0921F6
:109D800033480CF0E3F89B2131480BF01DFD3D49B1
:109D90002F480BF053FDD1222346D2212C480094AA
:109DA0000CF04EFBD42223464FF4877128480094D0
:109DB0000CF046FBFF2326481A4619460CF03EF9E4
:109DC00031491B23D3222248CDE90061F0210CF058
:109DD000A7F91F480CF0EAFA95F820309B2B02D126
:109DE0002A4B36221A6003B0F0BDCDE90042612152
:109DF000062217480CF0E6F96AE700201A2306222B
:109E0000CDE900014B2112480CF0DCF940E7CDE927
:109E100000410F481B210CF0D5F910E713F070F941
:109E2000092820607FF7D9AE00211A230622CDE948
:109E30000010042128460CF0C5F9E0E614481A2366
:109E40000622CDE900102B2101480CF069F908E742
:109E500020990020308A002030C3002064070020B1
:109E600040C30020C0C2002070070020DCC20020D8
:109E70007807002050C300203CC60020F2F2F20018
:109E8000D4090020D9D9D900F8090020E4C3002062
:109E90006807002070B5584C82B00025574920460D
:109EA0004FF4C0660BF0CAFC092120460CF04EF8B6
:109EB000462251212B46204600950CF0C1FAE6229D
:109EC0002B464FF4C871204600950CF0B9FA772361
:109ED00079227C2120460CF0B1F8494A1C23F32159
:109EE0002046CDE900625F220CF01AF9454A1B2397
:109EF00096212046CDE900527D220CF011F9424A0C
:109F00001B237B212046CDE900529B220CF008F94F
:109F1000FF2320461A4619460CF090F84FF4A07122
:109F200020460BF0C9FC092120460CF00FF8422115
:109F300020460BF049FCCD222B46A521204600955A
:109F40000CF07EFAD0222B46D721204600950CF04B
:109F500077FA772379227C2120460CF06FF82B4A80
:109F60001C23BC212046CDE90062D0220CF0D8F899
:109F7000FF2320461A4619460CF060F84FF4A071F2
:109F800020460BF099FC092120460BF0DFFF43210E
:109F900020460BF019FCCD222B4640F2131120462F
:109FA00000950CF04DFAD0222B4640F24511204688
:109FB00000950CF045FA772379227C2120460CF09D
:109FC0003DF8134A1C234FF495712046CDE90062F9
:109FD000D0220CF0A5F894F82030422B07D0432B68
:109FE00003D10C4A0C4B15601D6002B070BD094BCB
:109FF00001221A6002B070BD20990020F2F2F20036
:10A00000E413002008140020241400204814002029
:10A010004C140020E4C50020E8C500202DE9F041E3
:10A02000B34882B00CF0B8FCB24DB1480AF07AFEE9
:10A03000322014F045FD2B68142B09D8002401347C
:10A04000012014F03DFD2B68192C01D0142BF6D9FA
:10A05000A74C00254FF4C066DFF8D48220460AF0F2
:10A0600029FEFF2320461A4619460BF0A1FC204684
:10A070000BF002FB772379227C2120460BF0DEFFD8
:10A080004FF4A07120460BF017FC092120460BF07D
:10A090005DFF994920460BF0D1FB64225A212B46E3
:10A0A000204600950CF0CCF996222B464FF4C37154
:10A0B000204600950CF0C4F9FF2320461A461946A5
:10A0C0000BF0BCFF012120460BF040FF01232A4684
:10A0D0004FF4C871204600950CF0B2F9A02120463B
:10A0E0000BF0EAFB092120460BF030FF0F21204640
:10A0F0000BF06AFB814920460BF0A0FB04222B46A3
:10A100002046114600950CF09BF923222B4637215F
:10A11000204600950CF094F9FF2320461A46194674
:10A120000BF08CFF764A1B231F212046CDE90062ED
:10A1300014220BF0F5FFFFF7ADFED8F80070012FE9
:10A1400033D0704B1B6813B96F4B04221A606848F8
:10A150000CF02CF994F820300F2B20D0122B02D0C9
:10A1600002B0BDE8F0810020684A4121684BC8F880
:10A1700000008220116067491D6808601A681C6829
:10A180001968654B65481A60654A05605E4B65480D
:10A190001160082204601A6002B0BDE8F0815A4BD9
:10A1A00004221A6002B0BDE8F081FF2320461A465F
:10A1B00019460BF0FDFB20460BF05EFA20464FF4EB
:10A1C000A0710BF079FB204609210BF0BFFE204661
:10A1D00049490BF033FB2B46204664225A21009557
:10A1E0000CF02EF92B46204696224FF4C3710095B1
:10A1F0000CF026F9FF2320461A4619460BF01EFFE5
:10A20000394620460BF0A2FE3B462A4620464FF434
:10A21000C87100950CF014F92046A0210BF04CFBFE
:10A22000204609210BF092FE20460F210BF0CCFABC
:10A23000204632490BF002FB04222B4620461146F1
:10A2400000950CF0FDF82B4620462322372100957F
:10A250000CF0F6F8FF2320461A4619460BF0EEFEE6
:10A26000274B2046142201931F211B2300960BF03D
:10A2700057FF2046772379227C210BF0DFFE2A4B03
:10A280007D222046F021CDE900631D230BF048FF1D
:10A2900020464FF4A0710BF00FFB204609210BF074
:10A2A00055FE204612210BF08FFA204613490BF081
:10A2B000C5FA2B462046D122D72100950CF0C0F8D4
:10A2C0002B462046D42240F2091100950CF0B8F834
:10A2D000FF2320461A4619460BF0B0FE134A1B23F3
:10A2E000F0212046CDE90062D3220BF019FF28E7C8
:10A2F00020990020308A0020F2F2F200D9D9D9004A
:10A3000084070020E8C50020E4C30020A88E0020B8
:10A31000F8C50020AC8E0020E8C20020E4C2002076
:10A32000F0C20020ECC20020501400207014002065
:10A33000E4C50020F0B57B4883B00CF02DFB7A4DCE
:10A3400078480AF0EFFC322014F0BAFB2B68142B8B
:10A3500009D800240134012014F0B2FB2B68192C19
:10A3600001D0142BF6D96F4C00254FF4C0666F4F07
:10A3700020460AF09FFCFF2320461A4619460BF0A0
:10A3800017FB20460BF078F94FF4A07120460BF034
:10A3900093FA092120460BF0D9FD654920460BF0C0
:10A3A0004DFA64225A212B46204600950CF048F8BD
:10A3B00096222B464FF4C371204600950CF040F8CE
:10A3C000772379227C2120460BF038FE594A1D2341
:10A3D000F0212046CDE900627D220BF0A1FEFF2393
:10A3E00020461A4619460BF029FE012120460BF0A3
:10A3F000ADFD02232A464FF4C871204600950CF0AB
:10A400001FF84FF4A07120460BF056FA09212046A0
:10A410000BF09CFD212120460BF0D6F94649204641
:10A420000BF00CFA2B46D122D721204600950CF0D8
:10A4300007F82B46D42240F20911204600950BF074
:10A44000FFFFFF2320461A4619460BF0F7FD3B4B52
:10A45000D322F0212046019300961B230BF060FECF
:10A46000A02120460BF028FA092120460BF06EFDB2
:10A470001E2120460BF0A8F92F4920460BF0DEF9EB
:10A4800004222B462046114600950BF0D9FF2B469F
:10A4900023223721204600950BF0D2FFFF232046D0
:10A4A0001A4619460BF0CAFD254B14221F212046DF
:10A4B000019300961B230BF033FEFFF7EBFC3B6888
:10A4C000012B51D017480BF071FF1E4B1B6813B9BD
:10A4D0001D4B0B221A6094F820301E2B1DD0212B0F
:10A4E00001D003B0F0BD0020184A4021184B38605D
:10A4F0009620116017491D6808601A681C68196861
:10A50000154B16481A60164A05600F4B1548116026
:10A510000F2204601A6003B0F0BD0B4B0B221A60CF
:10A5200003B0F0BD20990020308A0020E4C500204F
:10A53000F2F2F20050140020D9D9D9007014002092
:10A5400084070020E8C50020E4C30020A88E002076
:10A55000F8C50020AC8E0020F0C20020E4C200202C
:10A56000ECC20020E8C20020FF2320461A4619460C
:10A570000BF01EFA20460BF07FF877237922204655
:10A580007C210BF05BFD20464FF4A0710BF094F999
:10A59000204609210BF0DAFC204655490BF04EF914
:10A5A0002B46204664225A2100950BF049FF2B468A
:10A5B000962220464FF4C37100950BF041FF2046D0
:10A5C000A0210BF079F9204609210BF0BFFC2046B1
:10A5D00048490BF033F92B462046042240F2A711DC
:10A5E00000950BF02DFF2B46204623224FF4EF71F0
:10A5F00000950BF025FFFF2320461A4619460BF065
:10A600001DFD3D4B1422204601934FF4E0711B23A6
:10A6100000960BF085FD2046A0210BF04DF9204659
:10A6200009210BF093FC20461E210BF0CDF82046AB
:10A6300032490BF003F904222B46204611460095BF
:10A640000BF0FEFE2B4620462322372100950BF00F
:10A65000F7FEFF2320461A4619460BF0EFFC284B65
:10A66000204614221F21CDE900631B230BF058FD67
:10A670002046772379227C210BF0E0FC214B7D22C0
:10A680002046F021CDE900631D230BF049FD204653
:10A690004FF4A0710BF010F9204609210BF056FC85
:10A6A000204621210BF090F8204614490BF0C6F803
:10A6B0002B462046D122D72100950BF0C1FE2B4618
:10A6C0002046D42240F2091100950BF0B9FEFF2379
:10A6D00020461A4619460BF0B1FC0B4A1B23F02109
:10A6E0002046CDE90062D3220BF01AFDEAE600BF56
:10A6F000F2F2F2003366070078140020D9D9D900AD
:10A700008407002050140020701400202DE9F0412F
:10A71000CF4882B00CF040F9CE4DCD480AF002FB94
:10A72000322014F0CDF92B68142B09D80024013401
:10A73000012014F0C5F92B68192C01D0142BF6D97F
:10A74000C34C00254FF4C066C34F20460AF0B2FA4E
:10A75000FF2320461A4619460BF02AF920460AF034
:10A760008BFF4FF4A07120460BF0A6F8092120467C
:10A770000BF0ECFBB94920460BF060F864225A213B
:10A780002B46204600950BF05BFE96222B464FF49D
:10A79000C371204600950BF053FE772379227C216C
:10A7A00020460BF04BFCAE4A1D23F0212046CDE99C
:10A7B00000627D220BF0B4FCFF2320461A461946A6
:10A7C0000BF03CFC012120460BF0C0FB03232A4682
:10A7D0004FF4C871204600950BF032FE4FF4A07183
:10A7E00020460BF069F8092120460BF0AFFB2F2122
:10A7F00020460AF0E9FF9B4920460BF01FF82B4644
:10A80000D122D721204600950BF01AFE2B46D422E8
:10A8100040F20911204600950BF012FEFF2320465E
:10A820001A4619460BF00AFC8F4BD322F021204622
:10A83000019300961B230BF073FCA02120460BF024
:10A840003BF8092120460BF081FB2C2120460AF021
:10A85000BBFF844920460AF0F1FF04222B46204624
:10A86000114600950BF0ECFD2B46232237212046A4
:10A8700000950BF0E5FDFF2320461A4619460BF024
:10A88000DDFB7A4B14221F212046019300961B23E7
:10A890000BF046FCFFF7FEFAD7F80080B8F1010F85
:10A8A00032D0734B1B6813B9724B12221A6068487E
:10A8B0000BF07CFD94F820302C2B1FD02F2B02D0D6
:10A8C00002B0BDE8F08100206B4A34216B4B386048
:10A8D0006E2011606A491D6808601A681C68196852
:10A8E000684B69481A60694A0560624B68481160A4
:10A8F000162204601A6002B0BDE8F0815D4B12229E
:10A900001A6002B0BDE8F081FF2320461A461946BE
:10A910000BF04EF820460AF0AFFE20464FF4A0712F
:10A920000AF0CAFF204609210BF010FB20464B49D4
:10A930000AF084FF2B46204664225A2100950BF032
:10A940007FFD2B46204696224FF4C37100950BF0F5
:10A9500077FDFF2320461A4619460BF06FFB414650
:10A9600020460BF0F3FA2A46032320464FF4C87121
:10A9700000950BF065FD2046A0210AF09DFF2046C2
:10A9800009210BF0E3FA20462C210AF01DFF204696
:10A9900034490AF053FF04222B4620461146009505
:10A9A0000BF04EFD2B4620462322372100950BF05D
:10A9B00047FDFF2320461A4619460BF03FFB2B4B61
:10A9C000204614221F21CDE900631B230BF0A8FBB6
:10A9D0002046772379227C210BF030FB204B7D220F
:10A9E0002046F021CDE900631D230BF099FB2046A2
:10A9F0004FF4A0710AF060FF204609210BF0A6FA7F
:10AA000020462F210AF0E0FE204616490AF016FFE4
:10AA10002B462046D122D72100950BF011FD2B4665
:10AA20002046D42240F2091100950BF009FDFF23C6
:10AA300020461A4619460BF001FB0B4A1B23F02156
:10AA40002046CDE90062D3220BF06AFB29E700BF64
:10AA500020990020308A0020E4C50020F2F2F200A4
:10AA600050140020D9D9D900701400208407002088
:10AA7000E8C50020E4C30020A88E0020F8C500200F
:10AA8000AC8E0020E8C20020E4C20020F0C200200A
:10AA9000ECC200202DE9F041B34882B00BF07CFFFE
:10AAA000B24DB1480AF03EF9322014F009F82B6893
:10AAB000142B09D800240134012014F001F82B686C
:10AAC000192C01D0142BF6D9A74C00254FF4C066E1
:10AAD000A74F20460AF0EEF8FF2320461A461946F3
:10AAE0000AF066FF20460AF0C7FD772379227C2111
:10AAF00020460BF0A3FA4FF4A07120460AF0DCFECA
:10AB0000092120460BF022FA9A4920460AF096FEC7
:10AB100064225A212B46204600950BF091FC962288
:10AB20002B464FF4C371204600950BF089FCFF23A0
:10AB300020461A4619460BF081FA012120460BF0F7
:10AB400005FA06232A464FF4C871204600950BF0FB
:10AB500077FCA02120460AF0AFFE092120460BF029
:10AB6000F5F9AD2120460AF02FFE834920460AF070
:10AB700065FE04222B462046114600950BF060FC32
:10AB800023222B463721204600950BF059FCFF234A
:10AB900020461A4619460BF051FA784A1B231F210A
:10ABA0002046CDE9006214220BF0BAFAFFF772F9E1
:10ABB000D7F80080B8F1010F32D0714B1B6813B980
:10ABC000704B19221A6068480BF0F0FB94F82030A3
:10ABD0003D2B0AD0AD2B02D002B0BDE8F081694B0D
:10ABE00019221A6002B0BDE8F0810020664A4121B6
:10ABF000664B38608220116065491D6808601A68DC
:10AC00001C681968634B64481A60644A05605D4BB0
:10AC1000634811601D2204601A6002B0BDE8F08133
:10AC2000FF2320461A4619460AF0C2FE20460AF0C3
:10AC300023FD20464FF4A0710AF03EFE2046092174
:10AC40000BF084F920464B490AF0F8FD2B462046CC
:10AC500064225A2100950BF0F3FB2B4620469622E6
:10AC60004FF4C37100950BF0EBFBFF2320461A460F
:10AC700019460BF0E3F9414620460BF067F92A46E6
:10AC8000062320464FF4C87100950BF0D9FB2046EF
:10AC9000A0210AF011FE204609210BF057F92046A9
:10ACA000AD210AF091FD204633490AF0C7FD042288
:10ACB0002B462046114600950BF0C2FB2B46204642
:10ACC0002322372100950BF0BBFBFF2320461A46B9
:10ACD00019460BF0B3F9294B2046142201931F218A
:10ACE0001B2300960BF01CFA2046772379227C2147
:10ACF0000BF0A4F92B4B7D222046F021CDE9006317
:10AD00001D230BF00DFA20464FF4A0710AF0D4FD7C
:10AD1000204609210BF01AF920463D210AF054FD86
:10AD2000204615490AF08AFD2B462046D122D7211C
:10AD300000950BF085FB2B462046D42240F20911EA
:10AD400000950BF07DFBFF2320461A4619460BF0B9
:10AD500075F9154A1B23F0212046CDE90062D32264
:10AD60000BF0DEF929E700BF20990020308A00208F
:10AD7000E4C50020F2F2F200D9D9D90084070020FE
:10AD8000E8C50020E4C30020A88E0020F8C50020FC
:10AD9000AC8E0020E8C20020E4C20020F0C20020F7
:10ADA000ECC2002050140020701400202DE9F04166
:10ADB000B34882B00BF0F0FDB24DB14809F0B2FFDC
:10ADC000322013F07DFE2B68142B09D800240134A7
:10ADD000012013F075FE2B68192C01D0142BF6D925
:10ADE000A74C00254FF4C066A74F204609F062FF2C
:10ADF000FF2320461A4619460AF0DAFD20460AF0DB
:10AE00003BFC772379227C2120460BF017F94FF485
:10AE1000A07120460AF050FD092120460BF096F85B
:10AE20009A4920460AF00AFD64225A212B46204600
:10AE300000950BF005FB96222B464FF4C37120467C
:10AE400000950BF0FDFAFF2320461A4619460BF039
:10AE5000F5F8012120460BF079F80A232A464FF431
:10AE6000C871204600950BF0EBFAA02120460AF0AD
:10AE700023FD092120460BF069F8CF2120460AF076
:10AE8000A3FC834920460AF0D9FC04222B46204625
:10AE9000114600950BF0D4FA23222B463721204689
:10AEA00000950BF0CDFAFF2320461A4619460BF009
:10AEB000C5F8784A1B231F212046CDE900621422E1
:10AEC0000BF02EF9FEF7E6FFD7F80080B8F1010F7E
:10AED00032D0714B1B6813B9704B3A221A60684824
:10AEE0000BF064FA94F82030CF2B1FD0D22B02D075
:10AEF00002B0BDE8F0810020694A4121694B386009
:10AF00008220116068491D6808601A681C68196809
:10AF1000664B67481A60674A0560604B6648116077
:10AF20003E2204601A6002B0BDE8F0815B4B3A2219
:10AF30001A6002B0BDE8F081FF2320461A46194688
:10AF40000AF036FD20460AF097FB20464FF4A07128
:10AF50000AF0B2FC204609210AF0F8FF20464B49CE
:10AF60000AF06CFC2B46204664225A2100950BF017
:10AF700067FA2B46204696224FF4C37100950BF0DA
:10AF80005FFAFF2320461A4619460BF057F8414650
:10AF900020460AF0DBFF2A460A2320464FF4C871F8
:10AFA00000950BF04DFA2046A0210AF085FC2046C2
:10AFB00009210AF0CBFF2046CF210AF005FC2046EC
:10AFC00033490AF03BFC04222B46204611460095EB
:10AFD0000BF036FA2B4620462322372100950BF042
:10AFE0002FFAFF2320461A4619460BF027F8294B63
:10AFF0002046142201931F211B2300960BF090F88A
:10B000002046772379227C210BF018F82B4B7D22E8
:10B010002046F021CDE900631D230BF081F8204686
:10B020004FF4A0710AF048FC204609210AF08EFF77
:10B030002046D2210AF0C8FB204615490AF0FEFB43
:10B040002B462046D122D72100950BF0F9F92B464B
:10B050002046D42240F2091100950BF0F1F9FF23AC
:10B0600020461A4619460AF0E9FF154A1B23F0212B
:10B070002046CDE90062D3220BF052F829E700BF49
:10B0800020990020308A0020E4C50020F2F2F2006E
:10B09000D9D9D90084070020E8C50020E4C30020E6
:10B0A000A88E0020F8C50020AC8E0020E8C2002049
:10B0B000E4C20020F0C20020ECC2002050140020A6
:10B0C000701400202DE9F041CF4882B00BF064FCF1
:10B0D000CE4DCD4809F026FE322013F0F1FC2B684E
:10B0E000142B09D800240134012013F0E9FC2B684B
:10B0F000192C01D0142BF6D9C34C00254FF4C0668F
:10B10000C34F204609F0D6FDFF2320461A461946B4
:10B110000AF04EFC20460AF0AFFA4FF4A071204628
:10B120000AF0CAFB092120460AF010FFB94920465F
:10B130000AF084FB64225A212B46204600950BF02E
:10B140007FF996222B464FF4C371204600950BF0F1
:10B1500077F9772379227C2120460AF06FFFAE4AE7
:10B160001D23F0212046CDE900627D220AF0D8FFA0
:10B17000FF2320461A4619460AF060FF01212046A7
:10B180000AF0E4FE05232A464FF4C87120460095D4
:10B190000BF056F94FF4A07120460AF08DFB0921FF
:10B1A00020460AF0D3FE8B2120460AF00DFB9B4976
:10B1B00020460AF043FB2B46D122D721204600959A
:10B1C0000BF03EF92B46D42240F20911204600959F
:10B1D0000BF036F9FF2320461A4619460AF02EFFD7
:10B1E0008F4BD322F0212046019300961B230AF0B7
:10B1F00097FFA02120460AF05FFB092120460AF0B4
:10B20000A5FE882120460AF0DFFA844920460AF08C
:10B2100015FB04222B462046114600950BF010F931
:10B220002B4623223721204600950BF009F9FF23F6
:10B2300020461A4619460AF001FF7A4B14221F21B4
:10B240002046019300961B230AF06AFFFEF722FEB8
:10B25000D7F80080B8F1010F32D0734B1B6813B9D7
:10B26000724B2F221A6068480BF0A0F894F8203037
:10B27000882B1FD08B2B02D002B0BDE8F0810020BC
:10B280006B4A34216B4B38606E2011606A491D682F
:10B2900008601A681C681968684B69481A60694A2E
:10B2A0000560624B68481160332204601A6002B086
:10B2B000BDE8F0815D4B2F221A6002B0BDE8F0813D
:10B2C000FF2320461A4619460AF072FB20460AF070
:10B2D000D3F920464FF4A0710AF0EEFA2046092176
:10B2E0000AF034FE20464B490AF0A8FA2B462046C5
:10B2F00064225A2100950BF0A3F82B462046962293
:10B300004FF4C37100950BF09BF8FF2320461A46BB
:10B3100019460AF093FE414620460AF017FE2A46D7
:10B32000052320464FF4C87100950BF089F820469C
:10B33000A0210AF0C1FA204609210AF007FE2046A2
:10B3400088210AF041FA204634490AF077FA0422AB
:10B350002B462046114600950BF072F82B462046EE
:10B360002322372100950BF06BF8FF2320461A4665
:10B3700019460AF063FE2B4B204614221F21CDE90B
:10B3800000631B230AF0CCFE2046772379227C2120
:10B390000AF054FE204B7D222046F021CDE90063C7
:10B3A0001D230AF0BDFE20464FF4A0710AF084FA76
:10B3B000204609210AF0CAFD20468B210AF004FA32
:10B3C000204616490AF03AFA2B462046D122D721C8
:10B3D00000950BF035F82B462046D42240F2091197
:10B3E00000950BF02DF8FF2320461A4619460AF067
:10B3F00025FE0B4A1B23F0212046CDE90062D32213
:10B400000AF08EFE29E700BF20990020308A002034
:10B41000E4C50020F2F2F20050140020D9D9D9007E
:10B420007014002084070020E8C50020E4C3002039
:10B43000A88E0020F8C50020AC8E0020E8C20020B5
:10B44000E4C20020F0C20020ECC200202DE9F0414F
:10B45000824882B00BF0A0FA814D804809F062FC6E
:10B46000322013F02DFB2B68142B09D80024013453
:10B47000012013F025FB2B68192C01D0142BF6D9D1
:10B48000764C00254FF4C066764F204609F012FC3A
:10B49000FF2320461A4619460AF08AFA20460AF087
:10B4A000EBF84FF4A07120460AF006FA0921204675
:10B4B0000AF04CFD6C4920460AF0C0F964225A217A
:10B4C0002B46204600950AF0BBFF96222B464FF4F0
:10B4D000C371204600950AF0B3FF772379227C21BF
:10B4E00020460AF0ABFD614A1D23F0212046CDE93C
:10B4F00000627D220AF014FEFF2320461A461946F8
:10B500000AF09CFD012120460AF020FD09232A466D
:10B510004FF4C871204600950AF092FF4FF4A071D5
:10B5200020460AF0C9F9092120460AF00FFD9A21A8
:10B5300020460AF049F94E4920460AF07FF92B4689
:10B54000D122D721204600950AF07AFF2B46D4223B
:10B5500040F20911204600950AF072FFFF232046B1
:10B560001A4619460AF06AFD424BD322F0212046C2
:10B57000019300961B230AF0D3FDA02120460AF078
:10B580009BF9092120460AF0E1FC942120460AF0AB
:10B590001BF9374920460AF051F904222B46204670
:10B5A000114600950AF04CFF2B46232237212046F6
:10B5B00000950AF045FFFF2320461A4619460AF077
:10B5C0003DFD2D4B14221F212046019300961B2385
:10B5D0000AF0A6FDFEF75EFCD7F80080B8F1010F77
:10B5E00062D0264B1B6813B9254B29221A601B48D1
:10B5F0000AF0DCFE94F82030942B29D09A2B02D04C
:10B6000002B0BDE8F0811F4B1F4A1B689B01D35855
:10B61000002B00F0EC80012B05D11C4934201C4B81
:10B62000802208601A601B4B00201B491C681B4AC3
:10B630000C6019681C6811601968194A104B386051
:10B640001160362217481A60046002B0BDE8F0812C
:10B650000B4B2B221A6002B0BDE8F081209900202C
:10B66000308A0020E4C50020F2F2F20050140020DD
:10B67000D9D9D9007014002084070020E8C5002023
:10B68000E4C3002078C3002030880020A88E00206A
:10B69000AC8E0020F8C50020E4C20020F0C20020DB
:10B6A000ECC20020E8C20020FF2320461A461946BB
:10B6B0000AF07EF9204609F0DFFF20464FF4A07122
:10B6C0000AF0FAF8204609210AF040FC20464B49CE
:10B6D0000AF0B4F82B46204664225A2100950AF05D
:10B6E000AFFE2B46204696224FF4C37100950AF018
:10B6F000A7FEFF2320461A4619460AF09FFC414642
:10B7000020460AF023FC2A46092320464FF4C8713C
:10B7100000950AF095FE2046A0210AF0CDF82046BB
:10B7200009210AF013FC204694210AF04DF8204626
:10B7300033490AF083F804222B462046114600952F
:10B740000AF07EFE2B4620462322372100950AF080
:10B7500077FEFF2320461A4619460AF06FFC294B54
:10B76000204614221F21CDE900631B230AF0D8FCD8
:10B770002046772379227C210AF060FC224B7D222F
:10B780002046F021CDE900631D230AF0C9FC2046C4
:10B790004FF4A0710AF090F8204609210AF0D6FB78
:10B7A00020469A210AF010F8204615490AF046F87A
:10B7B0002B462046D122D72100950AF041FE2B4688
:10B7C0002046D42240F2091100950AF039FEFF23E9
:10B7D00020461A4619460AF031FC0C4A1B23F02178
:10B7E0002046CDE90062D3220AF09AFCF9E6084926
:10B7F0004020084B962208601A6014E7F2F2F2002B
:10B80000D9D9D900840700205014002070140020DA
:10B81000A88E0020AC8E002070B5B04884B00BF02C
:10B82000BBF8AF4DAD4809F07DFA322013F048F96E
:10B830002B68142B09D800240120013413F040F99F
:10B840002B68142B01D8192CF6D1A44C00254FF4E9
:10B85000C066204609F02EFAFF2320461A461946F4
:10B860000AF0A6F8204609F007FF9E49204609F095
:10B87000E5FF4FF4A07120460AF01EF8092120468A
:10B880000AF064FB32223D212B46204600950AF047
:10B89000D7FDE6222B464FF4D271204600950AF0E0
:10B8A000CFFD772379227C2120460AF0C7FB8E4A00
:10B8B0001D23F3212046CDE900623C220AF030FC32
:10B8C0008A4A1C23F0212046CDE9006269220AF051
:10B8D00027FC874A1B2396212046CDE900527D2272
:10B8E0000AF01EFC834A1B2396212046CDE9005214
:10B8F0009B220AF015FCFF2320461A4619460AF03F
:10B900009DFB4FF4A071204609F0D6FF0921204687
:10B910000AF01CFB4821204609F056FFCD222B4699
:10B92000A521204600950AF08BFDD0222B46D72179
:10B93000204600950AF084FD772379227C21204659
:10B940000AF07CFB6C4A1C23BC212046CDE9006236
:10B95000D0220AF0E5FBFF2320461A4619460AF0DA
:10B960006DFB4FF4A071204609F0A6FF0921204687
:10B970000AF0ECFA4921204609F026FFCD222B4699
:10B9800040F21311204600950AF05AFDD0222B46B2
:10B9900040F24511204600950AF052FD77237922A6
:10B9A0007C2120460AF04AFB544A1C234FF495712F
:10B9B0002046CDE90062D0220AF0B2FB20460AF010
:10B9C000F5FC94F82030482B5FD0492B5BD14C4CD0
:10B9D0002368083B362B4ED8DFE813F073004D0088
:10B9E0004D004D004D004D004D00AC004D004D0090
:10B9F0004D004D004D004D00C3004D004D004D0069
:10BA00004D004D004D00D0004D004D004D004D004B
:10BA10004D004D004D004D004D004D004D004D00BE
:10BA20004D004D004D004D004D004D004D004D00AE
:10BA30004D00DD004D004D0037004D004D004D0024
:10BA40004D004D004D004D006600012504224FF4CD
:10BA5000A66103A80026039513F024FB042203A883
:10BA600040F23C51039613F01DFB264B264A1D6005
:10BA7000264B15601E600021642013F073FA00232A
:10BA8000234A2360136004B070BD224B0124224975
:10BA90001D600968214B1A4A1960214812681C4B25
:10BAA00004601A6004B070BD0125042240F23451D4
:10BAB00003A8039513F0F6FA1A4A1B4B15601D6094
:10BAC000D9E70125042240F21C5103A8039513F085
:10BAD000E9FA164A164B15601D60CCE72099002044
:10BAE000308A0020F2F2F20084140020901400202A
:10BAF000B8140020D0140020481400204C1400205A
:10BB0000E8C30020088D00200C8D002010C6002006
:10BB1000E4C30020ECC50020F8C50020F0C20020DE
:10BB2000F0C500202C8D0020288D00201C8D0020C9
:10BB3000188D0020012504224FF4A46103A80026DB
:10BB4000039513F0AFFA042203A84FF4A7610396FC
:10BB500013F0A8FA164B174A1D60174B15601E60AC
:10BB600089E70125042240F2245103A8039513F02C
:10BB700099FA124A124B15601D607CE701250422D8
:10BB80004FF4A56103A8039513F08CFA0D4A0E4BF0
:10BB900015601D606FE70125042240F22C5103A8B7
:10BBA000039513F07FFA094A094B15601D6062E79F
:10BBB000008D0020048D00200CC60020148D002074
:10BBC000108D0020388D0020348D0020248D002021
:10BBD000208D002070B5584C82B000255749204672
:10BBE0004FF4C06609F02AFE092120460AF0AEF99A
:10BBF000462251212B46204600950AF021FCE622E0
:10BC00002B464FF4C871204600950AF019FC7723A3
:10BC100079227C2120460AF011FA494A1C23F3219B
:10BC20002046CDE900625F220AF07AFA454A1B23DA
:10BC3000AA212046CDE900527D220AF071FA424A3B
:10BC40001B238C212046CDE900529B220AF068FA82
:10BC5000FF2320461A4619460AF0F0F94FF4A07166
:10BC6000204609F029FE092120460AF06FF94421F7
:10BC7000204609F0A9FDCD222B46A521204600959E
:10BC80000AF0DEFBD0222B46D721204600950AF091
:10BC9000D7FB772379227C2120460AF0CFF92B4A63
:10BCA0001C23BC212046CDE90062D0220AF038FADC
:10BCB000FF2320461A4619460AF0C0F94FF4A07136
:10BCC000204609F0F9FD092120460AF03FF94521F7
:10BCD000204609F079FDCD222B4640F21311204673
:10BCE00000950AF0ADFBD0222B4640F245112046CC
:10BCF00000950AF0A5FB772379227C2120460AF0E3
:10BD00009DF9134A1C234FF495712046CDE900623A
:10BD1000D0220AF005FA94F82030442B08D0452BA5
:10BD200004D10C4901220C4B0D601A6002B070BDA9
:10BD3000094B1D6002B070BD20990020F2F2F200A4
:10BD4000E4130020E814002000150020481400200F
:10BD50004C1400201CC3002020C3002070B5584C98
:10BD600082B00025574920464FF4C06609F066FDB1
:10BD7000092120460AF0EAF8462251212B462046A6
:10BD800000950AF05DFBE6222B464FF4C871204671
:10BD900000950AF055FB772379227C2120460AF092
:10BDA0004DF9494A1C23F3212046CDE900625F2268
:10BDB0000AF0B6F9454A1B23AA212046CDE90052D4
:10BDC0007D220AF0ADF9424A1B23AA212046CDE983
:10BDD00000529B220AF0A4F9FF2320461A46194676
:10BDE0000AF02CF94FF4A071204609F065FD0921F5
:10BDF00020460AF0ABF84621204609F0E5FCCD22AA
:10BE00002B46A521204600950AF01AFBD0222B468E
:10BE1000D721204600950AF013FB772379227C2155
:10BE200020460AF00BF92B4A1C23BC212046CDE901
:10BE30000062D0220AF074F9FF2320461A46194600
:10BE40000AF0FCF84FF4A071204609F035FD0921F5
:10BE500020460AF07BF84721204609F0B5FCCD22A8
:10BE60002B4640F21311204600950AF0E9FAD02241
:10BE70002B4640F24511204600950AF0E1FA77235F
:10BE800079227C2120460AF0D9F8134A1C234FF46A
:10BE900095712046CDE90062D0220AF041F994F86C
:10BEA0002030462B08D0472B04D10C4901220C4BE3
:10BEB0000D601A6002B070BD094B1D6002B070BD0C
:10BEC00020990020F2F2F200E4130020E814002090
:10BED00020150020481400204C140020ECC5002040
:10BEE000F0C5002070B53C4C82B000253B4920468F
:10BEF0004FF4C06609F0A2FC092120460AF026F89A
:10BF0000462251212B46204600950AF099FAE62256
:10BF10002B464FF4C871204600950AF091FA77231A
:10BF200079227C2120460AF089F82D4A1C23F02131
:10BF30002046CDE900625F220AF0F2F8294A1B236D
:10BF40006E212046CDE900527D220AF0E9F8264A0A
:10BF50001B23B4212046CDE9005291220AF0E0F8DB
:10BF6000FF2320461A4619460AF068F84FF4A071DC
:10BF7000204609F0A1FC0921204609F0E7FF9E2197
:10BF8000204609F021FCCD222B46DC2120460095DD
:10BF90000AF056FAD0222B464FF4877120460095BE
:10BFA0000AF04EFA772379227C2120460AF046F8DF
:10BFB0000E4A1C23F5212046CDE90062CF220AF06B
:10BFC000AFF894F820309E2B04D109492622094B62
:10BFD0000D601A6002B070BD20990020F2F2F200EC
:10BFE00038150020581500207C1500208C150020E5
:10BFF000D4C20020E4C3002030B5AC4883B00AF0BE
:10C00000CBFCAB4DA94808F08DFE322012F058FD54
:10C010002B68142B09D800240120013412F050FDA4
:10C020002B68142B01D8192CF6D1A0484FF4C06509
:10C0300008F040FEFF239D4800241A46194609F0E7
:10C04000B7FC9A4809F018FB772379227C2197489E
:10C0500009F0F4FF97481E232022F021CDE900507B
:10C0600092480AF05DF84FF47F41904809F00CFFC8
:10C07000FF238E481A46194609F0E0FF01218B483C
:10C0800009F064FF092322464FF4C87187480094E1
:10C090000AF0D6F98849854809F0D0FBC0218348C9
:10C0A00009F092FB4FF48C71804809F005FC0321E4
:10C0B0007E4809F04BFF6C2223466E217B4800949A
:10C0C0000AF0BEF96C2223464FF4B9717748009408
:10C0D0000AF0B6F9FF2375481A46194609F0AEFF73
:10C0E00076491B236C227148CDE90051FA210AF0F0
:10C0F00017F871496D4809F0A1FBC3216B4809F09D
:10C1000063FB4FF48C71694809F0D6FB0321674843
:10C1100009F01CFFB42223467D21644800940AF0F4
:10C120008FF9B422234640F26311604800940AF06C
:10C1300087F9FF235D481A46194609F07FFF6049D9
:10C140001B23B4225948CDE90051F12109F0E8FF41
:10C15000A021564809F0B0FB0921544809F0F6FE29
:10C160005B21524809F030FB5349504809F066FB07
:10C17000EB22234640F2A9114C4800940AF060F9E2
:10C180004FF4857223464FF4EE71484800940AF04C
:10C1900057F9FF2345481A46194609F04FFF494908
:10C1A0001B23FA224148CDE9005140F2C11109F0A8
:10C1B000B7FFA0213D4809F07FFB09213B4809F06A
:10C1C000C5FEAF21394809F0FFFA3B49374809F06D
:10C1D00035FB042223463548114600940AF030F915
:10C1E000232223463721314800940AF029F9FF23FE
:10C1F0002E481A46194609F021FF33481B23142202
:10C200001F21CDE90050294809F08AFF2F4B1B68F8
:10C21000012B15D0254C20460AF0C8F894F82030A0
:10C22000C22B06D8BF2B0ED9294B27221A6003B088
:10C2300030BDC32BFBD1264B28221A6003B030BD82
:10C24000FFF750FEE6E75B2B29D1224B224A1B6801
:10C25000224902EB83121369D469906A2344526B1A
:10C26000034413448B4202D81D4B01221A604FF441
:10C27000A07240F23B71184812F014FFDC2240F229
:10C280005F61184812F00EFF0A2240F69801164826
:10C2900012F008FF0E4B29221A6003B030BDAF2BFD
:10C2A000C5D10B4B3F221A6003B030BD209900204E
:10C2B000308A002068090020D9D9D90094150020BF
:10C2C000CC1300207C07002084070020D4C200206B
:10C2D000E4C3002078C30020308800207F51010093
:10C2E000D8C2002048C40020C8C2002070B53C4C11
:10C2F00082B000253B4920464FF4C06609F09EFA03
:10C300000921204609F022FE462228212B462046FC
:10C3100000950AF095F8DC222B464FF4DC7120469C
:10C3200000950AF08DF8772379227C21204609F0C8
:10C3300085FE2D4A1C23F0212046CDE900624B22C8
:10C3400009F0EEFE294A1B236E212046CDE900525A
:10C35000692209F0E5FE264A1B23B4212046CDE9D7
:10C360000052822209F0DCFEFF2320461A461946BD
:10C3700009F064FE4FF4A071204609F09DFA0921EE
:10C38000204609F0E3FD9F21204609F01DFAB9225D
:10C390002B46DC21204600950AF052F8BC222B46A1
:10C3A0004FF48771204600950AF04AF877237922E6
:10C3B0007C21204609F042FE0E4A1C23F52120462E
:10C3C000CDE90062BB2209F0ABFE94F820309F2B30
:10C3D00004D109492622094B0D601A6002B070BDD4
:10C3E00020990020F2F2F200A41500205815002038
:10C3F0007C1500208C150020D8C20020E4C300204A
:10C400002DE9F047704882B00AF0C6FA6F4D6E48C9
:10C4100008F088FC322012F053FB2B68142B09D84B
:10C4200000240120013412F04BFB2B68142B01D89F
:10C43000192CF6D1644D0024654E4FF4C06828468F
:10C44000644F08F037FCFF2328461A46194609F0C6
:10C45000AFFA284609F010F9772379227C21284683
:10C4600009F0ECFDFF2328461A46194609F0E6FDBF
:10C470000121284609F06AFD224609234FF4C871BC
:10C480002846009409F0DCFF4FF4A071284609F01B
:10C4900013FA0921284609F059FD4F49284609F0A9
:10C4A000CDF92346462232212846009409F0C8FFE0
:10C4B0002346C82240F2AD112846009409F0C0FF7F
:10C4C000772379227C21284609F0B8FD32684D2176
:10C4D000424B284601FB02331A22F021CDE90083AA
:10C4E0001E2309F01DFE3E4B49225F212846CDE95F
:10C4F0000083182309F014FE3A4B6922682128466C
:10C50000CDE900831B2309F00BFE33681B225F215A
:10C5100007EB8313A32093ED010AF2F7F1FD324AF2
:10C520001B2300940192C3215F22284609F0F8FDE5
:10C5300033689B01FC58002C62D12C4A1A235021ED
:10C54000284601927D22CDF8008009F0E9FD33688C
:10C550007422642107EB83132846D3ED037A1A2350
:10C560000094FCEEE77ACDED017A09F02BFE204A2B
:10C570001A237B21284601920094742209F0D0FDF1
:10C580001C4B316840F2B63033F81130A3F132025F
:10C5900092B2824200F2208307EE903A9FED167A23
:10C5A000F8EEE77A87EE870A1A227421AA20F2F7BA
:10C5B000A7FD124A0023C8210348CDE900321A23FF
:10C5C000742209F0ADFD48E020990020308A002057
:10C5D00078C3002030880020F2F2F2009C8D002009
:10C5E00038090020CC15002010100020D81500209C
:10C5F000E0150020C8C2002000007A444C11002041
:10C60000CD4A1B236821284601927D22CDF8008067
:10C6100009F086FDC94B316840F2B63033F811306D
:10C62000A3F1320292B2824200F2DD8207EE903A2A
:10C630009FEDC37AF8EEE77A87EE870A1B22732113
:10C64000AA20F2F75DFDBF4A0023C821BE48CDE90C
:10C6500000321B23732209F063FDBC4A4FF4C06310
:10C660004C21B9480024DFF8F8A2DFF8F892DFF88F
:10C67000F882CDE9003218239D2209F051FDB2481D
:10C6800009F06AF8332366220721AF4809F0D6FC87
:10C690001023B6224221AC48CDE9004A09F040FD02
:10C6A000A94809F059F8332366220721A64809F062
:10C6B000C5FC1223B1227F21A3480094CDF8049039
:10C6C00009F02EFD1223B2229C219F480094CDF840
:10C6D000048009F025FD9C4809F006F83368B6226D
:10C6E0006C2107EB831398485B69CDE90043102365
:10C6F00009F068FD3368B6228C2107EB831392485A
:10C700009B69CDE90043102309F05CFD8E4808F0D9
:10C71000EBFF8D4809F020F856231722BD218A48E7
:10C7200009F08CFC8A4BC4224221874801931023D4
:10C73000009409F0F5FC1223BF227F218248CDE945
:10C74000004909F0EDFC1223C2229C217E48CDE96C
:10C75000004809F0E5FC3368C4226C2107EB831321
:10C760007948DB6ACDE90043102309F02BFD3368DB
:10C77000C4228C2107EB831373481B6BCDE9004364
:10C78000102309F01FFD704808F0AEFF6E4808F056
:10C79000E3FF3323662207216B4809F04FFC102387
:10C7A000D22242216848CDE9004A09F0B9FC12239F
:10C7B000CD227F216448CDE9004909F0B1FC122364
:10C7C000CE229C216048CDE9004809F0A9FC3368DD
:10C7D000D2226C2107EB83135B481B6ACDE900432F
:10C7E000102309F0EFFC3368D2228C2107EB83136E
:10C7F00055485B6ACDE90043102309F0E3FC524839
:10C8000008F072FF504808F0A7FF772379227C21B7
:10C810004D4809F013FC4F4BC422AF214A48019305
:10C820001023009409F07CFC1223BF22EA21464821
:10C83000CDE9004909F074FC1223C22240F209112B
:10C840004148CDF80480009409F06AFC3368C422A2
:10C85000D72107EB83133C489B6BCDE900431023A2
:10C8600009F0B0FC3368C422F72107EB8313364884
:10C87000DB6BCDE90043102309F0A4FC324808F03B
:10C8800033FF33689B01FE58002E00F0C480012E58
:10C8900010D1FF232C481A46194609F0CFFB314628
:10C8A000294809F053FB07236222F021264800940F
:10C8B00009F0C6FDA021244808F0FEFF0921224806
:10C8C000002409F043FB90211F484FF4C06608F094
:10C8D0007BFF21491C4808F0B1FFEB2240F2A9116F
:10C8E00023461948009409F0ABFD4FF485722346A6
:10C8F0004FF4EE711448009409F0A2FDFF23124892
:10C900001A46194609F09AFB144A1B2340F2C1113A
:10C910000D48CDE90062FA2209F002FCA0210A4884
:10C9200008F0CAFF0921084809F010FB91210648C8
:10C9300008F04AFF1AE000BFE4150020C8C200203A
:10C9400000007A444C110020209900206809002042
:10C95000F8150020CC130020D9D9D9007C0700207D
:10C96000F015002074180020F4150020A449A548F3
:10C9700008F064FF04222346A2481146009409F0FF
:10C980005FFD2322234637219E48009409F058FD7D
:10C99000FF239C481A46194609F050FB9A491B236D
:10C9A00014229848CDE900611F2109F0B9FB974B8B
:10C9B0001B68012B00F00D819248002409F0F6FC61
:10C9C0009349944801230C60002493490460072490
:10C9D00092480C60662492490460332491480C60AC
:10C9E000402491490460962495F820200C608F48DB
:10C9F000912A8F4903600B6007D0902A02D18D4B9A
:10CA00002B221A6002B0BDE8F0878A4B23221A60FD
:10CA100002B0BDE8F087772379227C21794809F0BC
:10CA20000DFB1021774808F047FF0421754809F0F5
:10CA30008DFA33469222FA217248009609F000FDE1
:10CA40003346922240F209116E48009609F0F8FC34
:10CA500033466B2240F209116A48009609F0F0FC57
:10CA600033466B224FF487716648009609F0E8FC64
:10CA7000334692224FF487716248009609F0E0FC39
:10CA80003346922240F213115E48009609F0D8FC1A
:10CA900033466B2240F213115A48009609F0D0FC3D
:10CAA00033466B224FF48C715648009609F0C8FC4F
:10CAB000334692224FF48C715248009609F0C0FC24
:10CAC0003346922240F21D114E48009609F0B8FC00
:10CAD00033466B2240F21D114A48009609F0B0FC23
:10CAE00033466B224FF491714648009609F0A8FC3A
:10CAF000334692224FF491714248009609F0A0FC0F
:10CB00003346922240F24F113E48009609F098FCBD
:10CB100033466B2240F24F113A48009609F090FCE0
:10CB200033466B224FF4AA713648009609F088FC10
:10CB3000334692224FF4AA713248009609F080FCE5
:10CB40003346922240F259112E48009609F078FCA3
:10CB500033466B2240F259112A48009609F070FCC6
:10CB600033466B224FF4AF712648009609F068FCFB
:10CB7000334692224FF4AF712248009609F060FCD0
:10CB80003346922240F263111E48009609F058FC89
:10CB900033466B2240F263111A48009609F050FCAC
:10CBA00033466B224FF4B4711648009609F048FCE6
:10CBB000334692224FF4B4711248009609F040FCBB
:10CBC000922233464FF4D9710E48009609F038FC92
:10CBD00070E6FFF78BFBEFE689017B58012B09D04C
:10CBE0009FED150AE0E489017B58012B05D09FEDEC
:10CBF000120A23E59FED110AD6E49FED100A1DE508
:10CC0000D9D9D9002099002084070020D8C200205B
:10CC1000F4C300202CC60020F48C0020F88C0020E7
:10CC2000FC8C0020A88E0020AC8E0020E8C50020DF
:10CC3000F0C50020E4C30020CDCCCC3E3333B33E5E
:10CC4000000000002F49304A0B6812682F489B1AD9
:10CC5000834202D92E4B002018602C4BD1F800C023
:10CC6000D3182C482C4AA3EB0C032C4907EE103A9E
:10CC70002B4B9FED226BB8EE477B0360137827EEBA
:10CC8000067B012BBCEEC77B81ED007A14D072B617
:10CC90004FF0010C40F2995000234FF07E5182F882
:10CCA00000C050804FF47A7050609160137313612C
:10CCB0005361936162B67047538840F299519BB2B9
:10CCC0008B42E4D15368B3F57A7FE0D1F7EE007A76
:10CCD00092ED027AB4EE677AF1EE10FAD7D1137BB7
:10CCE000002BD4D11369002BD1D15369002BCED1A5
:10CCF0009369002BCBD1DEE7AFF30080FCA9F1D222
:10CD00004D62503FF8C50020F4C2002040771B0060
:10CD10008C8E00202CC60020348A0020948D0020A8
:10CD20000020B344F0B5C14883B009F035FEC04DD2
:10CD3000BE4807F0F7FF322011F0C2FE2B68142B1B
:10CD400009D800240134012011F0BAFE2B68192CF7
:10CD500001D0142BF6D9B54DB64C284607F0AAFFE2
:10CD6000FF2328461A46194608F022FE284608F0F6
:10CD700083FC772379227C21284609F05FF9236818
:10CD8000002B40F0B48100261A23FC2240F243110C
:10CD9000A648CDE9006609F015FA21681A23FC229D
:10CDA000A248CDE900614FF4A67109F00BFAA2493F
:10CDB0000024A24E1A23FC229C48CDE9004140F2F7
:10CDC000551109F0ADF931681A23FC22092900F345
:10CDD000868140F259119548CDE9004409F0F2F9F5
:10CDE00031681A23FC229148CDE900414FF4B1711A
:10CDF00009F0E8F910F0A4F920B1914B1968002965
:10CE000000F086818F4800211A23FC22CDE9001012
:10CE100040F26911854809F083F98B4C2168092992
:10CE200000F3528100261A23FC2240F28B117F4826
:10CE3000CDE9006609F0C6F921681A23FC227B4877
:10CE4000CDE9006140F2931109F0BCF97F4E002456
:10CE50007F4F1A23FC2240F29B117448CDE9004613
:10CE600009F05EF93A681A23092A00F32481FC22AA
:10CE700040F2A1116D48CDE9004409F0A3F93A68E8
:10CE80001A2340F2A9116948CDE90042FC2209F0B9
:10CE900099F900241A23FC2240F2B11163486D4F26
:10CEA000CDE9004609F03CF96B491A23FC220968D8
:10CEB0004FF4C0665D48CDE9004140F2B71109F07A
:10CEC00081F9FF2359481A46194609F0B7F801219C
:10CED000564809F03BF8224601234FF4C8715348E5
:10CEE000009409F0ADFA4FF4A071504808F0E4FC4A
:10CEF00009214E4809F02AF858494C4808F09EFC90
:10CF00002346642282214948009409F099FA234675
:10CF1000D2224FF4AF714548009409F091FA3A6873
:10CF20004F4977234148A1FB02127C2152093A6004
:10CF3000792209F083F84B4B8722F0213B48CDE959
:10CF400000631F2309F0ECF8BE22474B1146374817
:10CF5000CDE90063172309F0E3F83B68BE22F52111
:10CF60003248CDE900631C2309F02CF93F4BBE2267
:10CF700040F227112D48CDE90063172309F0D0F8BE
:10CF8000A0212A4808F098FC0921284808F0DEFF73
:10CF90000F21264808F018FC3549244808F04EFCBB
:10CFA0000422234621481146009409F049FA2346F9
:10CFB000232237211D48009409F042FAFF231B4821
:10CFC0001A46194609F03AF82A4A2B4C1B231F210E
:10CFD0001648CDE90062142209F0A2F82368012B5B
:10CFE00000F0A180114809F0E1F9FFF72BFE95F858
:10CFF00020300F2B01D101232360204A13687BB915
:10D0000001201F49236010604FF4E16009681D4A48
:10D010001D4B116000211D4A3860116004221A6006
:10D020001B4B1A68002A44D134E000BF209900202D
:10D03000308A002030C300206407002040C3002055
:10D04000C0C2002070070020DCC20020780700204A
:10D0500050C30020948D00203CC60020F2F2F20064
:10D0600089888888001600200C16002018160020D9
:10D07000D9D9D900840700201CC3002020C3002078
:10D08000F8C50020F4C20020E4C300202CC6002014
:10D090008C8E002025490120254A096818604FF42C
:10D0A000E16011600021234A234B116004223860A3
:10D0B0001A6003B0F0BDCDE9004240F29F11FC229E
:10D0C0001E4809F07FF8E4E600201A23FC22CDE98F
:10D0D000000140F28911194809F074F8B6E6CDE96B
:10D0E0000041164840F2591109F06CF882E610F040
:10D0F00007F8092820607FF746AE00211A23FC229A
:10D10000CDE900104FF4A171284609F05BF84EE616
:10D110000B481A23FC22CDE9001040F269110748A0
:10D1200008F0FEFF79E6FEF755FD5BE7F8C5002045
:10D13000F4C200202CC60020E4C300202099002067
:10D1400068070020F0B5C04883B009F025FCBF4D4A
:10D15000BD4807F0E7FD322011F0B2FC2B68142B1C
:10D1600009D800240134012011F0AAFC2B68192CE5
:10D1700001D0142BF6D9B44DB54C284607F09AFDD2
:10D18000FF2328461A46194608F012FC284608F0E4
:10D1900073FA772379227C21284608F04FFF236811
:10D1A000002B40F0AD8100261A23FC2240F24311EF
:10D1B000A548CDE9006609F005F821681A23FC228C
:10D1C000A148CDE900614FF4A67108F0FBFFA14929
:10D1D0000024A14E1A23FC229B48CDE9004140F2D5
:10D1E000551108F09DFF31681A23FC22092900F32C
:10D1F0007F8140F259119448CDE9004408F0E2FFE4
:10D2000031681A23FC229048CDE900414FF4B171F6
:10D2100008F0D8FF0FF094FF20B1904B1968002957
:10D2200000F07F818E4800211A23FC22CDE90010F6
:10D2300040F26911844808F073FF8A4C216809297B
:10D2400000F34B8100261A23FC2240F28B117E480A
:10D25000CDE9006608F0B6FF21681A23FC227A485F
:10D26000CDE9006140F2931108F0ACFF7E4E00243E
:10D270007E4F1A23FC2240F29B117348CDE90046F1
:10D2800008F04EFF3A681A23092A00F31D81FC2298
:10D2900040F2A1116C48CDE9004408F093FF3A68D0
:10D2A0001A2340F2A9116848CDE90042FC2208F097
:10D2B00089FF00241A23FC2240F2B11162486C4F0E
:10D2C000CDE9004608F02CFF6A491A23FC220968C0
:10D2D0004FF4C0665C48CDE9004140F2B71108F058
:10D2E00071FF4FF4A071584808F0E6FA092156483A
:10D2F00008F02CFE6049544808F0A0FA2346642246
:10D3000082215148009409F09BF82346D2224FF421
:10D31000AF714D48009409F093F83A685749772364
:10D320004948A1FB02127C2152093A60792208F097
:10D3300085FE534B8722F0214348CDE900631F232C
:10D3400008F0EEFEBE224F4B11463F48CDE9006388
:10D35000172308F0E5FE3B68BE22F5213A48CDE9E7
:10D3600000631C2308F02EFF474BBE2240F227111A
:10D370003548CDE90063172308F0D2FEFF23324879
:10D380001A46194608F05AFE01212F4808F0DEFD22
:10D39000224602234FF4C8712B48009409F050F83C
:10D3A000A021294808F088FA0921274808F0CEFD75
:10D3B0001E21254808F008FA3449234808F03EFAAF
:10D3C0000422234620481146009409F039F82346E8
:10D3D000232237211C48009409F032F8FF231A4811
:10D3E0001A46194608F02AFE294A1B231F2116480F
:10D3F000284CCDE900621422274E08F091FE01234B
:10D4000023603368012B00F097800F4808F0CEFFAF
:10D41000FFF718FC95F820301E2B01D10123336053
:10D42000236863B91D4A01213360216011681C4AD9
:10D430001C4B11604FF4E1610B2239601A601A4BEA
:10D440001A68002A3ED131E020990020308A00205D
:10D4500030C300206407002040C30020C0C2002069
:10D4600070070020DCC200207807002050C3002095
:10D47000948D00203CC60020F2F2F2008988888852
:10D48000001600200C16002018160020D9D9D9004B
:10D490008407002020C300201CC30020F8C5002002
:10D4A000F4C20020E4C300208C8E00202449012017
:10D4B000244A0968186011604FF4E161224B0B2285
:10D4C00039601A6003B0F0BDCDE9004240F29F110F
:10D4D000FC221E4808F076FEEBE600201A23FC2210
:10D4E000CDE9000140F28911184808F06BFEBDE655
:10D4F000CDE90041154840F2591108F063FE89E674
:10D500000FF0FEFD092820607FF74DAE00211A23A1
:10D51000FC22CDE900104FF4A171284608F052FE1C
:10D5200055E60B481A23FC22CDE9001040F26911A0
:10D53000064808F0F5FD80E6FEF74CFB65E700BF06
:10D54000F8C50020F4C20020E4C300202099002088
:10D5500068070020F0B5C14883B009F01DFAC04D3E
:10D56000BE4807F0DFFB322011F0AAFA2B68142B1B
:10D5700009D800240134012011F0A2FA2B68192CDB
:10D5800001D0142BF6D9B54DB64C284607F092FBC6
:10D59000FF2328461A46194608F00AFA284608F0DA
:10D5A0006BF8772379227C21284608F047FD236811
:10D5B000002B40F0B48100261A23FC2240F24311D4
:10D5C000A648CDE9006608F0FDFD21681A23FC227B
:10D5D000A248CDE900614FF4A67108F0F3FDA2491D
:10D5E0000024A24E1A23FC229C48CDE9004140F2BF
:10D5F000551108F095FD31681A23FC22092900F322
:10D60000868140F259119548CDE9004408F0DAFDD1
:10D6100031681A23FC229148CDE900414FF4B171E1
:10D6200008F0D0FD0FF08CFD20B1914B1968002956
:10D6300000F086818F4800211A23FC22CDE90010DA
:10D6400040F26911854808F06BFD8B4C216809296F
:10D6500000F3528100261A23FC2240F28B117F48EE
:10D66000CDE9006608F0AEFD21681A23FC227B4854
:10D67000CDE9006140F2931108F0A4FD7F4E002433
:10D680007F4F1A23FC2240F29B117448CDE90046DB
:10D6900008F046FD3A681A23092A00F32481FC2287
:10D6A00040F2A1116D48CDE9004408F08BFD3A68C5
:10D6B0001A2340F2A9116948CDE90042FC2208F082
:10D6C00081FD00241A23FC2240F2B11163486D4F02
:10D6D000CDE9004608F024FD6B491A23FC220968B5
:10D6E0004FF4C0665D48CDE9004140F2B71108F043
:10D6F00069FDFF2359481A46194608F09FFC01218D
:10D70000564808F023FC224603234FF4C8715348BF
:10D71000009408F095FE4FF4A071504808F0CCF842
:10D7200009214E4808F012FC58494C4808F086F888
:10D730002346642282214948009408F081FE234652
:10D74000D2224FF4AF714548009408F079FE3A6850
:10D750004F4977234148A1FB02127C2152093A60CC
:10D76000792208F06BFC4B4B8722F0213B48CDE936
:10D7700000631F2308F0D4FCBE22474B11463748F4
:10D78000CDE90063172308F0CBFC3B68BE22F521EE
:10D790003248CDE900631C2308F014FD3F4BBE2244
:10D7A00040F227112D48CDE90063172308F0B8FC9B
:10D7B000A0212A4808F080F80921284808F0C6FB73
:10D7C0002C21264808F000F83549244808F036F89E
:10D7D0000422234621481146009408F031FE2346D6
:10D7E000232237211D48009408F02AFEFF231B48FE
:10D7F0001A46194608F022FC2A4A2B4C1B231F21EB
:10D800001648CDE90062142208F08AFC2368012B37
:10D8100000F0A180114808F0C9FDFFF713FA95F850
:10D8200020302C2B01D101232360204A13687BB9BF
:10D8300001201F49236010604FF4E16009681D4A10
:10D840001D4B116012211D4A3860116000221A60C0
:10D850001B4B1A68002A44D134E000BF20990020F5
:10D86000308A002030C300206407002040C300201D
:10D87000C0C2002070070020DCC200207807002012
:10D8800050C30020948D00203CC60020F2F2F2002C
:10D8900089888888001600200C16002018160020A1
:10D8A000D9D9D900840700201CC3002020C3002040
:10D8B000F8C50020F4C200202CC60020E4C30020DC
:10D8C0008C8E002025490120254A096818604FF4F4
:10D8D000E16011600021234A234B1160122238605D
:10D8E0001A6003B0F0BDCDE9004240F29F11FC2266
:10D8F0001E4808F067FCE4E600201A23FC22CDE96C
:10D90000000140F28911194808F05CFCB6E6CDE947
:10D910000041164840F2591108F054FC82E60FF01D
:10D92000EFFB092820607FF746AE00211A23FC2276
:10D93000CDE900104FF4A171284608F043FC4EE6F3
:10D940000B481A23FC22CDE9001040F26911074868
:10D9500008F0E6FB79E6FEF73DF95BE7F8C5002045
:10D96000F4C200202CC60020E4C30020209900202F
:10D9700068070020F0B5C04883B009F00DF8BF4D2E
:10D98000BD4807F0CFF9322011F09AF82B68142B1C
:10D9900009D800240134012011F092F82B68192CC9
:10D9A00001D0142BF6D9B44DB54C284607F082F9B6
:10D9B000FF2328461A46194607F0FAFF284607F0C3
:10D9C0005BFE772379227C21284608F037FB236809
:10D9D000002B40F0AD8100261A23FC2240F24311B7
:10D9E000A548CDE9006608F0EDFB21681A23FC226A
:10D9F000A148CDE900614FF4A67108F0E3FBA1490D
:10DA00000024A14E1A23FC229B48CDE9004140F29C
:10DA1000551108F085FB31681A23FC22092900F30F
:10DA20007F8140F259119448CDE9004408F0CAFBC7
:10DA300031681A23FC229048CDE900414FF4B171BE
:10DA400008F0C0FB0FF07CFB20B1904B1968002957
:10DA500000F07F818E4800211A23FC22CDE90010BE
:10DA600040F26911844808F05BFB8A4C216809295F
:10DA700000F34B8100261A23FC2240F28B117E48D2
:10DA8000CDE9006608F09EFB21681A23FC227A4843
:10DA9000CDE9006140F2931108F094FB7E4E002422
:10DAA0007E4F1A23FC2240F29B117348CDE90046B9
:10DAB00008F036FB3A681A23092A00F31D81FC227C
:10DAC00040F2A1116C48CDE9004408F07BFB3A68B4
:10DAD0001A2340F2A9116848CDE90042FC2208F05F
:10DAE00071FB00241A23FC2240F2B11162486C4FF2
:10DAF000CDE9004608F014FB6A491A23FC220968A4
:10DB00004FF4C0665C48CDE9004140F2B71108F01F
:10DB100059FBFF2358481A46194608F08FFA01218D
:10DB2000554808F013FA224606234FF4C8715248AC
:10DB3000009408F085FC4FF4A0714F4807F0BCFE3C
:10DB400009214D4808F002FA57494B4807F076FE84
:10DB50002346642282214848009408F071FC234641
:10DB6000D2224FF4AF714448009408F069FC3A683F
:10DB70004E4977234048A1FB02127C2152093A60AA
:10DB8000792208F05BFA4A4B8722F0213A48CDE926
:10DB900000631F2308F0C4FABE22464B11463648E4
:10DBA000CDE90063172308F0BBFA3B68BE22F521DC
:10DBB0003148CDE900631C2308F004FB3E4BBE2234
:10DBC00040F227112C48CDE90063172308F0A8FA8A
:10DBD000A021294807F070FE0921274808F0B6F96E
:10DBE000AD21254807F0F0FD3449234807F026FE13
:10DBF0000422234620481146009408F021FC2346C5
:10DC0000232237211C48009408F01AFCFF231A48ED
:10DC10001A46194608F012FA294A1B231F211648F2
:10DC2000284CCDE900621422274E08F079FA01232E
:10DC300023603368012B00F097800F4808F0B6FB93
:10DC4000FFF700F895F82030AD2B01D101233360A8
:10DC5000236863B91D4A01213360216011681C4AA1
:10DC60001C4B11604FF4E161192239601A601A4BA4
:10DC70001A68002A3ED131E020990020308A002025
:10DC800030C300206407002040C30020C0C2002031
:10DC900070070020DCC200207807002050C300205D
:10DCA000948D00203CC60020F2F2F200898888881A
:10DCB000001600200C16002018160020D9D9D90013
:10DCC0008407002020C300201CC30020F8C50020CA
:10DCD000F4C20020E4C300208C8E002024490120DF
:10DCE000244A0968186011604FF4E161224B19223F
:10DCF00039601A6003B0F0BDCDE9004240F29F11D7
:10DD0000FC221E4808F05EFAEBE600201A23FC22F3
:10DD1000CDE9000140F28911184808F053FABDE638
:10DD2000CDE90041154840F2591108F04BFA89E657
:10DD30000FF0E6F9092820607FF74DAE00211A2385
:10DD4000FC22CDE900104FF4A171284608F03AFA00
:10DD500055E60B481A23FC22CDE9001040F2691168
:10DD6000064808F0DDF980E6FDF734FF65E700BFFF
:10DD7000F8C50020F4C20020E4C300202099002050
:10DD800068070020F0B5C04883B008F005FEBF4D1D
:10DD9000BD4806F0C7FF322010F092FE2B68142B0E
:10DDA00009D800240134012010F08AFE2B68192CB8
:10DDB00001D0142BF6D9B44DB54C284606F07AFFA5
:10DDC000FF2328461A46194607F0F2FD284607F0B9
:10DDD00053FC772379227C21284608F02FF9236809
:10DDE000002B40F0AD8100261A23FC2240F24311A3
:10DDF000A548CDE9006608F0E5F921681A23FC2260
:10DE0000A148CDE900614FF4A67108F0DBF9A14902
:10DE10000024A14E1A23FC229B48CDE9004140F288
:10DE2000551108F07DF931681A23FC22092900F305
:10DE30007F8140F259119448CDE9004408F0C2F9BD
:10DE400031681A23FC229048CDE900414FF4B171AA
:10DE500008F0B8F90FF074F920B1904B1968002957
:10DE600000F07F818E4800211A23FC22CDE90010AA
:10DE700040F26911844808F053F98A4C2168092955
:10DE800000F34B8100261A23FC2240F28B117E48BE
:10DE9000CDE9006608F096F921681A23FC227A4839
:10DEA000CDE9006140F2931108F08CF97E4E002418
:10DEB0007E4F1A23FC2240F29B117348CDE90046A5
:10DEC00008F02EF93A681A23092A00F31D81FC2272
:10DED00040F2A1116C48CDE9004408F073F93A68AA
:10DEE0001A2340F2A9116848CDE90042FC2208F04B
:10DEF00069F900241A23FC2240F2B11162486C4FE8
:10DF0000CDE9004608F00CF96A491A23FC22096899
:10DF10004FF4C0665C48CDE9004140F2B71108F00B
:10DF200051F9FF2358481A46194608F087F801218D
:10DF3000554808F00BF822460A234FF4C87152489E
:10DF4000009408F07DFA4FF4A0714F4807F0B4FC3C
:10DF500009214D4807F0FAFF57494B4807F06EFC7E
:10DF60002346642282214848009408F069FA234637
:10DF7000D2224FF4AF714448009408F061FA3A6835
:10DF80004E4977234048A1FB02127C2152093A6096
:10DF9000792208F053F84A4B8722F0213A48CDE91C
:10DFA00000631F2308F0BCF8BE22464B11463648DA
:10DFB000CDE90063172308F0B3F83B68BE22F521D2
:10DFC0003148CDE900631C2308F0FCF83E4BBE222B
:10DFD00040F227112C48CDE90063172308F0A0F880
:10DFE000A021294807F068FC0921274807F0AEFF67
:10DFF000CF21254807F0E8FB3449234807F01EFCF1
:10E000000422234620481146009408F019FA2346BA
:10E01000232237211C48009408F012FAFF231A48E3
:10E020001A46194608F00AF8294A1B231F211648E8
:10E03000284CCDE900621422274E08F071F8012324
:10E0400023603368012B00F097800F4808F0AEF989
:10E05000FEF7F8FD95F82030CF2B01D10123336076
:10E06000236863B91D4A01213360216011681C4A8D
:10E070001C4B11604FF4E1613A2239601A601A4B6F
:10E080001A68002A3ED131E020990020308A002011
:10E0900030C300206407002040C30020C0C200201D
:10E0A00070070020DCC200207807002050C3002049
:10E0B000948D00203CC60020F2F2F2008988888806
:10E0C000001600200C16002018160020D9D9D900FF
:10E0D0008407002020C300201CC30020F8C50020B6
:10E0E000F4C20020E4C300208C8E002024490120CB
:10E0F000244A0968186011604FF4E161224B3A220A
:10E1000039601A6003B0F0BDCDE9004240F29F11C2
:10E11000FC221E4808F056F8EBE600201A23FC22E9
:10E12000CDE9000140F28911184808F04BF8BDE62E
:10E13000CDE90041154840F2591108F043F889E64D
:10E140000EF0DEFF092820607FF74DAE00211A2374
:10E15000FC22CDE900104FF4A171284608F032F8F6
:10E1600055E60B481A23FC22CDE9001040F2691154
:10E17000064807F0D5FF80E6FDF72CFD65E700BFF8
:10E18000F8C50020F4C20020E4C30020209900203C
:10E1900068070020F0B5C14883B008F0FDFBC04D12
:10E1A000BE4806F0BFFD322010F08AFC2B68142B0D
:10E1B00009D800240134012010F082FC2B68192CAE
:10E1C00001D0142BF6D9B54DB64C284606F072FD99
:10E1D000FF2328461A46194607F0EAFB284607F0AF
:10E1E0004BFA772379227C21284607F027FF236802
:10E1F000002B40F0B48100261A23FC2240F2431188
:10E20000A648CDE9006607F0DDFF21681A23FC224D
:10E21000A248CDE900614FF4A67107F0D3FFA249EF
:10E220000024A24E1A23FC229C48CDE9004140F272
:10E23000551107F075FF31681A23FC22092900F3F4
:10E24000868140F259119548CDE9004407F0BAFFA4
:10E2500031681A23FC229148CDE900414FF4B17195
:10E2600007F0B0FF0EF06CFF20B1914B1968002948
:10E2700000F086818F4800211A23FC22CDE900108E
:10E2800040F26911854807F04BFF8B4C2168092942
:10E2900000F3528100261A23FC2240F28B117F48A2
:10E2A000CDE9006607F08EFF21681A23FC227B4827
:10E2B000CDE9006140F2931107F084FF7F4E002406
:10E2C0007F4F1A23FC2240F29B117448CDE900468F
:10E2D00007F026FF3A681A23092A00F32481FC225A
:10E2E00040F2A1116D48CDE9004407F06BFF3A6898
:10E2F0001A2340F2A9116948CDE90042FC2207F037
:10E3000061FF00241A23FC2240F2B11163486D4FD3
:10E31000CDE9004607F004FF6B491A23FC22096887
:10E320004FF4C0665D48CDE9004140F2B71107F0F7
:10E3300049FFFF2359481A46194607F07FFE01217D
:10E34000564807F003FE224605234FF4C871534890
:10E35000009408F075F84FF4A071504807F0ACFA3B
:10E3600009214E4807F0F2FD58494C4807F066FA7B
:10E370002346642282214948009408F061F823462C
:10E38000D2224FF4AF714548009408F059F83A682A
:10E390004F4977234148A1FB02127C2152093A6080
:10E3A000792207F04BFE4B4B8722F0213B48CDE909
:10E3B00000631F2307F0B4FEBE22474B11463748C7
:10E3C000CDE90063172307F0ABFE3B68BE22F521C1
:10E3D0003248CDE900631C2307F0F4FE3F4BBE2218
:10E3E00040F227112D48CDE90063172307F098FE6E
:10E3F000A0212A4807F060FA0921284807F0A6FD65
:10E400008821264807F0E0F93549244807F016FA34
:10E410000422234621481146009408F011F82346AF
:10E42000232237211D48009408F00AF8FF231B48D7
:10E430001A46194607F002FE2A4A2B4C1B231F21BD
:10E440001648CDE90062142207F06AFE2368012B0A
:10E4500000F0A180114807F0A9FFFEF7F3FB95F843
:10E460002030882B01D101232360204A13687BB917
:10E4700001201F49236010604FF4E16009681D4AC4
:10E480001D4B11602F211D4A3860116000221A6057
:10E490001B4B1A68002A44D134E000BF20990020A9
:10E4A000308A002030C300206407002040C30020D1
:10E4B000C0C2002070070020DCC2002078070020C6
:10E4C00050C30020948D00203CC60020F2F2F200E0
:10E4D00089888888001600200C1600201816002055
:10E4E000D9D9D900840700201CC3002020C30020F4
:10E4F000F8C50020F4C200202CC60020E4C3002090
:10E500008C8E002025490120254A096818604FF4A7
:10E51000E16011600021234A234B11602F223860F3
:10E520001A6003B0F0BDCDE9004240F29F11FC2219
:10E530001E4807F047FEE4E600201A23FC22CDE93E
:10E54000000140F28911194807F03CFEB6E6CDE91A
:10E550000041164840F2591107F034FE82E60EF0F1
:10E56000CFFD092820607FF746AE00211A23FC2248
:10E57000CDE900104FF4A171284607F023FE4EE6C6
:10E580000B481A23FC22CDE9001040F2691107481C
:10E5900007F0C6FD79E6FDF71DFB5BE7F8C5002037
:10E5A000F4C200202CC60020E4C3002020990020E3
:10E5B00068070020F0B5C14883B008F0EDF9C04D00
:10E5C000BE4806F0AFFB322010F07AFA2B68142B0D
:10E5D00009D800240134012010F072FA2B68192C9C
:10E5E00001D0142BF6D9B54DB64C284606F062FB87
:10E5F000FF2328461A46194607F0DAF9284607F09D
:10E600003BF8772379227C21284607F017FD236801
:10E61000002B40F0B48100261A23FC2240F2431163
:10E62000A648CDE9006607F0CDFD21681A23FC223B
:10E63000A248CDE900614FF4A67107F0C3FDA249DD
:10E640000024A24E1A23FC229C48CDE9004140F24E
:10E65000551107F065FD31681A23FC22092900F3E2
:10E66000868140F259119548CDE9004407F0AAFD92
:10E6700031681A23FC229148CDE900414FF4B17171
:10E6800007F0A0FD0EF05CFD20B1914B1968002948
:10E6900000F086818F4800211A23FC22CDE900106A
:10E6A00040F26911854807F03BFD8B4C2168092930
:10E6B00000F3528100261A23FC2240F28B117F487E
:10E6C000CDE9006607F07EFD21681A23FC227B4815
:10E6D000CDE9006140F2931107F074FD7F4E0024F4
:10E6E0007F4F1A23FC2240F29B117448CDE900466B
:10E6F00007F016FD3A681A23092A00F32481FC2248
:10E7000040F2A1116D48CDE9004407F05BFD3A6885
:10E710001A2340F2A9116948CDE90042FC2207F012
:10E7200051FD00241A23FC2240F2B11163486D4FC1
:10E73000CDE9004607F0F4FC6B491A23FC22096876
:10E740004FF4C0665D48CDE9004140F2B71107F0D3
:10E7500039FDFF2359481A46194607F06FFC01217D
:10E76000564807F0F3FB224609234FF4C87153487B
:10E77000009407F065FE4FF4A071504807F09CF834
:10E7800009214E4807F0E2FB58494C4807F056F87B
:10E790002346642282214948009407F051FE234613
:10E7A000D2224FF4AF714548009407F049FE3A6811
:10E7B0004F4977234148A1FB02127C2152093A605C
:10E7C000792207F03BFC4B4B8722F0213B48CDE9F7
:10E7D00000631F2307F0A4FCBE22474B11463748B5
:10E7E000CDE90063172307F09BFC3B68BE22F521AF
:10E7F0003248CDE900631C2307F0E4FC3F4BBE2206
:10E8000040F227112D48CDE90063172307F088FC5B
:10E81000A0212A4807F050F80921284807F096FB64
:10E820009321264806F0D0FF3549244807F006F822
:10E830000422234621481146009407F001FE234696
:10E84000232237211D48009407F0FAFDFF231B48BF
:10E850001A46194607F0F2FB2A4A2B4C1B231F21AC
:10E860001648CDE90062142207F05AFC2368012BF8
:10E8700000F0A180114807F099FDFEF7E3F995F843
:10E880002030932B01D101232360204A13687BB9E8
:10E8900001201F49236010604FF4E16009681D4AA0
:10E8A0001D4B116000211D4A3860116029221A6039
:10E8B0001B4B1A68002A44D134E000BF2099002085
:10E8C000308A002030C300206407002040C30020AD
:10E8D000C0C2002070070020DCC2002078070020A2
:10E8E00050C30020948D00203CC60020F2F2F200BC
:10E8F00089888888001600200C1600201816002031
:10E90000D9D9D900840700201CC3002020C30020CF
:10E91000F8C50020F4C20020E4C300202CC600206B
:10E920008C8E002025490120254A096818604FF483
:10E93000E16011600021234A234B116029223860D5
:10E940001A6003B0F0BDCDE9004240F29F11FC22F5
:10E950001E4807F037FCE4E600201A23FC22CDE92C
:10E96000000140F28911194807F02CFCB6E6CDE908
:10E970000041164840F2591107F024FC82E60EF0DF
:10E98000BFFB092820607FF746AE00211A23FC2236
:10E99000CDE900104FF4A171284607F013FC4EE6B4
:10E9A0000B481A23FC22CDE9001040F269110748F8
:10E9B00007F0B6FB79E6FDF70DF95BE7F8C5002037
:10E9C000F4C200202CC60020E4C3002020990020BF
:10E9D0006807002030B52E4B87B02E4C1A6820688F
:10E9E0002D49121A8A4218D82C4D1A682968521AD1
:10E9F0002B498A421FD80023B6EE000A4FF47A72E0
:10EA00004FF4806102200093CDE90133F0F742F921
:10EA100007B0BDE83040F0F7BBBB1A682148226060
:10EA20000268196801321D4D02601A682960521A85
:10EA30001B498A42DFD91B4B40F21C5105A81A68BA
:10EA40000592042210F02EFB114B1A682A6011F077
:10EA5000E5FD154A1278002ACDD0144A1278D30762
:10EA6000C9D513490A4B1A680968521A0E2AC2D925
:10EA700011F062FDFF28064BBDDD1868094A2368C6
:10EA80001268C31A0B490C480FF0A4FDB3E700BF8E
:10EA9000F8C50020E4C20020005C2605F0C200207A
:10EAA000A0BB0D00188D002066C6002065C60020A2
:10EAB00020C6002024160020188A00202DE9F041ED
:10EAC000C64884B007F068FFC54DC44806F02AF96F
:10EAD00032200FF0F5FF2B68142B09D800240134E5
:10EAE00001200FF0EDFF2B68192C01D0142BF6D963
:10EAF000BA4EBC4C304606F0DDF8FF2330461A46CD
:10EB0000194606F055FF304606F0B6FD7723792208
:10EB10007C21304607F092FA2368002B40F0808277
:10EB200000251A2306220421AC48CDE9005507F040
:10EB300049FB21681A230622A848CDE900510E217D
:10EB400007F040FBA8490024A84D1A230622A34839
:10EB5000CDE90041172107F0E3FA29681A230622BC
:10EB6000092900F356821C219C48CDE9004407F096
:10EB700029FB29681A2306229848CDE9004125215E
:10EB800007F020FB0EF0DCFA20B1994B1968002940
:10EB900000F05682974800211A230622CDE9001082
:10EBA0002B218E4807F0BCFA934C2168092900F309
:10EBB000268200251A2306224B218848CDE90055DC
:10EBC00007F000FB21681A2306228448CDE9005192
:10EBD000552107F0F7FA894D0024894F1A230622A0
:10EBE0005D217E48CDE9004507F09AFA3A681A237C
:10EBF000092A00F3FC81062263217848CDE900440C
:10EC000007F0E0FA3A681A236B217448CDE9004214
:10EC1000062207F0D7FA00241A23062273216F4830
:10EC2000784FDFF80C82CDE9004507F079FA764994
:10EC30001A23062209684FF4C0656848CDE90041EF
:10EC4000792107F0BFFA772379227C21634807F006
:10EC5000F5F96E4A172340F263116048CDE900527E
:10EC6000492207F05DFA6A4A1A234FF4B6715B48ED
:10EC7000CDE90052642207F053FA664A1A234FF492
:10EC8000B6715648CDE900527D2207F049FA624A32
:10EC9000172340F24F115148CDE90052952207F059
:10ECA0003FFA5E494D4806F0C9FD5D4A1A234FF40C
:10ECB000AD714A48CDE90052AD2207F031FA4FF468
:10ECC000A071464806F0F8FD0921444807F03EF9D6
:10ECD0005449424806F0B2FD4122234628213F48CC
:10ECE000009407F0ADFBB9222346D2213B480094A3
:10ECF00007F0A6FB772379227C21384807F09EF99C
:10ED0000494A1C2330213548CDE90052502207F0F2
:10ED100007FA00953B6850224C21304801931C2390
:10ED200007F050FA414B50229A212C48CDE900536C
:10ED30001C2307F0F5F9772379227C21274807F077
:10ED40007DF91021254806F0B7FD0421234807F07E
:10ED5000FDF82346AE2224212048009407F070FBE2
:10ED60002346AE2233211D48009407F069FB234659
:10ED7000912233211948009407F062FB2346912227
:10ED800051211648009407F05BFB2346AE22512127
:10ED90001248009407F054FB2346AE226F210F481F
:10EDA000009407F04DFB234691226F210B480094FD
:10EDB00007F046FB234691228D210848009407F076
:10EDC0003FFB2346AE228D210448009407F038FB18
:10EDD0002346AE22AB21014800942BE0209900206D
:10EDE000308A002030C300206407002040C3002088
:10EDF000C0C2002070070020DCC20020780700207D
:10EE000050C30020188D00203CC600203809002087
:10EE100044090020540900206809002058D75A00EE
:10EE200070090020F2F2F2005C160020601600204B
:10EE3000ECC5002007F004FB23469122AB219D483E
:10EE4000009407F0FDFA23469122C92199480094C5
:10EE500007F0F6FA2346AE22C9219648009407F03F
:10EE6000EFFA2346AE22D8219248009407F0E8FA40
:10EE70009149904806F0E2FC98218E4806F05AFD30
:10EE800002218C4807F062F88C4B00941A888C4B56
:10EE900088481988234607F0D3FAFF2385481A4685
:10EEA000194607F0CBF80121824807F04FF80123FB
:10EEB00022464FF4C8717F48009407F0C1FA4FF41E
:10EEC000A0717C4806F0F8FC09217A4807F03EF86A
:10EED0001521784806F078FC7A49764806F0AEFCB1
:10EEE0002346D72240F213117248009407F0A8FA83
:10EEF0002346DA2240F245116E48009407F0A0FA4A
:10EF0000FF236C481A46194607F098F86E4BD82232
:10EF10004FF495716748CDE900531C2307F000F9C1
:10EF20004FF4A071634806F0C7FC0921614807F05F
:10EF30000DF816215F4806F047FC62495D4806F06F
:10EF40007DFC2346D72240F281115A48009407F0F5
:10EF500077FA2346DA2240F2B3115648009407F0BC
:10EF60006FFAFF2353481A46194607F067F8574AC5
:10EF70001C2340F29B114F48CDE90052D82207F0E4
:10EF8000CFF8D8F80030012B00F09180F0F746F967
:10EF9000484807F00BFAFFF71DFD96F82030162BB6
:10EFA00002D10123C8F80030494B4A4D1C682A6839
:10EFB000A24207D02C60E4B2642021460FF0D2FFB9
:10EFC000434B2C60444A1468002C43D096F8202010
:10EFD000152A09D100224148414C026000204149D4
:10EFE0002260072208601A6004B0BDE8F081CDE914
:10EFF0000042612106222F4807F0E4F80BE60020CA
:10F000001A230622CDE900014B212A4807F0DAF83D
:10F01000E1E5CDE9004127481B2107F0D3F8B1E530
:10F020000EF06EF8092820607FF77AAD00211A23D0
:10F030000622CDE900100421304607F0C3F881E52F
:10F0400029481A230622CDE900102B21194807F080
:10F0500067F8A9E52549C8F800404FF0010808689D
:10F06000C2F80080224AC7F8008010600868214A70
:10F0700010600868204A0968106064201F4A116007
:10F080000021174A1460154A1460164A116021467F
:10F090000FF068FF042240F21C5103A82C60CDF849
:10F0A0000C800FF0FFFF0422094B1A608EE7FCF77B
:10F0B00055FE6BE7209900202417BD00AC8E002080
:10F0C000A88E0020D9D9D90070160020781600200B
:10F0D000E4C30020E8C30020F0C50020F0C30020F6
:10F0E000ECC300202CC6002068070020F8C50020D3
:10F0F000E4C20020E8C20020ECC20020F0C20020E0
:10F1000070B5334C86B0334D23682968324A5B1A98
:10F1100093421BD8314E236832689B1A304A93427F
:10F1200022D83048B6EE000A2F4C012300904FF44D
:10F130007A7240F26661CDE901400220EFF7AAFD44
:10F140002A4806B0BDE87040EFF7E6BD28492068C0
:10F150000B6822680133214E28600B6023683260FF
:10F160009B1A1F4A9342DCD9214B04224FF4A4611D
:10F1700005A81B6805930FF095FF2A6805A823686A
:10F180004FF4A7619B1A042205930FF08BFF2368AD
:10F19000336011F043FA174B1B78002BC1D0164B8C
:10F1A0001B78DB07BDD5154A236812689B1A0E2B06
:10F1B000B7D911F0C1F9FF28B3DD20682B680C4ADC
:10F1C000C31A0F4912680F480FF004FAA9E700BFED
:10F1D000F8C50020E4C20020005C2605F0C2002033
:10F1E000A0BB0D0000DD6D0000BADB00848E0020A6
:10F1F000008D002066C6002065C6002020C60020C5
:10F2000080160020188A0020000000002DE9F04F31
:10F21000CA4885B007F0C0FBC94DC84805F082FD5B
:10F2200032200FF04DFC2B68142B09D80024013438
:10F2300001200FF045FC2B68192C01D0142BF6D9B6
:10F24000BE4EC04C304605F035FDFF2330461A4611
:10F25000194606F0ADFB304606F00EFA7723792208
:10F260007C21304606F0EAFE2368002B40F08B83B9
:10F2700000251A2306220421B048CDE9005506F0E6
:10F28000A1FF21681A230622AC48CDE900510E21C6
:10F2900006F098FFAC490024AC4D1A230622A7487B
:10F2A000CDE90041172106F03BFF29681A23062209
:10F2B000092900F361831C21A048CDE9004406F030
:10F2C00081FF29681A2306229C48CDE900412521A7
:10F2D00006F078FF0DF034FF20B19D4B196800292E
:10F2E00000F061839B4800211A230622CDE900101B
:10F2F0002B21924806F014FF974C2168092900F34E
:10F30000318300251A2306224B218C48CDE9005574
:10F3100006F058FF21681A2306228848CDE90051DB
:10F32000552106F04FFF8D4D00248D4F1A230622E4
:10F330005D218248CDE9004506F0F2FE3A681A23C5
:10F34000092A00F30783062263217C48CDE90044A3
:10F3500006F038FF3A681A236B217848CDE900425D
:10F36000062206F02FFF00241A2306227321734879
:10F37000DFF83492DFF834827A4FDFF834A2DFF816
:10F3800034B2CDE9004506F0CBFE77491A230622B8
:10F3900009684FF4C0656948CDE90041792106F05C
:10F3A00011FF772379227C21644806F047FE6F4ADB
:10F3B000182340F263116148CDE90052492206F05A
:10F3C000AFFE6B4A1B234FF4B6715C48CDE9005287
:10F3D000642206F0A5FE674A1B234FF4B671574816
:10F3E000CDE900527D2206F09BFE634A182340F2CD
:10F3F0004F115248CDE90052952206F091FE5F4927
:10F400004E4806F01BFA5E4A1A234FF48A714B48A5
:10F41000CDE90052AD2206F083FE5A49474806F076
:10F420000DFA594A1A234FF4A1714448CDE900520C
:10F43000AD2206F075FE5149404806F0FFF9534AE7
:10F440001A234FF4BA713D48CDE90052AD2206F0BF
:10F4500067FE4C49394806F0F1F94D4A1A234FF43A
:10F46000D8713648CDE90052AD2206F059FE4FF46E
:10F47000A071324806F020FA0921304806F066FDF6
:10F4800044492E4806F0DAF94122234624212B482C
:10F49000009406F0D5FFB9222346E62127480094C0
:10F4A00006F0CEFF3C4B9FED3D7A7922D3ED007AFA
:10F4B0007C2177232148B7EEE73AC7EE876A9FEDB4
:10F4C0001B4B9FED1C5B83EE047BFDEEE66AB8EE02
:10F4D000E66AC9ED006AB7EEC66A37EE467B27EEEC
:10F4E000057BBDEEC77B88ED007A06F0A7FD2C4BAF
:10F4F00050223621114801931C23009506F010FE7E
:10F50000009538681C235022522101900B4806F0C8
:10F5100059FE244B5022A021084801931C2300953A
:10F5200006F0FEFD48E000BFAFF3008000000000E1
:10F530000020AC400000000000004E402099002058
:10F54000308A002030C300206407002040C3002020
:10F55000C0C2002070070020DCC200207807002015
:10F5600050C30020008D00203CC600203809002038
:10F5700044090020540900206809002058D75A0087
:10F58000C40B0020585FD700CC0B0020D80B002004
:10F59000E00B0020F2F2F200848E002000006145B2
:10F5A0005C1600206016002028C3002044C3002001
:10F5B000F88C0020F48C0020C54B75224821C548EA
:10F5C00001931B23009506F0ABFDD9F8003075229E
:10F5D0008121C048DFF81C93CDE900531B2306F0BE
:10F5E000F1FDBD4B7522A221BA4801931B23009562
:10F5F00006F096FDD8F800307522C521B548DFF831
:10F60000F882CDE900531B2306F0DCFDB34B7522D5
:10F61000E321B048CDE900531B2306F081FD772399
:10F6200079227C21AB4806F009FD1021A94806F09B
:10F6300043F90421A74806F089FC2346C22224216D
:10F64000A448009406F0FCFE2346C2223321A148C0
:10F65000009406F0F5FE2346A52233219D48009430
:10F6600006F0EEFE2346A52238219A48009406F0C3
:10F67000E7FE2346C22238219648009406F0E0FEB9
:10F680002346C2223D219348009406F0D9FE23462A
:10F69000A5223D218F48009406F0D2FE2346A522E4
:10F6A00042218C48009406F0CBFE2346C222422120
:10F6B0008848009406F0C4FE2346C22247218548AC
:10F6C000009406F0BDFE2346A52247218148009400
:10F6D00006F0B6FE2346A5224C217E48009406F093
:10F6E000AFFE2346C2224C217A48009406F0A8FEC1
:10F6F0002346C22279217748009406F0A1FE2346D2
:10F70000A52279217348009406F09AFE2346A5228B
:10F710007E217048009406F093FE2346C2227E218B
:10F720006C48009406F08CFE2346C222832169486F
:10F73000009406F085FE2346A522832165480094A7
:10F7400006F07EFE2346A52288216248009406F03A
:10F7500077FE2346C22288215E48009406F070FEA0
:10F760002346C2228D215B48009406F069FE2346A1
:10F77000A5228D215748009406F062FE2346A5225B
:10F7800092215448009406F05BFE2346C222922147
:10F790005048009406F054FE2346C222DC214D4816
:10F7A000009406F04DFE99F800309AF80020494880
:10F7B0009BF8001006F042FC9821464806F0BAF883
:10F7C0000221444806F0C2FB454A464923460094BC
:10F7D00040481288098806F033FEFF233D481A4648
:10F7E000194606F02BFC01213A4806F0AFFB022334
:10F7F00022464FF4C8713748009406F021FE4FF4BA
:10F80000A071344806F058F80921324806F09EFBF2
:10F810002421304805F0D8FF33492E4806F00EF871
:10F820002346D72240F213112A48009406F008FE1E
:10F830002346DA2240F245112648009406F000FEE5
:10F84000FF2324481A46194606F0F8FB274BD82216
:10F850004FF495711F4801931C23009506F060FC3E
:10F860004FF4A0711B4806F027F80921194806F04B
:10F870006DFB2521174805F0A7FF1B49154805F02A
:10F88000DDFF2346D72240F281111248009406F092
:10F89000D7FD2346DA2240F2B3110E48009406F059
:10F8A000CFFDFF230B481A46194606F0C7FB104B45
:10F8B000D82240F29B1101931C230648009506F0C4
:10F8C0002FFCD8F80030012B00F0B08016E000BF0C
:10F8D000BC16002020990020CC160020B813002070
:10F8E000AC8E0020A88E0020D9D9D9007016002037
:10F8F00078160020FC8C0020ECC50020EFF78EFC71
:10F900004C4806F053FDFFF7FBFB96F82030252B03
:10F9100002D10123C8F80030474B484D1C682868C5
:10F92000A04207D02C60E4B2642021460FF01AFBFD
:10F93000414B2C6042490C68002C3ED096F82020A8
:10F94000242A04D13F4900200E2208601A6005B025
:10F95000BDE8F08FCDE9004261210622354806F06E
:10F9600031FC00E500201A230622CDE900014B21DD
:10F97000304806F027FCD6E4CDE900412D481B2194
:10F9800006F020FCA6E40DF0BBFB092820607FF701
:10F990006FAC00211A230622CDE900100421304665
:10F9A00006F010FC76E428481A230622CDE9001060
:10F9B0002B21204806F0B4FB9EE4244A0120244B6E
:10F9C0000860386023491068C8F800400860106873
:10F9D0001168214A10606420204A1160072200212A
:10F9E000CBF800206622CAF800203322C9F8002094
:10F9F00040221A6096221A4B1A60124A1160214660
:10FA00000FF0B0FA3A684FF4A46103A803920422FD
:10FA10002C600FF047FB042203A84FF4A761039466
:10FA20000FF040FB0B22044B1A6087E7FCF796F9B6
:10FA300064E700BF20990020E4C30020E8C3002051
:10FA4000F0C500202CC6002068070020F8C5002063
:10FA5000A88E0020E4C20020E8C20020ECC20020F2
:10FA6000AC8E002030B52F4B87B02F4C1A68206821
:10FA70002E49121A8A421BD82D4D1A682968521A2B
:10FA80002C498A4222D80023B6EE000A41F288327D
:10FA900040F2995103200093CDE90133EFF7FAF8D2
:10FAA000BE226E21244807B0BDE83040EFF71EBCEF
:10FAB0001A68224822600268196801321C4D0260EF
:10FAC0001A682960521A1B498A42DCD91B4B40F242
:10FAD000245105A81A68059204220FF0E3FA114B8D
:10FAE0001A682A6010F09AFD154A1278002ACAD0C6
:10FAF000144A1278D307C6D513490A4B1A68096805
:10FB0000521A0E2ABFD910F017FDFF28054BBADD97
:10FB100018680A4A23681268C31A0C490C480EF088
:10FB200059FDB0E7F8C50020E4C20020005C2605BE
:10FB3000F0C20020A0BB0D00F8C30020108D0020F3
:10FB400066C6002065C6002020C60020D41600200E
:10FB5000188A00202DE9F041C94884B006F01CFF46
:10FB6000C84DC74805F0DEF832200EF0A9FF2B681B
:10FB7000142B09D80024013401200EF0A1FF2B68BA
:10FB8000192C01D0142BF6D9BD4EBF4C304605F0D0
:10FB900091F8FF2330461A46194605F009FF304612
:10FBA00005F06AFD772379227C21304606F046FA7B
:10FBB0002368002B40F0148200251A23FC224FF406
:10FBC000AD71AF48CDE9005506F0FCFA21681A2363
:10FBD000FC22AB48CDE900514FF4B27106F0F2FAC5
:10FBE000AA490024AA4D1A23FC22A548CDE90041C8
:10FBF0004FF4B77106F094FA29681A23FC220929F8
:10FC000000F3E68140F273119D48CDE9004406F00F
:10FC1000D9FA29681A23FC229948CDE900414FF40A
:10FC2000BE7106F0CFFA9B4C2168092900F3C5810B
:10FC300000251A23FC224FF4C6719148CDE90055E6
:10FC400006F0C0FA21681A23FC228D48CDE9005144
:10FC50004FF4CB7106F0B6FA8F4D00248F4F1A2364
:10FC6000FC224FF4CF718648CDE9004506F058FAE2
:10FC70003A681A23092A00F39781FC224FF4D271C3
:10FC80007F48CDE9004406F09DFA3A681A234FF404
:10FC9000D6717B48CDE90042FC2206F093FA00249D
:10FCA0001A23FC224FF4DA7175487D4FDFF82C825D
:10FCB000CDE9004506F034FA7A491A23FC22096896
:10FCC0004FF4C0656E48CDE900414FF4DD7106F098
:10FCD00079FA772379227C21694806F0AFF9724AD4
:10FCE000172340F263116648CDE90052492206F01D
:10FCF00017FA6E4A1A234FF4B6716148CDE90052E3
:10FD0000642206F00DFA6A4A172340F24F115C484C
:10FD1000CDE90052952206F003FA6649584805F0ED
:10FD20008DFD654A1A234FF4AD715548CDE9005257
:10FD3000AD2206F0F5F94FF4A071514805F0BCFD75
:10FD400009214F4806F002F95C494D4805F076FD5F
:10FD50004122234623214A48009406F071FBBE222B
:10FD60002346E0214648009406F06AFB7723792277
:10FD70007C21434806F062F9514A1C233021404857
:10FD8000CDE90052502206F0CBF900953B68502295
:10FD90004C213B4801931C2306F014FA494B502296
:10FDA0009A213748CDE900531C2306F0B9F9FF2307
:10FDB00033481A46194606F041F90121304806F049
:10FDC000C5F807237D221B212D48009406F038FB3F
:10FDD0003D492B4805F032FD9821294805F0AAFD40
:10FDE0000221274806F0B2F8384B00941A88384BA5
:10FDF00023481988234606F023FBFF2320481A4690
:10FE0000194606F01BF901211D4806F09FF803234F
:10FE100022464FF4C8711A48009406F011FB4FF4C3
:10FE2000A071174805F048FD0921154806F08EF825
:10FE3000A521134805F0C8FC2649114805F0FEFC31
:10FE40002346D72240F213110D48009406F0F8FA29
:10FE50002346DA2240F245110948009406F0F0FAF0
:10FE6000FF2307481A46194606F0E8F81A4BD8222D
:10FE70004FF495710248CDE900531C2330E000BFD8
:10FE800020990020308A002030C300206407002021
:10FE900040C30020DCC200207807002050C30020AF
:10FEA000108D00203CC6002038090020600D002085
:10FEB0006809002058D75A0070090020F2F2F200B9
:10FEC0005C160020601600200092F300AC8E00202B
:10FED000A88E0020D9D9D90070160020ECC50020CA
:10FEE00006F01EF94FF4A0715F4805F0E5FC09210A
:10FEF0005D4806F02BF8A6215B4805F065FC5B49E0
:10FF0000594805F09BFC2346D72240F28111564800
:10FF1000009406F095FA2346DA2240F2B3115248D3
:10FF2000009406F08DFAFF234F481A46194606F052
:10FF300085F84F4A1C2340F29B114B48CDE90052F3
:10FF4000D82206F0EDF8D8F80030012B00F08880B8
:10FF5000EFF764F9444806F029FAFFF783FD96F8B5
:10FF60002030A62B02D10123C8F80030414B424D6E
:10FF70001C682A68A24207D02C60E4B264202146A3
:10FF80000EF0F0FF3B4B2C603C4A1468002C38D03C
:10FF900096F82020A52A04D13949002015220860AE
:10FFA0001A6004B0BDE8F081CDE900424FF4D17190
:10FFB000FC222D4806F006F971E600201A23FC22E7
:10FFC000CDE900014FF4C671274806F0FBF843E67F
:10FFD000CDE90041244840F2731106F0F3F822E61F
:10FFE0000DF08EF8092820607FF7E6AD00211A2376
:10FFF000FC22CDE9001040F25B11304606F0E2F839
:02000004600298
:10000000EEE52049C8F800404FF001081E48C7F847
:1000100000800F68D1F800C007600F6808681B49AE
:10002000C2F800800022C1F800C019490F601949C8
:100030000860642018490C6018490A6010490A6079
:1000400021460EF08FFF042240F2245103A82C60B9
:10005000CDF80C800FF026F81222064B1A6097E7B5
:10006000FBF77CFE74E700BF20990020D9D9D900A6
:1000700078160020E4C30020E8C30020F0C500206B
:100080002CC60020F8C50020E4C20020E8C20020F1
:10009000ECC20020F0C20020F8C3002004C60020FB
:1000A00030B52E4B87B02E4C1A6820682D49121A95
:1000B0008A4218D82C4D1A682968521A2B498A424C
:1000C0001FD80023B6EE000A4FF47A7240F299511D
:1000D00002200093CDE90133EEF7DCFD07B0BDE867
:1000E0003040EFF755B81A68214822600268196855
:1000F00001321D4D02601A682960521A1B498A425A
:10010000DFD91B4B4FF4A56105A81A68059204229C
:100110000EF0C8FF114B1A682A6010F07FFA154ADA
:100120001278002ACDD0144A1278D307C9D51349C2
:100130000A4B1A680968521A0E2AC2D910F0FCF943
:10014000FF28064BBDDD1868094A23681268C31AE8
:100150000B490C480EF03EFAB3E700BFF8C500208B
:10016000E4C20020005C2605F0C20020A0BB0D0008
:10017000348D002066C6002065C6002020C6002001
:100180000C170020188A00202DE9F041C64884B0E1
:1001900006F002FCC54DC44804F0C4FD32200EF048
:1001A0008FFC2B68142B09D80024013401200EF099
:1001B00087FC2B68192C01D0142BF6D9BA4EBC4CF5
:1001C000304604F077FDFF2330461A46194605F005
:1001D000EFFB304605F050FA772379227C21304638
:1001E00005F02CFF2368002B40F0808200251A23A5
:1001F00006220421AC48CDE9005505F0E3FF216853
:100200001A230622A848CDE900510E2105F0DAFF95
:10021000A8490024A84D1A230622A348CDE900418D
:10022000172105F07DFF29681A230622092900F30A
:1002300056821C219C48CDE9004405F0C3FF296883
:100240001A2306229848CDE90041252105F0BAFF7E
:100250000CF076FF20B1994B1968002900F0568206
:10026000974800211A230622CDE900102B218E4841
:1002700005F056FF934C2168092900F326820025DA
:100280001A2306224B218848CDE9005505F09AFF34
:1002900021681A2306228448CDE90051552105F032
:1002A00091FF894D0024894F1A2306225D217E4843
:1002B000CDE9004505F034FF3A681A23092A00F316
:1002C000FC81062263217848CDE9004405F07AFFDD
:1002D0003A681A236B217448CDE90042062205F0E2
:1002E00071FF00241A23062273216F48784FDFF82C
:1002F0000C82CDE9004505F013FF76491A2306224A
:1003000009684FF4C0656848CDE90041792105F0DE
:1003100059FF772379227C21634805F08FFE6E4ACE
:10032000172340F263116048CDE90052492205F0DD
:10033000F7FE6A4A1A234FF4B6715B48CDE90052C2
:10034000642205F0EDFE664A1A234FF4B671564852
:10035000CDE900527D2205F0E3FE624A172340F208
:100360004F115148CDE90052952205F0D9FE5E4962
:100370004D4805F063FA5D4A1A234FF4AD714A48BF
:10038000CDE90052AD2205F0CBFE4FF4A0714648F6
:1003900005F092FA0921444805F0D8FD5449424835
:1003A00005F04CFA4122234628213F48009406F0EC
:1003B00047F8B9222346D2213B48009406F040F882
:1003C000772379227C21384805F038FE494A1C23DE
:1003D00030213548CDE90052502205F0A1FE0095AC
:1003E0003B6850224C21304801931C2305F0EAFE63
:1003F000414B50229A212C48CDE900531C2305F093
:100400008FFE772379227C21274805F017FE1021E3
:10041000254805F051FA0421234805F097FD2346AD
:10042000AE2224212048009406F00AF82346AE228A
:1004300033211D48009406F003F82346912233210E
:100440001948009405F0FCFF2346912251211648DB
:10045000009405F0F5FF2346AE2251211248009486
:1004600005F0EEFF2346AE226F210F48009405F001
:10047000E7FF234691226F210B48009405F0E0FF2F
:10048000234691228D210848009405F0D9FF234688
:10049000AE228D210448009405F0D2FF2346AE22FF
:1004A000AB21014800942BE020990020308A0020E5
:1004B00030C300206407002040C30020C0C20020D9
:1004C00070070020DCC200207807002050C3002005
:1004D000348D00203CC6002038090020440900204B
:1004E000540900206809002058D75A0070090020DC
:1004F000F2F2F2005C16002060160020ECC500202D
:1005000005F09EFF23469122AB219D48009405F003
:1005100097FF23469122C9219948009405F090FF46
:100520002346AE22C9219648009405F089FF234650
:10053000AE22D8219248009405F082FF914990485C
:1005400005F07CF998218E4805F0F4F902218C48D9
:1005500005F0FCFC8C4B00941A888C4B8848198859
:10056000234605F06DFFFF2385481A46194605F01E
:1005700065FD0121824805F0E9FC062322464FF47F
:10058000C8717F48009405F05BFF4FF4A0717C4870
:1005900005F092F909217A4805F0D8FC4021784805
:1005A00005F012F97A49764805F048F92346D72232
:1005B00040F213117248009405F042FF2346DA22FC
:1005C00040F245116E48009405F03AFFFF236C4855
:1005D0001A46194605F032FD6E4BD8224FF495713C
:1005E0006748CDE900531C2305F09AFD4FF4A07134
:1005F000634805F061F90921614805F0A7FC412134
:100600005F4805F0E1F862495D4805F017F92346B7
:10061000D72240F281115A48009405F011FF234679
:10062000DA2240F2B3115648009405F009FFFF2387
:1006300053481A46194605F001FD574A1C2340F25B
:100640009B114F48CDE90052D82205F069FDD8F83A
:100650000030012B00F09180EEF7E0FD484805F0F6
:10066000A5FEFFF71DFD96F82030412B02D1012396
:10067000C8F80030494B4A4D1C682A68A24207D08E
:100680002C60E4B2642021460EF06CFC434B2C60DD
:10069000444A1468002C43D096F82020402A09D1FF
:1006A00000224148414C02600020414922601C2246
:1006B00008601A6004B0BDE8F081CDE90042612114
:1006C00006222F4805F07EFD0BE600201A230622A5
:1006D000CDE900014B212A4805F074FDE1E5CDE9A3
:1006E000004127481B2105F06DFDB1E50CF008FD28
:1006F000092820607FF77AAD00211A230622CDE970
:1007000000100421304605F05DFD81E529481A23DB
:100710000622CDE900102B21194805F001FDA9E5BD
:100720002549C8F800404FF001080868C2F8008069
:10073000224AC7F8008010600868214A10600868E3
:10074000204A0968106064201F4A11600021174A7E
:100750001460154A1460164A116021460EF002FC1E
:1007600004224FF4A56103A82C60CDF80C800EF094
:1007700099FC1922094B1A608EE7FBF7EFFA6BE739
:10078000209900206246AC00AC8E0020A88E00208C
:10079000D9D9D9007016002078160020E4C30020B3
:1007A000E8C30020F0C50020F0C30020ECC3002007
:1007B0002CC6002068070020F8C50020E4C20020F5
:1007C000E8C20020ECC20020F0C2002030B52E4B61
:1007D00087B02E4C1A6820682D49121A8A4218D800
:1007E0002C4D1A682968521A2B498A421FD80023B7
:1007F000B6EE000A4FF47A7240F6333102200093CD
:10080000CDE90133EEF746FA07B0BDE83040EEF728
:10081000BFBC1A68214822600268196801321D4D68
:1008200002601A682960521A1B498A42DFD91B4BA1
:1008300040F2345105A81A68059204220EF032FCE9
:10084000114B1A682A600FF0E9FE154A1278002A47
:10085000CDD0144A1278D307C9D513490A4B1A6868
:100860000968521A0E2AC2D90FF066FEFF28064BFD
:10087000BDDD1868094A23681268C31A0B490C4881
:100880000DF0A8FEB3E700BFF8C50020E4C20020C9
:10089000005C2605F0C20020A0BB0D00288D0020C2
:1008A00066C6002065C6002020C600204417002030
:1008B000188A00202DE9F041C64884B006F06CF893
:1008C000C54DC44804F02EFA32200EF0F9F82B681A
:1008D000142B09D80024013401200EF0F1F82B6804
:1008E000192C01D0142BF6D9BA4EBC4C304604F06A
:1008F000E1F9FF2330461A46194605F059F830460B
:1009000004F0BAFE772379227C21304605F096FB6D
:100910002368002B40F0808200251A230622042140
:10092000AC48CDE9005505F04DFC21681A2306229C
:10093000A848CDE900510E2105F044FCA849002447
:10094000A84D1A230622A348CDE90041172105F03E
:10095000E7FB29681A230622092900F356821C2185
:100960009C48CDE9004405F02DFC29681A23062295
:100970009848CDE90041252105F024FC0CF0E0FB6E
:1009800020B1994B1968002900F056829748002140
:100990001A230622CDE900102B218E4805F0C0FB5A
:1009A000934C2168092900F3268200251A23062288
:1009B0004B218848CDE9005505F004FC21681A2335
:1009C00006228448CDE90051552105F0FBFB894DF5
:1009D0000024894F1A2306225D217E48CDE9004577
:1009E00005F09EFB3A681A23092A00F3FC810622CF
:1009F00063217848CDE9004405F0E4FB3A681A2306
:100A00006B217448CDE90042062205F0DBFB00248F
:100A10001A23062273216F48784FDFF80C82CDE944
:100A2000004505F07DFB76491A23062209684FF43C
:100A3000C0656848CDE90041792105F0C3FB772303
:100A400079227C21634805F0F9FA6E4A172340F2B7
:100A500063116048CDE90052492205F061FB6A4A02
:100A60001A234FF4B6715B48CDE90052642205F0B9
:100A700057FB664A1A234FF4B6715648CDE9005227
:100A80007D2205F04DFB624A172340F24F11514879
:100A9000CDE90052952205F043FB5E494D4804F034
:100AA000CDFE5D4A1A234FF4AD714A48CDE900529C
:100AB000AD2205F035FB4FF4A071464804F0FCFE72
:100AC0000921444805F042FA5449424804F0B6FE70
:100AD0004122234628213F48009405F0B1FCB92269
:100AE0002346D2213B48009405F0AAFC77237922C3
:100AF0007C21384805F0A2FA494A1C2330213548A8
:100B0000CDE90052502205F00BFB00953B685022C6
:100B10004C21304801931C2305F054FB414B5022DB
:100B20009A212C48CDE900531C2305F0F9FA7723CC
:100B300079227C21274805F081FA1021254804F00C
:100B4000BBFE0421234805F001FA2346AE222421EE
:100B50002048009405F074FC2346AE2233211D4842
:100B6000009405F06DFC234691223321194800942E
:100B700005F066FC2346912251211648009405F0A9
:100B80005FFC2346AE2251211248009405F058FC28
:100B90002346AE226F210F48009405F051FC2346F6
:100BA00091226F210B48009405F04AFC23469122C4
:100BB0008D210848009405F043FC2346AE228D2188
:100BC0000448009405F03CFC2346AE22AB210148CA
:100BD00000942BE020990020308A002030C30020B0
:100BE0006407002040C30020C0C20020700700201E
:100BF000DCC200207807002050C30020288D002090
:100C00003CC6002038090020440900205409002077
:100C10006809002058D75A0070090020F2F2F2004B
:100C20005C16002060160020ECC5002005F008FCD2
:100C300023469122AB219D48009405F001FC2346F8
:100C40009122C9219948009405F0FAFB2346AE226F
:100C5000C9219648009405F0F3FB2346AE22D82123
:100C60009248009405F0ECFB9149904804F0E6FDB1
:100C700098218E4804F05EFE02218C4805F066F94A
:100C80008C4B00941A888C4B88481988234605F0B1
:100C9000D7FBFF2385481A46194605F0CFF90121F5
:100CA000824805F053F90A2322464FF4C8717F4861
:100CB000009405F0C5FB4FF4A0717C4804F0FCFDE6
:100CC00009217A4805F042F9D521784804F07CFDE5
:100CD0007A49764804F0B2FD2346D72240F2131138
:100CE0007248009405F0ACFB2346DA2240F245112D
:100CF0006E48009405F0A4FBFF236C481A46194681
:100D000005F09CF96E4BD8224FF495716748CDE9F8
:100D100000531C2305F004FA4FF4A071634804F05B
:100D2000CBFD0921614805F011F9D6215F4804F097
:100D30004BFD62495D4804F081FD2346D72240F215
:100D400081115A48009405F07BFB2346DA2240F2D9
:100D5000B3115648009405F073FBFF2353481A461D
:100D6000194605F06BF9574A1C2340F29B114F4876
:100D7000CDE90052D82205F0D3F9D8F80030012B84
:100D800000F09180EEF74AFA484805F00FFBFFF7B4
:100D90001DFD96F82030D62B02D10123C8F8003073
:100DA000494B4A4D1C682A68A24207D02C60E4B225
:100DB000642021460EF0D6F8434B2C60444A146858
:100DC000002C43D096F82020D52A09D10022414892
:100DD000414C02600020414922603D2208601A60B7
:100DE00004B0BDE8F081CDE90042612106222F4820
:100DF00005F0E8F90BE600201A230622CDE90001F0
:100E00004B212A4805F0DEF9E1E5CDE9004127480C
:100E10001B2105F0D7F9B1E50CF072F90928206023
:100E20007FF77AAD00211A230622CDE900100421B4
:100E3000304605F0C7F981E529481A230622CDE995
:100E400000102B21194805F06BF9A9E52549C8F8D0
:100E500000404FF001080868C2F80080224AC7F835
:100E6000008010600868214A10600868204A0968FC
:100E7000106064201F4A11600021174A1460154A4F
:100E80001460164A116021460EF06CF8042240F2FC
:100E9000345103A82C60CDF80C800EF003F93A22EF
:100EA000094B1A608EE7FAF759FF6BE7209900208B
:100EB0005090D300AC8E0020A88E0020D9D9D90044
:100EC0007016002078160020E4C30020E8C300203C
:100ED000F0C50020F0C30020ECC300202CC6002089
:100EE00068070020F8C50020E4C20020E8C2002006
:100EF000ECC20020F0C2002030B52F4B87B02F4C41
:100F00001A6820682E49121A8A421BD82D4D1A6879
:100F10002968521A2C498A4222D80023B6EE000AC8
:100F200040F6A66240F2995103200093CDE90133C7
:100F3000EDF7B0FEBE226E21244807B0BDE8304078
:100F4000EEF7D4B91A6822482260026819680132A3
:100F50001C4D02601A682960521A1B498A42DCD96A
:100F60001B4B40F22C5105A81A68059204220EF082
:100F700099F8114B1A682A600FF050FB154A127845
:100F8000002ACAD0144A1278D307C6D513490A4B8F
:100F90001A680968521A0E2ABFD90FF0CDFAFF2835
:100FA000054BBADD18680A4A23681268C31A0C494F
:100FB0000C480DF00FFBB0E7F8C50020E4C200209C
:100FC000005C2605F0C20020A0BB0D00FCC3002081
:100FD000208D002066C6002065C6002020C60020A7
:100FE00080170020188A00202DE9F041C94884B0FC
:100FF00005F0D2FCC84DC74803F094FE32200DF036
:101000005FFD2B68142B09D80024013401200DF05A
:1010100057FD2B68192C01D0142BF6D9BD4EBF4CAF
:10102000304603F047FEFF2330461A46194604F0C7
:10103000BFFC304604F020FB772379227C21304628
:1010400004F0FCFF2368002B40F0148200251A23D3
:10105000FC224FF4AD71AF48CDE9005505F0B2F870
:1010600021681A23FC22AB48CDE900514FF4B2713C
:1010700005F0A8F8AA490024AA4D1A23FC22A54885
:10108000CDE900414FF4B77105F04AF829681A23F9
:10109000FC22092900F3E68140F273119D48CDE955
:1010A000004405F08FF829681A23FC229948CDE9FD
:1010B00000414FF4BE7105F085F89B4C2168092969
:1010C00000F3C58100251A23FC224FF4C671914814
:1010D000CDE9005505F076F821681A23FC228D48E9
:1010E000CDE900514FF4CB7105F06CF88F4D002421
:1010F0008F4F1A23FC224FF4CF718648CDE900456B
:1011000005F00EF83A681A23092A00F39781FC22A9
:101110004FF4D2717F48CDE9004405F053F83A68A6
:101120001A234FF4D6717B48CDE90042FC2205F02A
:1011300049F800241A23FC224FF4DA7175487D4FD8
:10114000DFF82C82CDE9004504F0EAFF7A491A2342
:10115000FC2209684FF4C0656E48CDE900414FF4A8
:10116000DD7105F02FF8772379227C21694804F09E
:1011700065FF724A172340F263116648CDE90052B9
:10118000492204F0CDFF6E4A1A234FF4B67161482C
:10119000CDE90052642204F0C3FF6A4A172340F2EB
:1011A0004F115C48CDE90052952204F0B9FF664921
:1011B000584804F043FB654A1A234FF4AD71554873
:1011C000CDE90052AD2204F0ABFF4FF4A0715148BD
:1011D00004F072FB09214F4804F0B8FE5C494D4809
:1011E00004F02CFB4122234623214A48009405F0B9
:1011F00027F9BE222346E0214648009405F020F955
:10120000772379227C21434804F018FF514A1C239C
:1012100030214048CDE90052502204F081FF009572
:101220003B6850224C213B4801931C2304F0CAFF29
:10123000494B50229A213748CDE900531C2304F032
:101240006FFFFF2333481A46194604F0F7FE0121C9
:10125000304804F07BFE07237D221B212D4800949B
:1012600005F0EEF83D492B4804F0E8FA98212948AA
:1012700004F060FB0221274804F068FE384B00941C
:101280001A88384B23481988234605F0D9F8FF23DC
:1012900020481A46194604F0D1FE01211D4804F0E9
:1012A00055FE052322464FF4C8711A48009405F0F4
:1012B000C7F84FF4A071174804F0FEFA0921154849
:1012C00004F044FE8E21134804F07EFA26491148AA
:1012D00004F0B4FA2346D72240F213110D480094CB
:1012E00005F0AEF82346DA2240F245110948009491
:1012F00005F0A6F8FF2307481A46194604F09EFE9B
:101300001A4BD8224FF495710248CDE900531C23A3
:1013100030E000BF20990020308A002030C3002038
:101320006407002040C30020DCC2002078070020B2
:1013300050C30020208D00203CC60020380900202A
:10134000001000206809002058D75A0070090020BA
:10135000F2F2F2005C160020601600208B342600AA
:10136000AC8E0020A88E0020D9D9D900701600209C
:10137000ECC5002004F0D4FE4FF4A0715F4804F0E7
:101380009BFA09215D4804F0E1FD8F215B4804F0E0
:101390001BFA5B49594804F051FA2346D72240F220
:1013A00081115648009405F04BF82346DA2240F2AA
:1013B000B3115248009405F043F8FF234F481A46F2
:1013C000194604F03BFE4F4A1C2340F29B114B4848
:1013D000CDE90052D82204F0A3FED8F80030012B4A
:1013E00000F08980EDF71AFF444804F0DFFFFFF7B3
:1013F00083FD96F820308F2B02D10123C8F80030EE
:10140000414B424D1C682A68A24207D02C60E4B2CE
:10141000642021460DF0A6FD3B4B2C603C4A14682D
:10142000002C38D096F820208E2A04D1394900208B
:10143000322208601A6004B0BDE8F081CDE90042B4
:101440004FF4D171FC222D4804F0BCFE71E600205F
:101450001A23FC22CDE900014FF4C671274804F09D
:10146000B1FE43E6CDE90041244840F2731104F097
:10147000A9FE22E60BF044FE092820607FF7E6ADC6
:1014800000211A23FC22CDE9001040F25B11304606
:1014900004F098FEEEE520490120C8F80040D1F89C
:1014A00000C01060002238601C48D1F800E0C0F88D
:1014B00000C0D1F800C008681949C1F800E0194916
:1014C000C1F800C018490860642018490C60184928
:1014D0000A6010490A6021460DF044FD3868042274
:1014E00040F22C51039003A82C600DF0DBFD2F225D
:1014F000054B1A6096E7FAF731FC73E72099002054
:10150000D9D9D90078160020E4C30020E8C3002010
:10151000F0C500202CC60020F8C50020E4C2002041
:10152000E8C20020ECC20020F0C20020FCC3002072
:1015300008C6002070B5504C86B0504D236829680D
:101540004F4A5B1A93424DD84E4E236832689B1A1D
:101550004D4A934254D84D4A4FF47A714C48126820
:101560004C4B30F812E0950103EB821CAEF13202D5
:10157000DCF81040DCF8280092B2DCF81C6001FBBB
:1015800004F401FB00F001FB06FC40F2B6318A4294
:1015900069D807EE90EADFED405ADFED406AB8EE19
:1015A000E77AF6EE007A87EE256AE6EE267AFCEE1A
:1015B000E77A17EE902A91B22B44DFED397A93ED5A
:1015C000030A9A68012380EE270A0190CDF808C02B
:1015D00002200094EDF75EFB324806B0BDE8704093
:1015E000EDF79ABB304920680B6822680133254E1D
:1015F00028600B60236832609B1A234A9342AAD961
:10160000294B04224FF4A66105A81B6805930DF031
:1016100049FD2A6805A8236840F23C519B1A042220
:1016200005930DF03FFD236833600EF0F7FF1F4B6D
:101630001B78002B8FD01E4B1B78DB078BD51D4AE8
:10164000236812689B1A0E2B85D90EF075FFFF28B0
:1016500081DD20682B68144AC31A1749126817489D
:101660000CF0B8FF77E75A5940F2666140F299569C
:10167000012A08BF31469FE7F8C50020E4C20020D8
:10168000005C2605F0C20020A0BB0D0078C300203E
:10169000C8C200203088002000007A4400F07F4556
:1016A0000000C842888E0020088D002066C60020F9
:1016B00065C6002020C60020B8170020188A002028
:1016C00070B5644C86B0644D23682968634A5B1A20
:1016D000934271D8624E236832689B1A614A9342E2
:1016E00078D8614B4FF47A72604D19689FED607A3B
:1016F00005EB81138E01D3ED017A1869F4EEC77AF8
:101700009C6ADB6902FB00F002FB04FCF1EE10FABC
:1017100002FB03F30DDDF7EE005ADFED566A85EEAE
:10172000A76AF6EE007AE6EE267AFCEEE77A17EE86
:10173000902A514C34F811E040F2B634AEF1320147
:1017400089B2A1427DD807EE90EADFED4A5ADFED7B
:101750004B6AB8EEE77AF6EE007A87EE256AE6EE97
:10176000267AFCEEE77A17EE901A89B20293B6EE6B
:10177000000A0123CDE9000C0320EDF78BFA404B62
:101780001A782AB11B78022B02D0DFED3E7A08E0EE
:101790003D4B9FED377AD3ED007AF8EE677A67EE2E
:1017A000877A3A4BD02280213948C3ED007A06B0BF
:1017B000BDE87040EDF79ABD364920680B68226895
:1017C0000133274E28600B60236832609B1A254A3C
:1017D000934286D92F4B04224FF4A66105A81B68BB
:1017E00005930DF05FFC2A6805A8236840F23C5180
:1017F0009B1A042205930DF055FC236833600EF00C
:101800000DFF254B1B78002B3FF46BAF234B1B7850
:10181000DB077FF566AF224A236812689B1A0E2BFE
:101820007FF65FAF0EF088FEFF287FF75AAF206883
:101830002B68184AC31A1B4912681B480CF0CAFED1
:101840004FE7AD5940F2666140F29954012D08BF4F
:1018500021468BE7F8C50020E4C20020005C260585
:10186000F0C20020A0BB0D0078C30020308800200B
:101870006F12833A00007A44C8C2002000F07F450E
:1018800053C6002000000000D89E0020888E002053
:10189000F4C30020088D002066C6002065C6002025
:1018A00020C60020B8170020188A00202DE9F04F2C
:1018B000B34885B005F070F8B24DB14803F032FA84
:1018C00032200DF0FDF82B68142B09D800240134C8
:1018D00001200DF0F5F82B68192C01D0142BF6D946
:1018E000DFF89C82A84C404603F0E4F9FF23404611
:1018F0001A46194604F05CF8404603F0BDFE772313
:1019000079227C21404604F099FB2368002B40F0AB
:10191000268100251A23062204219948CDE9005585
:1019200004F050FC21681A2306229548CDE90051A5
:101930000E2104F047FC95490024954D1A230622F8
:101940008F48CDE90041172104F0EAFB29681A23EA
:101950000622092900F3FC801C218948CDE90044B6
:1019600004F030FC29681A2306228548CDE900419D
:10197000252104F027FC0BF0E3FB20B1854B19680F
:10198000002900F05184844800211A230622CDE961
:1019900000102B217A4804F0C3FB804C21680929F0
:1019A00000F3378400251A2306224B217448CDE921
:1019B000005504F007FC21681A2306227048CDE97F
:1019C0000051552104F0FEFB754D0024754E1A237D
:1019D00006225D216A48CDE9004504F0A1FB32688A
:1019E0001A23092A00F30C84062263216448CDE9F6
:1019F000004404F0E7FB32681A236B216048CDE90C
:101A00000042062204F0DEFB00241A230622732182
:101A10005B48654ECDE9004504F082FB6349644DA7
:101A20001A23096806225648CDE9004179214FF46E
:101A3000C06404F0C7FB772379227C21504804F06E
:101A4000FDFA2B684D215B4A4D4801FB03221E2302
:101A5000F021CDE900421A2204F062FB564A182315
:101A600040F259114648CDE90042492204F058FBA2
:101A7000524A1B234FF4B1714148CDE90042642220
:101A800004F04EFB2B681B225A2106EB83134FF404
:101A9000CD7093ED010AEDF733FB494B642240F220
:101AA000B3113748CDE900431B2304F039FB2B6801
:101AB0009B01F758002F40F08F80424A1A234FF4C1
:101AC000A5712F4801927D22009404F029FB2B6818
:101AD00074224FF4AF7106EB83132948D3ED037AD8
:101AE0001A230097FCEEE77ACDED017A04F06AFB49
:101AF000354A1A2340F27511214801927422009749
:101B000004F00EFB314B296840F2B63033F8113047
:101B1000A3F1320292B2824200F2CA8407EE903AF6
:101B20009FED2B7AF8EEE77A87EE870A1A22742166
:101B30004FF4D270EDF7E4FA264A00234FF4E17136
:101B40000F48CDE900321A23742204F0E9FA72E05A
:101B5000CDE900410A481B2104F034FB0BE70BF0F0
:101B6000CFFA092820607FF7D4AE00211A2306227D
:101B7000CDE900100421404604F024FBDBE600BF61
:101B800020990020308A002030C300206407002004
:101B900040C30020C0C2002070070020DCC200202B
:101BA0007807002050C30020308800203CC6002069
:101BB00078C300209C8D002038090020CC1500201F
:101BC00050090020D8150020E0150020C8C20020D0
:101BD00000007A444C110020D04A1B234FF4B1710D
:101BE000CF4801927D22009404F09AFACD4B2968E7
:101BF00040F2B63033F81130A3F1320292B2824291
:101C000000F25E8407EE903A9FEDC77AF8EEE77A2D
:101C100087EE870A1B2273214FF4D270EDF770FA1A
:101C2000C24A00234FF4E171BD48CDE900321B23C5
:101C3000732204F075FA4FF4C06ABD4B952240F24E
:101C40004511B7480024DFF80CB3DFF80C93B94F07
:101C5000CDE900A3182304F063FAB14803F07CFD3A
:101C6000332366220721AE4804F0E8F91023AB22A3
:101C700040F21311AA480094CDF804B004F050FAD1
:101C80002B68AB224FF49D7106EB8313A4485B696C
:101C9000CDE90043102304F095FA2B68AB2240F203
:101CA0005B1106EB83139E489B69CDE9004310232B
:101CB00004F088FA9A4803F017FD994803F04CFDA8
:101CC000332366220721964804F0B8F91223A6228E
:101CD00040F24D1192480094CDF8049004F020FA9F
:101CE0001223A72240F26B118D480094019704F053
:101CF00017FA8B4803F0F8FC894803F02DFD5623B2
:101D00001722BD21864804F099F98B4BB92240F285
:101D10001311834800940193102304F001FA2B68F7
:101D2000B9224FF49D7106EB83137D48DB6ACDE940
:101D30000043102304F046FA2B68B92240F25B11ED
:101D400006EB831376481B6BCDE90043102304F0A8
:101D500039FA1223B42240F24D117148CDE90049FD
:101D600004F0DEF91223B52240F26B116C48CDE984
:101D7000004704F0D5F96A4803F0B6FC684803F060
:101D8000EBFC332366220721654804F057F9102342
:101D9000C72240F213116248CDE9004B04F0C0F9AC
:101DA0002B68C7224FF49D7106EB83135C481B6AB6
:101DB000CDE90043102304F005FA2B68C72240F256
:101DC0005B1106EB831356485B6ACDE90043102391
:101DD00004F0F8F91223C22240F24D115048CDE927
:101DE000004904F09DF91223C32240F26B114C48C4
:101DF000CDE9004704F094F9494803F075FC7723D6
:101E000079227C21464804F019F94C4BB9224FF451
:101E1000BB71434800940193102304F081F94048BA
:101E200003F09AFC2B68B9224FF4CE7106EB8313B2
:101E30003B489B6BCDE90043102304F0C3F92B68AA
:101E4000B9224FF4DE7106EB83133548DB6BCDE925
:101E50000043102304F0B6F9314803F045FC304844
:101E600003F07AFC1223B4224FF4D7712C48CDE949
:101E7000004904F055F91223B52240F2CD1128484B
:101E8000DFF8D890CDE9004704F04AF9244803F080
:101E90002BFC4FF4A071224803F00EFD09212048CD
:101EA00004F054F826491E4803F0C8FC234641229A
:101EB00024211B48009404F0C3FA2346CD22E621D6
:101EC0001748009404F0BCFA1E4B9FED1F7A79224C
:101ED000D3ED007A7C211D4F7723B7EEE73A1C4CF7
:101EE000C7EE876A0E489FED094B9FED0A5B83EEB4
:101EF000047BFDEEE66AB8EEE66AC7ED006AB7EE6F
:101F0000C66A37EE467B27EE057B29E0000000001D
:101F10000020AC400000000000004E40E41500200E
:101F200020990020C8C2002000007A444C110020F3
:101F300068090020F4150020F8150020CC130020BB
:101F4000F2F2F200888E0020000061452CC30020D0
:101F500048C30020F015002074180020088D0020D0
:101F6000BDEEC77B84ED007A04F068F8BC4B4622D6
:101F70003621BC4801931C23CDF800A004F0D0F812
:101F8000CDF800A0D9F800001C2346225221019070
:101F9000B44804F017F9B44B4622A02101931C2346
:101FA000B048CDF800A004F0BBF82B68AF4A06EBB0
:101FB00083131969914200F04281DB69934200F07A
:101FC0003E81AB4B6B224821A64801931B23CDF8E1
:101FD00000A004F0A5F83B686B228121A148CDE95F
:101FE00000A31B2304F0EEF8A24B6B22A2219D4814
:101FF00001931B23CDF800A004F092F823686B2214
:10200000C5219848CDE900A31B2304F0DBF89A4AC8
:102010001B23E32101926B229248CDF800A004F02B
:102020007FF8772379227C218E4804F007F82B680B
:102030009B01F458002C00F03B81012C11D1FF23AF
:1020400088481A46194603F0F9FF2146854803F0EF
:102050007DFF00238F221B2100930723814804F07A
:10206000EFF900237F480024DFF83CA21A46194606
:1020700003F0E4FF98217B484FF4C06703F05AFC5B
:102080000221784803F062FF7C4A009423461288BC
:10209000BAF80010734804F0D3F9FF2371481A46C8
:1020A000194603F0CBFF01216E4803F04FFF0923CF
:1020B00022464FF4C8716B48009404F0C1F94FF404
:1020C000A071684803F0F8FB0921664803F03EFF61
:1020D0009C21644803F078FB6949624803F0AEFB39
:1020E0002346EB224FF48C715E48009404F0A8F96B
:1020F0002346EE224FF4A5715A48009404F0A0F94B
:10210000FF2358481A46194603F098FF5D4BEC220E
:1021100040F22F11534801931C23009704F000F85C
:102120004FF4A0714F4803F0C7FB09214D4803F05D
:102130000DFF9D214B4803F047FB5149494803F0EF
:102140007DFB2346EB224FF4C3714648009404F014
:1021500077F92346EE224FF4DC714248009404F0F4
:102160006FF9FF233F481A46194603F067FF464BB5
:10217000DFF838B1EC2201934FF4D0711C233948B9
:10218000009703F0CDFFDBF80030012B00F08D81CC
:10219000EDF744F8334804F009F92B689B01F35834
:1021A000002B00F07F81012B00F0928198F8203005
:1021B0009D2B02D10123CBF80030344E344F3468CC
:1021C0003A68A2420BD03C60E4B2642021460CF095
:1021D000C9FE297840F216503C600CF0C3FE2D4A2F
:1021E0001468002C00F0238198F820309C2B04D137
:1021F000294A002135231160336005B0BDE8F08F16
:10220000CDE9004261210622164803F0DBFFFFF70B
:10221000FBBB00201A230622CDE900014B21114807
:1022200003F0D0FFFFF7D0BB1C481A230622CDE9EC
:1022300000102B210B4803F073FFFFF7AEBB1849CA
:10224000084803F0FBFA174B6B22482101934FF427
:10225000C063044800931A2303F062FFE1E600BF65
:102260005C1600202099002060160020805101009B
:10227000BC160020CC160020B8130020AC8E002025
:10228000D9D9D9007016002078160020E4C30020A8
:10229000E8C30020F0C500202CC6002068070020FD
:1022A00058D75A0070090020A88E0020ECC50020E5
:1022B00010218D4803F000FB04218B4803F046FEFB
:1022C0002346C22224218848009404F0B9F823460A
:1022D000C22233218448009404F0B2F82346A52298
:1022E00033218148009404F0ABF82346A52238211D
:1022F0007D48009404F0A4F82346C22238217A488D
:10230000009404F09DF82346C2223D2176480094B3
:1023100004F096F82346A5223D217348009404F06A
:102320008FF82346A52242216F48009404F088F8D4
:102330002346C22242216C48009404F081F82346CF
:10234000C22247216848009404F07AF82346A52267
:1023500047216548009404F073F82346A5224C21D8
:102360006148009404F06CF82346C2224C215E4878
:10237000009404F065F82346C22279215A4800945B
:1023800004F05EF82346A52279215748009404F012
:1023900057F82346A5227E215348009404F050F8B4
:1023A0002346C2227E215048009404F049F8234677
:1023B000C22283214C48009404F042F82346A5220F
:1023C00083214948009404F03BF82346A522882144
:1023D0004548009404F034F82346C222882142483C
:1023E000009404F02DF82346C2228D213E4800942B
:1023F00004F026F82346A5228D213B48009404F0E2
:102400001FF82346A52292213748009404F018F8BB
:102410002346C22292213448009404F011F8234646
:10242000C222DC213048009404F00AF819E62F4952
:102430000120CBF800400B68106000220D68C9F83D
:10244000000008682A490B602A492B4B0D602B4974
:10245000086064202A490C602A490C602A490C60F3
:102460003421CAF800108021196028490A602849DF
:102470000C6028490A6021460CF074FDD9F8002050
:102480004FF4A66103A8039204223C600CF00AFEFC
:10249000042203A840F23C5103940CF003FE2923CC
:1024A0003360A1E6FFF746F880E6F9F757FC6FE6E0
:1024B00089017358012B0ED09FED170AFFF736BB29
:1024C00089017358012B0AD09FED130AFFF7A2BBB5
:1024D000FFF7F6F86AE69FED110AFFF727BB9FEDBD
:1024E0000F0AFFF797BB00BF20990020F8C5002016
:1024F000E4C20020E8C20020AC8E0020ECC2002024
:10250000F48C0020F88C0020FC8C00202CC60020CD
:10251000F4C3002000C60020CDCCCC3E3333B33E04
:10252000F0B5CB4883B004F037FACA4DC84802F082
:10253000F9FB32200CF0C4FA2B68142B09D80024C4
:10254000013401200CF0BCFA2B68192C01D0142B9B
:10255000F6D9BF4EC04C304602F0ACFBFF233046EC
:1025600019461A4603F024FA304603F085F821682C
:10257000092900F3A28100251A23FC224FF4AD7132
:102580003046CDE9005503F01DFE21681A23FC22D8
:102590003046CDE9005140F2651103F013FEAF491A
:1025A0000024AF4D1A23FC22A948CDE900414FF485
:1025B000B77103F0B5FD29681A23FC22092900F33D
:1025C0009B8140F27311A248CDE9004403F0FAFD6B
:1025D00029681A23FC229E48CDE900414FF4BE71C0
:1025E00003F0F0FD9F4C2168092900F37A81002552
:1025F0001A23FC2240F283119548CDE9005503F0DF
:10260000E1FD21681A23FC229148CDE900514FF4E5
:10261000CB7103F0D7FD944D0024944F1A23FC2274
:102620004FF4CF718A48CDE9004503F079FD3A684F
:102630001A23092A00F34C81FC224FF4D2718448FA
:10264000CDE9004403F0BEFD3A681A234FF4D67179
:102650007F48CDE90042FC2203F0B4FD00241A2398
:10266000FC224FF4DA717A48CDE9004503F058FDB9
:102670007F491A23FC2209684FF4C0657448CDE9EC
:1026800000414FF4DD7103F09DFD4FF4A0717048DF
:1026900003F012F909216E4803F058FC75496C48A3
:1026A00003F0CCF8462223465D216948009403F0EC
:1026B000C7FEE622234640F283116548009403F0EA
:1026C000BFFE772379227C21614803F0B7FC6A4A78
:1026D0001B23F0215E48CDE90052532203F020FD78
:1026E000664A1B23F0215A48CDE900526E2203F0BE
:1026F00017FD6349564803F0A1F84C21544803F0F4
:1027000063F84FF42071524803F014F90221504845
:1027100003F01CFCB922234696214D48009403F097
:102720008FFEFF234A481A46194603F087FC554A94
:102730001B2396214648CDE90052B92203F0F0FC54
:102740004F49434803F07AF8BC21414803F03CF874
:102750004FF420713E4803F0EDF802213C4803F0AD
:10276000F5FBB9222346F0213948009403F068FEB6
:10277000FF2337481A46194603F060FC424A1B23E0
:10278000F0213348CDE90052B92203F0C9FC3C499D
:102790002F4803F053F8DC212D4803F015F84FF4CF
:1027A00020712B4803F0C6F80221294803F0CEFB24
:1027B000B92223464FF4A5712548009403F040FE4A
:1027C000FF2323481A46194603F038FC2F4A1B23DF
:1027D0004FF4A5711E48CDE90052B02203F0A0FCD1
:1027E0002B4A1B234FF4A5711948CDE90052C4228E
:1027F00003F096FCA021164803F05EF80921144866
:1028000003F0A4FB4B21124802F0DEFF1C491048E4
:1028100003F014F8042223460D481146009403F0F7
:102820000FFE2322234637210948009403F008FEB7
:10283000FF2307481A46194603F000FC154A1B23DC
:102840001F210348CDE90052142203F069FC23E064
:1028500020990020308A002030C300206407002027
:1028600040C30020DCC200207807002050C30020B5
:102870003CC60020F2F2F200F41700200C180020F1
:10288000D9D9D90028180020341800204018002079
:102890004C18002084070020254803F087FD96F897
:1028A0002030BC2B3ED02FD84B2B36D04C2B32D1E6
:1028B000204B20221A6003B0F0BD00201A23FC2216
:1028C000CDE9000140F25B11304603F07BFC66E687
:1028D000CDE900424FF4D171FC22154803F072FC9F
:1028E000BCE600201A23FC22CDE900014FF4C6719A
:1028F0000F4803F067FC8EE6CDE900410C4840F23A
:10290000731103F05FFC6DE6DC2B04D10A49402211
:10291000084B0C701A6003B0F0BD064B01221A6020
:1029200003B0F0BD034B21221A6003B0F0BD00BF1D
:1029300020990020E4C300205BC6002070B5424C03
:1029400082B0FF21002520464FF4C06603F062FAF2
:10295000A021204602F0B0FF0921204603F0F6FA3C
:102960005821204602F030FF3849204602F066FF29
:10297000802220462B462946009503F061FD9E22C9
:102980002B4637212046009503F05AFDFF232046B1
:102990001A46194603F052FB2D4A1B231D212046DF
:1029A000CDE900628E2203F0BBFBFF21204603F03D
:1029B00031FAA021204602F07FFF0921204603F0D2
:1029C000C5FA5721204602F0FFFE2049204602F0BA
:1029D00035FF80222B4640F2A7112046009503F0D8
:1029E0002FFD9E222B464FF4EF712046009503F0F9
:1029F00027FDFF2320461A46194603F01FFB154A00
:102A00001B2340F2BF112046CDE900628E2203F065
:102A100087FB94F82030572B09D0582B05D10E4A4C
:102A20001368002B0CDD013B136002B070BD0A4A35
:102A300013680B2BCCBF0C230133136002B070BDA5
:102A4000156002B070BD00BF20990020D9D9D9000F
:102A5000541800205818002034C3002070B5424C90
:102A600082B0FF21002520464FF4C06603F0D2F962
:102A7000A021204602F020FF0921204603F066FA3B
:102A80005821204602F0A0FE3849204602F0D6FE2A
:102A9000802220462B462946009503F0D1FC9E2239
:102AA0002B4637212046009503F0CAFCFF23204621
:102AB0001A46194603F0C2FA2D4A1B231D2120464F
:102AC000CDE900628E2203F02BFBFF21204603F0AC
:102AD000A1F9A021204602F0EFFE0921204603F0D3
:102AE00035FA5721204602F06FFE2049204602F0B9
:102AF000A5FE80222B4640F2A7112046009503F048
:102B00009FFC9E222B464FF4EF712046009503F068
:102B100097FCFF2320461A46194603F08FFA154A00
:102B20001B2340F2BF112046CDE900628E2203F044
:102B3000F7FA94F82030572B09D0582B05D10E4ABC
:102B40001368002B0CDD013B136002B070BD0A4A14
:102B500013683A2BCCBF3B230133136002B070BD26
:102B6000156002B070BD00BF20990020D9D9D900EE
:102B700054180020581800204CC3002070B5414C58
:102B800082B0FF21002520464FF4C06603F042F9D1
:102B9000A021204602F090FE0921204603F0D6F93C
:102BA0005821204602F010FE3749204602F046FE2A
:102BB000802220462B462946009503F041FC9E22A8
:102BC0002B4637212046009503F03AFCFF23204690
:102BD0001A46194603F032FA2C4A1B231D212046BF
:102BE000CDE900628E2203F09BFAFF21204603F01C
:102BF00011F9A021204602F05FFE0921204603F0D2
:102C0000A5F95721204602F0DFFD1F49204602F0BA
:102C100015FE80222B4640F2A7112046009503F0B6
:102C20000FFC9E222B464FF4EF712046009503F0D7
:102C300007FCFF2320461A46194603F0FFF9144902
:102C40001B238E222046CDE9006140F2BF1103F024
:102C500067FA94F82030572B0BD0582B07D10D4A28
:102C60001368012BD4BF012303F1FF33136002B0BB
:102C700070BD084A13681E2BCCBF1F23013313609D
:102C800002B070BD20990020D9D9D9005418002075
:102C900058180020308D002070B5414C82B0FF21C3
:102CA000002520464FF4C06603F0B4F8A02120466A
:102CB00002F002FE0921204603F048F9582120467F
:102CC00002F082FD3749204602F0B8FD80222046FE
:102CD0002B462946009503F0B3FB9E222B46372155
:102CE0002046009503F0ACFBFF2320461A46194608
:102CF00003F0A4F92C4A1B231D212046CDE90062D4
:102D00008E2203F00DFAFF21204603F083F8A02164
:102D1000204602F0D1FD0921204603F017F9572182
:102D2000204602F051FD1F49204602F087FD802217
:102D30002B4640F2A7112046009503F081FB9E220E
:102D40002B464FF4EF712046009503F079FBFF23EB
:102D500020461A46194603F071F914491B238E22A6
:102D60002046CDE9006140F2BF1103F0D9F994F893
:102D70002030572B0BD0582B07D10D4A1368012B4D
:102D8000D4BF012303F1FF33136002B070BD084AC2
:102D900013680B2BCCBF0C230133136002B070BD42
:102DA00020990020D9D9D9005418002058180020A3
:102DB000988D002070B5414C82B0FF21002520463F
:102DC0004FF4C06603F026F8A021204602F074FDFF
:102DD0000921204603F0BAF85821204602F0F4FCFD
:102DE0003749204602F02AFD802220462B462946FC
:102DF000009503F025FB9E222B46372120460095A7
:102E000003F01EFBFF2320461A46194603F016F96D
:102E10002C4A1B231D212046CDE900628E2203F09F
:102E20007FF9FF21204602F0F5FFA021204602F0A5
:102E300043FD0921204603F089F85721204602F07E
:102E4000C3FC1F49204602F0F9FC80222B4640F2C9
:102E5000A7112046009503F0F3FA9E222B464FF46B
:102E6000EF712046009503F0EBFAFF2320461A4647
:102E7000194603F0E3F814491B238E222046CDE9BE
:102E8000006140F2BF1103F04BF994F82030572B4A
:102E90000DD0582B09D10D4A1368B3F5FD6FB4BF9F
:102EA00040F2E77303F1FF33136002B070BD074ACD
:102EB00013680133136002B070BD00BF2099002079
:102EC000D9D9D9005418002058180020B08E0020FD
:102ED0002DE9F04FD44883B003F05EFDD34DD248C6
:102EE00001F020FF32200BF0EBFD2B68142B09D8EA
:102EF0000024012001340BF0E3FD2B68142B01D8D2
:102F0000192CF6D1C84C00264FF4C065C84F204696
:102F1000DFF8449301F0CEFEFF2320461A461946FF
:102F200002F046FD204602F0A7FB4FF4A0712046B8
:102F300002F0C2FC0921204603F008F8BD492046F2
:102F400002F07CFC4622672133462046009603F0BF
:102F500077FAC822334640F279112046009603F0F2
:102F60006FFA772379227C21204603F067F8B24A72
:102F70001823F0212046CDE900524E2203F0D0F86C
:102F80001823A022BE212046CDE9005703F0C8F83F
:102F90001823A0224FF491712046CDE9005703F089
:102FA000BFF8A649204602F049FC5121204602F014
:102FB0000BFC4FF40C71204602F0BCFC02212046B1
:102FC00002F0C4FFA02233468C212046009603F075
:102FD00037FA772379227C21204603F02FF8984A8C
:102FE0001A238C212046CDE90052732203F098F871
:102FF000772379227C21204603F020F8914A1A2376
:10300000F0212046CDE90052732203F089F877239E
:1030100079227C21204603F011F88B4A1A234FF4C1
:10302000AA712046CDE90052732203F079F8D9F84D
:103030000030092B00F33381FF2320461A4619463E
:1030400002F0FCFF1B23A02287212046CDE9005679
:1030500003F0B8F8D9F800201B2391212046CDE9D0
:103060000052A02203F0AEF8744900256E4802F029
:10307000E5FB52216C4802F0A7FB4FF40C716A4843
:1030800002F058FCDFF8D4A10221674802F05EFF8D
:103090002B46A022F0216448009503F0D1F9DAF81C
:1030A0000030092B4FF0FF0300F31A814FF4C06684
:1030B0001A4619465C4802F0C1FF1B23A022EB21EF
:1030C0005948CDE9006503F07DF8DAF800201B23AC
:1030D000F5210192A0225448009603F073F8574955
:1030E0000025514802F0AAFB53214F4802F06CFB27
:1030F0004FF40C714C4802F01DFCDFF864B1022162
:10310000494802F023FF2B46A0224FF4AA714648FB
:10311000009503F095F9DBF800304348092B4FF098
:10312000FF031A46194600F3CB8002F087FF019592
:103130004FF4C0651B23A02240F24F113A4800957E
:1031400003F040F80095DBF800201B2340F25911F2
:1031500035480192A02203F035F8A021324802F050
:10316000ABFB09213048002502F0F0FE54212E4827
:103170004FF4C06602F028FB30492B4802F05EFB9A
:103180002B46EB2240F2A7112748009503F058F98F
:103190002B464FF485724FF4EF712348009503F0EE
:1031A0004FF9FF2320481A46194602F047FF274BE4
:1031B000F72240F2BF111C4801931B23009602F036
:1031C000AFFFA021184802F077FB0921164802F052
:1031D000BDFE5621144802F0F7FA1849124802F0D1
:1031E0002DFB04222B4610481146009503F028F9C8
:1031F0002B46232237210C48009503F021F9FF23A9
:1032000009481A46194602F019FF114B009614227C
:10321000104E1F2101931B23034802F081FF3368E6
:10322000DFF84080012B1FE020990020308A002029
:1032300078070020F2F2F2005C180020D9D9D900FA
:103240005C160020701800207818002080180020DC
:1032500084070020BCC50020308D0020988D002000
:10326000B08E0020C8C500206DD0504FD8F8003077
:10327000012B62D03B68012B58D04D4803F096F8E3
:1032800094F82030512B48D0522B3BD100230122FF
:1032900033603B60C8F8002003B0BDE8F08FFF2327
:1032A00020461A46194602F0C9FED9F800201B2311
:1032B0008C212046CDE90052A02202F083FFD3E604
:1032C00002F0BCFEDBF80030A0224FF4AA7101939B
:1032D0004FF4C063364800931B2302F073FF3CE7B2
:1032E0001A461946324802F0A9FEDAF800204FF4D7
:1032F000C063F0210192A02200931B232C4802F00E
:1033000061FFECE6532B25D1002301223360C8F87E
:1033100000303A6003B0BDE8F08F00230122C8F806
:1033200000303B60326003B0BDE8F08F00233360B3
:10333000C8F80030FFF73EFD9FE7002333603B6095
:10334000FFF7AAFC96E7194FC8F800503D60FFF759
:1033500015FC8BE7542B20D1DBF80030154A019384
:103360001549DAF8003015480093D9F80030126892
:103370000968006809F0A4FF64200BF0A1FB09F0C4
:103380005DFE0BF089FF00220D493260C8F8002075
:103390003A601F2294F820300A60562B7FF47CAFED
:1033A000074B1F221A6003B0BDE8F08FCCC5002088
:1033B0002099002038C5002040C3002030C30020E1
:1033C000E4C3002010B5124C82B023681BB1012B5E
:1033D00010D002B010BD0F484FF4C0611B239B22D8
:1033E000CDE900104FF4AD710B4802F099FE23684F
:1033F000012BEED1094C4FF4C0601B239B224FF4EC
:10340000AD71CDE90004044802F08AFE02B010BD9F
:10341000C0C20020881800202099002090180020A9
:103420002DE9F043CA4883B003F0B6FAC94DC84845
:1034300001F078FC32200BF043FB2B68142B09D8E9
:103440000024012001340BF03BFB2B68142B01D826
:10345000192CF6D1BE4C00254FF4C066BE4F204655
:1034600001F028FCFF2320461A46194602F0A0FA74
:10347000204602F001F94FF4A071204602F01CFA38
:103480000921204602F062FDB449204602F0D6F937
:10349000462267212B462046009502F0D1FFC82224
:1034A0002B4640F279112046009502F0C9FF7723A0
:1034B00079227C21204602F0C1FDA94A1823F0217F
:1034C0002046CDE90062532202F02AFEA54A1823C5
:1034D000D3212046CDE900629B2202F021FEA249C1
:1034E000204602F0ABF94E21204602F06DF94FF470
:1034F0002071204602F01EFA0221204602F026FD2D
:103500002B469B22A0212046009502F099FF3B68A4
:10351000092B00F3FA80FF2320461A46194602F0D1
:103520008DFD9B221B2320461146CDE9006502F04C
:1035300049FE3A681B23A5212046CDE900629B2263
:1035400002F040FE88490025814802F077F94F21BA
:103550007F4802F039F94FF420717D4802F0EAF912
:10356000DFF8149202217A4802F0F0FC2B469B22ED
:103570004FF482717648009502F062FFD9F800306E
:10358000092B4FF0FF0300F3D0804FF4C0661A46BA
:1035900019466F4802F052FD1B239B22FF216C4805
:1035A000CDE9006502F00EFED9F800201B2340F2A1
:1035B000091101929B226648009602F003FEA021A9
:1035C000634802F079F909216148002502F0BEFC48
:1035D00050215F484FF4C06602F0F6F862495C483B
:1035E00002F02CF92B46912240F2451158480095E3
:1035F00002F026FF2B46A52240F26D11544800959B
:1036000002F01EFFFF2352481A46194602F016FD2B
:10361000DFF86881FFF7D6FEA0214D4802F04CF993
:1036200009214B4802F092FC5421494802F0CCF8A1
:103630004D49474802F002F92B46EB2240F2A71110
:103640004348009502F0FCFE2B464FF485724FF480
:10365000EF713F48009502F0F3FEFF233C481A4605
:10366000194602F0EBFC414BF72240F2BF113848FB
:1036700001931B23009602F053FDA021344802F071
:103680001BF90921324802F061FC5521304802F053
:103690009BF835492E4802F0D1F804222B462C48DD
:1036A0001146009502F0CCFE2B46232237212848F4
:1036B000009502F0C5FEFF2325481A46194602F080
:1036C000BDFC2B4A00961B232A4E1F210192142277
:1036D0001F4802F025FD3368012B00F09580D8F8D3
:1036E0000030012B00F09980194802F05FFE94F839
:1036F00020304E2B4FD04F2B42D10022012332607D
:10370000C8F8003003B0BDE8F083FF2320461A4616
:10371000194602F093FC3A681B23A0212046CDE90C
:1037200000629B2202F04EFD0CE71A46194608483B
:1037300002F084FCD9F800204FF4C0634FF482718A
:1037400001929B2200931B23014802F03BFD36E7C8
:1037500020990020308A002034C30020F2F2F200C9
:103760009818002064070020D9D9D90080180020BB
:1037700084070020C0C500204CC30020C4C5002021
:10378000502B10D1354B1A68002A4BD0012AB9D1E1
:1037900000221A60B6E700220123C8F80020336037
:1037A00003B0BDE8F083542B26D12C4B1D68012DAE
:1037B0003DD08DB938682A4F2A4B0C28D7F800C065
:1037C000294F1A683F68294BD9F800101B68CDE9CA
:1037D00000C73FD009F074FD64200BF071F909F0C7
:1037E0002DFC0BF059FD002221493260C8F8002061
:1037F0001F2294F820300A60552B83D11C4B1F22C6
:103800001A6003B0BDE8F083C8F80050FFF796F8DF
:10381000D8F80030012B7FF467AF00233360FFF747
:103820001DF961E701221A6003B0BDE8F083386832
:103830000C4B0B4D0C280C4F1A682D680B4B3F6836
:10384000D9F800101B68CDE90057C3D00C3009F03F
:1038500037FDC1E7284609F033FDBDE7C0C20020AF
:1038600050C3002038C500203CC60020DCC2002028
:10387000E4C300202DE9F041284D98B02B68402B7F
:1038800044D8DFE813F05B03580393034603430374
:1038900040036103160313031003550352034F0340
:1038A0004C034903B902B602B3023D033A0337039E
:1038B000340331032E032B032803250322031F03A4
:1038C0001C0319039603670364030D030A0307032C
:1038D00004030103FE02FB02F802F502F202EF020A
:1038E000EC02E902E602E302E002DD02DA02D702BC
:1038F000D402D102CE02CB024300C802C502C202EA
:103900004100BF02BC025E03F1F7BAFF044B45F26F
:1039100055514AF6AA2259805A800CE0E4C300208F
:1039200000800B400CF0DAFDC0B2572800F0358162
:10393000562800F03C810CF08BFD04460028F1D1A4
:103940000BF014F9A34A13689BB1A34EC31ADFF816
:10395000F0C23168DFF8E4E219443160DCF80010AD
:103960000131CCF80010DEF800108B4288BFCEF891
:1039700000302B6810601D2B00F32181042B04DD27
:10398000964A22FA03F3D9070BD40023B6EE000AB5
:103990004FF47A72194618460093CDE90133EBF7DC
:1039A00079F98F4B8F491A680868121A632A47D928
:1039B0001A680E200A600AF02BFE8B4A07EE900A66
:1039C0009FED8A7AB7EE006A1288F8EEE77ADFEDAB
:1039D000886AB5EE004A92B2DFED864A67EE877AD2
:1039E000854907EE102A854A9FED855AB8EEC77AB9
:1039F0008448C7EEA65AD1ED007A794BC7EE246A07
:103A000092ED007AF0EE674A35EEC66AC0ED005AD4
:103A1000D6EE044A76EEC76AA6EE857AE4EE857A9B
:103A200082ED007A784AC1ED007A1278002A40F0DF
:103A30001D81002275490A6075490A7075490A702E
:103A4000754942F20F701A680E68921B824240F26A
:103A500089801A680A600CF0E1FD704A604B1278A8
:103A6000002A6AD06E4A1278D20766D56D4A1B6862
:103A700012689B1A0E2B60D90CF05EFDFF285CDDEE
:103A800072B6694ADFF8ACC11368DFF8ACE1674889
:103A90001F46674900239CED007A9EED006AD0ED39
:103AA000006A0E6813604FF0FF32CCF80030B04669
:103AB000CEF8002003600B6062B6D5F800E0AEF1EE
:103AC0000803362B00F20381DFE813F07C020101CA
:103AD000010101010101010101017902010101015D
:103AE000010101010101010188020101010101013E
:103AF0000101010101018502010101010101010131
:103B000001010101010101010101010101010101A5
:103B10000101010101010101010101010101010195
:103B200001018202010101017F0201010101010184
:103B30000101010101010101760272B600233A4937
:103B40003C4A4FF0FF340B603B4813603749384A1A
:103B500004600B60136062B61F483849384A03603E
:103B60000B60136009F0B2FA364B186009F006FBDF
:103B7000354B186009F01CFB344B186009F032FB20
:103B8000334B186009F048FB324B186009F05EFBBC
:103B9000314B186018B0BDE8F08135212F480CF08A
:103BA000C1FC2F480AF0FCFC0CF0EAFCFEE72021E7
:103BB0002C480CF0B7FC2A480AF0F2FCBBE62C3B80
:103BC000122B3FF6E2AE284A22FA03F3D8073FF55C
:103BD000E8AEDAE6C49E0020309F00202091482401
:103BE000F8C50020349F002042C600200D68533BDA
:103BF0009A99193F00F07F45C89E0020BC9E002086
:103C0000CDCC4C3D209F0020348A0020D09E002047
:103C10004FC600204AC60020ACBF002066C6002068
:103C200065C6002020C600203C9F0020B09E0020DA
:103C3000C09E0020B49E0020288A00202C9F0020D7
:103C4000249F002030C3002040C3002038C500203E
:103C5000DCC2002050C300203CC60020AC1800206D
:103C6000188A00203405002091840400BD4A12788F
:103C7000002A7FF4DEAEBC4A1178002940F0B18002
:103C8000DFEDBA6AF4EEE65AF1EE10FA00F1AD811A
:103C900077EEC77A9FEDB67AF0EEE77AF4EEC77A60
:103CA000F1EE10FA7FF7C5AE0220B2490A680AB9F0
:103CB0001A680A6019688A1A47F230518A427FF6F8
:103CC000BFAEAD4A01211170AC4A1070B8E60023B6
:103CD000AB49DFEDAC5A0878A349C0B20D78AA49C8
:103CE000EAB2098889B207EE901AA849F8EEE77A95
:103CF00091ED002AA649B7EEC22A87EEA53A91EDCA
:103D0000001A9D490978B7EEC11AB7EEC33A09B156
:103D10009A490C78002F49D19FED907BB0EE476B0C
:103D2000B0EE475B9B4D2968002900F05A8104EEF4
:103D3000901A99499FED990A0E460968F8EE644A6F
:103D400004EE101A1791B8EE444AC4EE000A80EE51
:103D5000A44AB7EEC44A019272460090CDF8408062
:103D6000DFED8E0A8E498F48CDE908478E4C8DEDE8
:103D70000C7B8DED124B8DED0E5B8DED0A6B8DED99
:103D8000061B8DED042B8DED023BD4ED007AF8EE91
:103D9000677A87EEA07AB7EEC77A8DED147B0AF0CA
:103DA00019FC0023336023602B60DBE6B8EE477A12
:103DB000DFED7A7AB8EE466AF8EE666AC7EE275A01
:103DC00086EEA75A86EE277A07EE907AF8EE677AA3
:103DD00085EEA76AB7EEC55AB7EEC77AB7EEC66AE0
:103DE000A0E71278022A7FF424AE49E7EFF7B4F98E
:103DF0008CE5EEF76BFF89E5FBF708FA86E5F4F74B
:103E000007FC83E5FCF756FD80E5F6F7CFFF7DE57F
:103E1000F9F7B8FF7AE5F1F76BFA77E5F1F732F8E1
:103E200074E5ECF7F7FB71E5FDF740FD6EE5F5F79E
:103E3000A3FE6BE5F7F70AFB68E5FDF7D5F865E546
:103E4000F2F780FD62E5F7F73DF95FE5FAF7A2F9D1
:103E50005CE5F2F7B7FA59E5F2F7E8F856E5F1F75D
:103E60009DFE53E5FAF7A6FB50E5F5F757FC4DE547
:103E7000F3F7C4FC4AE5F8F7C3FA47E5F5F77AFA31
:103E800044E5F4F715FF41E5F8F7B6F83EE5F4F739
:103E90007BF83BE5F3F766FE38E5F3F7FBF835E52D
:103EA000F2F7DEFE32E5EDF755FE2FE5FAF706FEF6
:103EB0002CE5EDF7C1FC29E5F7F7AEFC26E5FCF7AC
:103EC00063F923E5F0F750FE20E5F6F7E3FD1DE585
:103ED000F9F750FD1AE5F0F77FFB17E5F0F7B0F9B9
:103EE00014E5EFF75DFF11E5FBF734FE0EE5EFF7A4
:103EF000C9FD0BE5F6F70AFC08E5F9F72BFB05E52C
:103F0000EFF7F6FA02E5F8F70DFFFFE4EDF7C0F979
:103F1000FCE4ECF7F1FFF9E4EEF74AFDF6E4F6F71E
:103F200009FAF3E4F9F70EF9F0E4EEF72FFAEDE40D
:103F3000EEF756F8EAE4ECF70DF9E7E4ECF7A6F84B
:103F4000E4E4F4F7DFFCE1E4F6F768F8DEE4FEF71A
:103F5000BFFFDBE4FFF764FAD8E400BF0000000015
:103F6000000000004BC6002053C600203333333F0F
:103F7000CDCCCC3DD09E00204FC600204AC60020AC
:103F8000348A002000F07F4542C60020209F002098
:103F9000C89E0020249F0020309F002000007A440B
:103FA000E4180020188A00202C9F0020ECF750FD18
:103FB000ACE4FEF7B5FAA9E4104B1B6888E6104B99
:103FC0001B6885E60F4B1B6882E60F4B1B687FE67C
:103FD0000E4B1B687CE60E4B1B6879E60D4B1B688D
:103FE00076E69FED044B0C4EB5E601205DE600BF82
:103FF000AFF300800000000000000000288D0020CA
:10400000008D0020188D0020088D0020208D0020BC
:10401000348D0020108D0020309F002008B50AF05C
:1040200063FE124912480AF04FF8124B1249D3F8B6
:1040300000C0D3F800E01148114AC1F800E0196847
:10404000C0F800C01160D3F800C00E4819680E4BCC
:104050000E4A1960C0F800C00D490E480CF080FDF2
:104060000D4B00210D4AC3E9002108BD78890020CD
:1040700054C30020F8C50020E8C20020E4C200209C
:10408000ECC20020F4C20020F0C20020848A00208C
:1040900031020000508D002030C600206820002032
:1040A0000020704700B5836C83B08DF807103BB1DA
:1040B00001220DF10701184605F0E6FC03B000BD32
:1040C000C06C0028FAD001220DF1070104F0A8FD10
:1040D00003B000BD836C13B1184605F0E5BBC06C9E
:1040E00008B104F099BC7047836C13B1184605F011
:1040F000DFBAC06C08B104F0A5B84FF0FF307047CC
:1041000010B504460AF040FA2046BDE810400AF017
:1041100047BA00BF91B100B583B001900846009145
:104120000EF004F9019B02460099D3F800C018462E
:10413000DCF8043003B05DF804EB1847704700BFAB
:10414000836C13B1184605F09FBCC06C08B104F035
:1041500067BD7047836C53B1187810F008000DD01C
:10416000D8695B69C01A48BF6FF000407047C36CE4
:10417000A3B193F8310010F0080000D1704718691E
:1041800019685A69401A5B6862EB0303B0F1004F8B
:1041900073F10003F2D36FF0004070471846EDE76B
:1041A000836C00B583B05BB101220DF107011846A5
:1041B00005F094F901280BD19DF8070003B000BD6C
:1041C000C06C28B101220DF1070103F071FFF1E786
:1041D0004FF0FF30F2E700BF70B504460E4600789E
:1041E00001212E4D0AF0ECFC002120780AF0E8FCB9
:1041F000C6F307422B685A66DA6D12F4F81FFBD03B
:10420000C6F30722596F5A66DA6D12F4F81FFBD015
:10421000F6B25A6F5E66DA6D12F4F81FFBD0002218
:10422000596F5A66DA6D12F4F81FFBD00022596FED
:104230005A66DA6D12F4F81FFBD0207801215E6F08
:104240000AF0BEFC164A0021A388F6B21278207844
:10425000C3F30B04002A0CBF4FF484134FF4421332
:104260001C440AF0ADFC2B68220C42F080025A6616
:10427000DA6D12F4F81FFBD0C4F30722596F5A66A7
:10428000DA6D12F4F81FFBD0E4B25A6F5C66DA6D97
:1042900012F4F81FFBD05B6F304670BD78890020A8
:1042A0005AC60020F8B505460C460078012117468D
:1042B0000AF086FC002128780AF082FC274EC4F31D
:1042C0000742336842F080025A66D96D11F4F81F34
:1042D000FBD05A6FC4F307225A66D96D11F4F81F48
:1042E000FBD0E4B25A6F5C66D96D11F4F81FFBD0B5
:1042F0005A6F5F66DA6D12F4F81FFBD0012128783F
:104300005B6F0AF05DFC164B0021AC881B78C4F390
:104310000B0428788B420CBF4FF484134FF44213E4
:104320001C440AF04DFC3368220C42F080025A66AD
:10433000DA6D12F4F81FFBD0C4F30722596F5A66E6
:10434000DA6D12F4F81FFBD0E4B25A6F5C66DA6DD6
:1043500012F4F81FFBD05B6FF8BD00BF7889002016
:104360005AC6002070B504460E4600780121334D30
:104370000AF026FC002120780AF022FCC6F307424E
:104380002B685A66DA6D12F4F81FFBD0C6F30722C9
:10439000596F5A66DA6D12F4F81FFBD0F6B25A6FF5
:1043A0005E66DA6D12F4F81FFBD00022596F5A6670
:1043B000DA6D12F4F81FFBD00022596F5A66DA6DDD
:1043C00012F4F81FFBD0586F0022C0B25A66DA6DA3
:1043D00012F4F81FFBD05B6F012140EA0323207821
:1043E0009EB20AF0EDFB164AA388002112782078CD
:1043F000C3F30B04002A0CBF4FF484134FF4421391
:104400001C440AF0DDFB2B68220C42F080025A6645
:10441000DA6D12F4F81FFBD0C4F30722596F5A6605
:10442000DA6D12F4F81FFBD0E4B25A6F5C66DA6DF5
:1044300012F4F81FFBD05B6F304670BD7889002006
:104440005AC6002070B5044682B00E46007801219D
:1044500001920AF0B5FB002120780AF0B1FB2D4D46
:10446000C6F30741019A2B6841F080015966D96D66
:1044700011F4F81FFBD0596FC6F307215966D96DA7
:1044800011F4F81FFBD0F6B2596F5E66D96D11F4C6
:10449000F81FFBD0D1B2586F5966D96D11F4F81FCF
:1044A000FBD0C2F30722596F5A66DA6D12F4F81F77
:1044B000FBD0207801215B6F0AF082FB164A0021B5
:1044C000A38812782078C3F30B048A420CBF4FF400
:1044D00084134FF442131C440AF072FB2B68220C25
:1044E00042F080025A66DA6D12F4F81FFBD0C4F372
:1044F0000722596F5A66DA6D12F4F81FFBD0E4B246
:104500005A6F5C66DA6D12F4F81FFBD05B6F02B075
:1045100070BD00BF788900205AC6002070B50446DF
:104520000D46007801213D4E0AF04AFB002120781B
:104530000AF046FBC5F3074233685A66DA6D12F497
:10454000F81FFBD0C5F30722596F5A66DA6D12F4D3
:10455000F81FFBD0EDB25A6F5D66DA6D12F4F81FEA
:10456000FBD00022596F5A66DA6D12F4F81FFBD0A7
:104570000022596F5A66DA6D12F4F81FFBD05A6F99
:10458000002562F3070500225A66DA6D12F4F81F5F
:10459000FBD05A6F62F30F2500225A66DA6D12F4CF
:1045A000F81FFBD05A6F62F3174500225A66DA6D86
:1045B00012F4F81FFBD05B6F0121207863F31F65B5
:1045C0000AF0FEFA164A0021A38812782078C3F375
:1045D0000B04002A0CBF4FF484134FF442131C4405
:1045E0000AF0EEFA3368220C42F080025A66DA6D65
:1045F00012F4F81FFBD0C4F30722596F5A66DA6D24
:1046000012F4F81FFBD0E4B25A6F5C66DA6D12F454
:10461000F81FFBD05B6F284670BD00BF7889002073
:104620005AC6002070B5044682B00E4600780121BB
:1046300001920AF0C5FA002120780AF0C1FA344D3F
:10464000C6F30741019A2B6841F080015966D96D84
:1046500011F4F81FFBD0596FC6F307215966D96DC5
:1046600011F4F81FFBD0F6B2596F5E66D96D11F4E4
:10467000F81FFBD0D1B2586F5966D96D11F4F81FED
:10468000FBD0C2F30721586F5966D96D11F4F81F9A
:10469000FBD0C2F30741586F5966D96D11F4F81F6A
:1046A000FBD0120E596F5A66DA6D12F4F81FFBD068
:1046B000207801215B6F0AF083FA164A0021A38853
:1046C00012782078C3F30B048A420CBF4FF4841392
:1046D0004FF442131C440AF073FA2B68220C42F088
:1046E00080025A66DA6D12F4F81FFBD0C4F3072279
:1046F000596F5A66DA6D12F4F81FFBD0E4B25A6FA4
:104700005C66DA6D12F4F81FFBD05B6F02B070BD0F
:10471000788900205AC6002038B501210546007866
:104720000AF04EFA154BAC8800211B78C4F30B0439
:1047300028788B420CBF4FF484134FF442131C446F
:104740000AF03EFA0E4B220C1B6842F080025A66B9
:10475000DA6D12F4F81FFBD0C4F30722596F5A66C2
:10476000DA6D12F4F81FFBD0E4B25A6F5C66DA6DB2
:1047700012F4F81FFBD05B6F38BD00BF5AC6002093
:104780007889002038B50C460546002100780AF0EB
:1047900017FA1C4BC4F307421B685A66DA6D12F411
:1047A000F81FFBD0C4F30722596F5A66DA6D12F472
:1047B000F81FFBD0E4B25A6F5C66DA6D12F4F81F92
:1047C000FBD00022596F5A66DA6D12F4F81FFBD045
:1047D0000022596F5A66DA6D12F4F81FFBD05C6F35
:1047E0000022E4B25A66DA6D12F4F81FFBD05B6F58
:1047F000012128781B029BB21C430AF0E1F92046F4
:1048000038BD00BF788900202DE9F041654D0027B3
:104810000C2604464FF4A0700AF052F900212078CB
:104820000AF0CEF92B685E66DA6D12F4F81FFBD041
:104830005A6F5F66DA6D12F4F81FFBD05A6F5F662D
:10484000DA6D12F4F81FFBD05A6F5F66DA6D12F45E
:10485000F81FFBD05A6F5F66DA6D12F4F81FFBD0B9
:10486000D3F874C05F66DA6D12F4F81FFBD05B6F8B
:10487000012120784FEA03281FFA88F848EA0C083B
:104880000AF09EF95FFA88F8B8F1080FC6D1002146
:1048900020780AF095F90C222B685A66DA6D12F42A
:1048A000F81FFBD00022596F5A66DA6D12F4F81F18
:1048B000FBD00022596F5A66DA6D12F4F81FFBD054
:1048C0000022596F5A66DA6D12F4F81FFBD00022ED
:1048D000596F5A66DA6D12F4F81FFBD0586F002238
:1048E000C0B25A66DA6D12F4F81FFBD05B6F01217B
:1048F0001B029BB243EA000620780AF061F9330AF2
:10490000294E172B0DD8DFE803F04A4A0C0C0C0C8B
:104910000C0C0C0C0C0C0C0C0C0C464646460C48B3
:10492000480C03234FF4402120463370FFF72AFF41
:104930001E4A030A012113801D4B207863600AF090
:104940003FF93278A38800212078C3F30B048A4210
:104950000CBF4FF484134FF442131C440AF030F997
:104960002B68220C42F080025A66DA6D12F4F81FAE
:10497000FBD0C4F30722596F5A66DA6D12F4F81FA0
:10498000FBD0E4B25A6F5C66DA6D12F4F81FFBD00C
:104990005B6FBDE8F0810123C4E70223C2E7002377
:1049A000C0E700BF788900205AC6002040C600201A
:1049B0000000FC0F38B5124C2378EBB111491248B6
:1049C000FFF7ACFD1149124A0546124B48681268C0
:1049D000A3FB023243F60953920C03FB02F24B682D
:1049E0001B1A9A42FBD8237843B106490648FFF7C1
:1049F00095FD401B800138BD0749E0E70649F5E712
:104A00005AC6002008203000EC9E0020001000E074
:104A10007489002083DE1B43082410002DE9F04F29
:104A200083B00421884C019088480BF07BFD8848B6
:104A300009F0B6FD2388012B00F0F780132B00F05E
:104A4000E580132B00F2D480082182480BF06AFD28
:104A50002B217F4809F098FD7D4809F0A1FD0D212B
:104A60007D480BF05FFD7D4E7D49794809F08CFD56
:104A7000774809F095FD3378002B00F0B78079492D
:104A80007948FFF74BFD002301460A22704809F0E0
:104A9000AFFD012175480BF045FD3378002B00F088
:104AA000A380734970480025FFF738FD00230146B5
:104AB0000A22674809F09CFDDFF8E48103216D4874
:104AC000694C0BF02FFD6C4F614809F069FD0198AE
:104AD000FFF770FF40455ED23378002B7BD04FF05C
:104AE000800A4FF0210B4FF0B009012120780AF025
:104AF00067F8002120780AF063F83B68C3F86490F7
:104B0000DA6D12F4F81FFBD05A6FC3F864B0DA6D97
:104B100012F4F81FFBD05A6FC3F864A0DA6D12F4D8
:104B2000F81FFBD05A6F5D66DA6D12F4F81FFBD0E8
:104B3000012120785B6F0AF043F833780021B4F844
:104B400004A08B420CBF4FF484134FF4421320781F
:104B5000CAF30B0A9A440AF033F83B684FEA1A4248
:104B600042F080025A66DA6D12F4F81FFBD0CAF3E5
:104B70000722596F5A66DA6D12F4F81FFBD05FFAFC
:104B80008AF2596F5A66DA6D12F4F81FFBD00135BC
:104B90005B6F1F2D9BD10F2138480BF0C3FC33787E
:104BA00003B3374900230A22294809F021FD284888
:104BB00009F0F6FC042125480BF0B4FC244809F068
:104BC000EFFC01212F480BF0ADFC214803B0BDE8FC
:104BD000F04F09F0E5BC4FF06C0A4FF0250B4FF099
:104BE000900982E72849DDE728495BE7284947E73C
:104BF000032128480BF096FC00231022218814483A
:104C000009F0F6FC124809F0CBFC1DE7032122480D
:104C10000BF088FC0023102221880D4809F0E8FCE5
:104C20000B4809F0BDFC23880BE704211B480BF05F
:104C300079FC002310222188054809F0D9FC04489A
:104C400009F0AEFC2388F9E640C60020B819002020
:104C5000188A0020D0190020DC1900205AC6002034
:104C60000051250234203000EC9E0020EC19002079
:104C700048203000F019002078890020F419002025
:104C80000C203000E81900200C24100044241000EF
:104C900030241000CC190020C8190020C0190020B1
:104CA00000C6CD02024808B5FFF7FCFA08BD00BFF8
:104CB000EC9E002038B5184D0121287809F080FFBE
:104CC000164BAC8800211B78C4F30B0428788B4268
:104CD0000CBF4FF484134FF442131C4409F070FFCF
:104CE0000F4B220C1B6842F080025A66DA6D12F4F8
:104CF000F81FFBD0C4F30722596F5A66DA6D12F41D
:104D0000F81FFBD0E4B25A6F5C66DA6D12F4F81F3C
:104D1000FBD05B6F38BD00BFEC9E00205AC6002060
:104D200078890020024B0121187809F049BF00BFA3
:104D3000EC9E002005460A21B44C00B583B001F07A
:104D400095FF284601F0B8FA0021284601F0F0FA54
:104D500045F21232AE49284600F008FC4FF0A0613F
:104D6000AC4800F05DFA4FF08071AA4800F058FAA4
:104D7000C8234FF4C8720021A74800F08DFA002321
:104D8000C822A5481946CDE900221A4600F0BAFA11
:104D90002388012B00F01B81132B00F00181132BC2
:104DA00000F2E2809B4C9D49204600F039FAE388EE
:104DB000032B40F2EF801A1FA18899480431E2804A
:104DC00003680722A1805A66DA6D12F4F81FFBD03F
:104DD0000022596F5A66DA6D12F4F81FFBD00022D8
:104DE000596F5A66DA6D12F4F81FFBD02622596FFC
:104DF0005A66DA6D12F4F81FFBD0874C00268949F9
:104E000084485B6F00F00CFA0121204601F09EF807
:104E1000626821683346002A7F480096B8BF013295
:104E20000029B8BF013152104910643A643992B276
:104E300089B201F005FBFF2233462846114601F0F6
:104E4000FDF87949734800F0EBF96268216828465B
:104E5000B242764BB8BF0132002901934FF4C063D0
:104E60004FEA6202B8BF013100931D231D3241F3A6
:104E70004F0112B201F054F9626821682846002AF5
:104E80006B4BB8BF0132002901934FF4C0634FEA66
:104E90006202B8BF0131009314230C3241F34F0179
:104EA00012B201F03DF9626821682846002A614B80
:104EB000B8BF0132002901934FF4C063B8BF01317C
:104EC00042F34F020093142341F34F0101F028F9FC
:104ED000626821682846002A574BB8BF0132002972
:104EE00001934FF4C0634FEA6202B8BF01310093EF
:104EF00014230C3A41F34F0112B201F011F9626828
:104F000021682846002A4D4BB8BF01320029019381
:104F10004FF4C0634FEA6202B8BF0131009314231B
:104F2000333241F34F0112B201F0FAF8626821689E
:104F30004FF4C063002A4248B8BF013200294FEA4B
:104F40006202B8BF01314F3241F34F01CDE9003069
:104F500012B21423284601F0E3F8284601F026FA9D
:104F60002C4801F059FBFEE736493748FFF7D2F8E5
:104F7000002310222188344809F03AFB324809F016
:104F80000FFB2846002101F0EDF800212E48FFF725
:104F9000B7F807E70421204600F062F8E3880AE743
:104FA0002A492948FFF7B6F800231022218826480D
:104FB00009F01EFB244809F0F3FA0021284601F00D
:104FC000D1F800212048FFF79BF82388E7E6204925
:104FD0001D48FFF79FF80023102221881A4809F086
:104FE00007FB194809F0DCFA1A4A1B4B11781B4AD7
:104FF000084800290CBF114619460022FFF752F954
:1050000000211148FFF77CF82388C5E640C6002040
:1050100034290020EC9E0020209900200000650229
:105020007889002055000010FF000010041A0020AD
:10503000181A0020301A0020541A0020841A002068
:10504000981A0020CC190020188A0020C8190020C6
:10505000C01900205AC600205820300054241000E7
:1050600083882DE9F04FC3F30B0383B00546DFF8C7
:10507000A891007800910121AB8009F0A1FD99F879
:105080000030002B00F0BD80FC274FF0200AB0223A
:10509000AE8840F6FC74DFF8848100212878344023
:1050A000019209F08DFDD8F80030019A5A66DA6D48
:1050B00012F4F81FFBD05A6FC3F864A0DA6D12F433
:1050C000F81FFBD05A6F5F66DA6D12F4F81FFBD041
:1050D00006F0FC065A6F5E66DA6D12F4F81FFBD01C
:1050E000240A5A6F5C66DA6D12F4F81FFBD00026B2
:1050F000012128785B6F09F063FD99F80030AC88D6
:10510000002B78D0F8274FF0200B4FF0300A002109
:10511000287809F055FDD8F80010C1F864A0CA6DD0
:1051200012F4F81FFBD04A6FC1F864B0CB6D13F4D2
:10513000F81FFBD04B6F4F66CB6D13F4F81FFBD0FD
:105140004B6F4E66CB6D13F4F81FFBD04B6F4E6662
:10515000CB6D13F4F81FFBD04A6F4E66D2B2CB6D05
:1051600013F4F81FFBD04F6F012128783F02BFB224
:10517000174309F025FD40F6FF739F4246D0E31B1D
:10518000009AC3F30B03C3F57F630C339BB29342C6
:10519000EB80B2D30121287809F012FD99F8003094
:1051A000AC88002128788B420CBF4FF484134FF455
:1051B0004213C4F30B041C4409F002FDD8F800307C
:1051C000220C42F080025A66DA6D12F4F81FFBD00E
:1051D000C4F30722596F5A66DA6D12F4F81FFBD038
:1051E000E4B25A6F5C66DA6D12F4F81FFBD05B6FA5
:1051F00003B0BDE8F08FE4274FF0240B4FF0100A06
:1052000085E7E8274FF0240A902241E70148FFF79D
:1052100091FD00BF209900205AC600207889002007
:10522000C3880246032B10B50C4682B02BD9B2F8C6
:1052300004C0191FDFF85CE0E0B20CF1040CD1806F
:10524000DEF80030A2F804C05866DA6D12F4F81FD8
:10525000FBD0C4F30722596F5A66DA6D12F4F81FB7
:10526000FBD0C4F30742596F5A66DA6D12F4F81F87
:10527000FBD0240E5A6F5C66DA6D12F4F81FFBD077
:105280005B6F02B010BD04210190FFF7E9FE019AA7
:10529000D388CCE77889002010B5C3F30020002420
:1052A00082B040EA420063F30704019360F30F24E5
:1052B000C2F3C210009240EAC100072160F3174414
:1052C0000E4861F31F642146FFF7AAFF0C490978D5
:1052D000DDE9002309B902B010BD120AC3F341236E
:1052E0002821064802F00C021A4362F3070461F316
:1052F0001F642146FFF794FF02B010BDEC9E002012
:105300005AC6002070B543EA4203BDF81060BDF8EC
:105310001450002443EA8103C6F3C11265F3070465
:10532000082142EA8303C5F300220F4842EA4602FD
:1053300062F30F2463F3174461F31F642146FFF700
:105340006FFF0A4B1B7803B970BD760AC5F3412580
:105350002923054845EA860565F3070463F31F64BE
:105360002146FFF75DFF70BDEC9E00205AC600206D
:1053700070B5C48882B00E4694426CD38188A41A5A
:10538000082A1144C480818076D9A2F1090106F16E
:1053900008053B4C1036C1F3CC01AC46236806EB44
:1053A000C10E1CF8080C5866D86D10F4F81FFBD01D
:1053B0001CF8070C5E6F5866D86D10F4F81FFBD010
:1053C0001CF8060C5E6F5866D86D10F4F81FFBD001
:1053D0001CF8050C5E6F5866D86D10F4F81FFBD0F2
:1053E0001CF8040C5E6F5866D86D10F4F81FFBD0E3
:1053F0001CF8030C5E6F5866D86D10F4F81FFBD0D4
:105400001CF8020C5E6F5866D86D10F4F81FFBD0C4
:105410001CF8010C5E6F5866D86D10F4F81FFBD0B5
:105420000CF1080C586FF445BBD1083AC1EB41337D
:1054300005EBC10602EBC30292B22068324416F8B3
:10544000013B4366C36D13F4F81FFBD09642436FD4
:10545000F5D102B070BD044611460192FFF700FE7F
:10546000019AE188A388082AA1EB02011344E18094
:10547000A3808AD8024CE0E7002AEAD0FAE700BF0E
:105480007889002082071FD0F8B5104C451C104FBA
:105490000026E18889B1A38801393A68013389B2CD
:1054A0005666A380E180D36D13F4F81FFBD0536FD1
:1054B000AB0708D001350029EDD101212046FFF7C7
:1054C000CFFDE188E7E7F8BD704700BFEC9E002004
:1054D000788900202DE9F041224C90F80080E18885
:1054E000B8F1000F3BD0064607461F4DA9B1A3886F
:1054F00001392A68013389B2C2F86480A380E1804F
:10550000D36D13F4F81FFBD097F80180536FB8F1F7
:10551000000F08D001370029E9D101212046FFF70B
:105520009FFDE188E3E7BB1B0233DEB289B1A288AD
:10553000013928680132E1800021A2804166C26DF4
:1055400012F4F81FFBD0426F3046BDE8F041FFF780
:1055500099BF01210348FFF783FDE188E7E70126B2
:10556000014DE3E7EC9E0020788900202DE9F84307
:1055700002F00306CAB14F1E1F4C204DE18802EB1A
:10558000070817F8019F00292ED0A38801392A683F
:10559000013389B2C2F86490A380E180D36D13F423
:1055A000F81FFBD04745536FEBD11EB3124C0136A9
:1055B000124D0027E18889B1A38801392A68013397
:1055C00089B25766A380E180D36D13F4F81FFBD036
:1055D000536FB3070ED001360029EDD101210648E3
:1055E000FFF73EFDE188E7E701210348FFF738FDBB
:1055F000E188CAE7BDE8F883EC9E002078890020A6
:1056000070B51B4C0546E18811B3B4F804C00139EC
:10561000184EEAB20CF1010C89B233681FFA8CFC07
:10562000E1805A66A4F804C0DA6D12F4F81FFBD0CA
:105630005A6F2D0A91B10CF1010C01395D66A4F885
:1056400004C0E180DA6D12F4F81FFBD05B6F70BD0F
:1056500001212046FFF704FDE188D6E70121044837
:10566000FFF7FEFCB4F804C0E1883368E3E700BF4D
:10567000EC9E002078890020194808B5C388032BC8
:1056800027D981881A1FDFF85CE04FF0070C04313E
:10569000C280DEF800308180C3F864C0DA6D12F495
:1056A000F81FFBD00022596F5A66DA6D12F4F81F0A
:1056B000FBD00022596F5A66DA6D12F4F81FFBD046
:1056C0002622596F5A66DA6D12F4F81FFBD05B6F11
:1056D00008BD0421FFF7C4FC0148C388D1E700BF1F
:1056E000EC9E002078890020194808B5C388032B58
:1056F00027D981881A1FDFF85CE04FF0000C0431D5
:10570000C280DEF800308180C3F864C0DA6D12F424
:10571000F81FFBD00022596F5A66DA6D12F4F81F99
:10572000FBD00022596F5A66DA6D12F4F81FFBD0D5
:105730002322596F5A66DA6D12F4F81FFBD05B6FA3
:1057400008BD0421FFF78CFC0148C388D1E700BFE6
:10575000EC9E002078890020194808B5C388032BE7
:1057600027D981881A1FDFF85CE04FF0000C043164
:10577000C280DEF800308180C3F864C0DA6D12F4B4
:10578000F81FFBD00022596F5A66DA6D12F4F81F29
:10579000FBD00022596F5A66DA6D12F4F81FFBD065
:1057A0002222596F5A66DA6D12F4F81FFBD05B6F34
:1057B00008BD0421FFF754FC0148C388D1E700BFAE
:1057C000EC9E0020788900201A480A46C388032BE3
:1057D00010B541F0407482B023D9043B8188C38066
:1057E0000431154B81801B685A66DA6D12F4F81F7C
:1057F000FBD00022596F5A66DA6D12F4F81FFBD005
:105800000022596F5A66DA6D12F4F81FFBD0240E8D
:105810005A6F5C66DA6D12F4F81FFBD05B6F02B052
:1058200010BD01910421FFF71BFC0248019AC388B7
:10583000D3E700BFEC9E0020788900201C480A4670
:10584000C38810B5032B21F07F4482B044F08064FC
:1058500026D9043B8188D2B2C3800431154B8180A4
:105860001B685A66DA6D12F4F81FFBD0C4F30722E6
:10587000596F5A66DA6D12F4F81FFBD0C4F3074271
:10588000596F5A66DA6D12F4F81FFBD0240E5A6F66
:105890005C66DA6D12F4F81FFBD05B6F02B010BDCE
:1058A00001910421FFF7DCFB0148019AC388D0E78E
:1058B000EC9E0020788900201C480A46C38810B559
:1058C000032BC1F30B0482B044F0606425D9043B80
:1058D0008188D2B2C3800431154B81801B685A661F
:1058E000DA6D12F4F81FFBD0C4F30322596F5A6625
:1058F000DA6D12F4F81FFBD00022596F5A66DA6D88
:1059000012F4F81FFBD0240E5A6F5C66DA6D12F4A5
:10591000F81FFBD05B6F02B010BD01910421FFF7AF
:105920009FFB0248019AC388D1E700BFEC9E00208C
:10593000788900201C480A46C38810B5032BC1F3A0
:105940000C0482B044F0506425D9043B8188D2B263
:10595000C3800431154B81801B685A66DA6D12F4DE
:10596000F81FFBD0C4F30422596F5A66DA6D12F4A3
:10597000F81FFBD00022596F5A66DA6D12F4F81F37
:10598000FBD0240E5A6F5C66DA6D12F4F81FFBD060
:105990005B6F02B010BD01910421FFF761FB02486B
:1059A000019AC388D1E700BFEC9E002078890020CF
:1059B0001D4843EA0143C18843EA0222032910B586
:1059C00042F0007482B026D983880439D2B20433FD
:1059D000C180164983800B685A66DA6D12F4F81F8D
:1059E000FBD0C4F30722596F5A66DA6D12F4F81F20
:1059F000FBD0C4F30742596F5A66DA6D12F4F81FF0
:105A0000FBD0240E5A6F5C66DA6D12F4F81FFBD0DF
:105A10005B6F02B010BD04210192FFF721FB024829
:105A2000019AC188D0E700BFEC9E00207889002051
:105A300024482DE9F0419846C3880E461746032BAB
:105A4000BDF818409DF81C5036D9043B2C22C38069
:105A50008388043383801C4B1B685A66DA6D12F40A
:105A6000F81FFBD05A6FFF225A66DA6D12F4F81F46
:105A7000FBD05A6FFF225A66DA6D12F4F81FFBD082
:105A80005A6FFF225A66DA6D12F4F81FFBD0B0B2DB
:105A90005B6FFFF7B5FDB8B2FFF7B2FD4046FFF709
:105AA000AFFD2046FFF7ACFD2846FFF7A9FD00201B
:105AB000BDE8F041FFF7A4BD0421FFF7D1FA01488A
:105AC000C388C2E7EC9E00207889002029482DE990
:105AD000F0479A46C38888469146032B9DF820409C
:105AE000BDF82450BDF828600B9F3CD9043B12221E
:105AF000C3808388043383801F4B1B685A66DA6D2A
:105B000012F4F81FFBD05A6FFF225A66DA6D12F4B6
:105B1000F81FFBD05A6FFF225A66DA6D12F4F81F95
:105B2000FBD05A6FFF225A66DA6D12F4F81FFBD0D1
:105B30001FFA88F05B6FFFF763FD1FFA89F0FFF72C
:105B40005FFD1FFA8AF0FFF75BFD2046FFF758FD67
:105B50002846FFF755FD3046FFF752FD3846BDE8B1
:105B6000F047FFF7B7BC0421FFF77AFA0148C38872
:105B7000BCE700BFEC9E0020788900202DE9F047AB
:105B8000074629489A468846C3889146BDF8204072
:105B9000032B9DF82450BDF828603ED9043B0D220C
:105BA000C380838804338380204B1B685A66DA6D78
:105BB00012F4F81FFBD05A6FFF225A66DA6D12F406
:105BC000F81FFBD05A6FFF225A66DA6D12F4F81FE5
:105BD000FBD05A6FFF225A66DA6D12F4F81FFBD021
:105BE0001FFA88F05B6FFFF70BFD1FFA89F0FFF7D4
:105BF00007FD5046FFF704FD2046FFF701FD28464C
:105C0000FFF7FEFC3046FFF7FBFC0B98FFF762FC4A
:105C1000FF2387F86030BDE8F0870421FFF720FA02
:105C20000148C388BAE700BFEC9E002078890020B5
:105C30002DE9F047074629489A468846C388914689
:105C4000BDF92040032B9DF82450BDF828603FD9B2
:105C5000043B0E22C380838804338380204B1B685F
:105C60005A66DA6D12F4F81FFBD05A6FFF225A669B
:105C7000DA6D12F4F81FFBD05A6FFF225A66DA6D04
:105C800012F4F81FFBD05A6FFF225A66DA6D12F435
:105C9000F81FFBD01FFA88F05B6FFFF7B1FC1FFA0B
:105CA00089F0FFF7ADFC1FFA8AF0FFF7A9FCA0B25C
:105CB000FFF7A6FC2846FFF7A3FC3046FFF7A0FC41
:105CC0000B98FFF707FCFF2387F86030BDE8F087EB
:105CD0000421FFF7C5F90148C388B9E7EC9E00200D
:105CE000788900202DE9F84F80462B489B4689464D
:105CF000C3889246BDF82840032BBDF82C50BDF850
:105D00003060BDF8347041D9043B1022C3808388D1
:105D100004338380214B1B685A66DA6D12F4F81F36
:105D2000FBD05A6FFF225A66DA6D12F4F81FFBD0CF
:105D30005A6FFF225A66DA6D12F4F81FFBD05A6FC1
:105D4000FF225A66DA6D12F4F81FFBD01FFA89F0B1
:105D50005B6FFFF755FC1FFA8AF0FFF751FC5846BE
:105D6000FFF74EFC2046FFF74BFC2846FFF748FCA8
:105D70003046FFF745FC3846FFF742FC0020FFF7AE
:105D80003FFCFF2388F86030BDE8F88F0421FFF75F
:105D900067F90148C388B7E7EC9E002078890020A6
:105DA0001A480A46C388032B10B541F0A06482B09C
:105DB00023D9043B8188C3800431154B81801B6843
:105DC0005A66DA6D12F4F81FFBD00022596F5A663A
:105DD000DA6D12F4F81FFBD00022596F5A66DA6DA3
:105DE00012F4F81FFBD0240E5A6F5C66DA6D12F4C1
:105DF000F81FFBD05B6F02B010BD01910421FFF7CB
:105E00002FF90248019AC388D3E700BFEC9E002017
:105E1000788900201A480A46C388032B10B541F040
:105E2000805482B023D9043B8188C3800431154B50
:105E300081801B685A66DA6D12F4F81FFBD00022CD
:105E4000596F5A66DA6D12F4F81FFBD00022596FB1
:105E50005A66DA6D12F4F81FFBD0240E5A6F5C6696
:105E6000DA6D12F4F81FFBD05B6F02B010BD019128
:105E70000421FFF7F5F80248019AC388D3E700BF71
:105E8000EC9E00207889002070B52E4D0C46E988E4
:105E9000032949D9A88804392B4E0A22043089B233
:105EA000336880B2E9805A66A880DA6D12F4F81F70
:105EB000FBD05A6FFF225A66DA6D12F4F81FFBD03E
:105EC0005A6FFF225A66DA6D12F4F81FFBD05A6F30
:105ED000FF225A66DA6D12F4F81FFBD003295A6FBD
:105EE00028D904300439E2B2A880E9805A66DA6D14
:105EF00012F4F81FFBD0C4F30722596F5A66DA6D0B
:105F000012F4F81FFBD0C4F30742596F5A66DA6DDA
:105F100012F4F81FFBD0240E5A6F5C66DA6D12F48F
:105F2000F81FFBD05B6F70BD04212846FFF798F87F
:105F3000E988AFE704210348FFF792F8A888E988C9
:105F40003368CEE7EC9E0020788900201A4AD38877
:105F5000032B70B506460C4641F0F85524D9043B96
:105F60009188D3800431154B91801B685C66DA6D93
:105F700012F4F81FFBD00022596F5A66DA6D12F442
:105F8000F81FFBD00022596F5A66DA6D12F4F81F21
:105F9000FBD02D0E5A6F5D66DA6D12F4F81FFBD040
:105FA0005B6F86F8604070BD10460421FFF758F81B
:105FB000014AD388D3E700BFEC9E002078890020F7
:105FC0001C480A46C38810B5032B21F07F4482B0D9
:105FD00044F0807426D9043B8188D2B2C380043156
:105FE000154B81801B685A66DA6D12F4F81FFBD0DE
:105FF000C4F30722596F5A66DA6D12F4F81FFBD00A
:10600000C4F30742596F5A66DA6D12F4F81FFBD0D9
:10601000240E5A6F5C66DA6D12F4F81FFBD05B6FCA
:1060200002B010BD01910421FFF71AF80148019A4E
:10603000C388D0E7EC9E0020788900201B48B0F888
:1060400006C0BCF1030F30B50C4683B0154623D90A
:10605000174AACF1040C1268A0F806C05366838896
:1060600004338380D36D13F4F81FFBD0536F556650
:10607000D36D13F4F81FFBD0536F5466D36D13F434
:10608000F81FFBD00423516F5366D36D13F4F81F30
:10609000FBD0536F03B030BD04210193FEF7E0FF46
:1060A0000248019BB0F806C0D2E700BFEC9E00207A
:1060B00078890020184AD388032B10B5044624D9C8
:1060C0009088191FDFF854C00430D180DCF800300C
:1060D00090805C66DA6D12F4F81FFBD0FF22596FD6
:1060E0005A66DA6D12F4F81FFBD0FF22596F5A6618
:1060F000DA6D12F4F81FFBD0FF22596F5A66DA6D81
:1061000012F4F81FFBD05B6F10BD10460421FEF7A0
:10611000A7FF014AD388D3E7EC9E002078890020AE
:1061200030B585B005460C200193BDF82040CDE97F
:106130000221FFF7BFFFBDF80C00FFF761FABDF8C1
:106140000800FFF75DFA0198FFF75AFA2046FFF7BB
:1061500057FA0998FFF7BEF9012385F8603005B0BA
:1061600030BD00BF70B50D460446104E3620FFF717
:10617000A1FF29460E48FFF753F833789BB10D492C
:106180000B48FEF7EFF83378206053B10A4908480E
:10619000FEF7E8F8AB07606002D52368C4E90003A6
:1061A00070BD0649F3E70649EAE700BF5AC600207A
:1061B000EC9E0020342030004820300044241000A1
:1061C000302410002DE9F84F394D9B468046894612
:1061D000EB889246BDF82870032B0B9C5CD9043BDE
:1061E000344E2E22EB80AB880433AB8033685A6682
:1061F000DA6D12F4F81FFBD05A6FFF225A66DA6D7F
:1062000012F4F81FFBD05A6FFF225A66DA6D12F4AF
:10621000F81FFBD05A6FFF225A66DA6D12F4F81F8E
:10622000FBD01FFA89F05B6FFFF7EAF91FFA8AF0DB
:10623000FFF7E6F95846FFF7E3F93846FFF7E0F9CC
:10624000EB88032B2ED9043BE2B2EB8033685A660D
:10625000AA880432AA80DA6D12F4F81FFBD0C4F3C6
:106260000722596F5A66DA6D12F4F81FFBD0C4F397
:106270000742596F5A66DA6D12F4F81FFBD0240EEC
:106280005A6F5C66DA6D12F4F81FFBD001225B6F67
:1062900088F86020BDE8F88F04212846FEF7E0FE6C
:1062A000EB889CE704210248FEF7DAFEEB88CAE798
:1062B000EC9E0020788900201B4AD388032B10B560
:1062C00004462AD99088191FDFF860C00430D180B5
:1062D000DCF80030908000225A66DA6D12F4F81F64
:1062E000FBD0FF22596F5A66DA6D12F4F81FFBD00B
:1062F000FF22596F5A66DA6D12F4F81FFBD0FF22A5
:10630000596F5A66DA6D12F4F81FFBD0FF21042290
:106310005B6F84F86010227310BD10460421FEF7F5
:106320009FFE014AD388CDE7EC9E002078890020AB
:1063300038B51C4D0C466FF0DD012846FEF770FFA6
:10634000EB88032B27D9A9881A1FDFF85CC0E0B2BD
:106350000431EA80DCF80030A9805866DA6D12F466
:10636000F81FFBD0C4F30722596F5A66DA6D12F496
:10637000F81FFBD0C4F30742596F5A66DA6D12F466
:10638000F81FFBD0240E5A6F5C66DA6D12F4F81F0A
:10639000FBD05B6F38BD04212846FEF761FEEB8819
:1063A000D1E700BFEC9E002078890020224AD388E4
:1063B000032B10B5044637D99088191FDFF87CC02D
:1063C0000430D180DCF80030908000225A66DA6D0B
:1063D00012F4F81FFBD00022596F5A66DA6D12F4DE
:1063E000F81FFBD00022596F5A66DA6D12F4F81FBD
:1063F000FBD00022596F5A66DA6D12F4F81FFBD0F9
:1064000001205B6FFFF756FE2620FFF753FE0020AA
:10641000FFF750FEFF2204230021074884F8602084
:106420002373FEF71DFE10BD10460421FEF718FE73
:10643000014AD388C0E700BFEC9E00207889002085
:1064400030B583B015019DF8180045EA530500F0FA
:106450007F00EDB240EAC310C3B24801C1F3C701E7
:1064600040EA1212184841F08004C188D2B20329D0
:1064700020D90439C1808188043181801349096899
:106480004B66CB6D13F4F81FFBD04B6F4D66CB6D95
:1064900013F4F81FFBD04B6F4A66CB6D13F4F81F53
:1064A000FBD04B6F4C66CB6D13F4F81FFBD04B6FDA
:1064B00003B030BD0421CDE90032FEF7D1FD024822
:1064C000DDE90032C188D4E7EC9E00207889002005
:1064D00070B54F4C82B00D46E088032879D9B4F8E6
:1064E00004C004384B4E24210CF1040C80B23368F4
:1064F0001FFA8CFCE0805966A4F804C0D96D11F431
:10650000F81FFBD0596FFF215966D96D11F4F81FA0
:10651000FBD0596FFF215966D96D11F4F81FFBD0DC
:10652000596FFF215966D96D11F4F81FFBD003286C
:10653000596F61D90CF1040C0438E9B21FFA8CFCD4
:1065400080B25966A4F804C0E080D96D11F4F81F38
:10655000FBD0596FC5F307215966D96D11F4F81FA7
:10656000FBD0596FC5F307415966D96D11F4F81F77
:10657000FBD02D0E596F5D66D96D11F4F81FFBD05D
:106580000328596F2DD90CF1040C0438D1B2A4F8AA
:1065900004C0E0805966D96D11F4F81FFBD0C2F336
:1065A0000721586F5966D96D11F4F81FFBD0C2F35B
:1065B0000741586F5966D96D11F4F81FFBD0120EC0
:1065C000596F5A66DA6D12F4F81FFBD05B6F02B098
:1065D00070BD204604210192FEF742FDE088019A39
:1065E0007DE70B4804210192FEF73AFDB4F804C0A0
:1065F000E0883368019AC6E7054804210192FEF756
:106600002FFDB4F804C0E0883368019A92E700BF18
:10661000EC9E0020788900208388012123F47043B8
:106620002DE9F04723F003030446624F0078A3806E
:1066300008F0C6FA3B78002B00F0B2804FF0FC085F
:106640004FF020094FF0B00A5B4E00212078A5885A
:1066500008F0B6FA3368C3F864A0DA6D12F4F81FD4
:10666000FBD05A6FC3F86490DA6D12F4F81FFBD0B8
:106670005A6FC3F86480DA6D12F4F81FFBD05A6FBA
:10668000EAB25A66DA6D12F4F81FFBD02D0A5A6F7F
:106690005D66DA6D12F4F81FFBD000250121207829
:1066A0005B6F08F08DFA3B78002B72D04FF0F80842
:1066B0004FF020094FF0300A0021207808F080FACE
:1066C0003368C3F864A0DA6D12F4F81FFBD05A6F78
:1066D000C3F86490DA6D12F4F81FFBD05A6FC3F858
:1066E0006480DA6D12F4F81FFBD05A6F5D66DA6DC4
:1066F00012F4F81FFBD05A6F5D66DA6D12F4F81FC2
:10670000FBD05A6F5D665FFA82FCDA6D12F4F81FF7
:10671000FBD05B6F012120784FEA03281FFA88F82D
:1067200048EA0C0808F04CFA40F6FF7398453ED052
:10673000A3884345B7D12078012108F041FA3A787F
:10674000A38800212078C3F30B048A420CBF4FF4C6
:1067500084134FF442131C4408F032FA3368220CBD
:1067600042F080025A66DA6D12F4F81FFBD0C4F3CF
:106770000722596F5A66DA6D12F4F81FFBD0E4B2A3
:106780005A6F5C66DA6D12F4F81FFBD05B6FBDE8E0
:10679000F0874FF0E4084FF024094FF0100A8BE720
:1067A0004FF0E8084FF024094FF0900A4CE70348F7
:1067B000FEF7C0FA5AC600207889002020990020F0
:1067C000024808B5FFF728FF08BD00BFEC9E002077
:1067D00070B504460020FFF76DFC0423FF22222041
:1067E000237384F86020FFF765FC00215B48FEF707
:1067F00017FD40F29B725A495A48FEF7B7FE4FF018
:10680000A0615648FEF70CFD574D4FF0807153487C
:10681000FEF706FD55495148FEF702FD2B78002B87
:1068200040F0918052494D48FEF7FAFC2B78002B3E
:1068300040F08E804F494948FEF7F2FC4E494748E8
:10684000FEF7EEFC4D494548FEF7EAFC454D0123B5
:106850004B49424885F86030FEF7E2FC49493F4821
:10686000FEF7DEFC2B686A680021002BB8BF0133FD
:10687000002A4FEA6303B8BF0132323B52109BB289
:10688000323A580192B2DB0840EA1210120163F06A
:106890007F0362F30F2160F31741304863F31F61F8
:1068A000FEF7BEFC38492D48FEF7BAFC6FF07B417D
:1068B0002A48FEF7B5FC2E686D680C20002EB8BF84
:1068C0000136002DB8BF01357610FFF7F3FB6D10D0
:1068D000B0B2FEF795FEA8B2FEF792FE1D20FEF7BD
:1068E0008FFE4FF40070FEF78BFE2848FEF7F2FD96
:1068F0000123092084F86030FFF7DCFBFF211748F3
:10690000FEF78EFC0A20FFF7D5FB4FF47F411348BA
:10691000FEF786FC1520FFF7CDFBFF20FFF7CAFB33
:106920000E48FFF779FE2620FFF7C4FB0020FFF793
:10693000C1FBFF2204230021084884F86020237350
:10694000FEF78EFB70BD12490448FEF769FC69E74B
:1069500010490248FEF764FC6CE700BFEC9E002083
:1069600098210020209900205AC600207A5401075F
:106970007AAA000835003502070000260100001F32
:1069800000FFFF0455000010FF000010C81A00208F
:106990000054012800AA00292DE9F84FDFF8B88239
:1069A0000746AB48FFF738FE98F80030A84E0121A3
:1069B000002BA84D30780CBF1024302408F000F9CB
:1069C0000021307808F0FCF82A685466D36D13F47F
:1069D000F81FFBD0536F90235366D36D13F4F81F49
:1069E000FBD0536F00235366D36D13F4F81FFBD015
:1069F000536F00235366D36D13F4F81FFBD0536F0E
:106A000007F10F0107F1130400205066D36D13F452
:106A1000F81FFBD0536F01F8013F8C4201D02A6868
:106A2000F3E70121307808F0CBF898F80030B2880D
:106A30000021002B3078C2F30B020CBF4FF48413FB
:106A40004FF4421302EB030908F0BAF82B684FEA3F
:106A5000194242F080025A66DA6D12F4F81FFBD038
:106A60005A6FC9F307225A66DA6D12F4F81FFBD089
:106A70005FFA89F2596F5A66DA6D12F4F81FFBD08B
:106A80005B6F98F80030002B00F0E8804FF0200991
:106A90004FF0210B4FF0300A0121307808F090F8C8
:106AA0000021307808F08CF82A68C2F864A0D36D11
:106AB00013F4F81FFBD0536FC2F864B0D36D13F416
:106AC000F81FFBD0536FC2F86490D36D13F4F81F16
:106AD000FBD0536F00235366D36D13F4F81FFBD024
:106AE000536F07F1200000215166D36D13F4F81F96
:106AF000FBD0536F04F8013F844201D02A68F3E7CA
:106B00000121307808F05CF898F80030B288002154
:106B1000002B3078C2F30B020CBF4FF484134FF4F8
:106B20004213D41808F04CF82B68220C42F0800273
:106B30005A66DA6D12F4F81FFBD05A6FC4F30722BD
:106B40005A66DA6D12F4F81FFBD0E4B2596F5C6636
:106B5000DA6D12F4F81FFBD05B6F98F80030002B51
:106B600070D07C244FF020094FF0300A012130789A
:106B700008F026F80021307808F022F82B68C3F8D6
:106B800064A0DA6D12F4F81FFBD05A6FC3F864905A
:106B9000DA6D12F4F81FFBD05A6F5C66DA6D12F4EE
:106BA000F81FFBD05A6F00225A66DA6D12F4F81FF4
:106BB000FBD05A6F00225A66DA6D12F4F81FFBD030
:106BC0005B6F0121307887F8213007F0F9FF98F8E2
:106BD0000030B4880021002B3078C4F30B040CBFC4
:106BE0004FF484134FF442131C4407F0E9FF2B6861
:106BF000220C42F080025A66DA6D12F4F81FFBD0C4
:106C0000C4F30722596F5A66DA6D12F4F81FFBD0ED
:106C1000E4B25A6F5C66DA6D12F4F81FFBD0B7F974
:106C20001A20B7F9181012F500404FEA02124FEA85
:106C300001115B6F18BF0120C7E9092187F8220005
:106C4000BDE8F88F78244FF024094FF0100A8DE743
:106C5000EC9E0020788900205AC600204FF00C09D5
:106C60004FF0250B4FF0100A16E700BF2DE9F84F43
:106C7000A94C8246C8B2A94D0121207007F0C2FF7D
:106C80000121207807F09CFF284601F041F8EB7CB9
:106C9000002B31D072B6EB7CDE0708D54FF0E02137
:106CA0006869D1F880210240C1F88021AA62980762
:106CB00008D54FF0E021A869D1F884210240C1F83D
:106CC0008421EA62590708D54FF0E021E869D1F83C
:106CD00088210240C1F888212A631A0708D54FF09D
:106CE000E021286AD1F88C210240C1F88C216A6326
:106CF000DB0600F1F38262B68949AB688B4200F093
:106D00003783884BA9609B69874AC3F30116C3F395
:106D10008263864852F826200133B2FBF3F28242A6
:106D200000F2C8820023EB602A6800260321207845
:106D30001661516231461364072313660123136100
:106D400007F03EFF2B685E66DA6D12F4F81FFBD089
:106D50000022596F5A66DA6D12F4F81FFBD0002238
:106D6000596F5A66DA6D12F4F81FFBD001212078B2
:106D70005B6F07F025FF0021207807F021FF6822D4
:106D80002B685A66DA6D12F4F81FFBD00022596F97
:106D90005A66DA6D12F4F81FFBD00022596F5A665A
:106DA000DA6D12F4F81FFBD0614F0121207807F54E
:106DB00092665B6F07F004FFFF230021304687F8DF
:106DC000BC3487F8C81405F081FA3046C7F88C64E3
:106DD00004F01EFD30B90123D7F88C1438461A464A
:106DE00003F03EFE4C48FDF70FFD52494A48FEF7BE
:106DF00017FA514E5046FFF7D9FA4748FFF70CFCF7
:106E00003378002B00F090824C4900224248FDF775
:106E100049FA3378002B00F0A982494983223E4881
:106E2000FDF740FA3378002B00F09E82454F39463B
:106E30003948FDF7D1F960F07F0239463648D2B2C1
:106E4000FDF730FA3B493448FEF7EAF95046FFF7C0
:106E5000ADFA3378002B00F085823B494FF4F07295
:106E60002D48FDF7DFFB3378002B00F0798237499E
:106E70004FF409722848FDF7D5FB3378002B00F05A
:106E80006D8233492B222448FDF7CCFB3378002B4D
:106E900000F062822F4900221F48FDF7C3FB3378C0
:106EA000002B00F057822C4929221B48FDF7BAFB22
:106EB0003378002B00F04C8228494FF48872164832
:106EC000FDF7B0FB3378002B00F0408224494FF4EB
:106ED00092721148FDF7A6FB3378002B00F0348244
:106EE00020490C220C48FDF79DFB3378002B00F065
:106EF00029821D4900220848FDF794FB3378002BB6
:106F000000F01E8219490A220348FDF78BFB3378F3
:106F1000002B00F013822BE0EC9E002078890020EB
:106F20000051250200C00F40487C0020FF50250280
:106F300084990020070000265AC60020D420300083
:106F40009020300094203000342030002C2030007D
:106F500030203000382030003C2030004820300005
:106F600040203000442030004C20300050203000C1
:106F7000B6490522B648FDF755FB3378002B00F0E3
:106F8000DB81B4490122B248FDF74CFB3378002B7A
:106F900000F0D081B0490122AD48FDF743FB3378C2
:106FA000002B00F0C581AD490122A948FDF73AFB4D
:106FB000A748FFF731FB3378002B00F0B381A849D5
:106FC000A348FDF7CFF93378CAF80000002B00F092
:106FD000A781A4499E48FDF7C5F90023E288984699
:106FE0001F46CAF80400CAF80830032A48F0A0690E
:106FF00040F28E81A088043A2B68043092B2C3F824
:10700000648080B2E280A080D96D11F4F81FFBD0BB
:10701000C9F30721D3F874C05966D96D11F4F81F6C
:10702000FBD0C9F30741D3F874C05966D96D11F488
:10703000F81FFBD04FEA1961D3F874C05966D96DB7
:1070400011F4F81FFBD0032A596F40F25981043024
:10705000043A5F6680B292B2A080E280D96D11F4EA
:10706000F81FFBD0596F5F66D96D11F4F81FFBD084
:10707000596F5F66D96D11F4F81FFBD02821D3F842
:1070800074C05966D96D11F4F81FFBD0032A596FEB
:1070900040F22E81043A04305F6692B2A080E28012
:1070A000D96D11F4F81FFBD0596F5F66D96D11F4DB
:1070B000F81FFBD0596F5F66D96D11F4F81FFBD034
:1070C0002921586F5966D96D11F4F81FFBD008F1CA
:1070D00001085B6FB8F1200F87D163495C48FEF768
:1070E0009FF85046FFF762F95F495948FEF798F854
:1070F0005046FFF75BF95C495548FEF791F850465A
:10710000FFF754F93378002B00F00881574F1A200D
:10711000FEF7D0FF39464E48FEF782F804214C486E
:10712000FEF77EF880214A48FEF77AF800214848A9
:10713000FDF796FF002007F0FBFD0746002800F052
:10714000198100244A4DDFF838813378002B0CBFB9
:107150002F46474627440134204607F0E9FD3946CB
:1071600002463B48FDF79EF8182CEED13378002BF1
:1071700000F0DC803F494FF496623548FDF762F934
:10718000FF254FF07733042450468AF86050CAF840
:107190005C308AF80C40FDF741FC0020FEF78AFFC6
:1071A0008AF860508AF80C4033492948FEF738F8CD
:1071B0002D492748FEF734F8DAF80050DAF8044091
:1071C0000C20002DB8BF0135002CB8BF01346D1064
:1071D000FEF770FF6410A8B2FEF712FAA0B2FEF735
:1071E0000FFA1E20FEF70CFA4FF4C060FEF708FA03
:1071F0002248FEF76FF9DAF800500122DAF804406D
:10720000002D4FF016008AF86020B8BFAD18FEF7C9
:1072100051FF6D10A8B2FEF7F3F907EE904A002C6B
:10722000B8EEE75BB8BF0134641007EE904A9FEDFB
:10723000056BB8EEE77BA5EE067BBDEEC77B21E0D4
:10724000AFF300809A9999999999B93F70203000CD
:10725000EC9E00206C203000682030006020300060
:10726000342030004820300007000026D4203000B1
:107270001C2510001821300000550002E01A0020E3
:107280005021300017EE103A98B2FEF7B9F90120FC
:10729000FEF7B6F90020FEF7B3F95046FFF786F87F
:1072A0004FF004516F48FDF7BBFF6E48FFF7B4F98C
:1072B000BDE8F88F6C4BA3FB02035B0EB2FBF3F24D
:1072C0008A4288BF0133022B38BF02235A08023B8F
:1072D000013A02EB022243EA022324E54FF0E022C6
:1072E000696AD2F890310B40AB63C2F8903102E585
:1072F0005C480421FDF7B4FEA088E2882B68C9E64B
:1073000058480421FDF7ACFEA088E2882B689EE671
:1073100004215448FDF7A4FEE2886BE6534FF6E6DD
:10732000534957E653494BE650496EE5524922E727
:10733000524939E652492EE6524923E6524918E6A7
:107340005249E0E55249D5E55249CAE55249BEE500
:107350004749B2E55149A7E551499CE5514991E5B5
:10736000514985E5434979E5504F60E5504955E578
:10737000EB68D9E4B846BB465046FFF729FA3378A4
:1073800001214C4A002B4C4B207818BF134608EBC8
:107390000309884407F014FC0021207807F010FC52
:1073A0002B684FEA19425A66DA6D12F4F81FFBD0C7
:1073B000C9F30722596F5A66DA6D12F4F81FFBD031
:1073C0005FFA89F2596F5A66DA6D12F4F81FFBD032
:1073D0005A6FC3F864B0DA6D12F4F81FFBD05A6F1D
:1073E000C3F864B0DA6D12F4F81FFBD05B6F0121B3
:1073F00020785FFA83F907F0E3FB00213378A28855
:107400008B420CBF4FF484134FF442132078C2F325
:107410000B02D71807F0D4FB2B68390C41F0800120
:107420005966D96D11F4F81FFBD0C7F30721586FC7
:107430005966D96D11F4F81FFBD0FAB2596F5A662C
:10744000DA6D12F4F81FFBD0494640465B6F07F037
:1074500089FDB8F1180F92D10121002007F082FDBB
:1074600084E600BFEC9E0020B5FA9BEEC424100019
:107470004424100030241000042510005C24100067
:1074800064241000682410006C2410004C241000A8
:1074900048241000402410003C2410003824100020
:1074A000342410002C2410002824100090241000F4
:1074B0008C241000502130001C2510002DE9F04FC5
:1074C000A34C89B00E4601212078039207F078FB87
:1074D000B26C002A00F0028233689E491B69079152
:1074E0008B4240F02782137813F0080549D102211E
:1074F000994809F017F82946984807F045F8DFF849
:10750000689206219648DFF864B209F00BF89348B8
:1075100007F046F82078012107F052FB9BF8002085
:10752000A38800212078C3F30B048A420CBF4FF4D8
:1075300084134FF442131C4407F042FBD9F8003087
:10754000220C42F080025A66DA6D12F4F81FFBD06A
:10755000C4F30722596F5A66DA6D12F4F81FFBD094
:10756000E4B25A6F5C66DA6D12F4F81FFBD099F83A
:1075700013205B6F002A40F07381012009B0BDE841
:10758000F08FD1695369CB1A049300F1D78102219E
:10759000714808F0C7FF049D7048294606F0F4FFC3
:1075A00006216F4808F0BEFF6C4806F0F9FF002D79
:1075B00040F313820023DFF8B091DFF8B0B10293FB
:1075C00008E018460022674901F088FF049B029AF0
:1075D00093429FDD3368079A1B69934240F0EC8029
:1075E000B36C002B00F0C4801A781207E9D5DA6971
:1075F0005969521A03D4B2F5005F40F3F58018467A
:107600004FF40052029B57491344069301F066FF62
:107610004FF400530193DDF8048000270596B8F578
:10762000006F4FF0010120784546A8BF4FF4006578
:1076300007F0C6FA9BF800300021A288ADB2002BFB
:107640002078C2F30B0205F103060CBF4FF484133C
:107650004FF4421326F0030602EB030A07F0B0FAD8
:10766000D9F800304FEA1A4141F080015966DA6DCD
:1076700012F4F81FFBD0596FCAF307215966DA6D6F
:1076800012F4F81FFBD05FFA8AF2596F5A66DA6D6E
:1076900012F4F81FFBD05B6F039B1BB1029A049995
:1076A000D01998472F4BB2B22948A8EB0508D91931
:1076B0002F44FDF75DFEA3880121207823F003030A
:1076C0001B051B0DA38007F07BFA9BF80030002BF5
:1076D00039D0FC264FF0200AB022002120780092F9
:1076E000A58807F06DFAD9F80010009A4A66CB6DAC
:1076F00013F4F81FFBD04A6FC1F864A0CB6D13F4EC
:10770000F81FFBD04B6F4E66CB6D13F4F81FFBD008
:107710004B6FEBB24B66CB6D13F4F81FFBD02D0A09
:107720004B6F4D66CB6D13F4F81FFBD04B6F0121EF
:10773000207807F045FA019B9F42FFF670AFDDE924
:107740000563029342E7E8264FF0240A9022C4E73B
:10775000EC9E002029550100F01A0020188A002014
:10776000F41A0020A49F0020788900205AC6002027
:10777000F06C00283FF42AAF90F831301B0766D533
:107780000268036941689B1A426962EB0102B3F126
:10779000004F72F1000202D2B3F5005F57DD029B89
:1077A00003F5005306934FF400528E4900F080FC1D
:1077B0004FF4005301932EE730469847B0F5005F31
:1077C00027DD029BB06C03F500530693002840F0C0
:1077D000C980F06C0028E6D14FF4005301931AE7FA
:1077E0001A7817077FF5EDAEDA695969521A00F178
:1077F000948092B2029911440192069118467949F7
:1078000001F06CFE019B002B7FF405AF069B0293F9
:10781000DCE63368079A1B69934211D030469847DB
:10782000029985B2D6E9123029442A46019506917B
:10783000002BE3D10028E5D06A4900F039FCE1E7EC
:10784000B36C002BCCD1F06C00283FF4BFAE90F8A5
:10785000313013F008022DD1624900F029FCB5E661
:10786000D50705D5D9F828104FF0E023C3F800114B
:10787000940705D5D9F82C104FF0E023C3F8041174
:10788000500705D5D9F830104FF0E023C3F80811A0
:10789000110705D5D9F834104FF0E023C3F80C11C7
:1078A000D3067FF56AAED9F838204FF0E023C3F84D
:1078B000102162E6036802694168D21A436963EBEA
:1078C0000103B2F1004F73F10003029B28BF6FF078
:1078D000004292B2134401920693ADE7F26C002A83
:1078E00049D0336840491B6907918B4222D192F8F5
:1078F000313013F008053FF4FAAD116813695B1AD3
:107900005169526861EB0202B3F1004F72F100025B
:1079100028BF6FF00043049339E618464FF6FF7214
:10792000029B30491344069301F0D8FD4FF6FF73D4
:10793000019370E630469847049028E602212B48D0
:1079400008F0F0FD6FF00041294806F01DFE062109
:10795000284808F0E7FD264806F022FE6FF00043B5
:10796000049327E64FF400521E4901F0B7FD4FF48F
:10797000005301934FE6DFF880902046FCF7CCFEE1
:1079800099F813303BB3DE0705D5D9F828104FF02E
:10799000E022C2F800119D0705D5D9F82C104FF050
:1079A000E022C2F804115C0705D5D9F830104FF079
:1079B000E022C2F80811180705D5D9F834104FF0A5
:1079C000E022C2F80C11D90605D5D9F838204FF0BD
:1079D000E023C3F810210020D0E5DFF81C90DFF889
:1079E0001CB097E5A49F002029550100F01A002043
:1079F000188A0020F41A0020788900205AC6002036
:107A0000F0B50023A9B00C464FF47A71064617462C
:107A100000201A4A8DF80C3000922246184DCDE90C
:107A200001310021CDE91201164914A803F086F8AE
:107A3000159B18A904A80193169B02939DF85C302E
:107A40008DF80C3002F04CFF18A8149502F0A2FF3C
:107A500034B120460AF06AFC0146204608F062FD77
:107A60003A4669463046FFF729FD044604A80095CA
:107A700002F090FF204629B0F0BD00BF4420002056
:107A80007C1F00208499002008B507F02DF9104BC9
:107A90001048002210494FF0070CC3F89004292029
:107AA000C3F8A4140D49C3F88024C3F88424C3F890
:107AB0008C24A3F89824C3F8A8C483F8B12483F8CD
:107AC000AD04C3F89C1483F8B82483F8C82408BD17
:107AD000849900207820002000093D00AC1F002080
:107AE00090F81CC04160BCF1020FC26001D18368F4
:107AF000184706F023BB00BF30B504468E46006829
:107B0000114640F20122026123B31D46BEF1000F6F
:107B100021D0724612F801CB9646013DC0F864C0F0
:107B2000026F920707D48C46013B426F19B10CF8E3
:107B3000012B614620684269D207F1D5002DE5D1BD
:107B400043B1026F9207FCD4426F09B101F8012BD7
:107B5000013B03D130BD94F83CC0DEE72068026FE2
:107B60009207EED4F0E700BF304B314910B5D3E9AE
:107B7000114E9EF80400C8771A6C94F804C081F87E
:107B80001CC0087752B1B2F5004F23D329495118D0
:107B9000274A1964D07682F81BC010BD19680F24DB
:107BA000D86C8C6540F20134CA610C614FF47C548E
:107BB0004C6103210468246883F83D101E4B9C42ED
:107BC00020D1037F4260022BC26020D18368BDE8D0
:107BD000104018472468E18B090421D4E283DEF8C1
:107BE0000010B4F81EE0A4F816E0CC8B240412D4E4
:107BF000CA83CA8BCA8200210D4A1964D07682F8E2
:107C00001BC010BD23461146BDE810401847BDE813
:107C1000104006F093BACC8B62F30804CC83E8E7FB
:107C2000E18B62F30801E183D9E700BFC889002036
:107C300000800E400180FFFFB58E0100304B3149BE
:107C400010B5D3E9114E9EF80400C8771A6C94F869
:107C500004C081F81CC0087752B1B2F5004F23D39D
:107C600029495118274A1964D07682F81BC010BDE3
:107C700019680F24D86C8C6540F20134CA610C611C
:107C80004FF47C544C6103210468246883F83D1050
:107C90001E4B9C4220D1037F4260022BC26020D148
:107CA0008368BDE8104018472468E18B090421D49B
:107CB000E283DEF80010B4F81EE0A4F816E0CC8BE6
:107CC000240412D4CA83CA8BCA8200210D4A1964C3
:107CD000D07682F81BC010BD23461146BDE8104087
:107CE0001847BDE8104006F029BACC8B62F30804AF
:107CF000CC83E8E7E18B62F30801E183D9E700BFB9
:107D00007889002000800E400180FFFFB58E0100C1
:107D100043682DE9F04FD3E90041814D4FF0B80998
:107D200022684FF00F0B22EA01027E492260AA6905
:107D300011407D4A0A43AA6190F810E07B4A03EBA8
:107D40000E0603EB8E0E317C02EB01118968C1F83F
:107D5000009090F811C003EB0C050CF10A0C95F89B
:107D6000241002EB01118968C1F80090817C03EBBB
:107D7000010803EB810198F838A002EB0A1ADAF83F
:107D800008A0CAF80090D4F800905F6849EA070993
:107D9000C4F80090347CDEF814E002EB041464684C
:107DA000C4F800E095F8244053F82CC002EB04140A
:107DB0006468C4F800C098F83840C96B02EB04123C
:107DC000526811609A6C98F8441011601A6A317FF9
:107DD0005B6B116095F830201A60022203681A610B
:107DE000C3F858B0C27C002A32D072B6C37CDD071B
:107DF00008D54FF0E0214469D1F880212240826209
:107E0000C1F880219C0708D54FF0E0218469D1F8A2
:107E100084212240C262C1F88421590708D54FF05D
:107E2000E021C469D1F8882122400263C1F8882189
:107E30001A0708D54FF0E021046AD1F88C212240BE
:107E40004263C1F88C21DF065CD462B6C27C036851
:107E5000374D8168A9425FD0314985608969354CC9
:107E6000C1F30117C1F38261334E54F82740013149
:107E7000B4FBF1F4B44230D80021C16000241C618D
:107E800003245C620724196401211C66196112B382
:107E9000D60704D5816A4FF0E023C3F80011950797
:107EA00004D5C16A4FF0E023C3F80411540704D588
:107EB000016B4FF0E023C3F80811110704D5416BA3
:107EC0004FF0E023C3F80C11D30604D5826B4FF0BA
:107ED000E023C3F81021BDE8F08F1849A1FB04612D
:107EE000090DB4FBF1F4AC4288BF0131B1F5817FDB
:107EF00014D20229C0D902394C0804EB042441EA07
:107F00000421BAE74FF0E022416AD2F890310B40E9
:107F10008363C2F8903198E7C168AFE70849ACE7DE
:107F200000C00F40CFFFFFE310000008DC7D002001
:107F300000093D00487C0020FF083D0083DE1B4314
:107F4000FF7F7F000BB1FFF7D7BD70474268D2E9D2
:107F500000130968194200D170470346002005212B
:107F600010B51C6882B02061187C01930244107C1B
:107F700006F048FE019B0521587C5A68024492F89D
:107F8000240006F03FFE019B05215A689B7C1344A8
:107F900093F8380002B0BDE8104006F033BE00BFD1
:107FA00030B500F1240385B08C460446154693E8AD
:107FB000070001AB83E807004FEA4C121946206A1C
:107FC00001F0C8F8012806D12A4601A9206A01F06B
:107FD0007DF805B030BD002005B030BD10B50446B9
:107FE00000F01AFD002384F8313084F8333010BDDE
:107FF00090F831C0BCF1000F01D00020704710B5DF
:1080000082B00C4638226146019009F069FE0122D7
:10801000019B402110461C6283F8332083F8311005
:1080200002B010BD70B514460A781E460B46202AD1
:1080300004D113F801CFBCF1200FFAD02360A36064
:10804000197881B32F2920D05A1C184DA1F1220C88
:108050001F295FFA8CFC07D9BCF11D0F25FA0CFE15
:1080600004D81EF0010F05D0002070BD01F0DF0321
:108070005C2BF9D02E29134602D0202918BFA2600C
:1080800012F8011B79B12F29E0D113F801CFBCF10F
:10809000200FFAD0BCF12F0FF7D021463360BDE896
:1080A000704000F029BF2F29EFD0F6E701210035FD
:1080B0002DE9F04F90F8333083B00446DD076FD5DB
:1080C00058060E46924640F1AA80D4E90023D4E92E
:1080D00004101AEB020543F10003A94270EB0303FD
:1080E000C0F0A380BAF1000F56D05546D4E9003253
:1080F000276AD7F8381411EA030970D1134370D1F5
:1081000094F831305A064CBFD7F83414E169A161B4
:1081100097F845240239D7F82C34C9F3080B91405D
:1081200040F2FF1003EB59231944BBF1000F42D179
:10813000854240D9D7F81C0281423CD0B5F5806F0A
:1081400056D301239340A3EB59296B0A994528BFC5
:10815000994681420AD801EB0903984206D207F5F5
:108160000470019104F008FD0199C8B1D7F8140218
:108170004B46324607687F69B84788B14FEA4929BC
:108180004B464E44D4E900125B1842F10002B5EBB5
:108190000905C4E90032ABD1504603B0BDE8F08F09
:1081A00094F832304FF0FF3043F0020384F832305D
:1081B00003B0BDE8F08F002207F5047004F006FD5F
:1081C0000028EDD0CBF5007900EB0B013046A94536
:1081D00028BFA9464A4606F07DFF4B46D1E7A16974
:1081E00096E794F83330A1695B060DD501318EE72F
:1081F000D7F81402324603681B6998470028CFD08D
:108200004FF400739946BCE704F11802384600F0B9
:1082100079FF0028C4DB0BD0276AA16978E794F8BE
:10822000313019077FF55EAF4FE7A1EB020A59E73E
:1082300094F8313013F0500FB2D0AAEB050A504633
:10824000ABE700BFF0B583B00122044685690DF1AC
:108250000701D0E90067FFF72BFF0128A5610CBFDC
:108260009DF807004FF0FF30C4E9006703B0F0BD90
:108270002DE9F04F044690F83110806983B08046B4
:1082800000295BD0D4E900CE9E4508BF94455FD05D
:1082900052EA030058D00F0704D5D4E904509542A0
:1082A00098414BD3206A551E94F83360834690F86A
:1082B0004504009663F100060930C0B225FA00F9C2
:1082C000C0F12007A0F12005BA4606FA07F701958C
:1082D00026FA05F5009E49EA0709760649EA0505EA
:1082E0003AD41CF1FF3626FA00F04EF1FF365CEA74
:1082F0000E0E06FA0AF70097019F26FA07F6009F6E
:1083000040EA070040EA060001D0854228D249062B
:108310004CBFDBF83414E169A1611746994606E0C9
:10832000A169013D206A00F0EDFE002806DD04F1A0
:108330001802002DF4D13A464B4607E00020C4F85D
:10834000188003B0BDE8F08F0021A161C4E90023CB
:10835000012003B0BDE8F08FE1692944A161F5E790
:108360002D1ADAE72DE9F04F8DB00C461946064676
:10837000009390F83130002B40F0D480904694F870
:10838000312012F0500F00F0CD8001F00302032ADB
:1083900000F0C880013201F008010A430192B8F1EF
:1083A000000F00F0C980D8F8102002F10E07AC4A87
:1083B000A2FB0727D4E90021FF080A4307F10207BF
:1083C000FFB204D00022A3610023C4E900234FF0D0
:1083D00000094D46202204A92046FFF769FE10B38C
:1083E000202840F09F809DF910309DF81020002B30
:1083F000C0F2A480B9F1000F04D12368A3F1200AD0
:10840000A3699B4609F10103DBB2B94538BF994620
:10841000002A00F01481202204A920460025FFF73D
:1084200047FE0028DCD1009B9A057BD5019BC3F356
:10843000400383F00103DB0774D4B8F1000F71D05F
:10844000B94580F0618143464D46B0461E46202224
:1084500004A92046FFF72CFE6B1C002859D02028C9
:108460005FD125B92268A2F1200AA2699346DDB244
:10847000BD42ECD33346464638220021304698466A
:1084800094F8335009F02CFC236AC5F3801533624D
:10849000082386F82C5086F83130D8F80030C6E929
:1084A00009BAC8F804300023A8F80C30002507F1F9
:1084B000FF3A0122E9B23046FFF772FD044688B365
:1084C00090F90030002B2DDB2022002109F008FC60
:1084D000002D00F0C780012D00F0DD80C123A146F2
:1084E0001E3404F81E3CB8F80C3040461BB9D8E9DD
:1084F00001239A4205D004F0A1FB29F8020F4C4554
:10850000F1D10135BD42D4D1304600F085FA05469F
:108510000EE02046D4F8189000F0B6FA002840F09B
:108520009B80464600231D4686F8313086F833305E
:1085300028460DB0BDE8F08F032748E74DBBB9458D
:1085400038BFA946852A7FF445AF294638223046F0
:10855000012509F0C5FBBDF814309DF8112013F07A
:10856000100F03F0370386F8302043F0080208BFED
:10857000134686F831302368226A203B3262A269B2
:10858000C6E9092394F83330C3F3801386F82C30FE
:1085900020E7C02A23D0C12A7FF43DAF424604A978
:1085A000304600F083FCC0B1B8F80C30ABB9D8E964
:1085B00001329A4211D1009B1B05B3D4009B13F4E6
:1085C000884F7DD196F833309F07B1D596F831307A
:1085D000DC06A7D4D807ABD5A4E70546FAE69DF894
:1085E0001130019A990786F8332003D542F04003F1
:1085F00086F83330099BF361DDE90623C6E90423DD
:10860000DDE90A23C6E90223B8F1000FD3D04FF009
:108610000003D8F81020A8F80C30D8F80030C8F8BB
:1086200004309DF813309A427FF4F5AEB8F8145038
:10863000BDF81430ED1AB5FA85F56D09CAE6B8F142
:10864000000F3FF46FAF009B98057FF56BAF019B68
:1086500099073FF5F5AE65E7C4F8189008E700BF45
:1086600089888888852323703C4B86F830A084F85D
:1086700001A01B68F3B10DF10B020DF10E0103A86F
:108680009847BDF80C306381BDF80E3023819DF80A
:108690000B30237535E74FF4E0732380019B63F0C3
:1086A0007F0386F83330D8F81030E370B8F8143010
:1086B000A38026E745F621436381E381638220E7B7
:1086C00096F83130D9063FF52DAF13F001017FF454
:1086D00029AF009A520534D596F8332097077FF5D5
:1086E00021AF002B3FF41EAFD6E90032134304D074
:1086F00000220023B161C6E90023304600F01CFAD5
:1087000000287FF415AF0DE738220021304694F899
:10871000335009F0E5FA236AC5F380153362082364
:1087200086F82C5086F83130D8F80030C6E909BAFE
:10873000C8F804300023A8F80C30002F7FF4B6AE40
:10874000E2E6009B5C047FF5F3AE3046D6E90423F5
:10875000FFF78EFD00287FF4EBAEE3E64C9F002090
:108760002DE9F043002597B00E4690F831100192A4
:108770001495ADF8145000293DD196F8311011F040
:10878000500F38D099461378044615462F2B36D013
:10879000002701AB02AA29462046FFF743FC50B34D
:1087A000019D2B78002B3ED0002302AA31462046A3
:1087B000FFF7D8FDF8B1A44608AE04F13008DCF8A4
:1087C00000000CF1100C5CF80C1CB6465CF8082C90
:1087D00010365CF8043CC445AEE80F00EFD1DCF87D
:1087E00000003060204600F017F908AE84F83170C0
:1087F00084F83370CDE7002017B0BDE8F08315F89A
:10880000011F2F29FBD0366A38220195A1B92046D5
:1088100009F066FA012340222662184684F83330B4
:1088200084F83120E8E74B4602AA31462046FFF79C
:1088300099FD17B0BDE8F083002108A809F050FAAF
:108840000123109608AE8DF8533040238DF8513037
:108850009EE700BF19B101F58961FFF781BF0846A6
:10886000704700BF8169F8B50446006A01B1013163
:10887000012200F075FB0128074632D90123014689
:10888000206A1A4600F0CAFB054650B3A36994F863
:1088900033204BB3510612D5591CB94218D022F0DF
:1088A0004002E16984F8332005E0206A00F076FC9C
:1088B0003146B0B1A3694E1C99423246F5D34FF010
:1088C000FF323946206A00F069FC50B1A16911B944
:1088D0002846A761F8BD3A46206A00F05FFC0028F0
:1088E000F6D100252846F8BD42F0400284F8332036
:1088F000EEE700BFF0B5002783B006463C46394698
:1089000000223046FFF74CFB0546002855D0027880
:10891000C02A5BD0C12A22D0852A4ED196F83130A8
:1089200003F0370383803B4B1B6883B10DF10302D7
:108930000DF1060101A898479DF803306B75BDF84D
:108940000630AB812B82BDF80430EB816B82326A3A
:1089500092F8103243F0010382F810322A78A2F123
:1089600085000023B0FA80F04009E103012B01EB00
:1089700054010A4494B24FEAC43206D128B102EB42
:108980005402297904230A4494B20133202B01D0E4
:10899000EA5CEAE7013796F83030F9B28B42AFD2A1
:1089A000012206F12401306A00F090FB28B1356AFB
:1089B0004480284604F0E0F8E8B996F83230002008
:1089C00043F0010386F8323003B0F0BD96F833204F
:1089D000437852064CBF43F0020303F0FD0343709B
:1089E000D6E90423C0E90223F3694361D6E90223EF
:1089F000C0E90623ABE705F5047004F0BDF80028D4
:108A0000DBD0D5F8400403681B6A98470028DBD107
:108A1000D3E700BF4C9F002090F83120F2B190F9CD
:108A2000331090F83320002912DB026A10B582B0AF
:108A300014460190104604F09FF8019B80B993F80A
:108A40003220002042F0010283F8322002B010BD33
:108A500002F07F0280F83320FFF74CBF01207047FF
:108A600004F50470019304F087F8019B0028E6D018
:108A7000D4F840040268126A904710B1012002B095
:108A800010BD019BDBE700BF70B590F831300546A3
:108A90005A064CD480682B6AD3F83C341844B0F1A1
:108AA000806F01D3002070BD2846FFF7DBFE002851
:108AB000F8D0286A0024AE6990F84534023E9E4002
:108AC000D0F82C341E440522311900F5047004F04E
:108AD0007DF84FF4007200210028E3D009F000F97E
:108AE000286A012390F845241C4493409C42EAD311
:108AF00095F831305B0615D495F8332062F07F028B
:108B0000D5E9023185F83320D0F83C249B1841F197
:108B10000000AB60D5E90431E8609B1841F1000129
:108B2000C5E904312846BDE87040FFF775BF006A0B
:108B300000F02AFCAFE700BF90F833309A0764D505
:108B4000C169B9B313F0400C70B50446D0F818E011
:108B500082B0006A30D090F845C4A2680CF1090CCC
:108B6000E568013A5FFA8CFC45F1FF35CCF120064F
:108B700022FA0CF2ACF1200C05FA06F625FA0CFCF0
:108B8000324342EA0C020132BEF1000F20D1C4F898
:108B90001CE001918ABB63F07F03204694ED007BCB
:108BA00084F8333084ED027B84ED047BFFF734FFDF
:108BB00002B070BD01207047BEF1000F0FD10191CE
:108BC000C4F81CE000F00EFBE0B194F83330E2E7AB
:108BD0000139A1EB0E010A440EF10101D9E701AA06
:108BE0007146CDF804C000F08DFA00280ADB0ED1E2
:108BF00001990029E9D0206AE4E7002300F00EFA89
:108C00000028E2D1002002B070BD002070474FF074
:108C1000FF32A169206A00F0C1FA0028E8D1F1E72B
:108C20002DE9F84F90F8333004469D0740F1AC80B1
:108C300093461A070E4600F12581D4E90031BBF1B5
:108C4000000F00F0D1805D464FF00109206AA16954
:108C5000D0F8382412EA03086CD1002900F0D5803E
:108C600094F833305B0640F1ED80A268E368013A86
:108C700043F1FF3C90F845340933DBB2C3F1200ED9
:108C8000DA40203B0CFA0EFE2CFA03F342EA0E0205
:108C90001A43E36913448B4240F2DB800131A16146
:108CA00090F845240239D0F82C3491401944B5F598
:108CB000007F72D3B5F5806FD0F81C32C0F0AB8066
:108CC00009FA02F2A2EB08086A0A904528BF90460A
:108CD000994204D808EB01029A4200F2CB80D0F806
:108CE000140243463246D0F800C0DCF828A0D04732
:108CF000002849D04FEA48284346A5EB08052268DA
:108D0000464461689B182269606941F100019A42FA
:108D10008841C4E9003102D3002D97D164E094F872
:108D2000332062F07F02C4E9043184F83320002D3F
:108D30008CD159E090F845240239C8F3080A4FEA6B
:108D400058289140D0F82C3441441944BAF1000F0E
:108D5000ADD0012200F5047003F038FFA0B1CAF5D0
:108D6000007850443146A84528BFA846C244424630
:108D700006F0B0F9BAF5007FBED1206A00F50470A4
:108D800003F0FAFE0028B7D194F83230002043F007
:108D9000010384F83230BDE8F88F226827696369DF
:108DA000BA42626872EB030333D2012200F5047009
:108DB00003F00CFF0028E7D02A46314606F08AF976
:108DC00020696269D4E90031EB1841F10001984251
:108DD0008A41C4E9003107D294F8332062F07F025F
:108DE000C4E9043184F83320D4E9020298428A416C
:108DF00050D32D4B1B682BB194F8333063F07F03B5
:108E000084F833305846BDE8F88FE16949B3A16171
:108E100046E70522CAE7994206D1002380F81032BE
:108E20004FF0FF33C0F81C32D0F81402324603680A
:108E30005B6A98470028A7D04FF40073A5F500752A
:108E400098465CE704F1180200F05CF900289BDB0F
:108E500004D12046FFF706FD002895D0A169206ABD
:108E60001EE72046FFF7FEFC00288DD0A169206A8E
:108E7000E16115E7002380F810324FF0FF33C0F8AE
:108E80001C322CE7D0E90423FFF7F2F900287FF425
:108E9000D4AE79E794F833205846C4E9023162F041
:108EA0007F0384F83330AEE74C9F00202DE9F0417A
:108EB00015460C4601F11E08AB89284634F8026FAE
:108EC0001BB9D5E901239A420ED003F0B7FE03F097
:108ED00027FF0746304603F023FF874209D1444568
:108EE000EAD10120BDE8F081B6FA86F04009BDE87C
:108EF000F0810020BDE8F08170B500230E460A68BD
:108F00004FF6FF7519461C46B3813361726015E058
:108F100003F094FEA84220D003F002FF3269E3037D
:108F2000B189013203EB5403326153FA80F3C3F386
:108F30004E0404EBC33404EB1024A4B230460029E1
:108F4000E6D1D6E901239A42E2D13069B4820138F0
:108F5000FE288CBF0020012070BD002070BD00BF26
:108F60002DE9F84F8A4680469146002940D08F1E51
:108F7000D8F83034BB4241D907F007030125C7F3C5
:108F8000C80B9D403E463C46D8F82C140022404673
:108F900001EB143103F01AFEE8B10BF1FF3C8444FD
:108FA00000F2FF101CF8011F0AE04A452AD0A74230
:108FB00010D0D8F83024A24214D913F0FF050CD0F9
:108FC000013429424FEA4503A4EB0602EDD0A74243
:108FD0002646EED10120BDE8F88F84454FF001050B
:108FE000E0D101E00026344601254FF0000BCBE72D
:108FF000D0F82074D8F83034BB42BDD80027012502
:10900000BB46BFE7BAF1000F04D1B9F1010F08BFA9
:10901000C8F82064B01CBDE8F88F00BF2DE9F0410E
:1090200014468A1ED0F8305482B01119A9423BD898
:10903000D0F82064002B3BD1B24238BFC0F82024C6
:1090400002F007011D4601230646C2F3C8078B4004
:10905000D0F82C1401EB123101223046019300911B
:1090600003F0B4FD00B3009900EB070E00F50078A3
:10907000019B01319EF800C05A001CEA030F8CEAE4
:10908000030C14BF01200020A8420DD0013C8EF833
:1090900000C017D012F0FF03ECD10EF1010E1F46F5
:1090A0000123F045E6D1D7E7002002B0BDE8F0810A
:1090B000B242C5D8B142C3D9A94228BF0021C0F8E5
:1090C0002014BDE7012002B0BDE8F08138B50C46A0
:1090D0000B6890F845C400F50470D0F82812023BE4
:1090E000656803FA0CF3294003EB5123D0F81C12F6
:1090F000194403F06BFD18B16368C3F30803184407
:1091000038BD00BFD0F8303401338B4202D24FF06B
:10911000FF3070470B46D0F8241400F5047001EBC3
:10912000D31110B582B014460022019303F04EFD16
:1091300050B1019B9900C1F3080143585A1C07D054
:109140000120236002B010BD4FF0FF3002B010BD0F
:109150000020F7E74B6870B5D0F838441C40134442
:109160004B60144490F845340933DBB2DC4012D034
:1091700006460D46013C02E02A60013C0BD32968FB
:109180002B7A4A1C002BF7D12A463046FFF7BAFF4C
:109190000128F2D070BD012070BD00BF012904D9A3
:1091A000D0F8303401338B4201D2002070470B4697
:1091B000D0F8241400F5047001EBD31110B582B07F
:1091C00014460122019303F001FD024638B1019BD0
:1091D00001209900C1F30801545002B010BD0020D5
:1091E00002B010BD2DE9F04F05460C4683B04FF09C
:1091F0000008D5F830340F4601339C423DD8D5F8ED
:109200002414002205F504704FEAD41B01EBD4119D
:1092100003F0DCFC88B3A300C3F30803C258511C5D
:109220002FD0012C29D916464FF0010AD5F8302449
:109230000132944221D8D5F82414012205F5047096
:109240000193594403F0C2FCB8B1019B40F803807C
:10925000BAF1000F1AD0631CB34208D0E21B0023FE
:10926000394628460132FFF7D9FE30B13746D5F8E6
:109270003034344601339C42C1D9002003B0BDE8EC
:10928000F08F012CF9D94FF0000ACFE7E21B5346CB
:10929000394628460132FFF7C1FE0028EDD003B061
:1092A000BDE8F08F70B5002304464FF0FF3015463F
:1092B00082B01A46C4F840146160E060C4F8141229
:1092C0001946C4F81C0204F5047084F84434237071
:1092D00084F8103203F07AFC042D0DD8034658B1FF
:1092E000BDB1013D00EB051595F8BE2112F07F02DE
:1092F00002D195F8C23113B9002002B070BDD5F883
:10930000C65104F50470294603F060FC03460028AA
:10931000F2D005221B49D81C019308F025FD002836
:10932000EAD1019B93F86C20092AE5D11A6D014618
:109330002A44C4F824245A6DC4F828249A6D2A4477
:109340000125C4F82C24DA6DC4F830241A6EC4F850
:10935000342493F86D20C4F82004204602F1090358
:1093600084F8452405FA03F35A1EC4F83C34C4F8C3
:1093700038242A46FFF7F4FD4023284684F8443475
:10938000BBE700BFFC1A0020F8B5D0F83034054622
:10939000D0F8344401339C4207D9002695F845049F
:1093A0000930C0B206FA00F0F8BD002600F50477D7
:1093B000D5F8241400223846013601EBD41103F00D
:1093C00005FCA4000028E8D0C4F308040459631C79
:1093D000E4D0D5F830340133A342DED3E8E700BF50
:1093E000024630B552F8101F83B0044680680191E0
:1093F00001F060F960B10199A37859B1013103F02E
:10940000BF0225698D4218BF134663F07F03A37026
:1094100003B030BD43F04003F7E700BFF8B5047870
:1094200014F0200404D11A4B054642699A4202D333
:1094300000263046F8BDFFF7D3FF06460028F7D0D8
:10944000A86803798279CBB12F694369023F9740BD
:109450001F4407E008F044FC0134A868E3B2027935
:109460009A420AD905223919283003F0AFFB4FF48C
:10947000007200210028EDD1DAE782794FF4007301
:1094800069693046934011FA83F36B61F8BD00BF00
:1094900000FE1F0090F800C0BCF1000F01D00020BA
:1094A000704710B582B00C4624226146019008F046
:1094B00017FC019B9C60E279102A06D0202A0BD071
:1094C0000C2A02D0002002B010BD20210122197008
:1094D00010469A7002B010BD4021F7E72DE9F04F19
:1094E000837883B00446DE0740F196809146027887
:1094F0000F46150700F19980900608D5A368598991
:109500006369C3EB41139BB2994528BF9946B9F1F2
:10951000000F7DD0636912F020004D464FF0000827
:10952000A668C3F3080B3FD0326A02EB5321BBF1AC
:10953000000F57D1B5F5007F54D3736B8B4251D0D8
:10954000B5F5806FC0F0A28022784FEA552B9206C5
:1095500005D43279A2EB0802934528BF93468B428B
:109560000BD30BEB0102934207D206F128000191C5
:1095700003F002FB019900284ED0F06A5B463A46A0
:1095800006687669B047002846D04FEA4B266369E3
:10959000AD1B334463613BD022783744C3F3080BDF
:1095A000A66812F02000BFD196F8058008EA53287B
:1095B000BBF1000F40D1B8F1000F3DD1002B43D1DA
:1095C00051064FF000084CBF336A236AB5F5007F9F
:1095D0002361A3F10203B179726903FA01F303EB8A
:1095E0000201AAD2002206F1280003F0EFFA98B196
:1095F000CBF5007600EB0B013846AE4228BF2E4675
:10960000324605F067FD6369AD1B33446361C3D126
:10961000484603B0BDE8F08F63784FF0FF3043F069
:109620000203637003B0BDE8F08FC36941695B1A40
:10963000994528BF99466AE72169B2797369023969
:1096400043449140194472E7120721690CD5A3786D
:109650005B0609D54B1C013980462361B3797269D9
:1096600001FA03F3991865E704F11002304600F09F
:10967000FFFE0028D0DB13D0A6684FF00008236956
:10968000B279023B93407269991853E7F06A3A46FF
:1096900003681B6998470028BED04FF4007676E730
:1096A000237813F0700FB7D0A9EB05094846B0E74F
:1096B00070B582B0012204460DF10701D0E90465BE
:1096C000FFF70CFF01280CBF9DF807004FF0FF309B
:1096D000C4E9046502B070BD436913F4F07F10B5AE
:1096E000044684B00BD0012909D103F12002426164
:1096F000A06803F4F0733830184404B010BD0122A0
:109700000DF10F0120460193FFF7E8FE019B40B2E7
:10971000012803D162691F326261E9E70020ECE7AA
:109720002DE9F0410269044603781746002B38D032
:109730000E464169B1423ED0002E36D0180729D5D9
:10974000E269B2422DD3D4F808C0751EA2789CF805
:10975000060012F0400F00F10900C0B225FA00F532
:109760002CD14A1EC24009B195422BD25B064CBF98
:10977000DCF82030236A236106E02169013DA068FE
:1097800000F076FE00280CDD04F11002002DF4D16B
:10979000A2780CE09A06D6D5A3685B89B6EB431F86
:1097A000F6D900202761BDE8F0818278066122F0B9
:1097B00020026661A2700120BDE8F081236A2B447B
:1097C0002361F4E7AD1ADFE7F0B50E4683B0154626
:1097D00000212422044601939DF8207008F080FAAD
:1097E000B068326AA58005F00F05C4E9020200F1F5
:1097F000380202EB4512D17A0B072DD401F0170184
:10980000019B2170D57A15F0180F02D141F00801A3
:10981000217003F00301E770012923D0022938D019
:10982000D1B95F0518D403F0080141F00101A1701E
:10983000416B908AA161518B41EA00412162D2695A
:10984000E2615F0402D4012003B0F0BDE16920466B
:10985000FFF766FF0028F6D1002318462370A37097
:1098600003B0F0BD02252178CE06F5D4C907F3D4A4
:1098700003F008010D43A570416B968AA161518BDD
:1098800041EA06415E05D9D529B965F07F05A57085
:10989000D7E70325E7E7019300F050FF0028DBD06E
:1098A000A578019BF1E700BF0378002B5CD030B5B1
:1098B00090F9023085B00446002B0EDBA36803F15B
:1098C00028001D4603F058F900283ED16378002097
:1098D00043F00103637005B030BD80680122A169C7
:1098E000283003F073F90028F0D0A38803F00F03A9
:1098F0005A0100EB4313825CE52AE7D02278120775
:1099000001D5E269DA61226A1848110C5A830568A8
:10991000998275B10DF10B020DF10E0103A80193AF
:10992000A847019BBDF80C20BDF80E101A835A827F
:10993000D982A37803F07F03A370A36803F1280002
:109940001D4603F019F90028C0D005F50E7003F08C
:1099500013F90028BAD0286803681B6A98470028C2
:10996000B4D0012005B030BD012070474C9F0020CD
:1099700010B50446FFF798FF00232370A37010BDB5
:109980002DE9F041002594B00E460178ADF838502D
:10999000CDE90125002935D1317811F0700F31D092
:1099A00098461378044615462F2B2DD000271CE02F
:1099B000019D2D78002D40D000F062FBA6460DF1F0
:1099C000080CF8B102AEBEE80F00ACE80F00BEE82C
:1099D0000F00DEF80050ACE80F002046CCF8005035
:1099E000FFF762FF019D2770A770294601AB0BAA04
:1099F000204600F08BFC054600230BAA314620468A
:109A0000002DD5D100201CE00135019529782F29A2
:109A1000FAD0B6682422B9B9204608F061F9A660E8
:109A2000F379102B03D0202B22D00C2BEAD120224B
:109A3000012322701846A37003E043460BAA00F0EE
:109A40001FFB14B0BDE8F081002102A808F048F91E
:109A50000496F379102B03D0202B0BD00C2BD1D1F3
:109A600020238DF80830012302AE8DF80A309DE7DF
:109A70004022DDE74023F4E719B101F58961FFF7E2
:109A80007FBF0846704700BF2DE9F0478378044642
:109A90009D0740F1A58017461A070E4600F1D080B9
:109AA0006269D31980F09C80002F77D03D46A06872
:109AB000C2F30809216990F8058018EA522838D1C4
:109AC000B9F1000F35D1002974D0A3785B0677D5A2
:109AD000E369934274D90131216102398279436982
:109AE00091401944B5F5007F43D3B5F5806F436BC2
:109AF0007DD30279A2EB08086A0A904528BF9046F8
:109B0000994240F29180C06A43463246D0F800C084
:109B1000DCF82890C847002862D0A5EB48254FEA1A
:109B200048286169464408EB01026261002DBED1FC
:109B300034E0023982794369914019444144B9F1D2
:109B4000000FCFD00122283003F040F8002847D082
:109B5000C9F5007848443146A84528BFA846C14405
:109B6000424605F0B7FAB9F5007F33D0A5EB0805FA
:109B7000D7E76269E3699A4220D2A37813F0200FF5
:109B800014BF05220122283003F020F840B32A46F2
:109B9000314605F09FFA62692A446261E3699342A3
:109BA0005BD3314B1B681BB1A37863F07F03A370B9
:109BB00038461AE0216A71B321618EE70522E2E797
:109BC00004F1100200F054FC002809DB3FD0A0682B
:109BD000216982E7A068283002F0CEFF0028C5D1B5
:109BE0006378002043F001036370BDE8F087994279
:109BF00005D1002380F828304FF0FF334363C06A5B
:109C0000324603685B6A98470028E9D0A5F50075DD
:109C10004FF4007885E72046FFF7E2FB0028DFD00D
:109C20002169A068216258E708EB01029A427FF699
:109C30006AAF002380F828304FF0FF33436362E7B8
:109C4000C169FFF76DFD00287FF42AAFC8E7204601
:109C5000FFF7C6FB0028BAD1C2E7A3783846E26115
:109C600063F07F03A370C0E74C9F00202DE9F04F05
:109C700007468DB01446064689469C4603AD4FF014
:109C8000000E0FCF0FC50FCF0FC53B68A4F80CE037
:109C90002B6023686360BCF1000F45D04FF0010AD0
:109CA000CDF804C0A9EB0A0103A889B24901FFF766
:109CB00037FD70B3002103A8FFF70EFD804640B3C7
:109CC0004FF0000B10E002F0B9FF074628460BF1F9
:109CD000010B03F025F80546384603F021F88542CC
:109CE00017D1BBF10D0F18D05FFA8BF24146304609
:109CF00000F086FBA38905462046002BE3D1D4E97A
:109D000001239A42DFD1B5FA85F040090DB0BDE8D4
:109D1000F08F00200DB0BDE8F08F0AF1010A019B21
:109D20005FFA8AFA5345BDD20120EFE72DE9F04FE3
:109D300007468BB015468A4699460DF1040C02F190
:109D4000150402F120064FF000080FCFACE80F0019
:109D50000FCFACE80F003B68CCF800304FEAC813D7
:109D600014F8012F03EB5803B44213445FFA83F84D
:109D7000F4D12B6800276B60AF81B9F1000F56D08A
:109D80000126AAEB060101A889B24901FFF7C8FC28
:109D900000284DD0002101A8FFF79EFC002847D0E5
:109DA000039AB14500F1010B92F8283043F001030A
:109DB00082F828300CBF49F040023246002380F878
:109DC0000D8002701C460F224383A0F80B20A88947
:109DD00018B9D5E901239A420ED0284602F02EFF89
:109DE000042C10D82BF8020B0134A8890028F4D1D8
:109DF000D5E901239A42F0D1EFB10137042C4FF697
:109E0000FF70FFB2EED90A2C05D8ABF8030001347D
:109E10000BF1020BDBE70C2CABF8050003D00BF1C8
:109E2000020B0C24D3E70136F6B2B145A9D20120CA
:109E30000BB0BDE8F08F0127D2E700BF02464FF01C
:109E4000203152F8163B2DE9F04FC0F81610846807
:109E50005160C2F807101D782E2D03D113F8012F81
:109E60002E2AFBD0611E99420BD90A4602E093428A
:109E700000F0868092F800C01146013ABCF12E0F26
:109E8000F5D19C4279D94FF0000AB5F12E0C4FF074
:109E900007074FF0080818BF4FF0010CD646D3460D
:109EA00007E001330A274FF0080E4FF010089C42DC
:109EB00053D91A782E2A08BF8B420CBF01260026E0
:109EC000EFD0222A37D07C2A35D0A2F15B09B9F134
:109ED000020F30D9A2F12A09B9F1050F8CBF002574
:109EE00001252D2A08BF00252DBBA2F13A09B9F1A1
:109EF000050F20D9A2F12109B9F15D0F51D877459D
:109F000043D28B4294BF4FF0000C4FF0010C0A2F4C
:109F100008BF4CF0010CBCF1000F33D0837D202B27
:109F20002BD0037D012143F27E1203444175DA8276
:109F30000120BDE8F08F7745E3D35F220EF1010CDD
:109F4000864401338EF816205FFA8CF2B446062A56
:109F5000964698BF02759C42ABD8837D202B0CD0CF
:109F6000BCF1000FDDD00BEA0A03DBB2002B18BFF7
:109F70004FF0020A80F815A0DAE70020BDE8F08F64
:109F800019467EE70B46072791E7A2F16106192ED5
:109F90000ED8203A4AEA08056646D2B25FFA85FA38
:109FA000CCE702F0C002802AC5D10133AC467EE77F
:109FB000A2F14106192E664698BF4BEA080BBDE791
:109FC0002DE9F04F01F11A0983B004466225CDF85E
:109FD000049001F11B0A0F7D4FF07E0801F1160677
:109FE0004FF000098B46254B032F1B6828BF032722
:109FF0004B440AEB07011FFA83F9019B03EB070CA3
:10A00000ACF1030C09F00F034FEA1919092B03F106
:10A01000370298BF03F1300201F8012D8C45F1D1D0
:10A020000BEB07030021204683F81680FFF778FB2F
:10A0300001212046FFF750FB03460B22304619460C
:10A040008BB193F800C0BCF1000F13D0DB7A1B0773
:10A05000EED407F071FD0028EAD1013D15F0FF05AF
:10A06000C1D1284603E06078B0FA80F0400903B01F
:10A07000BDE8F08F012003B0BDE8F08FF8C50020E7
:10A080002DE9F04F0C788DB014F0700F55D0047896
:10A09000002C52D18C689A4D089414690C34A5FB9D
:10A0A0000454C4F38705547DA407059500F0E480AB
:10A0B00005F101085FFA88F80E464FF0000B1446D0
:10A0C0000990002130460793DA4604925F46FFF775
:10A0D00027FBD94604F116035C46CDF818B003936C
:10A0E000756900213046FFF7F7FAC5F34F150346AF
:10A0F00000B30278E52A24D01AB3A04588BF002413
:10A100002E2A32D0C17A0F2933D011F008012CD178
:10A11000002F40F0D5800B22039907F00DFD002899
:10A12000DED1049B5B7D13F0010300F0E18001238D
:10A130000693D5E77378002B36D000200DB0BDE82C
:10A14000F08F631C002C08BFA946DBB2A04588BF76
:10A150001C464AB30027C3E70AF1FF3A5FFA8AFABE
:10A16000524502D1437B5B4510D0B2FA82F77F099A
:10A17000B6E7002FF0D102F01F0A05995145AFD183
:10A1800012F04007ACD090F80DB00F46BAF1010FB5
:10A19000A6D1691C3B46049A304689B2FFF766FD9A
:10A1A000002808BF00279BE7079B9A05C5D503F049
:10A1B0000303013B012BC0D8002C60D1A946B8F1A4
:10A1C000000F62D1069B2BB104993046FFF7F8FED1
:10A1D0000028B2D008F1FF38049A30465FFA88F3BD
:10A1E00003EB09051F46ADB22946FFF79FFD002886
:10A1F000A3D069013046FFF793FA00289DD00021D3
:10A200003046FFF769FA0446002896D02022002144
:10A2100007F066FD0499D1F81620D1F81A302260B3
:10A22000636091F82030CA8BA37222814B7D03F0CA
:10A2300018032373334B1B68002B5BD00DF12B02EB
:10A240000DF12E010BA89847BDF82C302382BDF8E4
:10A250002E30E3819DF82B306373089A92F82830F2
:10A2600043F0010382F82830079B2A4631460998BB
:10A270000097FFF7A9FA61E74FF001081CE7A04536
:10A2800003D89FE7DCB2A0459CD900213046FFF7F8
:10A2900023FA631C0028F5D17378002B7FF44DAFAF
:10A2A000A0458FD9089D05E02B7904EB0314E4B297
:10A2B000A04587D93046FFF7B1F80028F4D13CE734
:10A2C000BAF1010F7FF439AF013803F10A02CB0173
:10A2D00003EB510310F8011F0B448242D9B2F6D1AF
:10A2E0008B457FF42AAF079B19053FF526AFBBE7E7
:10A2F0001F46F8E745F621432383034B2361ACE770
:10A300004FECC44E4C9F0020215C215CF0B51546FB
:10A310000A781F4683B0202A0B4603D113F8012F79
:10A32000202AFBD02B601A78002A34D02F2A32D072
:10A330000024234E06E002342C61AB601A7852B33D
:10A340002F2A28D0191D184601AA02F09FFC0346A7
:10A3500098B1019AB2F5803FEDD27F2A04F1010451
:10A36000EAD8D0B21F2808D9A0F12201C9B21D290C
:10A3700006D826FA01F1C90706D5002003B0F0BDC2
:10A3800000F0DF005C28F8D02E2AD7D0202AD3D1C5
:10A390001A78002AD4D12A69013AFE2AEDD81A780F
:10A3A000202A03D113F8012F202AFBD02F2AF9D01D
:10A3B00028463B6003B0BDE8F040FFF73FBD00BF5B
:10A3C000012100352DE9F843DDF82090A2B10C46BB
:10A3D00098460546571801E0BC420DD02B68494607
:10A3E00020465E6AC0472146024628460134B047EF
:10A3F0000028F1D1BDE8F8830120BDE8F88300BF53
:10A40000042A04D801EB4201B1F8010070470A2A7E
:10A4100003D801EB4201888870470C2A03D801EB6E
:10A420004201C88870470020704700BF2DE9F843FB
:10A43000DDE90898BBB10C46164605465F1803E0F7
:10A440000134C847BC420ED02B683246214628460C
:10A450001B6998470346424631462046002BEFD100
:10A460001846BDE8F88301231846BDE8F88300BF0D
:10A47000012941D9C3698B423ED30B46F0B5C1795E
:10A4800083B01646044620294CD0102966D00C29EA
:10A4900044D1C3F34E028169019312FA83F295B25B
:10A4A000C2F346221144027A00F50E70A2F10202B4
:10A4B00000910746B2FA82F25209520002F086FB7E
:10A4C00060B3C5F3080202F1010C835CBCF5007FA8
:10A4D0001D46DDE9001312D060440278DB0745EA2F
:10A4E00002224CBF1309C2F30B03E269934232D834
:10A4F0000120336003B0F0BD4FF0FF307047227A87
:10A50000013138460093A2F10202B2FA82F25209F6
:10A51000520002F05BFB009B0028DED14FF0FF30C1
:10A5200003B0F0BD027A816900F50E70A2F102025B
:10A53000009301EBD311B2FA82F25209520002F0F9
:10A5400045FB0028EAD0009BE269990001F4FE7106
:10A5500043589342CCD9002003B0F0BD027AC3F334
:10A5600007218069A2F102020093014404F50E70F4
:10A57000B2FA82F25209520002F028FB0028CDD034
:10A58000009B590001F4FF71435AAEE701293CD901
:10A59000C3698B4239D30B46F0B5C17983B01646F7
:10A5A0000446202936D010294BD00C292FD1C3F3D3
:10A5B0004E028169019312FA83F295B2C2F34622E8
:10A5C0001144027A00F50E70022A009107460CBF72
:10A5D0000322012202F0FAFAC8B1019BC5F3080276
:10A5E00040F2FF1C009913F0010302F1010E3ED16D
:10A5F000624586544AD0C6F307127044037823F0AC
:10A600000F0343EA1212027018E000207047002086
:10A6100003B0F0BD027A816900F50E70022A009342
:10A6200001EBD3110CBF0322012202F0CFFA002864
:10A63000EDD0009B990001F4FE714650012003B05B
:10A64000F0BD8269C3F3072100F50E700093114439
:10A65000227A022A0CBF0322012202F0B7FA002854
:10A66000D5D0009B590001F4FF714652E6E710F87F
:10A6700002C0BEF5007F0CF00F0C4CEA061C00F87F
:10A6800002C003D0320970440270D7E7227A013148
:10A6900038460093022A0CBF0322012202F096FAE8
:10A6A0000028B4D0009BC6F30712002BA6D002707E
:10A6B000C4E700BF2DE9F041C46882B005460E46EC
:10A6C0008C4290462CD20C4600270134EB6901AA3B
:10A6D0002846A34205D267BBEC6801273C44A3424D
:10A6E00027D3A642214624D0FFF7C2FE431C20D028
:10A6F0000028EAD0019B002BE7D107B1EC606FF096
:10A70000704221462846FFF741FF074688B14EB9FF
:10A710006B6A002B01DB013B6B62C8F8004009E06B
:10A720000127D2E7314622462846FFF72FFF0028AF
:10A73000EED10027384602B0BDE8F08170B505467D
:10A7400082B00C460FE0FFF721FF621EB0B16B6ACA
:10A75000002B03F10103A8BF6B62EB68A342019CCD
:10A7600088BFEA605EB101AA21462846FFF780FE55
:10A77000064600222146731C2846E4D1002002B080
:10A7800070BD00BF30B503464FF0010C00201446E9
:10A790004FF0FF3283B01960D871C3F80CC0D96292
:10A7A00083F82800C3F83C125A6383F83802C3F8D0
:10A7B000442204B3042C02D9002003B030BD024669
:10A7C000014603F1280003F12805019302F0FEF988
:10A7D0000028F1D06FF0704200F5DF70A21814016C
:10A7E00000EB021211790029E6D0015D4B06E3D19E
:10A7F0009468019B01E003F12805002221462846C8
:10A80000019302F0E3F90028D6D0B0F80B20B2F59E
:10A81000007FD1D1027C019B511E1A720129CBD835
:10A8200090F80DE00EF1FF32BEF1010F83F804E065
:10A830005A7151D04FF0010C624652000CF10101E7
:10A84000D2B2964507D05FFA81FCBCF1090FF4D172
:10A8500008229A71B0E7654683F806C0B0F816C0C2
:10A86000C3F810C0BCF1000F03D1D0F824C0C3F866
:10A8700010C0C189B0F8112021445A815201996158
:10A8800090F810E002F2FF120CFB0E1101EB5222C5
:10A890001962B0F813105A6101B9016AA41A62185A
:10A8A000EA40511CD9614FF0FF31596240F6F47112
:10A8B0008A420DD94FF6F4718A420BD9C16A20221F
:10A8C00019620120DA71C3F830C0C3F840C274E7DE
:10A8D0000C22F6E71022F4E7002215469A71BDE734
:10A8E000884230B5044683B020D0806B0D4618B145
:10A8F000FFF73EF8002841D1E06B18B1FDF76EFB81
:10A90000002841D1AB6BA3B12146242000F0A6F86A
:10A91000002384460360A063AD6B0FCDACE80F004D
:10A920000FCDACE80F002B68CCF80030204603B008
:10A9300030BDEA6B002AF9D021463820019300F09F
:10A940008DF8019B0363E063EB6B03F13002D3F8F6
:10A9500000E0103353F80CCC103053F8085C53F877
:10A96000041C934240F810EC40F80CCC40F8085C12
:10A9700040F8041CEBD11B680360D7E70023A363F6
:10A98000AB6B002BC0D1D4E70023E363AB6B002B90
:10A99000BAD1CEE710B50446806B10B1FEF7E8FFE0
:10A9A00028B9E06B10B1FDF719FB20B910BD0023E9
:10A9B000A363012010BD0023E363FAE700294BD015
:10A9C000F0B50446806B83B01F4616460D4610B1A5
:10A9D000FEF7CEFF78BBE06B18B1FDF7FFFA002859
:10A9E00030D1D5F880348BB12146242000F036F8E0
:10A9F00000213B4632460160A063D5F88014FFF782
:10AA00003BF830BBA063002003B0F0BDD5F8842430
:10AA1000002AF8D021463820019300F01FF8019B4E
:10AA2000324603633B46D5F88414E063FDF712FF1A
:10AA300078B9E063E7E70023A363D5F88034002BFF
:10AA4000D2D1E3E70023E363D5F88034002BCBD1E8
:10AA5000DCE7012003B0F0BD0020704708467047D6
:10AA60002DE9F041002604461F46C0F88814C0F8BE
:10AA7000806401464FF490609046FFF7EFFF3A463E
:10AA8000C0F844640546C0F87864C4F88404D4F877
:10AA90008814FEF707FC88BB06462146C4F88404E8
:10AAA00040F26C40FFF7DAFF4FF40073C0F84864DF
:10AAB0003A46A0F807300546D4F88814C4F8800454
:10AAC000FFF760FE28B91A4AC4F880041060BDE898
:10AAD000F08105F58960FEF74BFF294605F5896091
:10AAE000FEF7D8FC0028EED0124B1A68AAB91D60F8
:10AAF0000F4BB8F1000F14D01C6015E005F589600C
:10AB0000FDF76CFA294605F58960FDF771FA002812
:10AB1000C2D0094B1A68002AE9D0054BB8F1000FE2
:10AB2000EAD11A68002AE7D00120BDE8F08100BF11
:10AB3000A4BF0020A8BF0020509F002010B50446ED
:10AB40000020DFF820C04FF47A7E60602073C4F8E4
:10AB500008E0C4E91200204640F810CBFFF72EFFB2
:10AB6000204610BD442000204FF0FF30704700BF4A
:10AB7000407C7047007D7047407D704701207047E2
:10AB8000007F70472DE9F0411F46C37C06460D4605
:10AB9000022B144623D03368294630461B6E984753
:10ABA00078B1B5617FB1002501E0AF420BD03368C9
:10ABB000214630460135DB6D04F5007498470028C6
:10ABC000F3D1BDE8F081B369307F3B44B361002825
:10ABD000F7D1336830465B6EBDE8F04118478369B2
:10ABE0008B42D8D1DEE700BF2DE9F0471F46C37C7A
:10ABF00005469146022B0C46089E27D02B6821461D
:10AC000028461B6E984798B1AC61B9F1000F11D07E
:10AC100004EB090801E0A0450CD031462046B847B6
:10AC20002B6801462846DB6D013498470028F2D195
:10AC3000BDE8F087AB69287F4B44AB610028F7D1B2
:10AC40002B6828465B6EBDE8F047184783698B4246
:10AC5000D4D1DAE7704700BF043001F05FBF00BF16
:10AC600000B583B02021019004F0CEFA019803B022
:10AC700000BD00BFF0B5204E83B00746346804F530
:10AC8000167403E03368E31A1B0410D4381D01F076
:10AC900049FFFF28F6D10190FD21381D01F05CFF2E
:10ACA000BA7CD2B900230120FB7403B0F0BD1E2290
:10ACB000BB7C7A7413B9002003B0F0BD0121387C4D
:10ACC00001F06EFEFF21381D01F046FF381D01F036
:10ACD000FDFE00230020BB74EEE70121387C01F06B
:10ACE0005FFE0199381D01F037FF381D01F0EEFEBF
:10ACF0000023BB74D6E700BFF8C50020C37C012B3E
:10AD00003BD0827C30B5044683B04AB1043001F0B8
:10AD100009FFB0F1FF0318BF0123184603B030BD8F
:10AD20000430009201F0C8FE0099207C01F038FE4A
:10AD3000FF21201D01F010FF0121201DA17401F051
:10AD4000F1FEB0F1FF03A07C4FF0010118BF012319
:10AD5000009A0028E1D0207CCDE9003201F020FEED
:10AD6000FF21201D01F0F8FE201D01F0AFFE009B29
:10AD7000019A1846A27403B030BD002318467047EC
:10AD80002DE9F8431F4F0446884691463D6805F576
:10AD9000967503E03B68EB1A1B040ED4201D01F0EE
:10ADA000C1FEFF282075F5D0FE2819D01822A37CFB
:10ADB00062743BB90020BDE8F8831D22A37C627455
:10ADC000002BF7D00121207C01F0EAFDFF21201D9E
:10ADD00001F0C2FE201D01F079FE0023A374E9E713
:10ADE0004A464146201D01F0A9FE207538B9201DB4
:10ADF00001F098FE201D01F095FE0120DBE72522E1
:10AE0000D5E700BFF8C5002030B50025044683B063
:10AE10000C212A46C57400F063F8A27C90B912B9DF
:10AE2000012003B030BD01210190207C01F0B8FD6C
:10AE3000FF21201D01F090FE201D01F047FE019B27
:10AE4000A374EDE70923637412B9002003B030BD89
:10AE50000121207C01F0A4FD201DFF21019001F0C3
:10AE60007BFE019801F032FEA574EEE7C37C022B55
:10AE700003D0012B04D00120704703685B6E184794
:10AE8000FFF7C2BF02680346DFF850C010B50C469A
:10AE9000116A82B0614513D190F813C0BCF1020F62
:10AEA00006D0BCF1010F11D001201C7702B010BDFB
:10AEB000526E01909047019B0028F5D102B010BD61
:10AEC00001908847019B0028F8D0EDE70190FFF73B
:10AED0009BFF019B0028F1D0E6E700BF41C20100C3
:10AEE0002DE9F041036882B00F46344901920646CD
:10AEF0001A6A8A425DD1C27C022A43D0012A5AD002
:10AF0000B47C351D002C43D00C2F10D0DFF8B0805E
:10AF1000D8F8004004F5967404E0D8F80030E31A3D
:10AF20001A0443D4284601F0FDFDFF28F5D10DF1A8
:10AF3000040802AC47F04001284601F00DFE14F869
:10AF4000011D284601F008FEA045F8D1002F284633
:10AF50004FF00A0414BF8721952101F0FDFD28461A
:10AF600001F0E0FD2846013C01F0DCFD0306A4B23F
:10AF7000307502D402B0BDE8F081002CF2D102B0ED
:10AF8000BDE8F0815B6E98470028B9D1FF20F1E75A
:10AF9000284601F091FD2146307C01F001FDFF21A2
:10AFA000284601F0D9FD0123B374ADE7002FBED0D0
:10AFB000ECE79047E8E7FFF727FFE5E741C201002C
:10AFC000F8C50020F8B500220D463A210646FFF7E5
:10AFD00087FFD8B92C1D371D384601F0A3FD04F8B2
:10AFE000010DA542F8D1B37C0BB90120F8BD0121B8
:10AFF000307C01F0D5FCFF21384601F0ADFD38462C
:10B0000001F064FD00230120B374EFE71222B37C4A
:10B0100072740BB90020F8BD0121307C01F0C0FC36
:10B02000FF21301D01F098FD301D01F04FFD002380
:10B03000B374EFE770B5164682B000220446FFF7FE
:10B040004FFFA8B11B236374A37C1BB900231846D0
:10B0500002B070BD0121207C01F0A2FCFF21201D67
:10B0600001F07AFD201D01F031FD0023A374EDE70E
:10B070000546102231462046FFF782FE034600288F
:10B08000E2D0A27C002AE2D001900121207C01F0D4
:10B0900087FC201DFF21009001F05EFD009801F06B
:10B0A00015FD019BA574184602B070BD0368254AC2
:10B0B000DB6C934200B585B00FD16A460921FFF7DA
:10B0C000B9FF40B19DF800303F2B09D903F0C00310
:10B0D000402B27D0002005B000BD69469847F0E717
:10B0E0009DF806C09DF807009DF809100CF0030CB0
:10B0F0009DF80A308000C1F301019DF80520C3F3DB
:10B10000C01340EA8C2002F00F029DF808C043EA09
:10B11000410340EA9C1042FA83F30130073B984018
:10B1200005B000BD9DF809009DF8073001309DF87D
:10B13000082003F03F0300EB034000EB02208002F5
:10B1400005B000BDADC8010003680A46DFF860C065
:10B150009B6D634510B5044682B015D1407D032830
:10B160004FF01201204618BF5202FFF7B9FE20B976
:10B1700001231846E37402B010BD0C22A37C627454
:10B1800033B9002002B010BD01919847019AE6E75B
:10B190000121207C01F004FC201DFF21019001F021
:10B1A000DBFC019801F092FC0023A374E9E700BFE7
:10B1B0004DBF0100F8B51F46C37C06460D46012B66
:10B1C000144602D183698B4205D029463046FFF7E9
:10B1D000BBFF80B1B5617FB1002501E0AF420BD06C
:10B1E00021464FF400723046013504F50074FFF734
:10B1F000C7FD0028F2D1F8BDB369307F3B44B3618D
:10B200000028F8D13046BDE8F840FFF7FDBD00BF8B
:10B210002DE9F0479A46C37C06461546012B0C469D
:10B22000DDF82080099F02D183698B4205D0214639
:10B230003046FFF789FFB0B1B461BAF1000F15D005
:10B2400004EB0A0903E00134C047A1450ED04FF4D6
:10B25000007229463046FFF793FD03463A462946D9
:10B260002046002BEFD10020BDE8F087B369307F86
:10B270005344B3610028F7D13046BDE8F047FFF7EB
:10B28000C3BD00BF30B5046883B0164B64699C42EF
:10B290001CD1C37C15460446012B02D18369994217
:10B2A00006D020460191FFF74FFF019960B1A161DF
:10B2B0004FF4007229462046FFF762FD20B1A369D2
:10B2C000207F0133A36138B103B030BD0123A44610
:10B2D00003B0BDE830406047204603B0BDE83040D1
:10B2E000FFF792BD89C5010003680A46DFF860C018
:10B2F0009B6D634510B5044682B015D1407D03288F
:10B300004FF01901204618BF5202FFF7E9FD20B99E
:10B3100002230120E37402B010BD0E22A37C6274EC
:10B3200033B9002002B010BD01919847019AE6E7B9
:10B330000121207C01F034FB201DFF21019001F050
:10B340000BFC019801F0C2FB0023A374E9E700BFE6
:10B350004DBF010003682DE9F041DB6C17463D4A03
:10B3600084B004460E46934243D16A460921FFF752
:10B3700061FE0546B5B19DF80A305A0619D5637DC0
:10B38000032B01D076027F02324620212046FFF7B0
:10B39000A7FD28B93A4621212046FFF7A1FD60B359
:10B3A00026236374A37CB3B90025284604B0BDE806
:10B3B000F081C3F305029DF80B30C3F3C01343EAD9
:10B3C00042037A1C5BB232431342D8D02723637402
:10B3D000A37C002BE8D00121207C01F0E1FAFF21C1
:10B3E000201D01F0B9FB201D01F070FB0023A374A8
:10B3F000DAE7694698470546BCE70246262120461B
:10B40000FFF76EFD0028CBD1134B42F210771B687B
:10B410001F4404E0104B1B68FB1A1B0416D4201DAC
:10B4200001F080FBFF280646F4D1A37C002BBCD0A2
:10B430000121207C01F0B4FA3146201D01F08CFB83
:10B44000201D01F043FB0023A374AEE7282363749F
:10B45000A8E700BFADC80100F8C5002070B5002204
:10B4600082B00E460A210446FFF73AFDA8B11B231D
:10B470006374A37C1BB90023184602B070BD012180
:10B48000207C01F08DFAFF21201D01F065FB201DBD
:10B4900001F01CFB0023A374EDE7054610223146A2
:10B4A0002046FFF76DFC03460028E2D0A27C002A6C
:10B4B000E2D001900121207C01F072FA201DFF21D1
:10B4C000009001F049FB009801F000FB019BA5747E
:10B4D000184602B070BD00BF70B5002282B00E46A3
:10B4E00009210446FFF7FCFCA8B11B236374A37C6D
:10B4F0001BB90023184602B070BD0121207C01F069
:10B500004FFAFF21201D01F027FB201D01F0DEFA7C
:10B510000023A374EDE70546102231462046FFF7CD
:10B520002FFC03460028E2D0A27C002AE2D0019042
:10B530000121207C01F034FA201DFF21009001F050
:10B540000BFB009801F0C2FA019BA574184602B0EB
:10B5500070BD00BF70B505461646043001F0FCFA18
:10B560004FF400723146281D01F000FBFF21281D19
:10B5700001F0F2FAFF21281D01F0EEFA281D01F07A
:10B58000D1FA00F01F032875052B05D02022AB7CD3
:10B590006A741BB9002070BD012070BD0121287C98
:10B5A00001F0FEF9FF21281D01F0D6FA281D01F057
:10B5B0008DFA00230020AB74EDE700BF2DE9F041C8
:10B5C000164D074688462C6804F5167403E02B6870
:10B5D000E31A1B040CD4381D01F0A4FAFF28F6D19D
:10B5E0004246FC213846FFF7B5FF18B1BDE8F081AF
:10B5F00024237B74BB7C13B90020BDE8F0810121BA
:10B60000387C01F0CDF9FF21381D01F0A5FA381D75
:10B6100001F05CFA00230020BB74EEE7F8C50020BF
:10B62000036870B59B6D16460A46234982B00446EE
:10B630008B423DD1407D03284FF01801204618BFB2
:10B640005202FFF74DFC0546A8B10D236374A37C9D
:10B650001BB90023184602B070BD0121207C01F007
:10B660009FF9FF21201D01F077FA201D01F02EFA2D
:10B670000023A374EDE73246FE212046FFF76AFF60
:10B6800003460028E3D0A27C002AE3D001900121E8
:10B69000207C01F085F9201DFF21009001F05CFA6B
:10B6A000009801F013FA019BA574184602B070BD12
:10B6B00000929847009ABEE74DBF010090F81CC069
:10B6C000BCF1000F09D0D0F800C0012300B5DCF8B0
:10B6D00028E0F4465DF804EB6047FFF7A1BF00BF28
:10B6E000002070470020704700207047704700BF5F
:10B6F000084B0021084A9963D3F830C00748C2F8C4
:10B7000000C012681A639A6C22F081029A64017078
:10B71000704700BF00002C40489F002054C6002006
:10B72000034B586A80F08070C0F30060704700BF20
:10B7300000002C40014B1878704700BF54C6002011
:10B740002D4A2E4B526AD3F800312D49C2F3C22242
:10B7500003F03F03013230B52A4C4FF47A75A4FB55
:10B76000034305FB00F09B08B1FBF3FEBEFBF2FEBA
:10B77000B0EB1E1F3CD2082101231D465B001A01BD
:10B78000BEFBF2F2824201D90139F6D12D02BEFB95
:10B79000F3F2904228D259004FF0010C00E0591802
:10B7A000BEFBF1F282421CD90CF1010CBCF1100F6E
:10B7B000F5D14FF0F00C4FF47A73134A134803FBA2
:10B7C00001F1BEFBF1F10160D36A6FF3131343EA99
:10B7D0000C032B4343F46023D362536A1B07FCD54D
:10B7E00030BD4FEA0C1CE6E719464FF0000CE2E7CB
:10B7F000724600250123CCE700C00F4000800D40B9
:10B8000000EC695EABAAAAAA00002C40A89E00200A
:10B81000014B1878704700BFB48E0020014B1868A8
:10B82000704700BF489F0020DFF81CC000B58E465F
:10B83000BCE80F00CEF800000120CEF80410CEF8CE
:10B840000820CEF80C3000BDF89E0020DFF81CC0A8
:10B8500000B58E46BCE80F00CEF800000120CEF8FF
:10B860000410CEF80820CEF80C3000BD089F002050
:10B87000024B01201B680B60704700BF189F00201F
:10B88000704700BF00B583B00C21019003F0BCFCF1
:10B89000019803B000BD00BF044B1B7823B1044BDB
:10B8A00018780230C0B27047012070474DC60020A2
:10B8B00050C60020194B1A783F2A11D902F0C00255
:10B8C000402A01D000207047587ADA79197A01307D
:10B8D00002F03F0300EB034000EB012080027047C1
:10B8E0009979D87993F809C001F003019A7A800018
:10B8F000CCF3010CC2F3C01240EA8120597900B5A3
:10B9000093F808E042EA4C0301F00F0240EA9E106F
:10B9100042FA83F30130073B984000BD089F0020A6
:10B92000424A0520424B434910B5D2F8004182B04B
:10B9300044F08004C2F80041D2F8004124F03F04F2
:10B94000C2F80041D2F8004144F01804C2F80041A6
:10B95000D2F8004124F08004C2F80041D3F88020DE
:10B96000354C42F00C02C3F880205A6A22F460522F
:10B970005A62DA6942F48032DA615A6A42F4006249
:10B980005A62C1F8CC01C1F8D001C1F8BC01C1F8BC
:10B99000C001C1F8C401C1F8C801A26C274B42F034
:10B9A0000042A264E26A1343E362E36A13F0807325
:10B9B000FBD14FF4C8700193FFF7C2FE019B1D4AF3
:10B9C00047F2B80141F2B800C2F8CC31C2F8D03128
:10B9D000C2F8BC31C2F8C031C2F8C431C2F8C831B3
:10B9E000C2F8BC13164BC2F8C013C2F8AC13C2F8AD
:10B9F000B003C2F8B4131348C2F8B813124A606314
:10BA0000C3F8F8214FF0E0234FF480420F49602043
:10BA100081F86E00C3F80C21E36A074A43F0006323
:10BA2000E362D36A1B01FCD402B010BD00800D405C
:10BA300000C00F4000801F4000002C40008000012B
:10BA4000009000200B007F11C5CA010000E400E057
:10BA50002DE9F843DFF8848098F8003013B901200D
:10BA6000BDE8F88303F082F8154D0746154C164ED5
:10BA700004E003F07BF8C01BB04219D82B6B13EA2B
:10BA80000409F6D00022114B88F800202A6B1A60B6
:10BA900019680F4A29631B681342E0D00D491F241F
:10BAA0000D4B40F27A2200200C701A60BDE8F8833A
:10BAB0002A6B064B88F800901A601B682B63EDE731
:10BAC00000002C4002007F1140420F00489F0020E0
:10BAD00000007F11B48E0020B89E002051C60020C7
:10BAE0002DE9F0418846FFF7B3FF00283FD0224BF5
:10BAF00004465A6AD1052AD51F4D204EAB6A43F43D
:10BB00008033AB6203F032F8074604E003F02EF80E
:10BB1000C01BB04224D86B6A5A05F7D508F13C0C1B
:10BB200008F50F7014494B6A5B05FCD5ACF1400376
:10BB300053F8042F63450A62FAD103F1400C84459F
:10BB4000F1D10F4B012220461A70BDE8F0819A6AAC
:10BB500022F480329A629A6A42F400329A62CBE707
:10BB600008492120084B4FF47E7208701A600024A7
:10BB70002046BDE8F08100BF00002C4040420F008D
:10BB800051C60020B48E0020B89E00202DE9F0415F
:10BB9000074688461F4C02F0E9FF1F4D064604E0A9
:10BBA00002F0E4FF801BA84228D8636AD907F7D4C3
:10BBB000BB02C4F8088024D427F0FF07154C174DAA
:10BBC000E76002F0D3FF144E074604E002F0CEFF18
:10BBD000C01BB04212D8236B2B42F7D0226B104B04
:10BBE0001A601A6822631A68D20707D51B6813F413
:10BBF000702F0CBF01200020BDE8F0810020BDE8BF
:10BC0000F081A26CFBB222F0FF02A264A26C13438B
:10BC1000A364D1E700002C4040420F0001000F0058
:10BC2000489F0020134B10B50C4684B01968FFF7ED
:10BC3000ADFFE0B1104BA4461A6900925969019119
:10BC400099690291D96901230CF80E2F039123F011
:10BC5000030203F0030101336A44C9000F2B126889
:10BC600022FA01F20CF8012DF1D10023E37304B0A4
:10BC700010BD00BF1C9F002000002C40037ADB0792
:10BC800003D5174B1B68A3B11847164B1B783BB95C
:10BC9000154B5B6A83F08073C3F3006318467047EB
:10BCA000114A124B126B1340B3FA83F35B09184627
:10BCB00070470F4B1B78002BF0D00E4A0E481168CE
:10BCC00000B583B00193FFF761FF019B28B1064BDC
:10BCD0001B6983F48073C3F30023184603B000BDCF
:10BCE000449F002051C6002000002C4002007F111C
:10BCF0004CC600201C9F002000001A0D08B5044B04
:10BD000004481968FFF742FF08B1034B186908BDE2
:10BD10001C9F002000001A0D00002C4008B5074BA6
:10BD200007481968FFF732FF30B1064B186980F4F5
:10BD30008070C0F3002008BD012008BD1C9F0020BA
:10BD400000001A0D00002C402DE9F843244B8946D1
:10BD5000244D254C2B6002F009FFDFF8A880074630
:10BD6000224E06E002F002FFC01BB04223D804F0CE
:10BD700055FC21681E48FFF709FF0028F2D0D8F8CB
:10BD80001030DB05EED500234FF400722B60D8F89D
:10BD9000283023F48033C8F82830164BC8F8042024
:10BDA0001B78A3B149461448FFF7F0FE68B90E228C
:10BDB00040F2574304E000210A2240F24B4329603D
:10BDC0000E4C00200E4922700B60BDE8F8834FEA4C
:10BDD000492909484946FFF7D9FE0028F5D1E6E789
:10BDE000F1D00100449F00201C9F002040420F0022
:10BDF00000001A0D50C6002020003A19B48E002011
:10BE0000B89E002000002C40F8B5214C00212148AC
:10BE1000A36A23F48033A362FFF7B8FE48B909226E
:10BE200040F23D231C4800251C4902700B60284647
:10BE3000F8BD1B4B05461B4A136002F097FE636A70
:10BE40000646D80112D4184F04E004F0E7FB636AF9
:10BE5000D9010BD402F08AFE831BBB42F5D9002125
:10BE600010480A224FF410730160DBE70022084BF0
:10BE70000C490A605A6A9207D9D5586B9A6AD96AEE
:10BE800022F4803241F08061D96258639A62CEE731
:10BE900000002C400000DB0CB48E0020B89E002077
:10BEA000F5CA0100449F002040420F0012F0030F2A
:10BEB00000D143B93C4925203C4B40F2F5120870B3
:10BEC00000201A6070472DE9F04114461F46384A99
:10BED0000E46384B8046136002F048FE054607E0E8
:10BEE00002F044FE344B401B984229D804F096FBE4
:10BEF000324B33481968FFF749FE0028F0D0314B28
:10BF00001B69DA05ECD5002229492F4B0A60012173
:10BF10002E4803EA0743017043F400732C490A607A
:10BF2000284A146053602B4B93632B4B1B7893B1BF
:10BF300031464046FFF72AFE78B90020BDE8F0817F
:10BF4000194A0A210020194B194C11704FF4FC7248
:10BF500020601A60F1E77602EAE7204B144A13608A
:10BF600002F004FE194B05461B787BB1124C04E02D
:10BF700004F054FB154B1B7843B102F0F7FD401B56
:10BF8000A042F5D900230A4A1360D6E710491A46A1
:10BF900007480B6802609B07CFD50A68104B1A420E
:10BFA0000CBF01200020C9E7B48E0020B89E0020FD
:10BFB000449F0020F1D0010040420F001C9F002050
:10BFC00000001A0D00002C400000FF1F54C6002086
:10BFD000489F002002007F1150C6002009CB0100BD
:10BFE00000007F11F8B50646007A0C461546C007DA
:10BFF0001F4613D483B10F4401E0BC420CD0336818
:10C000002A46214630461B69013405F500759847DC
:10C010000028F2D10020F8BD0120F8BD900712D011
:10C02000002BF9D00F4401E0A742F5D033682A462F
:10C03000214630461B69013405F5007598470028F4
:10C04000F2D10020E7E70648FFF730FF0028E3D1F0
:10C0500004490C20044B40F2A13208701A60D9E761
:10C0600037003A12B48E0020B89E0020F8B506467C
:10C07000007A0C461546C0071F4613D483B10F44FF
:10C0800001E0BC420CD033682A46214630465B6A48
:10C09000013405F5007598470028F2D10020F8BD5D
:10C0A0000120F8BD900712D0002BF9D00F4401E019
:10C0B000A742F5D033682A46214630465B6A0134F0
:10C0C00005F5007598470028F2D10020E7E70648FB
:10C0D000FFF7ECFE0028E3D104490E20044B40F2A8
:10C0E0003D4208701A60D9E727003A19B48E002043
:10C0F000B89E00202DE9F843814688462E4C02F078
:10C1000035FD2E4F06462E4D04E002F02FFD801B1C
:10C11000A84225D821682B48FFF738FD0028F4D025
:10C120003B69DA05F1D50123274E284A4946337089
:10C13000002327481360274BC7F800807B60264BFD
:10C14000BB63FFF723FD074670B9042240F29F133B
:10C1500022480027224902700B603846BDE8F88368
:10C160000A224FF4CC73F3E71E4B1F4A136002F010
:10C17000FDFC337804468BB1114D03E004F04EFA18
:10C1800033785BB102F0F2FC031BAB42F6D900231B
:10C19000154A136025224FF4D173D9E71A460B4B89
:10C1A00011491B680A609B07F4D5084B1A680F4BAE
:10C1B0001A42EFD1D1E700BF1C9F002000002C40A5
:10C1C00040420F0000001A0D54C60020489F002076
:10C1D00011003A064000010002007F11B48E0020D9
:10C1E000B89E002009CB0100449F002000007F1171
:10C1F0002B4B987A10B5440682B012D4DB7AC0F388
:10C20000050002F1010CC3F3C0134CEA010C43EA30
:10C2100040035BB213EA0C0F03D0272240F2023333
:10C220000CE0204B1B780BB9490252021E480192C8
:10C23000FFF7ACFC58B90F2240F20A33DFF888C090
:10C2400000201A498CF800200B6002B010BD019943
:10C250001748FFF79BFC18B9102240F20D33EDE7A9
:10C2600000211448FFF792FC18B911224FF44473CF
:10C27000E4E702F07BFC04460F4B10481968FFF717
:10C2800085FC18B10E4B1B69DB05DED402F06EFC99
:10C290000C4B001B9842EFD9282240F21333CDE714
:10C2A000089F002050C6002000001A20B89E0020E1
:10C2B00000001A2100001B261C9F002000001A0D00
:10C2C00000002C4040420F00B48E00202DE9F043C6
:10C2D0004FF00008884D894E93B0894C894F017208
:10C2E00080F8098085F8008086F8008084F8008056
:10C2F00087F80080FFF714FB41464046FFF746FCF5
:10C30000E8B14FF003084FF4D5717F48FFF73EFCCA
:10C3100000284CD1B8F10108F5D13B78002B3AD078
:10C32000DFF82C9202F022FC784F804600217848FA
:10C33000FFF72CFC70B917224FF42A7302E0012298
:10C3400040F28E237349002432700B60204613B0F4
:10C35000BDE8F08349467048FFF718FC0028EAD092
:10C3600002F004FCA0EB08006C4BB842E3D81A6959
:10C37000002ADBDA19696A4A11601B695A0001D583
:10C380000123237000216748FFF700FCD8B902227F
:10C3900040F2B123D6E7FFF7C3FA41464046FFF724
:10C3A000F5FB3B78002BBBD14FF44019BAE75B4B50
:10C3B0001B69B3F5D57F03D006224FF42573C1E77F
:10C3C00001233B70ACE700215748FFF7DFFB18B9AA
:10C3D00003224FF42D73B5E7504F544C3B69544939
:10C3E0006FF30F0353482360FFF71CFC18B90722B3
:10C3F00040F2B923A6E750495048FFF713FC18B99B
:10C4000008224FF42F739DE721684D48FFF7BEFBCC
:10C4100018B9052240F2BF2394E721683C48FFF792
:10C42000B5FB18B9142240F2C3238BE7022145481B
:10C43000FFF7ACFB04460028F4D0BB6A02A96FF0FA
:10C440007F4023F00603BB62BB6A43F00203BB627A
:10C450004FF010137B64FFF74DFE9DF815309B07DE
:10C4600047D5002845D02B4F02A937483A6896F89F
:10C4700000800192FFF73EFE9DF81830019A03F00C
:10C480000F03012B32D188B34CF250302F4E0523CD
:10C49000C6F8CC31C6F8D031C6F8BC31C6F8C031C8
:10C4A000C6F8C431C6F8C831FFF74AF9002347F28D
:10C4B000B802C6F8CC31C6F8D031C6F8BC31C6F8DF
:10C4C000C031C6F8C431C6F8C83141F2B803C6F865
:10C4D000BC23C6F8C023C6F8AC23C6F8B03301238A
:10C4E000C6F8B423C6F8B8232B702FE786F800806F
:10C4F0003A6046F2A810C9E74CC60020B48E00206E
:10C5000050C600204DC6002000001A0840420F000F
:10C5100000001A37B89E00200000022900002C40BD
:10C52000189F00200000090200001A031C9F002031
:10C53000089F002000000909F89E00200000090A59
:10C5400000001B0700001A06F1FFFF8000801F405B
:10C5500000003040F8B5324B0F465A6A92050DD4B0
:10C560009A6A22F480329A6272B69A6A42F400326F
:10C570009A629A6A42F480329A6262B602F0F6FADD
:10C58000274C0646274D04E002F0F0FA801BA84233
:10C5900033D8636A1B05F7D507F13C0007F50F7424
:10C5A0001F494B6A1D05FCD5A0F140030A6A43F8F8
:10C5B000042F8342FAD103F14000A042F1D102F0EE
:10C5C000D5FA174C0746184D164E04E002F0CEFA85
:10C5D000C01BB0421AD8236B2B42F7D0226B134BEF
:10C5E0001A601A6822631A6892070DD51A68104BF0
:10C5F0001A420CBF01200020F8BD0E491A200E4B34
:10C6000040F2563208701A600020F8BD1D2009491A
:10C61000094B40F26132087000201A60F5E700BF54
:10C6200000002C4040420F0002007F11489F002074
:10C6300000007F11B48E0020B89E00202DE9F84341
:10C64000244B8946244D254C2B6002F08FFADFF8ED
:10C65000A8800746224E06E002F088FAC01BB042CE
:10C6600023D803F0DBFF21681E48FFF78FFA00286C
:10C67000F2D0D8F81030DB05EED500234FF400726D
:10C680002B60D8F8283043F48033C8F82830164B94
:10C69000C8F804201B78A3B149461448FFF776FA7E
:10C6A00068B90C2240F2BD3304E000210A2240F2B6
:10C6B000B13329600E4C00200E4922700B60BDE89A
:10C6C000F8834FEA492909484946FFF75FFA0028ED
:10C6D000F5D1E6E7F1D00100449F00201C9F002027
:10C6E00040420F0000001A0D50C6002030003A12E0
:10C6F000B48E0020B89E002000002C4070B50023AE
:10C700001C4D0E4643721946AB6A1B4823F4803316
:10C71000AB62FFF73BFA18B104465EB9204670BD24
:10C72000092240F2D33315480024154902702046EF
:10C730000B6070BD134B144A136002F017FA6B6A5A
:10C740000646DA0112D404E003F068FF6B6ADB01ED
:10C750000CD402F00BFA0D4A831B9342F4D900214A
:10C7600009480A2240F2D7330160DCE70023064A79
:10C770001360D3E700002C400000DB0CB48E0020D7
:10C78000B89E0020F5CA0100449F002040420F00DF
:10C7900010B50446FFF75CF908B1637A03B910BD20
:10C7A00020460121BDE81040FFF7A8BF30B5034681
:10C7B000007AADF5037D1446C00720D593070FD14D
:10C7C00001233048FFF772FBB8B92F490B202F4BDC
:10C7D0004FF45D7208701A6000200DF5037D30BDC6
:10C7E000012302AA2748FFF761FB0028EDD04FF490
:10C7F000007202A9204602F06DFC0120EDE70193D2
:10C800000D46FFF725F9019B0028E5D05A7A012A49
:10C8100023D01A681E49126A8A4222D10193FFF777
:10C8200017F90028D8D0019B5A7A0ABB1846294626
:10C830000193FFF703FF019B0028CDD001225D602B
:10C840005A72214618460193FFF784FE0028C3D090
:10C85000019B5A6801325A60CFE75A68AA42D8D180
:10C86000EFE7184601939047019B0028B4D0DDE71D
:10C87000184601210193FFF741FF019B0028ABD02F
:10C88000D4E700BF11003A11B48E0020B89E0020FA
:10C8900065DB010030B50D46017A1446ADF5037D28
:10C8A000CA071BD5A30706D0214602AC4FF400727D
:10C8B00002A802F00FFC0123224629463248FFF766
:10C8C000F5FA002841D131490D20314B40F2114297
:10C8D00008701A6000200DF5037D30BD0190FFF750
:10C8E000B7F8019B0028F5D05A7A022A2FD01A688F
:10C8F0002849126A8A422ED10193FFF7A9F800282D
:10C90000E8D0019B5A7A002A2CD11A682249126E6B
:10C910008A4230D1184629460193FFF715FA019B48
:10C920000028D7D002225D605A721A6818461B4947
:10C93000D26D01938A42214623D1FFF7D1F8019BA2
:10C940000028C7D05A6801325A600120C3E75A68EC
:10C95000AA42CCD1E9E7184601939047019B0028F1
:10C96000D3D1B7E7184601210193FFF7C7FE019B1A
:10C970000028CAD1AEE71846019329469047019B8B
:10C98000CEE79047019BDBE701003A18B48E002008
:10C99000B89E002065DB01001DD10100B5CE01006D
:10C9A00002F00EB910B483B00B46CDE90012C27C80
:10C9B000002A30D072B6C27CD40708D54FF0E02CE4
:10C9C0004469DCF8801121408162CCF88011910724
:10C9D00008D54FF0E02C8469DCF884112140C16255
:10C9E000CCF88411540708D54FF0E02CC469DCF86A
:10C9F000881121400163CCF88811110708D54FF048
:10CA0000E02C046ADCF88C1121404163CCF88C11D5
:10CA1000D2063AD462B68268934240D0234A8360F9
:10CA200092692349C2F3011CC2F3826251F82CC0FF
:10CA30000132BCFBF2F103B38B4232D8B1FBF3F20B
:10CA4000B1FBF2F18B422ED3B2F5817F1BD2022AC9
:10CA500027D9023A530803EB032342EA0323C360B6
:10CA60000268032100201061516201211364019BBF
:10CA70001366116103B010BC70479445EFD34A1C94
:10CA8000B2F5817FE3D30B4BE9E74FF0E021446A35
:10CA9000D1F8902122408263C1F89021BAE7C3689F
:10CAA000DEE70023DBE71146E9E700BF00C00F40E7
:10CAB000487C0020FF7F7F0008B5034653F8040B35
:10CAC00093E80600FFF76EFF08BD00BF0268D37C45
:10CAD00013B3D80704D5906A4FF0E021C1F80001E4
:10CAE000990704D5D06A4FF0E021C1F80401580736
:10CAF00004D5106B4FF0E021C1F80801190704D5E7
:10CB0000506B4FF0E021C1F80C01DB0604D5926BAD
:10CB10004FF0E023C3F81021704700BF0068FBF717
:10CB200015BA00BF0268FF2312685366D36D13F471
:10CB3000F81FFBD0506FC0B2704700BF4FF0FF0C22
:10CB4000006808B5134680F83CC00A460021FBF790
:10CB5000F9F9002008BD00BF03681A685166D36D5B
:10CB600013F4F81FFBD0536F704700BF13460068E3
:10CB70000022FBF7E7B900BF0378DB0701D40120EF
:10CB800070470346406810B503F1100282B0016897
:10CB900001924C6A0093D968A047DDE9003298B150
:10CBA000197888070CD5DC680093D3E90101D0F827
:10CBB00000C02144DCF82430984728B1009B197844
:10CBC00021F001010120197002B010BD10B54468B8
:10CBD00084B07CB31446C26803468A420AD1024636
:10CBE00012F810CB04F0030410464CEA04021A7049
:10CBF00004B010BDCDE90101FFF7BEFFD0B114F0C4
:10CC0000040FDDE9013105D003F110024FF0000CF3
:10CC1000D960E7E7586803F11002D0F800C001922C
:10CC2000CDE90213DCF810309847039BDDE90121C0
:10CC30000028EBD1002004B010BD00BF034680895E
:10CC400010B100229A817047D3E901C18C4500D30D
:10CC5000704700B585B0604603AA019300F016F84E
:10CC6000019B80B1039A5860B2F5803F90B208D31F
:10CC7000920AC0F30900A2F52152A0F5105190B21A
:10CC8000998105B000BD4FF6FF70FAE7884238D2AF
:10CC9000034690F90000002893F800C02DDA0CF04C
:10CCA000E000C02831D00CF0F000E02831D00CF0CA
:10CCB000F800F02825D10CF0070C04201844884215
:10CCC0001FD8013300B51978013301F0C00E01F00F
:10CCD0003F01BEF1800F41EA8C1C14D18342F2D196
:10CCE000ACF180010D4B99420DD8ACF55843B3F52A
:10CCF000006F08D3C2F800C000BD581CC2F800C0C5
:10CD0000704700207047002000BD0CF01F0C02206F
:10CD1000D4E70CF00F0C0320D0E700BF7FFF10001A
:10CD20007E2843D90023DFF8ACC000B54FF0350EA4
:10CD300004E03CF82120824223D80B46AEEB0302EC
:10CD4000012A03EB5201F4D89BB23CF82320904215
:10CD500019D24FF04B0C0023DFF87CE005E03EF8E1
:10CD6000212082428CBF8C460B46ACEB0302012A89
:10CD700003EB5201F3D89BB23EF8232082421FD02E
:10CD800000BD8E46DAE70CEB830C821A9CF8033068
:10CD90009A42DEDA9CF90230012B16D04EF2A03214
:10CDA000002B08BF1346034498B200BDA0F16103F5
:10CDB000192B8CBF00230123A0EB431398B27047BB
:10CDC0000EEB830EBEF8020000BD02F00102821AD3
:10CDD00090B200BD641E0020A81C0020554B4FF0EF
:10CDE000000C2DE9F043A3FB001540F26D19DFF8AC
:10CDF0005C816D09A3FB05134F49C5EB05165B0963
:10CE0000A0EB8607A1FB03414C4C09090E1DA4FBB6
:10CE10000640002467F30704371A00EB5700484F19
:10CE20008008C0EBC000361AC3EB0310A5EB8005E9
:10CE3000013601EB410065F30F24A3EBC00360460C
:10CE400063F3174466F31F643E4E146001E00CF177
:10CE5000010C5FFA8CF340F26D1E03F2B27313F013
:10CE6000030506FB03F408D1B7EBB40F4FF4B77E0C
:10CE700003D3B8EB341F38BFCE4670448142E6D2AC
:10CE800082F806C04DB92F4C2D4E03FB04F4B6EBCF
:10CE9000B40F43D24FF4B77401E040F26D14091A95
:10CEA000294E002021440BE096F800E001308E4529
:10CEB000C0B213D80C28A1EB0E0106F1010625D053
:10CEC0000128F1D17DB11B2931D91C39022096F8F6
:10CED00001E0013601308E45C0B2EBD9013150710D
:10CEE0001171BDE8F0831748154C03FB00F0B4EB5B
:10CEF000B00F11D3154CB4EB301F2CBF1D201C20DC
:10CF0000884214D8091A01360220CDE70D200131DC
:10CF100050711171BDE8F0831D20F1E70B4EB6EBA7
:10CF2000341F40F26D1428BF4FF4B774B7E70220E6
:10CF3000D4E700BF89888888ABAAAAAA2549922489
:10CF4000285C8F02295C8FC2381F00200AD7A300FB
:10CF50002DE9F0418679002E60D0314A06F2B27E8A
:10CF600040F2B273DFF8D0C006FB02F22D4C2E4D1A
:10CF70002E4F13F0030F0CFB03F103F1010306D155
:10CF8000B4EBB10F02D3B7EB311F00D32A449E4557
:10CF9000EFD190F805E0BEF1010F2BD906F2B27780
:10CFA000234D2449A5FB0735642307F003081E4CD5
:10CFB0006D0903FB1575012306E0013311F801CB60
:10CFC000734504FB0C2215D0022BF6D1B8F1000FEB
:10CFD000F3D1194E35B907FB06F6DFF850C0BCEBAC
:10CFE000361FEAD3032302F5181201319E4502F5DC
:10CFF0006E52E2D143784FF461648178C3EB03133E
:10D0000005789B0004FB01330179074C58194B1E2E
:10D01000002104FB03001044BDE8F0813246B8E76C
:10D020008033E101285C8F02805101000AD7A30000
:10D030001F85EB51381F0020295C8FC270B51C4C36
:10D040001C4E236832681C4D9B1A2868B3F57A7F02
:10D050000BD3411C236802F57A72084601319B1AF2
:10D06000B3F57A7FF6D228603260144B1A68824298
:10D0700010D8134A12686AB19047124A01430F4B05
:10D08000126809D00244216828601A6002220E4BFF
:10D0900031601A70002170BD0B4C28682178024461
:10D0A00000391A6018BF01212170002170BD00BF36
:10D0B000F8C50020AC9E0020289F0020CC9E0020B8
:10D0C00024C300202C8A002052C6002070B5FFF730
:10D0D000B5FF094BD3E90062914208BFB04207D0C7
:10D0E000064A05460C46FFF779FE034BC3E9005498
:10D0F000024B987870BD00BF00950020E09E002094
:10D1000070B5FFF79BFF0C4BD3E90062914208BF5B
:10D11000B04207D0094A05460C46FFF75FFE064BB2
:10D12000C3E90054054B987818B10C2800D90C3885
:10D1300070BD0C2070BD00BF00950020E09E002057
:10D1400070B5FFF77BFF0B4BD3E90062914208BF3C
:10D15000B04207D0084A05460C46FFF73FFE054B94
:10D16000C3E90054044B98780B288CBF00200120A1
:10D1700070BD00BF00950020E09E002070B5FFF755
:10D180005DFF094BD3E90062914208BFB04207D06E
:10D19000064A05460C46FFF721FE034BC3E900543F
:10D1A000024B587870BD00BF00950020E09E002023
:10D1B00070B5FFF743FF094BD3E90062914208BF06
:10D1C000B04207D0064A05460C46FFF707FE034B60
:10D1D000C3E90054024B187870BD00BF00950020D1
:10D1E000E09E002070B5FFF729FF094BD3E90062EC
:10D1F000914208BFB04207D0064A05460C46FFF7E9
:10D20000EDFD034BC3E90054024B187970BD00BF1C
:10D2100000950020E09E002070B5FFF70FFF094B3E
:10D22000D3E90062914208BFB04207D0064A0546E2
:10D230000C46FFF7D3FD034BC3E90054024B58796A
:10D2400070BD00BF00950020E09E002070B5FFF784
:10D25000F5FE0A4BD3E90062914208BFB04207D005
:10D26000074A05460C46FFF7B9FD044BC3E90054D5
:10D27000034B987900F2B27070BD00BF009500209A
:10D28000E09E0020084B09491B68094A03441268C4
:10D2900010B4084C0860022023600749074B08704F
:10D2A0001A6010BC704700BF2C8A0020289F002005
:10D2B000F8C50020CC9E002052C60020AC9E002065
:10D2C00038B504460598049D6328CCBFA0F2B27C13
:10D2D00000F11E0C0C4803718470027080F806C0C7
:10D2E00045714170FFF734FE084B09491B68094A34
:10D2F0000344094C08600220126808492360084B67
:10D3000008701A6038BD00BFE09E00202C8A002003
:10D31000289F0020F8C50020CC9E002052C6002087
:10D32000AC9E0020034A0449044B126808601A604E
:10D33000FFF784BE289F002024C30020CC9E00203D
:10D3400000231B60FFDE00BF704700BF704700BFB7
:10D35000704700BF10B5044650F8083BDB6898479B
:10D36000204610BD0A4A0346116878B10948814237
:10D370000CD002F1080010B584B00C68039303A927
:10D380000193A047019B184604B010BD1846704792
:10D39000F0980020541F0020044B0548054A064918
:10D3A00010B410BC036003F0DBBB00BF541F0020AF
:10D3B000F0980020848A002029E7010000207047AF
:10D3C00010B5044650F8083BDB689847204610BD6E
:10D3D00000231B60FFDE00BF704700BF704700BF27
:10D3E000704700BF08B56920FFF7BCFF9FED010A39
:10D3F00008BD00BF0000C07F6920FFF7B3BF00BFBA
:10D400006920FFF7AFBF00BF6920FFF7ABBF00BFC8
:10D4100008B5104B1A68D10704D50F4B1A68D2070C
:10D420000BD508BD01200D490D4A18600D4B196040
:10D4300018460D4903F094FBEFE701200749084A1D
:10D4400018600A4B196018460749BDE8084003F008
:10D4500087BB00BF509E0020549E0020441F002028
:10D46000848A00200895002095E70100309500206F
:10D470000146044B03220020C96803EB01139A60A4
:10D48000704700BF00410840C1680022024B1046AF
:10D4900003EB01139A607047004108400369044A96
:10D4A000DB6810B5044640F8182B9847204610BD9D
:10D4B000E8200020064BDFED076AD3ED007A9FEDF0
:10D4C000067AF8EE677A86EEA70A80EE070A7047BA
:10D4D000548A00200000804F0024744970B5074C26
:10D4E000074EA4F1E00554F8083C204644F8186CB7
:10D4F000383CDB689847AC42F5D170BD18960020E7
:10D50000E8200020064A036910B50446DB6840F8AD
:10D51000182B98472046382101F076FE204610BD92
:10D52000E82000206920FFF71DBF00BF6920FFF73A
:10D5300019BF00BF144B9FED157AD3ED007AF8EEBA
:10D54000677A27EE800AB4EEC70AF1EE10FA0ADC19
:10D55000FCEEC07AC2680E490020120117EE903A24
:10D56000013B5350704700B583B001906FF06300EA
:10D57000FFF7F8FE019B064A6FF00101DB6800200F
:10D580001B01995003B000BD548A00200000804F59
:10D5900000410840214B01469FED217AD3ED007AEE
:10D5A000C2680020F8EE677A10B527EE800A1D4C9D
:10D5B00082B004EB0213B4EEC70A98600120F1EECA
:10D5C00010FAD86015DCFCEEC07A4FEA021C16484F
:10D5D00017EE903A013B4CF804300B689B6983428C
:10D5E00017D1104B0321002003EB0213996002B006
:10D5F00010BD6FF063000191FFF7B4FE01996FF069
:10D600000100CA68130118510B6807489B698342DF
:10D61000E7D008469847002002B010BD548A002089
:10D620000000804F0041084045E8010001680246C3
:10D63000DFF8CCC0CB69634510B582B04CD1D4685B
:10D6400000202A4B03EB041398600B6B284883429D
:10D650003CD1284B9FED287AD3ED007AF8EE677A1B
:10D6600027EE800AB4EEC70AF1EE10FA17DCFCEEE2
:10D67000C07AD068DFF874C0000117EE903A013B21
:10D6800040F80C308B691D498B421AD1D1680020BB
:10D69000164B032203EB01139A6002B010BD6FF02A
:10D6A00063000092FFF75EFE009A10486FF0010CD5
:10D6B000D36811681B0143F800C08B690F498B4286
:10D6C000E4D010469847002002B010BD10460092EA
:10D6D0009847009A1168D5E78DED010A00909847A8
:10D6E000009A9DED010A1168AFE700BF00410840B4
:10D6F00009E90100548A00200000804F45E801003C
:10D700005DE8010010B551F8083B04462DED028B91
:10D710008CB002725A68B0EE408A04A80293904717
:10D72000236904F11800DB6801909847264A04A990
:10D73000DDE9010302929A6823619047029B04A8E5
:10D74000DB689847237A13B3E36800201F492268F7
:10D7500001EB0311126B886018010123CB601C4B95
:10D760009A4219D11B4BDFED1C7A93ED000AB8EEFB
:10D77000400A20EE080AB4EEE70AF1EE10FA14DCD3
:10D78000FCEEC07A114A17EE903A013B835000201C
:10D790000CB0BDEC028B10BDB0EE480A204690479D
:10D7A00000200CB0BDEC028B10BD6FF06300FFF7E2
:10D7B000D9FDE3686FF0010204491B0100205A50B3
:10D7C0000CB0BDEC028B10BD441F0020004108408E
:10D7D00009E90100548A00200000804FDFF8B4C03E
:10D7E0000020284BDCF81CC02749284A1CF0400FB9
:10D7F00000B519605860C3E9030201D124480068EC
:10D8000024484FF0000C9963C069C3F83CC04FF046
:10D81000010C40069A64C3F844C001D41C48006857
:10D820001C484FF0000C1967C069C3F874C04FF072
:10D83000020C4006C3F88020C3F87CC001D4144811
:10D840000068DFF850E04FF0000CC3F8A810032088
:10D85000DEF81C10C3F8ACC0C3E92D024B060FD490
:10D860000B4B0D4A1B68B3FBF2F3DFF838C0002006
:10D870000A4A0B495DF804EBCCF8003003F070B9AC
:10D880001823F2E758950020E8200020441F0020CC
:10D890007089002000C00F4040420F00848A0020A1
:10D8A000B1E80100548A002069207047B7EE000AF1
:10D8B000704700BF044A936823F00803936093689D
:10D8C0001B07FCD4704700BF00400D40044B9A6812
:10D8D00022F008029A60986810F00800FBD17047A7
:10D8E00000400D40084A936823F0080300B583B058
:10D8F000936093681B07FCD40C21019001F084FC19
:10D90000019803B000BD00BF00400D406920FFF743
:10D9100029BD00BF90ED026ABFEE007B0F4AB7EE53
:10D92000C66A9FED0C5BA6EE057BFCEEC77B17EE8F
:10D93000903AB3FA83F3C3F120031B01DBB2936087
:10D94000936843F00803936093681B07FCD500209D
:10D95000704700BF8DEDB5A0F7C6A03F00400D4059
:10D96000002A47D00368284ADB69934210B5044671
:10D970008EB041D1254A936823F0080393609368E1
:10D980001B07FCD451F8083B06A88DED030A5A6822
:10D990000493904762681046029250F8083BDB6897
:10D9A00001909847049B029A19490198049106A98D
:10D9B00013609B689847049B06A8DB689847DFEDD7
:10D9C000157A9DED030AB4EEE70AF1EE10FA04D5DC
:10D9D0000020C4ED027A0EB010BDDFED0F7A0020FA
:10D9E000B4EEE70AF1EE10FA77FE807AC4ED027A1F
:10D9F0000EB010BD692070478DED020A0191984765
:10DA00009DED020A0199BDE7A1EC010000400D4027
:10DA1000441F00200024F44100247449D0F800C0C1
:10DA200001462C4ADCF81C30934200B583B03BD150
:10DA3000294A936823F00803936093681807FCD47D
:10DA40009FED266AB4EEC60AF1EE10FA07D49FEDF8
:10DA5000246AB4EEC60AF1EE10FA36FE006ADCF86B
:10DA60001830204A81ED026A934227D1B7EEC66A88
:10DA7000194ABFEE007B9FED155BA6EE057BFCEE21
:10DA8000C77B17EE903AB3FA83F3C3F120031B016F
:10DA9000DBB29360936843F00803936093681B07BD
:10DAA000FCD5002003B000BD8DED010A0090984721
:10DAB00000999DED010AD1F800C0C1E708469847DA
:10DAC000002003B000BD00BFAFF300808DEDB5A016
:10DAD000F7C6A03FA1EC010000400D40E0FDF3417E
:10DAE00000247449E9EC010010B5094C094B0A49BE
:10DAF00020460A4A236003F033F8094B0948074AD5
:10DB00000949C0E90034BDE8104003F029B800BF5E
:10DB100048960020441F002095E70100848A0020D9
:10DB2000302100203896002089EC010010B5074B09
:10DB300082B003600190EFF3108472B600F06CFBCA
:10DB4000019804B962B602B010BD00BFA01F00204A
:10DB5000024A0349034803F003B800BF848A002047
:10DB600001EF0100588A002038B5064CA4F1A00549
:10DB700054F8083C2046283CDB689847AC42F7D173
:10DB800038BD00BFF096002038B5064CA4F1A005C2
:10DB900054F8083C2046283CDB689847AC42F7D153
:10DBA00038BD00BF9097002038B5064CA4F1A00501
:10DBB00054F8083C2046283CDB689847AC42F7D133
:10DBC00038BD00BF3098002038B5064CA4F1A00540
:10DBD00054F8083C2046283CDB689847AC42F7D113
:10DBE00038BD00BFD0980020834A106810F00100B3
:10DBF00008B510D10121814BDFF8F8C21160804ACD
:10DC00008049C3F800C0C3F828C0C3F850C0C3F8A7
:10DC100078C002F0A5FF7C4B1A68D00704D401201D
:10DC20007A4A7B49186011607A4A106810F0010046
:10DC300010D10121784BDFF8BCC21160704A7749DE
:10DC4000C3F800C0C3F828C0C3F850C0C3F878C0F8
:10DC500002F086FF724B1A68D10704D40120714A82
:10DC6000714918601160714A106810F0010010D1FC
:10DC700001216F4BDFF87CC21160614A6D49C3F826
:10DC800000C0C3F828C0C3F850C0C3F878C002F081
:10DC900067FF694B1A68D20704D40120674A6849B4
:10DCA00018601160674A106810F0010010D101215E
:10DCB000654BDFF840C21160514A6449C3F800C0A7
:10DCC000C3F828C0C3F850C0C3F878C002F048FFBA
:10DCD0005F4B1A68D00704D401205E4A5E49186081
:10DCE00011605E4B1A68D10770D55D4B1A68D20778
:10DCF00077D55C4B1A68D00704D401205A4A5B4997
:10DD0000186011605A4B1A68D10704D40120594A8F
:10DD1000594918601160594B1A68D20704D4012080
:10DD2000574A584918601160574B1A68D00704D4F5
:10DD30000120564A564918601160564B1A68D1079F
:10DD400004D40120544A554918601160544B1A6894
:10DD5000D20704D40120534A534918601160534B31
:10DD60001A68D00704D40120514A52491860116042
:10DD7000514B1A68D10704D40120504A5049186009
:10DD80001160504B1A68D20704D401204E4A4F4903
:10DD9000186011604E4B1A68D00704D401204D4A18
:10DDA0004D49186011604D4B1A68D10704D4012009
:10DDB0004B4A4C49186011604B4B1A68D20704D487
:10DDC00001204A4A4A491860116008BD01204949AA
:10DDD0000B4A1860484B19601846484902F0C0FECB
:10DDE00083E701204349064A1860454B19601846ED
:10DDF000424902F0B5FE7CE7689E00207096002044
:10DE0000848A00203DEF0100589E0020649F00207E
:10DE100000C01D407C9E0020109700205DEF010097
:10DE20006C9E0020749F002000001E40909E0020E9
:10DE3000B09700207DEF0100809E0020849F00208D
:10DE400000401E40A49E0020509800209DEF01003D
:10DE5000949E0020949F002000801E40509E002031
:10DE6000549E00205C9E0020689F002020C01D4022
:10DE7000609E00206C9F002040C01D40649E0020DA
:10DE8000709F002060C01D40709E0020789F002081
:10DE900020001E40749E00207C9F002040001E40F9
:10DEA000789E0020809F002060001E40849E0020FD
:10DEB000889F002020401E40889E00208C9F0020CC
:10DEC00040401E408C9E0020909F002060401E40DD
:10DED000989E0020989F002020801E409C9E00203D
:10DEE0009C9F002040801E40A09E0020A09F0020FC
:10DEF00060801E40441F00200895002095E7010027
:10DF0000309500200B46012110B5044682B018461A
:10DF1000A37000F077FE0121A07800F051FE0721E8
:10DF2000A2682379C4E907210BB102B010BD2078A3
:10DF30000121019300F066FE6078012100F062FE8D
:10DF40000199207800F03CFE0199607802B0BDE8AC
:10DF5000104000F035BE00BF2DE9F04706460F46E1
:10DF60008078002100F02CFE33794FEA1729002B2E
:10DF70003FD0B069D6E90712FEF714FDB1690B680E
:10DF8000C3F86490DA6D12F4F81FFBD0FFB25A6F39
:10DF90005F66DA6D12F4F81FFBD0CA7C5B6F12B3B8
:10DFA000D70704D5886A4FF0E023C3F8000195072E
:10DFB00004D5C86A4FF0E023C3F80401540704D520
:10DFC000086B4FF0E023C3F80801100704D5486B35
:10DFD0004FF0E023C3F80C01D30604D58A6B4FF051
:10DFE000E023C3F81021B0780121BDE8F04700F02C
:10DFF000E7BD96F80180082596F800A0802409EA7C
:10E000000401504600F0DCFD01214046640800F0A8
:10E01000D7FD0021404600F0D3FD013DEFD196F839
:10E020000180082596F80090802407EA04014846FC
:10E0300000F0C6FD01214046640800F0C1FD00214A
:10E04000404600F0BDFD013DEFD1B0780121BDE8B3
:10E05000F04700F0B5BD00BF037B934231D9C389BF
:10E06000994210B50C4628BF1C46012A02F108024D
:10E0700020F812100CBF4FF410414FF48051427D34
:10E0800090F814E041EA823140F6FF7289B241F41F
:10E09000005CBEF1010F08BF614693420CD040F214
:10E0A000FF3293420CBF41EA840141EA041189B274
:10E0B000FFF752FF012010BD2143FFF74DFF012064
:10E0C00010BD0020704700BF0C4A012381616FF42E
:10E0D0007F0182604FF480720371A0F81520084A16
:10E0E000037301600021C2610722037540F6FF73CC
:10E0F00041820262C0F80E30704700BF0024F40075
:10E1000000093D00024BD86CC0F38040704700BF4F
:10E1100000400D40034A936B23F4402343EA8043BD
:10E120009363704700400D40034A936B23F4401300
:10E1300043EA00539363704700400D40EFF31082B1
:10E1400072B6437F33B9017F012907D0032911D06B
:10E15000012343770AB962B670477047DFF868C099
:10E16000DCF80010F9B1164943610B68086083615F
:10E170005861EDE700B5DFF854E01249DEF800C061
:10E18000BCF1000F16D043610B68836158614FF0FA
:10E19000E0234FF0805C0860C3F804CD012343778F
:10E1A00002B962B600BD064BCCF800001860C0E9A9
:10E1B0000511CDE7C0E905CCCEF80000E7E700BFC8
:10E1C000609F0020589F0020549F00205C9F0020EB
:10E1D00070B5EFF3108272B60C4C206880B10C4E13
:10E1E00000254369236073B19D6102B962B68368FB
:10E1F00045779847EFF3108272B620680028F0D177
:10E2000002B962B670BD3360EFE700BF5C9F0020CB
:10E21000589F0020FFF7DCBF037F012B0ED0032B9C
:10E2200000D07047437F33B1D0E90523C3B15A61B1
:10E2300062B90E4A1360002303777047437F002BB7
:10E24000F9D0D0E905232BB15A6132B19361002393
:10E250000377704706490A60F7E7064A1360EAE762
:10E2600005490A60002AF1D1E3E700BF589F00206A
:10E27000549F0020609F00205C9F00200449054AB5
:10E280004968054B1960136801331360704700BF7C
:10E29000001000E0F8C50020F4C50020704700BF62
:10E2A000704700BF704700BF704700BF70B51A4C81
:10E2B0001A4D2368AB4202D0194AD16829BBA36921
:10E2C000AB4202D0164AD169C9B9236BAB4202D026
:10E2D000134AD16A69B9A36CAB4209D0104AD16B19
:10E2E00031B101211B680F48D163BDE87040184768
:10E2F00070BD01211B680C48D1629847EBE70121F2
:10E300001B680A48D1619847DFE701211B6804F1C7
:10E310000800D1609847D2E7C0920020641F002017
:10E320000041084010930020F8920020E092002065
:10E3300038B5064CA4F1600554F8083C2046183C5A
:10E34000DB689847AC42F7D138BD00BF109300207E
:10E35000036870B5164688B0002B50D000229A6032
:10E360000122DA60324C054604A81C1951F8083B1A
:10E37000241102935B6898472E4904EB4403DB00A9
:10E3800003F10800CA5801930844D26800909047EE
:10E39000DDF808C0019B2749009841F803C02649D1
:10E3A000DCF80830029104A99847029B04A8DB68B6
:10E3B00098472B68032021491E6098602B792048DC
:10E3C0000B550B784A78DFF88CC09342C0F828C20E
:10E3D00028BF13468878CA78834228BF03469342F1
:10E3E00028BF1346174C4FF0E0214FF08060012208
:10E3F00084F87A30C1F80C01104608B070BD124A9A
:10E40000D36E43F44053D3660122104B1A60104A76
:10E410001346026040329C68002CA3D01033934214
:10E420000360F8D100231A460360104608B070BD9F
:10E4300000BFF7BFC0920020641F0020508A002058
:10E440000090002000E400E000C00F4000400840C1
:10E450000041084081F601000268002A32D01A4BC0
:10E460001A49D3181B1103EB430210B5D20082B036
:10E470000446019302F108008B5808440092DB68BF
:10E480009847009A12481149019B88500021226840
:10E4900001209160D060FF200E4AD054137850784C
:10E4A00092F802C0834228BF0346D0780A4A6345E7
:10E4B00028BF6346834228BF034682F87A30216032
:10E4C00002B010BD704700BF00BFF7BFC092002070
:10E4D000641F0020508A002000E400E0074B002069
:10E4E000DFF824C0064A0749C3F800C0C3F818C0C3
:10E4F000C3F830C0C3F848C002F032BBC09200205D
:10E50000848A002005F70100641F0020084601F0FE
:10E51000F5BF00BF012A70B508BF0A228AB00546C0
:10E520001E4659B34FF0210C01E05FFA84FC0CF158
:10E53000FF34B1FBF2F302FB131EBEF1090F0EF123
:10E54000370098BF0EF130000DEB0C0E91421946CA
:10E550008EF80400E9D23EB10CF1FF3C2D225FFAA7
:10E560008CFC0DEB0C031A712B6801A9CCF1220273
:10E5700028465B68614498470AB070BD30234FF06D
:10E58000210C8DF82530E6E7002903DB00230A2261
:10E59000FFF7C0BF49422D230A22FFF7BBBF00BFD0
:10E5A00000B5036883B040F60D2C022201A95B6818
:10E5B000ADF804C0984703B000BD00BF044B02286B
:10E5C00088BF0346D3F800C01846DCF8043018476B
:10E5D000188A00200EB400B582B003AA52F8041BBA
:10E5E000019203F063FA02B05DF804EB03B07047E8
:10E5F00042B90368C9B2054A1B68934204D1084670
:10E6000001F07CBFFFF786BF184700BFE1F80100AB
:10E610002A284AD8264B70B51B780646E3B9254B05
:10E620009B5DFF2B2AD0244A02EB061291680A68F0
:10E6300002F44050B0F5805F31D01C0620D41F4C4E
:10E640002360236AD80704D401F0E8FF236AD907BE
:10E65000FAD51A4B586A70BD184C194D01E001F0FB
:10E66000DDFFA36C1B06FAD4AB6C13F08003F6D16C
:10E670000F4A13700F4B9B5DFF2BD4D1002070BD50
:10E680000F4C03F07F032360236ADA0704D401F000
:10E69000C5FF236ADB07FAD5094B586A70BD22F41F
:10E6A00080521C060A60EBD4C9E70020704700BF07
:10E6B00058C6002058810020DC7D002000400C401E
:10E6C00000800C40082829D00A2814BF4FF4467057
:10E6D0004FF40570DFF850C01249DCF84430DCF824
:10E6E00044206FF3090302F003021A43DCF84430BC
:10E6F00003F0E00313430343CCF84430D1F844C0A3
:10E700004A6C6FF3090C4B6C02F0030203F0E00358
:10E7100042EA0C0213431843486470474FF44070B8
:10E72000D8E700BF00800C4000400C401D4A1F2865
:10E730001D4B916C21F020019164D2F844C0996C7A
:10E7400021F020019964596C10D94CF4404041F4F7
:10E750004041506459641349134A8B6C43F02003C1
:10E760008B64936C43F02003936470470F282CF460
:10E77000404C21F4404106D94CF4004041F40041A2
:10E7800050645964E7E7072806D94CF4804041F407
:10E79000804150645964DEE70328C2F844C05964DC
:10E7A000D9D8704700400C4000800C40A94AAA4BC1
:10E7B00090422DE9F047A94CD3F814E09969D4F8B8
:10E7C0000CC000F2088103F1437303F5F4530333E3
:10E7D000A3FB0023DB0D03EB830303EB830202F2B5
:10E7E000B63240F227639A4228BF1A469C4BA3FBDD
:10E7F0000232D208203A984D0CF01F04D5F8803030
:10E80000944243F0C003C5F880300BD22CF01F0CAB
:10E81000924C4CEA020CC4F80CC02368002BFCDAC2
:10E820000CF01F041EF0007327D18E4D2E698E4D03
:10E83000B54300F0FA8081F4805576464FF4805756
:10E8400016F0605F06D02EF0605E4EEA030E824B3B
:10E85000C3F814E015F4405F07D021F440517E4D19
:10E860003943A961AB6C1B07FCD44EF0007E7A499A
:10E87000C1F814E08B6C9F06FCD47C49884200F2FE
:10E88000DF80012635460EE0082D0CD1042E00F263
:10E8900091800136022506FB00F38B4200F2C38013
:10E8A0005B008B4206D8013506FB05F300FB03F342
:10E8B0008B42E9D9771E05F1FF384FEA872A8EEAA5
:10E8C00087276B4959186B4B99427CD9DFF8E49143
:10E8D0006C2369486349B0FBF5F0684DB0FBF6F076
:10E8E0000E6835404D4508D043F400534FF4805531
:10E8F0000D600B600B68002BFCDA57490B6903F0C5
:10E900000703434504D0C1F810808B6CDE03FCD4B0
:10E9100017F4E05F0BD02EF4E05E0AF4E0534E49AA
:10E9200043EA0E0EC1F814E08B6C9D07FCD4544DE5
:10E93000544945198D4239D8534BED09A3FB053590
:10E940002D0B6B1E1B028EEA030111F4407F07D0D2
:10E950002EF4407E03F440733F4943EA0E034B61BB
:10E960003D494B6923F000734B618B6C9B06FCD4D3
:10E97000464BA242A3FB00134FF0FF314FEA9343F3
:10E98000B0FBF5F5B1FBF3F34149086041490D6077
:10E9900041490B6008D22CF01F0C30494CEA0202AE
:10E9A000CA600B68002BFCDABDE8F0874FF44073B7
:10E9B0000425C8E7771E2E494FF007084FEA872A3B
:10E9C00059188EEA8727294B99421CD8DFF8E8901E
:10E9D000362332487EE7324B984201D80E220AE7AE
:10E9E000304B984228D9304A904227D9821A2F4B6F
:10E9F000120AA3FB0232D20902EB820202EB82026C
:10EA000002F2E242EDE6A3F182532948DFF8AC902E
:10EA1000A3F589337E3BA3FB01310B0D03FB00F013
:10EA200043EA090956E7012544E71F468EF0C05620
:10EA30000D464FF0C05303E70F22DCE61222DAE660
:10EA4000012603464FF0000A77464FF0000835468E
:10EA500037E700BF001C4E0E00C00F40000008400A
:10EA60001F85EB5100800D4040300080FFB19F2694
:10EA7000808D5B00FF7EF64D00643F4D7F3001804E
:10EA80007FD1F0087F17B42C9F10E50083DE1B4375
:10EA9000748900207089002034C5002000B29F26B0
:10EAA000FF0A6B1B00A4781F0046C32323B24C004F
:10EAB000001BB7006C200080362000800020008002
:10EAC00000B970472DE9F84F01218146224C234EB1
:10EAD000234D54E8003F3268286844E80013002BB7
:10EAE000F7D120494B684FF47A7BDFF87CA01B1AE2
:10EAF00001270BFB02F8DAF80020A2FB03235B4599
:10EB000094BF9844D84454E8003F3268286844E8E9
:10EB10000073002BF7D14B68DAF800C01B1A0BFB0F
:10EB200002F2ACFB03C3B3F57A7F94BFD21802F5AF
:10EB30007A72A2EB0802B2F57A7F08D3B9F1010F1D
:10EB400008F57A7809F1FF39DDD1BDE8F88F01F0D9
:10EB500065FD0449D7E700BFFCC50020F8C50020CB
:10EB6000F4C50020001000E034C5002010B50F4BA4
:10EB70004FF0010C0E4CDFF844E053E8002F206802
:10EB8000DEF8001043E800C2002AF6D1094B5B68AA
:10EB9000094A5B1A4FF47A71126801FB00F0A2FB7C
:10EBA00003238B4294BFC018401810BDFCC5002041
:10EBB000F8C50020001000E034C50020F4C5002096
:10EBC000362812D802010C4B03EB00109B58C26888
:10EBD000D3F804C01CEA020F03D039B1C3F8842073
:10EBE0007047836829B9054A1A607047C3F88820BE
:10EBF0007047034A1A607047DC7D002038300100FE
:10EC000038F00100362831D802011B4B012903EBF3
:10EC100000109B5800B55A68D0E902EC12D00429C4
:10EC200010D022EA0C025A60C9B102291FD0032970
:10EC30004FF015020CBF114B114BCEF8003043685A
:10EC40001A6000BD42EA0C0201295A6007D040F662
:10EC50003803CEF80030436815221A6000BD38230F
:10EC60001522CEF8003043681A6000BD7047054B8E
:10EC7000CEF80030EFE700BFDC7D00203830010027
:10EC80003800010038F0010010B4134A0020134B83
:10EC90000121134CDFF84CC0C2F8F032C2F8F40284
:10ECA000C2F8B810C2F8A000C2F8A440C2F8B01070
:10ECB0005369DB07FCD551619CF80030DB07EFD4CA
:10ECC0001368054943F0010313600B68DB07FCD4AC
:10ECD00062B610BC704700BF00802A4005040124C2
:10ECE00001000F0000812A4010B5DFF840E04FF628
:10ECF000FF7C0C480EF17E04A0F58053002203E057
:10ED0000834202F1010203D2198802336145F7D12F
:10ED10002EF8022FA64500F58050EDD1024B0122BE
:10ED20001A7010BD00107C605CC600203AC500203F
:10ED300041F2BB03984238D81D4B10B51B7882B006
:10ED40005BB382081B4BDFF874C0A3FB0213D11A1C
:10ED500003EB510318495B09C3EB831E1C46A2EB6E
:10ED60000E033CF813C059184FEA4C0C0A030CEB85
:10ED7000013CBCEB013F15D900F0030EFF204EEA29
:10ED8000840E134602321B88D9B21B0A8E4508BF77
:10ED900018469445F5D802B010BD0190FFF7A4FFC6
:10EDA0000198CEE7FF2002B010BDFF20704700BFE2
:10EDB0005CC6002005411004C00706003CC50020C9
:10EDC00030B583B072B6334B40F20645324C9C618D
:10EDD0000224DC610024C3F8A040C3F8F052851877
:10EDE000C3F8F442C3F8F842C3F8FC424FF470246D
:10EDF000C3F8A4400124C3F8B04020F01F03BFF3C0
:10EE00004F8F4FF0E024C4F85C3F20339D42FAD886
:10EE1000BFF34F8FBFF36F8F1E4D6B69DC07FCD5BF
:10EE20000123DFF87CC094B220F07F406B6144F492
:10EE30007024C5F8F0C242F2012CC5F8F4C2C5F83E
:10EE4000BC30C5F8A000C5F8A440124CC5F8B030DD
:10EE500001E05B060AD4636913F00105F9D0412390
:10EE6000636103B0BDE83040FFF70EBF082A0DD83C
:10EE700042B10A48CDE9001200F02CF9DDE9001298
:10EE800011442A46034B40205861E4E7A2F10805EB
:10EE90000822EEE700802A40F05AF05A80812A408A
:10EEA0003204180800B5864672B6294B022129485B
:10EEB000002298614FF47020D96140F20641C3F8F6
:10EEC000F0120121C3F8F422C3F8F822C3F8FC229F
:10EED000C3F8A020204AC3F8A4000EEA0202C3F837
:10EEE000B010BFF34F8F02F1200302F580514FF0B5
:10EEF000E02C8B422CBF0121802102EB41118B427F
:10EF0000CCF85C2F1A4603F12003F8D1BFF34F8FE2
:10EF1000BFF36F8F0E4A5369D907FCD501200F4903
:10EF20000F4B4FF4702C50610EEA0303C2F8F0123D
:10EF30000749C2F8A030C2F8A4C0C2F8B0004B69BB
:10EF4000DB07FCD501235DF804EB4B61FFF79CBEAA
:10EF500000802A40F05AF05A00F0FFFF2004180801
:10EF600000F0FF0041F2BB03984200F28E80484B54
:10EF70002DE9F0471B78C2B00E460546002B00F085
:10EF80008180AB08434F05F00305A7FB0327DA1B7D
:10EF900007EB5207404A7F0945EA8705C7EB871709
:10EFA000DF1B3E4B32F81740FB1860004FEA033876
:10EFB00000EB0330B0EB033F68D94246FF21134614
:10EFC00002321B885FFA83FC1B0AAC4508BF194656
:10EFD0008242F4D38E4244D0B4F5006F44D302ACE5
:10EFE0004FF48072FF21204602F07AFE08F10202FF
:10EFF00008F580532A48934294BF01234FF40063DD
:10F00000424603EBC72318184000134602321B8800
:10F010008242D9B24FEA13236354F6D10DF10709A6
:10F0200066550DF2071A00254C464046FFF73AFF99
:10F0300014F801CF02220DF1060108EB4500631E12
:10F04000BCF1FF0FA3EB090306D043EA0C23013503
:10F05000ADF80630FFF7B4FE5445E9D10E4B23F866
:10F06000175042B0BDE8F08702A945EA0625022202
:10F0700001340D80FFF7A4FE074B23F8174042B080
:10F08000BDE8F087FFF730FE7BE77047FF21A1E77F
:10F090005CC60020054110043CC50020C0070600E6
:10F0A00000003E3062B170B505460C468E18204611
:10F0B000013415F8011BFFF755FFA642F7D170BDCB
:10F0C000704700BF08B5E0F7BDFAF4F7D3FB01F0D5
:10F0D000A5FAFAE7844641EA000313F003036DD171
:10F0E000403A41D351F8043B40F8043B51F8043B0B
:10F0F00040F8043B51F8043B40F8043B51F8043B12
:10F1000040F8043B51F8043B40F8043B51F8043B01
:10F1100040F8043B51F8043B40F8043B51F8043BF1
:10F1200040F8043B51F8043B40F8043B51F8043BE1
:10F1300040F8043B51F8043B40F8043B51F8043BD1
:10F1400040F8043B51F8043B40F8043B51F8043BC1
:10F1500040F8043B51F8043B40F8043B51F8043BB1
:10F1600040F8043B403ABDD2303211D351F8043B51
:10F1700040F8043B51F8043B40F8043B51F8043B91
:10F1800040F8043B51F8043B40F8043B103AEDD200
:10F190000C3205D351F8043B40F8043B043AF9D251
:10F1A000043208D0D2071CBF11F8013B00F8013B24
:10F1B00001D30B8803806046704700BF082A13D331
:10F1C0008B078DD010F003038AD0C3F10403D21A49
:10F1D000DB071CBF11F8013B00F8013B80D331F87D
:10F1E000023B20F8023B7BE7043AD9D3013A11F8FD
:10F1F000013B00F8013BF9D20B7803704B78437068
:10F200008B7883706046704701F06CBE01F1FF3C63
:10F2100070B566464FF0000E01E00EF1010EB0FB36
:10F22000F2F402FB1403092B03F1370598BF03F135
:10F2300030059042204606F8015FEED201EB0E0346
:10F2400000225A70BEF1000F11D0481C70440CF11E
:10F2500002021CF8014F10F8015DA1EB0C03521AD9
:10F260008CF80050013B047073449A42EFDB08466F
:10F2700070BD00BF074A506A936A19468446506AB7
:10F28000936A9942F9D18445F7D1DB0B43EA4040B8
:10F29000704700BF00400D4010498B6823F00113F8
:10F2A0008B608B68DB07FCD48B6B0C4A23F001036B
:10F2B0008B63936BD907FCD4C3030849400C536597
:10F2C0001065936B43F0010393638B6BDB07FCD5F5
:10F2D0008B6843F001138B60704700BF00400D4006
:10F2E00072B6EFF30583524CC4F884301EF0040F5D
:10F2F0000CBFEFF30882EFF309824FF0E0234D4D8E
:10F30000D3F8280DD3F82C1DC4E92201D3F8341DFD
:10F31000D3F8383DC4E924139369A83444F8103C69
:10F32000D36944F80C3C00F0CDF804ED020AFFF775
:10F33000A1FF0B2344F8040C4FF0FF323E4844F881
:10F34000283C2B68202104355A4042F30003013940
:10F3500003EA000383EA5202F7D1A542F1D1344B0C
:10F36000C3F8A820BFF34F8F4FF0E0233149334A51
:10F37000C3F8701FC3F8702FBFF34F8FBFF36F8FA9
:10F380002F4A02242F48D36E2F4943F44053D366AB
:10F390000460D3692D4823F07F0343F04003D36119
:10F3A0000B68834240D8274D00204FF0E0234FF0F8
:10F3B000FF3228600121C5F8080125480C460E4699
:10F3C000C5F80001C5F80811C3F88021C3F88421ED
:10F3D000C3F88821C3F88C21C3F8902101E000F024
:10F3E00071F9D5F80C31002BF9D04F2CC5F80C6110
:10F3F00004F10104F3D9174B022017494FF00042E2
:10F40000C1F840015A63D5F80C313BB9134814498F
:10F410000C4A0163D2F80C31002BFAD04FF0E023F4
:10F42000104AC3F80C2DFEE7FFF7C0F9BBE700BF99
:10F4300000FF272080FF27202083B8EDA0FF272092
:10F4400000C00F400040084074890020803DCD0B73
:10F45000009F240000900D4000002E4000800F40CF
:10F46000F100AD0B0400FA05094A08B5034610681F
:10F4700023B1034407498B4201D8136008BD02F051
:10F4800051FD0C2203464FF0FF301A6008BD00BF4B
:10F49000808A002000002820002070474FF0FF30B5
:10F4A000704700BF4FF4005300204B60704700BF0F
:10F4B000012070474FF0FF30704700BF30BFFDE7BD
:10F4C000FFF70EBF124AD2F880305B07FBD5D2F8A7
:10F4D00080301048C3F30B230F4990ED007A07EEFC
:10F4E000903A91ED006AB8EE477A0C4AF8EEE77A66
:10F4F0000B4BD2ED006A77EEC77A93ED007AB8EE47
:10F50000477A67EE867A87EEA60A37EE400A70479A
:10F5100000810D4024C500202CC5002030C50020EE
:10F5200028C50020836B70B586460E4610461BB179
:10F53000536843F40043536072B6DEF8342042B39C
:10F540001B4B1060D3F8B02132421ED1194C6568B4
:10F5500005E06268A2EB050CBCF5166F0BD2D3F880
:10F56000402142F48042C3F84021D3F8B811D3F8C7
:10F5700040215204EDD5314007D10D4ACEE90201B8
:10F58000D2F8B0313343C2F8B031CEF8340062B6AD
:10F5900070BD0749CEE90202D1F8B0313343C1F85A
:10F5A000B031CEF83000CEF8340062B670BD00BF86
:10F5B00000002E40001000E070B5056B95B12B46A1
:10F5C000002403E01B680134012B0CD05A6812069A
:10F5D000F8D5036306462CB12846B36B2D689847CF
:10F5E000013CF9D170BD00220023C0E90C23F1E7F2
:10F5F00000B501BBDFF8A0C0234B0021234A4FF028
:10F60000010E4FF001109960C3F800E0CCE902311F
:10F610004FF0800CC3F804C0C2F8BC01D2F8B0317E
:10F620001B4843EA0E03C2F8B0310160D2F8B03192
:10F63000002BFBD100BD0904164BDFF85CC04FF076
:10F64000010E41F080019860104A596000F5805128
:10F65000C3F800E0D96000F50051CCF848301961DA
:10F6600000F5405100F58040596100219861CCF8C7
:10F670004C10D2F8B03143F48033C2F8B031D2F834
:10F68000B031002BFBD1B7E74093002000002E40A3
:10F6900000C30020609300200000002007490122E1
:10F6A0000B78824023EA02030B7033B9044AD2F884
:10F6B000483123F08003C2F84831704761C600200A
:10F6C00000002E402DE9F047A64C82B0D4F84461EA
:10F6D000F107C4F844614CD5D4F8AC31002B43D0C9
:10F6E000A14DA24FDFF8B882C4F8AC31D5E90A20A9
:10F6F000D4F8403143F40053C4F84031D4F84031D9
:10F700009B04F5D5D4F840314FF0011123F4005398
:10F71000C4F84031C4F8B411D4F8B43113F0011373
:10F72000FAD191B284463B60B1F5086F00F03A819E
:10F7300000F2958040F2023E714500F0928100F2A5
:10F74000A480822900F0E181B1F5817F00F0B381CE
:10F75000802940F09580864802210380FFF748FF0A
:10F76000D4F8AC31002BBFD17E4AD2F8BC31002B8B
:10F7700042D1720616D57B4BD3F8AC21C3F8AC212D
:10F78000D3F8BC21C3F8BC21D3F8B041002CFBD185
:10F790004FF0FF32C3F8B421D3F8843100F046FDB6
:10F7A000744B1C60F40103D5734B1B6803B198477D
:10F7B000B00103D5714B1B6803B19847710708D599
:10F7C000684BD3F8843113F4007345D06C4B01229D
:10F7D0001A70644BD3F848311A060AD5330608D597
:10F7E000684A13782BB1013BDBB21370002B00F099
:10F7F0006D8202B0BDE8F0875C49C2F8BC31086890
:10F80000034240F098815B4A12681340B1D01C0C4F
:10F81000554D1FFA83F810D094FAA4F7B7FA87F77A
:10F8200005EBC7104030FFF7C7FE012303FA07F7C7
:10F83000BC43F1D1B8F1000F9BD0012798FAA8F48E
:10F84000B4FA84F405EBC41007FA04F4FFF7B4FE2D
:10F8500038EA0408F2D18CE7494A1370B9E742F25A
:10F86000212E71455AD049D8B1F5106F00F0A28011
:10F8700042F2210C614503D1010C072900F08C8173
:10F880004FF00113C4F8C0316AE7B1F5A06F00F082
:10F89000CA80A1F5D0610129F2D83B4B59680029F3
:10F8A000EED01FFA8CFE120C03E019690C3300290C
:10F8B000E6D0B3F800C09445F7D1B3F802C0F445E0
:10F8C000F3D14FEA122C000CBCF1030F00F0CB81F6
:10F8D0001B89834228BF0346B2F5007F9A4640F059
:10F8E0009A81274B1B78002B40F0EE812749524626
:10F8F0002748DFF89C90FFF7EDFB9EE142F22133B1
:10F90000994214D04FF6C0039942B9D183B2FF2B6C
:10F91000B6D843F46E4363F30F0CBEE780B230B940
:10F920001C4B120C19681C4B19601C4B1A700023DD
:10F93000C5F84880EB64C8F808300123C8F80030E7
:10F940008023C8F804304FF00113C4F8BC31D4F858
:10F95000B03143F48033C4F8B031D4F8B031002B67
:10F96000FBD1FDE600002E400000002000C3002077
:10F9700000C4002004C3002024C6002028C60020A4
:10F9800067C6002068C600208481002058EB006014
:10F9900000002020F8C5002020C6002065C60020F9
:10F9A00040930020B34B0121B3481B780370FFF74D
:10F9B0001FFED5E6AF49120C01930A70AF4AC4F896
:10F9C000C821AF4AC4F8CC21AE4AC4F8D02100F017
:10F9D0002FFC80220199AC4802F082F9AB498022C9
:10F9E000019BA9644A60AA4AEB64C5F8A02002F111
:10F9F0003C428B6002F56C2202F56F72C5F8E02084
:10FA000001220A604FF00112C4F8BC21D4F8B021E1
:10FA100042F48032C4F8B0219E4A3B60D2F8B03143
:10FA2000002BFBD19CE69949EB648B600123A96410
:10FA30000B6080234B604FF001139649C4F8BC3132
:10FA4000D4F8B03143F48033C4F8B031D1F8B031D8
:10FA5000002BFBD1130C5B0643F08073C1F85431CB
:10FA60007EE610F0780F7FF40BAF00F07F028A4B38
:10FA7000000653F822104CBF41F4803141F00101DF
:10FA800043F822100021814BE96499600121AB64A5
:10FA9000196080217F4A59604FF00113C2F8BC31D0
:10FAA000D2F8B03143F48033C2F8B031D2F8B0317B
:10FAB000002BFBD154E610F0780F7FF4E1AE00F09C
:10FAC0007F02754B000653F822104CBF21F48031A1
:10FAD00021F0010143F8221000216C4BE964996088
:10FAE0000121AB64196080216A4A59604FF001130B
:10FAF000C2F8BC31D2F8B03143F48033C2F8B0312F
:10FB0000D2F8B031002BFBD12AE610F078037FF455
:10FB1000B7AE00F07F01604A000652F82110564A45
:10FB2000138036D5C90301D5012313700221524831
:10FB3000FFF75EFD14E60020086058490C8848680D
:10FB400042F221018C427FF45EAE80B200287FF445
:10FB50005AAE5349534C03C9A18086284FEA11413C
:10FB60002060A1717FF44FAE72B64F48017841F02A
:10FB700008010170D2F848110D0605D48020014318
:10FB8000C2F84401C2F8481162B6484A50211170C7
:10FB900039E6CB07CAD5C7E74049EB60444BC1E91A
:10FBA00000200122AB601A60424A5A603C4A9A60C7
:10FBB000D4F8B01141F00101C4F8B01102F5805140
:10FBC000D96002F50051196102F5405102F58042F9
:10FBD00059619A612F4AD2F8B031002BFBD12B49E1
:10FBE000EB648B600123A9640B6048F280034B60D7
:10FBF0004FF00113C2F8BC31D2F8B03143F4803376
:10FC0000C2F8B0314FF48033224A3B60D2F8B031B1
:10FC1000002BFBD1A4E5B2F5E06F7FF468AE264B74
:10FC20001B78002B4ED12549DFF894905246484668
:10FC3000FFF750FA072389F8013029F01F0309EB79
:10FC40000A02BFF34F8F4FF0E021C1F8703F20331D
:10FC50009A42FAD8BFF34F8FBFF36F8F18485146BF
:10FC6000FFF7C6FC7CE50B78834228BF03469A4623
:10FC70003DE600BF66C6002000C400200200CC00A4
:10FC8000C80002000200C80080000020409300204D
:10FC90005DCFC6B800002E40C0012E40189900204C
:10FCA000F8C2002018C6002061C6002068C60020E7
:10FCB000609300208000070067C60020BCEB006056
:10FCC000000020200449AFE7044910E60320FFF7B5
:10FCD000E5FC08F05FF800BF58EB0060BCEB00608B
:10FCE0002DE9F043841E83B0022C02D903B0BDE895
:10FCF000F083124D90460F46C60105EBC0143C221E
:10FD000000210190201D994601F0EAFFB8FA88F21F
:10FD10003904520941EA42710122A951C4F83890CC
:10FD2000A260B9F1000FE1D00549019B9A400B6830
:10FD30001A430A6003B0BDE8F08300BF0000002052
:10FD400004C300202DE9F043A0F1020E83B0BEF100
:10FD5000020F02D903B0BDE8F0839146C201124FF1
:10FD6000884602F1400605463C220021F419019321
:10FD7000201D01F0B5FFB9FA89FC4FEA0842019B4A
:10FD80004FEA5C1C42EA4C72BA510122A363A260A2
:10FD9000002BDFD0054905F110000B6882401A43A3
:10FDA0000A6003B0BDE8F0830000002004C3002017
:10FDB00012044FF0010C816042F08002C0F800C0D4
:10FDC000C36101F5805C01F54053426001F50052CA
:10FDD00001F58041C0F80CC08161C0E9042370477F
:10FDE000831E022B00D9704700F1100C064B0A4607
:10FDF00003EBC01000B54FF0010E0EFA0CF15DF8E8
:10FE000004EBFFF78FBB00BF40000020831E022BD6
:10FE100000D970474FF0010C034B0A460CFA00F171
:10FE200003EBC010FFF77EBB000000204068704766
:10FE3000144B0A22DFF850C0D3F8200220F07F4094
:10FE400000EB800300B55B0085B0604538BF184605
:10FE50006946FFF7DBF9DFF834C06B4600226046E5
:10FE600019780132013341B10A2A20F8021FF7D173
:10FE700016228CF8002005B000BD52008CF800203E
:10FE800005B000BD00441F4080969800908E002071
:10FE900000F0ECBA00F0BABA00F020BB00F0D8BA1B
:10FEA00000F06EBB00F048BB0846114600F03ABBBC
:10FEB00070B5164D4FF0E02415494FF40032154E41
:10FEC00005EB401582B001EB4021C4F88C210346BC
:10FED000328828460191FFF76BFF019933880B4464
:10FEE000BFF34F8FC4F85C1F20318B42FAD8BFF3A9
:10FEF0004F8FBFF36F8F03202946FFF787FF4FF423
:10FF00000033C4F80C3102B070BD00BF80930020F4
:10FF10008000202044C60020264B1A884368C3F383
:10FF20000E43D21A002AF0B5C46983B028DD2248F6
:10FF3000224D01782D78CBB2DFF894C0A942204D34
:10FF400009D01CF803100F4635F811100E46C1F504
:10FF500000718A421AD90133002125F81420082B98
:10FF6000184D88BF0B4625F8141098BF19460CF899
:10FF70000340154B017019680A441A6003B0F0BDC4
:10FF8000204603B0BDE8F040FFF792BF0F4906EBF3
:10FF900047200192084401EB4421FFF79BF8019AA6
:10FFA00009492046B31825F817300B6813440B6035
:10FFB000E7E700BF44C600205FC6002060C60020FF
:10FFC0001CC400202CC4002018C400208000202065
:10FFD0003CC40020224B1A78002A3FD102F0FF03D4
:10FFE000204A1278002A39D01F4A1288002A35D0B8
:10FFF0001E49C2F5006210B5087884B01C4901EBB7
:02000004600397
:1000000040141C4901EBC0212046CDE90223019197
:10001000FFF7CEFEDDE901120A44BFF34F8F4FF028
:10002000E020039BC0F8701F20318A42FAD8019368
:10003000BFF34F8FBFF36F8F04202146FFF7D0FE31
:100040000A480021084B027819800132019BD2B284
:10005000032A98BF1346037004B010BD704700BF59
:1000600064C6002066C6002046C6002063C6002085
:1000700080940020801020202DE9F04F87B004905C
:10008000002900F0BF8000235F4C604F4FF0010952
:10009000DFF890A15E4E029303915E4B5E4A1D789D
:1000A0003B8802EB451284F800900192002B40F04F
:1000B000A58098461D469B460198FFF7B7FE10F0B5
:1000C000800000F08B80BFF34F8F9AF8003084F8E7
:1000D00000B00DB9D6F80080002B7BD13368A3EBBC
:1000E0000803782B00F283804C4B1B78002B71D0D7
:1000F00000F094FA3B88012584F80090002BDBD0B7
:1001000044491A46C3F500600D78039900EBC520F9
:10011000DFF814B19142584417D20593DDE9032169
:100120000192FEF7D7FF019A4FF04041059B9B1AC1
:100130003B803B4BC3F88410BFF34F8F02980023E2
:100140001044237007B0BDE8F08F0499FEF7C2FF9A
:1001500000230BEBC5214FF400620198FFF728FE46
:100160000BEBC521BFF34F8F01F1200201F50063B6
:10017000934294BF012340234FF0E02201EB43134D
:10018000C2F8701F20318B42FAD1BFF34F8FBFF3FB
:100190006F8F04200199FFF723FE1E4A1378013365
:1001A000DBB2042B28BF002313703B88039AD11ABB
:1001B000029A1A4403910292049A1A440023049268
:1001C000174A3B80C2F88430BFF34F8F2370002959
:1001D0007FF463AF029807B0BDE8F08F4FF4006280
:1001E0000C4B8AF800001D7813463A808DE70123F6
:1001F00002988AF8003007B0BDE8F08F1A46C3F5C0
:10020000006082E70846E6E764C6002046C6002094
:10021000F8C5002063C600208094002066C6002038
:1002200000002E4062C6002080102020704700BFD2
:100230002D4B002180222D4870B51B7800242C4EB8
:100240008B420CBF40234FF400732A4D33802B8028
:1002500001F046FD284A2146284B14704FF4807265
:1002600027481C8001F03CFD264A1021264B022025
:10027000C2E90044C2E90244244AC3E900441470BC
:10028000234AC3E90244234B1C70234614602246D0
:10029000FFF758FD204B224631880320FFF720FD51
:1002A0002346012229880420FFF74CFD2046013413
:1002B000FFF7FEFD082CF9D1184B00214A221848FF
:1002C000184C0460C3F88410C3F88020D3F8482188
:1002D000154942F08072C3F8482121B1134A1378BE
:1002E00043F00103137070BD67C6002080940020A6
:1002F00044C6002048C6002063C6002046C6002031
:10030000809300201CC400202CC400205FC6002065
:1003100018C4002060C60020ED12020000002E402C
:1003200024C60020A9130200000000006AC60020B5
:100330002DE9F84F4FF400324FF0E023C3F88C2141
:100340002B4B1C78002950D082468B46E4B2002704
:10035000DFF8B490274B5046274AABEB07081B78D1
:10036000A34204F1010437D0092C244B244928BFAF
:1003700000241E5D39F8163031F8165003EB462183
:10038000ED1A1144A8452A4617D21E4C4246504643
:10039000FEF7A0FE236839F816105846A3EB0B03AE
:1003A00088443B4429F8168023604FF0E0234FF443
:1003B0000032C3F80C21BDE8F88FFEF78BFE114A1E
:1003C0002F4430461368AA445B1B1360084A14701C
:1003D000FFF76EFDBB45BDD84FF0E0234FF4003270
:1003E0003846C3F80C21BDE8F88F0846DDE700BFAA
:1003F00060C600205FC60020800020203CC4002092
:100400001CC4002018C400202CC400200B4B0C4A34
:1004100012781978D3B28A420DD0013309480A4ABA
:10042000092B0A4928BF0023C35C31F8131002EBE3
:100430004323585C70474FF0FF3070475FC6002081
:1004400060C600203CC40020800020202CC4002076
:10045000054B186800B1704700B583B0019000F0FB
:10046000DDF8019803B000BD18C400202DE9F84F55
:10047000144E154D33782A78934220D0DCB2DFF841
:100480005090DFF850B0DFF85080104F0134082C46
:10049000A24601D90024A24619F80400DBF8003076
:1004A00038F8102037F81010521A9B1ACBF8003089
:1004B000FFF7FEFC86F800A02B78A342E6D1BDE84A
:1004C000F88F00BF60C600205FC600202CC400204B
:1004D0003CC4002018C400201CC4002000B583B018
:1004E00001210DF10700FFF723FF18B19DF8070068
:1004F00003B000BD4FF0FF30FAE700BF084B00B576
:1005000083B01B788DF8070033B101210DF107008E
:10051000FFF7B2FD03B000BD03F0FF0003B000BD64
:1005200066C60020034B1B780BB1FFF7A5BD03F097
:10053000FF00704766C600202DE9F04100240D4EF3
:1005400001230D4DA0460D4F33703B782846A34242
:1005500005D0FFF76BFC030658BF08F500680134AF
:100560002035042CF1D1BFF34F8F00234046337068
:10057000BDE8F08164C600208094002063C600209E
:10058000204B1B7813B1204B1A8802B970471F4BC0
:10059000C2F500621E481F4930B51B7883B01E4C5F
:1005A00000EB431001EBC321012305462370002318
:1005B000CDE90012FFF7FCFBDDE900120A44BFF3AE
:1005C0004F8F4FF0E023C3F8701F20318A42FAD8D2
:1005D000BFF34F8FBFF36F8F04202946FFF700FC56
:1005E0000A49002208480B7802800133DBB2042B51
:1005F00028BF13460B70BFF34F8F074B1A7003B021
:1006000030BD00BF66C6002046C6002063C600207D
:10061000809400208010202064C600202E4B2DE9FD
:10062000F0411E7886B1DFF8C88098F800305BB9D9
:100630000123F10788F8003040D4B20727D4002303
:1006400088F80030730701D4BDE8F081234B1A68A5
:10065000002AF9D0EFF30582002AF5D1EFF31085D7
:1006600072B61868002830D01D4C217800292CD192
:100670000122227042691A60002A2AD0916105B9CC
:1006800062B600258368457798472570DCE7154BEF
:100690001B78002BD3D0144F002557F8044F236844
:1006A00020461B69984710B163699B6898470D4BBA
:1006B00001351A78EBB29A42EFD8C0E7FFF7C8FECF
:1006C0000028BAD0AFF30080B7E7002DBCD162B6E6
:1006D000BAE7064B1A60D2E76AC60020549F002092
:1006E00055C6002056C600201C930020609F0020A5
:1006F00057C6002010B500234FF470440F224FF46A
:10070000806EA0F88C411946A0F88E214FF4604409
:10071000A0F890310A46B0F8883148F2B82C43F07E
:10072000F003A0F8883101EB4103013100EB4313E2
:1007300004299C80A3F806E05A841A865A805A81BC
:10074000A3F80EC05A82DA825A83DA83EBD1B0F86A
:10075000883143F00F03A0F88831B0F8883143F4B2
:100760007063A0F8883110BD374B384A996F38480C
:1007700041F47F0170B5996741F20106D3F880100A
:1007800045F6C05543F226040A43C3F88020FFF71C
:10079000B1FF00F58040FFF7ADFF00F58040FFF7A7
:1007A000A9FF00F58040FFF7A5FF0022A0F5031088
:1007B0004FF00F0E114600EB42134FEA421C01327C
:1007C0009981042A5981A3F80EE09E82DD8020F8E9
:1007D0000C1019829C81EED100221E484FF00F0EA2
:1007E00041F20106114645F6C05543F2260400EBDE
:1007F00042134FEA421C01329981042A5981A3F81D
:100800000EE09E82DD8020F80C1019829C81EED1D2
:10081000002211480F2641F20105114645F6C05449
:1008200043F2260E00EB42134FEA421C013299813B
:10083000042A5981DE819D82DC8020F80C10198207
:10084000A3F80CE0EED170BD00C00F40000003FC27
:1008500000C03D4000001E4000401E4008B5D0E9E9
:1008600000325BB1BAB10F4BA3FB0213DB0803EB01
:100870004303B2EB83030AD1012008BD094BA3FB5C
:100880000213DB0803EB4303B2EB830301D0D21A5C
:100890004260F02AF0D801F045FB1C2203460020FC
:1008A0001A6008BDABAAAAAA30B583B060B30446EB
:1008B00021B11D46B2FA82F35B09A2B9206818B3D0
:1008C00062680AB3164B174902FB03F3B1EBB30F8F
:1008D0001AD3A368FBB9002323606360A360E360BD
:1008E000012003B030BD0193069BC0E90012C36034
:1008F000FFF7B4FF60B1002DF2D062680199206863
:10090000A56001F0EDF9EBE701F00CFB16230360A5
:10091000002003B030BD002101F0E2F9DBE700BFA9
:10092000ABAAAAAA555555150000000010B510EE47
:10093000102AC2F30A53B3F57D7FB7EEC06A84B0C4
:100940001BD226EE067BB3F5667F6CD326EE072B13
:1009500027EE021B714B93ED1A3B93ED185B93ED61
:10096000164BA7EE035BA2EE046BB0EE460BA5EEB2
:10097000010BB7EEC00B04B010BD40F22E418B420C
:1009800059D8664A92ED087B26EE077BFDEEC77BC1
:1009900092ED0A5B17EE903A03F500031B169907D8
:1009A00007EE903A54BF114602F17001DC07B8EE31
:1009B000E77BA7EE456B26EE067B1DD403F0030311
:1009C00002EBC30291ED185B92ED000B91ED1A3B27
:1009D00026EE000BB0EE456B91ED164BA7EE036BC8
:1009E00020EE075B27EE057BA5EE040BA6EE070BBA
:1009F000B7EEC00B04B010BD91ED144B27EE075BB2
:100A000091ED126B91ED0E2BA7EE046B27EE054BCB
:100A100091ED0C0B91ED103BA7EE020BA5EE030B35
:100A2000A6EE040BE4E712F0FF4FE3D1B7EEC77B6D
:100A30008DED037ADEE7B3F5FF6F4CD2C2F383612D
:100A4000374B8DED010A03EB810C53F82110C2F3F3
:100A50001603C2F3C25043F400038340DCF82000C5
:100A6000DCF810C003FB01F1A3FB00E0E3FB0C0189
:100A700001F100539C0F03F04043C91A00F004FA3F
:100A8000019A9FED246B04EBD27241EC170B900797
:100A900054BF224B234B27EE067BE10727EE076B63
:100AA0001ED41E4901EBC20293ED185B93ED1A3B75
:100AB00092ED000B93ED164B27EE000BB0EE457B4D
:100AC00020EE065BA6EE037BA5EE040B26EE056B7F
:100AD000A7EE060B8CE704B0BDE8104000F030B87C
:100AE00093ED144B26EE065B93ED127B93ED0E2BEC
:100AF000A6EE047B26EE054B93ED0C0B93ED103B1D
:100B0000A6EE020BA5EE030BA7EE040B70E700BFE9
:100B1000AFF30080182D4454FB21193C70030020D2
:100B2000587C0020E003002010B582B08DED010A52
:100B3000044601F0F7F99DED010A046002B010BD12
:100B400070EE407AB4EE400A87EEA77AF1EE10FA22
:100B5000B0EE470A02D62120FFF7E6BF704700BF7C
:100B600003460846194600F03DBE00BF81F0004133
:100B700002E000BF83F0004330B54FEA41044FEA82
:100B8000430594EA050F08BF90EA020F1FBF54EA1D
:100B9000000C55EA020C7FEA645C7FEA655C00F0B9
:100BA000E2804FEA5454D4EB5555B8BF6D420CDD8A
:100BB0002C4480EA020281EA030382EA000083EA0D
:100BC000010180EA020281EA0303362D88BF30BDAD
:100BD00011F0004F4FEA01314FF4801C4CEA113103
:100BE00002D0404261EB410113F0004F4FEA033362
:100BF0004CEA133302D0524263EB430394EA050FED
:100C000000F0A780A4F10104D5F1200E0DDB02FA5B
:100C10000EFC22FA05F2801841F1000103FA0EF2EF
:100C2000801843FA05F359410EE0A5F120050EF1B5
:100C3000200E012A03FA0EFC28BF4CF0020C43FAE6
:100C400005F3C01851EBE37101F0004507D54FF0F3
:100C5000000EDCF1000C7EEB00006EEB0101B1F543
:100C6000801F1BD3B1F5001F0CD349085FEA300089
:100C70004FEA3C0C04F101044FEA445212F5800F94
:100C800080F09A80BCF1004F08BF5FEA500C50F131
:100C9000000041EB045141EA050130BD5FEA4C0C14
:100CA000404141EB0101013C28BFB1F5801FE9D271
:100CB00091F0000F04BF01460020B1FA81F308BF94
:100CC0002033A3F10B03B3F120020CDA0C3208DD60
:100CD00002F1140CC2F10C0201FA0CF021FA02F13B
:100CE0000CE002F11402D8BFC2F1200C01FA02F1AB
:100CF00020FA0CFCDCBF41EA0C019040E41AA2BFD0
:100D000001EB0451294330BD6FEA04041F3C1CDA97
:100D10000C340EDC04F11404C4F1200220FA04F0B7
:100D200001FA02F340EA030021FA04F345EA030161
:100D300030BDC4F10C04C4F1200220FA02F001FA23
:100D400004F340EA0300294630BD21FA04F02946A5
:100D500030BD94F0000F83F4801306BF81F480113E
:100D60000134013D4EE77FEA645C18BF7FEA655CB1
:100D700029D094EA050F08BF90EA020F05D054EA83
:100D8000000C04BF1946104630BD91EA030F1EBF88
:100D90000021002030BD5FEA545C05D1400049418C
:100DA00028BF41F0004130BD14F580043CBF01F57F
:100DB000801130BD01F0004545F0FE4141F4700165
:100DC0004FF0000030BD7FEA645C1ABF1946104640
:100DD0007FEA655C1CBF0B46024650EA013406BF41
:100DE00052EA033591EA030F41F4002130BD00BF00
:100DF00090F0000F04BF0021704730B54FF48064BD
:100E000004F132044FF000054FF0000150E700BF3D
:100E100090F0000F04BF0021704730B54FF480649C
:100E200004F1320410F0004548BF40424FF0000189
:100E30003EE700BF42004FEAE2014FEA31014FEACC
:100E400002701FBF12F07F4393F07F4F81F060511B
:100E5000704732F07F4208BF704793F07F4F04BF66
:100E600041F40021704730B54FF4607401F0004543
:100E700021F000411CE700BF50EA010208BF7047A3
:100E800030B54FF000050AE050EA010208BF704794
:100E900030B511F0004502D5404261EB41014FF4FD
:100EA000806404F132045FEA915C3FF4D8AE4FF005
:100EB00003025FEADC0C18BF03325FEADC0C18BFE8
:100EC000033202EBDC02C2F1200300FA03FC20FA39
:100ED00002F001FA03FE40EA0E0021FA02F1144486
:100EE000BDE600BF024B0146186801F023BB00BFFE
:100EF000F08C00202DE9F04F01F10B02162A85B08D
:100F0000804624D8102900F2AB8000F0C9FA0225EF
:100F100018211022B74C2144A1F108004E688642E6
:100F200000F062817268F168B46822F00302324412
:100F3000E1608C60516841F001014046516000F071
:100F4000B5FA06F10804204605B0BDE8F08F32F08E
:100F5000070200F18580914200F28280019200F048
:100F60009FFA019AB2F5FC7FC0F0BA81570A7FD090
:100F7000042F00F27281970907F139052BB207F1AE
:100F8000380CDB009B4C2344A3F108065B689E42AF
:100F900007D10DE00028DF6880F21381BE4207D040
:100FA0003B46596821F00301881A0F28F2DD654697
:100FB000236991498B4200F0F1805E6826F00306B8
:100FC000B11A0F2900F391818B480029C4E904006C
:100FD00080F27981B6F5007F676880F01981F108A9
:100FE00001310FFA81FC76090121B14054F83C002F
:100FF00098600F4304EBCC010839D960676044F86E
:101000003C30C360AB1001269E40BE4236D83E4203
:1010100006D125F0030576003E4205F10405FAD01D
:1010200004EBC50A04EBC507A946F9680EE0486859
:1010300020F0030EAEEB020CBCF10F0F0B46C9689B
:1010400000F31881BCF1000F80F22D818F42EED1A8
:1010500009F1010919F0030F07F10807E5D17FE154
:101060000C23C8F800300024204605B0BDE8F08FFE
:101070004FF4007340254FF03F0C83E7A768796871
:1010800021F0030393429A4603D3991A0F2900F3E0
:1010900087805A495A4E0968103111440820CDE919
:1010A000011200F073FF01994B1E03444542834631
:1010B00030681D40B0F1FF3F18BF294640460191FE
:1010C00000F008FF411C0546DDE9011200F02B810C
:1010D00007EB0A0C844500F224814A4B186800EBA8
:1010E00001090BF1FF3EC3F8009000F089813068E0
:1010F00001301BBFA5EB0C0C09EB0C003560186030
:1011000015F00700814600F04881C0F10800054451
:10111000CDE901236B1803EA0E015844401A00EA96
:101120000E06314640469B4600F0D4FE421CDDE9E7
:10113000012300F09581401B304440F00101186804
:10114000A56000EB0609A7426960C3F8009017D0BC
:10115000BAF10F0F40F25E81AAF10C0121F0070CE9
:10116000796801F0010141EA0C017960052607EB7D
:101170000C01BCF10F0FC1E9016600F263816968DF
:10118000214B1E684E4538BFC3F800901F4B1E68A8
:101190004E4501D2C3F800902F46C6E0676831E79C
:1011A000BD1841F0010142F001027A604046A5609D
:1011B000696000F07BF907F10804204605B0BDE83E
:1011C000F08F9A6801931944D760BA604A6842F078
:1011D000010240464A6000F069F9019B03F10804EE
:1011E000204605B0BDE8F08FCE68B1427FF49AAEDC
:1011F0000235DDE6288200203082002080C10020F8
:10120000DC8C002050C1002078C100207CC100206F
:10121000B6F5206F4FEA56207CD3142800F2D38015
:1012200000F15C0109B25B30C90004EB010C6158AC
:10123000ACF1080C8C4503D1A8E089688C4504D03A
:10124000486820F00300B042F7D8D1F80CC0C3E9D9
:10125000021CCCF80830CB60D4E6142F72D9542F7E
:1012600000F2BA80170B07F16F052BB207F16E0C75
:10127000DB0087E69D1842F001025A609E68864AAC
:10128000F1608E60C4E90455C5E902224CF0010208
:101290006A60404643F80EC0019300F007F9019BD5
:1012A00003F10804E0E69E441C46DEF8043043F0F7
:1012B0000103CEF8043054F8083F4046D9608B60F3
:1012C00000F0F4F8D0E61E4440467268019342F004
:1012D0000102726000F0EAF8019B03F10804C3E622
:1012E000D508691C09B2C90014E69D1842F0010234
:1012F0005A60694A0193C4E90455C5E9022241F0E4
:1013000001026A604046995100F0D0F8019B03F158
:101310000804A9E6B00900F1390109B23830C90062
:1013200083E7A74263D0A768796821F00300904261
:10133000A0EB020102D30F293FF732AF404600F085
:10134000B5F890E607F15C052BB207F15B0CDB000A
:1013500018E6514651F808398B428A4640F09A8087
:1013600015F0030F05F1FF35F3D1636823EA060397
:10137000636076009E423FF681AE1EB97EE676003F
:1013800009F104091E42FAD04D4649E680100126B3
:1013900006FA00F00743676059E7CDE902236B18AE
:1013A00003EA0E01ABEB010606EA0E0631464046A3
:1013B000019300F08FFD431C019B04BF4E4618466D
:1013C000DDE90223B7E6542827D8300B00F16F017E
:1013D00009B26E30C90028E7B7F5AA7F27D8D70B26
:1013E00007F178052BB207F1770CDB00CAE52B4B30
:1013F000186800EB01090BF1FF3EC3F8009076E698
:1014000015EA0E0F7FF473AEA568514441F0010157
:101410006960B5E601236B6090E7B0F5AA7F25D837
:10142000F00B00F1780109B27730C900FDE640F217
:1014300054539F4224D8930C03F17D0503F17C0C97
:10144000EB009FE507F108014046CDE9012301F0DB
:1014500071F8A568029B6968D3F80090019A8FE63D
:10146000A9F108010BEB0100002664E640F254519B
:1014700088420BD8B00C00F17D01C9007C30D4E665
:101480004FF47E737F254FF07E0C7BE54FF47E7129
:101490007E20CAE663686CE73082002050C10020DD
:1014A000014800F06FBD00BF48C10020014800F0B6
:1014B0006BBD00BF48C10020002900F09F802DE9CE
:1014C000F04383B00C4600928046FFF7E9FF009995
:1014D00001F10B03162B60D81023994260D854F801
:1014E00004EC2EF003029A42A4F1080565DAB34831
:1014F000806805EB020C6045DCF8046000F0908029
:1015000026F0010060444068C0076CD426F0030652
:10151000901983424CDD1EF0010F0FD154F8080CD6
:10152000281A0746406820F0030006441644B342D8
:1015300040F3EF801618B34240F3C9804046CDE92E
:101540000023FFF7D7FCDDE900230646002800F062
:10155000178154F8041C21F001012944A0F1080C62
:10156000614500F0AE80043A242A00F2CE80132AAE
:1015700000F29C8003462246116819605168596048
:1015800092689A602146404600F0D4FF4046FFF73B
:101590008DFF304603B0BDE8F08333F007039CD5E0
:1015A0000C23C8F800300026304603B0BDE8F083B5
:1015B0000246DCE90201C16088606968D01A0F2820
:1015C00001F0010105EB02061BD811436960736845
:1015D00043F0010373604046FFF768FF264630463C
:1015E00003B0BDE8F0831EF0010FA7D154F8080C3A
:1015F000281A0746406820F003009BE71146FFF7D2
:1016000079BC19436960E91840F0010048607368CB
:1016100043F0010308317360404600F08BFFDAE7C6
:1016200026F00306B01803F1100C604580F28B80A1
:101630001EF0010F82D154F8080C281A07464068A2
:1016400020F0030006441644B445B1463FF772AF9C
:101650003E46F96856F8080F043A242AC1608860AB
:1016600000F2A580132A40F2A0802168B960616869
:10167000F9601B2A00F2A480083407F110022168E7
:10168000116061685160A1689160F918A9EB0302CB
:101690004A4D42F00102A9604A607A6802F00102F4
:1016A000134340467B60FFF701FF98E72368036020
:1016B000636843601B2A3BD804F1080200F1080369
:1016C0005AE750F8041C21F003010A4475E7043A74
:1016D0003D46F96855F8080F242AC160886020D873
:1016E000132A1CD92168B9606168F9601B2A3DD8AA
:1016F000083407F110022168116061685160A16827
:1017000091602C4632463D4657E7214600F056FA96
:1017100038E7DCE90201043AC1608860D8E72A466C
:10172000E9E721462846009300F048FA009BE8E7E5
:10173000A3688360E368C360242A25D004F1100203
:1017400000F1100318E71D4A1D449560C21A42F0CB
:1017500001026A6054F8042C02F00102134340466F
:1017600044F8043CFFF7A2FE264638E7A168396139
:10177000E1687961242A10D0103407F11802BAE721
:101780004046FFF793FE0EE72369036161694161FB
:1017900004F1180200F11803EEE62269BA616269E9
:1017A000FA61183407F12002A5E7324667E72146BF
:1017B0003046009300F002FA009B66E72882002082
:1017C000A1683961E1687961242A03D0103407F1F6
:1017D000180254E72269BA616269FA61183407F1A4
:1017E00020024CE713460A460146022000F00ABEDA
:1017F000024A0349034800F0C9B800BFE48C002046
:10180000ED630200308600200C4B4168994210B510
:10181000044601D003F000FCA168094B994202D0B4
:10182000204603F0F9FBE168064B994204D02046BC
:10183000BDE8104003F0F0BB10BD00BF84C1002024
:10184000ECC1002054C200202DE9F843314A324C4B
:101850003249DFF8DC90DFF8DC80314F1160002581
:1018600004232946082204F15C00C4E903352D4E07
:10187000A560C4E90055C4E90555656600F030FA75
:1018800004F15800C4E90749C4E90987E66200F099
:1018900075FB2946244B6367082204F1C400C4E9A0
:1018A0001A55C4E91E552567C4F8CC50C4F88050B9
:1018B00000F016FA04F1680304F1C000C4F88430A3
:1018C000C4E92298C4E9247600F058FB174BC4F809
:1018D000DC30294604F596700822C4E93455C4E981
:1018E0003855C4F8D850C4F83451C4F8E85000F062
:1018F000F7F904F1D003C4E93D87C4F8F09004F58A
:101900009470C4F8FC60C4F8EC30BDE8F84300F013
:1019100035BB00BFBCC2002084C10020C52B020023
:10192000092E02002D2E0200090001001200020003
:10193000A52D0200C92D020010B504460A4800F08A
:1019400021FB636B23B9094B094A1B68626323B10E
:10195000BDE81040044800F017BBFFF775FFBDE875
:101960001040014800F010BB4CC10020BCC2002058
:10197000DD2B0200014800F005BB00BF4CC1002078
:10198000014800F001BB00BF4CC100202DE9F84325
:101990000746884616464FF000097568013D11D488
:1019A000B468A389012B08D9B4F90E30013321465C
:1019B000384602D0C04749EA0009013D6B1C04F1DA
:1019C0006804EED13668002EE7D14846BDE8F883BA
:1019D00010B50C46B1F90E1000F066FA002803DBD2
:1019E000236D0344236510BDA38923F48053A38191
:1019F00010BD00BF2DE9F0411F46B1F90C3016466D
:101A0000DA050C4605460BD423F48053A381B4F9C0
:101A10000E103B4632462846BDE8F04100F06CBA55
:101A20000223B1F90E10002200F028FAB4F90C30AC
:101A3000EAE700BF10B50C46B1F90E1000F01EFA2F
:101A4000B4F90C30421C0EBF23F4805343F480538E
:101A50002065A38110BD00BFB1F90E1000F0FCB9E4
:101A600070B5ADF5067D0E46009313464FF4007237
:101A7000059206A905AA054600F028F898B1024685
:101A8000059B03903146284600F036FA039A0590EC
:101A900006AB9A4204D02846114600F04BFD05984B
:101AA0000DF5067D70BD4FF0FF30F9E700B5DFF8AA
:101AB00018E084461346DEF800005DF804EB0A46A1
:101AC0006146FFF7CDBF00BFF08C002010B59AB083
:101AD00021B1D2F800C0BCF1000F1CD100214FF49D
:101AE000227CADF80CC01991009104914FF6FF7C57
:101AF00002910591144669461A461C9BADF80EC02A
:101B000001F03CFA002814DB009B206000221A70D0
:101B100004981AB010BD0091049161464FF4C16C55
:101B2000ADF80CC04FF0000CCDF864C0DEDA8B23AA
:101B3000036000201AB010BD032A11D8002A3BD040
:101B4000013A431E0139024401E09A4234D013F8AD
:101B5000010F11F801CF6045F7D0A0EB0C007047E2
:101B600010B541EA0004A40784460B460FD0013AA1
:101B7000431E0139024401E09A421BD013F8010FC1
:101B800011F801CF6045F7D0A0EB0C0010BDDCF8D8
:101B90000040D3F800E074451946604603F10403A1
:101BA0000CF1040CE3D1043A032AF0D8604619463C
:101BB000002ADCD1002010BD00207047884270B59B
:101BC00031D98B1883422ED9032A00EB02011DD98B
:101BD00041EA030C1CF0030F1D4618D14FEA920C8A
:101BE0000CF1FF36A1EB8C048C4653F804ED4CF855
:101BF00004EDA445F9D1C6EB867301EB830105EB37
:101C0000830CACF10403043902F0030252B102F177
:101C1000FF3C6FEA0C0C9C4413F8012D01F8012DD8
:101C20006345F9D170BD032A50D941EA00039B07EF
:101C30004ED10F2A51D922F00F0301F1100601F104
:101C4000100C103B203100F1100E19445CF8104CC0
:101C50004EF8104C5CF80C4C4EF80C4C5CF8084CF0
:101C60004EF8084C5CF8044C4EF8044C0CF1100C87
:101C70008C450EF1100EE9D1F11812F00C0F03444F
:101C800002F00F0503F1100325D025F0030CACF191
:101C9000040426461A1F1C198C465CF804EB42F813
:101CA00004EFA242F9D1043104333144334405F046
:101CB0000302002AB6D0013A0132013B0A4411F86E
:101CC00001CB03F801CF9142F9D170BD0346F0E793
:101CD000013A0346F0E72A46EBE703461546D4E708
:101CE00030B584078646034606D0A2B303F8011B2D
:101CF000980702F1FF32F8D1032A26D95FFA81FC56
:101D00000CEB0C2C0F2A0CEB0C402AD922F00F0CF8
:101D10009C44C3E90000C3E9020010336345F8D1D5
:101D200012F00C0F02F00F0417D04FEA940C0CF1D4
:101D3000FF351A4603EB8C0C42F8040B6245FBD1CD
:101D4000043304F0030203EB850322B11A4403F8C1
:101D5000011B9A42FBD1704630BD2246002AF5D1C4
:101D6000F9E71446E1E700BF8AB340EA01039B07A5
:101D700030B504468E4618D1032A07D815E0043A38
:101D800023D01CF0803F20D1032A26D92368DEF817
:101D90000050A3F10131AB4221EA030C2046714609
:101DA00004F104040EF1040EE9D003780C78A34288
:101DB0000FD1013A024406E06BB110F8013F11F86F
:101DC000014FA34205D19042F6D1002030BD10460C
:101DD0007047181B30BD184630BD20467146E4E7F9
:101DE00010B504460843830701D1032A19D8A44635
:101DF00001F1FF3E07E01EF8011F03F8011B501E12
:101E000031B19C4602466346002AF4D1204610BDFB
:101E100094440028FAD003F8011B6345FBD1204607
:101E200010BD0B46A44618681946A0F1013323EAF9
:101E3000000313F0803F01F10403D9D1043A032ACF
:101E40004CF8040BEFD81946D2E700BF014B93F8CA
:101E500010027047888A002038B5074C00230546D9
:101E600008462360FDF71AFB431C00D038BD2368E9
:101E7000002BFBD02B6038BD08C3002038B58C4642
:101E8000084C114605461A46604600232360FDF7BC
:101E900011FB431C00D038BD2368002BFBD02B6006
:101EA00038BD00BF08C3002038B58C46084C114629
:101EB00005461A46604600232360FDF7EDFA431CF1
:101EC00000D038BD2368002BFBD02B6038BD00BF8D
:101ED00008C3002038B5074C002305460846236098
:101EE000FDF7C2FA431C00D038BD2368002BFBD09D
:101EF0002B6038BD08C3002038B58C46084C11460D
:101F000005461A46604600232360FCF757FB431C36
:101F100000D038BD2368002BFBD02B6038BD00BF3C
:101F200008C30020014B1868704700BFF08C0020E8
:101F300070B50E4E0E4DAE4208D0761BB610002482
:101F400055F8043B01349847A642F9D8094E0A4D8A
:101F500005F01CFFAE4208D0761BB610002455F8E1
:101F6000043B01349847A642F9D870BD701F006049
:101F7000701F0060981F0060701F0060704700BFF6
:101F8000704700BF704700BF704700BF082802D1EC
:101F90004FF48050704708B5FFF7C4FF1623036065
:101FA0004FF0FF3008BD00BF0000000002780B7842
:101FB000012A28BF9A4240F0D8806DE9044540EAE2
:101FC0000104CDE902676FF0000C4FEA44721AB3C6
:101FD00080EA010414F0070F6BD100F0070420F031
:101FE000070004F0030521F007014FEAC505F0E8FA
:101FF000042314F0040FF1E804670CFA05F462EA14
:10200000040266EA04060BD063EA0403624667EA48
:102010000407664604E000BFF0E80423F1E8046723
:1020200082FA4CF582EA0604A4FA8CF46CBB83FABB
:102030004CF583EA0705A5FA8CF595B950E902231A
:1020400051E9026782FA4CF582EA0604A4FA8CF49C
:1020500083FA4CF583EA0705A5FA8CF52543DBD016
:102060009CB92DBAB5FA85F424F0070427FA04F1D7
:10207000DDE9026723FA04F303F0FF0001F0FF013A
:10208000FDE80445A0EB0100704724BAB4FA84F4DB
:1020900024F0070426FA04F1DDE9026722FA04F2CB
:1020A00002F0FF0001F0FF01FDE80445A0EB010094
:1020B000704714F0030F3CD110F0030428D150F8FE
:1020C000082B51F8083B82FA4CF582EA0305A5FA81
:1020D0008CF55DB950F8042C51F8043C82FA4CF5AB
:1020E00082EA0305A5FA8CF5002DE8D02DBAB5FAE1
:1020F00085F424F0070423FA04F122FA04F202F032
:10210000FF0001F0FF01FDE80445A0EB010070476E
:102110004FEAC40420F0030050F8082B21F003011B
:1021200051F8083B0CFA04F462EA040263EA04037F
:10213000C9E710F003041DD0A1EB040120F0030057
:10214000E40750F8042B06D012D28B785FFAA2F481
:10215000E41A06D12BB1CB785FFAB2F4E41A00D1BD
:1021600033B920465DF8104B7047A2EB030070476F
:1021700001F1040150F8042BCC0721F0030151F8C0
:10218000043B48D824D222F07F4482FA4CF594EAEA
:102190001325A5FA8CF50AD165B951F8043B84EAF8
:1021A0000204B4EB036F0ED150F8042BEBE74FEAB7
:1021B000132355E035F07F454DD10878FDE80445FF
:1021C000C0F1000070474FEA126203F0FF0347E0DE
:1021D00002EA1C4482FA4CF594EA1345A5FA8CF500
:1021E0000AD165B951F8043B84EA0204B4EB034F09
:1021F0000CD150F8042BEBE74FEA134330E015EA1B
:102200001C4528D10B884FEA124229E04FEA1242BE
:1022100003EA1C4324E002F0FF0482FA4CF594EA3E
:102220001365A5FA8CF50AD165B951F8043B84EA27
:102230000204B4EB032F09D150F8042BEBE74FEA6B
:1022400013630DE015F0FF0F05D10B684FEA122262
:1022500023F07F4304E04FF00000FDE804457047A1
:1022600012BA1BBA82FA4CF482EA0304A4FA8CF57F
:10227000B5FA85F402FA04F203FA04F34FEA1260A5
:10228000FDE80445A0EB1360704700BF01F0FF01BB
:10229000102A2BDB10F0070F08D010F8013B013A91
:1022A0008B422DD010F0070F42B3F6D1F0B441EAC3
:1022B000012141EA014122F007047FF000070023D9
:1022C000F0E80256083C85EA010586EA010685FA2F
:1022D00047F5A3FA87F586FA47F6A5FA87F68EB989
:1022E000EED1F0BC01F0FF0102F0070232B110F8AC
:1022F000013B013A83EA010313B1F8D10020704792
:1023000001387047002D06BF35460338073815F0F1
:10231000010F07D1013015F4807F02BF013015F4A1
:10232000C03F0130F0BC0138704700BF30B490F8B6
:1023300000F020F007016FF0000C10F0070491F896
:1023400020F040F048804FF000046FF00700D1E922
:10235000002391F840F000F1080082FA4CF2A4FA50
:102360008CF283FA4CF3A2FA8CF34BBBD1E9022333
:1023700082FA4CF200F10800A4FA8CF283FA4CF3D2
:10238000A2FA8CF3E3B9D1E9042382FA4CF200F10A
:102390000800A4FA8CF283FA4CF3A2FA8CF37BB90E
:1023A000D1E9062301F1200182FA4CF200F1080084
:1023B000A4FA8CF283FA4CF3A2FA8CF3002BC6D069
:1023C000002A04BF04301A4612BAB2FA82F200EBB5
:1023D000D20030BC7047D1E9002304F00305C4F1FA
:1023E00000004FEAC50514F0040F91F840F00CFA14
:1023F00005F562EA05021CBF63EA050362464FF079
:102400000004AAE7F0B51D4C83B005462068019191
:1024100016461F46FFF7B6FD194A0199136823B304
:102420005A6820681F2A23DC4DB9541C02325C60B4
:1024300043F82210FFF7A8FD002003B0F0BD03EB26
:10244000820E0124CEF88860D3F88861944046EA71
:10245000040C022DC3F888C1CEF80871E5D1D3F879
:102460008C512543C3F88C51DFE7064B1360D7E747
:10247000FFF78AFD4FF0FF30DFE700BF7C8A0020C6
:10248000B0BF0020B4BF0020F8B5064608200C46B7
:10249000FFF77CFD07463046FFF702F8224A9368B3
:1024A0005D6825F00305A5F111031C1B3C44B4FB3A
:1024B000F7F4013C07FB04F4A74208DC0021304696
:1024C000FFF708FD184A93682B44984204D0304621
:1024D000FEF7ECFF0020F8BD61423046FFF7FAFC42
:1024E0000130114A0DD0114993682D1B45F00105AB
:1024F0005D600B6830461B1B0B60FEF7D7FF0120A9
:10250000F8BD00213046FFF7E5FC074A9268831AC0
:102510000F2BDCDD43F001035360054B03491B68BF
:10252000C01A0860D3E700BF2882002050C10020F5
:10253000DC8C0020002965D02DE9F0410C460746CF
:10254000FEF7AEFF54F804EC7D49A4F1080C2EF020
:1025500001030CEB03028D685068954220F00300E4
:102560000EF0010600F08B80151850606D6805F0C4
:102570000105A846AEBB54F8084CACEB040C234450
:10258000DCF8084001F1080E74456BD0DCF80C5003
:10259000E560AC60B8F1000F00F08C8043F0010002
:1025A000CCF804001360B3F5007F35D2DA08486830
:1025B0005C090132012312B2A34003434B6051F87E
:1025C0003200CCF8080001EBC203083BCCF80C3019
:1025D00041F832C0C0F80CC03846BDE8F041FEF703
:1025E00065BF85B9034401F1080E9068704543F05A
:1025F00001047AD0D268C2609060CCF804404CF8F4
:102600000330D0E770474EF00102B3F5007F44F885
:10261000042C4CF80330C9D3B3F5206F4FEA532094
:102620004AD2980900F1390212B200F13804D200FE
:1026300088188A580838904203D15FE09268904227
:1026400004D0516821F003019942F7D8D068CCE951
:102650000220C0F808C03846C2F80CC0BDE8F041FE
:10266000FEF724BFA5BB1844D2E90223D3609A60C9
:1026700040F00103CCF804304CF80000ACE71844FB
:1026800046B954F8083CACEB030C1844DCE90223CF
:10269000D3609A6040F00103CCF80430294BC1F8B4
:1026A00008C01B68834297D8274B38461968FFF744
:1026B000EBFE91E7034498E714280FD9542824D857
:1026C000180B00F16F0212B200F16E04D200AFE7F6
:1026D00043F00101CCF8041013607DE700F15C02C7
:1026E00012B200F15B04D200A2E7C1E904CCCCE94C
:1026F00002EECCF804404CF803306DE7A41001233F
:10270000A3404C6823434B60A1E7B0F5AA7F07D8EC
:10271000D80B00F1780212B200F17704D20087E7FB
:1027200040F25452904206D8980C00F17D0200F11C
:102730007C04D2007CE74FF47E727E2478E700BFF1
:1027400028820020E08C002080C1002082B049B1A6
:102750005AB16BB113780B601278101E18BF0120AC
:1027600002B0704701A9002AF3D1104602B07047A9
:102770006FF00100F4E700BF30B5436C83B005464D
:102780000C4653B153F8240088B1026843F8242062
:102790000023C0E9033303B030BD2122042102F03D
:1027A000D9FD034668640028ECD10020F3E701213D
:1027B00001FA04F35A1D92002846019302F0CAFD63
:1027C0000028F2D0019B44608360E1E731B1436CA3
:1027D0004A6853F82200086043F82210704700BF8F
:1027E0002DE9F0410E6917460D461C4601F1140211
:1027F0004FF0000E11688BB207FB03434FEA134CF6
:10280000090C07FB01CC0EF1010E9BB203EB0C434C
:10281000764542F8043B4FEA1C44EBDC3CB1AB6824
:10282000B34207DD05EB860301365C612E61284665
:10283000BDE8F081696801318046FFF79DFF0746DA
:10284000B0B12A69023205F10C0192000C30FCF79C
:1028500041FCD8F844306A6853F82210296043F8E4
:1028600022503D4605EB860301365C612E61DEE7B2
:10287000024B03483A46BA2102F04CFD481B0020A7
:102880005C1B0020B0F5803F034636BF03040020E8
:102890001020B3F1807F3CBF1B020830B3F1805F92
:1028A00006D3B3F1804F0FD29A0012D40330704791
:1028B0001A01B2F1804F00F1040006D29B0108D446
:1028C0005B00F3D4202070471A46002AFBDB01305E
:1028D00070470230704700BF0368590708D0DA0715
:1028E0001FD499072AD55B08036001221046704760
:1028F0009AB282B91B0CDAB2B2B11022190701D117
:1029000004321B09990714D0D90701D401325B089E
:10291000036010467047DAB24AB11A0717D1042291
:10292000EFE700221046704718221B0AE6E708224C
:10293000FBE7590707D502329B08E9E79B0802220B
:10294000036010467047DB0804D12022CEE7DB0885
:102950000322DDE70332DBE738B5436C04460D465E
:102960004BB15868B0B102685A6000220123C0E937
:102970000323456138BD2122042102F0EBFC03460C
:1029800060640028EDD1094B0948002240F245114E
:1029900002F0C0FC1C220121204602F0DBFC0028D2
:1029A000F1D001220223C0E90123DEE7481B002009
:1029B0005C1B00202DE9F04F0F691569AF4285B00F
:1029C0000E46904605DB2A4643463D468846174656
:1029D0001E46D8F80830D8F80410EC19A342B8BF46
:1029E0000131FFF7C9FE8446002800F09C801430B6
:1029F00000EB840E704505D20346002143F8041B0A
:102A00009E45FBD8143606EB870296427CD208F12D
:102A1000140707EB8505A5EB080308F11508A84581
:102A2000A3F11503CDE902E44FEA930A8CBF002419
:102A300001249146E34605E0090C34D1B14500F18B
:102A400004005ED956F8041B8AB2002AF4D0CDE9FE
:102A50000090B8468646002358F8041BDEF80000B4
:102A60001FFA81F94FEA114C81B202FB0911000CE7
:102A7000194402FB0C0000EB114089B241EA00410D
:102A800045454EF8041B4FEA1043E5D8DDE90090B8
:102A9000002C4FEA8A0208BF00220244536056F815
:102AA000041C090CCAD00368CDF800908846BC46C7
:102AB000864600221946BCF8009008FB092909EB5C
:102AC00011499BB243EA09434EF8043B5CF8043BCE
:102AD000DEF800101B0C8AB208FB032303EB19433A
:102AE00065454FEA1342E6D8002C4FEA8A02DDF82A
:102AF000009008BF00220244B145536000F1040079
:102B0000A0D8DDE902E4DC46002C02DC05E0013C53
:102B100003D05EF8043D002BF9D06046CCF810409D
:102B200005B0BDE8F08F034B034862464FF4B17126
:102B300002F0F0FB481B00205C1B0020F8B512F0EF
:102B40000303144607462FD10E46A4102AD03D6C2D
:102B5000002D32D004F0010364103BB92868B8B1ED
:102B6000054604F001036410002BF7D02A463146D5
:102B70003846FFF71FFF36B17B6C716853F8212090
:102B8000326043F8216074B1064628680028E7D116
:102B90002A4629463846FFF70DFF002328600360C8
:102BA0000546DEE73046F8BD013B0F4A52F82320C8
:102BB0000023FFF715FE0646C7E701213846FFF759
:102BC000DBFD054640B1012340F27122C0E9043229
:102BD000002338640360BDE7044B05482A4640F2F1
:102BE000451102F097FB00BF4C810020481B0020DC
:102BF0005C1B00202DE9F0470D4691462E69AB681D
:102C0000496806EB6216741C9C4207464FEA62183C
:102C100004DD5B009C4201F10101FADC3846FFF75C
:102C2000ABFD844600284FD0B8F1000F00F114002E
:102C30000BDD08F105010CEB81010346002243F88E
:102C4000042B8B42FBD100EB8800296905F11403AA
:102C500019F01F0803EB810E2ED0C8F1200902469F
:102C60004FF0000A196801FA08F141EA0A0142F836
:102C7000041B53F8041B9E4521FA09FAF2D8AEEB67
:102C80000503153B23F0030305F11502964538BFF4
:102C90000023043340F803A0BAF1000F00D13446FA
:102CA0007B6C6A68CCF8104053F8221029606046AB
:102CB00043F82250BDE8F087043853F8042B40F85D
:102CC000042F9E45F9D8EAE7034B044862464FF4C7
:102CD000EF7102F01FFB00BF481B00205C1B0020AF
:102CE00003690A6900B5B3EB020E12D100F1140CAE
:102CF00014310CEB820301EB820101E09C4508D208
:102D000053F8040D51F8042D9042F7D003D24FF040
:102D1000FF3E704600BD4FF0010E704600BD00BF83
:102D20002DE9F04F17460A693B69A2EB0308B8F199
:102D3000000F83B00C4615D1143107F1140505EBD3
:102D4000830501EB830302E0994280F0858053F80C
:102D5000046D55F8042D9642F6D080F08A804FF02D
:102D6000010805E0FBDB3B464FF000080F461C4620
:102D70007968FFF701FD002800F086803A6926692E
:102D8000C0F80C8007F1100107F11408834600F128
:102D9000140704F1140008EB820E944600EB86063B
:102DA0000023B946C2460A46019450F8041B52F863
:102DB000045F8CB21FFA85F8A8EB0408090C98444C
:102DC000C1EB154101EB28411FFA88F848EA01449C
:102DD000864249F8044B4FEA2143E6D8A146019CBC
:102DE000301B1538153420F00300A64238BF0020F0
:102DF0000AEB00010431C4198E4562460846DC46E0
:102E000098BF23461AD9A7EB0A070434C61950F80D
:102E1000045B13FA85F82B442D0C05EB28459BB277
:102E200043EA05498645C6F800904FEA2543EDD8A8
:102E30000EF1FF335B1A23F003032344B9F1000FB3
:102E400004D153F8041D013A0029FAD06046CCF8A9
:102E5000102003B0BDE8F08F0021FFF78DFC844601
:102E600058B101220023C0E90423604603B0BDE845
:102E7000F08F3B4627461C467AE7074B07486246D9
:102E800040F2372102F046FA0246034B034840F273
:102E9000452102F03FFA00BF481B00205C1B0020C8
:102EA0002DE9F043894683B0012157EC106B904621
:102EB000FFF762FC0446002846D0C7F30A55C7F363
:102EC00013030DB143F480130193331E15D101A8F0
:102ED000FFF702FD019B636101212030216115B3E1
:102EE000A5F233450544C0F13500C9F80050C8F8D3
:102EF0000000204603B0BDE8F08368460093FFF76A
:102F0000EBFCDDE9002328B1C0F1200103FA01F157
:102F10000A43C340002B0CBF012102216261A3615F
:102F20002161002DDCD104EB8103A0F23240C9F80D
:102F300000001869FFF7A6FCC0EB4110C8F80000BC
:102F4000204603B0BDE8F083034B0448224640F21C
:102F50000F3102F0DFF900BF481B00205C1B00208E
:102F600049B1FF2A02D80A70012070478A23036002
:102F70004FF0FF3070470846704700BF2DE9F04F13
:102F80002DED028BD1B00C460791904609938246F5
:102F900002F076F9036811931846FFF7C7F9082283
:102FA0001090002120A8FEF79BFEA389180603D5E8
:102FB0002369002B01F06E8000239FED728BCDE919
:102FC0002533CDE9143327AA0D9324921746129383
:102FD0001393059345462C466C4BD3F8CC61FEF712
:102FE00035FF20AA034600921AA922465046B04750
:102FF000002800F09880C0F28E801A9A252A034695
:1030000001D01C44E8E7B4EB0508064640F08F8089
:1030100000234FF0FF328DF85F309B46069301345A
:103020002378049201349946A9F120035A2B00F227
:10303000AF80DFE813F0FE02AD00AD00FA02AD0094
:10304000AD00AD00DD02AD00AD00A802B702AD00DD
:10305000B302C002AD00BC025B005B005B005B0022
:103060005B005B005B005B005B00AD00AD00AD0092
:10307000AD00AD00AD00AD002101AD009C01AC0381
:10308000210121012101AD00AD00AD00AD00A8037B
:10309000AD00AD000803AD00AD00AD007302AD00A2
:1030A0006103AD00AD009807AD00AD00AD00AD000F
:1030B000AD00AD00AD00AD002101AD009C01870168
:1030C000210121012101ED0387016C00AD000804FD
:1030D000AD00F8033D0413046C00AD0073026A00F8
:1030E0008303AD00AD00FB07AD006A00A9F130031A
:1030F000002214F8019B02EB820203EB4202A9F1C9
:103100003003092BF5D906928EE723788AE72378D6
:103110004BF0200B86E70822002120A8FEF7E0FDF7
:1031200001231C4458E7B4EB0508064610D0259946
:10313000269B013143440729C7E90058269325916E
:1031400017DC0837059B43440593002E7FF460AFDE
:10315000269B002B41F00383079B9B8903F04003D0
:10316000002B41F0CF86059851B0BDEC028BBDE835
:10317000F08F079924AA504601F022FF0028EBD1D6
:1031800027AFDFE70000000000000000888A002071
:10319000B9F1000FDCD00023CDE90B3301228DF80B
:1031A000DC908DF85F3008930A9204930E9337AD4C
:1031B0000292269A1BF08403904600F005819DF848
:1031C0005F1009B3DDF894C000260CF10101012065
:1031D0000132786007290DF15F00CDE925123860D2
:1031E00000F33E8408377EB1DDF894C00CF1010194
:1031F00018A80232386007294FF00200CDE92512E5
:10320000786000F320840837802B00F06583049BEE
:103210000A995E1A002E00F3E8801BF4807F40F0CC
:1032200021810A9B7B601A44259B3D600133072B5B
:103230002692259300F3BC8308371BF0040F05D0BA
:10324000069B02995D1A002D00F31884DDE9053113
:1032500002988142ACBF5B181B180593002A40F00E
:10326000778300232593089B1BB108995046FFF7ED
:1032700061F927AF2546AEE6099B073323F0070324
:10328000B3EC028B9FEDA17BB0EEC86BB4EE476B45
:10329000F1EE10FA099300F33986B4EE488BF1EEA3
:1032A00010FA81F14685B9F1610F01F07A83B9F125
:1032B000410F01F07084049B013301F07F82B9F16A
:1032C000670F18EE903A4BF4807801F0F584B9F16D
:1032D000470F01F0F1840023089318EE903A002B79
:1032E000C1F20885B0EE487B0026A9F14103252BE9
:1032F00001F2DD81DFE813F0A50CDB09DB09DB0956
:10330000700ADD0ADB09DB09DB09DB09DB09DB0904
:10331000DB09DB09DB09DB09DB09DB09DB09DB098D
:10332000DB09DB09DB09DB09DB09DB09DB09DB097D
:10333000DB09DB09DB09DB09A50CDB09DB09DB09A0
:10334000700ADD0A1BF0200F40F0DE85099A1BF0A1
:10335000100F52F8046B41F01C861BF0400F0992CD
:1033600001F08E8046F3C038434636B21FE2B9F111
:10337000430F03D01BF0100F00F0658608220021D8
:1033800022A8FEF7ADFC099A37AD126822AB294698
:10339000504602F0C5FF0A90013001F0AE850A9B4D
:1033A00023EAE3730293099B269A043309930023CB
:1033B000CDE90B338DF85F30089304930E931BF027
:1033C000840390467FF4FBAE0699029E8E1B002E6E
:1033D00000F321849DF85F1000297FF4F3AE049B75
:1033E0000A995E1A002E7FF718AF4A49259B0F9164
:1033F000102E27DD39464FF0100837462E46254659
:10340000079C04E0103F102F01F1080116DD013385
:1034100040481032072BC1E90008CDE92532F1DD23
:1034200024AA2146504601F0CBFD002840F09882A6
:10343000103F102FDDE9253227A9E8DC2C46354660
:103440003E460F4601330F9939603244072BCDE9D0
:1034500025327E6000F364841BF4807F07F1080747
:103460003FF4DFAEB9F1650F40F3AC82B5EE408BAF
:10347000F1EE10FA40F05283259B27493960013361
:1034800001320121072B26922593796000F37F8773
:103490000837199B0D998B4280F2EB84109B119990
:1034A0001A44C7E90013259B26920133072B259365
:1034B00000F3D38508370D9B5D1E002D7FF7BDAE51
:1034C0001449259B0F91102D40F39787A146DDF8F5
:1034D0001C8010260C4604E00837103D102D40F3E8
:1034E0008B8701331032072BC7E90046CDE925321F
:1034F000F2DD24AA4146504601F062FD002840F06A
:103500002F82DDE9253227AFE7E700BFFFFFFFFF8E
:10351000FFFFEF7F08820020F81B0020DDF82480E9
:1035200058F8045B00238DF85F30002D00F0A18572
:10353000B9F1530F00F037871BF010030B9340F0E5
:103540003287049B002BC1F2FC801A460B99284657
:10355000FEF79CFE9DF85F300890002801F048843B
:10356000089A521B0A9222EAE27202920BB10132CD
:1035700002920B9BCDF8248004930E930C93089336
:103580004FF0730915E6099B53F8042B0692002AA5
:1035900080F27584069A09935242069223784BF082
:1035A000040B3FE52B238DF85F3023783AE5237831
:1035B0004BF0800B36E5214611F8019BB9F12A0F3B
:1035C00001F09084A9F13003092B98BF002201F289
:1035D000DD8211F8019B02EB820203EB4202A9F1AA
:1035E0003003092BF5D942EAE27304930C461BE53C
:1035F000504601F045FE436813931846FEF796FEC9
:1036000015900646504601F03BFE826823781492DE
:10361000002E3FF407AD002A3FF404AD1278002AD3
:103620003FF400AD4BF4806BFCE423784BF0010BCE
:10363000F8E49DF85F202378002A7FF4F3AC202281
:103640008DF85F20EEE41BF0200F4BF0100000F02F
:103650002884099B073323F007031A46596852F858
:10366000083B099200228DF85F20049A002A18DB9B
:1036700053EA010220F4906B15D1049A9AB910F024
:1036800001031A46029300F0738630238DF83F3110
:10369000049B0A92CDE90B330E9308930DF23F156C
:1036A00087E520F4806B50AD03F00702DB0843EAA6
:1036B0004173C908303253EA0106284605F8012D46
:1036C000F2D11BF0010F00F01582302A00F01282B7
:1036D0003023049905F8013C023850AB1B1A99427B
:1036E0004FF00002B8BF1946CDE90B2208920A93A9
:1036F000054602910E925CE51BF0200F4BF0100185
:1037000021D1099B1A1D099B04981B684FF00008E2
:1037100040458DF85F801E4659DB21F0800B002B61
:1037200040F08C850992002840F0E983CDE90B0038
:103730000A900E900290089050AD3AE51BF0200FD1
:1037400000F0BE835946099B073323F0070200238C
:103750008DF85F30049BD2F8048052F8086B099210
:10376000002B35DB56EA080321F0800B31D1049B96
:10377000002B40F0C483CDE90B330A930E930293E0
:10378000089350AD15E523784BF0080B4AE41BF085
:10379000200F4BF0100300F07A83099A073222F0D1
:1037A00007029B46536852F8086B09929846002B13
:1037B000C0F2C282049A002A0BDB56EA08032BF0FF
:1037C000800B06D1002A00F04187302607E00992DD
:1037D0008B460A2E78F1000380F0BF823036049ABF
:1037E0009DF85F308DF83F61012AB8BF0122029237
:1037F00001220A920DF23F15002B01F06D83029B0E
:10380000013302930023CDE90B3308930E93D0E4E8
:103810002378682B03BF63784BF4007B01344BF0B3
:10382000400BFFF7FFBB099A1BF0200F02F10403C6
:1038300000F08883126805991160C91751600993D7
:103840002546FFF7C8BB23786C2B03BF63784BF08A
:10385000200B01344BF0100BFFF7E4BB099A049ED8
:1038600052F8041B002047F630038642ADF8603062
:103870008DF85F000B46C0F2DB832BF0800545F02E
:10388000020B002940F0D683002E00F0E686099254
:1038900030230122CDE90A210E918DF83F310296A5
:1038A0000DF23F154FF078098E4608910C91A5E373
:1038B0001BF0200F40F02583099A1BF0100F52F8DF
:1038C000043B41F05E831BF0400F00F0E9859BB2A2
:1038D000099258460021C5E6069B02995E1A002E01
:1038E0007FF795AC8B49259B0F91102E24DD384630
:1038F0004FF010082F4619462546864C04E0103E2E
:10390000102E00F1080013DD013110320729C0E943
:103910000048CDE92512F2DD079924AA504601F0AE
:103920004FFBE8B9103E102EDDE9251227A8EBDC8D
:103930002C460B463D46074601330F993960324409
:10394000072BCDE925327E6000F3638508375EE4FE
:10395000079924AA504601F033FB00283FF481ACBC
:10396000089B002B3FF4F8AB08995046FEF7E2FDA8
:10397000079B9B8903F04003FFF7F2BB109B119953
:103980001A44C7E90013259B26920133072B259380
:1039900000F3068707F108010028C1F21E810D9887
:1039A0000D6001330244072BCDE92532486046DD26
:1039B000079924AA504601F003FB0028D0D1269A8B
:1039C00027AF3AE40D98259B012802F1010203F18B
:1039D000010307F1080140F364810120072BCDE9C1
:1039E00025323D60786000F32C821098119E0133DF
:1039F0000244072BC1E90060CDE9253200F32D8296
:103A000008310D98B5EE408BF1EE10FA00F1FF365B
:103A100000F05F81013301353244072BCDE92532B7
:103A20000D604E6000F349810831129848600133FF
:103A30000244072B1CA8CDE925320860B8DC01F14F
:103A40000807FFF7FABB07990F9324AA504601F025
:103A5000B7FA002884D1269A0F9B27AFFFF7D4BB73
:103A600007990F9324AA504601F0AAFA00287FF480
:103A700077AF269A0F9B27AFFFF7B5BB102D259B7D
:103A800041F3D580A046DDF81C90234C102604E0BD
:103A9000103D102D07F1080715DD01331032072BFB
:103AA000C7E90046CDE92532F2DD24AA4946504651
:103AB00001F086FA00287FF453AF103D102DDDE9A8
:103AC000253227AFE9DC21464446884601332A44A3
:103AD000072BC7E90085CDE925327FF7B7AB0799FA
:103AE00024AA504601F06CFA00287FF439AF269AD8
:103AF000FFF7ACBB049950AA521B91424FF0000350
:103B0000B8BF1146CDE90B3308930A9202910E9388
:103B1000FFF74FBB08820020BC7D002019980028C9
:103B200040F300840B9B0D998B42A8BF0B46002BE2
:103B300098460ADD1A44C7E90053259B26920133B3
:103B4000072B259300F3B48708370B9EB8F1000FBD
:103B5000A8BFA6EB0806002E00F3AB820B9B1BF45C
:103B6000806F03EB050940F0CA82199B0D998B42C7
:103B700003DB1BF0010F00F07D85109911980A44BA
:103B8000C7E900012599269201310729259100F303
:103B90009B8708370D996E18A6EB0906CD1AAE4221
:103BA000A8BF2E46002E0BDD259BC7F800900133E1
:103BB0003244072B7E602692259300F3D387083783
:103BC000002EA8BFAD1B002D7FF737ABB949259B51
:103BD0000F91102D40F31184A146DDF81C801026B2
:103BE0000C4604E00837103D102D40F305840133E6
:103BF0001032072BC7E90046CDE92532F2DD24AAB1
:103C00004146504601F0DCF900287FF4A9AEDDE919
:103C1000253227AFE7E72599102E404640F361870C
:103C20000F943A46A846079CA34D1F4604E0103E59
:103C3000102E02F1080216DD013110301023072981
:103C4000CDE9251015605360F1DD24AA21465046C8
:103C500001F0B6F900287FF483AE103E102EDDE9A6
:103C6000251027AAE8DC3B460F9C17462A46454606
:103C7000904601F1010C3218BCF1070FCDE925C2C5
:103C8000C7F800807E6000F336839DF85F10083728
:103C9000002940F0F880002B3FF4B9AA0B46FFF74B
:103CA000A5BA1BF0010F7FF498AE0120072BCDE9D8
:103CB00025323D6078607FF7B8AE079924AA504658
:103CC00001F07EF900287FF44BAEDDE9253227A90B
:103CD000ABE60D9801287FF7A8AE112875480F9024
:103CE00040F3B783A046079F1025044604E008313F
:103CF000103E102E40F3AC8301331032072BC1E984
:103D00000045CDE92532F2DD24AA3946504601F0BE
:103D100057F900287FF424AEDDE9253227A9E7E72B
:103D2000079924AA504601F04BF900287FF418AEF9
:103D3000269A27AFFFF771BA2D238DF85F30049BC9
:103D4000764268EB4808002BFFF643AD0A2E78F167
:103D500000032BF0800BFFF441AD0294CDF82890C6
:103D600050A9DDF8509008974FF0000C0BF48064D8
:103D700026E016EB0803514843F10003A0FB0320A3
:103D800020F0030202EB90029B1AF31A4B484FF00B
:103D9000CC32B646474602FB03F268F1000800FB4E
:103DA0000822A3FB0063BEF10A0F13444FEA560634
:103DB00077F10007294646EAC3764FEA53082DD328
:103DC0003E4D16EB080343F10003A5FB032020F052
:103DD000030202EB90029B1AF31AA3FB053268F16F
:103DE000000005FB00225B0843EAC27303EB830378
:103DF000A6EB430330330CF1010C01F8013C4D1EDE
:103E0000002CB6D099F800306345B2D1BCF1FF0F59
:103E1000AFD00A2E78F1000380F0B3830499029C9E
:103E2000CDF8509050AB5A1B9142B8BF1146DDF807
:103E30002890089F9DF85F30CDF834C00A92029117
:103E4000DAE4079924AA504601F0BAF800287FF472
:103E500087ADDDE9253227A9C7E5079924AA504691
:103E600001F0AEF800287FF47BADDDE9253227A90B
:103E7000C7E51BF0010F3FF4E0A9FFF70FBB099363
:103E80002378FFF7CFB81E460023FFF79EB9099AA3
:103E90000432099909920E684FEAE6789B46434638
:103EA00085E4099B1A1D099B09921B680021FFF7F5
:103EB000D9BB00BF08820020BC7D0020CDCCCCCC7B
:103EC000099A1BF0100052F8043B41F057801BF098
:103ED000400100F0A8818DF85F009BB204994FF07B
:103EE000000841451E46C0F2A9812BF0800B002B33
:103EF00040F0A481049B0992002B3FF43CAC0026C7
:103F00006CE45846FFF7A5BB5B4646E4B5EEC08BB4
:103F1000F1EE10FA2BF0800B00F11E839DF85F305C
:103F2000B9F1470FCCBFA44DA44D002B40F05287F0
:103F30000322CDE90B3308930A9204930E93029265
:103F4000FFF737B91BF0100F40F07C821BF0400FD9
:103F500040F0A7831BF4007F00F07482099A059952
:103F6000126811706BE4964E1BF0200F00F07D81FB
:103F7000099B073323F007031A46586852F8083B99
:103F800009921BF0010140F05C81049A8DF85F10EA
:103F9000002AC0F28B8153EA00022BF4906B00F0F0
:103FA000948103F00F02B25C8DF83F211B0943EAB4
:103FB0000073020953EA10100DF23F150BD003F005
:103FC0000F001B09305C05F8010D43EA027312096A
:103FD00053EA0200F3D1049A50AB4FF0000E5B1B82
:103FE0009A42CDE90BEEB8BF1A460A930292CDF879
:103FF00020E0CDF838E000293FF4DBA8029BDDE9A2
:1040000025C2023302931BF084039046614604D11B
:10401000069E0298361A002E06DCBEF1000F3FF411
:10402000E5A80226FFF7D1B80223F5E5654E9BE728
:104030004BF0020B0992634E03F00F020221B25CB7
:104040004FF07809B0E7099B1B688DF8DC3001233D
:1040500002930A9337ADFFF7A6B9079924AA5046F1
:1040600000F0AEFF00287FF47BAC269A27AFFFF765
:1040700022BA049B0895062B28BF062302930A93B5
:104080002B460495CDE90B334F4DCDF824800E938C
:10409000FFF78FB840215046FCF72CFF079B1860B4
:1040A0001861002800F06087079A40235361FEF7EB
:1040B00083BF102E259B40F32E874448DDF81C80DB
:1040C0000F9039464FF01009074604E00831103EC2
:1040D000102E40F32B8201331032072BC1E90079F7
:1040E000CDE92532F2DD24AA4146504600F068FFB2
:1040F00000287FF435ACDDE9253227A9E7E70D9BE1
:10410000DDF83880CDF83CB0EB1804930C9BDDF85B
:104110001CB00B94002B4E463946DDF85090159F8D
:104120000E9531DDB8F1000F40F32B8108F1FF3817
:104130002598139B01303A440728C1E9003726929D
:10414000259000F39F800831049B99F800009D1B87
:104150008542A8BF0546002D0CDD259801302A4474
:104160000728C1E900652692259000F35E8199F841
:1041700000000831002DACBF441B0446002C14DCA9
:1041800006440C9B002BCDDCB8F1000FCEDCDDE942
:104190000D35EB189E42CDF850900B9CDDF83CB0ED
:1041A000B1460F4628BF9946DFE4102C2598074BEF
:1041B0002BDD10250A9310E0BC1B0020B81B00204B
:1041C000DC1B0020C81B0020F01B00200882002000
:1041D000103C102C01F1080116DD0130AE4B1032FD
:1041E0000728C1E90035CDE92502F1DD24AA5946A9
:1041F000504600F0E5FE00287FF4B2AB103C102CD6
:10420000DDE9250227A9E8DC0A9B0B600130224486
:104210000728CDE925024C6000F3588399F8000087
:1042200008310644ADE71BF4007840F0328204996F
:104230008DF85F8000291E46BFF657AE0992FFF742
:10424000C8BA53EA000237D030228DF8602000222D
:104250008DF85F20049A8DF86190002A23DB2BF4FF
:10426000906242F0020B02219BE6099A1BF0100FAC
:1042700052F8043B099214D11BF0400F0DD09BB2B1
:1042800000207EE624AA5946504600F099FE0028F8
:104290007FF466AB269A27A956E71BF4007F40F00F
:1042A000F58100206DE64BF0020B022103F00F02B6
:1042B0002BF4806BB25C77E6049B00218B428DF877
:1042C0005F10C0F241812BF4906B049A002A00F039
:1042D000CB80012A33788DF83F31B8BF012200230B
:1042E00002920122CDE90B3308930A920E930DF24C
:1042F0003F15FEF75EBF07990F9324AA504600F0C2
:104300005FFE00287FF42CAB9DF85F10269A0F9B70
:10431000002900F0AC801E46DDF894C0034627AFAC
:10432000FEF753BF259B5D493960013301320121FE
:10433000072B26922593796000F37C8108370028AB
:104340007FF41CAB0D990BF001030B433EF475AFEA
:10435000109B11991A44C7E90013259B269201333B
:10436000072B259300F31C8207F10801FFF717BB09
:10437000049B0A93CDE90B330E93089350ADFEF7DF
:1043800018BF0C9B013B09F1FF390C93D0E607994C
:1043900024AA504600F014FE00287FF4E1AA269AD1
:1043A00027AFFFF776B80822002122A81B95FDF75A
:1043B00097FC049B002B7DDB00260294CDF8208027
:1043C000344698460EE037A9504601F0A9FF411C3B
:1043D000204400F09484404509DC06F1040600F016
:1043E000008504461B9A925922AB002AEBD10A940D
:1043F000DDF82080029C6AE04C4601330F99396059
:104400002A44072B7D60CDE925327EF715AFFFF7F3
:10441000CFBA079924AA504600F0D2FD00287FF4B5
:104420009FAA269A27AFFEF7F2BE24AA5946504605
:1044300000F0C6FD00287FF493AA99F80000269AA0
:1044400027A997E6099A059912681160FFF7F7B94D
:10445000444601330F9808603244072BCDE92532DA
:104460004E607FF7E1AA28E4049BFFF784B9002B94
:1044700000F00981DDF894C00B4627AFFEF7B6BE09
:104480001BF4007F16BF46F3C0184FEAE67876B2F9
:104490004346FFF78CB900BF08820020F81B0020BC
:1044A0001BF4007100F0F980DBB20992584600213C
:1044B000FFF7D8B822AB009300231BAA1946504639
:1044C00001F056FF0A90013000F019841B950A9BF9
:1044D000002B00F09F80632B00F34C810023089396
:1044E00037AD0822002122A8FDF7FAFB0A9E22AB75
:1044F00000931BAA33462946504601F039FF8642F5
:1045000040F042850A9A0023AB5422EAE2720292FA
:104510009DF85F20049312B1029A01320292CDE914
:104520000B33CDF824800E93FEF743BE0F460133C4
:104530000F9939603244072BCDE925327E6000F3B4
:1045400023810837FFF70ABB33788DF83F312BF40E
:10455000806B0DF23F153EE52D238DF85F30B9F1EC
:10456000470F4FF000030893049340F3E6800322C3
:10457000964D0A92CDE90B330E9304230293FEF776
:1045800018BE159A1399AD1A2846FDF729FC99F81B
:1045900001300BB109F101098D4A16EB080343F113
:1045A0000003A2FB030727F0030000EB97001B1A90
:1045B000F31A4FF0CC3168F1000803FB01F102FB64
:1045C0000811A3FB023001445B0843EAC1764FEABD
:1045D000510816EB080343F10003A2FB031020F07F
:1045E000030101EB90015B1AF31AA3FB023168F19E
:1045F00000005B0802FB001243EAC27303EB830373
:10460000A6EB4303303305F8013C4FF0010C013DAC
:10461000FFF7F8BB9DF85F30CDF82480003B18BF52
:10462000012302930A9B0493CDE90B330E93089365
:10463000FEF7BFBD079924AA504600F0C1FC002830
:104640007FF48EA91998269A27AF78E69DF85F30F7
:1046500002920A9250ADFFF7CFB8049B0992CDE9C0
:104660000A330E930C93029350AD4FF078099E4697
:104670000893C3E46E18A6EB0906CD1AAE42A8BF94
:104680002E46FFF79DBA27AFFEF7C1BDDBB2002073
:1046900077E48DF85F10DBB220E409925846FEF70C
:1046A000E1BF099A059912681180FFF7C8B822ABDB
:1046B00001931BAB0093B0EE470B049A19AB022198
:1046C00050468DED027B00F015FF9DED027B054607
:1046D0001BF0010F40F05582229B5A1B199B0D9233
:1046E000D81C0B93C0F2018204999942C0F20B814D
:1046F0009A4200F392820B9B0A931BF4806F03D0C3
:104700000B9B002B00F32D830A9B23EAE373C34624
:1047100002934FF0670900230E930C930BF00201F4
:10472000002E00F0CA804FF02D0E8DF85FE0029B46
:1047300001330293002304935DE40322254D0A9282
:1047400018E72846FDF7F2FD9DF85F300A9020EA51
:10475000E0720292002B3EF40CAFFEF708BF079CFC
:1047600024AA2146504600F02BFCA38903F0400305
:10477000FEF7F6BC591C5046FCF7BCFB054600286A
:1047800000F0F6830890ACE6079924AA504600F0A2
:1047900017FC00287FF4E4A8269A27AFFFF7DEB9BC
:1047A000079924AA504600F00BFC00287FF4D8A8F3
:1047B000DDE92532199827A9FFF7EEB80023089301
:1047C000062304934BF48078FEF787BDBC1B0020C2
:1047D000CDCCCCCCB81B0020049B01330D9302211F
:1047E00022AB01931BAB0093B0EE470B19AB0D9AB4
:1047F00050468DED027B00F07DFE0D9B29F0200CD4
:10480000BCF1460F9DED027B054600EB030100F075
:104810009880B5EE407BF1EE10FA00F0D882229B32
:10482000994288BF4FF0450C40F2CF8230205A1C8D
:1048300022921870229B8B42F9D35B1B0D93BCF123
:10484000470F199B0B9356D0BCF1460F00F08F8099
:104850000B9B8DF87090013B002B1993C0F24C819B
:104860002B22092B8DF8712000F34F8130228DF817
:1048700072200DF17302303302F8013B1CABD31AE6
:1048800012930D9B129A012B1A440A9240F3418213
:104890000A9B109A13440A930A9A2BF4806343F4F8
:1048A000807B22EAE2720023CDE90B330E93029261
:1048B00034E7049B0D93032192E79DF85FE0BEF17E
:1048C000000F7FF434AF0496FFF795BB24AA594636
:1048D000504600F075FB00287FF442A899F80000CC
:1048E000269A27A906444CE4199B0B934B1BBCF159
:1048F000470F0D933BD10B9B0333C0F2F680049B13
:104900000B9A93420FDA0B9B013BA9F10209002B92
:104910008DF870901993A3DA0B9B2D22C3F101033C
:104920008DF87120A2E70D9B0B9A934200F37581DD
:104930001BF0010F0B9B00F0B282109A13440A93F4
:10494000DBE62B78302B00F06182199B1944B5EE21
:10495000407BF1EE10FAC7D0229B8B42FFF466AF8A
:104960005B1B0D93BCF1470F199B0B93C3D00B99A5
:10497000049A0BF00103002943EA020340F3CF82BB
:10498000002B40F01A820B9B0A934FF066091BF430
:10499000806F40F0E8810A9B23EAE373C3460293E9
:1049A000B9E647F63003ADF86030049B632B4BF05B
:1049B000020B00F35C8118EE903A002BC0F23B81B1
:1049C000B0EE480B19A800F061FCB4EE007B20EEBD
:1049D000077BB5EE407BF1EE10FA40F040820123F8
:1049E0000026199337AD0896AE480499B3EE004BF4
:1049F0002B4606E0B5EE407BF1EE10FA00F00F8298
:104A0000114627EE047BFDEEC76B4A1E16EE90CAD8
:104A100010F80CE0B8EEE65B9C4637EE457B03F8F9
:104A200001EB0029E6D1B6EE005BB4EEC57BF1EEFA
:104A300010FA08DCB4EE457BF1EE10FA1ED116EE4A
:104A4000902AD2071AD5CDF888C013F8011C90F827
:104A50000FC08C451A460AD14FF0300E02F801EC17
:104A6000229A511E229112F8011C6145F6D0392973
:104A700016BF0131817AC9B202F8011C199A5B1B79
:104A80000D93B9F1610F02F1FF33199300F01F820A
:104A900050214FF04109002B8DF87010C0F20E82AA
:104AA0002B22092B8DF871202FDC0DF17202E2E62A
:104AB000079924AA504600F083FA00287EF450AFEC
:104AC000269A27AFFFF741B8079924AA504600F06D
:104AD00077FA00287EF444AF199B269A27AFFFF798
:104AE00059B8DFF8CC81FFF7C4B80B9BA9F10209D4
:104AF000013B8DF8709019930B9A2D238DF871302E
:104B0000C2F101030832BFF6B1AE0DF17F0CDFF840
:104B1000A4E162461046AEFB0312D20802EB82010A
:104B2000A3EB41013031632B00F8011C134600F167
:104B3000FF32EFDC303302F8013C831E634580F026
:104B4000C8810DF1710213F8011B02F8011F6345C2
:104B5000F9D103F5A0736B44CC3B1B1A1CAA9B1A1A
:104B600012938EE6079924AA504600F029FA0028ED
:104B70007EF4F6AE199D0D9B269A5D1B27AFFFF7BD
:104B80001FB8049B4FF0470CE918E0E600230C46E1
:104B90000493FEF749BA45F63003ADF86030049B44
:104BA000632B4BF0020B62DC18EE903A002B42DBD9
:104BB000B0EE480B19A800F069FBB4EE007B20EEC4
:104BC000077BB5EE407BF1EE10FA01D1012319937A
:104BD00000263548089637AD07E74642103033487F
:104BE0000F9052DA1027804603E00831103E102E55
:104BF0004BDD01331032072BC1E90087CDE92532A7
:104C0000F3DD079924AA504600F0DAF900287EF473
:104C1000A7AEDDE9253227A9E8E70D9B109A9A187F
:104C20000B9B0A92002B79DD4FF06709AFE6DFF8A6
:104C30008080FEF74BBF0023089337AD2D26B1EEE1
:104C4000487BB0EE470B19A800F020FBB4EE007BC8
:104C500020EE077BB5EE407BF1EE10FA04BF012396
:104C60001993B9F1610F3FF4BFAE0F48BDE6049B45
:104C70005046591CFCF73EF90546002800F03D81DE
:104C800008904BF48078FEF728BB01330F9808603A
:104C90003244072BCDE925324E6000F30281083102
:104CA000FEF77DBEC81B0020DC1B00200882002010
:104CB000BC7D0020CDCCCCCC049A002A00F0D4805E
:104CC000002BC0F22481B0EE487B002622AB01937A
:104CD0001BAB0093B0EE470B19AB049A0221504670
:104CE0008DED027B00F006FC00239DED027B054666
:104CF0000893EDE42D26B1EE487BFEF7F6BA079B4C
:104D00009B890022089243F04003079A9381FEF7A3
:104D100027BE1BF0010F3FF4BFADB9E5C3F101039E
:104D20001A4422EAE273C3460A9202934FF06709DB
:104D3000F1E418EE903A13F000432BF0800B0B9344
:104D400000F09A802D238DF85F30B9F1470F4FF0B6
:104D500000030893049340F3F8800322944D0A92D1
:104D600008E44FF0670914990B78FF2B00F0F880E6
:104D700000200B9A0E90844603E001300131FF2B96
:104D800009D0934207DAD21A4B78002BF5D10B7871
:104D90000CF1010CF3E7CDE90B201491CDF838C0EC
:104DA0000C9A0E9B159913440A9A01FB03230A934C
:104DB00023EAE373C3460293B0E4109B02EB0109BC
:104DC0004B440A934FF06609E1E55B1B0D93199B79
:104DD0000B933DE50023032208930A920493FFF707
:104DE000C9BB049B029CDDF820800A93FFF76FBBD0
:104DF000CDF824801BB3049B0A935A1C02920490A2
:104E00000E900C904FF07309FEF7D3B9B5EE407BCE
:104E1000F1EE10FA1ED1199B0B93194466E5002A96
:104E20000491FFF62BAE0499302001EB030C1946D8
:104E300001F8010B6145FBD11A44531C1EE6049B8B
:104E40000A930293089B0E930C9304934FF07309FB
:104E5000FEF7AFB90D9BC3F10103199376E5002668
:104E60005448089637ADC0E5934273DBB0EE487BFB
:104E70000123049E049329E79DF85F30B9F1470FA1
:104E8000CCBF4B4D4C4D002B40F086800322049349
:104E90000A920E930C9308930292FEF78AB90A9332
:104EA0002BE4079924AA504600F08AF800287EF4E3
:104EB00057ADDDE9253227A9FEF771BD2D238DF809
:104EC0007130C2F101030832FFF61FAEEDE570212B
:104ED000E1E502231293D4E4CDE90B3308930E935A
:104EE000FEF767B9099A63780C4652F8041B0992D9
:104EF00041EAE1710491FEF795B8079A938943F06E
:104F0000400393814FF0FF330593FEF72CB92D2614
:104F1000B1EE487BDAE629490F91FFF708BBC3469B
:104F200033B9012302934FF066090A93FFF7F3BBED
:104F3000109B03F10109049B4B440A9323EAE3739A
:104F400002934FF06609FFF7E6BB03221A4D0A925F
:104F5000FFF710BB01232D260493B1EE487BB5E685
:104F600000230E930C931BE70C23CAF80030C9E70B
:104F7000079B08909B8943F04003C6E65946FEF71D
:104F8000C2BB5846FEF78FBF079B9B8943F0400387
:104F9000BBE65B46FEF77DBF002304930E930C93A4
:104FA000089303230A9304230293FEF702B900BF78
:104FB000C41B0020C81B0020C01B0020088200204A
:104FC0002DE9F0411546926802B32C6807468846E1
:104FD000083401E00834C9B16B68581E002B114633
:104FE000686013DD54F8046C002EF3D0334654F897
:104FF000082C4146384602F051FB431C07D0AA68F2
:10500000921B1146AA6008340029E5D10020002334
:10501000C5E90133BDE8F08170B5002941D00646ED
:105020000C4610B1436B002B3ED0FCF7A3FC636E23
:10503000B4F90C20DD0730D4900538D52146304630
:1050400000F04CF8E36A054633B1E1693046984711
:105050000028B8BF4FF0FF35A3891A0639D4216B59
:1050600041B104F14003994202D03046FDF762FAA3
:1050700000232363616C21B13046FDF75BFA002306
:105080006364636E0022DB07A2811ED5A06DFCF76E
:1050900077FFFCF775FC284670BD002ACED1FCF7DF
:1050A0006FFC0025284670BDFCF746FCBDE7A06DEF
:1050B000FCF768FFB4F90C30002BBFD1636ED90741
:1050C000EDD4A06DFCF760FFE9E7A06DFCF75CFF95
:1050D000DCE721693046FDF72DFAC0E7B1F90C2075
:1050E0002DE9F041804610070C4650D4496842F43F
:1050F00000630029A38164DDA66A002E44D000214C
:1051000012F48052D8F80050C8F8001065D1E16957
:1051100001234046B047411C02466CD0B4F90C3024
:10512000A66A5B0705D56368D21A236B0BB1E36BE4
:10513000D21A0023E1694046B047471CB4F90C304D
:105140004DD1D8F800101D2940D8304ACA40D607A2
:105150003CD52269226023F40062A281D9044FF079
:105160000002626003D5D8F80030002B41D0216BDB
:10517000C8F8005041B104F14003994202D04046C2
:10518000FDF7D8F9002323630020BDE8F0810E6904
:10519000002EF9D00D680E6092070CBF4B690023FA
:1051A000AD1B8B600AE02B463246E169676A4046D8
:1051B000B8470028A5EB0005064406DD002DF2DC0B
:1051C000E2E7E16B002997DCDEE7A38943F04003C7
:1051D000A3814FF0FF30BDE8F081226DA1E7226985
:1051E000226023F40062A281DB044FF000026260BF
:1051F000BDD52065BBE7D8F80030002B8ED01D2B25
:1052000001D0162BE1D1C8F80050BDE701004020C5
:1052100000B5034683B008B1426B52B3B1F90C003C
:1052200098B14A6ED20701D4820512D51846009172
:10523000FFF754FF00994A6E0346D00702D48A89CB
:1052400092050ED5184603B000BD0346184603B0BC
:1052500000BD886D01930091FCF794FEDDE9001319
:10526000E4E7886D0093FCF78FFE009B184603B0BF
:1052700000BDCDE90001FCF75FFBDDE90031CDE7C2
:1052800000487047608C0020000000004DF804BD0D
:1052900083B08DED000B019ADFF870C022F000435F
:1052A00000216345016025D8DDF800C053EA0C0CED
:1052B00020D0DFF85CC002EA0C0CBCF1000F0AD170
:1052C0009FED107B20EE077B8DED007B019A6FF048
:1052D000350122F00043DDE900BC6FF31E5242F0BD
:1052E0007F5C1B154CF4001CA3F2FE33CDE900BC1F
:1052F0000B4403609DED000B03B05DF804BB7047E9
:10530000AFF300800000000000005043FFFFEF7F7C
:105310000000F07F00B50B4C2468864685B0E0683D
:105320009C460C4652B108490094CDE901127346DF
:105330000649624601F028F8FAF7C0F804490A461F
:10534000F2E700BFF08C0020FC1B00200C1C0020AA
:105350007C17002010B5A1FB021482B074BBFBF7D0
:10536000C9FD034670B350F8042C22F00302043A3E
:10537000242A10D8132A16D91B2AC0E900441AD9A6
:10538000242AC0E902440ABFC0E9044400F1100124
:1053900000F1180108E021460190FCF7A1FC019BF7
:1053A000184602B010BD014600221846C1E900228D
:1053B0008A6002B010BD00F10801F5E7FCF7B2FD0C
:1053C0000C2303600023184602B010BD2DE9F04FF6
:1053D00003690C69A34283B0C0F28880013C01F1EB
:1053E000140500F1140855F8243058F8242001332E
:1053F00008EB84069A4200964FEA840B05EB84077B
:10540000B2FBF3F63AD300230191C64629469C46E7
:1054100051F8042BDEF800901FFA82FA06FB0A33DB
:105420004FEA134A120C06FB02A29BB21FFA89FA3A
:10543000AAEB030363441FFA82FCCCEB234C0CEB76
:10544000194C9BB243EA0C438F424EF8043B4FEA9F
:105450002C4C4FEA1243DBD258F80B3001996BB950
:10546000009B043B984504D307E0984504F1FF34C2
:1054700003D21A68043B002AF7D004618146FDF785
:105480002FFC00282EDB01364146002255F8040B84
:10549000D1F800C01FFA80FE1FFA8CF3A3EB0E03B5
:1054A0001344020CC2EB234202EB1C429BB243EAC0
:1054B0000243AF4241F8043B4FEA2242E6D258F899
:1054C000242008EB84036AB9043B984504D307E021
:1054D000984504F1FF3403D21A68043B002AF7D040
:1054E000C9F81040304603B0BDE8F08F002003B08B
:1054F000BDE8F08F2DE9F04F93B08DED000B0491D6
:10550000816B1C9D069257EC106B0446089341B1C9
:10551000C26B4A60012393408B60FDF757F900236B
:10552000A363B7F10008B4BF012300232B60A34B92
:10553000BCBF28F00048CDF8048033EA080300F02F
:1055400092809DED007BB5EE407BF1EE10FA0DD11F
:10555000089A012313601D9B13B11D9A984B136089
:10556000984B0293029813B0BDE8F08F10AAB0EEEA
:10557000470B11A920468DED027BFDF791FC5FEAF8
:1055800018539DED027B109A834640F08280119B58
:10559000134403F23241202940F3E281C1F140017A
:1055A00008FA01F803F2124126FA01F148EA010172
:1055B00006EE101AB8EE466B013B16EE901A4FF04D
:1055C0000108A1F1F8719FED772BB7EE081B9FED55
:1055D000775B9FED784B06EE901A03EE903A36EE2D
:1055E000416BB8EEE33BA6EE025BB0EE456BA3EE7B
:1055F000046BFDEEC65BB5EEC06BF1EE10FACDEDBF
:10560000055A00F1C0800599D21A162902F1FF3A15
:1056100000F2A4806C4B03EBC10393ED006BB4EE7E
:10562000C67BF1EE10FA00F1A281002A40F3C0849B
:105630000027CDE90A178A4400230993049B092B0C
:105640003DD8052BC4BF043B0493049BA3F1020384
:10565000CCBF00250125032B33D8DFE813F0FA0176
:10566000F701ED019201089AC8F3130842F20F7393
:1056700058EA060813601BD11D9B002B00F04286E0
:10568000524B029308331D9A0298136013B0BDE881
:10569000F08F17EE901AB0EE476BC1F3130141F093
:1056A0007F51A3F2FF3341F440114FF000088AE725
:1056B0001D9B002B40F06181454B029352E7002374
:1056C00004930025E563294620468DED067BFDF712
:1056D00053F89DED067B0290002800F0B485119AE6
:1056E000029BA363002A75DB05990E2972DC364BF9
:1056F00003EBC10393ED003B87EE036BBDEEC66B7E
:10570000029916EE103A303301F8013B4FF0FF39A1
:10571000B8EEC65BA5EE437B0123B2EE044B11E06D
:1057200087EE036BBDEEC66B013316EE102A4B45B8
:1057300002F13002B8EEC65B01F8012BA5EE437B07
:1057400000F0A38427EE047BB5EE407BF1EE10FA67
:10575000E6D1059B013304930D46ECE001230B9346
:10576000059BBAF1000FBABFC2F101074FF0000A62
:105770000027002B80F2F180059BFF1A5B42099302
:1057800000230A935AE7B8EEE55BB4EE465BF1EE10
:1057900010FA3FF438AF05990139059133E700BF9E
:1057A000AFF3008061436F63A787D23FB3C8608BBC
:1057B000288AC63FFB799F501344D33F0000F07FF7
:1057C000F91B0020F81B0020A80200203C1C002030
:1057D000481C00204FF0FF390695CDF83090B8F105
:1057E000000F00F0E984DDF8248002F23342012149
:1057F00020469244BD18FDF7AFF80646002F40F052
:105800009F82099B002B00F09383B8F1000F40F0BA
:1058100077835946099A2046FDF790F9012383467C
:10582000099301212046FDF797F80A9B8046002B3B
:1058300040F04582049B012B40F3AA820120504492
:1058400010F01F0000F008811B2800F3D582C0F182
:105850001C00054407448244002D05DD59462A46B4
:105860002046FDF7C7F98346BAF1000F05DD414632
:1058700052462046FDF7BEF980460B9B002B40F0B8
:105880000082B9F1000F40F3D781099B002B40F053
:105890002481059B01330493029F012507E05946AB
:1058A00000230A222046FCF79BFF01358346414630
:1058B0005846FFF78BFD4D4500F1300A07F801AB64
:1058C000EDDB029BB9F1000F03F1010209F1FF3991
:1058D0004FF00003D8BF4FF00009914400935946A0
:1058E00001222046FDF786F941468346FDF7F8F987
:1058F000002840F32083029A02E0914500F02683BD
:105900004D4609F1FF3915F8013C392BF5D001332B
:1059100089F8003041462046FCF758FF5EB1009BF5
:105920002BB1B34203D019462046FCF74FFF314656
:105930002046FCF74BFF59462046FCF747FF002363
:105940002B70089B049A1A601D9B002B3FF40AAE33
:1059500002981D6013B0BDE8F08F9A440A936BE67D
:10596000C1F1200106FA01F106EE101A22E6059BAC
:10597000013B059300230B93F2E6AC4B02930333F8
:1059800081E601230D93DDE90523134403F10109A9
:105990004E46012E0C93B8BF0126172E40F39C846F
:1059A000012204235B0003F11400B042114602F10E
:1059B0000102F7D9E16320468DED0E7BFCF7DCFE9A
:1059C0000290002800F03F84B9F10E0F9DED0E7B90
:1059D000A06346D8002D44D00599002940F3F182F8
:1059E000934B01F00F0203EBC203CD0593ED006B67
:1059F0004FEA211340F18A838E4A92ED085B03F04F
:105A00000F03032187EE054B002B00F0FB81894A31
:105A100001E05B100832D80703D45B100832DE07C0
:105A2000F7D592ED005B5B1001F1010126EE056BED
:105A300000F0E8810832F2E701230D93069B002B6A
:105A400040F38B81069E0C96B146A6E700230D938A
:105A500099E700230D93F1E71C2005440744824495
:105A6000FAE6119A002AC0F24081059B0E2B00F342
:105A70003C816F4B059A03EBC20393ED003B069B01
:105A8000002B80F2ED82B9F1000F00F3E98240F0C3
:105A90008682B1EE046B23EE066BB4EEC67BF1EEAC
:105AA00010FA494640F27C82029D312305F8013B01
:105AB0002046FCF78BFE059B023304933BE73146FF
:105AC00000230A222046FCF78BFE0C9B002B064687
:105AD00040F3FA83DDF830900595002F05DD31465F
:105AE0003A462046FDF786F806460A9B002B40F012
:105AF000F6823746029D6B1E4B440A93009B03F0CF
:105B000001030C9341465846FFF760FC31460B9069
:105B100000F1300A5846FDF7E3F8414681463A461F
:105B20002046FDF7FDF8C3680146002B36D10990E9
:105B30005846FDF7D5F8099906902046FCF746FE31
:105B4000069A002A5AD1049B1BB90C9B002B00F02B
:105B5000A483B9F1000F43DB0A9BA9469D4209F8D3
:105B600001AB00F0D782594600230A222046FCF7F9
:105B700037FEBE42834631464FF000034FF00A0223
:105B8000204635D0FCF72CFE3946064600230A2273
:105B90002046FCF725FE4D460746B3E72046FCF7B6
:105BA00015FEB9F1000F08DB009B03F00102049B16
:105BB00049EA030952EA09022ED159460122204638
:105BC000FDF718F841468346FDF78AF8002840F3B0
:105BD0004183BAF1390F00F024830B9B03F1310AA2
:105BE00005F801AB059B0096013304933E4691E610
:105BF000FCF7F6FD4D460646074683E7B9F1000F70
:105C0000C0F28483049B49EA03090C9B53EA090907
:105C100000F07C83002A9FDDBAF1390F00F0018388
:105C20000AF1010305F8013BDCE700BF481C002036
:105C3000A802002080020020049B022B7FF725AEE3
:105C4000B9F1000F40F0008241464B460522204644
:105C5000FCF7C6FD014680465846FDF741F8484529
:105C600040F3F281029D312305F8013B4146204675
:105C7000FCF7ACFD059B02330493002E7FF457AE76
:105C800059E641465846FDF72BF80028BFF6F9AD16
:105C9000594600230A222046059DFCF7A1FD099BD9
:105CA000013D8346002B7FF40AAF0C9B002B40F391
:105CB000FE82059BDDF8309004930595ECE51A46CD
:105CC00001462046FCF73AFF049B012B804640F337
:105CD000F98100230A93D8F8103008EB8303186980
:105CE000FCF7D0FDC0F12000A9E50D9B73B9002F92
:105CF00067D1099B002B74D11D461E4691E5119A70
:105D0000002A03DB05990E297FF7B4AE049B012B13
:105D10007FF765AD099B09F1FF384345C0F27781F4
:105D2000B9F1000FA3EB080880F2BE82A7EB0903CC
:105D3000012120460D93FCF70FFE3D460D9F0646C0
:105D4000BAF1000F7FF75DAD57453B46A8BF5346FC
:105D5000ED1AFF1AAAEB030A53E50021E16320467E
:105D60008DED067BFCF708FD9DED067B029000287B
:105D700000F06982029BA363002D40F09F81119A7D
:105D8000AA42C0F27C8201230C93994606936CE6EA
:105D9000009B002B7FF452AD019BC3F31303002B38
:105DA0007FF44CAD019B23F000431B0D1B05002B22
:105DB0003FF444AD012301350AF1010A0A93184664
:105DC0003DE5BAF1000F00F0FE8157453B46099EC4
:105DD000A8BF5346FD1AAAEB030A2F46002E3FF434
:105DE00020AD5946099A2046FCF7A8FE00238346B9
:105DF00009933D461E4614E51C283FF42DADC0F125
:105E00003C002AE684EE065B0B9B3BB1B7EE006BD1
:105E1000B4EEC65BF1EE10FA00F1E081B1EE0C4B8E
:105E200006EE901AB8EEE66BA6EE054B14EE901A4D
:105E300053EC142BA1F15073B9F1000F00F09B80CB
:105E4000DDF814C0484643EC142BB64B029DFDEE22
:105E5000C53B03EBC00212ED022B13EE902A02F1B8
:105E6000300E0D9A691CB8EEE36B0E4635EE466BAC
:105E7000002A00F05B81B6EE003B83EE025B35EE5C
:105E8000445BB4EEC65BF1EE10FA85F800E000F377
:105E90002782B7EE001BB2EE043B002518E0013567
:105EA0008542BFF62CAF26EE036B25EE035BFDEEBD
:105EB000C64B14EE902AB8EEE42B303236EE426B2D
:105EC000B4EEC56BF1EE10FA01F8012B00F1DF81A1
:105ED00031EE464BB4EEC54BF1EE10FADFD5029A27
:105EE0000CF1010C02E0914200F097810D4611F88F
:105EF000013D392BF7D001330B70CDF810C01AE5F6
:105F0000314642462046FCF719FE5A4601460646EF
:105F10002046FCF74FFD59460D902046FCF756FCF5
:105F2000099BDDF834B0B3EB080309937FF471AC3F
:105F30000123099375E403D11AF0010F7FF4DBAC60
:105F40004D4619F8013D302BFAD0E3E4059B029A47
:105F50000233049331231370DCE406EE901AB1EEA1
:105F60000C4BB8EEE66BA5EE064B14EE901A53EC14
:105F7000142BA1F1507343EC142BB1EE046B35EEEE
:105F8000466BB4EEC46BF1EE10FA00F35681B1EE3D
:105F9000444BB4EEC46BF1EE10FA7FF562AD002114
:105FA0002046FCF713FC069B029D5B420493C2E46F
:105FB000059B0A939A460023C2F101070B93FFF752
:105FC0003BBB00F00781059A564B524202F00F018D
:105FD00003EBC10393ED005B131127EE055B00F0AB
:105FE0007981514A022101E05B100832DD0703D4B8
:105FF0005B100832D807F7D592ED006B5B1001F10A
:10600000010125EE065B3FF4FFAE0832F2E7099B83
:106010000A9AA8EB03031A44012120460A92FCF7CE
:106020009BFCCA4407EB09050646CDF82480002FE7
:106030003FF4EFAB57453B46A8BF5346ED1AFF1A56
:10604000AAEB030AFFF7E5BB41462046FCF7BEFB7F
:10605000069B029D5B420493002E7FF468AC6AE4C9
:10606000029B5E1C87EE036BBDEEC66B029A16EEBA
:10607000103AB9F1010F03F13003B8EEC65B3146B7
:106080001370A3EE457B7FF447AB37EE077BB4EE8E
:10609000C37B059BF1EE10FA03F1010304939C46C8
:1060A00008DCB4EE437BF1EE10FA05D116EE103A9F
:1060B000DB0701D5029A19E70D463CE40C95A94689
:1060C000069589E4009B002B7FF403AEDDE9001206
:1060D000C2F31303002B00F0C4800A91FBE5716842
:1060E0002046FCF749FB0546002800F0048133698F
:1060F00002339A0006F10C010C30F8F7EBFF294649
:1061000001222046FCF776FD0746F3E40221B0EEBB
:10611000474B79E4059B009601333E460493FFF715
:10612000DEBB00BFA802002080020020029A24EEFD
:10613000022B012882F800E014D0B2EE043B029A50
:10614000151826EE036BFDEEC65B15EE902A303275
:1061500001F8012BA942B8EEE54B36EE446BF0D1C5
:10616000711E0144B6EE005B32EE054BB4EEC64B39
:10617000F1EE10FA3FF5B3AE35EE425BB4EEC65B1E
:10618000F1EE10FA0DDC119A002AFFF6B0AD059A77
:106190000E2A3FF7ACAD059A03EBC20393ED003B2B
:1061A00060E70D46013915F8013C302BF9D00CF1B0
:1061B00001030493FFF7BFBB109ADDF82480C2F1FE
:1061C0003602FFF714BB099E002E7FF40AAE3D464F
:1061D000FFF727BB0221B0EE475B15E6B9F1000FD0
:1061E0003FF4BBAE0C9800287FF73BACB2EE043B0B
:1061F000B1EE0C4B013106EE901A25EE035B059BC8
:10620000B8EEE66BA5EE064B14EE901A03F1FF3CD8
:1062100053EC142BA1F1507315E60CF1010C312352
:106220006AE6A946392309F8013B059B009601332C
:10623000029A04933E46FFF763BB029D312305F8A3
:10624000013B002134E4334B3348002240F2AF11CC
:10625000FFF760F87FF4C4AC1AF0010F7FF4B9AC1B
:10626000BEE4019B23F000431B0D1B05002B3FF4F4
:1062700031AD012301350AF1010A0A932BE50D9B8B
:10628000002B33D101230C93994606932FE50CF193
:10629000010304930D46FFF74EBBBAF1390FC0D08E
:1062A00091453FF79AAC9BE44A46FFF7A0BA049A9F
:1062B000022A05DC059A049299460595FFF7ECBA87
:1062C0000595DDF83090BBE4049A0595022AF8DCC8
:1062D000994602E4022197E50021E163FFF76BBBD9
:1062E0000CF1010304930D46FFF725BB0D9B0693AC
:1062F00099460C930EE5074B07482A4640F2EF21DA
:10630000FFF708F8054B0293FFF72CB9002A3FF777
:1063100054AC65E4481B00204C1C00203C1C0020B1
:1063200030B5044687B05BB110480193D0F8C8512E
:1063300071B12046A847421C019B10D007B030BD68
:1063400000F5827309480193D0F8C8510029F0D1B3
:106350000A46204603A9A847421C019BEED1002112
:106360008A221960226007B030BD00BF888A0020F1
:1063700010B582B0049CCDE900344FF0FF3301F03A
:1063800055FC02B010BD00BF0EB400B582B003AB27
:10639000DFF81CC053F8042B01930146DCF8000021
:1063A00000F008F802B05DF804EB03B0704700BFDE
:1063B000F08C00202DE9F04FC5B00DF1500A834656
:1063C000049116460021082250461C460B93FBF709
:1063D00087FCBBF1000F04D0DBF83430002B00F059
:1063E0004987049B5A6EB3F90C30D00740F14181C4
:1063F000990400F1A985049943F4005322F4005252
:106400008B814A66930401F1AE80049BB3F90C3092
:106410001D0740F1BD80049A1269002A00F0B8807F
:1064200003F01A020A2A00F0C2800023CDE91933D2
:10643000CDE90E331BAADFF86C980D93189217461E
:106440000793B0464546D9F8CC41FBF7FFFCCDF8A1
:1064500000A003462A4612A95846A047002800F08B
:10646000C580C0F2BB80129A252A034601D01D4484
:10647000E9E7B5EB0806044640F0BC800023194666
:106480008DF8433008934FF0FF326B78059205F199
:106490000108039108F101081946A1F120035A2BC4
:1064A00000F2F280DFE813F0E603F000F000DF0313
:1064B000F000F000F000BF03F000F000070253020C
:1064C000F00012020004F000F1035B005B005B00CF
:1064D0005B005B005B005B005B005B00F000F000BA
:1064E000F000F000F000F000F000F000F000D80143
:1064F0009F03F000F000F000F000F000F000F0006A
:10650000F000F000F0001902F000F000F000AA0125
:10651000F000FB02F000F000BA05F000F000F0001F
:10652000F000F000F000F000F000F000F000D80102
:106530006801F000F000F000950368016D00F000C4
:106540008B03F0007D036A0320036D00F000AA01B5
:106550006A005902F000F000FB05F0006A00A1F1AA
:106560003003002218F8011B02EB820203EB420207
:10657000A1F13003092BF5D908928EE798F8003085
:1065800088E7039B43F02003039398F8003081E7EA
:10659000049D5846294601F05FFA002840F0F6872E
:1065A000B5F90C3003F01A020A2A7FF43EAF0499C1
:1065B000B1F90E20002AFFF638AF4A6ED20702D496
:1065C0009F0540F19087049923463246584601F0D2
:1065D00015F80790079845B0BDE8F08F0822002114
:1065E0005046FBF77DFB01231D442CE7B5EB080665
:1065F000044610D01A9B33441A93199B0133072B7E
:10660000C7E90086199310DC0837079B33440793CA
:10661000002C7FF433AF1A9B002B40F06E87049B55
:106620000022B3F90C30199218E0049918AA5846C0
:1066300001F024F878B91BAFE7E7049918AA584687
:1066400001F01CF8002800F08380099B1BB1099918
:106650005846FBF76FFF049BB3F90C30049A526E57
:10666000D0077FD55B0600F16687079845B0BDE887
:10667000F08F9F0540F114819D047FF5BCAE90041E
:106680007FF5C6AE00F071BF0029C4D000230122FF
:106690008DF8AC108DF8433009930A9205932BAD19
:1066A0000692DDE919C0039C14F084060146624697
:1066B00026D1089B069C1C1B002C00F3ED839DF843
:1066C000433003B300260C960132012301317B6075
:1066D000072A0DF14303CDE919213B6000F38683BE
:1066E00008370C9B63B1013211AB02313B60072AC2
:1066F0004FF00203CDE919217B6000F36B8308376B
:10670000802E00F0EE82059B0A981C1A002C00F3E4
:1067100026830A9B3D6001321944072ACDE91921DD
:106720007B6000F34C830837039B5C0705D5089B0F
:10673000069A9C1A002C00F36583DDE9073206985F
:106740008242ACBF9B181B18079300297FF475AFDA
:1067500000231993099B1BB109995846FBF7EAFEE0
:106760001BAF6FE69A053FF57DAF049CA06DFBF76C
:106770000BFCB4F90C3075E7039B980640F13C84A0
:106780000B9B073323F00702536852F8084B0B9218
:106790001E46002BC0F23882059A002A07DB039BB5
:1067A00023F08003039354EA060300F08C840A2C40
:1067B00076F1000380F0F7803034059A9DF843307D
:1067C0008DF80F41012AB8BF01220692002B00F07C
:1067D000AF83069B0133002506930123CDE90953BE
:1067E0000DF20F15DDE91921039B13F0840608460D
:1067F00094463FF45EAF00230C9365E70B9E0023A5
:106800008DF8433056F8043B0993002B00F0558572
:10681000532900F07284039B13F0100440F06D8440
:10682000059A002AC0F2138509982146FBF72EFD30
:106830009DF84330099D002800F08B86421B0A9288
:1068400022EAE2720692002B00F00E8501320594D6
:1068500006920B960994C5E7432903D0039BDD06F6
:1068600040F127840822002116A8FBF739FA0B9A79
:106870002BAD126816AB29465846FFF751FD0A901A
:10688000013000F04F860A9B23EAE37306930B9BCB
:1068900004330B9300238DF843300993059300E7ED
:1068A000049DA86DFBF76EFBB5F90C306A6E990478
:1068B0003FF5A8AD9FE50B9B53F8042B0892002AE7
:1068C00080F23D83089A0B9352420892039B43F057
:1068D0000403039398F80030DCE5039B43F01000B9
:1068E0009B0640F14E830B9B073323F007031A46A8
:1068F000596852F8083B0B9200228DF84320059A04
:10690000002AC0F2118320F49062039253EA01023C
:1069100000F01E8344AD03F00702DB0843EA417335
:10692000C908303253EA0104284605F8012DF2D196
:10693000039B13F0010340F09E82059A099344AB38
:106940005B1B9A42B8BF1A460A930692A9E62B230C
:106950008DF8433098F800309CE503998E0600F1DD
:10696000A48003990B9A11F0100052F8043B40F0F8
:106970002783039911F0400100F0CA848DF8430089
:106980009BB205990026B1421C4606DB039921F013
:1069900080010391002B00F07B850A2C76F1000327
:1069A0000B92FFF409AF039B09970020CDF830B09C
:1069B00044A9DDF834B0069003F48067CDF8288050
:1069C00025E00690A319B54843F10003A0FB032C72
:1069D0002CF0030202EB9C029B1AE31A4FF0CC321C
:1069E000A046B64602FB03F266F1000600FB062253
:1069F000A3FB0043B8F10A0F13444FEA54047EF19D
:106A0000000E294644EAC3744FEA53062ED3069B70
:106A1000A24A01330693A31943F100031046A2FBD7
:106A2000032525F0030202EB95029B1AE31AA3FB50
:106A3000003266F1000500FB05225B0843EAC273E1
:106A400003EB8303A4EB4303303301F8013C4D1EF9
:106A5000002FB7D006989BF800308342B1D1FF28B1
:106A6000AFD00A2C76F1000380F0AF8405999DF831
:106A70004330CDF834B044AA521B9142B8BF1146FE
:106A8000DDE90978DDF830B00A920691002B00F0BC
:106A9000EE83069B0133069300230993A2E6039B32
:106AA00043F010019B0640F189820B9B073323F0D2
:106AB000070200238DF84330059B566852F8084BB7
:106AC0000B92002BC0F2EE8221F08003039354EA74
:106AD00006037FF46CAE059B002B40F0DE840A9326
:106AE0000693099344ADDCE5059C0B9903980022BD
:106AF00047F630039442ADF844308DF8432051F806
:106B0000043BC0F2D28220F0800040F002000390EB
:106B1000002B00F0E58303F00F0461481B09045DBE
:106B20008DF80F410B9100F05685022106910DF270
:106B30000F1503F00F011B09415C05F8011D43EA25
:106B40000273120953EA0201F3D144AB5A1B059BAD
:106B50000A929342B8BF1346069A002A00F039857C
:106B6000DDE91921039C023314F0840606930846DC
:106B7000944600F0E98200230993B4E50398860661
:106B80003FF5B1AE03990B9ACD0652F8043B00F1E4
:106B900014850398440640F1C8839BB20B920021F0
:106BA000AAE603990B9A8C0602F1040340F1F081E6
:106BB000126807991160C91751600B9342E498F865
:106BC00000306C2B00F08F82039A42F01002039287
:106BD00060E498F80030682B00F07B82039A42F062
:106BE0004002039256E4039A940642F0100300F127
:106BF00000820B9A04320B9903930C680B92E617F0
:106C00003346002BBFF6C8AD2D238DF84330059BCE
:106C1000644266EB4606002BFFF6C9AD039B23F0EA
:106C200080030393C3E55846FEF72AFB43680F939E
:106C30001846FBF77BFB0E9004465846FEF720FBF8
:106C4000826898F800300D92002C3FF423AC002AA3
:106C50003FF420AC1278002A3FF41CAC039A42F4B3
:106C60008062039216E4039B43F00103039398F8B8
:106C700000300FE49DF8432098F80030002A7FF49C
:106C800009AC20228DF8432004E4039B43F08003E9
:106C9000039398F80030FFF7FDBB00BFCDCCCCCC00
:106CA000C81B0020888A0020404610F8011B2A29B2
:106CB00000F07784A1F13003092B98BF002200F285
:106CC000178410F8011B02EB820203EB4202A1F1D0
:106CD0003003092BF5D942EAE27305938046FFF7AA
:106CE000DCBB089B06981C1A002C7FF70CAD102CFF
:106CF00040F3268438460C95AE4F049D102604E0E0
:106D0000103C102C00F1080015DD01321031072A6B
:106D1000C0E90076CDE91921F2DD18AA29465846C6
:106D200000F0ACFC00287FF490AC103C102CDDE9A6
:106D300019211BA8E9DC0C9D3B4607460132214482
:106D4000072ACDE919213B607C6000F3A482059BF2
:106D50000A981C1A002C07F108077FF7DAAC102CF0
:106D600040F3ED8238461026924F04E0103C102C80
:106D700000F1080016DD01328E4B1031072AC0E900
:106D80000036CDE91921F1DD049918AA584600F022
:106D900075FC00287FF459AC103C102CDDE919215A
:106DA0001BA8E8DC3B46074601322144072ACDE90F
:106DB00019213B607C6000F3AA800837A9E404999C
:106DC00018AA584600F05AFC00287FF43EAC1A99E5
:106DD0001BAFA9E4049918AA584600F04FFC0028FC
:106DE0007FF433ACDDE919211BAF89E4049918AABB
:106DF000584600F043FC00287FF427ACDDE9192158
:106E00001BAF6EE4102C199B40F381833A46049E1D
:106E1000694F102504E0103C102C02F1080215DD2A
:106E200001331031072BC2E90075CDE91931F2DDCC
:106E300018AA3146584600F021FC00287FF405AC22
:106E4000103C102CDDE919311BAAE9DC3E4617463F
:106E500001332144072BC7E90064CDE919317FF7DD
:106E60006CAC049918AA584600F008FC00287FF47E
:106E7000ECAB1A9961E4302A00F001823023059AC4
:106E800005F8013C023844AB1B1A9A42B8BF1A46B7
:106E90000A9306920546EFE000230C93102C464E11
:106EA000624623DD394610232F46049D04E0103C42
:106EB000102C01F1080117DD01321030072AC1E959
:106EC0000063CDE91920F2DD18AA2946584600F0E2
:106ED000D5FB00287FF4B9AB103C102CDDE919205C
:106EE0001BA94FF01003E7DC3D460F460132211885
:106EF000072ACDE919213E607C6000F37A819DF874
:106F000043600837002E36D00026FFF7DDBB04991A
:106F100018AA584600F0B2FB00287FF496ABDDE9D2
:106F200019211BAFFFF7F5BB20F480620392F1E457
:106F3000099301230A930DF20F15FFF7B2BB0B93D0
:106F400098F80030FFF7A6BA92047FF561AAF2E242
:106F5000059A002A7FF4DEAC10F00102069200F0E0
:106F6000428130238DF80F31059B0A9209930DF26F
:106F70000F15FFF796BB0C9B002B7FF4B4ABFFF70C
:106F8000C2BB0B9B1A1D0B9B0B921B680021B3E429
:106F9000039AD00600F18C81039A510600F1958284
:106FA000039A920540F184810B9A07991268117037
:106FB00003E600BF18820020CC7D00200B9B1A1D29
:106FC0000B9B05981B680026B0428DF843601C4659
:106FD00067DB21F080010391002B7FF4DEAC0B9284
:106FE000002840F05A820A900690099044ADFFF7BD
:106FF00058BB0393FFF7C4BB039B0B9AD90652F807
:10700000044B3FF5F8AD039B5E0640F1768144F3F7
:10701000C0360B9224B23346FFF7BBBBAD48039B8F
:107020009D0640F1B5800B9B073323F007031A46FA
:107030005C6852F8083B0B92039A12F00102069228
:1070400040F08C808DF84320059A002AC0F2B7806A
:10705000039A22F49062039253EA040240F0F38010
:10706000059A002A00F0F68103788DF80F3101238C
:1070700006920A930DF20F15DDE91921039B13F017
:1070800084060846944600F0A1829DF84330002B08
:1070900000F0AB82002309930C93FFF715BB8E48D9
:1070A000BDE70B920391FFF782BB40F00200039013
:1070B00031E50B9B1B688DF8AC30012306930A93D6
:1070C0002BADFFF7E4BB002A00F0D4813024FFF79A
:1070D00074BB039B43F40073039308F1010898F811
:1070E0000030FFF7D7B9039B43F02003039308F167
:1070F000010898F80030FFF7CDB9099B13930822D7
:10710000002116A8FAF7ECFD059B002BC0F21981AF
:107110000024069725461F460EE02BA95846FFF788
:10712000FFF8411C284400F0FD81B84209DC04F15D
:10713000040400F008820546139A125916AB002A7F
:10714000EBD1069F05950AE1089C069B0996E41A77
:10715000002C7FF7C8AA02230C939FE653EA04028F
:107160005ED100238DF84330059B002BC0F22181B6
:10717000039B23F49063039300F0878103788DF8D9
:107180000F31069B0A93059B06930DF20F1573E7CB
:107190000B9A52F8043B0B92039AD40608D4520679
:1071A00002D59BB2002447E7039A960500F181813E
:1071B000002441E742F00202039202220692039A5F
:1071C00022F48062039203F00F02825C8DF80F219B
:1071D0001B0943EA0473220953EA14147FF4A7AC91
:1071E0000DF20F15B1E4059B44ADCDE90933FFF76E
:1071F00058BA049918AA584600F040FA06460028E2
:107200007FF423AA9DF84330DDE91921002B40F0DB
:1072100089800C9B1BAF002B7FF465AAFFF773BA24
:1072200030228DF8442000228DF84320059A8DF8F5
:107230004510002A039ABDDB22F4906242F002025C
:1072400003920222069203F00F02825CBEE7099DC0
:107250002846FBF76BF89DF843300A9020EAE0726D
:107260000692002B7FF4F2AA099D05930B960993D1
:10727000FFF717BA5846FAF75FFBFFF7B2B8059A5F
:1072800044AB5B1B9A42B8BF1A460A93002306928E
:107290000993FFF706BA049918AA584600F0EEF9C8
:1072A00000287FF4D2A9DDE919211BAFFFF72BBA23
:1072B0000B9A0799126811607FE4059B074D0B96A6
:1072C000062B28BF062306930A93099B0593FFF715
:1072D000E8B900BFDC1B0020C81B0020F01B002009
:1072E0000B91002C00F0DC80302301228DF80F314F
:1072F0000DF20F1523460A9232E4039B0B929D0573
:107300004ABF44F3C016E61764B23346FFF741BAEA
:10731000039810F4007600F0CF808DF84310DBB2B4
:10732000FFF72FBB1BAFFFF7CFB9039810F4007125
:1073300000F0BB80DBB20B920021FFF7DDBAAC4B53
:1073400032E516AB0093002313AA19465846FFF7FF
:107350000FF80590013000F0E580099B1393059B21
:10736000002B7CD0632B00F3B680002309932BAD58
:107370000822002116A8FAF7B3FC059C16AB00936F
:1073800013AA234629465846FEF7F2FF844240F0EE
:107390001681059900236B5421EAE17206929DF84B
:1073A0004320002A40F0B580CDE90A160592FFF788
:1073B00078B903788DF80F31039B23F4806303932E
:1073C000069B0A930DF20F1556E60E9A0F99AD1A09
:1073D0002846FAF705FD9BF801300BB10BF1010BC4
:1073E000844AA31943F10003A2FB030C2CF0030011
:1073F00000EB9C001B1AE31A4FF0CC3166F100063B
:1074000003FB01F102FB0611A3FB023001445B0800
:1074100043EAC1744E08A31943F10003A2FB031011
:1074200020F0030101EB90015B1AE31AA3FB023188
:1074300066F1000002FB00125B0843EAC27303EB33
:107440008303A4EB4303303305F8013C0120013DE5
:10745000FFF701BB059B0A9344A805460CE69DF87F
:107460004330099D0B96003B18BF01230693059BF3
:107470000A9301E69DF843303BB1059BCDE9093302
:10748000012344AD0693FFF7ADB9059BFFF727BB7A
:10749000059B0B92002B3FF422AB0024FFF78CB925
:1074A000059B0A9344ADFFF75BBB03980B92FFF774
:1074B00023BADBB20024BFE505998DF843600029AB
:1074C0001C46BFF663AAFFF768BA0B9A07991268C1
:1074D0001180FFF772BB591C5846F9F70BFD0546A2
:1074E00000B3099044E7886DFAF74EFDFFF76BB8DB
:1074F000002380460593FEF7D0BF049918AA58468A
:1075000000F0BCF800283FF48AA8FFF7A4B83A4E70
:107510009EE4059A0A92069A0B960132069205930A
:10752000FFF760B90498B0F90C30426E43F04001A7
:10753000D207818109D54FF0FF330793FFF795B844
:107540002B4BFFF7FBBB069F09E79905F3D4FFF729
:107550000CB99BB1059B0B965A1C06920A93059099
:107560000990FFF73FB9D707E5D4049B9B899E0597
:10757000E1D4049B986DFAF707FDDCE7059A0993BF
:10758000CDE905320B960A92FFF78BB8049A536E39
:10759000D807D0D493899905CDD4906DFAF7F4FC2F
:1075A000C9E70B9A98F8013052F8041B0B9241EA94
:1075B000E17180460591FEF76DBF0846E3E4049A49
:1075C000938943F040039381FFF73FB80996FFF793
:1075D00070B8069350E5059B0122012BB8BF01232B
:1075E0000DF20F150A92FFF7BBBA0993FFF788B89F
:1075F00018820020CDCCCCCCCC7D0020F0B50D463F
:10760000ADF2744D164689896A6E1B92EA89ADF80F
:10761000162021F00201EA69ADF8141009921CA9A4
:107620006A6A0291074606910B924FF4806100222C
:1076300018A80193049107910892FAF79FFC32462B
:10764000019B02A93846FEF7B5FE061E07DB02A91C
:107650003846FDF7DDFD002818BF4FF0FF36BDF8B6
:1076600014305B0603D5AB8943F04003AB81189817
:10767000FAF786FC30460DF2744DF0BD936810B5F4
:1076800014461BB918460023636010BD00F068F86B
:107690000023A3600023636010BD00BF2DE9F04309
:1076A0008E681D46AE420B6883B00C4690463AD8B1
:1076B000B1F90CC01CF4906F0FD135461846414605
:1076C0002A46FAF77BFAA3689E1B2368A6602B4420
:1076D0000020236003B0BDE8F0834A69096902EB2A
:1076E00042025E1A02EBD2726B1C52103344934278
:1076F00094BF17461F46934288BF1A461CF4806FFA
:10770000814612D01146F9F7F5FBF0B132462169F6
:107710000190F7F7DFFCA289019B22F4906242F00E
:107720008002A28105E02E46C8E7F9F7C5FE0346B0
:1077300038B123613344BE1BA660676123602E46C7
:10774000BCE721694846FAF7F5FEA3890C2243F00D
:107750004003C9F800204FF0FF30A381BAE700BF13
:107760009368002B00F0B7802DE9F04FB1F90CC001
:107770001CF0080F83B00C46804617462DD00B69CD
:107780005BB31CF002033E6833D04FF0000ADFF811
:10779000C4B25546B9465D452B46524628BF5B46A6
:1077A0004046B5B1E169676AB847002840F38B806D
:1077B000D9F808301B1A8244C9F80830002B79D058
:1077C0002D1A5D452B46524628BF5B464046002D8C
:1077D000E8D1D6E900A50836DDE72146404600F0AD
:1077E0003BF9002874D1B4F90CC03E681CF00203C8
:1077F000CBD11CF0010A70D1236800975546002DAB
:1078000054D01CF4007FD4F80890184600F0AB80E8
:10781000A945CB4600F2E4801CF4906F34D0216976
:107820006269A3EB010902EB420202EBD27209F199
:10783000010352102B44934294BF93469B469342BC
:1078400088BF1A461CF4806F00F0E980114640465C
:10785000F9F750FB002800F0F7804A4621690190B3
:10786000F7F738FCA289019B22F4906242F0800273
:10787000A28103EB09002361ABEB0903C4F814B048
:10788000A3602060A946AB4651465A46FAF796F9DE
:10789000A2682368A2EB0902A260009A91685B4487
:1078A000491B2360916029B1B4F90CC0D6E900A549
:1078B0000836A4E7002003B0BDE8F08F214640461B
:1078C000FDF7A6FC68B3B4F90C3043F04003A38184
:1078D0004FF0FF30EFE7002070471D469A461846EC
:1078E000B946009365B3002831D05246D4E9041359
:1078F0002068AA4228BF2A46884204D9A16803EB1F
:10790000010B5A457CDC93426DDCE169009A676AA1
:107910004046B847B0F1000BD5DDBAEB0B0ACDD02D
:107920000120D9F80830A3EB0B03C9F80830002B6D
:10793000C0D0009BA5EB0B055B440093002DD2D17A
:10794000756833460836002DFAD01B680093009FF7
:107950002A460A213846FAF799FC002871D00130EE
:10796000A0EB070AC1E722699A4221D36269AA42C1
:107970001ED86FF00043AB4228BF2B46E16993FB52
:10798000F2F3676A02FB03F340465246B847B0F190
:10799000000998DD009A9368A3EB0903A5EB09059C
:1079A0009360002B86D0B4F90CC02368CA4426E744
:1079B000A94528BFA94618464A465146FAF7FEF897
:1079C000A2682368A2EB09024B44A2602360002A4C
:1079D000E0D121464046FDF71BFC0028DAD072E7D3
:1079E000A946AB4650E700990192FAF7E7F8019AE9
:1079F000A3689B1AA36023681344236093468CE713
:107A000000995A46FAF7DAF823685B442360214666
:107A10004046FDF7FDFB00283FF47FAF53E74046AB
:107A2000F9F74AFD034600287FF423AF2169404659
:107A3000FAF780FDA3890C22C8F8002023F0800308
:107A400043E76A1C924651E70C22B4F90C30C8F89F
:107A500000203AE700FCFF7F10B5354B044618685C
:107A600082B00B4610B1426B002A53D0B3F90C2000
:107A7000110711D51869C8B1B3F90C2012F0010132
:107A800026D059694FF0000C4942C3F808C09961EB
:107A900020B3002002B010BDD00640D5510723D43A
:107AA000186942F008029A810028E5D19A8902F407
:107AB0002072B2F5007FDFD019462046019300F016
:107AC000C9F8019BB3F90C20186912F00101D8D153
:107AD000940758BF596999600028DAD11106D9D5A1
:107AE00042F040029A811FE0196B61B103F140003E
:107AF000814206D020460193FAF71CFD019BB3F9A1
:107B00000C200021196318690021C3E9000122F04B
:107B10002402C6E70191F9F70FFF019BA6E70921AF
:107B200042F0400221609A814FF0FF30B2E700BF7F
:107B3000F08C00202DE9F04F8BB0DDE91589149F02
:107B400002901C46B8F1000F57D016680196002924
:107B5000C34608BF4FF0FF37002588460391924681
:107B600006E0019B53F8040B0193002837D06546CB
:107B7000AF423ED9002C3CD0DBF800300493DBF858
:107B800004300593019B02981A68D9F8C8615B46D6
:107B900006A9B047431C33D000EB050CBC453AD8CE
:107BA000039B013C002BDCD000280DDD08F1FF32E7
:107BB000019E06A900EB020E11F8013B02F8013FFD
:107BC0007245F9D101968044019BDAF8002053F800
:107BD000040B01930432CAF800200028C7D103998E
:107BE000D84609B1CAF800000022C8F800200CF1FC
:107BF000FF3528460BB0BDE8F08F00F58678A4E786
:107C0000029B05468A21002228461960CBF80020F5
:107C10000BB0BDE8F08FD846DDF810A0DDF814B049
:107C20002846C8E900AB0BB0BDE8F08F00B585B0C1
:107C3000DFF81CC006980090079801900348006880
:107C4000CDF808C0FFF776FF05B000BDF08C00202E
:107C5000888A0020B1F90C20930706D501F143036F
:107C60000122C1E904320B60704730B50B46B1F90F
:107C70000E10002999B0044632DB02AA009300F0EE
:107C80005BF80028009B29DB4FF4806120460093BD
:107C9000039DF9F72FF9009BB3F90C20002839D088
:107CA00005F4704142F0800218601861B1F5005F80
:107CB0004FF480609A8158613AD1B3F90E10009365
:107CC000204600F04DF8009BB3F90C2080B322F061
:107CD000030242F001024FF4006117E0B3F90C20F7
:107CE000019312F0800F0CBF4FF4806140212046B9
:107CF0000091F9F7FFF8019B0099B3F90C2048B106
:107D0000C3E9040142F08002186000210A439A810D
:107D100019B030BD9105FBD422F0030203F14301F9
:107D200042F002020120C3E904109A811960EFE7D2
:107D30004FF40061EAE700BF38B5084C0023054660
:107D4000084611462360F7F7ADFB431C00D038BD51
:107D50002368002BFBD02B6038BD00BF08C3002078
:107D600038B5074C0023054608462360F7F7A0FB0B
:107D7000431C00D038BD2368002BFBD02B6038BDDE
:107D800008C300205FF800F0B51600605FF800F04F
:0C7D9000211F00605FF800F0CD1E0060B5
:047D9C00F8B500BF77
:087DA000C08DFF7F010000000F
:107DA80000000000000000000000000000000000CB
:107DB80000000000000000000000000000000000BB
:107DC80000000000000000000000000000000000AB
:107DD800000000000000000000000000000000009B
:107DE800000000000000000000000000000000008B
:107DF800000000000000000000000000000000007B
:107E0800000000000000000000000000000000006A
:107E1800000000000000000000000000000000005A
:107E2800000000000000000000000000000000004A
:107E3800000000000000000000000000000000003A
:107E4800000000000000000000000000000000002A
:107E5800000000000000000000000000000000001A
:107E6800000000000000000000000000000000000A
:107E780000000000000000000000000000000000FA
:107E880000000000000000000000000000000000EA
:107E980000000000000000000000000000000000DA
:107EA80000000000000000000000000000000000CA
:107EB80000000000000000000000000000000000BA
:107EC80000000000000000000000000000000000AA
:107ED800000000000000000000000000000000009A
:107EE800000000000000000000000000000000008A
:107EF800000000000000000000000000000000007A
:107F08000000000000000000000000000000000069
:107F18000000000000000000000000000000000059
:107F28000000000000000000000000000000000049
:107F38000000000000000000000000000000000039
:107F48000000000000000000000000000000000029
:107F58000000000000000000000000000000000019
:107F68000000000000000000000000000000000009
:107F780000000000000000000000000000000000F9
:107F880000000000000000000000000000000000E9
:107F980000000000000000000000000000000000D9
:107FA80000000000000000000000000000000000C9
:107FB80000000000000000000000000000000000B9
:107FC80000000000000000000000000000000000A9
:107FD8000000000000000000000000000000000099
:107FE8000000000000000000000000000000000089
:107FF8000000000000000000000000000000000079
:108008000000000000000000000000000000000068
:108018000000000000000000000000000000000058
:108028000080E03779C34143176E05B5B5B893466C
:10803800F5F93FE9034F384D321D30F94877825A38
:108048003CBF737FDD4F1575000000000000F03F56
:10805800000000000000244000000000000059401B
:108068000000000000408F40000000000088C3406E
:1080780000000000006AF8400000000080842E41E3
:1080880000000000D01263410000000084D797412F
:108098000000000065CDCD41000000205FA0024235
:1080A800000000E876483742000000A2941A6D42AA
:1080B800000040E59C30A2420000901EC4BCD6429D
:1080C80000003426F56B0C430080E03779C3414348
:1080D80000A0D8855734764300C84E676DC1AB43BE
:1080E800003D9160E458E143408CB5781DAF1544DC
:1080F80050EFE2D6E41A4B4492D54D06CFF08044B7
:10810800F64AE1C7022DB544B49DD9794378EA44CB
:10811800000000000000F03F000000000000F0BF79
:10812800000000000000F0BF000000000000F03F69
:1081380083C8C96D305F6441182D4454FB21F93F51
:10814800000000000000F03F1C620CFDFFFFDFBFD5
:10815800198F06E15355A53F9D359AE887C056BF4C
:10816800C3F87B024393F93E03A695595455C5BFFE
:10817800C40B23057610813F24CF7437EB9429BFB5
:10818800000000000000F03F000000000000F0BF09
:10819800000000000000F0BF000000000000F03FF9
:1081A80083C8C96D305F6441182D4454FB21F93FE1
:1081B800000000000000F0BF1C620CFDFFFFDF3F65
:1081C800198F06E15355A5BF9D359AE887C0563FDC
:1081D800C3F87B024393F9BE03A695595455C5BF0E
:1081E800C40B23057610813F24CF7437EB9429BF45
:1081F800436865636B20726567756C61746F722084
:10820800636F6E6E656374696F6E000043686563C3
:108218006B2061697220737570706C79202F2070E3
:10822800726573737572650043616C6C6261636B30
:108238002063616C6C6564202D20537769746368D2
:10824800696E67206F6666206E6F772E00000000EB
:1082580025732C20256C7520627974657320286637
:1082680069726D77617265290A000000494D4D41B8
:1082780047494E45204D414E43414E544520286EB6
:108288006527206E656C206669726D77617265205E
:108298006E65272073756C6C61206D6963726F530E
:1082A80044293A20000000005265737461727420FA
:1082B800616674657220706F77657220646F776E7F
:1082C80000000000466972737420706F7765722031
:1082D8006F6E000075426F782050726F2066697269
:1082E8006D776172652076382E342E312050484FD4
:1082F800454E49580000000042696F6D696D585F2E
:108308004C6F676F5F35305F63726F702E6A70678E
:108318000000000075486561727453796D626F6C76
:108328005F776562736974652E6A70670000000084
:10833800754B6E656553796D626F6C5F77656273B7
:108348006974652E6A7067007547757453796D6234
:108358006F6C5F576562736974652E6A7067000099
:10836800754C697665725F6C6F636B65645F627785
:108378005F75426F782E6A7067000000754C756EE5
:108388006753796D626F6C5F776562736974652E88
:108398006A706700755363617253796D626F6C5FC1
:1083A800776562736974652E6A70670075477574BE
:1083B8005F6F6E6169722E6A70670000736574740E
:1083C800696E67732E6A70670000000063757374C6
:1083D8006F6D53796D626F6C5F312E6A7067000044
:1083E800754E4D435F73796D626F6C5F75426F7840
:1083F8005F3330305F6470692E6A70670000000078
:10840800415454454E5A494F4E453A2025752069E6
:108418006D6D6167696E69206D616E63616E746907
:1084280020287665646920736F707261290A0000DC
:10843800454550524F4D3A2061726561206375730E
:10844800746F6D207631206D6F646966696361743D
:108458006120646120756E206669726D776172654E
:108468002076382E31202D3E206E756F7661206D76
:10847800696772617A696F6E650000004545505200
:108488004F4D3A207072696D6120696E697A696131
:108498006C697A7A617A696F6E6520286C61796F88
:1084A8007574207632290000454550524F4D3A20C8
:1084B8006D696772617A696F6E65206C61796F7535
:1084C80074207631202D3E20763200004E657720CC
:1084D800310000004E657720320000004E6577209D
:1084E800330000007374617274FF000053656C659B
:1084F800637420796F7572006F7267616E206D6F9B
:1085080064656C003A00000020612E6D2E000000AA
:1085180020702E6D2E0000002F0000004E6578742C
:10852800000000004261636B00000000596F752075
:1085380073656C6563746564000000007548656167
:10854800727420302E3235626172000075486561A0
:108558007274000069732061206D696E69617475B9
:1085680072697A6564206D6F64656C006F6620615E
:108578002066756E6374696F6E616C20616E64202D
:1085880062656174696E670068756D616E20686503
:10859800617274206F6E2061206368697020646561
:1085A80076656C6F7065640077697468696E2075AC
:1085B80042656174205374726574636820706C61DD
:1085C80074666F726D2E00004D6F726500000000BA
:1085D8005468616E6B7320746F2075426561742CEA
:1085E8002061206D656368616E6963616C207472D7
:1085F80061696E696E670000726573656D626C69AA
:108608006E67207468652070687973696F6C6F672E
:108618006963616C20686561727420626561746960
:108628006E6700006973206170706C6965642074FE
:108638006F2068756D616E20636172646961632083
:1086480063656C6C732063756C7475726564000087
:10865800696E2033442E2057697468696E206665F8
:108668007720646179732C207468652067656E656E
:10867800726174696F6E00006F6620612066756EA6
:108688006374696F6E616C2068756D616E206361DB
:108698007264696163207469737375652C000000E6
:1086A80073706F6E74616E656F75736C7920616E2F
:1086B800642073796E6368726F6E6F75736C79205E
:1086C80062656174696E67006973206163686965D2
:1086D8007665642E000000005374696D756C6174D2
:1086E800696F6E004672657175656E63793A2031FF
:1086F80020487A0044757479206379636C653A2060
:10870800353020250000000054696D696E6700004F
:108718004F6E20666F7265766572000057686174E7
:1087280020646F20796F752077616E7420746F20D4
:10873800646F3F0046696C6C00000000796F7572C9
:1087480000000000706C6174666F726D00000000BC
:1087580053746172740000007374696D756C617490
:10876800696F6E004D61696E000000004D656E75A1
:1087780000000000526561647920746F2072652DD5
:10878800737461727420746865207374696D756C94
:108798006174696F6E000000434F4E54494E554551
:1087A80000000000754B6E65650000006973207459
:1087B800686520666972737420696E2076697472C0
:1087C8006F206D696E6961747572697A65640000FD
:1087D8006D6F64656C206F6620612068756D616ED1
:1087E800206F7374656F617274687269746963006D
:1087F800284F41292063617274696C616765206F35
:108808006E20636869702C20646576656C6F70658E
:108818006400000077697468696E20754265617448
:1088280020436F6D70726573732E00005468616E1B
:108838006B7320754265617420746563686E6F6C34
:108848006F67792C2061206D656368616E6963616B
:108858006C0000006F7665726C6F616420726573DE
:10886800656D626C696E67207468652070617468F4
:108878006F6C6F676963616C00000000636F6E6402
:108888006974696F6E73206F66204F416973206148
:1088980070706C69656420746F2074686520686501
:1088A800616C7468790000006D6963726F74697334
:1088B800737565732E2075426561742070617468E4
:1088C8006F6C6F676963616C000000007374696D99
:1088D800756C6174696F6E206C656164732077696B
:1088E8007468696E20666577206461797320746F97
:1088F800000000007468652067656E6572617469C0
:108908006F6E206F66204F412D6C696B65206D6915
:1089180063726F746973737565730000776974683F
:108928002061207068656E6F7479706520616E646F
:108938002067656E6F74797065000000636F7272EE
:10894800656C6174696E672077697468204F41208F
:10895800636C696E6963616C2066656174757265C4
:10896800732E00003268204F4E0000002D2034681E
:10897800204F4646000000002D203268204F4E0050
:108988002D203136682052455354000075477574C0
:10899800000000006F6620612066756E6374696F61
:1089A8006E616C20696E74657374696E616C2065A4
:1089B80070697468656C69616C206F6E00000000F6
:1089C80061206368697020646576656C6F706564A2
:1089D8002077697468696E207542656174000000CB
:1089E8005374726574636820706C6174666F726D1D
:1089F8002E000000754265617420656E61626C65C9
:108A08007320746865206D656368616E6963616C65
:108A1800207374696D756C6174696F6E0000000075
:108A28006F662074686520696E74657374696E6119
:108A38006C206570697468656C69616C2063656C2D
:108A48006C73200072656361706974756C61746918
:108A58006E6720626F74682074686520706572693B
:108A68007374616C746963006D6F76656D656E749F
:108A78007320616E642074686520666C6F77206966
:108A88006E7369646520746865000000696E7465BA
:108A98007374696E616C206C756D656E2E205769F4
:108AA8007468696E206665772064617973200000B8
:108AB800612066756E6374696F6E616C206570699C
:108AC8007468656C69616C20626172726965722094
:108AD800776974680000000033442076696C6C691B
:108AE8002D6C696B65207374727563747572657328
:108AF8002069732067656E6572617465642E000075
:108B08004672657175656E63793A20302E32204859
:108B18007A00000075536361720000006973206178
:108B2800206D696E6961747572697A656420696E11
:108B380020766974726F206D6F64656C00000000A8
:108B48006F66206120666962726F74696320686568
:108B5800617274206F6E2063686970206465766541
:108B68006C6F7065640000006973206170706C69D7
:108B7800656420746F206361726469616320636552
:108B88006C6C7320616E6420666962726F626C61DE
:108B98007374730063756C747572656420696E20F4
:108BA80033442E207542656174207374696D756C49
:108BB8006174696F6E00000070726F766964657326
:108BC8002063656C6C73207769746820612066691E
:108BD80062726F7369732D6C696B6500656E766977
:108BE800726F6E6D656E7420616E64206C65616471
:108BF800732077697468696E206665772064617987
:108C080073000000746F207468652067656E657274
:108C18006174696F6E206F66206120736361722DC5
:108C28006C696B65207469737375652C00000000AE
:108C3800726570726F647563696E672068616C6CC9
:108C48006D61726B732E0000754E4D43000000007D
:108C58006F662061206E6575726F2D6D7573637513
:108C68006C6172206A756E6374696F6E20646576D4
:108C7800656C6F706564000077697468696E20754B
:108C88004265617420706C6174666F726D2E0000AD
:108C9800754C756E67000000754C756E6720000096
:108CA8006F6620612066756E6374696F6E616C20F3
:108CB8006C756E67206F6E006F66206C756E67202E
:108CC80063656C6C732C2072656361706974756C74
:108CD8006174696E67206B65792061737065637470
:108CE800730000006F66207468652064796E616D9A
:108CF8006963206D656368616E6963616C20656E88
:108D08007669726F6E6D656E740000006F66207410
:108D180068652072657370697261746F7279207307
:108D2800797374656D2C20696E636C7564696E6700
:108D380000000000627265617468696E672D617376
:108D4800736F636961746564206D6F76656D656EB8
:108D580074732E0057697468696E206120666577A0
:108D680020646179732C20612070687973696F6C55
:108D78006F676963616C6C790000000072656C65EF
:108D880076616E74206C756E67206D6F64656C20FB
:108D980069732067656E6572617465642E000000F2
:108DA8004672657175656E63793A20302E323720C8
:108DB800487A0000637573746F6D000043686F73C1
:108DC8006520796F7572206F776E207374696D7581
:108DD8006C6174696F6E207061747465726E2C00BA
:108DE80074756E696E672077617665666F726D2C33
:108DF800206672657175656E637920616E642064A2
:108E0800757479206379636C652E000043757374FB
:108E18006F6D697A6564205061747465726E730051
:108E280045646974000000005365740031323334BE
:108E3800353637383930000071776572747975695D
:108E48006F7000006173646667686A6B6C0000008D
:108E58007A786376626E6D006261636B0000000071
:108E680063616E63000000004F4B000043686F733E
:108E78006520796F75722077617665666F726D000F
:108E880053717561726520776176650053696E204C
:108E98007761766500000000706172616D657465C8
:108EA800727300004672657175656E637900000023
:108EB80044757479204379636C65000025000000CF
:108EC8005045414B00000000505245535355524500
:108ED800000000005374696D756C6174696F6E20D1
:108EE80070726573737572650000000062617200CC
:108EF800526567756C61746F722072616E67652068
:108F0800302E3035202D20312E3030206261722CE9
:108F1800207374657073206F6620302E3035000022
:108F28004669726D77617265207570646174650059
:108F3800436F6E6E656374207468652055534220D4
:108F48006361626C6520746F2074686520504320EB
:108F5800616E64206F70656E000000005465656E78
:108F68007379204C6F616465722077697468207426
:108F78006865206E6577202E6865782066696C655F
:108F880020284175746F206F6E292E005468652063
:108F980075426F782077696C6C207265626F6F74A8
:108FA80020696E2070726F6772616D6D696E6720DF
:108FB8006D6F64652E000000555342206361626C3A
:108FC80065206E6F7420636F6E6E656374656420D0
:108FD800746F20612050432E00000000546F2065FC
:108FE80078697420776974686F75742070726F6718
:108FF80072616D6D696E673A20756E706C75672069
:109008005553422C20706F776572206F66662E006C
:10901800474F000043414E43454C00004649524DDE
:1090280057415245205550444154453A20555342E2
:10903800206E6F6E20636F6C6C65676174612C20A5
:109048007269617676696F20726966697574617490
:109058006F0000004649524D574152452055504433
:109068004154453A207269617676696F206E656C65
:1090780020626F6F746C6F616465720050726F6705
:1090880072616D6D696E67206D6F64650000000028
:1090980057616974696E6720666F72205465656EE2
:1090A8007379204C6F61646572206F6E20746865F7
:1090B8002050432E2E2E00005468652075426F788C
:1090C8002072657374617274732062792069747395
:1090D800656C66207768656E20646F6E652E00008B
:1090E800546F206578697420776974686F75742087
:1090F80070726F6772616D6D696E673A20756E7018
:109108006C75672074686520555342206361626CF2
:10911800652C000072656D6F766520706F776572DB
:1091280020666F72203520732C207468656E20705D
:109138006F776572206F6E20616761696E2E00001F
:109148005374696D756C6174696F6E20626C6F63BE
:109158006B0000004F4E00006D696E004F464600E0
:109168005265737420626C6F636B000052455354F0
:1091780000000000686F7572730000006D696E75FD
:109188007465730041726520796F75207375726517
:1091980020796F752077616E7420746F2070726FFC
:1091A800636565643F00000046696C6C696E672002
:1091B8006D75737420626520706572666F726D6577
:1091C800640000006265666F726520626567696E9B
:1091D8006E696E6720746865207374696D756C615B
:1091E80074696F6E00000000594553004E4F00002F
:1091F800526561647920746F20737461727420748D
:109208006865207374696D756C6174696F6E0000B0
:10921800535441525400000043617274696C616791
:10922800650000005761726E696E672100000000DA
:1092380075426F782050524F20776173206E6F749B
:109248002070726F7065726C7920737477696368C7
:109258006564206F66662E00446F20796F752077ED
:10926800616E7420746F20636F6E74696E7565002B
:1092780066726F6D207768657265206974207374F3
:109288006F707065643F0000496620796F752065CE
:1092980078697420746869732070616765000000DC
:1092A80066696C6C696E672077696C6C206E6F7488
:1092B80020626520636F6D706C65746564000000E2
:1092C8007374696D756C6174696F6E2077696C6C05
:1092D80020656E64000000005468652074696D693B
:1092E8006E6720626C6F636B206578636565647375
:1092F8002032346800000000436865636B20274F04
:109308004E272C20274F46462720616E6420524561
:10931800535420626C6F636B730000006265666F64
:10932800726520676F696E67206F6E00474F542023
:10933800495400004F4E2F4F464620424C4F434B56
:10934800000000005468652074696D696E672062CA
:109358006C6F636B2069732073686F727465722019
:109368007468616E203234680000000046726571CE
:1093780075656E63793A20004475747920000000A1
:1093880025202D0050726573737572653A200000B0
:109398004F4E3A00270000004F46463A00000000B2
:1093A80046696C6C696E672E2E2E000054696D65D7
:1093B800206C6566743A2000206D696E757465735B
:1093C800000000005B454550524F4D5D2073616CB5
:1093D800766174616767696F20706572696F646927
:1093E800636F3A206461795F68656172743D256CCA
:1093F8007520743D256C75206D730A0044617900F1
:109408006F66207374696D756C6174696F6E0000A6
:10941800504155534500000053544F500000000080
:109428005B454550524F4D5D2073616C76617461A8
:109438006767696F20706572696F6469636F3A2046
:109448006461795F63617274696C6167653D256CFD
:109458007520743D256C75206D730A004E6578740F
:10946800207265737420696E3A2000006820616E6E
:10947800640000005B454550524F4D5D2073616CA0
:10948800766174616767696F20706572696F646976
:10949800636F3A206461795F6775743D256C752048
:1094A800743D256C75206D730A0000005B454550BE
:1094B800524F4D5D2073616C766174616767696FA7
:1094C80020706572696F6469636F3A206461795FBF
:1094D800736361723D256C7520743D256C75206D34
:1094E800730A00005B454550524F4D5D2073616C17
:1094F800766174616767696F20706572696F646906
:10950800636F3A206461795F6D7573636C653D259F
:109518006C7520743D256C75206D730A0000000081
:109528005B454550524F4D5D2073616C76617461A7
:109538006767696F20706572696F6469636F3A2045
:109548006461795F6C756E673D256C7520743D2587
:109558006C75206D730A00005B454550524F4D5D98
:109568002073616C766174616767696F20706572DA
:10957800696F6469636F3A206461795F63757374B6
:109588006F6D3D256C7520743D256C75206D730AD3
:109598000000000048617264776172653A20754284
:1095A8006F782050524F2076312E31004669726D07
:1095B800776172653A2076382E342E312050484F24
:1095C800454E4958000000005365742074696D6564
:1095D8000000000053657420646174650000000099
:1095E8004669726D7761726500000000757064618C
:1095F800746500002D0000002B000000576861749E
:109608002064617920697320746F6461793F000078
:109618004D6F6E74680000005965617200000000AB
:109628005265616479000000612E6D2E0000000013
:10963800702E6D2E00000000576861742074696DEB
:10964800652069732069743F000000005445535435
:10965800205741544348444F473A206C6F6F70205D
:10966800626C6F636361746F2C207265736574201C
:1096780061747465736F20656E74726F2031302069
:10968800730000004C4F472C706167653D25642CC2
:109698006461793D256C752C776176653D25752C5F
:1096A800626C6F636B3D25752C7365745F626172C4
:1096B8003D252E33662C6D6F6E5F563D252E326626
:1096C8002C6D6561735F6261723D252E33662C6176
:1096D8006C61726D3D25752C6379636C65733D25EE
:1096E8006C752C706572696F645F6D733D252E31E2
:1096F800662C6D696E5F6D733D252E31662C6D612C
:10970800785F6D733D252E31662C646566657272CF
:1097180065643D256C752C6C6F6F705F6D733D25AE
:109728002E31662C6C6F6F705F6D61785F6D733D65
:10973800252E31660A000000754C756E6753796DE9
:10974800626F6C5F6C6F636B65645F62775F7542B5
:109758006F782E6A706700002A2A2A2A0000000003
:10976800465438300000000046543800425438004F
:109778005446542069643A20000000005350492D93
:10978800312073706565643A20000000780000009D
:10979800207078005245475F4652455155454E4323
:1097A800593A2000496E76616C6964206F70657261
:1097B8006174696F6E000000436865636B207468AC
:1097C8006520696D616765206E616D650000000048
:1097D800436865636B207468652074797065206FD1
:1097E800662074686520696D6167652066696C65C7
:1097F8000000000049732069742074686520696D51
:109808006167652873292066696C65287329206F4C
:109818006E20746865206D6963726F5344206361BC
:1098280072643F0047442E7377617028292069735A
:10983800206C6F73743F0000585438585820737563
:109848006767657374733A2074616B652061206281
:109858007265616B20616E6420636865636B20616B
:109868006761696E21000000706C65617365207422
:109878006170206F6E2074686520646F740000004A
:1098880046543831584D616E69612E636F6D000022
:109898002C20000020627974657300004558464109
:1098A800540000004C435F434F4C4C41544500006A
:1098B8004C435F4354595045000000004C435F4DF2
:1098C8004F4E4554415259004C435F4E554D4552F9
:1098D800494300004C435F54494D45004C435F4D9C
:1098E800455353414745530042616C6C6F63207385
:1098F8007563636565646564000000002F646174C6
:10990800612F6A656E6B696E732F776F726B7370F8
:109918006163652F474E552D746F6F6C636861697D
:109928006E2F61726D2D31352F7372632F6E6577CF
:109938006C69622D63796777696E2F6E65776C69DC
:10994800622F6C6962632F7374646C69622F6D7027
:109958007265632E63000000494E4600696E66001A
:109968004E414E006E616E00303132333435363739
:109978003839616263646566000000003031323353
:1099880034353637383941424344454600000000F3
:10999800286E756C6C290000300000002C2066755C
:1099A8006E6374696F6E3A2000000000617373651E
:1099B8007274696F6E2022257322206661696C6556
:1099C800643A2066696C6520222573222C206C6914
:1099D8006E65202564257325730A0000496E666943
:1099E8006E697479000000004E614E002F64617446
:1099F800612F6A656E6B696E732F776F726B737008
:109A08006163652F474E552D746F6F6C636861698C
:109A18006E2F61726D2D31352F7372632F6E6577DE
:109A28006C69622D63796777696E2F6E65776C69EB
:109A3800622F6C6962632F7374646C69622F64743B
:109A48006F612E6300000000FF007801800143026F
:109A5800880187018C018B01920191019501F60122
:109A6800990198019A013D029E012002A801A701CF
:109A7800AD01AC01B001AF01B901B801BD01BC0134
:109A8800BF01F701C601C401C901C701CC01CA0160
:109A9800DD018E01F301F101F501F4013A02652CB3
:109AA8003C023B023E02662C420241025302810103
:109AB800540286015602890157028A0159028F0110
:109AC8005B029001600293016302940168029701AE
:109AD800690296016B02622C6F029C0172029D0161
:109AE80075029F017D02642C8002A6018302A901F0
:109AF8008802AE01890244028A02B1018B02B201D6
:109B08008C0245029202B7017B03FD037C03FE032E
:109B18007D03FF03AC038603C203A303CC038C03BA
:109B2800CD038E03CE038F03F203F903F803F70383
:109B3800FB03FA03CF04C0047D1D632C511F591F7A
:109B4800531F5B1F551F5D1F571F5F1F781FF81F8F
:109B5800791FF91FB31FBC1FCC1FC31FE51FEC1FC4
:109B6800FC1FF31F4E21322184218321612C602C9C
:109B7800762C752C58050020D49A0060FF4E000002
:109B880074050020788D00605B0D000090050020B2
:109B9800288000604F0D0000A8050020C0710060FB
:109BA800680E0000C0050020F4670060CA090000C4
:109BB800DC050020C05A0060340D00009819002010
:109BC800AC500060110A0000F4050020D844006081
:109BD800D40B00000C0600200C3C0060CB080000F1
:109BE8001C06002098360060730500002C06002033
:109BF8002C2C00606A0A000040060020981F0060B4
:109C0800920C00006100E01AE000E017F800E0079D
:109C18000001013032010106390101104A01012E0B
:109C28007901010682010104A0010106B3010104C2
:109C3800CD010110DE010112F801012822020112F2
:109C48004602010AAD03DB03B103E011C303E009D7
:109C5800D80301183004E0205004B0106004012239
:109C68008A040136C104010ED00401446105D026DE
:109C7800001E0196A01E015A001F0808101F0806A2
:109C8800201F0808301F0808401F0806601F080822
:109C9800701F4A02721F5604761F64027A1F7002F0
:109CA8007C1F7E02801F0808901F0808A01F080854
:109CB800B01F0802D01F0802E01F08027021F01030
:109CC800D024E61A302CD02F672C0106802C016492
:109CD800002D002641FFE01A1F1C1F1E1F1E1F1FFC
:109CE8001E1F1E1FA5E70100ADE70100B1E7010037
:109CF800B5E7010015E701001DE7010021E70100B4
:109D080025E7010071F6010075F6010079F60100FA
:109D18007DF60100000000000000000079540100F9
:109D28001555010075540100A95401002955010079
:109D380075550100BD54010000000000000000003E
:109D4800B58E0100000000000000000029C00100DD
:109D580035C001002DC00100D1C0010059C6010065
:109D680089C50100E5C5010081C4010041C20100A7
:109D780091CA010059BF0100BDBF010029C70100F8
:109D880045BF010049BF010051BF010055BF010097
:109D980059C2010031C80100ADC8010099C30100D2
:109DA8003DBF01004DBF010091C90100BDC60100C2
:109DB80049C001000000000000000000E1F80100B7
:109DC8007D1202007912020075120200711202005F
:109DD8006D12020069120200651202000000000004
:109DE8000000000079540100155501007554010068
:109DF800A95401002955010075550100BD54010001
:109E08000000000000000000F90100001502000039
:109E1800000000000000000055CC010059CC0100F2
:109E2800C1CA010051D0010081DB0100B9D3010092
:109E380001B8010089CC010065DB010069DC010083
:109E480041D4010099B70100C5D50100E5CB010057
:109E5800F1CB0100B5CA0100B9CA0100BDCA0100B1
:109E6800FDCB010021CC010045CC0100D1D001007F
:109E78006DCC0100B5CE01001DD10100DDD101007E
:109E88000000000000000000D9EA010069E90100B3
:109E980001E90100DDE70100F9E80100D5E701006B
:109EA80045E801005DE80100CDE7010089E801000F
:109EB800B9E7010001EA010009E9010091E70100A1
:109EC80071E80100D9E8010000000000000000006E
:109ED80035ED01007DEC010001E90100DDE701003D
:109EE800F9E80100D5E70100E9EC0100A1EC010067
:109EF800CDE7010081EC0100B9E70100F1ED0100B7
:109F0800E1EC010091E7010089EC0100B9EC0100E6
:109F1800410000007E000000BA000000610000005F
:109F28009D000000D9000000E1010000E5010000EB
:109F3800ED010000F5010000789CED9B3D881B4772
:109F48001480CF418553E5D2D84979D739DD75B921
:109F5800228D4A77B934890C695CA4507160051662
:109F6800B3865521830A150751E062CB850B195C2E
:109F78002870902B0E49CD411438B00207B9E2562B
:109F88002C812B14106403E218EE64B3D1ECECFCC2
:109F9800EEEC8F6E67564AF01B0C67EDEEDB4FEF69
:109FA800BD7933F366B4B616251B858D5AC6569D02
:109FB800FF2B44BE40897CB0969992368DAC0AAC92
:109FC80029B4A22E52F28657CDC6C1CF87B0350E1E
:109FD800166DE54E6D8F6AD2C9B959DB39F13289F0
:109FE800335B3FDE2431AB9C9378BE32CCC689A468
:109FF80079AA2B5EB1DECEA10A4E285B0312ADB75B
:10A00800157206161DEC3B3355A49E77EFA5FA682A
:10A01800F533E0BC7D72A18ED3F34A93621DE9BD8E
:10A02800A58A33B068A3A392138ADB576B5564D112
:10A0380062DD745593F64190B1AA2AFA15B6A8BA0A
:10A04800BEC44A65A8CEAA388B96263A489DD953ED
:10A058003C0E64B42AB6E8FDD73A38A1906C9595C1
:10A0680034F00D707491F6C1C34676FF6F04A4ED09
:10A07800A62E4E289DC3C01E5948833CFAF1B14E06
:10A08800D2ED71F65E8535B4A63A493DEFF6CB6C54
:10A09800B18A7BD3ED977A393DEFEC3C9B5531A9DA
:10A0A8009AD953BC10ABDE8C3488D217403FE9F6FE
:10A0B80078F3C6F355E2FB17FA39A19039C0C2AC60
:10A0C80038436D0DF221756683FD9B452BF6FDF631
:10A0D800381F5218017816B858B422D2870D9573D4
:10A0E800E724D939597CCD82A3F443ED198A97C660
:10A0F800018ED6B4B36B4CFA4F3F5F526746F255A8
:10A10800CA18C0771F9EE54B0A672CB467A561C5BE
:10A11800FD49FD3C3F599EB864CE9A622D80572474
:10A1280079F6272AA6CBD4595279FFE9DE323811BD
:10A138006BBB89596F559349C7AD6591C27865FA6C
:10A14800564CD65A4E8EE2C599919C15C38AAEDEFE
:10A158006B2F9314CACE0919B722627655483DEF82
:10A16800D3318D583F1BAC2C298C58B2D20A3257A8
:10A17800714549A10087190FB8A85D3552D8BF7637
:10A188004EF07A9B1D15568F140A8C834DC1B2ABC5
:10A1980090A5E462BAC323920FAA7826B5CCCC1F47
:10A1A80027A63B6E71519B33691F1C9EA5ADD3B585
:10A1B800A65CCCE64A8AD651C5FA8FA7E9EE2F7776
:10A1C80058D23C7B546982DFEAF6D3CCE05681143E
:10A1D800EECC9D9DC7DF2D7A7F59A4B0B59B5B83DC
:10A1E800A879FCD9F9D33DFEEE6592E21972E360D5
:10A1F800E70438A5C993E9936969029CF56366B4D5
:10A2080022592A8AB479BA7EFC20A29796266E3FF4
:10A218006AF5E5CC9AA75B83BEB47A24274D688596
:10A22800F8310AADCA8B75D91B9D198A1FF9DE2A28
:10A23800AA94FFB61F4B5A48BDEB9D389ADE7F8D16
:10A24800AECA2AEAA68BAEC9F705EEB5D1D5BEA42B
:10A258001ECB92FA04059FB71A47998514BF2F8120
:10A2680054E20D919490C04699213F77077A4A9E0F
:10A27800F9F3254D92F7A4EF49DF93AA27FDEB3FA9
:10A2880043BA0AF9F4FF462ADFDDC3EF9391B6A675
:10A2980071DF511FA97C3F02D736578974A3D60CAA
:10A2A800AD6AE81E671CE967F99116D073C53ABF15
:10A2B8001FF580A916C791E617A7B4D25FACE3B91A
:10A2C8006F1FF0F51619691F2C81748DCE0D8BF553
:10A2D80076B3DDE42A992B64539E55D6BE97ECA637
:10A2E800036719A47497576885E8FE8DEBDD7993A9
:10A2F80006BC90AC8A4E37A33D426C6BB1DE41F38D
:10A30800C2724825EC242AE8CACE997DC5D4E4CB8C
:10A31800D233804B202D50D6DA7C453E3C6A1CD483
:10A32800B85A81DCA678DF263FD2E475AEFC8415E6
:10A33800FE367992F276E55AE409069C17F226254C
:10A34800B45542E8EFC0609AC13ECFD39AD2DD9AA5
:10A35800FC4991DC5AC33981D0071140CF000387EB
:10A36800DD555A16A9286C0CBF6A963BE50EB7F75F
:10A37800B542A4C9FD6D51D2AEA1953566245E944F
:10A38800D4363D4B2BEB1AC904C1AF776E6E53DB45
:10A39800D447FAD64276602B5EA94825E7BABA4672
:10A3A80017E8B2EAC8B0C17548777A52CFBA649E46
:10A3B80086A4232DB16ACF35773392F618B2AEAFA3
:10A3C8004F7DBF722D5FEF4D490B88D40E9382529B
:10A3D800592D29D68B494706B64F1AD2DA1E22655F
:10A3E8006D8835AAB5EADBC0A298744662CCB3F092
:10A3F800AC308EF4EFFE951590026009A4A0A790EA
:10A40800D5367852F81722ED02BC2F1B47FAE5091A
:10A41800B41CB0581B52D22E50C569EE529D9014F0
:10A42800BD0392C2BF5292CE092F03CF8C4C9174B8
:10A43800A428B3F60C81146937908DD292DAE0D251
:10A44800626DC892AAB22AABF1DAC2DC2303BD2B33
:10A45800B54D816D123D86486AEE2AE0E434B62A8D
:10A46800C463C1E7E949991622559101788D340BE7
:10A47800D82948F19E1B22ED71DE164815F89FD7A2
:10A488003712F4C793E2EA4BC8A6E0CA524DCAF69F
:10A498007BD692594947A6489AD5FF61B22852D926
:10A4A800EF5878EFF35CAA4943FA420D5726642720
:10A4B800EFF1CAF58753F1A95E8834EB48954CFA59
:10A4C800E608D1AC4B7EC584CFEEDDBD4826D56805
:10A4D800D3E0CA6560B7625D3C6D049CCD607ED2F6
:10A4E8009D2EC1FB12727C32E361833D575119E204
:10A4F800B9CB47C792678D5E8EA4F85D772EE8B911
:10A50800BC57CDDF8FB606C3237AFAA5DD7C360D9E
:10A518003F3BB35493322360E86D6FC9B547E417E6
:10A52800A662ABED7D3E96F95B66836CA4744CC263
:10A5380076A4238D6D8C08EB2F67621D1EB671EB18
:10A54800EB09B5224F650B31947DA51AD713E6B3F5
:10A5580000F2BFC7EE9B23766FE3D7FD47438683A0
:10A568007B0E5289D19E7D9D1AD6C8FE4FF4E237E4
:10A57800933B177F9CDFBD78EC72F6127ABA67F5C9
:10A5880045DFAB18F7059DB6C98E5BBDF0AC28D486
:10A598004626FFED7CDF8BCF28984BFD541175F2D2
:10A5A8007301C8FA2E34DFA0574BE56BCBE63E7338
:10A5B800BFD011A550C23612328201638C8D59FA70
:10A5C8009D643EE15711AA7CEF934AF446E718CF01
:10A5D800F22CDC3B66615BCFEFBBB6447DEA56D21A
:10A5E800A2AFE0EA2DF4993FEEBC9BDBD1DC6D55C0
:10A5F800E0DA457687FFCD439FABAB4F85AD3A3266
:10A60800AFAC5E9824BEF95122896885EBFD3FC343
:10A61800FE9AEB77C323622C27D4247B027CAB8E73
:10A628005432AA02D4EBD3B2C215BD27CF10CA6BDD
:10A638006823096B77BEE68F783F6976E0755BCC57
:10A64800764153CD89AB4A729BC07AA3DC5EC8625F
:10A65800D7D6C89447B58A757E58B6BF8BB25BCF3C
:10A66800B8B2D0B79959CF2AAD7933773D5A298BEB
:10A67800B4F9B9B6FAF97E8407A90561767A5E79E4
:10A688005EE919BE95E3E342639DDFCFE571AC0B4C
:10A69800B4E7159D9C50927A509AD69BCF17757344
:10A6A8002259288F4AA244E74E942892F9C8CA78BA
:10A6B8003D2C928A4D42D3DB87E225B56D0D5BF9BF
:10A6C80058741381BC51B13B5F172E1C97FF021FB2
:10A6D800B242C000789CEDBDCD8E1C579225EC246B
:10A6E800FBC3E811BEA553D22CEA2D9C946A53F300
:10A6F800125EA2AA368D79875BADE89A5CE42217D0
:10A708005C70C185B347EC1E01A385801130024AF5
:10A7180080ABBB283417394016900504810C386388
:10A7280006A10FBE884510880498C0F0BBC78E1DCF
:10A73800B71B99499152511255C5483099191119A9
:10A74800117EED9AD9B1633FB7AADEDCDEDCDEDC30
:10A75800FE4A6FE9D2AF37B71FE776F9EABFCCD721
:10A768009BDBABBB7D7F29BC91CCABBBBD5A29BC65
:10A7780091CCF7BFFDF09278239597B9FDB8727820
:10A788002397E7DF7E5A49BC914A79FB1EAB3674A2
:10A79800D517D5A3764C9BFCB56E56F57238A9969D
:10A7A800F8297F8DED1AF7D68BF4557FF78D4CBEBF
:10A7B800D3EDBBACD2A7C3366DBA75F5A05E36AB88
:10A7C800766CC77EDDAFBB751AAB45B54823EFADD8
:10A7D80057696C576D964BBB4A47CDB25BD7CB6A6E
:10A7E8009125B4AE3E7D23936FB9BDE4BA347B792D
:10A7F800C54FB0AAF53241069B7AD9AEBAF590EFAB
:10A808008314FA4D3B7663B3840452BEB79FE79F27
:10A818009690487E6C5E67499964C6B4869C86CDDE
:10A82800B0EDD6CDFE1BA9ECDC5EB80EF55E5EBBC6
:10A838006D5EE1553756A70DF6FCD81DA771D854A3
:10A84800D932C1369936AC20997E6E562A3F679820
:10A85800578BBCDA786CD96F1A936063D2EBD6F851
:10A868000EB9D40BE84CFE6D34EBF63292F9EBBE20
:10A87800BDF0FAB1E7F3FEDFC01AD957D680BCAEF7
:10A8880023D6311D554BFC46BB94577DDE8ECDAA91
:10A89800B3BDDFACAA27F9AF36F9E7E590B528AF25
:10A8A800F898A049593266C3B245C3332127E81046
:10A8B800ED1B64F5372C936FBDEABCD7B314860D36
:10A8C800560D72C86B95D70B7E22FF3BC64FC97ECB
:10A8D8006F57D48876952DD61F9AFCF8301FF29EB4
:10A8E800873EE4F58677DFC036F5597EC9A44789E7
:10A8F8009934567C4EB5A086E5E78CBCF76F4E229E
:10A90800DF72B5ED41FD0C56A4352BC2D5C3DA6311
:10A91800B7279310BEFA6C8BA031D5292C17249732
:10A928001FCFFFE047F0379D3D93F628CBD0FC487A
:10A938005EE72759CAF60A26A13525DEAEE8632068
:10A9480079BC5B7ED5C5F0B43DF81B91C9B75C6591
:10A958007F9857D5B4207BDB93BC46B0F6636D6B0C
:10A96800D92CE919B4B6F8BF7354C5FFF3DF981EA4
:10A9780099FC60E9C6EA111E33EFBF823FA14DCAB8
:10A988009EE7343F7F844DCBF71A32C83E06FE67F8
:10A99800631EC67740C6617FFA2B97C9F33DC5EDA4
:10A9A800C66D7ADEB51BAC3B56D1BCF06A9837EE63
:10A9B8008DE12BE025B8BAB032FD06F688882AEF7B
:10A9C800EC0D1EEB46AD2C75417B7F307DD0BFC1B1
:10A9D8002C162C1B6D5F63F62A64025F032CD06F64
:10A9E800D3EDBF52993CEF9A3E6946221FECE02115
:10A9F8006B48956D11D61A72C8325A6107C3F6B7FB
:10AA08002325857D0EE964146B1EB9E5BA425E0BF9
:10AA1800FC5F3DC15A6BE581CA3AB774F82D7F3D9A
:10AA2800C16FD42DE81125D68DF036F4F39D7992B7
:10AA38002CD9D1BCCD66F8F8AF4C22CFDF61675C6A
:10AA48001B7C413BB06ADCEDEE27568689F2BA548E
:10AA58004B7A6EF7BA6BDA2D60AEFC0A232D4C8E5A
:10AA68003F56F4D3F2DB900F342FEB91478DFD9ACC
:10AA7800310AF429FB7EB77A420F44C0D010DEE3D6
:10AA88006862DD3CFB2BD292E75C07B00DD61496CA
:10AA98001F3A90FDE806B82AFBDD352C5175EAD639
:10AAA80086529AE481BFC36A677BB6EE88794D36D1
:10AAB800C31CD8B65929D6805C88A97A5B59EE7C24
:10AAC800B36EF9A7647A559DDABBAF24117C02BC3A
:10AAD80073D653430569859FA09FD593FAECAF427F
:10AAE80022975E4177082F502DBB796D919EAD97C7
:10AAF800EDE6C131506FF10256B5363F919FBB81EB
:10AB080035CB8F82933ACB38CCD1515EB379BBE445
:10AB1800DEAE0D61312E6F477A8ED674013F0F5B22
:10AB2800A2A8CEBC5433BD97699AE928BD3B6C5A9C
:10AB3800BE3FFF4F84DC2C61E720A776F1B396C8AF
:10AB4800E57AF1C570D2C0371331292E580FDB6E64
:10AB5800DE1FE7BD3A374FB2CD3868435B021B961C
:10AB6800D774EE5E64697B764DD624FFDD53788119
:10AB78007E8EF83CADA91DC96313B368C68E480E16
:10AB8800D49B6E929269D20A2BCE1812FADA1996D1
:10AB980086E65062D49A2CA727169D3EF899CAE4F7
:10ABA800D24FDDAE6B301ED89547BE3627E61FCE96
:10ABB80068197A8F057B8F13103BF766B110B9D5EA
:10ABC8008E7BCDB2011D678B93AD9E615E46E8B466
:10ABD80035E4793D721C93FB6CBCB245F3F6D78E15
:10ABE80022469304F783D9ACEA0CD2801CEA53A21C
:10ABF800B5EA89F4A33E055A7EAE37797D6F976B27
:10AC0800C6A2750F50AFD271770C14D503B92EB107
:10AC180013F32A1E3B1ADD986ED87E358B32877D5A
:10AC2800718F3B924B6F4CAFDA876451CC63DBABCF
:10AC3800C13E0D733E0B0899BE857AE2D1E446BF4A
:10AC4800338E6F5DBE59124F88C05C33A0991B4983
:10AC580081F7D77C6C9B3FEDF2672493CB7D86C54B
:10AC680007C363AC12EC53738475A0D78564AAB389
:10AC7800E6AC739C63FE7A412C4AC9D4ABE1C4624A
:10AC880006F8F74D3226057BBA59D20F935DC75F98
:10AC98007463EF96477A81D768C8395A5CCE77C013
:10ACA800DF183FF228991EE1FEEC210C1DD7A7669C
:10ACB80029379D233DEC0F3C4649996F3FFDD968E4
:10ACC800C9A59FB2C7CA9DD44BB1477905FEE87C98
:10ACD800AD790B670F1F63C560A1C888F05EC5E03A
:10ACE800793D4E60958693CEA3B97A592D2DDADB3E
:10ACF800803B691935D86A236614C6B2FF0D95D111
:10AD08007A91174BE3C4F83A7369CF161233A9D076
:10AD1800471171F51627BA4468BD9E87B85EA7DB50
:10AD2800259F2F3D4014078FDB8E4444B023DDB1AF
:10AD3800619987F59268B45A32FA820701F2CABB60
:10AD480092F664E4EEE73A366665AA053C3F30B011
:10AD5800F1B744B7F4F0C657F58E02A077C6AE2F08
:10AD68000D436F878DF329EBCEA54D29B4D4AB35B0
:10AD7800B58C3842AC199F03E9D03BB93D5BBB5554
:10AD88007BF85A4BE4C227AB67B68B9FE0AA1AE65A
:10AD98002AC664DC6C37C74AE75DB6CC91C77678BB
:10ADA8009C8E894FB36D3AEB2CF76A9AE04C88D9A0
:10ADB8009C253014AC55F330FFB46C46E88B7128F1
:10ADC80063B7A1A5CB486A43CCDB39B708EC40167A
:10ADD8000BEF6BB2D8B8E5DA4C360EB87AC1B826A4
:10ADE8003F022B471E133AB9EDD7FDBAD48C612325
:10ADF8005F46A9D5B3D7542297E129AEBE5910AC06
:10AE080030779CEDDD4367C59F5D49E038AA157131
:10AE1800252D7B67561F1140EB393D5B33B379FC19
:10AE28008E5D9D35E8986B85F5A7CD771DB0DD0D56
:10AE38001BD339CEF57CD6AA1DC5020B1F60E7CB04
:10AE4800760A8D35ABE08AD378F3B36ED213625F9E
:10AE58007CAF4FE1DF0D1DBF8E3A725116B795B327
:10AE6800832CB20E9C90CDA8CDB7A6FFD11C0D9B0C
:10AE78001B9F7F7CFBFAEC775FE46BDC022B2136AF
:10AE880024B6012EB57C528EFEE84BC81D564BAD3C
:10AE98006B858CF81125D56F18CBD152D14330D2A0
:10AEA80023166E1D69418E860F16F2CEC314938445
:10AEB8005F216B405DC0DF5F9F5D4BD533780C48E9
:10AEC800C0188435A5336CCDBE5DCE71BD56D21881
:10AED8000E730CB04046957197AD0AE234F39A8828
:10AEE80015EAB35F1FDCBF7D73AF4AD767F53360E0
:10AEF80018448159534E615B78BDB6CFD79E415AED
:10AF0800D37A317E6C3C026FE90BB0B3194B3F51D9
:10AF1800968AE8A1F5C8DC628B05916C6BBC9849F0
:10AF2800C25E35AD028B3922730F637AFAF0E65EA2
:10AF3800FE84B3EB9F29421242E7EE0116CE12FEC1
:10AF4800F36B24910B9FA4435C7C02CBCF28AE63A8
:10AF58008D01908CAD7146BDE3D52C077CE16ADF8D
:10AF68009E993D3A439D02337BFD94EDA644638D43
:10AF7800F18A9DC5825819C6F9788EEDDA2D7E269C
:10AF880012E09EE7BE67AC4DDBE6BA006C3D22FEE0
:10AF9800D17388909B65BDF05C0AACECE9B09D1D4F
:10AFA800DCDCC367BCB97725011338436CAC96F475
:10AFB800891EEE3591C845746B361C56AAB5EC420D
:10AFC800F6D6B6D392E72FAAC377B32C6EED5F9F60
:10AFD800E15AF1FFF5D9F0B4B65D87CC38E597E3CF
:10AFE800BA6364A6686FBA8D218385FC28EAACB27F
:10AFF800F53986C7551C434E98369EACBC6C51EF4C
:10B008005610F1353DBEE329E1376200F3FD2EC548
:10B018009136E96AE2E7C4BF2ADDD8BBF139D82DF9
:10B02800BE23AC6ABCF3733CC94F2E8DE699E192FE
:10B038000DF502EBD5FE41A8D53CC8E6EB3BB7F6CB
:10B048007F711FD7786B1F7BEF7EF621FF7C907D89
:10B05800ABA2876C07F22E7D5CDA0F6257476878DF
:10B06800DE3133BA79E53D2E277B88F5F4CA05E74A
:10B07800E72D869833FA067603DFD5293365D8811C
:10B088008C1874CB1181BCC9A67E0439E0F3528FA9
:10B09800F1EFAA6909344B5A275D7C0E97F2934A5F
:10B0A800C33C81211AA24CCB67F8EAD04EDCDA7F88
:10B0B800EBDEECE017F721895BFB9008E4726B3F4D
:10B0C800AFF752390E2219A21E314BF8DB76CA812E
:10B0D80090A385BC1BFF0BD347AB5FF038C776390D
:10B0E80023165BE72DF5C6FCB473864076B453BDD2
:10B0F80047EDC8653172C18EFFD03EE3FDDBD461F8
:10B10800C8C3AC6BBECA61A31CC9E0AC27F060D64B
:10B11800E29F5222974A838C68CD98C132DEB64EA0
:10B1280027B8DEDF7DF9CD5D5C1FBE2083D9C12C39
:10B13800FB74FCE5ADFD7753677B355F5F8E067A60
:10B14800DBFBAD47143902B41AB6649990BC96ABD0
:10B158007AC5156846DA1FFC4354DE6FE4357AE396
:10B16800B4C24FF75EB142BED75EED18F8817F03D7
:10B17800363FAD58C942D977EBE5C790C6CDBDD9A2
:10B18800C13777AFCF803DF83BA453FDC964B17593
:10B19800C460D126BD7D46253F8D442EBEEBB3CE7F
:10B1A800A35EAB4558D05AC0A237C697C35B4002CE
:10B1B8005FDF818D8244201D5C1DB5E4CA9FB2D734
:10B1C8005F2B0B445C6CB84BCCE29AB95BE4D5C1FD
:10B1D8005DA5490787292A8076D27621C6631CDABD
:10B1E800A9DEC1FE9E1C61E3F68D7A4039F56BD964
:10B1F8001D3CBF7EF6C1BEE441CDC04FB25A37F701
:10B20800D2F4B781C79847199EFE0412B9F08EC8C8
:10B21800D4990C567EE56B72135EEB34521FB8FE60
:10B22800B4C9F76F533FB4F3DEBAD71C934D52D667
:10B2380083D939C6119DE502AD62D4D90E31F366C2
:10B24800BFB4F7739C06CBC5881CF60A3B215E8504
:10B2580072AB9ED4A76418DB95FC4819B3E0B1AB78
:10B2680089D2809DA29F8BDF299F6B899AA5BA21DD
:10B278004693EDF3EAB87E547974561B80BC51EFBF
:10B28800D694BC04B2B2794DB633B34FBC2E480144
:10B2980092A912AE8EBB8F5AF2FECCE2BBB5B06A51
:10B2A800754A5DC33E6626BC07EBBD3589D1CBF830
:10B2B800739CE165D4E07F0F0F9D11D98A5C3AA594
:10B2C800113959CFA24FEC077E13F2CD36F69956B5
:10B2D8001D68839F2E7C3A3D5EB6B1B37E8BF8BE67
:10B2E800731BE79F1B7CD745B6F1479446F588EB5F
:10B2F80087BD4BCEB6B1AB4B96FBAECEDE9E51EFC3
:10B30800EFBB54200F5A64FCA3946EED43678C93F3
:10B318005F91016C7D05B17ACC4B111167AFB1B06B
:10B32800D777EC65D90FD6428CF21DDD54A5E0D550
:10B33800261BEDFB1CD93F817C9C8367F58AE516AB
:10B34800271DDA423BA8078A90843B64B9E0F1F0F4
:10B35800993FDC6F9E1129187B36612D44993F9ADD
:10B3680044CE7BF1CF8CA5C54E6364B466CC445FF4
:10B378003A3C15B2851C783DB45BB453BC36DE7FCD
:10B388006BFF9F0F584D48BFDA7BE514563CFB5EB8
:10B39800E8C236FB0EAF7620C6E1BE877FEFE6C473
:10B3A800C0F4011D71D89AF1023C37F322D03A7CDF
:10B3B80059844F3BB725D625D7C57D74EB80E82F38
:10B3C800AC936C16AF415AFDD6BD5BFB9087D94D47
:10B3D8007F57D3BAFC8ACDE73F9244CE7B8E65EF88
:10B3E8001566DD48DB6256616B3BEF9976BFFEA7B9
:10B3F8000DD03D94C42DF79CBFB8FF8FB7F37E7373
:10B4080054DA73CF79646D88750D068B55D1F62E95
:10B418006BDA6F70F4CDCA1964AB7363A406CE0CF3
:10B42800582DC740AAF31AC9F0F35551DF65966A3B
:10B43800CD57A3BED5ABF767F46DFA84948924C2BF
:10B448002B08B95C4B907691515913B7A5D505EEE9
:10B45800F70797467787D621A3A23532CD8C75C5D5
:10B468004EA72F89DFE129687BE5D3C9424863F8F5
:10B4780038A2C45FDCBF9AAC42C1ADD064DFBD6600
:10B48800CE7CFC31512FAB1AC9998B5149EE53E947
:10B49800773AF57BB83FF78E904DEB7C58EF9221C9
:10B4A80036775BB77E6F4FDE9B7BA64A61B9781D06
:10B4B800F2F0B896AFEF4072D599DB3B67F5B3066B
:10B4C8009ABF4B777E60899CD30DC38F8B7E1D1CE2
:10B4D8002C7338D8CBF5B3DAAE01F22052949648E3
:10B4E80016BC3A5E37FC3B22C59B7B6F7F4AE484DF
:10B4F8009DDD9994C53D99969C281F3B30621FC9D4
:10B50800DCB222AB779FDDE5283FB1BBC03A0E061F
:10B5180056E9AEBB89CB656D49EFCCBC479FD0EDF2
:10B52800A71FDFD62715DFA9CF1D9290B5D20E9B96
:10B538001DD4AA5BB15813DC166DED0F6AB3CE4B60
:10B54800833CDAA967203642A1887C9B6757922200
:10B558005AEAB72C147E8BC89C5746B4259B303CBE
:10B568002DF0FCA63A93AF8687A2D7A07534E67172
:10B57800137149C60E8BDE58A94E28D92B511529AF
:10B58800588433224AF14C8BA3C1DEEBB187CDB589
:10B598001456899F91FA1BBE3D7805592CECB70FBC
:10B5A800F75125535444785DC40FEAD7775EB7D96D
:10B5B800A7BD74EB607B83F538F99E937777B49CCD
:10B5C800D146F872BE82904BE016FAFE7FB457AEB1
:10B5D8002C4A476C2E4FECF1BB212054E4988F661F
:10B5E8006F827963C4D88C05B8DFBB35EB7789A146
:10B5F800A6F87CD37B768318A4F7A803F9F766F13D
:10B60800D141A9BB42BC920462593D16F75283AEA0
:10B6180024D387456F3ACD4C8945607B3F903CCE1B
:10B62800C9B99FF2CC64270CC58FE473DE9F51B76C
:10B63800615D8163C367870C4ADDF8FB4F2529BB31
:10B64800E7A0452674E1B6CFB949A17BE3695D233C
:10B65800E80FC405C23330335572E813EAD92A7E9D
:10B66800AB4FF179B15EE20EBDCA7A7C7B26BF0191
:10B67800D437B30CCD2EF2653CB21B1B12FDBEB7FE
:10B68800D77CDE8D94B021C18D90F80FA221E75EA2
:10B69800D32A2857BC3231231DEA07F3DEFDE54CD7
:10B6A8007E1B6BAE1823F65C95B8D7422EC4337850
:10B6B800B4B2B8F89F6F5767AA908A0C059976C6F6
:10B6C800359D676AC9C033BA1097E8F5574B72378A
:10B6D800EAFAD8CD810F5E8F084ED16B4836D59FD8
:10B6E800026D5C9F24B3CB26963A0F6DE617E3A94B
:10B6F800FBB7FFEB1D6AA4690A2AEA50FBBBEC7E84
:10B70800082FB21B7398AD6CCEC8ADCB8B24EB9DC4
:10B71800797BA6B557FCA76BA294C40451FBE92F0B
:10B728007975E57EBCB11F329026DA756E6D8D3D58
:10B73800EA636D9BD5A57B357567FB22790EBC5AEC
:10B748008AD972AB6E919AB82ADA14E7504EBBCDFB
:10B7580095442C25DF5125ACF175D775EE95D2426D
:10B7680071EF501EE47D6EEDDF7BC8CF5D2F598FE2
:10B77800C2ACCC05DEF7954AA3D92FF71A1912E700
:10B788003656FD56B138E33D5C0F3FBFD8ABB0CF5E
:10B79800FCCE7DF8D6BD405A78CEC7B7194DD0A695
:10B7A800F4BEAA8C1B5A67473CF6A29D62D7D414F4
:10B7B80087B3B3B673EB458E5119F1DEAB2A8477A4
:10B7C800C9CD7C75172B0BDB23841BBA21BD5524EF
:10B7D800424B1C38917C1C7FEF9F2663335951DF05
:10B7E8005AFD51D6E4F35DBCAF501ED0445E5BD623
:10B7F800F65575CA0888F1D4D5243C554650C1FB86
:10B80800E0B16FEE424ABBF1D6FE67BC32C9E4FE36
:10B81800EDAF1E4E88DEAA4B68E7C1EA8A551F368F
:10B82800AC2E6C6D3240F2FC5EAFDAD265EFDD888B
:10B83800D22464E89B955015FB4B800E8CB97F563B
:10B84800C67ED25BC8415843880AF7E89F6425DD65
:10B85800C1D57D6811BBD51C31D63466BE3ACF68D8
:10B86800BD32697057D5669F86397642A7FA9963C3
:10B87800D428147E793F58C46049C955C196295FB8
:10B888004B8EF1FA0CBB4C3A737D7625755E09DA5E
:10B898007A0CE7AC98579A02E5A7B5387D4640CAB6
:10B8A800D81997F984BC8D7C0D11743345D18C3827
:10B8B80014B35CB1D5FDE66EB9C6A52F2FBFE2FE65
:10B8C800522640BDB4B8D752B3147A1BA23AFEBC74
:10B8D800177945F2884A29F4D9B5A695E245BFE912
:10B8E800B89EDFDCFDFACE2FEE33B726AFC135E7C1
:10B8F8006A33AA256F2A8E1139C3FBB7951DC5EB8C
:10B90800FCDB5D5A2146118C2418DD284BDE7B7642
:10B9180055DD03D9732813A9BA76F312F92FB6AAFD
:10B92800F484856A8CB91F3C638218873B3C746336
:10B93800F7AB72CF822CFAEEE3422781B7EC59CFEE
:10B94800E4F120197AA90BB1E12B9186F51F8DAC92
:10B958002F36BBEE0C376A0EF059E8D5BEB94BC48A
:10B96800F1D63DFC4E5B5B5EDDAF3EE1B38851181E
:10B978009D50B3F48F68D3223CE327ED8A8092B6BA
:10B98800C97926B2E67A77C41CE63D0DF7C9DF749B
:10B998005EA3C87E0F562DD0AE29AA49E8A63D63FE
:10B9A8004CB7FF19575ADF2585D008D9AC523764F0
:10B9B800A9422A568BF29415458CC88CC37CF24A4E
:10B9C8006C563A2F8F8A0C9DE17A56077466B7DE5B
:10B9D8007504A5A84F084B3186A25C3CE37F7D1116
:10B9E800F8519E5D7C2FE50119DEDAFFFD7EEB78CC
:10B9F800B6F7D843F959F122E0CF3BCF844857181E
:10BA0800AF74AA5A3339A551DD85AC466856CA2C9D
:10BA1800B6E3AE2D12DFCC7FDCFD8CC2F9281F2FD8
:10BA2800E576DEAE7D7D072C636F9DD5E43C85B25F
:10BA38005F01EEDDF9FBB4E9BCA2BFF3DE19EBCD83
:10BA4800C83EE4EA272536DFF5DFD8FFB05EE1AF70
:10BA5800F73F2BEB19147FB07220983C7CFFE08BEA
:10BA6800B412AB419BC5EC86AFFD9ADD6AE2545B2C
:10BA7800EFB7AABDBB9CCF01AF831D94CCC733EAF7
:10BA8800208B4C3BA275E69E61750F7707575BEBE1
:10BA9800CE4F1B7AA1FF4B1C2016E8FA2C2DE53F50
:10BAA800945BCF3BE62FC5BD3B7FDD1E5895C0B1EB
:10BAB800215CAFD61B0C3F34CB8F6F471C856B5076
:10BAC80024C1AC39F204BC8772803CE83B9449B885
:10BAD800B9F7AB4F64ED989B92ED6AD0C579EA95BA
:10BAE8004E9E574D362D20AD3D6A1F8317249F0B60
:10BAF80039298FEE5863AAC62A1001EDE043F9866A
:10BB0800D90177BF7203E76D53191B9651C945C414
:10BB180085677CB88F4E11C5A28AD12E4C7FF80B51
:10BB2800E491EDDF29A36256C012DFC33ADF7BC080
:10BB3800D5934E6065C1817C7D87768739F3B0489F
:10BB4800880423F7116C4AC491D4168FD517F2D9FB
:10BB5800F5A277AC0A698863EC37C2508CC75BEFF3
:10BB6800BA152E4E63B38ABCA1644A1FD26FE5C7CB
:10BB7800E141C89268AD1113491265360A9F4CF627
:10BB88005712D46E2C75E7C6DEB016A6608E25EB6C
:10BB9800E45FE24376FE324738ABCAEA00DAE530C2
:10BBA8005971B38F4FF57923174EFFACF5A69668F8
:10BBB800E7D3CFD39F83632763C2BFE2DEC2DFFE32
:10BBC800EA13D5055DF973E7153C9DD7A75BE781B7
:10BBD800F7CC3645453AE37566A3BAA932B1F3DE28
:10BBE8001EC6F166DD1E753EDBE46A22EE8B7D1F04
:10BBF800388B382324C2CFB78BBE680D22D6558424
:10BC08004FA9347F9E2A2FD00FB9B4DD70BEDBED6B
:10BC18007BCAA3630E90F59BECE1F74CD06F7D7F58
:10BC2800C38F95390D62D7E04BF0B9F19CFBB7F79C
:10BC38003F23DB4879D04641827FFF6964D4C968D5
:10BC4800E1FE2BA9B729177C3755814C7E8395CF08
:10BC5800862F68A398D990EF4E9ECD27E71BF92D24
:10BC6800FCD42CF4EE8CBFB5AAB4B3C162516F8476
:10BC78009E2226E4F75D4E888FF3D1B793FAAB681E
:10BC88004FC99FBC0A79D48FECEAACF2D0F23736B0
:10BC9800ED8B7BF2839DCC2BB1236D94EC0E7FD77B
:10BCA8004E42ACC108843AC4AB87C7574CC84C8FC6
:10BCB800ECC0FDDBFDD3FCAE276409D169A0CEDB67
:10BCC8009E3D7EACDD7554C55A91D66D1431807891
:10BCD8004971BEF424FDE6ED44B907AE655CBA1BB4
:10BCE80079E04BD2886844BA20E451E63CC3C334B7
:10BCF800CF729C93117B6B5997812CE8A3EF258F0A
:10BD08005DEDB06B230F4AFE42F560D792A4115C3B
:10BD18001577887C00EF97B42009AC37AE10DC8922
:10BD28006C1D7CBEBC89224879D577531AC99C9072
:10BD3800BB6D6DCFB7BEDB6DFECB9A552EA6C31B70
:10BD480072DDD36C9495B2B19DD7E93282BFF9B94F
:10BD5800F64BE9B34B1E57E856311F770FF386179A
:10BD6800A5111C43E4ABAE26D9CDD6D9008B10BFA4
:10BD78008F86EC62AB15B9DCC12BFB958F6E97AA49
:10BD8800A50CEF2C9F2E3F1D3928ADF83777E553CA
:10BD980060AFA85188CDE36FE0F163056EEEB5CBD7
:10BDA800A23E8A5E645DF2F19DFAFB3D634E4CDC77
:10BDB800AFA5C3E2D85B9FC29177D653BE3A74B59C
:10BDC8008C01251B79EB88494A5F1DB5A3D42AFD50
:10BDD80026BB252E787690A67EB7E43563DFCB6246
:10BDE800EDFC45BFEDD75345F928BC98AFFC697009
:10BDF800528CB3C99B97FA1F715F8970A3D6449977
:10BE0800127ACFA81560264B7BED83FDFE2931966B
:10BE18004D05B0CA2EE65EFAB52A6EC8A5F4CECF97
:10BE2800333E340B8BCA5EB3B3CA93E0A77713DFF4
:10BE3800EF7C442EFB5FFAEDF82D1E097B5AF27455
:10BE4800ACF6233F4754F91B4359DEE168530EF221
:10BE5800A7FCEE28EB9C2F4FD69564B9B935B35E95
:10BE6800B8B29B5FBC577841464CC24B816EC31633
:10BE7800489788B29481E3A3BFFAE4579FEC32C293
:10BE8800C14A5AEDD98CF5D5565BC25A52EFBAEA77
:10BE9800C4992FEAD37E9A4703C611FC4A63D58D0D
:10BEA800CAB39B84F2BA5CFF939819D45B288E902E
:10BEB800169778AB8CFDCA9CA0B8F960E9221B42A2
:10BEC8008D97A5681E0D3E5BAB674FE3F89D356403
:10BED80017E93E62CE01553DACC260971DFB555433
:10BEE8004DA9FACFC04565760D8FCBBFC046289EB9
:10BEF8009565085B277F28BE31D067E7F1B6755096
:10BF0800933D338DF0FCC87C9A0030D53613D55854
:10BF1800CED0F8EFE4B9F5CEAA7AC27B942CBAD089
:10BF2800C8AE3694B941C58FFAE4515FC62B603468
:10BF38001B56E19A65D655416108703CE7D35F24EA
:10BF4800915DDF61F356BBB5721CB2C7E0E1824375
:10BF5800A37E70D7C9FFC95B2BDBC14F4E54258424
:10BF6800199534CAE894F9F5325A7C2731DE6838D5
:10BF7800DB6D4D1D21D2809FB6BCDC4275250DEBD3
:10BF880041D7BD772FD18B33A6AFCE42F74AFE43B8
:10BF9800164B715469A9820F51C589D82C793A5E1C
:10BFA80055485032BEB9D77BA531F34464DBBEAFE8
:10BFB8003CEA3DC5BBA804A83D036AFAF795AE283C
:10BFC800A41236955AA228BBF433652D53C48C7835
:10BFD8001D5E93304CB07A9249FFB0E11C1F9FD28E
:10BFE8009A579D1668D3786C426FDD2AA3BF4E64BA
:10BFF800E19D6DE998515C5F49E22C8383923C5442
:10C0080003277F5ECA4B3BAFF4EDB210CA20EA1F8C
:10C018006D05AF17286B8A9E9D393B5777F2D2DAA8
:10C0280031FCDFD62A9DD8A9D729CACAAB70735666
:10C03800B224250BF8CDDDA8E629B520E4105A1561
:10C04800DE3D62C1B85738533FF5F30EDD8527F45E
:10C05800045ED9B02506A64F631CD85A463D620F28
:10C068005587C1B3FCEBDD0F1D27ECC6DA5113264B
:10C078001E34F67BF0BDC159519ACC1AFCE2BE7849
:10C08800DE5DFBA677E83644BA9DE7CDF2A77B795B
:10C098006EF19CB552E491AC2EB65EB28EA5FA1341
:10C0A8005959319F910B9784C4F594D6871E306CEB
:10C0B8006B99397CEB1E6B4E4ACD902C690B670748
:10C0C800BF7E40EE232112349467DD65E659384D72
:10C0D800C3F2885163BA526D7667B2C8CF7AF64117
:10C0E800C11D94D6A8ACD9130E91D5A10418D16A54
:10C0F800B7C4CFB7F6B5FF0213947C24D845ABAFCD
:10C108003815EB6736EB7BC8A37B58631ACBDAECA0
:10C11800F57485409B7F9776BD564446CC3FE99F92
:10C12800F65BE4A7150747665AB9E732634BEC1B81
:10C13800CFE19E7D7BD66F3BB748C354792BE4C5CE
:10C14800B85B389719906E14774236519590DC3366
:10C1580065762FB4533EFE3C6B8BDF18BD876F2886
:10C168001F2B5198D08D7EB33CFED8FB7C147CFEEF
:10C178007353655F4E3F9EF55BD6C9DACCA3A578AD
:10C18800EE7EFBC1A4F3A517561C545EA576B9EC48
:10C19800EAEE1A8747D94554EC6693A4225FF5AFB7
:10C1A8007731032B15AB9E7C974816ADCFBFE8B906
:10C1B8000294C6D6F9DDED6E54171190785A7C2298
:10C1C80070FFA5FF08B970DF4775ABEC697893B2CB
:10C1D8002A2B746476F0F8109548E808AE968975AD
:10C1E800BE672F258F5DACBBACA90FF08FA3EA0B00
:10C1F800DAD57B9FF33AEE4FD5C7F45E118D841FD5
:10C2080028E33FA193C82186ED96B4888BF9E85BB3
:10C21800F7C06B05C6C257BF550444EF5E7BA69CAA
:10C228001DB944E3EACEC9E8F894EC1173057F9789
:10C23800223F2FE40124AECFCBFB895823B7A15D61
:10C2480056FEADFC4AE9EF4A8DE79A68FFDDBFFD6F
:10C25800CB196AB23A9F42C0B9072F65B14A692C17
:10C268005AC72635E6ACAEDA09C5FCE3C414CAEEF3
:10C27800B273B6F40762D84ACF12BF45D6AD64533D
:10C28800A51FEA402AF19724F84E6286A9770E8204
:10C2980016559CB3234A9F3C8DE8C4AB0FF3F75F58
:10C2A8001F88ED8C68B3EC9DC54EC0557D7D27B2C7
:10C2B800B361AF823D90E7D0A7BDC8C2C7278EBF84
:10C2C800564E953C167EAA5F86592C9E9177E2E8D9
:10C2D8005E739C4E15407661FDB1752D47F5816200
:10C2E800A0A87BD3EA475CA81DC53508C667577B5D
:10C2F80076775CE961F5DBF5D9570FD354B96EBA97
:10C30800C0AAD0C98338637206840E6CA9CA920F7A
:10C31800F61529847E1093C86B89E70CEC15314912
:10C3280078B4B00942B6945D99FF283D0BFFBA7AFC
:10C3380096F70FBBDBD563F4F485F23887AD5A9BCB
:10C34800D45D2DAB25A6E6A9FFFEF1C78A2DC81539
:10C3580004A7060B13EB168C62699D881555FF53CD
:10C36800626245BD652625F0B1AC225E0BD3AF7A7B
:10C37800AF746BBD923D728096115871EA217C07AB
:10C38800BEF23D8FE463CBD8549F4E3AAA552F3363
:10C39800E7D029205B310AF236FCFCE43EC5B3E85D
:10C3A800DE327EF4EBFC9C9D31D456E6CE5E68B15D
:10C3B800761EEFE7FD49E7133E8C33B20994FDFA88
:10C3C800BF789C57DA92B2BF26F232BB9965C54C4A
:10C3D800BAE6C8ABE9B39FC75CDAB3611FF8CEFF12
:10C3E8007AD7AAD5B78DB3EAD4DA344DDFA387F765
:10C3F8003CBF7508D5CB77FCD585EDC27EC65E9768
:10C40800DC77D9C4EB33D6B346FE30100191B8902F
:10C41800C16E8D59CC68C13D5793F3E38EB12C8E14
:10C42800F80EF268F681A53873CA62626381B23C7D
:10C43800B60FEE6875C47E08A5289B13C85E3864DD
:10C4480097C32EB542B98392AFE75E2C63C2D0B6CC
:10C45800FBB73F3AB8F1D9540B67332E8323112B1E
:10C46800CFC7389F1292FADD97E137CAF86177276C
:10C47800878E84370FED8C6B0816AB8CADC4920495
:10C488003B111A677F8FA99D5B54287544EAE7EB37
:10C498007ABF5D3F1686021EC35E7556415BF1A4E6
:10C4A8009F0599B8D86565B561C9B147DE2C2423C5
:10C4B800B4A2DF025995F9D212A5947AC2E7B486DC
:10C4C80072F3952DB9CB68B192777A248BD9991BE1
:10C4D800AD3925DE73271F4CAC55B99358FF5DD68F
:10C4E8007B97D17568AE641412098D0E6C526AD7A9
:10C4F800AE2FBCB9575BE5017A1CC8E40C9875F3FC
:10C50800D2F2C8B86509EDA8E1838E5109C78947F9
:10C51800AC0128399ADDD5A26E444F41C4AA816A7C
:10C52800CEFB6D698BF45D482D2267FDDDB2B3FC4F
:10C53800A02657AD3959C6784363D5BC0F6D9AA16B
:10C5480081FC14671C03FB5F4BFA3C652D24777252
:10C55800F0D2652E56164A0857DC69ECB2D26F4BFA
:10C568005EA52CE419670757135813765CD3969E7B
:10C57800C3BCDFEA3D78FA86CD85B6E953B85ACC14
:10C58800EBFA709F5E8CD90B591B4A67B756BF5C94
:10C59800FBDD9A7D56C22A4A0CFCBE1B219712A4C9
:10C5A8007C7FF7256D11B481A73F351E7DD03E51A4
:10C5B8000E9DCFB160C6837396A837ADEDA6C85758
:10C5C8002073A45D15D6ACFC9227D4F790523C5E3C
:10C5D8007AC89094B2208147DEDB331BBA26EB443D
:10C5E80016FE5B3D48A91D7B79ED8FDBE5B0510751
:10C5F8006BBDB00ECEED8D3DAEA8BA06E4CB3929A1
:10C60800468C6FF03C25FA8A150E9B16118090E136
:10C618002EAB18C8EA97B3CE669111F7B18EA71D55
:10C62800950951F740E71319C4C1F79E4F1F7C4A7B
:10C63800D03B499A21EB55FEACDC7258ACB0A2E174
:10C648001FA28E7A37CB2BED905CA51BB48737F6EB
:10C65800EA67C927A5F43E43E25B79DE521E7F42B2
:10C66800761C5388DA653FF6F3EC3B16E928CBE7EE
:10C6780028FC4295CA4A68ADB47266E7393A5D59F2
:10C6880070EAF4DAB1FAC158443C201D7B7B762D60
:10C69800317BD11863A38A3878B5B466AFF2F01449
:10C6A80053FF9A67DD46192B67ADD45DE8B9DE6B99
:10C6B80029D832C65111AD07E314DC8178AED00811
:10C6C8004A2562C65D1EABB46525EEBFB997AC4F6F
:10C6D800C83B8539CBE0DB58ACE2916EDBAEBC1EC3
:10C6E80010F9C545BDE0F483FFDDB1EA1057813884
:10C6F80056556B653FA0D6588C8A345D950F619569
:10C70800222E2C39F612934846641269ABC0E2B463
:10C7180016A15ABFDA887CDF3B8E3B3F30C9BF3B4E
:10C72800AB3FED39958A993955FCF29CAACD47075C
:10C7380081759589892EE0D23F949E9BBBACAC1A3B
:10C7480015AA175ED9B572F2F2AAFABFB977EF4EF9
:10C7580032A684272E2137F3AD3161290F6371ADDD
:10C76800BB60412F82FF9BE5FBDE05214BC51E3BCD
:10C77800EC75F43DB10A81DC83AEF8E235967B4670
:10C78800E870D783ECF657411AD599CDCFCFF68A02
:10C79800332D81168793FEE98745ED83AAA1F5CA53
:10C7A80037F66EEEE3EFF865358E3E1DB67AA67C59
:10C7B80064AC2FA39B40BAE557445742C1BB3A1417
:10C7C8008C4A7420A892A8F493EFA4CEE700B3870C
:10C7D800DE26E23E4F1E3B9E45F39BED3A0C5DC1C3
:10C7E8007FB44B78F3A8FC800C1435732FB36257D1
:10C7F800B5024293EC04D9F507BB28AB8C3262FF33
:10C80800690FA795F53868729F9F519B638ADBD2A1
:10C81800A45BFB11D79799809B7B98E9288F5FDBF6
:10C828005A4026573E114FC067CE8ADEAE8BD5D10F
:10C8380025E3753EC719717C89B2027B85DD45BE4B
:10C84800C0F983B5BAEACF21DEF43C79B0A22C470F
:10C85800F48FBA91DA8153E4D278739FB22FB98CEE
:10C868009283081B8C4977C1640597153E4368334A
:10C87800F81EE9CB6E55D095A43A2B9BEF6A5396D8
:10C8880087CDFB33ED81F295A37B317083654BB780
:10C89800CA9EF73EDDE47D67F56555D843145EBB57
:10C8A800AC08C5FDB037BB56A9AC9C89EE5B598373
:10C8B800E8570DA9DCD81B9EB6DE0B91ACF7F65BEA
:10C8C8003893E2DEBEEBBD621631874E1C40843ED3
:10C8D800BB2D7C1BD63FFA94C313D072C4C4B112CB
:10C8E8005F7157F2556225E35397F1337EAB9FB1E1
:10C8F800AFA3F5DE4D7C96FF385316B7B47CFC2BFE
:10C908003152F17A57FED4D3A7AF3CFB6F33B5A2AF
:10C91800F250CC86DEBDB44A44E69C34A8C723DE78
:10C928002BA513BA593E6337C2320CEED5DDD68734
:10C938003A0EDD8BE5311CD954EE273C099095342D
:10C94800F0E8CD885E3475A1D14F10F7EAD3885747
:10C958000B7B547244B166251F1C8F87CDE29E4421
:10C968007C303BF00CA79FEF648CDC4371CAA517A1
:10C978008E578C994E8C0EEA996ADD8987D9B77FD4
:10C988002595BBBCF426E7E3BDB001BBBA514A44C8
:10C99800DAA39D10488D1910FE7DFF156BC05A3122
:10C9A800D1E3B9E9D6977BF369AE6DC75A593BE332
:10C9B8000F2833F6BEEA97C8919676969FF3EB3B1D
:10C9C800717D8AD16327C5BDE1CD4BAB1FCF693FD0
:10C9D800676701E6E0B14BEDDE03BD5BD9351D713C
:10C9E80059F88FE2F3EC273FAFCD4E54B1993FCDC4
:10C9F800B35B07BB7A10FE6CB72E61D773EFFA3BB7
:10CA080049A17CBEFC69E97F5C9E7B585776B219C8
:10CA18008735B6EB97D08F6DF6174F1227E1711A4D
:10CA2800FD0216E3ABC340324288B23F92436981AC
:10CA380022D22AA391723795F885184C58DFAB0497
:10CA4800F6DA67AA5FA25CAA6737F6F4EAA15D6521
:10CA5800656D48BFB42E1FEE63AE4867D518C6058E
:10CA6800E7D7BA66557A9262F477044722B40E641F
:10CA78008FDFA27A2CEC73C4198182A39A4892A200
:10CA8800FFB9862CC68A3E8C516CFF3CC45BA2ABB6
:10CA980051FA813AD96ED424DD1B9F2B2FA87C94A0
:10CAA8006A3F950F093622FA01C376684A89AE6350
:10CAB800B7762CF42470256A9758CDD6FBECBEB710
:10CAC800771822D5B1041A0B2BB2CB80DCB2698758
:10CAD800ACFD419FAECDAAF9B4AC4C90D7915FDFC5
:10CAE800AD5020737D3E5A0C24189393F515912E62
:10CAF800771C5EF55A1AFC340CE5D35E463F6AEFA4
:10CB0800316ABC0BD2CF7B5DFD9F8EBB9CF998DD53
:10CB1800C8563656714944EBF2F997315565F5090F
:10CB280065A05DE67CD7A7DD3451111A926DCCBEA5
:10CB3800F66C3082658C1979A6C80E712F5C49B4E1
:10CB480054BDF520C01B619228DE13B85DAF10B14B
:10CB5800B8702BFEDFADD02F91535430440D5129BE
:10CB6800AD5DFCFECE4CFC5AF28EBA66F932FAA1E3
:10CB780049DB9DA6E12FA1E757127722D7EAEB3BC5
:10CB8800F0EEAAF191250B942349613E005140D45F
:10CB980001EC72F1814174A5D2189EF565F3C74E78
:10CBA80091EDBB725F8C45A080B296823BBBACED29
:10CBB8008857BDB1072EA5F77A6B563FBCE7D52B32
:10CBC800D2255928551BEF7E85976617E1AE870950
:10CBD800EB18DE305E437614FCA62A58AD2A6B713A
:10CBE800A93C765070E7275DAA5E37D92959D593B5
:10CBF800AB89D693B1857C47AC067F570556D4FCE4
:10CC08001185490BC2B704362CD148D8644C03119E
:10CC18001E32467D7C6FEFBC552851DA791D897725
:10CC2800E267693EABFC4CD6CEEAD3D2A8A93E2136
:10CC38003766034BEF2C499C8F3E745F484376AFB1
:10CC4800BC96F095F844FFE11E2210FA0FEEF9E7C2
:10CC5800640977EE2BA6D97ADF8B4D101EAF4ED51F
:10CC680056AA26E1FE849E9408B7CCEC04B2A5CF60
:10CC78009467A06D08045466DAB436986FD95B7669
:10CC88006938B16A92671FEC93C7561E3EDE01757C
:10CC9800F3AADA12420D94C1CF7A35B15271D86233
:10CCA800B272957D633575CE479FB62AC24BED5556
:10CCB8005448EB80AF521BC46B0949947E3E2C0646
:10CCC8007748EF2786AAC6B8B93C22DCB9CF730AE1
:10CCD8005601976C520D6DD76FA7F81AF250A4142D
:10CCE8007A42BD10D68E4842F1947697EA0198733D
:10CCF800863D636F27ED9E6A1B6FEEFD5D428DC812
:10CD0800B0D114B87651DA06BD33B95AF09C11DDAA
:10CD1800046F16B8F4FAEC9DC43A64CB76F28CDA58
:10CD280085D6B68C7EF449639DF189355DA5F433CB
:10CD3800F1A59827B4A764AEA4B537F6FA693E39C9
:10CD4800AC10EA165F2C0F7FAE653E349D1CF2D006
:10CD58003C254E4D52770D5692BD80B458FC6494D4
:10CD68008EFA39C3F796CC4F701AA5BD0D0BF07625
:10CD7800EAA72A0578E21B9FDF2CFCAC781945CE80
:10CD8800A5BD8A1588F7C4AB9AAE990F818600E3D2
:10CD9800F0D5CAE79C8F34627FAB0755588A7A1A58
:10CDA8003838AE4318B244E1DE937036AC311BB864
:10CDB800D1198C2FA11F9C67D02CD591C71E8A66CC
:10CDC800F91FD3BBE9977BBFD97B27BD3BFBCDDEE2
:10CDD800FB19BDFD76EF5F0E1EDEFEF7DBEFCFFE23
:10CDE800E5E01D7BECF7FBBF9CE13B1EBD9AAEA4C2
:10CDF800F767EFEFFDFE203F1B8F1D5CCDF7BD935E
:10CE0800EF7927BD377BDB7EFEFDC13B333CEF8AE4
:10CE18003DFBAA7DBD93AEE57FF89D7CACEA1396F9
:10CE28005D59B7290F2CB92A3B1CB6BC8CF06CA7EE
:10CE38001E2023E495CDC686556601ED91596D36C1
:10CE4800F083224202472C8D669C8FC8B206739CE1
:10CE580023A31B135ABCB1879D9FF7A16B071EA97B
:10CE6800ED8BBFDDDAFFF8F6C779977E74F0C13E27
:10CE780098D1DABBED88BE5F2C0FC820FB99478D8F
:10CE880077D737D6CFC9339B1C35DB7DF56298F34E
:10CE980034589EE1877E00E20075C6604A1572BD6F
:10CEA800B59DF664CF5C1AEF716A96709A1E8A5A1D
:10CEB800CA3455E7A451F383B09FA7FA98D5E38EF7
:10CEC8009FAF8CC25851C8A94265375F309EE15365
:10CED800F38A9FE5287FEBD31C36ECA3B0FE982796
:10CEE800B5459CAC82AFEC94547E4E5692632A139F
:10CEF8006A593A46A53E6518CFCF9A76A6FDD24D17
:10CF0800334CD3E8B3CA9FF41BCF058EAAF591B56D
:10CF180022D7FC9C4AF79DFBD865D792499CCEA2A4
:10CF2800EED6B45EC88760853139A3D3F937CE739E
:10CF3800B5CBC6571ECFA996DE2FB66AFD1CECCE20
:10CF4800EBE4F9736F735D5995C4D757F6B5F7736A
:10CF58002550B163D5E038C7EC2C7DB9CBD563A596
:10CF6800612D85B3772DA190B9A26DB32D67D95ED8
:10CF78005834D87B759A261D5246CD4A556BC94FF1
:10CF8800FEEEFC849E7ECD295AC869894D1B5CA2A1
:10CF9800DD5AD33A7ABFBE7C654FA60926D39C8E4C
:10CFA8007EAA474295092B635E463F92CFF8F095DB
:10CFB8005DC862697A89CD22E32C4FACFA23AFDBD6
:10CFC8001C7DC2E982CC386B4CD9AFDE2C87393254
:10CFD800AB4478691DBDCAA835C47BD97E5C6AE7B5
:10CFE80035EC70F7AC6B1A79AA47BBBCB1A7885E61
:10CFF80095B83A7147B592A5B476394D9B3AE7F39F
:10D00800F5A35FA9F609FB940BF0B5F76978054B12
:10D01800B209F0BDCF2ACDD18331B4CCA2807FA98B
:10D0280057BD4F8467854BEF5D5094AEAA55A575E3
:10D0380086AD7C5E14EBC1BB97D10F9F5BC89DCCBE
:10D04800AE5AFA92469DE7A627A848A51E411ED9C2
:10D05800664DD5739C7CCFDC3D62FB76D469B5CC3C
:10D068009BDA29463E939DF77006BF4968A31913BA
:10D07800C9F729FF87B5BFB1175177C911034F9475
:10D08800599092C30A5600538BB936ECF162A596B3
:10D0980045EC5E253478E7082B4F635AA3734DCED1
:10D0A8006966DF33D69E1FA3D5E93CC754D9AC27A0
:10D0B8007537434BDC82B91588E9D8FA042F230F5A
:10D0C800754CB31E7B6057EBCACF9358984F59697C
:10D0D8004A71F584B58BFDB17B87B566BF36F63DE1
:10D0E800994C5B75FEADD224679EDAD8F3341D9C4B
:10D0F800C5B9E10CF8FCC9817CB68326B7FB543866
:10D108004CABBE32E17ED58F9F6706221329B62C21
:10D118007880E1A1EF5ADA99ADAA0AF0BD71BFD6BD
:10D12800C5FA799DFCD4CF63368E1C586BFD17F673
:10D13800D9BDCE48AFAC2E526946BC4BA51348A703
:10D14800B97A9DF5FFBE581E7A05AC1A11BB9DC968
:10D1580065F30C1193D0637B367ACDF3962D2BBCF7
:10D16800B449ABAE498D3DDF6683C27E1DDB6943A2
:10D178007E725DEFF8863919CEDB03F2301EE00CC3
:10D18800596FCAC07AE46CA665DE13F959F7EE0444
:10D198004F22CDC08C05CC032AE3BF92479CB0EB4D
:10D1A8005EFD6CF0D35A5819E49ED1E731D23B1892
:10D1B800063E65557FDE37F6796DFDF82C5AD02D81
:10D1C8006339EEBDB49EACD464515467D4799D954F
:10D1D80033D4D3CC59F5125EC8A05FCA987444B949
:10D1E8009C53EB9500B4E0ECB5C5D944C956D3A619
:10D1F800E38D405926239E4C6EA725D317504EFC2D
:10D208005B43601B76C762ED5B9FD9D373FEBAF5AB
:10D2180072F45B76F4D767AC44E8AC3B5356237F93
:10D22800926D441991630C1620B484D38222FAAE0D
:10D23800D2EF6EAB3A8BB316D3189572B69EDB7EDF
:10D248009A853F30A3EADE1C6810BB487B9D3B7D76
:10D258009A036C5EC6EACDCF7A3F23A6F7C9E1F1FF
:10D268007E94A3C97DDBC72924E7FDC7A57CA22A34
:10D27800925BAB9581B7C36A92EDADCCA327FEBC98
:10D2880030BB72620CF082338C6993FA35A3E05696
:10D298007ED14F49614D67E7BD02981BDC9FB03ACC
:10D2A8009D9897B81A9FBB3EEB1D0DABEACD743C19
:10D2B800C7206283A24E9E351681AC382142F539CB
:10D2C8004264F533FA8BE427B84907EB53A12CFAEB
:10D2D80012CE1D05BED5B424A12FAE893E8F9FEE78
:10D2E800E2684A28CDD8189BD6C7BE02C49D6E6393
:10D2F800F0DA16D97A3E8A59F0F1C5F2E834B390DB
:10D30800A7F27915819DD9BC140F8669ED3CFBBA4B
:10D31800F31908BC4A7A997EC3BA1C7EC9CF773EF6
:10D328005B0767CEF31E5AB0768A3C689DFB691E80
:10D33800F560E8B22186311BDFADDFF6B8437369CB
:10D34800221A8F4E0EB2CF25DF7E357137D83B9229
:10D358002535DB6F5995B13E756BCFACF0A9BA7620
:10D36800079FEDE61D88390AE1674D8EBEC4F25964
:10D37800B7C91927064A1F880274DE41F253B01450
:10D388009140DB6CC7BE4CFEE31971192338F3C317
:10D39800EE271023665D305B657B776ED36F2123A4
:10D3A800AB7E68D5E1B664CF882C546378CACE5674
:10D3B8003E698FD82183EE2B3D9FDD1BFC99BBB8BE
:10D3C80037BB6E7BCC39137205B826E59AE4C7A340
:10D3D800EE2B3A3954A92779403BC8DF75F27BCC4C
:10D3E800096DBCC6177BDCA24F741C0E3E135D6C26
:10D3F8008D10AD6AB93AD7966E4CDEBFCBA865D80A
:10D40800281E544432F86C754AA755760DB3B657A2
:10D41800F046CFAD883B270FEA93210670DE2758E8
:10D428006D9E60876A9BCED69E1944D8194683DDC7
:10D43800B1C58A3A61CD677FD964B679D6E193AE32
:10D4480098D3D6DAEA022F586E85679A6E3D323045
:10D4580019E7FD7346DFA93E6BFF693374CA84512F
:10D4680016982C5D56379478D833AF7FEA1CDFD2F4
:10D47800FE7146359106633AA12ADA783B9987C846
:10D48800AB9CA4ECB37D93FB02DA3346D9934FA04F
:10D49800B53B55149E38CB72EB488E35153E39D0C6
:10D4A800ACDEB317CBA357CDEF867BB3F693CC6D29
:10D4B800DF8F7EBAB89DC082392EEC66D0F9DAC605
:10D4C800417272CA6698A735312FE71A9AF5F3F3B5
:10D4D80069AB65A7F303579401391D55486327596C
:10D4E80007CB84F5FCBB4501FF70004698792E7187
:10D4F80079AA2A8ECCAB38CAEA99A29C6E43490015
:10D50800ADF1EC61622B44CCF4AF583BB78F1BCE26
:10D5180072A267E97C9A2FE3A2DE27B3F5CEDF0B70
:10D5280023640D3B337F4D16E654DA35380AB03D97
:10D53800A54CAD67985E2C8FE16177EC154F6E4571
:10D54800781564490C67F144D443D8A4C16AE8ABA0
:10D5580085E35E3FAFD6EA7D17C0AFDC8D7E3AA487
:10D56800C784967D60B521E2CDB9F07E1AA7EF3663
:10D578009D4431B3761A2D2F9E73E3B3E8DF28BD9F
:10D5880087AA279509B896AA67F54A19527A219B5E
:10D5980070E05DD1C4B7BDCF0C7374B5F5BD48FC60
:10D5A80073CA73ACA82356470C5BBC565530D6A833
:10D5B80039732CE0BE24598F35AB307AD95FFAD253
:10D5C80027C3A4638652BE7AB13CDA03EFDDF45870
:10D5D80035F9C44E46188D49857281E56A97948657
:10D5E8009D17BF48C74452F54A1344941DA5ED62E0
:10D5F8006786E25AC894EBD0793C402D77FFC9B8CA
:10D60800744DC4D6FB2981368519B1F3F6FD5964EA
:10D61800E685ADA24A0F39815FCE7A9FB7D2FB2447
:10D6280067F07CA938612ADB51CB10F53E6FB2F365
:10D63800D98CB4FD8CA5C5539916390290BE1255E4
:10D64800C95328B610E367F76D295F7226945B37D4
:10D658004D7F3C3793F7527900F1B6CE02249F4AAA
:10D668006155D5160F4EECC8C26C97EB5D6355A596
:10D67800FD9C1D3CAC6B6CA7F3046A8F22D3288EEB
:10D68800A7353CDF712ABB739FB4018CC2C824291B
:10D6980006E935198755E16649F00AFFF4D5ADA2C8
:10D6A8009B43D92C93CFFE6FF6BF3AE46EC03B5430
:10D6B800A7BDF7E9D002B6BE3B7AC5871322726FC1
:10D6C800EE488FF5F1F80C42B1F4F18D9FB94A0C90
:10D6D800082D56745FF9A9AEAE679AB0449FEEEF75
:10D6E80061FA67F56DCF89062F78107A0CAF34711F
:10D6F800D68F73CFAD26C27AD7C88F70F7836B8465
:10D70800D766CCD81AA66ADC4E581CBE52FC04FE5A
:10D71800A3F359C6D653B7E274628F56780A143405
:10D7280064A477A4156F56DDC43A10DF506F9BF5DB
:10D73800EFBE028BF2C1BEAA7FAFCFDECE1160E38F
:10D74800B3649A95F822D457B6F2026B790731245C
:10D7580088F980463941D5F1B75732761BD90A4A3C
:10D76800698853AB8CF54DF61CCA26BF9FB340138E
:10D778005676CCD53B436CCCBEE7D8D2F3EBDB77FF
:10D788003DC853624F4D2B4A7EDE725AB73EDD08C4
:10D798002729F39FC9CD7A0C1BEB06C07D79DD8F55
:10D7A800BB69BFB3778C3359CD76AC89AD5AB3D743
:10D7B800D49F6EADF84C96A4F535C08AB56EC73ABD
:10D7C8003F35CD6DDE6A98B7A6A386AFCFFA6DF266
:10D7D800AAE9E4B3D88C77F3D9E24451B4EEC6DBB6
:10D7E8006E84577AC7B6B4249D4718CDCA6377DBD1
:10D7F800CFB5CF8CA51512EAE0A786FFD06BB73E50
:10D80800E986B9146A8BEBE0A6F6B91DF4EFC63FBA
:10D818007EDB1493523FB6E4955A8F0761391B9FFC
:10D828000CC268303933958EF20A199A659F61FEE9
:10D83800DD3B34D2E8590ED791EE7F8A07E55ADAF4
:10D84800EA4F3CAEEDAD253549DE8A1C3263EAE489
:10D85800DD67F6EC6DED67A23A7BB3E9E79453D642
:10D868001FD75CB2DFC9B97DCE1D358FB0A69D4AE2
:10D87800E6C93BEBAF22CAA3F5178E1ACCF32B727D
:10D8880048A3B806677557761EEBB2B6339598E588
:10D8980060456B64458CC9A57FDF4A06C496039929
:10D8A800499B61FC72F268BE803D316ED6A2359EFE
:10D8B80018840E74BB5E4ED1318B601E1E9EE538F7
:10D8C8001D9BF758FACC6EEF66CA7FEB5162E7FCF6
:10D8D8005BB352746EB86B8A65116D18A3379D6877
:10D8E8000EC9D5A7B279693D652DB67C6F4A877D8B
:10D8F800E78DCF13A7959477D00E2272725F761AB0
:10D908008894D10D7732E5E83BD875C06C9A6B796D
:10D918005E4963151BFA0FC7F46964CC4DFF2D26C9
:10D92800441E0FB6B99FB2473D4F31D93423314217
:10D93800B6105FBC9C3C78F68A7346C61A32CEC3D2
:10D94800DEB7C9197E5653E327CC0D2766A78CB1DD
:10D95800AA173EB7D82745D7B256237759EDB55DF4
:10D968008CFE5B8FE2EB25F9836E3D4504A7C4F47A
:10D978009DD8E929DB90AFF1B83D6C1EE60875E942
:10D988007B953ECA3328C9F0773209257B17C70132
:10D998007C25B78153ACED95A894897B5BCFF8B80B
:10D9A80045328662B0B9DCF4F1B44C769F3324CDAD
:10D9B8001959374628E250CC464E1354A03FB29A24
:10D9C800E001CED5C29D97C78E443A4734FCA4F4F3
:10D9D800CEADB1B43A376BF0139E2C47B830EB6438
:10D9E800681831A2F1EE644E7CE5D9A79598D53533
:10D9F800DDB00E38432979EFCC1B3FED371848AE20
:10DA080087246FD23F348462D81852B0FD7E9C3D83
:10DA180097F98840E7B2AAA63547C6FC734693F241
:10DA28008C76FEADE92A628B27CEC9E6E8A1759C03
:10DA38004A3F45DB6A71CAC40A0F9E9BAD168CB972
:10DA48006909EBB33421C09A51ACE738650515C3B1
:10DA5800CB9733A2FE5669EC6AC8B3403D2DE32646
:10DA68009BA18E35F4E86AEE361E38F798F17A3ABB
:10DA7800724F6F3EA45ACAF22AB3C8EF6458FB1318
:10DA8800E2297A1A48B43E25BBD8167C565E2DB3D7
:10DA98001DEC2FA5BD7AFB33BC433FCF2B34672F3A
:10DAA8007AE7F95F7A2C65CFE837FACDBFDDEDB6B6
:10DAB800B440AC9991F7C22ED5F9ED64D768279B8D
:10DAC800952270DB75BE3B301F817C1AB5D856177E
:10DAD8006727FBEC50C6ADF4EFC92A3A89871101D4
:10DAE8005A8CFFC474E5C9E0527A81373F8FB00E73
:10DAF8003BE70F184125EB34B64C1E7280F3404DBE
:10DB0800D28C64F3EEE1DF902B3754BE64F4625993
:10DB180077F3CE95C5F56454B20FF6EA876A492BB8
:10DB2800D63BAEF4EBDD905F720E68E1FE791C0E19
:10DB3800AFCFDE9BFDDDA735D1867138F0E7B4A8FD
:10DB480095ACA1BD76B779DBEAE6AED96C8496933D
:10DB5800E7378A0799F130BFB176EB390E9EAF24CB
:10DB6800526DD78E67D69D9D7B0F0E47919D698319
:10DB7800C74DF559EDF1B8DBC64DEF27C5D0FE55B9
:10DB8800A764A9B1ABB2DD3C81DDCAD7FBF03BE8A5
:10DB980047C20E869C6BAB6A008AAAB0A78FF26A4E
:10DBA800671F9257E0B03EECFF907729727F47E9F4
:10DBB80078F863F73FAA07CD617B54E7479AA3E15A
:10DBC80071B6EEF3AC55476DFE1AFED8FFA17E98EC
:10DBD800B2DD8707324EE5B83AEC8FB326AD2A4658
:10DBE800F88612ED5A91CBDA362B211BE224EB7A18
:10DBF800C82BFCA1679C6EEDFF97FD9B9F775BB3DD
:10DC080046D3C91FF9133273BFF9EAE1D574EB4063
:10DC1800D5DDEDA29BCE49572EAA39EB7D0263B222
:10DC28002A0CEC8B8EE71EAE889CE0BB9B11F90298
:10DC3800C681D2D7C1EB53C41262C757676EC94EAB
:10DC48005BE7B829035A517BAE3ABD4CDAF58BA78E
:10DC5800F0EEC6E8EBE4B36CE901CC7BBBCDE98F11
:10DC6800B1A62D6C5646556076D3515EE3A32CC100
:10DC78008CB3DAA37EDE67490C8FF1AC7CA57360A8
:10DC880000D87ACBAB5B3E25AFF2319EDB9D587D49
:10DC9800D89CEBD44EE712745E1D6391A9ED6D7AA2
:10DCA800EA9B7E0ABCEA4766071FEE5D4DFFD6DD9C
:10DCB800FBAAFA73FE54C7FFF0F0DAA7EFCDDEDF58
:10DCC8009BDD2EA7FFCE0EDE9B75CE58352B49392E
:10DCD8007BE1098709C9F6CAA1912D99F2BA44BE18
:10DCE80083F232DB760CDC846725CEF077440DEBCB
:10DCF8003D4C13777B67AD8243E1ABBD501EE73CDB
:10DD08003A792BC665E40DE8DB6B3FF501BB2A1DAC
:10DD1800D14A207F08BD815DC77DC0E6B4205C8301
:10DD28001A3DCB0F8996196B59C47052D9D4849E69
:10DD3800B558CE5B7017B95F752B695E2CEFD55B54
:10DD480013D31E3D87FA8AC9F051A5197D39DDD64E
:10DD58006CE25AC8A13789085189D3E7CE6EBC73E3
:10DD6800B47386DC32FA86529B95E2CDBCC3175C4D
:10DD7800DB64757F6EFF3CB7437B5BB38289752597
:10DD8800EECB3D5F727E1ED9E5B7D25E2183E3DD1F
:10DD9800556665ED6C73D6EFF093238F9E23E425CB
:10DDA800ABDF72F4B1C0640DB058C31C88C95812F7
:10DDB800E7B838E59B95AB3EB969A559358AF63A77
:10DDC8003B094DCC6A720F553B4B93F1D45CF36021
:10DDD800A26657B5DCACAED56986929672EBB8E709
:10DDE8006A1AE6EE2F26AF243EDCDE07131FE60391
:10DDF800B33EDBDE236DFAB3416CA4E364C840F1A3
:10DE08001DA35AD7129E4179CAF5A1FE249FC5CCFD
:10DE1800FB1D87E538E5B9998FE7C823DD26E2279A
:10DE2800AF4194045B4FEC6AF7AFEA257976585E08
:10DE3800AC2DAC142482FB0D8F4D673B39BE740F9B
:10DE48006EB560A81899B30E6BE21BCD52282A69EB
:10DE5800C87839F7D76FFFE94E548CAB9A5E790FC3
:10DE68004A09B5F2AA34675604277F8A8BFF3F9D7B
:10DE7800EA0D929DB3CA789DFE8335611EEDC813E5
:10DE88006F81493CA3BFE5A97A83472DCC2D432E4A
:10DE9800D8F9C68A18B75515D9DE340AD97A84B99B
:10DEA800529C8BDF9FCBEC3E5722B449294EF65B40
:10DEB800AA2691758AC051362B808CEFB23FA92CC7
:10DEC80072EC8F93E2339E6DB6E66F9D61B4C663C4
:10DED800FB8E3E74D16F5951D3DACC69CB9C1D03AC
:10DEE800CD18C7B465D469167C494B14B36BA2B777
:10DEF80014FE1D5320F028CFDA29A746443FC4F06A
:10DF080094D80DF32686E9AC2DEE67D85472B60D79
:10DF1800A7BE4C0C55E75318196DDB6C81D162FA1A
:10DF28002D75A59FBCCAB05545CEB051BE859A4F38
:10DF380079F4C5A4AE9792C6398BD5287A1B695F48
:10DF4800C4DFD2C6321EA92D73CECA9E8E79B743BE
:10DF58008BD5A6C82EB4247B185445AC18A164846C
:10DF6800B66C3C9664ACCD75513C9EA4973683EC58
:10DF7800DE617427AA1651BD1EB4537C8CDD803A2D
:10DF88007F5D9E9FD9A9DFEE917DE335A451DC7AB0
:10DF9800CF8CC709E3EA6649BFEC9930474EE2CD1A
:10DFA80093657D3DDA98F445F883158C8EB378EE49
:10DFB80087D565F5EBE468913D5F2F65ADCEC9A3C4
:10DFC800EF80F6C8C05955DABCF5AC92C98333FC6A
:10DFD800568C94898BA13D36CB7A4579817F6D57D4
:10DFE800626F7BE1359B40D988233C3676C3B82ED7
:10DFF8004614E0BCEC750C23D65625D76DBE994E59
:10E0080031D29494E8C3882EC5E8DDA2BD8AD3D165
:10E018002C77BBCFECA2249DAF618ABC199DD24658
:10E0280077CEAD379EE3F0DCA05F053F776BB54256
:10E038004037D01BD4CD3B97B8D10C34B37B1EA549
:10E04800244736FEEEEBE1E3EF2E0FCE7C4D3E8B00
:10E058008DFC3AD1B9FB8F115E02679F01FBD69EFA
:10E0680085029765519A6778552DD73AE38B3C44DA
:10E07800E249D9F64CCE22673EB2819D386EFDDC6E
:10E0880008CFA85A2CFD4F56BF13934DA511EA99F6
:10E09800638509A70CA1634A5E9DD292B6C0AB778F
:10E0A8001BE960AC102C25A2AD7A450F202F808A81
:10E0B80069F983FAB43EF3ACE926799D35B31F8636
:10E0C8009199C9E42929EB29B2B7B8DE6C3ECF0E85
:10E0D80067F512EA415E8C752F914867DDF3B4222B
:10E0E800D8098C04C96738E734AF17E48432CE3DC9
:10E0F8006EE9478E192F7B7ECA9912FC44C926E324
:10E10800286BC3C88EA54C5279A7FDD1394C8BC555
:10E118006801ADFAE1D1AD690E5DF8F0383313F757
:10E12800C78C66FCAC891EEA5DA455032EFB704FB4
:10E13800F58965244EDD6495744F3CB98EFC9FAD1E
:10E148003A6BD847719E6964CD2FA5D28E62F7E9E4
:10E158008D86A8C05893B1C6BEABED9C6FF0782FE2
:10E168002D8D731AD2AF655FC829349EF9830620B6
:10E17800E7E131A261AB7A412618F6C77CBC3110C1
:10E1880060E169DFE863E8DD81C22A6631E6B076DE
:10E1980086A04EDA79C5732CD7641C0D95ADC17A6B
:10E1A800C4EC624E35895E287A77680664F0CDDD66
:10E1B8005FDCD7848238672126F2A34BA95D331F21
:10E1C800D89BEEB987C7DA2EB93B86356D4EF20C6F
:10E1D800B1B227BD578879F66BCDBA127999E4ECBC
:10E1E8000863A7668CFCAC31651B49BBFBAE2748AE
:10E1F800ED3EF799594463622BD54DAFDCEEACC8C0
:10E2080055B58E7CD331F115A28FD66A786BCFB80D
:10E2180073AA99C7E5CEFB09F9926D32AF9DF5ABAC
:10E228003FA10769F86EE653AE7F5A761BEA04668B
:10E238006A833ACBA815EA11E534C798DEA6C890D8
:10E2480032FCF51716FDB1CBE52C324EFD06A87150
:10E258008AE0A6F85CFBDD2315D6DD70D6B4A1A64E
:10E268007AD97B6EA5F7ACA3F9A04DEFF946320237
:10E27800E669E797F0882F92C7AE443EA1A7E0BEB3
:10E288009FF2208EA96A9B9D679A3B8737E88E5933
:10E29800D3C01E35C487D0D3C1E243F2ADFA6C892E
:10E2A800F36A36B5B12589B9FA23D8437BBD51BE87
:10E2B80026EFDBED4707E5D41431529ACFC1AAF611
:10E2C8006FEEA2530A985767CE01694527BE227799
:10E2D800EA9569C196913A3168FECD3AA2B2B64E36
:10E2E800A79C4E5C93773C246663E4EF3751292D55
:10E2F800794E584BBCE254DB6888C170507EC59794
:10E30800F5E5CFB158CE78989796C56AC7CAABDFFE
:10E318001C63CD1B3BD5147C097220DD31FC8B7945
:10E328009287E0B6F0BC8A73FFFC145ABD86E718E2
:10E3380010DD1C19FB28A9394B7335B1A339AA4440
:10E34800E91B62560A11304FFFE47C47D5C9050E18
:10E358008B13F6F8B7690C5EB14458B441F977CF1E
:10E368000B7A2E71435F4689306F66B8754B3F91C3
:10E37800E853B6BDEBB6BD06EAF979E220EBE34710
:10E38800B295FDF739A1B378FEF0B178C4D67029FB
:10E39800716D85DDBCC03DDD516B33F7A123F5926E
:10E3A80099C2ECBBC03822D638EC8E6BF32ECC3E2B
:10E3B80029BA4B5EED4BC46288176C09DEC7A40E00
:10E3C800CE08C86578AAAA11790CF5E228F2283592
:10E3D80086D88A31881096AAE638B780962C478660
:10E3E800475857CBD0F85AAAA653D5A3AD45E988C4
:10E3F80046C4CD13E95AA4CECAD26DEF7D1DC96BB0
:10E408004DAC3E704BF99945719F425F8F197BD98E
:10E41800577EF29DA5714E431A4664E6CD614F7C46
:10E4280007CFBDAA0028EA883E1EF7E5DD63AC2FBA
:10E43800B82E5829F813DA306257FA0DB0F6D5928B
:10E44800910B31541AA70CD86A78CC9C274FC88DE9
:10E458008903F2228AFEA2FB461138EBA861B7DED7
:10E46800BA17733B34053522940FF78593EA1525BF
:10E4780022EE9AAC00FF4F1601B6CEFBF4262578A3
:10E48800F0643E90F6ACF5D890B153CF2A64637D22
:10E49800983118BCAACE7467F59D90EEF334E42940
:10E4A800579E1148E75502869016032C93616047E2
:10E4B800B0CC0D1E83596474019F2226ABB5485C0D
:10E4C800D137F00C3923E7C956D583C67BDC92F3E4
:10E4D80014B453EC2DD7D96131594055BADCFB44FB
:10E4E80058C45F42BC8C5864B764B1F07DD9C90781
:10E4F800775EA925A67F302C942CF7A41ABCD6D712
:10E50800B6DB88A7EA950599A7A25ABEF55AE4C1D1
:10E51800CF23E9591F63670CA146E425CF29FA5692
:10E5280079A43BCCF930936716CBEAD899D7039BEB
:10E53800DB63B72FBA6346792DF812AB36414E8BA1
:10E54800313BB921AB28B1CA6A3CBFB293A9542D5B
:10E5580041ADC9DA3F6F3CCF8A7E4159A1987D21F0
:10E56800F643A725C53334798BF1BA6ADD8351891F
:10E578000A46FCFCD14167ECC3E0715F6BB945DF2B
:10E58800E340945E0789D5F4ECBF7B8AB476EB66EA
:10E59800B5A0BCCF74C45ECF6A6446B1DBF24FF05D
:10E5A80021C654DCF9CBE59125625CBBF1076BF71A
:10E5B800E7C6591AEFB4808F60F6C398BAECC599CC
:10E5C8004384E770D6E408D2D12E4CD68F9DB56926
:10E5D800D5B85FB7CA5FF83BD4CBCF87C7F4ACBF19
:10E5E800FB4AD352621E0D6389980E07CDD109DE0E
:10E5F8009A45CB158F19C0B46E9C0FACAE29E6179F
:10E60800C1F9C0BEE4CFF2845746DB65D5C773CFE6
:10E61800623857DBA8EE70EB39F48DA4E31909D3FF
:10E62800718FCCAD1E1816C07932CB4FB5E3F0FD13
:10E638004EDBBE44228A172C1AF2EA0D75B1C14E80
:10E6480001550D73FA981C651C578F10A7D72B72AC
:10E65800EFA63B47E9986C57CD4AB27965B5BEFE3F
:10E668007979763418BD13EE51CCB22839DAE8E35B
:10E67800D4449DF0E481808329D1F9EA94459C45EE
:10E688001479932BA9FB92B11E57184C143A0B8C92
:10E69800F9B3D51573CBCF67B5F89BDE99C6297347
:10E6A8007866BA328A0B4E164726E7B50D375ADD1B
:10E6B800437A9913585E5A1E96A7361F415D24ABBC
:10E6C80095FDC763E3781D51D1EB230782D8BDB709
:10E6D8005891392C7CAFCC9FB4A390333B13144191
:10E6E80031934DDD80D7BC9ADF953D1E42565A675F
:10E6F8004618F41331B94FF397CB3C21BD37A7190E
:10E708009613ED1853E251E35E7DEE426392C8968C
:10E71800C5FD3B3C19ED91F10C9BA8D5E9BCC6DAC7
:10E72800A668100FB32383BD9D64A6C9C62F5A9E41
:10E738003E0689FC25DA714122ADBAC61035B00B08
:10E74800F9A431FB6FFBFC50F17B6359ABC6A7669C
:10E75800B0AE92513CFC8BB356B0C6478CFD184DF9
:10E76800558613A0333573F58B98B2A0958DF9674C
:10E7780037F7703E37A70C691ED7FDDBBFFA84D286
:10E7880050F4A1A8458837A60DA96BC7EAAEC722E1
:10E798009ED8883F672EAF9B2AB85BEB5548AA3AAC
:10E7A8001CC9FE92E56595A2474C134B6F3A6E5310
:10E7B800E693E3C7BF501AE77DC8546D4B89B4266A
:10E7C80093C6BC54B6B7164F58BCCEFEB455F588A0
:10E7D80052C99F32FBF6F688AC8AD7D579C6A3769C
:10E7E800B9B57E4A306AB288AEDF9E0567283FCD4C
:10E7F800D822B2B4C45D9C13AEB3E035A30E73A0A7
:10E80800CAF3EE77A72F890DBB3EFBE51EEA370753
:10E818003F8D225FDFA66564B7936B6ABDD7D1B41D
:10E82800C11F810E67B474EABCA3D7CE1916B35CB6
:10E838008AAA417254625341D3773DF7FC2534C408
:10E84800F684734BB040D8CFFD09FB126AAF63342E
:10E85800943BA78D4A8783C58195E7D895D5E2DF94
:10E868005BA6FD84B152CD6A6D20E17C25D73E8937
:10E878009C05565B3525815C2119CE850F66917301
:10E8880001E5D1C9C0C774B4F0429A23C71311EE89
:10E898003DE83D9787FA6463D646F1839DFBEAD647
:10E8A800AB399A952213EA4F75AA7E1CF3FBDE5109
:10E8B800DEA18AF471E3FD89C9CF8B7A05D2B84409
:10E8C80022C4D90D90C431F385E988CC216D58E371
:10E8D80071BC67A4CC6FC07E5944C28A35AB5F2433
:10E8E80067D29FD8F41963AD4CDFC8586DCAF58F4D
:10E8F8000A9272327BF02131A98152E223F41A3153
:10E90800BDAE9C5506668532A14486A7C0AFAD57FB
:10E9180099B202BD5DD1C644F549526D30F58715EF
:10E928002AC6E19A2D3B2533D9AE88035875C0AA6B
:10E938007B5471BD22695C4059CC4AC29B33475B0A
:10E94800FB4E371BB624224916BB26CF25E6E72CFB
:10E95800E8C12D7E39EEE62E47AB13EA36D9032DF2
:10E968005A3F15AA3E6C8FAAE5B5FBD2024D12DEBE
:10E978009D991FD184FEE9B48B604D64D1A841CA2A
:10E9880047456D837817F6A6731D7BEBF230A475A7
:10E99800D64D15ECAA48A4456D7C7A07B977D6D22E
:10E9A8000F5E3B0ACE8ADDAFD5AA9F3AFD8C7178FF
:10E9B80015B6EA1289A4BBC3465C6052C7EDDAAA51
:10E9C800AE2CDE6EA69924E4202B4ECA5A91E7B5E8
:10E9D80058E484791943C34BDED77B757C6B1541AA
:10E9E800D5214E1389C9BA519140DC24FE503E5EB0
:10E9F8000CA26C53B0EE92D96E541F114DE4E19104
:10EA0800596AD4B5EDA895B2E117E30FE21845F3BA
:10EA18008D55F9C38BB4F9B9B57737D456ED07EFEF
:10EA2800D1F959DFC68475AF4C1AE73464F8BFF4DE
:10EA38005BDC2DC94FF5C5BEA82CD761F5950B47F2
:10EA4800F38E7F51B56A1CD01159AFCA78795838FE
:10EA580066516AB77D26ADF97FBA4F9CA4558C5E86
:10EA680066CDBB2A7BCFB5EFC9A804DB1B9A50D66D
:10EA7800A3A8173A7C3B5FFDBD59E7990A62295A5A
:10EA88001D674FB653AC87092D8646946718A6CAEA
:10EA9800B7964CBAD758F5DBE47552593A67D5CBD7
:10EAA8009F3EFF3D24D26DEA6564E689F8BA911568
:10EAB80023ADD7F5B5DE49DE598D9071B7867B5108
:10EAC80067E318EB28DB3BEF05A935510BF1E006AE
:10EAD800B895F56E5CF988304A4637585BCA001C11
:10EAE800621989680A53C8AF9C4C16968FF6ECBD1C
:10EAF800BD1B9F79566C45A462F57FAC67D8F63686
:10EB080045C010D69AB970D36AABD763E4D23A4FEE
:10EB1800DD5B45A24555CEC3F4E74F19FCCBA57183
:10EB28004E1EF567EDC8692A69743E2BE3924E3D87
:10EB38006686B71DC5DA2EA3CDCAFBCCB85F8FE5B4
:10EB480097AC2667EEC9BA9696B45CEFCF809AB4B4
:10EB58009E2532620D09D74F337FE9BDF1BBAC96D4
:10EB6800B21FE54963D2314DC652945EE6193F3A69
:10EB78006839DF64242EF12A46D53A58D638EFAFE3
:10EB880063788BACCF2715BC26F8FA1365E8EAA59D
:10EB9800F6A8E11763E081C4EACF5EB93CCEDBACEE
:10EBA80043ACEE54FFBF4D9E31244AEF2D435B5BCF
:10EBB80006103E9FF92972C3D08B6972DF31B133D9
:10EBC800731FE028FB759CE2CD6A92986B55DA1C9E
:10EBD800CEEF898C94BC0BA4C8EF8A06A91BC1642C
:10EBE8009519DF98AAC1FCFBBB9F25C3789C98E2C6
:10EBF8003CC3AAF253407B9ED6B16C9D55A487ECCA
:10EC0800BC2B38A93F041D7B23F38359BEC81C1CA9
:10EC1800FE00D2B82891A7AAE7E9BDB7841934DB6A
:10EC2800F19E4B6CAD1B89F5A3B4C676369D7186F3
:10EC380060169A25D960EA1435E586AD175812454D
:10EC4800DD911994DD526E0A8FC2465162949A7012
:10EC5800155976559C4486306C955E85D88C52B192
:10EC68001AC4C7698E3C40B354ECAB3A145D5DEBF3
:10EC780013979233BED4A5CEF3BF86CBACA2C82AD5
:10EC8800389FFE40D238270F43BE73D5C358566607
:10EC9800557BEF513234ECD1A99FD18D5A68A28FA0
:10ECA8009A55A64BE6333BCFB9311BF47EA235F912
:10ECB8007FFF37CFC6A146FCE2BED8AB9088BC35F3
:10ECC800A752C74FC24DBA37106F48346247E90799
:10ECD800ADDE87FB37679DF51B254D2CF04E2D7A51
:10ECE80076B0BE696CDD160C1E275A0CEC8C1BB96D
:10ECF800AC8EF32C2CD77C7ED55EA13CCE4722FB74
:10ED0800CD84417A9B4BCBBEA06413DFA83D66A19E
:10ED1800969D7B93C4A9FC8BC1FA453A8F636877AB
:10ED2800CD8B3E951D8A2C6059D5C3D564A4217618
:10ED380090B856F1BBA272CEE42DB352587F9D1AFB
:10ED4800ADBFA256FDFDA79A9685E7D523B06BF611
:10ED5800788676CD93702ADB281681689856407A93
:10ED6800A3C95FE4A59357C9E6BFDFFF01A57141B9
:10ED780022BD658F93F71D771B72B6AED9B6B7ACB7
:10ED8800B7DBB08A58DD7615B5EF6E0DDCBA75E3E2
:10ED9800AF0F629E157DB826B26B8212D156202C19
:10EDA800F158584BAE6A4C7FA5EFA7E50A7E4BB2E7
:10EDB8003ECF6CA9F201F5BDB5796AE872330AB5A0
:10EDC80036DE0393DC1A75564550AD92B378A8AC7D
:10EDD800AAFD2C57E316A12FDFB5AAE72F97C85332
:10EDE800464ED5D411C28803FBA6F68A9E9A0CE734
:10EDF80014ABB7D6496F52324D079F6B9AB68C5CED
:10EE080046D48F88858A735C1477D06B47542766FD
:10EE1800B75C77BE4E9CB61233F68377C1779E6D8A
:10EE280040CBF5C7BBCC61666F8E7AD013A0F2CE0B
:10EE38006706E7D5B7AE8E1C3779FD137B8EA01316
:10EE4800B54FDEE42ECB7EE887F31CCF9507385FFD
:10EE5800DAC9D66B61989DB24CF94A882A59A454EC
:10EE68002D1AEFFB601E8B511726643166FC70CAA1
:10EE7800DA456EA9EC28D09C5059FF90847CB5B82F
:10EE8800DDA89BD32A47153CFF4774A3FB3883F1C1
:10EE9800EB3B31F32F6D93F7B227EB1FB25CEE48D3
:10EEA800EFD17B565CBEC37CF85A160A3158F25E25
:10EEB800AE1FD4737C8B4494CB0422645F665246A5
:10EEC80097F51673C64ACA42B5D67550DB24F8665C
:10EED800C5EA856A79F553F9ECE09EA2B2677782B4
:10EEE8006B548046DD49D4F3C47CCB98C0A4A87D7C
:10EEF800AA729FBCBAA27765BD303DF6F7FBC692F1
:10EF0800C3C2BAFF365FEEDDB9A6F79CA936323721
:10EF180090FC1CF6C6F2A6C45C3F9A342E48A49E08
:10EF280075A3EC26A461A8DDEB18AC26E6C47251E3
:10EF3800BEE3D83FD8789D4AE768B1DF863EF0DC6B
:10EF480061AD5EB01D2503A5E70279491688223513
:10EF580035312A7FE843146310A149D74AED0343AA
:10EF6800A3DC56F6EA2BB269CC0BD86FA7F58A3C1E
:10EF78006E2A7DB6FCB66B7DB2BAC06C19663FA22C
:10EF8800342E68887589F8E41EE62AF1A9EA55E75F
:10EF980093E51A4D6072B68EAC9D65FA3DAAFAF7F4
:10EFA800E9143DF957E09D8836CA5382E419228353
:10EFB8005EF2278CB7397934CEE852BE3DF06DF851
:10EFC8008F32DA57A472F593E41D2F69CD5CE7E020
:10EFD800DD2140B49AE24164D5D0938FAC1D82966E
:10EFE8009CE30E7F78795C94C84363721669AAC75C
:10EFF800673F476327938A9F27A66ABDAB197BCFD4
:10F00800ACAD9DB659221DEDFFB02DE2DC4B6F4C27
:10F018006C2C9B1FD95CAD77D4C645263D2A219818
:10F028001BA4950AB4259EE5C19D765426A7B62A49
:10F0380043E870EB33D7A307BAB34E79AB45D93859
:10F04800BBBB6CBEFCD1A57189449A45CBE9F78E50
:10F0580044689358639A3CC34C7F427DE98DAFE284
:10F06800758547A66628D60BE6AFACBE8A9DCD133C
:10F078008E222B25CFC34842A7B4ABCE87AF2256EA
:10F088003ECE178A2A60BD2BF4EBFD59653563F532
:10F098004A8C83B186DEC1459FCD78AAF169719DFE
:10F0A800C9A57DF89348E31289D48F862DF7543784
:10F0B800CD74B12A779F0054F94419EF32DDF8A3D3
:10F0C8008B6E135145F807EDF492FFA3BCC29F3332
:10F0D800260FB6B1E4D723F711A7B494DDD1FB9F6F
:10F0E80095F7C9320662CBF2FB92FB49163859DF15
:10F0F8003D225ECE586146CDAA47BCEF6638AE1EAB
:10F10800FD64D2B84422CD82988FB1202732904333
:10F11800210B67B66A4D7EBE61D7F9BA5EA0AA27F1
:10F1280022F238115A138E15F9E94C9538BD40EB87
:10F1380018DCA2321FC14B4536E4FC0CE5F8C7D3F6
:10F14800C5E8E5F5179088EF789FE2D47AF79CF741
:10F15800B14D13048CEF359EAE3FFE49A57189442D
:10F16800D283E4DA9BD69ACF562D5557A64918AACA
:10F17800503286F1CF11F9E90CC7D8B5BB357061AB
:10F18800AF749257799A9ED654B17A99372FEBE893
:10F19800E4B3A3EB2D34336A1EF0D83F1C741B4A2A
:10F1A800C332B7EB6AA9CC6067790E63864E9A437F
:10F1B8006471F2F5FE7496EA5B24D27C96A60E552D
:10F1C800EFD1A4955DF5D31CDFD62786643DD946DB
:10F1D80046E8BC14A273F3A29D97570F365779C21D
:10F1E80088FDE89983558F735C14FD07FB45BE3D88
:10F1F800B2BA445CF76F2377A63C4D832A1E9F84DE
:10F20800DC723EEDC6FB585135F7DF5F0B695C22B7
:10F2180091F620F91437CB0D4E75E39609612694C3
:10F228003376324EBF9ACA0C6CC952055A8A28BD29
:10F23800ACEC29A5A2CAC5D0349D5219270646DCD4
:10F2480042AD88AE366819EE254656EF3A5FF9C3E7
:10F258003D54FC3903B4468E1632B0F911EC7846A9
:10F268003D227CC8C16B238D4B24C2F36FBB4D7408
:10F27800B519CEF5CC0EB95CF329EB7F39F8E84027
:10F288007C37CFA38EF58EDE8DC88797F2883AB982
:10F29800326EA11750E6840C579CAC19B31C4A0D6A
:10F2A80089B3A985BE88CD3E00BBC8C8DBF297B537
:10F2B8004FF7ECBC9E1D6C4A77B1AEEAA796C6A57F
:10F2C80012C12C9D6AC95C93B8A0DA26C689E7EA00
:10F2D8001F236FD8AED96F13677528031EF90ED593
:10F2E8008DA83EA78CDD656F229A14BE5556832BD8
:10F2F800AF785C9A185D54F1B7CC6F71C2C307FB45
:10F30800BFDF6F6DF2E3F0B8F6BEB076D45EF20EF2
:10F3180015F8F9ED6B280DDC2EEA8877ACB7D40D1B
:10F328009B73627115A31358DD23548C02F35E4D51
:10F33800DCF99ADA5366915887C8BC6DB083F2CE6F
:10F34800BC372AA902FB526E9AE420AE92BCA3EC09
:10F358001B6B4A238FA2791BBFDF1FE664AA5B9B46
:10F368007B4EBEC733B38E465A76AEBD9ED2C0ED35
:10F37800C2271B3E4E132E31EE70C53A53E3A5AD9E
:10F388000E2BC78447E8A5023ABEF7E0FDD9ADC900
:10F398009F87B7902791E50282428F39FBA1022F00
:10F3A80085A789EFE2AFA2AE817E5F550FAAA3437E
:10F3B80086987BE03F7DF2C7BBCD3A61DEE01C7EDC
:10F3C800BAF6CF5CAF9A9572B6AC34C9BEE3CE6BD1
:10F3D8002C0DDC2E7EBA843CB45928E277CE8631D7
:10F3E800AF88DC7F7B488EB1F5C9A5F71E5C491F45
:10F3F8001DB03F2DF0698977A36E41114A20AAB04C
:10F4080059C24DC12ACAA3A82347F5EFE0C9703FE6
:10F41800A4FB9BBD5B5F5A65DF8924C10C13AB2E2F
:10F42800DA913530AC99B990DD78FDA481DB259F60
:10F43800B1B12A317A13AB2359567E321BFB6F596F
:10F448000794D69C4A069B5D76425D9C70C55DAF6D
:10F45800DAF5521B22F711FA212DA22FA18F17429C
:10F46800D6FD90C66FF71E1F5937CB89323864DC3A
:10F47800CD471C937720B66D2C73F0B390066E972A
:10F488007CCEFA515A31BFD9AFD1C7C65DC6AA5F83
:10F49800E806568155F09E29C9FAF3EB2FDE4F1F77
:10F4A80038CE154A0AF453C67BBA57795CC5E9EADF
:10F4B80052239725B4C52F583CA061DCF3FEEC9D80
:10F4C8004FD38673ED68510D4B199A526515E74C69
:10F4D8009847C1049D8B71F8EB2A0DDE2ED31230AC
:10F4E8004047C33C1DA523D4ED92A34EACB15E703A
:10F4F800B699D7CFB10A68DE3EECE6FFF0D5D584E1
:10F50800384DF53CD1311BAC541975C73C9932E3E1
:10F518001BB1A17A48985BFF70EFA3034E6061BEF0
:10F528003C7162E049E3138A9443432D2EB845CEDB
:10F53800FAFD99C982B7CB3CC9434E6DE88ED361B9
:10F548006BF372AD7BED0FD6EBF63F81671AAF8C8C
:10F55800355C7388E77AC5C3C3FFFCC9EF0FDEBA11
:10F56800AF5CABEC566032659DC23344479AF443B6
:10F57800E7B523E2F96DF614F5A8D808B5C4F93D46
:10F588008F5B9B1E55591E003DF4AC7C6166BCB276
:10F5980019B5DD454EE4E7200DDE2EF9E4ED5D9B5F
:10F5A800AFB84C47EDA1A1483BA7A23BAE1FD40F73
:10F5B800F277EB07E11C14C49336D3C127D1610657
:10F5C80004E6C9FE3F9FFC7BDED78CBC23F341FCDD
:10F5D800AACE1B54D385ADE2635FDFF99783FF7A28
:10F5E800FB31B8A6C36AC13EBACACFEE6B7C8E8126
:10F5F800CDA6353D01B63216E4315121FAED86FF2C
:10F60800F63396056F977DFE9436364BD9CF6B68E7
:10F6180038D1F2087AC3F9029DCF08220E568540E8
:10F628005EBB23D6BFC3B2A32267387CFCDF660764
:10F63800BF9C5D4BFFDF9D7F341DC099EFB31CF16C
:10F64800DFBFFDDEDE87FBEFA4DFECBD3BFBE39D08
:10F65800EEABFC1E5BD611738A33E6BDD31B302795
:10F6680063AF68D303F3677A68D517C78802F3DFF7
:10F67800F5B575C85FE8DEF8394A03B74BAFA2DDC8
:10F688006FD6CCBF59472E91EF51F3005A6315B08E
:10F6980098C80FFE7A8ED90FE8FA5465A9F5EA7270
:10F6A80056E3616F16AEF2BEDD6E333C6DD7395A44
:10F6B8005E75760636E3B87A3A334C1932F6390075
:10F6C8003F6046703B72AE416D9370D0E785C77A54
:10F6D80058A663DB31B0ACDB0B556D3F5769F0764C
:10F6E800E9B574773965D1AB96ADD3306BC783F67E
:10F6F8000858BF9B67EF01C4B3C49C6BAC1CFC0BE0
:10F70800227AC3CCC869DB6379D50EDB43E8913331
:10F718004B7366F2589D4ABE1FB2653D4B63F9189C
:10F728009B2461A71C7447CCE2B343384BF9C81E2D
:10F738004597A97A248F2EC985FF9C65C1DBE557BB
:10F74800943A43FC3657FCC4BAD731C5C1A70375F0
:10F7580073A24CEB623FE9E73C270CF5FE16D58F08
:10F76800A8922712828D53DD73EB2795345E89901A
:10F778005C4B6CEA00A7A81CB1ABC9EA260FF1EEF6
:10F78800EAA3C327C0393F7A872CEDA3E77DF29F10
:10F798007A415FC1ED79579634E904E74D99BE186F
:10F7A8003F617668D4EC264E0D421715663462D256
:10F7B80003E77470D200BCBD21244D4B41B7D5215D
:10F7C8006BC1305FCCF7BFC5DAC012D801D6477A13
:10F7D8000CE44DA95B8DF7A17572D93489E77FDEFA
:10F7E8009F7A215FE1EDB9D7C86934B64EF3EED8F8
:10F7F80063F925BD7DBEFF8493CC1A8B51D86581F2
:10F80800DF312545736CACC3E4013112D100E76DDB
:10F81800A106DF39E579E733A930ED06E72AB89D77
:10F82800F48E5FEA8E7998BF0559E8F6DC6B4D7760
:10F83800338A59723A53B273106039384F96D2608E
:10F84800E52F983E8BE84F38D38935C2587FABCD2A
:10F858007958737AE34A3D80C468AADFE10C023B19
:10F86800DB7845BD63AF50C6774769FE5C6FF1D75B
:10F87800290BDE9E7FC509678E645F7E523FACD838
:10F88800D776C2532D6A9FD3C8A8A05D712EA04514
:10F898007266856C2AC1DCA473D4F7D03493EA9AD3
:10F8A8009175D694B15DA372BB3932DED66648989D
:10F8B800A522E23E8187FAF6CFF5532FDA0F7CFBBB
:10F8C800F66B4F9CB788698A36D56CC5BEC3ECB554
:10F8D8008F1A635D6869A02164F87C4E8D4D1D7098
:10F8E8003C70DC7BC46F76EE31FBACFBBEB73950A5
:10F8F800EC782016B8A446E76F4B16BABD6815F227
:10F9080057FB55ED1988CA4ED16164CD7DDDE69867
:10F91800CD226C30E1738B18A02327F41CEE999745
:10F928009ABA65933D163C91CF724DEBF6AB97F9B9
:10F93800043FF522FDE8B79758937AD63EE836F4A7
:10F94800DBD01AD8A26E4D1D41F4D89A363587DD22
:10F958001C9E9A5AC16E2CF62CAA2F08798D769384
:10F968001E5CA8767E2389DDDBCBAC8E7D357BEDF6
:10F9780097593B90B55E18C362F5E7E90816AA7E69
:10F9880068D1A1E72AF485AE9A84C90B5F562F2760
:10F9980085BF7559E8F6F26BB5239FEE6EFB657768
:10F9A800D81FDBE4B9233B91EAB03FAA3FEFBA7A0C
:10F9B800EFFBBDE64FBD10AFD5EDFBADE0ABFA7A7E
:10F9C800737BDEED8D1C5EC7DB1B49BCAEB73752BF
:10F9D800785D6F6FA4F0BADFDEACFE9BDB0F7AFBBD
:10F9E800FF01E83A466E0000D8399D270054EA2AFC
:10F9F80000A4781F007B9A17A2000000F9A200005B
:10FA080083F9A2006E83F9A24E6E83F9444E6E8389
:10FA180015444E6E2915444EFC29154427FC29151A
:10FA28005727FC29D15727FCF5D1572734F5D1574B
:10FA3800DD34F5D1C0DD34F5DBC0DD3462DBC0DD9B
:10FA48009562DBC0999562DB3C999562433C999538
:10FA580090433C994190433C0020202020202020C6
:10FA68002020282828282820202020202020202066
:10FA78002020202020202020208810101010101076
:10FA880010101010101010101004040404040404C2
:10FA9800040404101010101010104141414141415C
:10FAA800010101010101010101010101010101013E
:10FAB800010101011010101010104242424242424E
:10FAC800020202020202020202020202020202020E
:10FAD80002020202101010102000000000000000B6
:10FAE800000000000000000000000000000000000E
:10FAF80000000000000000000000000000000000FE
:10FB080000000000000000000000000000000000ED
:10FB180000000000000000000000000000000000DD
:10FB280000000000000000000000000000000000CD
:10FB380000000000000000000000000000000000BD
:10FB480000000000000000000000000000000000AD
:10FB5800000000000000000000000000202020201D
:10FB6800202020202020202020202020202020208D
:10FB780020202020202020202020202000000042BB
:10FB8800C8801F40B8821F400800000000000042E3
:10FB9800C4801F40B4821F400400000000C000421F
:10FBA80024801F4014821F401000000000C0004243
:10FBB80028801F4018821F402000000000C000421B
:10FBC8002C801F401C821F404000000000C00042E3
:10FBD80034801F4024821F40000100000040004282
:10FBE80064811F4054831F4000040000004000420D
:10FBF80080811F4070831F400000020000400042C7
:10FC08007C811F406C831F400000010000400042BF
:10FC180068811F4058831F400008000000400042D0
:10FC28003C811F402C831F4001000000004000421F
:10FC380044811F4034831F400400000000400042FC
:10FC480040811F4030831F400200000000400042F6
:10FC580048811F4038831F40080000000000004210
:10FC680004811F40F4821F4000000400000000428D
:10FC780008811F40F8821F40000008000000004271
:10FC880018811F4008831F400000800000000042C8
:10FC980014811F4004831F40000040000000004200
:10FCA80000811F40F0821F40000002000000004257
:10FCB800FC801F40EC821F40000001000000004251
:10FCC80024811F4014831F400000000400000042EC
:10FCD80028811F4018831F400000000800000042D0
:10FCE8001C811F400C831F400000000100000042DF
:10FCF80020811F4010831F400000000200000042C6
:10FD0800EC801F40DC821F40001000000000004211
:10FD1800F0801F40E0821F400020000000000042E9
:10FD280034811F4024831F4000000040000000422F
:10FD380038811F4028831F40000000800080004257
:10FD480094801F4084821F400000040000C00042CD
:10FD580090801F4080821F40000000800080004289
:10FD6800A8801F4098821F40000080000080004249
:10FD7800A4801F4094821F400000400000400042C1
:10FD88006C811F405C831F400010000000C00042CF
:10FD980030801F4020821F40800000000040004249
:10FDA800B0811F40A0831F40000000200040004297
:10FDB800AC811F409C831F4000000010004000429F
:10FDC80084811F4074831F400000040000400042EB
:10FDD80088811F4078831F4000000800000000420F
:10FDE8002C811F401C831F400000001000000042AF
:10FDF80030811F4020831F40000000200000004287
:10FE08000C811F40FC821F400000100000000042CF
:10FE180010811F4000831F40000020000080004226
:10FE2800C8811F40B8831F40008000000080004246
:10FE3800C4811F40B4831F4000400000008000427E
:10FE4800C0811F40B0831F40002000000080004296
:10FE5800BC811F40AC831F4000100000008000429E
:10FE6800D0811F40C0831F40000002000080004274
:10FE7800CC811F40BC831F400000010000C000422D
:10FE880074801F4064821F400000000100C00042CF
:10FE980080801F4070821F400000000800C00042A0
:10FEA80084801F4074821F400000001000C0004280
:10FEB8006C801F405C821F400000400000C0004270
:10FEC8007C801F406C821F400000000400C000427C
:10FED80078801F4068821F400000000200C0004276
:10FEE80088801F4078821F40000000200500000025
:10FEF800190000007D00000007080C0B06050F0024
:10FF08000D0E0102838407080C0B06050F000D0E69
:10FF180001028384FFFFFFFFFFFFFFFFFFFF8182D6
:10FF2800090A0000000100003C8D002012000000BA
:10FF38000006000020EC00600A000000000200003B
:10FF4800BCEB0060620000000007000058EB006096
:10FF580062000000EE030000808D00201200000007
:10FF6800000004EE588D0020280000000003000067
:10FF780054EB006000000000010309043CEB006042
:10FF8800000000000203090424EB006000000000E8
:10FF980003030904908E0020000000000000000008
:10FFA80000000000000000003030303030303030C9
:10FFB8003030303030303030303030303030303039
:10FFC80030303030303030300000000000000000A9
:10FFD80028820020288200203082002030820020E1
:10FFE8003882002038820020408200204082002091
:08FFF80048820020488200202D
:02000004600496
:100000005082002050820020588200205882002018
:1000100060820020608200206882002068820020C8
:100020007082002070820020788200207882002078
:100030008082002080820020888200208882002028
:1000400090820020908200209882002098820020D8
:10005000A0820020A0820020A8820020A882002088
:10006000B0820020B0820020B8820020B882002038
:10007000C0820020C0820020C8820020C8820020E8
:10008000D0820020D0820020D8820020D882002098
:10009000E0820020E0820020E8820020E882002048
:1000A000F0820020F0820020F8820020F8820020F8
:1000B00000830020008300200883002008830020A4
:1000C0001083002010830020188300201883002054
:1000D0002083002020830020288300202883002004
:1000E00030830020308300203883002038830020B4
:1000F0004083002040830020488300204883002064
:100100005083002050830020588300205883002013
:1001100060830020608300206883002068830020C3
:100120007083002070830020788300207883002073
:100130008083002080830020888300208883002023
:1001400090830020908300209883002098830020D3
:10015000A0830020A0830020A8830020A883002083
:10016000B0830020B0830020B8830020B883002033
:10017000C0830020C0830020C8830020C8830020E3
:10018000D0830020D0830020D8830020D883002093
:10019000E0830020E0830020E8830020E883002043
:1001A000F0830020F0830020F8830020F8830020F3
:1001B000008400200084002008840020088400209F
:1001C000108400201084002018840020188400204F
:1001D00020840020208400202884002028840020FF
:1001E00030840020308400203884002038840020AF
:1001F000408400204084002048840020488400205F
:10020000508400205084002058840020588400200E
:1002100060840020608400206884002068840020BE
:10022000708400207084002078840020788400206E
:10023000808400208084002088840020888400201E
:1002400090840020908400209884002098840020CE
:10025000A0840020A0840020A8840020A88400207E
:10026000B0840020B0840020B8840020B88400202E
:10027000C0840020C0840020C8840020C8840020DE
:10028000D0840020D0840020D8840020D88400208E
:10029000E0840020E0840020E8840020E88400203E
:1002A000F0840020F0840020F8840020F8840020EE
:1002B000008500200085002008850020088500209A
:1002C000108500201085002018850020188500204A
:1002D00020850020208500202885002028850020FA
:1002E00030850020308500203885002038850020AA
:1002F000408500204085002048850020488500205A
:100300005085002050850020588500205885002009
:1003100060850020608500206885002068850020B9
:100320007085002070850020788500207885002069
:100330008085002080850020888500208885002019
:1003400090850020908500209885002098850020C9
:10035000A0850020A0850020A8850020A885002079
:10036000B0850020B0850020B8850020B885002029
:10037000C0850020C0850020C8850020C8850020D9
:10038000D0850020D0850020D8850020D885002089
:10039000E0850020E0850020E8850020E885002039
:1003A000F0850020F0850020F8850020F8850020E9
:1003B0000086002000860020088600200886002095
:1003C0001086002010860020188600201886002045
:1003D00020860020208600200000000084C100202C
:1003E000ECC1002054C2002000000000000000000A
:1003F00000000000000000000000000000000000FD
:1004000000000000000000000000000000000000EC
:1004100000000000000000000000000000000000DC
:1004200000000000000000000000000000000000CC
:1004300000000000000000000000000000000000BC
:1004400000000000000000000000000000000000AC
:10045000000000000000000000000000000000009C
:10046000000000000000000000000000000000008C
:1004700001000000000000000E33CDAB34126DE629
:10048000ECDE05000B000000000000000000000092
:10049000000000000000000000000000000000005C
:1004A000000000000000000000000000000000004C
:1004B000000000000000000000000000000000003C
:1004C000000000000000000000000000000000002C
:1004D000000000000000000000000000000000001C
:1004E000000000000000000000000000000000000C
:1004F00000000000000000000000000000000000FC
:1005000000000000000000000000000000000000EB
:1005100000000000000000000000000000000000DB
:1005200000000000000000000000000000000000CB
:1005300000000000000000000000000000000000BB
:1005400000000000000000000000000000000000AB
:10055000000000000000000000000000000000009B
:10056000000000000000000000000000000000008B
:10057000000000000000000000000000000000007B
:10058000000000000000000000000000000000006B
:10059000000000000000000000000000000000005B
:1005A000000000000000000000000000000000004B
:1005B000000000000000000000000000000000003B
:1005C000000000000000000000000000000000002B
:1005D000000000000000000000000000000000001B
:1005E000E803000000000000000000000000000020
:1005F00000000000000000000000000000000000FB
:1006000000000000000000000000000000000000EA
:1006100000000000000000000000000000000000DA
:10062000E8030000000000000000000000000000DF
:1006300000000000000000000000000000000000BA
:1006400000000000000000000000000000000000AA
:10065000000000000000000000000000000000009A
:10066000E80300000000000000000000000000009F
:10067000000000000000000000000000000000007A
:10068000000000000000000000000000000000006A
:10069000000000000000000000000000000000005A
:1006A000E80300000000000000000000000000005F
:1006B000000000000000000000000000000000003A
:1006C000000000000000000000000000000000002A
:1006D000000000000000000000000000000000001A
:1006E000E80300000000000000000000000000001F
:1006F00000000000000000000000000000000000FA
:1007000000000000000000000000000000000000E9
:1007100000000000000000000029DE07007B9A179F
:1007200000003A40B4EA0060000000000000000051
:1007300000000000000000000000000000000000B9
:1007400000000000000000000000000000000000A9
:100750000000000000000000000000000000000099
:100760000000000000000000000000000000000089
:1007700000C0394044EA00600000000000000000B2
:100780000000000000000000000000000000000069
:100790000000000000000000000000000000000059
:1007A0000000000000000000000000000000000049
:1007B0000000000000000000000000000000000039
:1007C0001C20002000000000E803000000000000E2
:1007D000FFFFFFFF2C010000FFFFFFFF00000000F4
:1007E000E80300000000003F0000000000000000DF
:1007F0000000000000000000FFFFFFFF01000000FC
:10080000A01F002000000000000000000000000009
:1008100000000000000000000000000000000000D8
:10082000FFFFFFFF44C100208030202000000000B7
:100830004300000000000000000000000000000075
:1008400000000000000000000000000000000000A8
:100850004300000000000000000000000000000055
:100860000000000000000000000000000000000088
:100870004300000000000000000000000000000035
:100880000000000000000000000000000000000068
:100890004300000000000000000000000000000015
:1008A0000000000000000000000000000000000048
:1008B00043000000000000000000000000000000F5
:1008C0000000000000000000000000000000000028
:1008D00043000000000000000000000000000000D5
:1008E0000000000000000000000000000000000008
:1008F00043000000000000000000000000000000B5
:1009000000000000000000000000000000000000E7
:100910004300000000000000000000000000000094
:1009200000000000000000000000000000000000C7
:1009300000000000000000000000000000000000B7
:1009400000000000000000000000000000000000A7
:100950000000000000000000000000000000000097
:100960000000000000000000000000000000000087
:100970000000000000000000000000000000000077
:100980000000000000000000000000000000000067
:100990000000000000000000000000000000000057
:1009A0000000000000000000000000000000000047
:1009B0000000000000000000000000000000000037
:1009C0000000000000000000000000000000000027
:1009D0000000000000000000000000000000000017
:1009E0000000000000000000000000000000000007
:1009F000000000000000000035430200213B02001F
:100A000000000000B87C0020FC0F00207C170020B4
:100A10007C1700207C1700207C1700207C1700200A
:100A20007C1700207C1700207C1700207C170020FA
:100A3000FFFFFFFFFFFFFFFFFFFFFFFFFFFF0000C4
:100A4000010041534349490000000000000000003C
:100A50000000000000000000000000000000000096
:100A6000000041534349490000000000000000001D
:100A70000000000000000000000000000000000076
:100A800000000000FFFFFFFF000002000000000068
:100A90000300000084C10020308600200700000011
:100AA00066000000330000000100000001000000AB
:100AB0000100000001000000010000000100000032
:100AC0000100000001000000010000000100000022
:100AD0000100000001000000010000000100000012
:100AE0000100000012010002EF020140C016830461
:100AF00080020102030100000000000080000000ED
:100B000028000000000104000100000000000000B7
:100B1000020157494E5553420000000000000000FA
:100B2000000000000000000012034D0053004600CA
:100B30005400310030003000F800000008070000C9
:100B4000010000004E657720310000000000000029
:100B50000000000000000000000000000000000095
:100B60000000000000000000000000000000000085
:100B70000000000000000000000000000000000075
:100B80000000000000000000000000000000000065
:100B9000004E6577203200000000000000000000D9
:100BA0000000000000000000000000000000000045
:100BB0000000000000000000000000000000000035
:100BC0000000000000000000000000000000000025
:100BD00000000000000000000000000000004E6562
:100BE000772033000000000000000000000000003B
:100BF00000000000000000000000000000000000F5
:100C000000000000000000000000000000000000E4
:100C100000000000000000000000000000000000D4
:100C20000000000000000000000000000000E1459E
:100C30000000E145010000000C030000000000007E
:100C400000000000000000000000000000000000A4
:100C50004100000082000000E807000029000000B9
:100C60000000000000000000000000000000000084
:100C70000000000000000000000000000000000074
:100C80000000000000000000000000000000000064
:100C90000000000000000000000000000000000054
:100CA0000000000000000000000000000000000044
:100CB0000000000000000000000000000000000034
:100CC0000000000000000000000000000000000024
:100CD0000000000000000000000000000000000014
:100CE0000000000000000000000000000000000004
:100CF00000000000000000000000000000000000F4
:100D000000000000000000000000000000000000E3
:100D100000000000000000000000000000000000D3
:100D200000000000000000000000000000000000C3
:100D300000000000000000000000000000000000B3
:100D400000000000000000000000000000000000A3
:100D50000000000000000000000000000000000093
:100D60000000000000000000000000000000000083
:100D70000000000000000000000000000000000073
:100D80000000000000000000000000000000000063
:100D90000000000000000000000000000000000053
:100DA0000000000000000000000000000000000043
:100DB0000000000000000000000000000000000033
:100DC0000000000000000000000000000000000023
:100DD0000000000000000000000000000000000013
:100DE0000000000000000000000000000000000003
:100DF00000000000000000000000000000000000F3
:100E000000000000000000000000000000000000E2
:100E100000000000000000000000000000000000D2
:100E200000000000000000000000000000000000C2
:100E300000000000000000000000000000000000B2
:100E400000000000000000000000000000000000A2
:100E50000000000000000000000000000000000092
:100E60000000000000000000000000000000000082
:100E70000000000000000000000000000000000072
:100E80000000000000000000000000000000000062
:100E90000000000000000000000000000000000052
:100EA0000000000000000000000000000000000042
:100EB0000000000000000000000000000000000032
:100EC0000000000000000000000000000000000022
:100ED0000000000000000000000000000000000012
:100EE0000000000000000000000000000000000002
:100EF00000000000000000000000000000000000F2
:100F000000000000000000000000000000000000E1
:100F100000000000000000000000000000000000D1
:100F200000000000000000000000000000000000C1
:100F300000000000000000000000000000000000B1
:100F400000000000000000000000000000000000A1
:100F50000000000000000000000000000000000091
:100F60000000000000000000000000000000000081
:100F70000000000000000000000000000000000071
:100F80000000000000000000000000000000000061
:100F90000000000000000000000000000000000051
:100FA0000000000000000000000000000000000041
:100FB0000000000000000000000000000000000031
:100FC0000000000000000000000000000000000021
:100FD0000000000000000000000000000000000011
:100FE0000000000000000000000000000000000001
:100FF00000000000000000000000000000000000F1
:1010000000000000000000000000000000000000E0
:1010100000000000000000000000000000000000D0
:1010200000000000000000000000000000000000C0
:1010300000000000000000000000000000000000B0
:1010400000000000000000000000000000000000A0
:101050000000000000000000000000000000000090
:08106000000000000000000088
:10106800FFFFFFFFFFFFFFFFFFFFFFFFFFFFFFFF88
:10107800FFFFFFFFFFFFFFFFFFFFFFFFFFFFFFFF78
:10108800FFFFFFFFFFFFFFFFFFFFFFFFFFFFFFFF68
:10109800FFFFFFFFFFFFFFFFFFFFFFFFFFFFFFFF58
:1010A800FFFFFFFFFFFFFFFFFFFFFFFFFFFFFFFF48
:1010B800FFFFFFFFFFFFFFFFFFFFFFFFFFFFFFFF38
:1010C800FFFFFFFFFFFFFFFFFFFFFFFFFFFFFFFF28
:1010D800FFFFFFFFFFFFFFFFFFFFFFFFFFFFFFFF18
:1010E800FFFFFFFFFFFFFFFFFFFFFFFFFFFFFFFF08
:1010F800FFFFFFFFFFFFFFFFFFFFFFFFFFFFFFFFF8
:10110800FFFFFFFFFFFFFFFFFFFFFFFFFFFFFFFFE7
:10111800FFFFFFFFFFFFFFFFFFFFFFFFFFFFFFFFD7
:10112800FFFFFFFFFFFFFFFFFFFFFFFFFFFFFFFFC7
:10113800FFFFFFFFFFFFFFFFFFFFFFFFFFFFFFFFB7
:10114800FFFFFFFFFFFFFFFFFFFFFFFFFFFFFFFFA7
:10115800FFFFFFFFFFFFFFFFFFFFFFFFFFFFFFFF97
:10116800FFFFFFFFFFFFFFFFFFFFFFFFFFFFFFFF87
:10117800FFFFFFFFFFFFFFFFFFFFFFFFFFFFFFFF77
:10118800FFFFFFFFFFFFFFFFFFFFFFFFFFFFFFFF67
:10119800FFFFFFFFFFFFFFFFFFFFFFFFFFFFFFFF57
:1011A800FFFFFFFFFFFFFFFFFFFFFFFFFFFFFFFF47
:1011B800FFFFFFFFFFFFFFFFFFFFFFFFFFFFFFFF37
:1011C800FFFFFFFFFFFFFFFFFFFFFFFFFFFFFFFF27
:1011D800FFFFFFFFFFFFFFFFFFFFFFFFFFFFFFFF17
:1011E800FFFFFFFFFFFFFFFFFFFFFFFFFFFFFFFF07
:1011F800FFFFFFFFFFFFFFFFFFFFFFFFFFFFFFFFF7
:10120800FFFFFFFFFFFFFFFFFFFFFFFFFFFFFFFFE6
:10121800FFFFFFFFFFFFFFFFFFFFFFFFFFFFFFFFD6
:10122800FFFFFFFFFFFFFFFFFFFFFFFFFFFFFFFFC6
:10123800FFFFFFFFFFFFFFFFFFFFFFFFFFFFFFFFB6
:10124800FFFFFFFFFFFFFFFFFFFFFFFFFFFFFFFFA6
:10125800FFFFFFFFFFFFFFFFFFFFFFFFFFFFFFFF96
:10126800FFFFFFFFFFFFFFFFFFFFFFFFFFFFFFFF86
:10127800FFFFFFFFFFFFFFFFFFFFFFFFFFFFFFFF76
:10128800FFFFFFFFFFFFFFFFFFFFFFFFFFFFFFFF66
:10129800FFFFFFFFFFFFFFFFFFFFFFFFFFFFFFFF56
:1012A800FFFFFFFFFFFFFFFFFFFFFFFFFFFFFFFF46
:1012B800FFFFFFFFFFFFFFFFFFFFFFFFFFFFFFFF36
:1012C800FFFFFFFFFFFFFFFFFFFFFFFFFFFFFFFF26
:1012D800FFFFFFFFFFFFFFFFFFFFFFFFFFFFFFFF16
:1012E800FFFFFFFFFFFFFFFFFFFFFFFFFFFFFFFF06
:1012F800FFFFFFFFFFFFFFFFFFFFFFFFFFFFFFFFF6
:10130800FFFFFFFFFFFFFFFFFFFFFFFFFFFFFFFFE5
:10131800FFFFFFFFFFFFFFFFFFFFFFFFFFFFFFFFD5
:10132800FFFFFFFFFFFFFFFFFFFFFFFFFFFFFFFFC5
:10133800FFFFFFFFFFFFFFFFFFFFFFFFFFFFFFFFB5
:10134800FFFFFFFFFFFFFFFFFFFFFFFFFFFFFFFFA5
:10135800FFFFFFFFFFFFFFFFFFFFFFFFFFFFFFFF95
:10136800FFFFFFFFFFFFFFFFFFFFFFFFFFFFFFFF85
:10137800FFFFFFFFFFFFFFFFFFFFFFFFFFFFFFFF75
:10138800FFFFFFFFFFFFFFFFFFFFFFFFFFFFFFFF65
:10139800FFFFFFFFFFFFFFFFFFFFFFFFFFFFFFFF55
:1013A800FFFFFFFFFFFFFFFFFFFFFFFFFFFFFFFF45
:1013B800FFFFFFFFFFFFFFFFFFFFFFFFFFFFFFFF35
:1013C800FFFFFFFFFFFFFFFFFFFFFFFFFFFFFFFF25
:1013D800FFFFFFFFFFFFFFFFFFFFFFFFFFFFFFFF15
:1013E800FFFFFFFFFFFFFFFFFFFFFFFFFFFFFFFF05
:1013F800FFFFFFFFFFFFFFFF0000000000000000ED
:1014080000000000000000000000000000000000D4
:1014180000000000000000000000000000000000C4
:1014280000000000000000000000000000000000B4
:1014380000000000000000000000000000000000A4
:101448000000000000000000000000000000000094
:101458000000000000000000000000000000000084
:101468000000000000000000000000000000000074
:101478000000000000000000000000000000000064
:101488000000000000000000000000000000000054
:101498000000000000000000000000000000000044
:1014A8000000000000000000000000000000000034
:1014B8000000000000000000000000000000000024
:1014C8000000000000000000000000000000000014
:1014D8000000000000000000000000000000000004
:1014E80000000000000000000000000000000000F4
:1014F80000000000000000000000000000000000E4
:1015080000000000000000000000000000000000D3
:1015180000000000000000000000000000000000C3
:1015280000000000000000000000000000000000B3
:1015380000000000000000000000000000000000A3
:101548000000000000000000000000000000000093
:101558000000000000000000000000000000000083
:101568000000000000000000000000000000000073
:101578000000000000000000000000000000000063
:101588000000000000000000000000000000000053
:101598000000000000000000000000000000000043
:1015A8000000000000000000000000000000000033
:1015B8000000000000000000000000000000000023
:1015C8000000000000000000000000000000000013
:1015D8000000000000000000000000000000000003
:1015E80000000000000000000000000000000000F3
:1015F80000000000000000000000000000000000E3
:1016080000000000000000000000000000000000D2
:1016180000000000000000000000000000000000C2
:1016280000000000000000000000000000000000B2
:1016380000000000000000000000000000000000A2
:101648000000000000000000000000000000000092
:101658000000000000000000000000000000000082
:101668000000000000000000000000000000000072
:101678000000000000000000000000000000000062
:101688000000000000000000000000000000000052
:101698000000000000000000000000000000000042
:1016A8000000000000000000000000000000000032
:1016B8000000000000000000000000000000000022
:1016C8000000000000000000000000000000000012
:1016D8000000000000000000000000000000000002
:1016E80000000000000000000000000000000000F2
:1016F80000000000000000000000000000000000E2
:1017080000000000000000000000000000000000D1
:1017180000000000000000000000000000000000C1
:1017280000000000000000000000000000000000B1
:1017380000000000000000000000000000000000A1
:101748000000000000000000000000000000000091
:101758000000000000000000000000000000000081
:101768000000000000000000000000000000000071
:101778000000000000000000000000000000000061
:101788000000000000000000000000000000000051
:101798000000000000000000000000000000000041
:1017A8000000000000000000000000000000000031
:1017B8000000000000000000000000000000000021
:1017C8000000000000000000000000000000000011
:1017D8000000000000000000000000000000000001
:1017E80000000000000000000000000000000000F1
:1017F80000000000000000000000000000000000E1
:1018080000000000000000000000000000000000D0
:1018180000000000000000000000000000000000C0
:1018280000000000000000000000000000000000B0
:1018380000000000000000000000000000000000A0
:101848000000000000000000000000000000000090
:101858000000000000000000000000000000000080
:101868000000000000000000000000000000000070
:101878000000000000000000000000000000000060
:101888000000000000000000000000000000000050
:101898000000000000000000000000000000000040
:1018A8000000000000000000000000000000000030
:1018B8000000000000000000000000000000000020
:1018C8000000000000000000000000000000000010
:1018D8000000000000000000000000000000000000
:1018E80000000000000000000000000000000000F0
:1018F80000000000000000000000000000000000E0
:1019080000000000000000000000000000000000CF
:1019180000000000000000000000000000000000BF
:1019280000000000000000000000000000000000AF
:10193800000000000000000000000000000000009F
:10194800000000000000000000000000000000008F
:10195800000000000000000000000000000000007F
:10196800000000000000000000000000000000006F
:10197800000000000000000000000000000000005F
:10198800000000000000000000000000000000004F
:10199800000000000000000000000000000000003F
:1019A800000000000000000000000000000000002F
:1019B800000000000000000000000000000000001F
:1019C800000000000000000000000000000000000F
:1019D80000000000000000000000000000000000FF
:1019E80000000000000000000000000000000000EF
:1019F80000000000000000000000000000000000DF
:101A080000000000000000000000000000000000CE
:101A180000000000000000000000000000000000BE
:101A280000000000000000000000000000000000AE
:101A3800000000000000000000000000000000009E
:101A4800000000000000000000000000000000008E
:101A5800000000000000000000000000000000007E
:101A6800000000000000000000000000000000006E
:101A7800000000000000000000000000000000005E
:101A8800000000000000000000000000000000004E
:101A9800000000000000000000000000000000003E
:101AA800000000000000000000000000000000002E
:101AB800000000000000000000000000000000001E
:101AC800000000000000000000000000000000000E
:101AD80000000000000000000000000000000000FE
:101AE80000000000000000000000000000000000EE
:101AF80000000000000000000000000000000000DE
:101B080000000000000000000000000000000000CD
:101B180000000000000000000000000000000000BD
:101B280000000000000000000000000000000000AD
:101B3800000000000000000000000000000000009D
:101B4800000000000000000000000000000000008D
:101B5800000000000000000000000000000000007D
:101B6800000000000000000000000000000000006D
:101B7800000000000000000000000000000000005D
:101B8800000000000000000000000000000000004D
:101B9800000000000000000000000000000000003D
:101BA800000000000000000000000000000000002D
:101BB800000000000000000000000000000000001D
:101BC800000000000000000000000000000000000D
:101BD80000000000000000000000000000000000FD
:101BE80000000000000000000000000000000000ED
:101BF80000000000000000000000000000000000DD
:101C080000000000000000000000000000000000CC
:101C180000000000000000000000000000000000BC
:101C280000000000000000000000000000000000AC
:101C3800000000000000000000000000000000009C
:101C4800000000000000000000000000000000008C
:101C5800000000000000000000000000000000007C
:101C6800000000000000000000000000000000006C
:101C7800000000000000000000000000000000005C
:101C8800000000000000000000000000000000004C
:101C9800000000000000000000000000000000003C
:101CA800000000000000000000000000000000002C
:101CB800000000000000000000000000000000001C
:101CC800000000000000000000000000000000000C
:101CD80000000000000000000000000000000000FC
:101CE80000000000000000000000000000000000EC
:101CF80000000000000000000000000000000000DC
:101D080000000000000000000000000000000000CB
:101D180000000000000000000000000000000000BB
:101D280000000000000000000000000000000000AB
:101D3800000000000000000000000000000000009B
:101D4800000000000000000000000000000000008B
:101D5800000000000000000000000000000000007B
:101D6800000000000000000000000000000000006B
:101D7800000000000000000000000000000000005B
:101D8800000000000000000000000000000000004B
:101D9800000000000000000000000000000000003B
:101DA800000000000000000000000000000000002B
:101DB800000000000000000000000000000000001B
:101DC800000000000000000000000000000000000B
:101DD80000000000000000000000000000000000FB
:101DE80000000000000000000000000000000000EB
:101DF80000000000000000000000000000000000DB
:101E080000000000000000000000000000000000CA
:101E180000000000000000000000000000000000BA
:101E280000000000000000000000000000000000AA
:101E3800000000000000000000000000000000009A
:101E4800000000000000000000000000000000008A
:101E5800000000000000000000000000000000007A
:101E6800000000000000000000000000000000006A
:101E7800000000000000000000000000000000005A
:101E8800000000000000000000000000000000004A
:101E9800000000000000000000000000000000003A
:101EA800000000000000000000000000000000002A
:101EB800000000000000000000000000000000001A
:101EC800000000000000000000000000000000000A
:101ED80000000000000000000000000000000000FA
:101EE80000000000000000000000000000000000EA
:101EF80000000000000000000000000000000000DA
:101F080000000000000000000000000000000000C9
:101F180000000000000000000000000000000000B9
:101F280000000000000000000000000000000000A9
:101F38000000000000000000000000000000000099
:101F48000000000000000000000000000000000089
:101F58000000000000000000000000000000000079
:101F68000000000000000000000000000000000069
:101F78000000000000000000000000000000000059
:101F88000000000000000000000000000000000049
:101F98000000000000000000000000000000000039
:101FA8000000000000000000000000000000000029
:101FB8000000000000000000000000000000000019
:101FC8000000000000000000000000000000000009
:101FD80000000000000000000000000000000000F9
:101FE80000000000000000000000000000000000E9
:081FF8000000000000000000E1
:040000056000100087
:00000001FF
